,GPSTime,Imagef,Northing,Easting,Altitude,Site,Date,DateTime,Time,RH,AirTemp,Dewpoint_C,Leaf_Wet_Perc,Srad_mJ,Eto_mm,Absolute_RH_gm3,Specific_RH_gkg
0,197584.887,cam1-000-000000-0,7299203.669478981,375818.0238789399,339.44921875,BuffaloCamp100m,2020-01-21,2020-01-21 08:53:04.887,08:53:04,63.57654583333335,25.103974416666663,17.703876333333334,0.0,2.7538763333333316,0.508469083333333,15.108488699999999,14.125029425
1,197587.957,cam1-000-000001-0,7299181.69320293,375797.94496821496,345.72802734375,BuffaloCamp100m,2020-01-21,2020-01-21 08:53:07.957,08:53:07,63.572281944444455,25.105424138888885,17.704217444444446,0.0,2.7542174444444436,0.508554361111111,15.1087957,14.125362008333333
2,197590.893,cam1-000-000002-0,7299159.863607682,375779.17897183343,351.498046875,BuffaloCamp100m,2020-01-21,2020-01-21 08:53:10.893,08:53:10,63.56820416666665,25.10681058333334,17.70454366666667,0.0,2.7545436666666676,0.508635916666667,15.1090893,14.125680075000002
3,197593.963,cam1-000-000003-0,7299134.700701582,375758.7805419082,357.3903503417969,BuffaloCamp100m,2020-01-21,2020-01-21 08:53:13.963,08:53:13,63.563940277777796,25.10826030555555,17.704884777777778,0.0,2.7548847777777765,0.5087211944444442,15.109396299999998,14.126012658333332
4,197596.899,cam1-000-000004-0,7299110.126992508,375738.17018728884,362.71502685546875,BuffaloCamp100m,2020-01-21,2020-01-21 08:53:16.899,08:53:16,63.559862499999994,25.109646750000003,17.705211000000002,0.0,2.7552110000000005,0.5088027500000002,15.109689900000001,14.126330725
5,197599.969,cam1-000-000005-0,7299084.916227208,375709.88968840183,368.3365173339844,BuffaloCamp100m,2020-01-21,2020-01-21 08:53:19.969,08:53:19,63.555598611111094,25.11109647222223,17.705552111111114,0.0,2.755552111111112,0.5088880277777781,15.109996900000002,14.126663308333335
6,197602.905,cam1-000-000006-0,7299063.094125029,375680.93331679254,373.854248046875,BuffaloCamp100m,2020-01-21,2020-01-21 08:53:22.905,08:53:22,63.551520833333335,25.112482916666668,17.705878333333334,0.0,2.755878333333333,0.5089695833333333,15.1102905,14.126981375
7,197605.975,cam1-000-000007-0,7299040.10876693,375650.15312890377,377.8646240234375,BuffaloCamp100m,2020-01-21,2020-01-21 08:53:25.975,08:53:25,63.547256944444435,25.113932638888894,17.706219444444447,0.0,2.756219444444445,0.5090548611111113,15.1105975,14.127313958333334
8,197608.911,cam1-000-000008-0,7299019.205173077,375621.58482616744,377.1975402832031,BuffaloCamp100m,2020-01-21,2020-01-21 08:53:28.911,08:53:28,63.543179166666675,25.11531908333333,17.706545666666667,0.0,2.756545666666666,0.5091364166666665,15.1108911,14.127632024999999
9,197611.981,cam1-000-000009-0,7298999.086260565,375592.0609666768,376.99700927734375,BuffaloCamp100m,2020-01-21,2020-01-21 08:53:31.981,08:53:31,63.538915277777775,25.116768805555555,17.70688677777778,0.0,2.7568867777777775,0.5092216944444444,15.1111981,14.127964608333333
10,197614.917,cam1-000-000010-0,7298979.508100499,375563.90530526615,376.814697265625,BuffaloCamp100m,2020-01-21,2020-01-21 08:53:34.917,08:53:34,63.534837500000016,25.118155249999994,17.707213,0.0,2.7572129999999984,0.5093032499999997,15.111491699999998,14.128282674999998
11,197617.853,cam1-000-000011-0,7298959.766406573,375535.80417223735,376.7588195800781,BuffaloCamp100m,2020-01-21,2020-01-21 08:53:37.853,08:53:37,63.530759722222214,25.119541694444447,17.707539222222223,0.0,2.7575392222222224,0.5093848055555557,15.111785300000001,14.128600741666666
12,197620.923,cam1-000-000012-0,7298939.346058025,375507.56905095716,376.72161865234375,BuffaloCamp100m,2020-01-21,2020-01-21 08:53:40.923,08:53:40,63.52649583333332,25.120991416666673,17.707880333333335,0.0,2.7578803333333344,0.5094700833333337,15.1120923,14.128933325
13,197623.859,cam1-000-000013-0,7298913.860410329,375488.98331567773,376.7747802734375,BuffaloCamp100m,2020-01-21,2020-01-21 08:53:43.859,08:53:43,63.52241805555556,25.12237786111111,17.708206555555556,0.0,2.758206555555555,0.5095516388888888,15.1123859,14.129251391666665
14,197626.929,cam1-000-000014-0,7298883.242864046,375470.9049400293,376.87945556640625,BuffaloCamp100m,2020-01-21,2020-01-21 08:53:46.929,08:53:46,63.51815416666666,25.123827583333338,17.708547666666668,0.0,2.758547666666667,0.5096369166666668,15.1126929,14.129583975000001
15,197630.933,cam1-000-000015-0,7298858.082863394,375430.4388559264,376.8936767578125,BuffaloCamp100m,2020-01-21,2020-01-21 08:53:50.933,08:53:50,63.51259305555557,25.125718361111108,17.708992555555554,0.0,2.758992555555554,0.5097481388888886,15.1130933,14.130017741666666
16,197632.935,cam1-000-000016-0,7298848.92862001,375408.27653925074,376.84033203125,BuffaloCamp100m,2020-01-21,2020-01-21 08:53:52.935,08:53:52,63.5098125,25.12666375,17.709215,0.0,2.7592149999999998,0.5098037499999999,15.1132935,14.130234625
17,197635.871,cam1-000-000017-0,7298837.190151328,375378.95047686,376.8696594238281,BuffaloCamp100m,2020-01-21,2020-01-21 08:53:55.871,08:53:55,63.5057347222222,25.12805019444445,17.709541222222224,0.0,2.7595412222222238,0.5098853055555559,15.113587100000002,14.130552691666669
18,197638.941,cam1-000-000018-0,7298824.975824006,375350.28326765937,376.86053466796875,BuffaloCamp100m,2020-01-21,2020-01-21 08:53:58.941,08:53:58,63.50147083333334,25.129499916666663,17.709882333333333,0.0,2.759882333333332,0.5099705833333331,15.1138941,14.130885274999999
19,197641.877,cam1-000-000019-0,7298812.9048084365,375322.78640637314,376.8438415527344,BuffaloCamp100m,2020-01-21,2020-01-21 08:54:01.877,08:54:01,63.49739305555555,25.130886361111116,17.710208555555557,0.0,2.760208555555556,0.5100521388888891,15.1141877,14.131203341666668
20,197644.947,cam1-000-000020-0,7298805.060214307,375291.79934566893,376.85205078125,BuffaloCamp100m,2020-01-21,2020-01-21 08:54:04.947,08:54:04,63.493129166666684,25.13233608333333,17.710549666666665,0.0,2.760549666666665,0.5101374166666662,15.114494699999998,14.131535924999998
21,197647.883,cam1-000-000021-0,7298801.454104079,375261.45378376695,376.8601989746094,BuffaloCamp100m,2020-01-21,2020-01-21 08:54:07.883,08:54:07,63.48905138888889,25.133722527777778,17.71087588888889,0.0,2.760875888888889,0.5102189722222222,15.1147883,14.131853991666667
22,197652.688,cam1-000-000022-0,7298807.378639696,375241.9312504682,376.5396423339844,BuffaloCamp100m,2020-01-21,2020-01-21 08:54:12.688,08:54:12,63.482377777777785,25.135991555555552,17.711409777777778,0.0,2.761409777777777,0.5103524444444443,15.115268799999999,14.132374533333333
23,197653.889,cam1-000-000023-0,7298810.884043833,375248.55147417745,376.4782409667969,BuffaloCamp100m,2020-01-21,2020-01-21 08:54:13.889,08:54:13,63.48070972222223,25.136558694444442,17.71154322222222,0.0,2.7615432222222216,0.5103858055555555,15.1153889,14.132504641666666
24,197656.959,cam1-000-000024-0,7298825.050170142,375272.1722235812,376.2763977050781,BuffaloCamp100m,2020-01-21,2020-01-21 08:54:16.959,08:54:16,63.47644583333333,25.13800841666667,17.711884333333334,0.0,2.7618843333333336,0.5104710833333335,15.1156959,14.132837225
25,197661.763,cam1-000-000025-0,7298827.366848088,375277.9099336331,375.9465026855469,BuffaloCamp100m,2020-01-21,2020-01-21 08:54:21.763,08:54:21,63.4697736111111,25.140276972222225,17.712418111111113,0.0,2.7624181111111117,0.510604527777778,15.116176300000001,14.133357658333335
26,197662.965,cam1-000-000026-0,7298826.71971144,375282.9071532706,375.9023742675781,BuffaloCamp100m,2020-01-21,2020-01-21 08:54:22.965,08:54:22,63.46810416666667,25.140844583333333,17.712551666666666,0.0,2.762551666666666,0.5106379166666666,15.1162965,14.133487875
27,197665.901,cam1-000-000027-0,7298826.8509896,375305.56746124616,375.92047119140625,BuffaloCamp100m,2020-01-21,2020-01-21 08:54:25.901,08:54:25,63.46402638888887,25.142231027777786,17.71287788888889,0.0,2.76287788888889,0.5107194722222226,15.116590100000002,14.133805941666669
28,197668.971,cam1-000-000028-0,7298827.850822959,375330.5339587368,375.91900634765625,BuffaloCamp100m,2020-01-21,2020-01-21 08:54:28.971,08:54:28,63.45976250000001,25.143680749999998,17.713219,0.0,2.7632189999999985,0.5108047499999997,15.1168971,14.134138525
29,197671.907,cam1-000-000029-0,7298828.002267543,375352.2625197066,375.880126953125,BuffaloCamp100m,2020-01-21,2020-01-21 08:54:31.907,08:54:31,63.455684722222216,25.145067194444447,17.713545222222223,0.0,2.7635452222222225,0.5108863055555557,15.1171907,14.134456591666668
30,197674.977,cam1-000-000030-0,7298828.028634204,375376.07648092165,375.7908020019531,BuffaloCamp100m,2020-01-21,2020-01-21 08:54:34.977,08:54:34,63.451420833333316,25.146516916666673,17.713886333333335,0.0,2.7638863333333346,0.5109715833333337,15.117497700000001,14.134789175000002
31,197677.913,cam1-000-000031-0,7298828.228942802,375399.33352680417,375.7076110839844,BuffaloCamp100m,2020-01-21,2020-01-21 08:54:37.913,08:54:37,63.44734305555556,25.147903361111112,17.714212555555555,0.0,2.7642125555555555,0.5110531388888889,15.1177913,14.135107241666667
32,197680.983,cam1-000-000032-0,7298828.562860813,375423.97243155097,375.6313171386719,BuffaloCamp100m,2020-01-21,2020-01-21 08:54:40.983,08:54:40,63.44307916666666,25.149353083333338,17.714553666666667,0.0,2.7645536666666675,0.5111384166666669,15.118098300000002,14.135439825
33,197683.919,cam1-000-000033-0,7298828.604983822,375447.3573530711,375.56060791015625,BuffaloCamp100m,2020-01-21,2020-01-21 08:54:43.919,08:54:43,63.4390013888889,25.150739527777777,17.714879888888888,0.0,2.764879888888888,0.511219972222222,15.118391899999999,14.135757891666666
34,197686.988,cam1-000-000034-0,7298828.910697803,375472.16374723834,375.5813903808594,BuffaloCamp100m,2020-01-21,2020-01-21 08:54:46.988,08:54:46,63.43473888888887,25.152188777777784,17.71522088888889,0.0,2.76522088888889,0.5113052222222225,15.1186988,14.136090366666668
35,197689.925,cam1-000-000035-0,7298828.95247039,375495.54310295195,375.5762634277344,BuffaloCamp100m,2020-01-21,2020-01-21 08:54:49.925,08:54:49,63.43065972222224,25.15357569444444,17.71554722222222,0.0,2.765547222222221,0.5113868055555553,15.1189925,14.136408541666665
36,197692.994,cam1-000-000036-0,7298828.976196685,375519.6900356435,375.409912109375,BuffaloCamp100m,2020-01-21,2020-01-21 08:54:52.994,08:54:52,63.426397222222214,25.15502494444445,17.715888222222222,0.0,2.7658882222222227,0.5114720555555557,15.119299400000001,14.136741016666667
37,197695.931,cam1-000-000037-0,7298829.167422734,375543.1119578508,375.41558837890625,BuffaloCamp100m,2020-01-21,2020-01-21 08:54:55.931,08:54:55,63.422318055555536,25.156411861111117,17.716214555555556,0.0,2.766214555555557,0.5115536388888893,15.119593100000001,14.137059191666667
38,197698.867,cam1-000-000038-0,7298829.465098522,375566.84487687337,375.3826599121094,BuffaloCamp100m,2020-01-21,2020-01-21 08:54:58.867,08:54:58,63.418240277777784,25.157798305555556,17.716540777777777,0.0,2.7665407777777773,0.5116351944444444,15.1198867,14.137377258333332
39,197701.937,cam1-000-000039-0,7298829.615624307,375591.62783593085,375.3470458984375,BuffaloCamp100m,2020-01-21,2020-01-21 08:55:01.937,08:55:01,63.413976388888884,25.15924802777778,17.71688188888889,0.0,2.7668818888888893,0.5117204722222224,15.120193700000002,14.137709841666666
40,197704.873,cam1-000-000040-0,7298830.207158009,375614.635415224,375.3380432128906,BuffaloCamp100m,2020-01-21,2020-01-21 08:55:04.873,08:55:04,63.409898611111124,25.16063447222222,17.71720811111111,0.0,2.76720811111111,0.5118020277777776,15.120487299999999,14.138027908333333
41,197707.943,cam1-000-000041-0,7298830.1392607195,375639.32142490166,375.32794189453125,BuffaloCamp100m,2020-01-21,2020-01-21 08:55:07.943,08:55:07,63.405634722222224,25.162084194444446,17.71754922222222,0.0,2.7675492222222218,0.5118873055555555,15.1207943,14.138360491666667
42,197710.879,cam1-000-000042-0,7298830.326828206,375662.9768089368,375.3143310546875,BuffaloCamp100m,2020-01-21,2020-01-21 08:55:10.879,08:55:10,63.401556944444465,25.16347063888888,17.71787544444444,0.0,2.7678754444444427,0.5119688611111107,15.1210879,14.138678558333332
43,197713.949,cam1-000-000043-0,7298830.24900673,375687.06200043403,375.2931823730469,BuffaloCamp100m,2020-01-21,2020-01-21 08:55:13.949,08:55:13,63.397293055555565,25.164920361111108,17.718216555555554,0.0,2.7682165555555547,0.5120541388888887,15.1213949,14.139011141666666
44,197716.885,cam1-000-000044-0,7298830.751866737,375710.4592847665,375.25982666015625,BuffaloCamp100m,2020-01-21,2020-01-21 08:55:16.885,08:55:16,63.39321527777776,25.16630680555556,17.718542777777778,0.0,2.7685427777777787,0.5121356944444447,15.121688500000001,14.139329208333335
45,197719.955,cam1-000-000045-0,7298831.207940855,375735.1616795676,375.3547058105469,BuffaloCamp100m,2020-01-21,2020-01-21 08:55:19.955,08:55:19,63.388951388888906,25.167756527777772,17.718883888888886,0.0,2.768883888888887,0.5122209722222218,15.121995499999999,14.139661791666665
46,197722.891,cam1-000-000046-0,7298831.354718804,375758.7279687639,375.29248046875,BuffaloCamp100m,2020-01-21,2020-01-21 08:55:22.891,08:55:22,63.384873611111104,25.169142972222225,17.71921011111111,0.0,2.769210111111111,0.5123025277777778,15.1222891,14.139979858333334
47,197725.961,cam1-000-000047-0,7298831.402448169,375783.4221544042,375.26214599609375,BuffaloCamp100m,2020-01-21,2020-01-21 08:55:25.961,08:55:25,63.38060972222221,25.17059269444445,17.719551222222222,0.0,2.769551222222223,0.5123878055555559,15.1225961,14.140312441666667
48,197728.897,cam1-000-000048-0,7298831.822553481,375806.78391172056,375.1948547363281,BuffaloCamp100m,2020-01-21,2020-01-21 08:55:28.897,08:55:28,63.37653194444445,25.171979138888886,17.719877444444442,0.0,2.769877444444444,0.5124693611111111,15.1228897,14.140630508333333
49,197731.966,cam1-000-000049-0,7298832.067770111,375830.87391641946,375.2360534667969,BuffaloCamp100m,2020-01-21,2020-01-21 08:55:31.966,08:55:31,63.37226944444446,25.173428388888883,17.72021844444444,0.0,2.770218444444443,0.5125546111111108,15.123196599999998,14.140962983333331
50,197734.903,cam1-000-000050-0,7298832.109158492,375854.2030855783,375.2695007324219,BuffaloCamp100m,2020-01-21,2020-01-21 08:55:34.903,08:55:34,63.36819027777779,25.17481530555555,17.72054477777778,0.0,2.7705447777777765,0.5126361944444442,15.1234903,14.141281158333332
51,197737.972,cam1-000-000051-0,7298832.292339484,375879.1857491202,375.330322265625,BuffaloCamp100m,2020-01-21,2020-01-21 08:55:37.972,08:55:37,63.36392777777777,25.176264555555562,17.720885777777777,0.0,2.7708857777777784,0.5127214444444447,15.1237972,14.141613633333334
52,197740.909,cam1-000-000052-0,7298832.633394163,375902.5059533545,375.3989562988281,BuffaloCamp100m,2020-01-21,2020-01-21 08:55:40.909,08:55:40,63.35984861111109,25.17765147222223,17.721212111111114,0.0,2.7712121111111125,0.5128030277777782,15.124090900000002,14.141931808333334
53,197743.978,cam1-000-000053-0,7298832.931296061,375927.1347968315,375.4596862792969,BuffaloCamp100m,2020-01-21,2020-01-21 08:55:43.978,08:55:43,63.35558611111111,25.179100722222223,17.72155311111111,0.0,2.7715531111111114,0.5128882777777779,15.1243978,14.142264283333333
54,197746.915,cam1-000-000054-0,7298833.077944359,375950.63672026974,375.40972900390625,BuffaloCamp100m,2020-01-21,2020-01-21 08:55:46.915,08:55:46,63.35150694444443,25.180487638888895,17.721879444444447,0.0,2.771879444444445,0.5129698611111113,15.1246915,14.142582458333335
55,197749.984,cam1-000-000055-0,7298833.149186852,375974.8599422601,375.3338928222656,BuffaloCamp100m,2020-01-21,2020-01-21 08:55:49.984,08:55:49,63.34724444444445,25.181936888888888,17.722220444444446,0.0,2.772220444444444,0.513055111111111,15.124998399999999,14.142914933333333
56,197752.921,cam1-000-000056-0,7298833.2009193525,375998.47532460064,375.3457946777344,BuffaloCamp100m,2020-01-21,2020-01-21 08:55:52.921,08:55:52,63.34316527777777,25.183323805555556,17.72254677777778,0.0,2.772546777777778,0.5131366944444445,15.125292100000001,14.143233108333334
57,197755.99,cam1-000-000057-0,7298833.674754329,376023.0732599945,375.32806396484375,BuffaloCamp100m,2020-01-21,2020-01-21 08:55:55.990,08:55:55,63.33890277777779,25.184773055555553,17.72288777777778,0.0,2.7728877777777767,0.5132219444444442,15.125599,14.143565583333332
58,197758.927,cam1-000-000058-0,7298834.002761619,376046.5925847305,375.4090270996094,BuffaloCamp100m,2020-01-21,2020-01-21 08:55:58.927,08:55:58,63.33482361111112,25.18615997222222,17.723214111111112,0.0,2.7732141111111104,0.5133035277777777,15.1258927,14.143883758333333
59,197761.863,cam1-000-000059-0,7298834.253620748,376070.0564466477,375.422607421875,BuffaloCamp100m,2020-01-21,2020-01-21 08:56:01.863,08:56:01,63.33074583333332,25.187546416666674,17.723540333333336,0.0,2.7735403333333344,0.5133850833333337,15.126186300000002,14.144201825000001
60,197764.933,cam1-000-000060-0,7298834.3326601405,376094.85435514327,375.4609680175781,BuffaloCamp100m,2020-01-21,2020-01-21 08:56:04.933,08:56:04,63.32648194444446,25.188996138888886,17.723881444444444,0.0,2.7738814444444433,0.5134703611111109,15.1264933,14.144534408333332
61,197767.869,cam1-000-000061-0,7298834.493548258,376118.34839212405,375.5108337402344,BuffaloCamp100m,2020-01-21,2020-01-21 08:56:07.869,08:56:07,63.32240416666666,25.19038258333334,17.72420766666667,0.0,2.7742076666666673,0.5135519166666669,15.1267869,14.144852475
62,197770.938,cam1-000-000062-0,7298834.538212081,376142.36246202106,375.5029602050781,BuffaloCamp100m,2020-01-21,2020-01-21 08:56:10.938,08:56:10,63.318141666666676,25.19183183333333,17.724548666666667,0.0,2.774548666666666,0.5136371666666666,15.127093799999999,14.145184949999999
63,197773.875,cam1-000-000063-0,7298834.621753065,376165.8980831129,375.5655212402344,BuffaloCamp100m,2020-01-21,2020-01-21 08:56:13.875,08:56:13,63.3140625,25.19321875,17.724875,0.0,2.7748749999999998,0.51371875,15.127387500000001,14.145503125
64,197776.944,cam1-000-000064-0,7298835.08415233,376190.79723259254,375.6559143066406,BuffaloCamp100m,2020-01-21,2020-01-21 08:56:16.944,08:56:16,63.30980000000002,25.194667999999997,17.725216,0.0,2.7752159999999986,0.5138039999999997,15.1276944,14.145835599999998
65,197779.881,cam1-000-000065-0,7298835.210218266,376214.28535446944,375.6391906738281,BuffaloCamp100m,2020-01-21,2020-01-21 08:56:19.881,08:56:19,63.30572083333334,25.196054916666665,17.725542333333333,0.0,2.7755423333333327,0.5138855833333331,15.1279881,14.146153774999998
66,197782.95,cam1-000-000066-0,7298835.3820837755,376239.0651023373,375.5460510253906,BuffaloCamp100m,2020-01-21,2020-01-21 08:56:22.950,08:56:22,63.301458333333315,25.197504166666672,17.725883333333336,0.0,2.7758833333333346,0.5139708333333337,15.128295000000001,14.14648625
67,197785.887,cam1-000-000067-0,7298835.445257925,376262.163828958,375.5181579589844,BuffaloCamp100m,2020-01-21,2020-01-21 08:56:25.887,08:56:25,63.29737916666669,25.19889108333333,17.726209666666666,0.0,2.776209666666665,0.5140524166666663,15.1285887,14.146804425
68,197788.956,cam1-000-000068-0,7298835.578309948,376286.5026376073,375.3840637207031,BuffaloCamp100m,2020-01-21,2020-01-21 08:56:28.956,08:56:28,63.29311666666666,25.200340333333337,17.726550666666668,0.0,2.776550666666667,0.5141376666666668,15.128895600000002,14.147136900000001
69,197791.893,cam1-000-000069-0,7298835.994438963,376309.73976007977,375.13134765625,BuffaloCamp100m,2020-01-21,2020-01-21 08:56:31.893,08:56:31,63.289037499999985,25.201727250000005,17.726877,0.0,2.776877000000001,0.5142192500000003,15.129189300000002,14.147455075000002
70,197794.962,cam1-000-000070-0,7298836.5116186645,376334.3551030474,375.06048583984375,BuffaloCamp100m,2020-01-21,2020-01-21 08:56:34.962,08:56:34,63.284775,25.2031765,17.727218,0.0,2.777218,0.5143044999999999,15.1294962,14.14778755
71,197797.899,cam1-000-000071-0,7298836.409821624,376357.9589046292,375.0121765136719,BuffaloCamp100m,2020-01-21,2020-01-21 08:56:37.899,08:56:37,63.280695833333326,25.20456341666667,17.727544333333334,0.0,2.7775443333333336,0.5143860833333335,15.1297899,14.148105725
72,197800.968,cam1-000-000072-0,7298837.559601582,376382.5836386619,374.9179992675781,BuffaloCamp100m,2020-01-21,2020-01-21 08:56:40.968,08:56:40,63.276433333333344,25.206012666666666,17.727885333333333,0.0,2.7778853333333324,0.5144713333333332,15.1300968,14.1484382
73,197803.905,cam1-000-000073-0,7298850.445503558,376401.48487131455,374.97357177734375,BuffaloCamp100m,2020-01-21,2020-01-21 08:56:43.905,08:56:43,63.272354166666666,25.207399583333334,17.728211666666667,0.0,2.7782116666666665,0.5145529166666667,15.1303905,14.148756375
74,197806.974,cam1-000-000074-0,7298873.220528238,376404.7488705961,374.86181640625,BuffaloCamp100m,2020-01-21,2020-01-21 08:56:46.974,08:56:46,63.268091666666685,25.208848833333327,17.728552666666666,0.0,2.7785526666666653,0.5146381666666663,15.130697399999999,14.149088849999998
75,197809.91,cam1-000-000075-0,7298892.161378646,376402.996375767,374.8004150390625,BuffaloCamp100m,2020-01-21,2020-01-21 08:56:49.910,08:56:49,63.26401388888888,25.21023527777778,17.72887888888889,0.0,2.7788788888888893,0.5147197222222223,15.130991,14.149406916666667
76,197812.98,cam1-000-000076-0,7298913.834836092,376400.13667681324,374.6650695800781,BuffaloCamp100m,2020-01-21,2020-01-21 08:56:52.980,08:56:52,63.25974999999998,25.211685000000006,17.72922,0.0,2.779220000000001,0.5148050000000003,15.131298000000001,14.1497395
77,197815.916,cam1-000-000077-0,7298930.278816145,376384.739073588,374.7022399902344,BuffaloCamp100m,2020-01-21,2020-01-21 08:56:55.916,08:56:55,63.25567222222222,25.213071444444445,17.729546222222222,0.0,2.779546222222222,0.5148865555555555,15.1315916,14.150057566666666
78,197818.986,cam1-000-000078-0,7298932.597534372,376363.11466524657,374.7050476074219,BuffaloCamp100m,2020-01-21,2020-01-21 08:56:58.986,08:56:58,63.25140833333333,25.21452116666667,17.729887333333334,0.0,2.779887333333334,0.5149718333333335,15.131898600000001,14.15039015
79,197821.922,cam1-000-000079-0,7298930.9710290395,376342.5722986844,374.7254943847656,BuffaloCamp100m,2020-01-21,2020-01-21 08:57:01.922,08:57:01,63.247330555555564,25.215907611111106,17.730213555555554,0.0,2.7802135555555543,0.5150533888888886,15.132192199999999,14.150708216666665
80,197824.859,cam1-000-000080-0,7298930.860316172,376322.54827644286,374.788330078125,BuffaloCamp100m,2020-01-21,2020-01-21 08:57:04.859,08:57:04,63.24325138888889,25.217294527777778,17.730539888888888,0.0,2.7805398888888884,0.5151349722222222,15.1324859,14.151026391666667
81,197827.928,cam1-000-000081-0,7298931.092681408,376299.81414534757,374.8744812011719,BuffaloCamp100m,2020-01-21,2020-01-21 08:57:07.928,08:57:07,63.23898888888887,25.218743777777785,17.73088088888889,0.0,2.7808808888888903,0.5152202222222226,15.132792800000002,14.151358866666667
82,197830.865,cam1-000-000082-0,7298930.893522199,376276.56287728157,374.91375732421875,BuffaloCamp100m,2020-01-21,2020-01-21 08:57:10.865,08:57:10,63.234909722222234,25.220130694444443,17.73120722222222,0.0,2.781207222222221,0.5153018055555553,15.1330865,14.151677041666666
83,197833.934,cam1-000-000083-0,7298930.692716228,376252.4305630046,375.1380920410156,BuffaloCamp100m,2020-01-21,2020-01-21 08:57:13.934,08:57:13,63.23064722222221,25.22157994444445,17.731548222222223,0.0,2.7815482222222228,0.5153870555555558,15.133393400000001,14.152009516666668
84,197836.871,cam1-000-000084-0,7298930.731595792,376229.0001360784,375.3497009277344,BuffaloCamp100m,2020-01-21,2020-01-21 08:57:16.871,08:57:16,63.22656805555554,25.222966861111118,17.731874555555557,0.0,2.781874555555557,0.5154686388888893,15.133687100000001,14.152327691666668
85,197839.94,cam1-000-000085-0,7298930.634383231,376204.240465911,375.451416015625,BuffaloCamp100m,2020-01-21,2020-01-21 08:57:19.940,08:57:19,63.22230555555555,25.22441611111111,17.732215555555555,0.0,2.7822155555555557,0.515553888888889,15.133994000000001,14.152660166666667
86,197842.877,cam1-000-000086-0,7298930.4165716395,376180.82315985544,375.4609069824219,BuffaloCamp100m,2020-01-21,2020-01-21 08:57:22.877,08:57:22,63.21822638888888,25.225803027777783,17.73254188888889,0.0,2.7825418888888898,0.5156354722222225,15.134287700000002,14.152978341666667
87,197845.946,cam1-000-000087-0,7298930.259832059,376156.7452470306,375.4840393066406,BuffaloCamp100m,2020-01-21,2020-01-21 08:57:25.946,08:57:25,63.21396388888889,25.227252277777776,17.732882888888888,0.0,2.782882888888888,0.5157207222222221,15.1345946,14.153310816666666
88,197848.883,cam1-000-000088-0,7298930.235382854,376133.2400650749,375.44683837890625,BuffaloCamp100m,2020-01-21,2020-01-21 08:57:28.883,08:57:28,63.20988472222222,25.228639194444447,17.73320922222222,0.0,2.7832092222222222,0.5158023055555556,15.1348883,14.153628991666666
89,197851.952,cam1-000-000089-0,7298929.952409509,376108.6233826363,375.4296875,BuffaloCamp100m,2020-01-21,2020-01-21 08:57:31.952,08:57:31,63.20562222222223,25.23008844444444,17.73355022222222,0.0,2.783550222222221,0.5158875555555553,15.1351952,14.153961466666665
90,197854.888,cam1-000-000090-0,7298929.88892134,376085.26806167996,375.47686767578125,BuffaloCamp100m,2020-01-21,2020-01-21 08:57:34.888,08:57:34,63.20154444444444,25.231474888888894,17.733876444444444,0.0,2.783876444444445,0.5159691111111113,15.135488800000001,14.154279533333334
91,197857.958,cam1-000-000091-0,7298929.659195822,376060.53700603015,375.5142822265625,BuffaloCamp100m,2020-01-21,2020-01-21 08:57:37.958,08:57:37,63.19728055555554,25.23292461111112,17.734217555555556,0.0,2.784217555555557,0.5160543888888893,15.135795800000002,14.154612116666668
92,197860.894,cam1-000-000092-0,7298929.390890088,376037.26631545386,375.5085144042969,BuffaloCamp100m,2020-01-21,2020-01-21 08:57:40.894,08:57:40,63.19320277777778,25.234311055555555,17.734543777777777,0.0,2.7845437777777775,0.5161359444444444,15.1360894,14.154930183333333
93,197863.964,cam1-000-000093-0,7298929.087979264,376012.5000499509,375.4613952636719,BuffaloCamp100m,2020-01-21,2020-01-21 08:57:43.964,08:57:43,63.18893888888888,25.23576077777778,17.73488488888889,0.0,2.7848848888888895,0.5162212222222224,15.1363964,14.155262766666667
94,197866.9,cam1-000-000094-0,7298928.91890826,375989.54624552093,375.39739990234375,BuffaloCamp100m,2020-01-21,2020-01-21 08:57:46.900,08:57:46,63.18486111111112,25.23714722222222,17.73521111111111,0.0,2.7852111111111104,0.5163027777777777,15.13669,14.155580833333332
95,197869.97,cam1-000-000095-0,7298928.682344368,375964.78746209445,375.419189453125,BuffaloCamp100m,2020-01-21,2020-01-21 08:57:49.970,08:57:49,63.18059722222222,25.238596944444446,17.73555222222222,0.0,2.785552222222222,0.5163880555555556,15.136997000000001,14.155913416666667
96,197872.906,cam1-000-000096-0,7298928.410510219,375941.3082594242,375.4505615234375,BuffaloCamp100m,2020-01-21,2020-01-21 08:57:52.906,08:57:52,63.17651944444446,25.239983388888884,17.73587844444444,0.0,2.785878444444443,0.5164696111111108,15.137290599999998,14.156231483333332
97,197875.976,cam1-000-000097-0,7298928.196892561,375916.424679365,375.4931640625,BuffaloCamp100m,2020-01-21,2020-01-21 08:57:55.976,08:57:55,63.172255555555566,25.24143311111111,17.736219555555554,0.0,2.786219555555555,0.5165548888888888,15.1375976,14.156564066666666
98,197878.912,cam1-000-000098-0,7298927.892510776,375893.0141369484,375.3988037109375,BuffaloCamp100m,2020-01-21,2020-01-21 08:57:58.912,08:57:58,63.168177777777764,25.242819555555563,17.736545777777778,0.0,2.786545777777779,0.5166364444444448,15.137891200000002,14.156882133333335
99,197881.982,cam1-000-000099-0,7298927.615444684,375868.21199411957,375.51416015625,BuffaloCamp100m,2020-01-21,2020-01-21 08:58:01.982,08:58:01,63.16391388888891,25.244269277777775,17.736886888888886,0.0,2.7868868888888874,0.5167217222222219,15.1381982,14.157214716666665
100,197884.918,cam1-000-000100-0,7298927.402112948,375844.66310400015,375.4643859863281,BuffaloCamp100m,2020-01-21,2020-01-21 08:58:04.918,08:58:04,63.159836111111105,25.245655722222224,17.73721311111111,0.0,2.7872131111111114,0.5168032777777779,15.1384918,14.157532783333334
101,197887.988,cam1-000-000101-0,7298927.260781674,375820.5139406635,375.3670349121094,BuffaloCamp100m,2020-01-21,2020-01-21 08:58:07.988,08:58:07,63.155572222222204,25.24710544444445,17.737554222222222,0.0,2.7875542222222234,0.5168885555555559,15.138798800000002,14.157865366666668
102,197890.924,cam1-000-000102-0,7298927.053485688,375797.0331717162,375.3589782714844,BuffaloCamp100m,2020-01-21,2020-01-21 08:58:10.924,08:58:10,63.151494444444445,25.24849188888889,17.737880444444443,0.0,2.7878804444444443,0.5169701111111111,15.139092400000001,14.158183433333333
103,197893.994,cam1-000-000103-0,7298927.183894315,375772.38466978096,375.3192443847656,BuffaloCamp100m,2020-01-21,2020-01-21 08:58:13.994,08:58:13,63.147230555555545,25.249941611111115,17.738221555555555,0.0,2.7882215555555563,0.517055388888889,15.1393994,14.158516016666667
104,197896.93,cam1-000-000104-0,7298926.737151986,375748.93023557914,375.2018737792969,BuffaloCamp100m,2020-01-21,2020-01-21 08:58:16.930,08:58:16,63.143152777777786,25.251328055555554,17.73854777777778,0.0,2.7885477777777767,0.5171369444444442,15.139693,14.158834083333332
105,197899.866,cam1-000-000105-0,7298926.486638922,375725.5553367737,375.19171142578125,BuffaloCamp100m,2020-01-21,2020-01-21 08:58:19.866,08:58:19,63.13907499999999,25.252714500000003,17.738874000000003,0.0,2.7888740000000007,0.5172185000000002,15.139986600000002,14.15915215
106,197902.936,cam1-000-000106-0,7298926.15117133,375700.7525471229,375.1125793457031,BuffaloCamp100m,2020-01-21,2020-01-21 08:58:22.936,08:58:22,63.13481111111113,25.254164222222215,17.73921511111111,0.0,2.7892151111111096,0.5173037777777775,15.1402936,14.159484733333333
107,197905.872,cam1-000-000107-0,7298926.203541561,375677.170755738,375.0173034667969,BuffaloCamp100m,2020-01-21,2020-01-21 08:58:25.872,08:58:25,63.13073333333333,25.255550666666668,17.739541333333335,0.0,2.7895413333333337,0.5173853333333335,15.1405872,14.1598028
108,197908.942,cam1-000-000108-0,7298925.82784888,375653.1437977718,374.9706726074219,BuffaloCamp100m,2020-01-21,2020-01-21 08:58:28.942,08:58:28,63.12646944444443,25.257000388888894,17.739882444444447,0.0,2.789882444444445,0.5174706111111114,15.140894200000002,14.160135383333333
109,197911.878,cam1-000-000109-0,7298925.477494583,375629.64798086137,374.9659423828125,BuffaloCamp100m,2020-01-21,2020-01-21 08:58:31.878,08:58:31,63.12239166666667,25.258386833333333,17.740208666666668,0.0,2.790208666666666,0.5175521666666666,15.1411878,14.16045345
110,197914.948,cam1-000-000110-0,7298925.313620382,375604.8904575146,374.9725646972656,BuffaloCamp100m,2020-01-21,2020-01-21 08:58:34.948,08:58:34,63.11812777777777,25.25983655555556,17.74054977777778,0.0,2.790549777777778,0.5176374444444446,15.1414948,14.160786033333334
111,197917.884,cam1-000-000111-0,7298925.105152893,375581.393441713,374.93896484375,BuffaloCamp100m,2020-01-21,2020-01-21 08:58:37.884,08:58:37,63.11405000000001,25.261222999999998,17.740876,0.0,2.790875999999999,0.5177189999999998,15.1417884,14.1611041
112,197920.954,cam1-000-000112-0,7298925.001269494,375556.6271285946,374.8666076660156,BuffaloCamp100m,2020-01-21,2020-01-21 08:58:40.954,08:58:40,63.10978611111111,25.262672722222224,17.741217111111112,0.0,2.7912171111111106,0.5178042777777777,15.1420954,14.161436683333333
113,197923.89,cam1-000-000113-0,7298924.718731763,375533.2653424573,374.8892517089844,BuffaloCamp100m,2020-01-21,2020-01-21 08:58:43.890,08:58:43,63.10570833333331,25.264059166666673,17.741543333333336,0.0,2.7915433333333346,0.5178858333333337,15.142389000000001,14.161754750000002
114,197926.96,cam1-000-000114-0,7298924.584396435,375509.19885761547,374.89141845703125,BuffaloCamp100m,2020-01-21,2020-01-21 08:58:46.960,08:58:46,63.10144444444445,25.265508888888885,17.741884444444445,0.0,2.7918844444444435,0.5179711111111109,15.142695999999999,14.162087333333332
115,197929.896,cam1-000-000115-0,7298924.260092847,375485.4700631956,375.0171813964844,BuffaloCamp100m,2020-01-21,2020-01-21 08:58:49.896,08:58:49,63.09736666666666,25.266895333333338,17.74221066666667,0.0,2.7922106666666675,0.5180526666666669,15.142989600000002,14.1624054
116,197932.966,cam1-000-000116-0,7298924.0144594,375461.1260441849,375.04559326171875,BuffaloCamp100m,2020-01-21,2020-01-21 08:58:52.966,08:58:52,63.0931027777778,25.26834505555555,17.742551777777777,0.0,2.792551777777776,0.518137944444444,15.1432966,14.162737983333331
117,197935.902,cam1-000-000117-0,7298923.851723527,375437.5114404488,374.9991760253906,BuffaloCamp100m,2020-01-21,2020-01-21 08:58:55.902,08:58:55,63.089025,25.269731500000002,17.742878,0.0,2.792878,0.5182195,15.1435902,14.16305605
118,197938.972,cam1-000-000118-0,7298923.59964619,375412.8057438663,375.02423095703125,BuffaloCamp100m,2020-01-21,2020-01-21 08:58:58.972,08:58:58,63.0847611111111,25.27118122222223,17.743219111111113,0.0,2.793219111111112,0.5183047777777781,15.143897200000001,14.163388633333334
119,197941.908,cam1-000-000119-0,7298923.527926005,375389.09606853843,374.9903564453125,BuffaloCamp100m,2020-01-21,2020-01-21 08:59:01.908,08:59:01,63.08068333333334,25.272567666666667,17.743545333333334,0.0,2.793545333333333,0.5183863333333332,15.1441908,14.163706699999999
120,197944.978,cam1-000-000120-0,7298923.594773855,375364.97962438327,374.87109375,BuffaloCamp100m,2020-01-21,2020-01-21 08:59:04.978,08:59:04,63.07641944444444,25.27401738888889,17.743886444444446,0.0,2.7938864444444445,0.5184716111111112,15.1444978,14.164039283333334
121,197947.914,cam1-000-000121-0,7298923.105974011,375341.5242821966,374.85614013671875,BuffaloCamp100m,2020-01-21,2020-01-21 08:59:07.914,08:59:07,63.07234166666668,25.27540383333333,17.744212666666666,0.0,2.7942126666666653,0.5185531666666664,15.144791399999999,14.16435735
122,197950.984,cam1-000-000122-0,7298922.746316118,375317.00553735544,374.87310791015625,BuffaloCamp100m,2020-01-21,2020-01-21 08:59:10.984,08:59:10,63.06807777777778,25.276853555555554,17.744553777777778,0.0,2.7945537777777774,0.5186384444444444,15.1450984,14.164689933333333
123,197953.92,cam1-000-000123-0,7298923.304810073,375293.5613171834,374.9905090332031,BuffaloCamp100m,2020-01-21,2020-01-21 08:59:13.920,08:59:13,63.06399999999998,25.278240000000007,17.744880000000002,0.0,2.7948800000000014,0.5187200000000004,15.145392000000001,14.165008000000002
124,197956.99,cam1-000-000124-0,7298936.3487182185,375272.91760083626,374.9156494140625,BuffaloCamp100m,2020-01-21,2020-01-21 08:59:16.990,08:59:16,63.05973611111112,25.27968972222222,17.74522111111111,0.0,2.79522111111111,0.5188052777777775,15.145698999999999,14.165340583333332
125,197959.926,cam1-000-000125-0,7298958.1456509065,375266.80804288294,374.8109130859375,BuffaloCamp100m,2020-01-21,2020-01-21 08:59:19.926,08:59:19,63.05565833333333,25.281076166666672,17.745547333333334,0.0,2.795547333333334,0.5188868333333335,15.145992600000001,14.165658650000001
126,197962.996,cam1-000-000126-0,7298979.347147325,375267.2301198947,374.6722106933594,BuffaloCamp100m,2020-01-21,2020-01-21 08:59:22.996,08:59:22,63.051394444444426,25.282525888888895,17.745888444444446,0.0,2.795888444444446,0.5189721111111115,15.146299600000003,14.165991233333335
127,197965.932,cam1-000-000127-0,7299000.15993444,375268.56081610546,374.6102294921875,BuffaloCamp100m,2020-01-21,2020-01-21 08:59:25.932,08:59:25,63.04731666666667,25.283912333333333,17.746214666666667,0.0,2.7962146666666667,0.5190536666666667,15.1465932,14.1663093
128,197968.868,cam1-000-000128-0,7299016.42580488,375282.8580605244,374.5197448730469,BuffaloCamp100m,2020-01-21,2020-01-21 08:59:28.868,08:59:28,63.04323888888891,25.285298777777772,17.746540888888887,0.0,2.796540888888887,0.5191352222222219,15.146886799999999,14.166627366666665
129,197971.938,cam1-000-000129-0,7299018.579936398,375306.84137434716,374.41253662109375,BuffaloCamp100m,2020-01-21,2020-01-21 08:59:31.938,08:59:31,63.03897500000001,25.286748499999998,17.746882,0.0,2.796881999999999,0.5192204999999999,15.1471938,14.166959949999999
130,197974.874,cam1-000-000130-0,7299017.942134119,375328.0132306564,374.4451904296875,BuffaloCamp100m,2020-01-21,2020-01-21 08:59:34.874,08:59:34,63.034897222222206,25.28813494444445,17.747208222222223,0.0,2.797208222222223,0.5193020555555559,15.147487400000001,14.167278016666668
131,197977.944,cam1-000-000131-0,7299018.464173304,375349.678722081,374.5609130859375,BuffaloCamp100m,2020-01-21,2020-01-21 08:59:37.944,08:59:37,63.03063333333335,25.289584666666663,17.747549333333332,0.0,2.7975493333333317,0.519387333333333,15.147794399999999,14.167610599999998
132,197980.88,cam1-000-000132-0,7299018.570191516,375372.02975493984,374.58795166015625,BuffaloCamp100m,2020-01-21,2020-01-21 08:59:40.880,08:59:40,63.02655555555555,25.290971111111112,17.747875555555556,0.0,2.7978755555555557,0.519468888888889,15.148088000000001,14.167928666666667
133,197983.95,cam1-000-000133-0,7299018.983530668,375395.1827224277,374.5841979980469,BuffaloCamp100m,2020-01-21,2020-01-21 08:59:43.950,08:59:43,63.022291666666646,25.29242083333334,17.748216666666668,0.0,2.7982166666666677,0.519554166666667,15.148395,14.16826125
134,197986.886,cam1-000-000134-0,7299019.395853076,375418.1346421641,374.5852966308594,BuffaloCamp100m,2020-01-21,2020-01-21 08:59:46.886,08:59:46,63.018213888888894,25.293807277777777,17.74854288888889,0.0,2.7985428888888886,0.5196357222222222,15.1486886,14.168579316666666
135,197989.956,cam1-000-000135-0,7299019.563486255,375442.59247049526,374.5862731933594,BuffaloCamp100m,2020-01-21,2020-01-21 08:59:49.956,08:59:49,63.013949999999994,25.295257000000003,17.748884,0.0,2.7988840000000006,0.5197210000000002,15.148995600000001,14.168911900000001
136,197992.892,cam1-000-000136-0,7299020.180128541,375465.7433428449,374.6172180175781,BuffaloCamp100m,2020-01-21,2020-01-21 08:59:52.892,08:59:52,63.009872222222235,25.29664344444444,17.74921022222222,0.0,2.799210222222221,0.5198025555555553,15.1492892,14.169229966666666
137,197995.962,cam1-000-000137-0,7299020.325907471,375490.5154083832,374.693603515625,BuffaloCamp100m,2020-01-21,2020-01-21 08:59:55.962,08:59:55,63.005608333333335,25.298093166666668,17.749551333333333,0.0,2.799551333333333,0.5198878333333333,15.1495962,14.16956255
138,197998.898,cam1-000-000138-0,7299020.374026845,375513.84430359124,374.7583312988281,BuffaloCamp100m,2020-01-21,2020-01-21 08:59:58.898,08:59:58,63.001530555555576,25.299479611111106,17.749877555555553,0.0,2.799877555555554,0.5199693888888886,15.149889799999999,14.169880616666665
139,198001.968,cam1-000-000139-0,7299020.49320493,375538.09057371505,374.8319091796875,BuffaloCamp100m,2020-01-21,2020-01-21 09:00:01.968,09:00:01,62.99890666666667,25.300328,17.750027333333332,0.0,2.8,0.52,15.150027333333334,14.1700328
140,198004.904,cam1-000-000140-0,7299020.618461272,375561.6483963234,374.8600769042969,BuffaloCamp100m,2020-01-21,2020-01-21 09:00:04.904,09:00:04,62.997275555555554,25.300817333333335,17.750068111111112,0.0,2.8,0.52,15.150068111111112,14.170081733333333
141,198007.974,cam1-000-000141-0,7299020.812720536,375586.38946202054,374.92822265625,BuffaloCamp100m,2020-01-21,2020-01-21 09:00:07.974,09:00:07,62.99557000000001,25.301329,17.75011075,0.0,2.8,0.52,15.15011075,14.1701329
142,198010.91,cam1-000-000142-0,7299021.036663784,375609.9185174073,374.8839416503906,BuffaloCamp100m,2020-01-21,2020-01-21 09:00:10.910,09:00:10,62.993938888888884,25.301818333333333,17.750151527777778,0.0,2.8,0.52,15.150151527777778,14.170181833333332
143,198013.98,cam1-000-000143-0,7299021.083779797,375634.6031070105,374.9419250488281,BuffaloCamp100m,2020-01-21,2020-01-21 09:00:13.980,09:00:13,62.992233333333324,25.30233,17.750194166666667,0.0,2.8,0.52,15.150194166666667,14.170233
144,198016.916,cam1-000-000144-0,7299021.200514339,375657.9914427931,374.9674377441406,BuffaloCamp100m,2020-01-21,2020-01-21 09:00:16.916,09:00:16,62.99060222222222,25.302819333333332,17.750234944444443,0.0,2.8,0.52,15.150234944444446,14.170281933333333
145,198019.986,cam1-000-000145-0,7299021.471625352,375682.2660777157,375.0208435058594,BuffaloCamp100m,2020-01-21,2020-01-21 09:00:19.986,09:00:19,62.98889666666666,25.303331,17.750277583333332,0.0,2.8,0.52,15.150277583333335,14.1703331
146,198022.922,cam1-000-000146-0,7299021.692299442,375705.5833210113,375.0227966308594,BuffaloCamp100m,2020-01-21,2020-01-21 09:00:22.922,09:00:22,62.98726555555556,25.303820333333334,17.750318361111113,0.0,2.8,0.52,15.150318361111111,14.170382033333333
147,198025.992,cam1-000-000147-0,7299022.183855051,375730.20995509066,375.0083923339844,BuffaloCamp100m,2020-01-21,2020-01-21 09:00:25.992,09:00:25,62.98556,25.304332,17.750361,0.0,2.8,0.52,15.150361,14.1704332
148,198028.928,cam1-000-000148-0,7299022.587190698,375753.5792829133,375.00390625,BuffaloCamp100m,2020-01-21,2020-01-21 09:00:28.928,09:00:28,62.98392888888888,25.304821333333336,17.75040177777778,0.0,2.8,0.52,15.150401777777779,14.170482133333334
149,198031.998,cam1-000-000149-0,7299022.777868781,375778.40506894066,374.964111328125,BuffaloCamp100m,2020-01-21,2020-01-21 09:00:31.998,09:00:31,62.98222333333334,25.305333,17.750444416666667,0.0,2.8,0.52,15.150444416666668,14.1705333
150,198034.934,cam1-000-000150-0,7299022.957874542,375801.9126889395,374.9027099609375,BuffaloCamp100m,2020-01-21,2020-01-21 09:00:34.934,09:00:34,62.98059222222222,25.305822333333335,17.750485194444444,0.0,2.8,0.52,15.150485194444444,14.170582233333333
151,198037.87,cam1-000-000151-0,7299023.059272328,375825.5004885432,374.92962646484375,BuffaloCamp100m,2020-01-21,2020-01-21 09:00:37.870,09:00:37,62.97896111111111,25.306311666666666,17.75052597222222,0.0,2.8,0.52,15.150525972222223,14.170631166666666
152,198040.94,cam1-000-000152-0,7299023.186361611,375849.59140130266,374.93084716796875,BuffaloCamp100m,2020-01-21,2020-01-21 09:00:40.940,09:00:40,62.97725555555555,25.306823333333334,17.75056861111111,0.0,2.8,0.52,15.150568611111112,14.170682333333334
153,198043.876,cam1-000-000153-0,7299023.414620895,375873.0081207538,374.91900634765625,BuffaloCamp100m,2020-01-21,2020-01-21 09:00:43.876,09:00:43,62.97562444444445,25.307312666666665,17.75060938888889,0.0,2.8,0.52,15.150609388888888,14.170731266666666
154,198046.946,cam1-000-000154-0,7299023.569724947,375897.7327320826,374.9394836425781,BuffaloCamp100m,2020-01-21,2020-01-21 09:00:46.946,09:00:46,62.97391888888889,25.307824333333333,17.75065202777778,0.0,2.8,0.52,15.150652027777777,14.170782433333333
155,198049.882,cam1-000-000155-0,7299023.902386496,375921.3638614913,374.9871826171875,BuffaloCamp100m,2020-01-21,2020-01-21 09:00:49.882,09:00:49,62.97228777777777,25.30831366666667,17.750692805555556,0.0,2.8,0.52,15.150692805555556,14.170831366666667
156,198052.952,cam1-000-000156-0,7299023.959214196,375945.99073165527,375.00665283203125,BuffaloCamp100m,2020-01-21,2020-01-21 09:00:52.952,09:00:52,62.97058222222223,25.30882533333333,17.750735444444445,0.0,2.8,0.52,15.150735444444445,14.170882533333334
157,198055.888,cam1-000-000157-0,7299024.203845844,375969.564128076,374.93426513671875,BuffaloCamp100m,2020-01-21,2020-01-21 09:00:55.888,09:00:55,62.96895111111111,25.30931466666667,17.75077622222222,0.0,2.8,0.52,15.150776222222223,14.170931466666667
158,198058.958,cam1-000-000158-0,7299024.436025913,375993.5282751415,374.83599853515625,BuffaloCamp100m,2020-01-21,2020-01-21 09:00:58.958,09:00:58,62.96724555555555,25.309826333333337,17.75081886111111,0.0,2.8,0.52,15.150818861111112,14.170982633333333
159,198061.894,cam1-000-000159-0,7299024.663691122,376017.02162795287,374.916259765625,BuffaloCamp100m,2020-01-21,2020-01-21 09:01:01.894,09:01:01,62.96561444444444,25.310315666666668,17.75085963888889,0.0,2.8,0.52,15.150859638888889,14.171031566666667
160,198064.964,cam1-000-000160-0,7299024.993247658,376041.79123885295,374.954833984375,BuffaloCamp100m,2020-01-21,2020-01-21 09:01:04.964,09:01:04,62.96390888888889,25.310827333333336,17.75090227777778,0.0,2.8,0.52,15.150902277777778,14.171082733333334
161,198067.9,cam1-000-000161-0,7299025.121136935,376065.3179033174,374.9681396484375,BuffaloCamp100m,2020-01-21,2020-01-21 09:01:07.900,09:01:07,62.96227777777778,25.311316666666666,17.750943055555556,0.0,2.8,0.52,15.150943055555556,14.171131666666666
162,198070.97,cam1-000-000162-0,7299025.332684004,376090.14077873377,374.9230651855469,BuffaloCamp100m,2020-01-21,2020-01-21 09:01:10.970,09:01:10,62.96057222222222,25.311828333333334,17.750985694444445,0.0,2.8,0.52,15.150985694444445,14.171182833333333
163,198073.906,cam1-000-000163-0,7299025.52106012,376113.7267692688,374.9294738769531,BuffaloCamp100m,2020-01-21,2020-01-21 09:01:13.906,09:01:13,62.958941111111116,25.312317666666665,17.75102647222222,0.0,2.8,0.52,15.151026472222222,14.171231766666667
164,198076.976,cam1-000-000164-0,7299025.751101438,376137.6196910278,374.8709411621094,BuffaloCamp100m,2020-01-21,2020-01-21 09:01:16.976,09:01:16,62.957235555555556,25.312829333333333,17.75106911111111,0.0,2.8,0.52,15.151069111111111,14.171282933333334
165,198079.912,cam1-000-000165-0,7299026.118369371,376161.1808173259,374.8609924316406,BuffaloCamp100m,2020-01-21,2020-01-21 09:01:19.912,09:01:19,62.95560444444444,25.31331866666667,17.751109888888887,0.0,2.8,0.52,15.15110988888889,14.171331866666668
166,198082.981,cam1-000-000166-0,7299026.3541419,376186.04554729775,374.78857421875,BuffaloCamp100m,2020-01-21,2020-01-21 09:01:22.981,09:01:22,62.953899444444446,25.313830166666666,17.75115251388889,0.0,2.8,0.52,15.151152513888889,14.171383016666667
167,198085.918,cam1-000-000167-0,7299026.571762976,376209.28745984886,374.7141418457031,BuffaloCamp100m,2020-01-21,2020-01-21 09:01:25.918,09:01:25,62.95226777777778,25.31431966666667,17.751193305555557,0.0,2.8,0.52,15.151193305555555,14.171431966666667
168,198088.987,cam1-000-000168-0,7299026.582301123,376233.95576291176,374.68328857421875,BuffaloCamp100m,2020-01-21,2020-01-21 09:01:28.987,09:01:28,62.95056277777778,25.314831166666668,17.751235930555556,0.0,2.8,0.52,15.151235930555556,14.171483116666666
169,198091.924,cam1-000-000169-0,7299026.854135841,376257.2915982161,374.67364501953125,BuffaloCamp100m,2020-01-21,2020-01-21 09:01:31.924,09:01:31,62.948931111111115,25.31532066666667,17.751276722222222,0.0,2.8,0.52,15.151276722222223,14.171532066666666
170,198094.993,cam1-000-000170-0,7299027.020592853,376281.5980487794,374.68035888671875,BuffaloCamp100m,2020-01-21,2020-01-21 09:01:34.993,09:01:34,62.94722611111112,25.315832166666667,17.75131934722222,0.0,2.8,0.52,15.151319347222222,14.171583216666667
171,198097.93,cam1-000-000171-0,7299027.214772885,376305.02261871257,374.63397216796875,BuffaloCamp100m,2020-01-21,2020-01-21 09:01:37.930,09:01:37,62.945594444444446,25.316321666666667,17.751360138888888,0.0,2.8,0.52,15.151360138888888,14.171632166666667
172,198100.866,cam1-000-000172-0,7299027.353105532,376328.4913299199,374.66943359375,BuffaloCamp100m,2020-01-21,2020-01-21 09:01:40.866,09:01:40,62.94396333333333,25.316811,17.751400916666668,0.0,2.8,0.52,15.151400916666667,14.1716811
173,198103.936,cam1-000-000173-0,7299027.745504297,376353.3023172479,374.62353515625,BuffaloCamp100m,2020-01-21,2020-01-21 09:01:43.936,09:01:43,62.94225777777778,25.317322666666666,17.751443555555554,0.0,2.8,0.52,15.151443555555556,14.171732266666666
174,198106.872,cam1-000-000174-0,7299029.358134836,376376.6398187429,374.5982360839844,BuffaloCamp100m,2020-01-21,2020-01-21 09:01:46.872,09:01:46,62.94062666666667,25.317812,17.751484333333334,0.0,2.8,0.52,15.151484333333334,14.1717812
175,198109.942,cam1-000-000175-0,7299044.652678093,376395.1103988907,374.4952697753906,BuffaloCamp100m,2020-01-21,2020-01-21 09:01:49.942,09:01:49,62.93892111111111,25.318323666666668,17.751526972222223,0.0,2.8,0.52,15.151526972222223,14.171832366666667
176,198112.878,cam1-000-000176-0,7299064.776567746,376397.6853258576,374.5216369628906,BuffaloCamp100m,2020-01-21,2020-01-21 09:01:52.878,09:01:52,62.937290000000004,25.318813,17.75156775,0.0,2.8,0.52,15.15156775,14.171881299999999
177,198115.947,cam1-000-000177-0,7299085.131233684,376395.4276263892,374.49462890625,BuffaloCamp100m,2020-01-21,2020-01-21 09:01:55.947,09:01:55,62.93558500000001,25.319324499999997,17.751610375,0.0,2.8,0.52,15.151610375,14.17193245
178,198118.884,cam1-000-000178-0,7299106.082094112,376392.0728893584,374.4305114746094,BuffaloCamp100m,2020-01-21,2020-01-21 09:01:58.884,09:01:58,62.933953333333335,25.319813999999997,17.751651166666665,0.0,2.8,0.52,15.151651166666667,14.1719814
179,198121.953,cam1-000-000179-0,7299122.199361853,376374.86204566667,374.2635803222656,BuffaloCamp100m,2020-01-21,2020-01-21 09:02:01.953,09:02:01,62.93224833333333,25.320325500000003,17.751693791666668,0.0,2.8,0.52,15.151693791666666,14.17203255
180,198124.89,cam1-000-000180-0,7299123.278535433,376353.80763117014,374.2882995605469,BuffaloCamp100m,2020-01-21,2020-01-21 09:02:04.890,09:02:04,62.93061666666666,25.320815000000003,17.751734583333334,0.0,2.8,0.52,15.151734583333333,14.1720815
181,198127.959,cam1-000-000181-0,7299122.273459502,376333.3478081017,374.2582702636719,BuffaloCamp100m,2020-01-21,2020-01-21 09:02:07.959,09:02:07,62.928911666666664,25.3213265,17.751777208333333,0.0,2.8,0.52,15.151777208333334,14.17213265
182,198130.896,cam1-000-000182-0,7299121.971592601,376312.8384570732,374.2987365722656,BuffaloCamp100m,2020-01-21,2020-01-21 09:02:10.896,09:02:10,62.927279999999996,25.321816000000002,17.751818,0.0,2.8,0.52,15.151818,14.1721816
183,198133.965,cam1-000-000183-0,7299122.307065194,376289.63708162645,374.4156799316406,BuffaloCamp100m,2020-01-21,2020-01-21 09:02:13.965,09:02:13,62.925575,25.3223275,17.751860625,0.0,2.8,0.52,15.151860625,14.17223275
184,198136.902,cam1-000-000184-0,7299122.164432561,376267.0442440835,374.5397644042969,BuffaloCamp100m,2020-01-21,2020-01-21 09:02:16.902,09:02:16,62.923943333333334,25.322817,17.751901416666666,0.0,2.8,0.52,15.151901416666666,14.1722817
185,198139.971,cam1-000-000185-0,7299121.9474479,376242.9602031246,374.5751037597656,BuffaloCamp100m,2020-01-21,2020-01-21 09:02:19.971,09:02:19,62.92223833333334,25.3233285,17.75194404166667,0.0,2.8,0.52,15.151944041666667,14.17233285
186,198142.908,cam1-000-000186-0,7299121.92335139,376219.94125476864,374.5656433105469,BuffaloCamp100m,2020-01-21,2020-01-21 09:02:22.908,09:02:22,62.92060666666667,25.323818,17.751984833333335,0.0,2.8,0.52,15.151984833333334,14.1723818
187,198145.977,cam1-000-000187-0,7299121.869461916,376195.3236421051,374.5023193359375,BuffaloCamp100m,2020-01-21,2020-01-21 09:02:25.977,09:02:25,62.918901666666656,25.324329500000005,17.752027458333334,0.0,2.8,0.52,15.152027458333334,14.172432950000001
188,198148.914,cam1-000-000188-0,7299121.650369965,376171.8486282598,374.39886474609375,BuffaloCamp100m,2020-01-21,2020-01-21 09:02:28.914,09:02:28,62.91727000000001,25.324818999999998,17.75206825,0.0,2.8,0.52,15.152068250000001,14.1724819
189,198151.983,cam1-000-000189-0,7299121.41090126,376147.21705823543,374.3086242675781,BuffaloCamp100m,2020-01-21,2020-01-21 09:02:31.983,09:02:31,62.915564999999994,25.325330500000003,17.752110875,0.0,2.8,0.52,15.152110875,14.17253305
190,198154.919,cam1-000-000190-0,7299121.135419635,376123.83167159447,374.2274169921875,BuffaloCamp100m,2020-01-21,2020-01-21 09:02:34.919,09:02:34,62.91393388888889,25.325819833333334,17.752151652777776,0.0,2.8,0.52,15.152151652777778,14.172581983333334
191,198157.989,cam1-000-000191-0,7299121.070009194,376099.766101792,374.252685546875,BuffaloCamp100m,2020-01-21,2020-01-21 09:02:37.989,09:02:37,62.91222833333333,25.326331500000002,17.752194291666665,0.0,2.8,0.52,15.152194291666667,14.17263315
192,198160.925,cam1-000-000192-0,7299120.864191296,376076.3550838471,374.3084411621094,BuffaloCamp100m,2020-01-21,2020-01-21 09:02:40.925,09:02:40,62.91059722222223,25.326820833333333,17.752235069444446,0.0,2.8,0.52,15.152235069444444,14.172682083333333
193,198163.995,cam1-000-000193-0,7299120.526045544,376051.64339244046,374.3543395996094,BuffaloCamp100m,2020-01-21,2020-01-21 09:02:43.995,09:02:43,62.90889166666667,25.3273325,17.752277708333335,0.0,2.8,0.52,15.152277708333333,14.17273325
194,198166.931,cam1-000-000194-0,7299120.267393269,376028.1001722932,374.371337890625,BuffaloCamp100m,2020-01-21,2020-01-21 09:02:46.931,09:02:46,62.90726055555555,25.327821833333335,17.75231848611111,0.0,2.8,0.52,15.152318486111112,14.172782183333334
195,198170.001,cam1-000-000195-0,7299120.107472359,376003.37590193807,374.33172607421875,BuffaloCamp100m,2020-01-21,2020-01-21 09:02:50.001,09:02:50,62.90555500000001,25.3283335,17.752361125,0.0,2.8,0.52,15.152361125,14.17283335
196,198172.937,cam1-000-000196-0,7299119.998707673,375979.82283643953,374.3325500488281,BuffaloCamp100m,2020-01-21,2020-01-21 09:02:52.937,09:02:52,62.90392388888888,25.328822833333334,17.752401902777777,0.0,2.8,0.52,15.152401902777779,14.172882283333333
197,198175.874,cam1-000-000197-0,7299119.803986541,375956.43010927504,374.3985595703125,BuffaloCamp100m,2020-01-21,2020-01-21 09:02:55.874,09:02:55,62.902292222222215,25.329312333333334,17.752442694444444,0.0,2.8,0.52,15.152442694444446,14.172931233333333
198,198178.943,cam1-000-000198-0,7299119.635547867,375932.3196362745,374.4930725097656,BuffaloCamp100m,2020-01-21,2020-01-21 09:02:58.943,09:02:58,62.90058722222222,25.329823833333332,17.752485319444446,0.0,2.8,0.52,15.152485319444445,14.172982383333334
199,198181.88,cam1-000-000199-0,7299119.330231971,375908.78882007836,374.5397644042969,BuffaloCamp100m,2020-01-21,2020-01-21 09:03:01.880,09:03:01,62.89895555555555,25.330313333333336,17.752526111111113,0.0,2.8,0.52,15.152526111111111,14.173031333333334
200,198184.949,cam1-000-000200-0,7299118.9552882025,375884.2174327787,374.54193115234375,BuffaloCamp100m,2020-01-21,2020-01-21 09:03:04.949,09:03:04,62.89725055555556,25.330824833333335,17.75256873611111,0.0,2.8,0.52,15.152568736111112,14.173082483333333
201,198187.886,cam1-000-000201-0,7299119.154971518,375860.4603767404,374.614501953125,BuffaloCamp100m,2020-01-21,2020-01-21 09:03:07.886,09:03:07,62.89561888888889,25.331314333333335,17.75260952777778,0.0,2.8,0.52,15.152609527777779,14.173131433333333
202,198190.955,cam1-000-000202-0,7299118.757461254,375835.8014088091,374.6180725097656,BuffaloCamp100m,2020-01-21,2020-01-21 09:03:10.955,09:03:10,62.893913888888896,25.331825833333333,17.752652152777777,0.0,2.8,0.52,15.152652152777778,14.173182583333332
203,198193.891,cam1-000-000203-0,7299118.600783827,375812.3270222519,374.6216125488281,BuffaloCamp100m,2020-01-21,2020-01-21 09:03:13.891,09:03:13,62.89228277777777,25.332315166666667,17.752692930555554,0.0,2.8,0.52,15.152692930555556,14.173231516666666
204,198196.961,cam1-000-000204-0,7299118.235168941,375788.30160529126,374.600341796875,BuffaloCamp100m,2020-01-21,2020-01-21 09:03:16.961,09:03:16,62.89057722222222,25.332826833333336,17.752735569444443,0.0,2.8,0.52,15.152735569444445,14.173282683333333
205,198199.897,cam1-000-000205-0,7299118.080158703,375764.9125334547,374.5766296386719,BuffaloCamp100m,2020-01-21,2020-01-21 09:03:19.897,09:03:19,62.88894611111111,25.333316166666666,17.752776347222223,0.0,2.8,0.52,15.152776347222222,14.173331616666667
206,198202.967,cam1-000-000206-0,7299117.894744902,375740.1134233425,374.51202392578125,BuffaloCamp100m,2020-01-21,2020-01-21 09:03:22.967,09:03:22,62.88724055555555,25.333827833333334,17.752818986111112,0.0,2.8,0.52,15.152818986111111,14.173382783333333
207,198205.903,cam1-000-000207-0,7299117.668235943,375716.5721790176,374.5190734863281,BuffaloCamp100m,2020-01-21,2020-01-21 09:03:25.903,09:03:25,62.88560944444445,25.334317166666665,17.75285976388889,0.0,2.8,0.52,15.15285976388889,14.173431716666666
208,198208.973,cam1-000-000208-0,7299117.428000746,375691.9064712451,374.578857421875,BuffaloCamp100m,2020-01-21,2020-01-21 09:03:28.973,09:03:28,62.88390388888889,25.334828833333333,17.752902402777778,0.0,2.8,0.52,15.152902402777778,14.173482883333334
209,198211.909,cam1-000-000209-0,7299117.161772264,375668.3729565056,374.59832763671875,BuffaloCamp100m,2020-01-21,2020-01-21 09:03:31.909,09:03:31,62.88227277777777,25.33531816666667,17.752943180555555,0.0,2.8,0.52,15.152943180555557,14.173531816666667
210,198214.979,cam1-000-000210-0,7299116.910040872,375644.23158209864,374.6808776855469,BuffaloCamp100m,2020-01-21,2020-01-21 09:03:34.979,09:03:34,62.880567222222226,25.33582983333333,17.752985819444444,0.0,2.8,0.52,15.152985819444444,14.173582983333333
211,198217.915,cam1-000-000211-0,7299116.673610663,375620.716401246,374.6224060058594,BuffaloCamp100m,2020-01-21,2020-01-21 09:03:37.915,09:03:37,62.87893611111111,25.33631916666667,17.753026597222224,0.0,2.8,0.52,15.153026597222222,14.173631916666666
212,198220.985,cam1-000-000212-0,7299116.460905219,375596.05131257523,374.65386962890625,BuffaloCamp100m,2020-01-21,2020-01-21 09:03:40.985,09:03:40,62.87723055555556,25.33683083333333,17.75306923611111,0.0,2.8,0.52,15.153069236111111,14.173683083333334
213,198223.921,cam1-000-000213-0,7299116.206340752,375572.4752311622,374.6895446777344,BuffaloCamp100m,2020-01-21,2020-01-21 09:03:43.921,09:03:43,62.87559944444445,25.337320166666668,17.75311001388889,0.0,2.8,0.52,15.15311001388889,14.173732016666667
214,198226.991,cam1-000-000214-0,7299115.9878282435,375547.7576367522,374.6275939941406,BuffaloCamp100m,2020-01-21,2020-01-21 09:03:46.991,09:03:46,62.87389388888889,25.337831833333336,17.75315265277778,0.0,2.8,0.52,15.153152652777779,14.173783183333333
215,198229.927,cam1-000-000215-0,7299115.798835504,375524.22103023465,374.6496887207031,BuffaloCamp100m,2020-01-21,2020-01-21 09:03:49.927,09:03:49,62.87226277777778,25.338321166666667,17.753193430555555,0.0,2.8,0.52,15.153193430555556,14.173832116666667
216,198232.997,cam1-000-000216-0,7299115.57789011,375500.22191437834,374.6440124511719,BuffaloCamp100m,2020-01-21,2020-01-21 09:03:52.997,09:03:52,62.87055722222222,25.338832833333335,17.753236069444444,0.0,2.8,0.52,15.153236069444445,14.173883283333334
217,198235.933,cam1-000-000217-0,7299115.370366061,375476.76132080285,374.7392272949219,BuffaloCamp100m,2020-01-21,2020-01-21 09:03:55.933,09:03:55,62.868926111111115,25.339322166666665,17.75327684722222,0.0,2.8,0.52,15.153276847222223,14.173932216666666
218,198239.003,cam1-000-000218-0,7299115.097101872,375452.1218479299,374.7366027832031,BuffaloCamp100m,2020-01-21,2020-01-21 09:03:59.003,09:03:59,62.867220555555555,25.339833833333334,17.75331948611111,0.0,2.8,0.52,15.153319486111112,14.173983383333333
219,198241.939,cam1-000-000219-0,7299114.9166370435,375428.48466125736,374.76019287109375,BuffaloCamp100m,2020-01-21,2020-01-21 09:04:01.939,09:04:01,62.86558944444444,25.340323166666668,17.75336026388889,0.0,2.8,0.52,15.153360263888889,14.174032316666667
220,198244.875,cam1-000-000220-0,7299114.685414683,375404.9387606747,374.7806396484375,BuffaloCamp100m,2020-01-21,2020-01-21 09:04:04.875,09:04:04,62.863958333333336,25.340812500000002,17.753401041666667,0.0,2.8,0.52,15.153401041666667,14.17408125
221,198247.945,cam1-000-000221-0,7299114.590058908,375380.2275387171,374.72723388671875,BuffaloCamp100m,2020-01-21,2020-01-21 09:04:07.945,09:04:07,62.862252777777776,25.34132416666667,17.753443680555556,0.0,2.8,0.52,15.153443680555556,14.174132416666668
222,198250.881,cam1-000-000222-0,7299114.424144977,375356.77161130187,374.684326171875,BuffaloCamp100m,2020-01-21,2020-01-21 09:04:10.881,09:04:10,62.86062166666667,25.3418135,17.753484458333332,0.0,2.8,0.52,15.153484458333333,14.17418135
223,198253.951,cam1-000-000223-0,7299114.205572922,375332.60134885774,374.65631103515625,BuffaloCamp100m,2020-01-21,2020-01-21 09:04:13.951,09:04:13,62.858916111111114,25.34232516666667,17.75352709722222,0.0,2.8,0.52,15.153527097222222,14.174232516666667
224,198256.887,cam1-000-000224-0,7299113.977728417,375309.14256233623,374.60833740234375,BuffaloCamp100m,2020-01-21,2020-01-21 09:04:16.887,09:04:16,62.857285000000005,25.3428145,17.753567874999998,0.0,2.8,0.52,15.153567875,14.17428145
225,198259.957,cam1-000-000225-0,7299114.32015622,375284.4614394041,374.6138610839844,BuffaloCamp100m,2020-01-21,2020-01-21 09:04:19.957,09:04:19,62.855579444444444,25.343326166666667,17.753610513888887,0.0,2.8,0.52,15.15361051388889,14.174332616666666
226,198262.893,cam1-000-000226-0,7299125.266621811,375264.252687405,374.58526611328125,BuffaloCamp100m,2020-01-21,2020-01-21 09:04:22.893,09:04:22,62.85394833333333,25.3438155,17.753651291666667,0.0,2.8,0.52,15.153651291666668,14.17438155
227,198265.963,cam1-000-000227-0,7299147.919269964,375257.1184546674,374.5054931640625,BuffaloCamp100m,2020-01-21,2020-01-21 09:04:25.963,09:04:25,62.85224277777778,25.344327166666666,17.753693930555556,0.0,2.8,0.52,15.153693930555555,14.174432716666667
228,198268.899,cam1-000-000228-0,7299168.744879663,375257.4401286552,374.42974853515625,BuffaloCamp100m,2020-01-21,2020-01-21 09:04:28.899,09:04:28,62.850611666666666,25.3448165,17.753734708333333,0.0,2.8,0.52,15.153734708333333,14.17448165
229,198271.969,cam1-000-000229-0,7299189.682453582,375258.1561593695,374.4205322265625,BuffaloCamp100m,2020-01-21,2020-01-21 09:04:31.969,09:04:31,62.848906111111106,25.34532816666667,17.753777347222222,0.0,2.8,0.52,15.153777347222222,14.174532816666666
230,198274.905,cam1-000-000230-0,7299207.319423183,375272.0990815578,374.424560546875,BuffaloCamp100m,2020-01-21,2020-01-21 09:04:34.905,09:04:34,62.847275,25.3458175,17.753818125,0.0,2.8,0.52,15.153818125,14.17458175
231,198277.975,cam1-000-000231-0,7299209.671916693,375296.3740124797,374.3996887207031,BuffaloCamp100m,2020-01-21,2020-01-21 09:04:37.975,09:04:37,62.84556944444444,25.346329166666667,17.753860763888888,0.0,2.8,0.52,15.15386076388889,14.174632916666667
232,198280.911,cam1-000-000232-0,7299209.175590316,375316.81436370325,374.3880615234375,BuffaloCamp100m,2020-01-21,2020-01-21 09:04:40.911,09:04:40,62.843938333333334,25.346818499999998,17.753901541666668,0.0,2.8,0.52,15.153901541666666,14.17468185
233,198283.981,cam1-000-000233-0,7299209.623250749,375338.2281835876,374.3834228515625,BuffaloCamp100m,2020-01-21,2020-01-21 09:04:43.981,09:04:43,62.84223277777778,25.347330166666666,17.753944180555557,0.0,2.8,0.52,15.153944180555555,14.174733016666666
234,198286.917,cam1-000-000234-0,7299210.002220748,375360.09932587104,374.45556640625,BuffaloCamp100m,2020-01-21,2020-01-21 09:04:46.917,09:04:46,62.84060166666667,25.3478195,17.753984958333334,0.0,2.8,0.52,15.153984958333334,14.17478195
235,198289.987,cam1-000-000235-0,7299210.458899945,375383.7541594166,374.4682312011719,BuffaloCamp100m,2020-01-21,2020-01-21 09:04:49.987,09:04:49,62.83889611111111,25.348331166666664,17.754027597222223,0.0,2.8,0.52,15.154027597222223,14.174833116666667
236,198292.923,cam1-000-000236-0,7299210.80500319,375407.2001772283,374.40826416015625,BuffaloCamp100m,2020-01-21,2020-01-21 09:04:52.923,09:04:52,62.837264999999995,25.348820500000002,17.754068375,0.0,2.8,0.52,15.154068375,14.17488205
237,198295.993,cam1-000-000237-0,7299211.057371851,375431.84670584527,374.4894104003906,BuffaloCamp100m,2020-01-21,2020-01-21 09:04:55.993,09:04:55,62.83555944444445,25.349332166666667,17.75411101388889,0.0,2.8,0.52,15.154111013888889,14.174933216666666
238,198298.929,cam1-000-000238-0,7299211.297675805,375455.31905718887,374.44390869140625,BuffaloCamp100m,2020-01-21,2020-01-21 09:04:58.929,09:04:58,62.83392833333333,25.3498215,17.75415179166667,0.0,2.8,0.52,15.154151791666667,14.17498215
239,198301.999,cam1-000-000239-0,7299211.389395282,375480.07834198413,374.4014892578125,BuffaloCamp100m,2020-01-21,2020-01-21 09:05:01.999,09:05:01,62.83222277777777,25.35033316666667,17.754194430555557,0.0,2.8,0.52,15.154194430555556,14.175033316666667
240,198304.935,cam1-000-000240-0,7299211.5516372975,375503.4268123526,374.3316955566406,BuffaloCamp100m,2020-01-21,2020-01-21 09:05:04.935,09:05:04,62.83059166666667,25.3508225,17.754235208333334,0.0,2.8,0.52,15.154235208333333,14.175082249999999
241,198308.005,cam1-000-000241-0,7299211.7017407045,375527.6426676424,374.2704162597656,BuffaloCamp100m,2020-01-21,2020-01-21 09:05:08.005,09:05:08,62.82888611111111,25.351334166666668,17.754277847222223,0.0,2.8,0.52,15.154277847222222,14.175133416666666
242,198310.941,cam1-000-000242-0,7299211.89117485,375551.1958344504,374.34893798828125,BuffaloCamp100m,2020-01-21,2020-01-21 09:05:10.941,09:05:10,62.82725500000001,25.3518235,17.754318625,0.0,2.8,0.52,15.154318625,14.17518235
243,198313.877,cam1-000-000243-0,7299212.127430821,375574.64484258683,374.3775329589844,BuffaloCamp100m,2020-01-21,2020-01-21 09:05:13.877,09:05:13,62.825623888888884,25.352312833333336,17.754359402777776,0.0,2.8,0.52,15.154359402777779,14.175231283333334
244,198316.947,cam1-000-000244-0,7299212.357325474,375599.4229135378,374.4162292480469,BuffaloCamp100m,2020-01-21,2020-01-21 09:05:16.947,09:05:16,62.82391833333334,25.352824499999997,17.754402041666665,0.0,2.8,0.52,15.154402041666668,14.17528245
245,198319.883,cam1-000-000245-0,7299212.523147023,375622.42456452374,374.4974365234375,BuffaloCamp100m,2020-01-21,2020-01-21 09:05:19.883,09:05:19,62.82228722222222,25.353313833333335,17.754442819444446,0.0,2.8,0.52,15.154442819444444,14.175331383333333
246,198322.953,cam1-000-000246-0,7299213.1487489715,375647.19428510434,374.4390869140625,BuffaloCamp100m,2020-01-21,2020-01-21 09:05:22.953,09:05:22,62.82058166666666,25.353825500000003,17.754485458333335,0.0,2.8,0.52,15.154485458333333,14.17538255
247,198325.889,cam1-000-000247-0,7299213.143206888,375670.6419759943,374.4224548339844,BuffaloCamp100m,2020-01-21,2020-01-21 09:05:25.889,09:05:25,62.81895055555556,25.354314833333333,17.75452623611111,0.0,2.8,0.52,15.154526236111112,14.175431483333334
248,198328.959,cam1-000-000248-0,7299213.133581765,375694.9152632465,374.2911376953125,BuffaloCamp100m,2020-01-21,2020-01-21 09:05:28.959,09:05:28,62.817245,25.3548265,17.754568875,0.0,2.8,0.52,15.154568875,14.17548265
249,198331.895,cam1-000-000249-0,7299213.488527743,375718.5518660044,374.14031982421875,BuffaloCamp100m,2020-01-21,2020-01-21 09:05:31.895,09:05:31,62.8156138888889,25.355315833333332,17.754609652777777,0.0,2.8,0.52,15.154609652777777,14.175531583333333
250,198334.965,cam1-000-000250-0,7299213.887368143,375743.22793765005,374.1395568847656,BuffaloCamp100m,2020-01-21,2020-01-21 09:05:34.965,09:05:34,62.81390833333334,25.3558275,17.754652291666666,0.0,2.8,0.52,15.154652291666666,14.17558275
251,198337.901,cam1-000-000251-0,7299213.974492181,375766.5972424593,374.07061767578125,BuffaloCamp100m,2020-01-21,2020-01-21 09:05:37.901,09:05:37,62.812277222222214,25.356316833333334,17.754693069444446,0.0,2.8,0.52,15.154693069444445,14.175631683333334
252,198340.971,cam1-000-000252-0,7299214.62930101,375791.4772949293,374.0636291503906,BuffaloCamp100m,2020-01-21,2020-01-21 09:05:40.971,09:05:40,62.810571666666675,25.3568285,17.75473570833333,0.0,2.8,0.52,15.154735708333334,14.17568285
253,198343.907,cam1-000-000253-0,7299214.53069464,375814.54390557145,374.1358337402344,BuffaloCamp100m,2020-01-21,2020-01-21 09:05:43.907,09:05:43,62.80894055555555,25.357317833333337,17.754776486111112,0.0,2.8,0.52,15.154776486111112,14.175731783333333
254,198346.977,cam1-000-000254-0,7299214.532441065,375838.72453532426,374.18499755859375,BuffaloCamp100m,2020-01-21,2020-01-21 09:05:46.977,09:05:46,62.80723499999999,25.3578295,17.754819125,0.0,2.8,0.52,15.154819125000001,14.17578295
255,198349.913,cam1-000-000255-0,7299214.706639588,375862.3253453091,374.3307189941406,BuffaloCamp100m,2020-01-21,2020-01-21 09:05:49.913,09:05:49,62.80560388888889,25.358318833333335,17.754859902777778,0.0,2.8,0.52,15.154859902777778,14.175831883333334
256,198352.983,cam1-000-000256-0,7299214.954709316,375886.8821695269,374.324462890625,BuffaloCamp100m,2020-01-21,2020-01-21 09:05:52.983,09:05:52,62.80389833333333,25.358830500000003,17.754902541666667,0.0,2.8,0.52,15.154902541666667,14.17588305
257,198355.919,cam1-000-000257-0,7299215.263372237,375910.5365084533,374.4080810546875,BuffaloCamp100m,2020-01-21,2020-01-21 09:05:55.919,09:05:55,62.80226722222223,25.359319833333334,17.754943319444443,0.0,2.8,0.52,15.154943319444445,14.175931983333333
258,198358.989,cam1-000-000258-0,7299215.460404146,375935.3276432607,374.3797912597656,BuffaloCamp100m,2020-01-21,2020-01-21 09:05:58.989,09:05:58,62.80056166666667,25.359831500000002,17.754985958333332,0.0,2.8,0.52,15.154985958333334,14.17598315
259,198361.925,cam1-000-000259-0,7299215.651137548,375958.7248312976,374.4012451171875,BuffaloCamp100m,2020-01-21,2020-01-21 09:06:01.925,09:06:01,62.798930555555565,25.360320833333333,17.755026736111112,0.0,2.8,0.52,15.155026736111111,14.176032083333332
260,198364.995,cam1-000-000260-0,7299215.783334285,375983.5293011073,374.36962890625,BuffaloCamp100m,2020-01-21,2020-01-21 09:06:04.995,09:06:04,62.797225000000005,25.3608325,17.755069375,0.0,2.8,0.52,15.155069375,14.17608325
261,198367.931,cam1-000-000261-0,7299216.033037498,376006.4036533649,374.44549560546875,BuffaloCamp100m,2020-01-21,2020-01-21 09:06:07.931,09:06:07,62.79559388888888,25.361321833333335,17.755110152777778,0.0,2.8,0.52,15.155110152777779,14.176132183333333
262,198371.0,cam1-000-000262-0,7299216.4122135155,376030.8825970576,374.376953125,BuffaloCamp100m,2020-01-21,2020-01-21 09:06:11.000,09:06:11,62.79388888888889,25.361833333333333,17.755152777777777,0.0,2.8,0.52,15.155152777777777,14.176183333333332
263,198373.937,cam1-000-000263-0,7299218.412642889,376044.89772680996,374.0260314941406,BuffaloCamp100m,2020-01-21,2020-01-21 09:06:13.937,09:06:13,62.79225722222222,25.362322833333334,17.755193569444444,0.0,2.8,0.52,15.155193569444444,14.176232283333333
264,198726.153,cam1-001-000000-0,7299277.83624883,375842.7098190107,300.24493408203125,BuffaloCamp100m,2020-01-21,2020-01-21 09:12:06.153,09:12:06,62.59658166666667,25.4210255,17.760085458333332,0.0,2.8,0.52,15.160085458333333,14.18210255
265,198729.222,cam1-001-000001-0,7299270.646987194,375847.05849935865,309.07958984375,BuffaloCamp100m,2020-01-21,2020-01-21 09:12:09.222,09:12:09,62.594876666666664,25.421537,17.760128083333335,0.0,2.8,0.52,15.160128083333333,14.1821537
266,198732.159,cam1-001-000002-0,7299261.709661692,375850.09590526466,317.26361083984375,BuffaloCamp100m,2020-01-21,2020-01-21 09:12:12.159,09:12:12,62.59324499999999,25.4220265,17.760168875,0.0,2.8,0.52,15.160168875,14.18220265
267,198735.228,cam1-001-000003-0,7299248.683256818,375853.99447957356,325.79083251953125,BuffaloCamp100m,2020-01-21,2020-01-21 09:12:15.228,09:12:15,62.59154,25.422538,17.7602115,0.0,2.8,0.52,15.1602115,14.1822538
268,198738.165,cam1-001-000004-0,7299237.310351372,375859.37837248686,333.9026794433594,BuffaloCamp100m,2020-01-21,2020-01-21 09:12:18.165,09:12:18,62.58990833333333,25.4230275,17.760252291666667,0.0,2.8,0.52,15.160252291666668,14.18230275
269,198741.234,cam1-001-000005-0,7299224.039117226,375869.328775274,342.4272766113281,BuffaloCamp100m,2020-01-21,2020-01-21 09:12:21.234,09:12:21,62.58820333333333,25.423538999999998,17.760294916666666,0.0,2.8,0.52,15.160294916666667,14.1823539
270,198744.171,cam1-001-000006-0,7299214.526339345,375882.3208601513,350.8216247558594,BuffaloCamp100m,2020-01-21,2020-01-21 09:12:24.171,09:12:24,62.586571666666664,25.424028500000002,17.760335708333333,0.0,2.8,0.52,15.160335708333333,14.18240285
271,198747.24,cam1-001-000007-0,7299216.823111381,375887.67238329287,359.2069396972656,BuffaloCamp100m,2020-01-21,2020-01-21 09:12:27.240,09:12:27,62.58486666666667,25.42454,17.760378333333332,0.0,2.8,0.52,15.160378333333334,14.182454
272,198750.177,cam1-001-000008-0,7299221.980270252,375889.591420472,367.52166748046875,BuffaloCamp100m,2020-01-21,2020-01-21 09:12:30.177,09:12:30,62.583235,25.4250295,17.760419125,0.0,2.8,0.52,15.160419125,14.18250295
273,198753.246,cam1-001-000009-0,7299225.9855740275,375892.6170347851,375.2311706542969,BuffaloCamp100m,2020-01-21,2020-01-21 09:12:33.246,09:12:33,62.581529999999994,25.425541000000003,17.76046175,0.0,2.8,0.52,15.16046175,14.1825541
274,198756.183,cam1-001-000010-0,7299228.021194931,375895.42347437324,377.7635803222656,BuffaloCamp100m,2020-01-21,2020-01-21 09:12:36.183,09:12:36,62.57989833333334,25.4260305,17.760502541666668,0.0,2.8,0.52,15.160502541666666,14.182603049999999
275,198759.119,cam1-001-000011-0,7299228.276780386,375896.17724891973,377.8716735839844,BuffaloCamp100m,2020-01-21,2020-01-21 09:12:39.119,09:12:39,62.578267222222216,25.426519833333334,17.760543319444444,0.0,2.8,0.52,15.160543319444445,14.182651983333333
276,198762.189,cam1-001-000012-0,7299228.612449263,375896.26816327544,377.7553405761719,BuffaloCamp100m,2020-01-21,2020-01-21 09:12:42.189,09:12:42,62.576561666666656,25.427031500000002,17.760585958333333,0.0,2.8,0.52,15.160585958333334,14.18270315
277,198765.125,cam1-001-000013-0,7299228.466651335,375896.0687445991,377.70513916015625,BuffaloCamp100m,2020-01-21,2020-01-21 09:12:45.125,09:12:45,62.574930555555554,25.427520833333332,17.76062673611111,0.0,2.8,0.52,15.16062673611111,14.182752083333334
278,198768.195,cam1-001-000014-0,7299228.10221675,375896.31684389024,377.67584228515625,BuffaloCamp100m,2020-01-21,2020-01-21 09:12:48.195,09:12:48,62.573224999999994,25.4280325,17.760669375,0.0,2.8,0.52,15.160669375,14.182803250000001
279,198771.131,cam1-001-000015-0,7299226.907560308,375899.30564574996,377.6689147949219,BuffaloCamp100m,2020-01-21,2020-01-21 09:12:51.131,09:12:51,62.57159388888889,25.42852183333333,17.76071015277778,0.0,2.8,0.52,15.160710152777778,14.182852183333333
280,198774.2,cam1-001-000016-0,7299226.2951658,375904.6938080202,377.6181335449219,BuffaloCamp100m,2020-01-21,2020-01-21 09:12:54.200,09:12:54,62.56988888888888,25.429033333333336,17.76075277777778,0.0,2.8,0.52,15.160752777777779,14.182903333333334
281,198777.137,cam1-001-000017-0,7299225.037195513,375916.11862294376,377.49725341796875,BuffaloCamp100m,2020-01-21,2020-01-21 09:12:57.137,09:12:57,62.56825722222223,25.42952283333333,17.760793569444445,0.0,2.8,0.52,15.160793569444444,14.182952283333334
282,198780.206,cam1-001-000018-0,7299222.702615699,375941.85696187394,377.6246643066406,BuffaloCamp100m,2020-01-21,2020-01-21 09:13:00.206,09:13:00,62.56655222222222,25.430034333333335,17.760836194444444,0.0,2.8,0.52,15.160836194444444,14.183003433333333
283,198783.143,cam1-001-000019-0,7299220.6571745295,375965.63662328623,377.5887145996094,BuffaloCamp100m,2020-01-21,2020-01-21 09:13:03.143,09:13:03,62.56492055555555,25.430523833333336,17.76087698611111,0.0,2.8,0.52,15.160876986111111,14.183052383333333
284,198786.212,cam1-001-000020-0,7299218.552311873,375989.4384399944,377.53790283203125,BuffaloCamp100m,2020-01-21,2020-01-21 09:13:06.212,09:13:06,62.56321555555556,25.431035333333334,17.76091961111111,0.0,2.8,0.52,15.160919611111112,14.183103533333334
285,198789.149,cam1-001-000021-0,7299216.303666409,376010.17738446005,377.491455078125,BuffaloCamp100m,2020-01-21,2020-01-21 09:13:09.149,09:13:09,62.56158388888888,25.431524833333334,17.760960402777776,0.0,2.8,0.52,15.160960402777778,14.183152483333334
286,198792.218,cam1-001-000022-0,7299216.071360545,376012.3766432494,377.2327880859375,BuffaloCamp100m,2020-01-21,2020-01-21 09:13:12.218,09:13:12,62.55987888888889,25.432036333333333,17.76100302777778,0.0,2.8,0.52,15.161003027777777,14.183203633333333
287,198795.155,cam1-001-000023-0,7299216.097625949,376014.464194989,376.1536865234375,BuffaloCamp100m,2020-01-21,2020-01-21 09:13:15.155,09:13:15,62.55824722222222,25.432525833333333,17.761043819444446,0.0,2.8,0.52,15.161043819444444,14.183252583333333
288,198798.224,cam1-001-000024-0,7299216.419706642,376033.4726917001,376.0392150878906,BuffaloCamp100m,2020-01-21,2020-01-21 09:13:18.224,09:13:18,62.55654222222223,25.43303733333333,17.761086444444445,0.0,2.8,0.52,15.161086444444445,14.183303733333334
289,198801.161,cam1-001-000025-0,7299216.721736789,376057.9937736639,376.0487060546875,BuffaloCamp100m,2020-01-21,2020-01-21 09:13:21.161,09:13:21,62.55491055555556,25.43352683333333,17.76112723611111,0.0,2.8,0.52,15.161127236111112,14.183352683333334
290,198804.23,cam1-001-000026-0,7299216.647521161,376081.7982696366,376.0067443847656,BuffaloCamp100m,2020-01-21,2020-01-21 09:13:24.230,09:13:24,62.55320555555555,25.434038333333334,17.76116986111111,0.0,2.8,0.52,15.16116986111111,14.183403833333333
291,198807.167,cam1-001-000027-0,7299216.929792075,376105.0326842661,376.04779052734375,BuffaloCamp100m,2020-01-21,2020-01-21 09:13:27.167,09:13:27,62.551573888888896,25.43452783333333,17.761210652777777,0.0,2.8,0.52,15.161210652777777,14.183452783333333
292,198810.236,cam1-001-000028-0,7299217.0868293755,376129.77870195516,376.15289306640625,BuffaloCamp100m,2020-01-21,2020-01-21 09:13:30.236,09:13:30,62.54986888888889,25.435039333333336,17.76125327777778,0.0,2.8,0.52,15.161253277777778,14.183503933333334
293,198813.172,cam1-001-000029-0,7299217.490372022,376153.0403818509,376.2110290527344,BuffaloCamp100m,2020-01-21,2020-01-21 09:13:33.172,09:13:33,62.548237777777786,25.435528666666666,17.761294055555556,0.0,2.8,0.52,15.161294055555556,14.183552866666666
294,198816.242,cam1-001-000030-0,7299217.730209047,376177.7954672748,376.2530212402344,BuffaloCamp100m,2020-01-21,2020-01-21 09:13:36.242,09:13:36,62.546532222222226,25.436040333333334,17.761336694444445,0.0,2.8,0.52,15.161336694444444,14.183604033333333
295,198819.178,cam1-001-000031-0,7299218.036898131,376201.21497702255,376.29559326171875,BuffaloCamp100m,2020-01-21,2020-01-21 09:13:39.178,09:13:39,62.5449011111111,25.43652966666667,17.76137747222222,0.0,2.8,0.52,15.161377472222222,14.183652966666667
296,198822.248,cam1-001-000032-0,7299218.164635079,376225.2275366404,376.3442687988281,BuffaloCamp100m,2020-01-21,2020-01-21 09:13:42.248,09:13:42,62.54319555555556,25.437041333333333,17.76142011111111,0.0,2.8,0.52,15.161420111111111,14.183704133333332
297,198825.184,cam1-001-000033-0,7299218.11090179,376248.6800534507,376.3027648925781,BuffaloCamp100m,2020-01-21,2020-01-21 09:13:45.184,09:13:45,62.54156444444444,25.437530666666667,17.761460888888887,0.0,2.8,0.52,15.16146088888889,14.183753066666666
298,198828.121,cam1-001-000034-0,7299218.220569188,376272.13639742445,376.24847412109375,BuffaloCamp100m,2020-01-21,2020-01-21 09:13:48.121,09:13:48,62.53993277777777,25.438020166666668,17.761501680555558,0.0,2.8,0.52,15.161501680555556,14.183802016666666
299,198831.19,cam1-001-000035-0,7299218.505871011,376296.9461035889,376.2582092285156,BuffaloCamp100m,2020-01-21,2020-01-21 09:13:51.190,09:13:51,62.53822777777778,25.438531666666666,17.761544305555557,0.0,2.8,0.52,15.161544305555555,14.183853166666667
300,198834.127,cam1-001-000036-0,7299218.448679559,376320.4971103543,376.3035583496094,BuffaloCamp100m,2020-01-21,2020-01-21 09:13:54.127,09:13:54,62.53659611111111,25.439021166666667,17.761585097222223,0.0,2.8,0.52,15.161585097222222,14.183902116666667
301,198837.196,cam1-001-000037-0,7299218.8521988485,376345.11275129917,376.32275390625,BuffaloCamp100m,2020-01-21,2020-01-21 09:13:57.196,09:13:57,62.534891111111115,25.439532666666665,17.761627722222222,0.0,2.8,0.52,15.161627722222223,14.183953266666666
302,198840.133,cam1-001-000038-0,7299219.914625328,376368.5657884731,376.228515625,BuffaloCamp100m,2020-01-21,2020-01-21 09:14:00.133,09:14:00,62.53325944444445,25.44002216666667,17.76166851388889,0.0,2.8,0.52,15.16166851388889,14.184002216666666
303,198843.202,cam1-001-000039-0,7299233.771577269,376386.5872404774,376.2013244628906,BuffaloCamp100m,2020-01-21,2020-01-21 09:14:03.202,09:14:03,62.53155444444445,25.440533666666663,17.761711138888888,0.0,2.8,0.52,15.161711138888888,14.184053366666667
304,198846.139,cam1-001-000040-0,7299257.219360139,376389.9384962112,376.21099853515625,BuffaloCamp100m,2020-01-21,2020-01-21 09:14:06.139,09:14:06,62.52992277777778,25.441023166666668,17.761751930555555,0.0,2.8,0.52,15.161751930555555,14.184102316666667
305,198849.208,cam1-001-000041-0,7299278.854985082,376387.7450801546,376.22698974609375,BuffaloCamp100m,2020-01-21,2020-01-21 09:14:09.208,09:14:09,62.52821777777777,25.44153466666667,17.761794555555557,0.0,2.8,0.52,15.161794555555556,14.184153466666666
306,198852.144,cam1-001-000042-0,7299299.108349477,376384.0036709164,376.0969543457031,BuffaloCamp100m,2020-01-21,2020-01-21 09:14:12.144,09:14:12,62.52658666666667,25.442024,17.761835333333334,0.0,2.8,0.52,15.161835333333334,14.1842024
307,198855.214,cam1-001-000043-0,7299314.17266093,376366.420381893,376.1526184082031,BuffaloCamp100m,2020-01-21,2020-01-21 09:14:15.214,09:14:15,62.52488111111111,25.442535666666668,17.761877972222223,0.0,2.8,0.52,15.161877972222223,14.184253566666667
308,198858.15,cam1-001-000044-0,7299314.69170399,376344.9292681882,376.2982482910156,BuffaloCamp100m,2020-01-21,2020-01-21 09:14:18.150,09:14:18,62.523250000000004,25.443025,17.76191875,0.0,2.8,0.52,15.16191875,14.1843025
309,198861.22,cam1-001-000045-0,7299313.616186953,376324.13374149555,376.3046875,BuffaloCamp100m,2020-01-21,2020-01-21 09:14:21.220,09:14:21,62.521544444444444,25.443536666666667,17.76196138888889,0.0,2.8,0.52,15.161961388888889,14.184353666666667
310,198864.156,cam1-001-000046-0,7299313.663565092,376302.93185914087,376.32281494140625,BuffaloCamp100m,2020-01-21,2020-01-21 09:14:24.156,09:14:24,62.51991333333334,25.444025999999997,17.762002166666665,0.0,2.8,0.52,15.162002166666667,14.1844026
311,198867.226,cam1-001-000047-0,7299313.596776372,376279.38620704587,376.36065673828125,BuffaloCamp100m,2020-01-21,2020-01-21 09:14:27.226,09:14:27,62.51820777777778,25.444537666666665,17.762044805555554,0.0,2.8,0.52,15.162044805555556,14.184453766666667
312,198870.162,cam1-001-000048-0,7299313.547330305,376256.3084209834,376.4145202636719,BuffaloCamp100m,2020-01-21,2020-01-21 09:14:30.162,09:14:30,62.51657666666666,25.445027000000003,17.762085583333334,0.0,2.8,0.52,15.162085583333333,14.1845027
313,198873.232,cam1-001-000049-0,7299313.4921375755,376231.476285873,376.41595458984375,BuffaloCamp100m,2020-01-21,2020-01-21 09:14:33.232,09:14:33,62.51487111111112,25.445538666666664,17.762128222222223,0.0,2.8,0.52,15.162128222222222,14.184553866666667
314,198876.168,cam1-001-000050-0,7299313.395973944,376208.1191264227,376.3472900390625,BuffaloCamp100m,2020-01-21,2020-01-21 09:14:36.168,09:14:36,62.513239999999996,25.446028000000002,17.762169,0.0,2.8,0.52,15.162169,14.1846028
315,198879.238,cam1-001-000051-0,7299313.326313144,376184.0204020905,376.3624572753906,BuffaloCamp100m,2020-01-21,2020-01-21 09:14:39.238,09:14:39,62.511534444444436,25.44653966666667,17.76221163888889,0.0,2.8,0.52,15.16221163888889,14.184653966666668
316,198882.174,cam1-001-000052-0,7299313.015792824,376160.7116758177,376.367431640625,BuffaloCamp100m,2020-01-21,2020-01-21 09:14:42.174,09:14:42,62.509903333333334,25.447029,17.762252416666666,0.0,2.8,0.52,15.162252416666666,14.1847029
317,198885.244,cam1-001-000053-0,7299312.719492596,376135.96275967243,376.409912109375,BuffaloCamp100m,2020-01-21,2020-01-21 09:14:45.244,09:14:45,62.508197777777774,25.44754066666667,17.762295055555555,0.0,2.8,0.52,15.162295055555555,14.184754066666667
318,198888.18,cam1-001-000054-0,7299312.645281146,376112.4963853342,376.3681945800781,BuffaloCamp100m,2020-01-21,2020-01-21 09:14:48.180,09:14:48,62.50656666666667,25.44803,17.762335833333335,0.0,2.8,0.52,15.162335833333334,14.184803
319,198891.25,cam1-001-000055-0,7299312.552682005,376087.80386652786,376.3410949707031,BuffaloCamp100m,2020-01-21,2020-01-21 09:14:51.250,09:14:51,62.50486111111111,25.448541666666667,17.762378472222224,0.0,2.8,0.52,15.162378472222223,14.184854166666666
320,198894.186,cam1-001-000056-0,7299312.534554499,376064.1524617613,376.31634521484375,BuffaloCamp100m,2020-01-21,2020-01-21 09:14:54.186,09:14:54,62.50323000000001,25.449030999999998,17.76241925,0.0,2.8,0.52,15.16241925,14.1849031
321,198897.256,cam1-001-000057-0,7299312.198386737,376039.95299935085,376.239013671875,BuffaloCamp100m,2020-01-21,2020-01-21 09:14:57.256,09:14:57,62.50152444444445,25.449542666666666,17.76246188888889,0.0,2.8,0.52,15.162461888888888,14.184954266666667
322,198900.192,cam1-001-000058-0,7299311.78829659,376016.73966722685,376.13824462890625,BuffaloCamp100m,2020-01-21,2020-01-21 09:15:00.192,09:15:00,62.499893333333326,25.450032,17.762502666666666,0.0,2.8,0.52,15.162502666666667,14.1850032
323,198903.128,cam1-001-000059-0,7299311.757773037,375993.1494458078,376.0662536621094,BuffaloCamp100m,2020-01-21,2020-01-21 09:15:03.128,09:15:03,62.49826222222222,25.450521333333334,17.762543444444443,0.0,2.8,0.52,15.162543444444445,14.185052133333333
324,198906.198,cam1-001-000060-0,7299311.332556443,375968.7553030891,375.9948425292969,BuffaloCamp100m,2020-01-21,2020-01-21 09:15:06.198,09:15:06,62.49655666666666,25.451033000000002,17.762586083333332,0.0,2.8,0.52,15.162586083333334,14.1851033
325,198909.134,cam1-001-000061-0,7299311.334550151,375945.0937864133,375.88128662109375,BuffaloCamp100m,2020-01-21,2020-01-21 09:15:09.134,09:15:09,62.49492555555556,25.451522333333333,17.762626861111112,0.0,2.8,0.52,15.16262686111111,14.185152233333334
326,198912.204,cam1-001-000062-0,7299311.186304195,375920.29287918133,375.83953857421875,BuffaloCamp100m,2020-01-21,2020-01-21 09:15:12.204,09:15:12,62.49322,25.452034,17.7626695,0.0,2.8,0.52,15.1626695,14.1852034
327,198915.14,cam1-001-000063-0,7299310.908341596,375896.8914430145,375.84869384765625,BuffaloCamp100m,2020-01-21,2020-01-21 09:15:15.140,09:15:15,62.491588888888884,25.452523333333335,17.762710277777778,0.0,2.8,0.52,15.162710277777778,14.185252333333334
328,198918.21,cam1-001-000064-0,7299310.774990927,375872.74045249936,375.8689880371094,BuffaloCamp100m,2020-01-21,2020-01-21 09:15:18.210,09:15:18,62.48988333333334,25.453035,17.762752916666667,0.0,2.8,0.52,15.162752916666667,14.1853035
329,198921.146,cam1-001-000065-0,7299310.502693189,375849.35921113356,375.8703308105469,BuffaloCamp100m,2020-01-21,2020-01-21 09:15:21.146,09:15:21,62.488252222222215,25.453524333333334,17.762793694444444,0.0,2.8,0.52,15.162793694444444,14.185352433333334
330,198924.216,cam1-001-000066-0,7299310.1648618225,375824.628774102,375.9852294921875,BuffaloCamp100m,2020-01-21,2020-01-21 09:15:24.216,09:15:24,62.486546666666676,25.454036,17.762836333333333,0.0,2.8,0.52,15.162836333333333,14.185403599999999
331,198927.152,cam1-001-000067-0,7299309.8638368435,375801.0012651662,376.10552978515625,BuffaloCamp100m,2020-01-21,2020-01-21 09:15:27.152,09:15:27,62.48491555555555,25.454525333333333,17.762877111111113,0.0,2.8,0.52,15.162877111111111,14.185452533333333
332,198930.222,cam1-001-000068-0,7299309.753005652,375776.3636044028,376.1895751953125,BuffaloCamp100m,2020-01-21,2020-01-21 09:15:30.222,09:15:30,62.48320999999999,25.455037,17.762919750000002,0.0,2.8,0.52,15.16291975,14.1855037
333,198933.158,cam1-001-000069-0,7299309.322008674,375752.7213045007,376.2449035644531,BuffaloCamp100m,2020-01-21,2020-01-21 09:15:33.158,09:15:33,62.48157888888889,25.45552633333333,17.76296052777778,0.0,2.8,0.52,15.162960527777777,14.185552633333334
334,198936.228,cam1-001-000070-0,7299309.215923719,375728.8313448982,376.1502685546875,BuffaloCamp100m,2020-01-21,2020-01-21 09:15:36.228,09:15:36,62.47987333333333,25.456038,17.763003166666667,0.0,2.8,0.52,15.163003166666666,14.1856038
335,198939.164,cam1-001-000071-0,7299309.259004358,375705.4035968916,376.1688537597656,BuffaloCamp100m,2020-01-21,2020-01-21 09:15:39.164,09:15:39,62.47824222222223,25.45652733333333,17.763043944444444,0.0,2.8,0.52,15.163043944444444,14.185652733333333
336,198942.234,cam1-001-000072-0,7299309.100956727,375680.5992754256,376.16070556640625,BuffaloCamp100m,2020-01-21,2020-01-21 09:15:42.234,09:15:42,62.47653666666667,25.457038999999998,17.763086583333333,0.0,2.8,0.52,15.163086583333333,14.1857039
337,198945.17,cam1-001-000073-0,7299308.776025167,375657.20517091133,376.2281799316406,BuffaloCamp100m,2020-01-21,2020-01-21 09:15:45.170,09:15:45,62.47490555555555,25.457528333333336,17.76312736111111,0.0,2.8,0.52,15.163127361111112,14.185752833333334
338,198948.24,cam1-001-000074-0,7299308.431024708,375632.3982235735,376.2906799316406,BuffaloCamp100m,2020-01-21,2020-01-21 09:15:48.240,09:15:48,62.473200000000006,25.458039999999997,17.76317,0.0,2.8,0.52,15.16317,14.185804
339,198951.176,cam1-001-000075-0,7299308.380647948,375608.8283539909,376.1042175292969,BuffaloCamp100m,2020-01-21,2020-01-21 09:15:51.176,09:15:51,62.47156888888888,25.458529333333335,17.76321077777778,0.0,2.8,0.52,15.163210777777778,14.185852933333333
340,198954.246,cam1-001-000076-0,7299308.0931339655,375584.80961832486,376.0376281738281,BuffaloCamp100m,2020-01-21,2020-01-21 09:15:54.246,09:15:54,62.46986333333333,25.459041000000003,17.763253416666668,0.0,2.8,0.52,15.163253416666667,14.1859041
341,198957.182,cam1-001-000077-0,7299307.655081069,375561.36559905746,375.9879455566406,BuffaloCamp100m,2020-01-21,2020-01-21 09:15:57.182,09:15:57,62.46823222222222,25.459530333333333,17.763294194444445,0.0,2.8,0.52,15.163294194444445,14.185953033333334
342,198960.252,cam1-001-000078-0,7299307.641324317,375536.4880653692,376.01251220703125,BuffaloCamp100m,2020-01-21,2020-01-21 09:16:00.252,09:16:00,62.46652666666666,25.460042,17.763336833333334,0.0,2.8,0.52,15.163336833333334,14.186004200000001
343,198963.188,cam1-001-000079-0,7299307.567832962,375513.02936837694,375.9395446777344,BuffaloCamp100m,2020-01-21,2020-01-21 09:16:03.188,09:16:03,62.46489555555556,25.460531333333332,17.76337761111111,0.0,2.8,0.52,15.16337761111111,14.186053133333333
344,198966.258,cam1-001-000080-0,7299307.343487869,375488.50717320875,375.99090576171875,BuffaloCamp100m,2020-01-21,2020-01-21 09:16:06.258,09:16:06,62.46319,25.461043,17.76342025,0.0,2.8,0.52,15.16342025,14.1861043
345,198969.194,cam1-001-000081-0,7299307.199553432,375464.934241284,375.9950256347656,BuffaloCamp100m,2020-01-21,2020-01-21 09:16:09.194,09:16:09,62.461558888888895,25.46153233333333,17.76346102777778,0.0,2.8,0.52,15.163461027777778,14.186153233333334
346,198972.13,cam1-001-000082-0,7299306.813964224,375441.31343668926,375.987548828125,BuffaloCamp100m,2020-01-21,2020-01-21 09:16:12.130,09:16:12,62.45992777777778,25.46202166666667,17.763501805555556,0.0,2.8,0.52,15.163501805555555,14.186202166666666
347,198975.2,cam1-001-000083-0,7299306.485288328,375417.2828088722,375.9449768066406,BuffaloCamp100m,2020-01-21,2020-01-21 09:16:15.200,09:16:15,62.45822222222222,25.462533333333337,17.763544444444445,0.0,2.8,0.52,15.163544444444444,14.186253333333333
348,198978.136,cam1-001-000084-0,7299306.344327489,375393.80838940106,375.91357421875,BuffaloCamp100m,2020-01-21,2020-01-21 09:16:18.136,09:16:18,62.45659111111111,25.463022666666667,17.763585222222222,0.0,2.8,0.52,15.163585222222222,14.186302266666667
349,198981.206,cam1-001-000085-0,7299305.998959759,375369.10943810944,375.8492736816406,BuffaloCamp100m,2020-01-21,2020-01-21 09:16:21.206,09:16:21,62.45488555555555,25.463534333333335,17.76362786111111,0.0,2.8,0.52,15.163627861111111,14.186353433333334
350,198984.142,cam1-001-000086-0,7299305.813000945,375345.6146672539,375.8577880859375,BuffaloCamp100m,2020-01-21,2020-01-21 09:16:24.142,09:16:24,62.45325444444445,25.464023666666666,17.763668638888888,0.0,2.8,0.52,15.16366863888889,14.186402366666666
351,198987.212,cam1-001-000087-0,7299305.621390519,375320.91743342887,375.926025390625,BuffaloCamp100m,2020-01-21,2020-01-21 09:16:27.212,09:16:27,62.45154888888889,25.464535333333334,17.763711277777777,0.0,2.8,0.52,15.163711277777779,14.186453533333333
352,198990.148,cam1-001-000088-0,7299305.336743586,375297.59223082755,375.9828186035156,BuffaloCamp100m,2020-01-21,2020-01-21 09:16:30.148,09:16:30,62.449917777777785,25.465024666666665,17.763752055555557,0.0,2.8,0.52,15.163752055555555,14.186502466666667
353,198993.218,cam1-001-000089-0,7299306.297584549,375272.7375105544,376.0985107421875,BuffaloCamp100m,2020-01-21,2020-01-21 09:16:33.218,09:16:33,62.448212222222224,25.465536333333333,17.763794694444446,0.0,2.8,0.52,15.163794694444444,14.186553633333332
354,198996.154,cam1-001-000090-0,7299318.529660043,375253.3554649777,375.9819030761719,BuffaloCamp100m,2020-01-21,2020-01-21 09:16:36.154,09:16:36,62.44658111111111,25.466025666666667,17.763835472222222,0.0,2.8,0.52,15.163835472222223,14.186602566666666
355,198999.224,cam1-001-000091-0,7299339.394779966,375247.22295163956,375.82122802734375,BuffaloCamp100m,2020-01-21,2020-01-21 09:16:39.224,09:16:39,62.44487555555556,25.46653733333333,17.76387811111111,0.0,2.8,0.52,15.163878111111112,14.186653733333333
356,199002.16,cam1-001-000092-0,7299359.876647771,375247.5815493772,375.7950439453125,BuffaloCamp100m,2020-01-21,2020-01-21 09:16:42.160,09:16:42,62.443244444444446,25.46702666666667,17.763918888888888,0.0,2.8,0.52,15.163918888888889,14.186702666666667
357,199005.23,cam1-001-000093-0,7299381.960130002,375248.5513453435,375.7943115234375,BuffaloCamp100m,2020-01-21,2020-01-21 09:16:45.230,09:16:45,62.441538888888886,25.467538333333334,17.763961527777777,0.0,2.8,0.52,15.163961527777778,14.186753833333334
358,199008.166,cam1-001-000094-0,7299399.195108337,375262.6652016701,375.6758728027344,BuffaloCamp100m,2020-01-21,2020-01-21 09:16:48.166,09:16:48,62.439907777777776,25.468027666666668,17.764002305555557,0.0,2.8,0.52,15.164002305555556,14.186802766666666
359,199011.236,cam1-001-000095-0,7299401.197228767,375286.0084310899,375.6004943847656,BuffaloCamp100m,2020-01-21,2020-01-21 09:16:51.236,09:16:51,62.438202222222216,25.468539333333336,17.764044944444446,0.0,2.8,0.52,15.164044944444445,14.186853933333333
360,199014.172,cam1-001-000096-0,7299400.615350824,375307.34862439916,375.6120300292969,BuffaloCamp100m,2020-01-21,2020-01-21 09:16:54.172,09:16:54,62.436571111111114,25.469028666666667,17.764085722222223,0.0,2.8,0.52,15.164085722222222,14.186902866666667
361,199017.242,cam1-001-000097-0,7299401.1347476775,375329.184353297,375.652099609375,BuffaloCamp100m,2020-01-21,2020-01-21 09:16:57.242,09:16:57,62.434865555555554,25.469540333333335,17.764128361111112,0.0,2.8,0.52,15.16412836111111,14.186954033333333
362,199020.178,cam1-001-000098-0,7299401.549163365,375352.04831190966,375.6940612792969,BuffaloCamp100m,2020-01-21,2020-01-21 09:17:00.178,09:17:00,62.43323444444444,25.47002966666667,17.76416913888889,0.0,2.8,0.52,15.164169138888889,14.187002966666666
363,199023.248,cam1-001-000099-0,7299401.543874056,375376.57933306467,375.7323303222656,BuffaloCamp100m,2020-01-21,2020-01-21 09:17:03.248,09:17:03,62.43152888888889,25.470541333333333,17.764211777777778,0.0,2.8,0.52,15.164211777777778,14.187054133333334
364,199026.184,cam1-001-000100-0,7299401.907383237,375399.8601959307,375.7478332519531,BuffaloCamp100m,2020-01-21,2020-01-21 09:17:06.184,09:17:06,62.429897777777775,25.471030666666667,17.764252555555554,0.0,2.8,0.52,15.164252555555557,14.187103066666667
365,199029.254,cam1-001-000101-0,7299402.446115,375424.381106917,375.8171081542969,BuffaloCamp100m,2020-01-21,2020-01-21 09:17:09.254,09:17:09,62.42819222222223,25.471542333333332,17.764295194444443,0.0,2.8,0.52,15.164295194444444,14.187154233333333
366,199032.19,cam1-001-000102-0,7299402.707808454,375447.6753583958,375.9109191894531,BuffaloCamp100m,2020-01-21,2020-01-21 09:17:12.190,09:17:12,62.42656111111111,25.472031666666666,17.764335972222224,0.0,2.8,0.52,15.164335972222222,14.187203166666666
367,199035.126,cam1-001-000103-0,7299402.835611444,375471.14734372654,375.91192626953125,BuffaloCamp100m,2020-01-21,2020-01-21 09:17:15.126,09:17:15,62.42493,25.472520999999997,17.76437675,0.0,2.8,0.52,15.16437675,14.1872521
368,199038.196,cam1-001-000104-0,7299402.961652968,375495.26549607527,375.8691101074219,BuffaloCamp100m,2020-01-21,2020-01-21 09:17:18.196,09:17:18,62.42322444444444,25.473032666666665,17.76441938888889,0.0,2.8,0.52,15.16441938888889,14.187303266666667
369,199041.132,cam1-001-000105-0,7299403.305488642,375518.6473074763,375.8332824707031,BuffaloCamp100m,2020-01-21,2020-01-21 09:17:21.132,09:17:21,62.42159333333333,25.473522000000003,17.764460166666666,0.0,2.8,0.52,15.164460166666666,14.1873522
370,199044.202,cam1-001-000106-0,7299403.381654767,375543.34989512706,375.7956237792969,BuffaloCamp100m,2020-01-21,2020-01-21 09:17:24.202,09:17:24,62.41988777777778,25.474033666666664,17.764502805555555,0.0,2.8,0.52,15.164502805555555,14.187403366666667
371,199047.138,cam1-001-000107-0,7299403.4548621345,375566.8205881357,375.8736572265625,BuffaloCamp100m,2020-01-21,2020-01-21 09:17:27.138,09:17:27,62.418256666666665,25.474523,17.764543583333335,0.0,2.8,0.52,15.164543583333334,14.1874523
372,199050.208,cam1-001-000108-0,7299403.785018882,375591.6806957382,375.8938293457031,BuffaloCamp100m,2020-01-21,2020-01-21 09:17:30.208,09:17:30,62.416551111111104,25.47503466666667,17.764586222222224,0.0,2.8,0.52,15.164586222222223,14.187503466666668
373,199053.144,cam1-001-000109-0,7299404.16199713,375615.03613975586,375.8907165527344,BuffaloCamp100m,2020-01-21,2020-01-21 09:17:33.144,09:17:33,62.41492,25.475524,17.764627,0.0,2.8,0.52,15.164627,14.1875524
374,199056.214,cam1-001-000110-0,7299404.373263665,375639.1337876253,375.77227783203125,BuffaloCamp100m,2020-01-21,2020-01-21 09:17:36.214,09:17:36,62.41321444444444,25.476035666666668,17.76466963888889,0.0,2.8,0.52,15.164669638888888,14.187603566666667
375,199059.15,cam1-001-000111-0,7299404.552285463,375662.5654725748,375.6329650878906,BuffaloCamp100m,2020-01-21,2020-01-21 09:17:39.150,09:17:39,62.41158333333334,25.476525,17.764710416666667,0.0,2.8,0.52,15.164710416666667,14.1876525
376,199062.22,cam1-001-000112-0,7299404.594133914,375687.34102656884,375.6510009765625,BuffaloCamp100m,2020-01-21,2020-01-21 09:17:42.220,09:17:42,62.40987777777778,25.477036666666667,17.764753055555556,0.0,2.8,0.52,15.164753055555556,14.187703666666668
377,199065.156,cam1-001-000113-0,7299404.856210664,375710.79666468,375.59527587890625,BuffaloCamp100m,2020-01-21,2020-01-21 09:17:45.156,09:17:45,62.40824666666667,25.477525999999997,17.764793833333332,0.0,2.8,0.52,15.164793833333333,14.1877526
378,199068.226,cam1-001-000114-0,7299405.25374704,375735.55049644865,375.58380126953125,BuffaloCamp100m,2020-01-21,2020-01-21 09:17:48.226,09:17:48,62.40654111111111,25.478037666666665,17.76483647222222,0.0,2.8,0.52,15.164836472222222,14.187803766666667
379,199071.162,cam1-001-000115-0,7299405.689935786,375759.0189353592,375.5746154785156,BuffaloCamp100m,2020-01-21,2020-01-21 09:17:51.162,09:17:51,62.404909999999994,25.478527000000003,17.76487725,0.0,2.8,0.52,15.16487725,14.1878527
380,199074.232,cam1-001-000116-0,7299406.017796914,375783.0291283116,375.5769958496094,BuffaloCamp100m,2020-01-21,2020-01-21 09:17:54.232,09:17:54,62.40320444444445,25.479038666666664,17.76491988888889,0.0,2.8,0.52,15.164919888888889,14.187903866666666
381,199077.168,cam1-001-000117-0,7299406.183469699,375806.48729897215,375.5442199707031,BuffaloCamp100m,2020-01-21,2020-01-21 09:17:57.168,09:17:57,62.40157333333333,25.479528000000002,17.764960666666667,0.0,2.8,0.52,15.164960666666667,14.1879528
382,199080.237,cam1-001-000118-0,7299406.147706406,375831.3139116364,375.619140625,BuffaloCamp100m,2020-01-21,2020-01-21 09:18:00.237,09:18:00,62.39986833333334,25.4800395,17.765003291666666,0.0,2.8,0.52,15.165003291666666,14.18800395
383,199083.174,cam1-001-000119-0,7299406.27823968,375854.7951100468,375.7032775878906,BuffaloCamp100m,2020-01-21,2020-01-21 09:18:03.174,09:18:03,62.39823666666667,25.480529,17.765044083333333,0.0,2.8,0.52,15.165044083333333,14.1880529
384,199086.243,cam1-001-000120-0,7299406.431864059,375879.6374443704,375.60345458984375,BuffaloCamp100m,2020-01-21,2020-01-21 09:18:06.243,09:18:06,62.396531666666675,25.4810405,17.76508670833333,0.0,2.8,0.52,15.165086708333334,14.18810405
385,199089.18,cam1-001-000121-0,7299406.942140605,375902.7782777012,375.6097106933594,BuffaloCamp100m,2020-01-21,2020-01-21 09:18:09.180,09:18:09,62.39490000000001,25.48153,17.7651275,0.0,2.8,0.52,15.1651275,14.188153
386,199092.249,cam1-001-000122-0,7299407.012764788,375927.03547798237,375.5243225097656,BuffaloCamp100m,2020-01-21,2020-01-21 09:18:12.249,09:18:12,62.39319499999999,25.4820415,17.765170125,0.0,2.8,0.52,15.165170125,14.18820415
387,199095.186,cam1-001-000123-0,7299406.895499371,375950.47752742894,375.5625915527344,BuffaloCamp100m,2020-01-21,2020-01-21 09:18:15.186,09:18:15,62.39156333333334,25.482530999999998,17.765210916666668,0.0,2.8,0.52,15.165210916666666,14.1882531
388,199098.255,cam1-001-000124-0,7299407.131106619,375975.2812340646,375.6143798828125,BuffaloCamp100m,2020-01-21,2020-01-21 09:18:18.255,09:18:18,62.38985833333333,25.4830425,17.765253541666667,0.0,2.8,0.52,15.165253541666667,14.18830425
389,199101.192,cam1-001-000125-0,7299407.385366533,375998.8334775439,375.5887451171875,BuffaloCamp100m,2020-01-21,2020-01-21 09:18:21.192,09:18:21,62.38822666666666,25.483532,17.765294333333333,0.0,2.8,0.52,15.165294333333334,14.1883532
390,199104.128,cam1-001-000126-0,7299407.643791553,376022.40654897125,375.5278015136719,BuffaloCamp100m,2020-01-21,2020-01-21 09:18:24.128,09:18:24,62.38659555555556,25.484021333333335,17.76533511111111,0.0,2.8,0.52,15.16533511111111,14.188402133333334
391,199107.198,cam1-001-000127-0,7299407.827435042,376047.1829698901,375.5736083984375,BuffaloCamp100m,2020-01-21,2020-01-21 09:18:27.198,09:18:27,62.38489,25.484533,17.76537775,0.0,2.8,0.52,15.16537775,14.1884533
392,199110.134,cam1-001-000128-0,7299408.002584723,376070.6285976835,375.6158142089844,BuffaloCamp100m,2020-01-21,2020-01-21 09:18:30.134,09:18:30,62.383258888888896,25.485022333333333,17.76541852777778,0.0,2.8,0.52,15.165418527777778,14.188502233333333
393,199113.204,cam1-001-000129-0,7299408.40708195,376094.9170132414,375.7034606933594,BuffaloCamp100m,2020-01-21,2020-01-21 09:18:33.204,09:18:33,62.381553333333336,25.485534,17.765461166666668,0.0,2.8,0.52,15.165461166666667,14.1885534
394,199116.14,cam1-001-000130-0,7299408.496115805,376118.5516740336,375.7130432128906,BuffaloCamp100m,2020-01-21,2020-01-21 09:18:36.140,09:18:36,62.37992222222221,25.486023333333335,17.765501944444445,0.0,2.8,0.52,15.165501944444445,14.188602333333334
395,199119.209,cam1-001-000131-0,7299408.833974594,376142.892071384,375.6200256347656,BuffaloCamp100m,2020-01-21,2020-01-21 09:18:39.209,09:18:39,62.37821722222222,25.486534833333334,17.765544569444444,0.0,2.8,0.52,15.165544569444444,14.188653483333333
396,199122.146,cam1-001-000132-0,7299408.835302774,376166.3022582899,375.6826477050781,BuffaloCamp100m,2020-01-21,2020-01-21 09:18:42.146,09:18:42,62.37658555555555,25.487024333333334,17.76558536111111,0.0,2.8,0.52,15.16558536111111,14.188702433333333
397,199125.215,cam1-001-000133-0,7299408.778091343,376191.1185509539,375.7026672363281,BuffaloCamp100m,2020-01-21,2020-01-21 09:18:45.215,09:18:45,62.374880555555556,25.487535833333332,17.765627986111113,0.0,2.8,0.52,15.165627986111112,14.188753583333334
398,199128.152,cam1-001-000134-0,7299408.825433616,376214.53271429404,375.67584228515625,BuffaloCamp100m,2020-01-21,2020-01-21 09:18:48.152,09:18:48,62.37324888888889,25.488025333333333,17.76566877777778,0.0,2.8,0.52,15.165668777777778,14.188802533333334
399,199131.221,cam1-001-000135-0,7299409.230569584,376238.64879501547,375.6017150878906,BuffaloCamp100m,2020-01-21,2020-01-21 09:18:51.221,09:18:51,62.371543888888894,25.48853683333333,17.76571140277778,0.0,2.8,0.52,15.165711402777777,14.188853683333333
400,199134.158,cam1-001-000136-0,7299409.582321404,376262.13268208853,375.5654296875,BuffaloCamp100m,2020-01-21,2020-01-21 09:18:54.158,09:18:54,62.369912222222226,25.48902633333333,17.765752194444445,0.0,2.8,0.52,15.165752194444444,14.188902633333333
401,199137.227,cam1-001-000137-0,7299409.846931794,376286.8199784387,375.60791015625,BuffaloCamp100m,2020-01-21,2020-01-21 09:18:57.227,09:18:57,62.36820722222222,25.489537833333337,17.765794819444444,0.0,2.8,0.52,15.165794819444445,14.188953783333334
402,199140.164,cam1-001-000138-0,7299409.956772359,376310.2938135357,375.5775451660156,BuffaloCamp100m,2020-01-21,2020-01-21 09:19:00.164,09:19:00,62.36657555555556,25.49002733333333,17.76583561111111,0.0,2.8,0.52,15.165835611111111,14.189002733333334
403,199143.233,cam1-001-000139-0,7299410.153890235,376334.9005398017,375.5054626464844,BuffaloCamp100m,2020-01-21,2020-01-21 09:19:03.233,09:19:03,62.36487055555555,25.490538833333336,17.76587823611111,0.0,2.8,0.52,15.16587823611111,14.189053883333333
404,199146.17,cam1-001-000140-0,7299411.124654989,376358.3960184807,375.4831848144531,BuffaloCamp100m,2020-01-21,2020-01-21 09:19:06.170,09:19:06,62.36323888888888,25.491028333333336,17.765919027777777,0.0,2.8,0.52,15.165919027777777,14.189102833333333
405,199149.239,cam1-001-000141-0,7299423.071195509,376378.2833474977,375.52862548828125,BuffaloCamp100m,2020-01-21,2020-01-21 09:19:09.239,09:19:09,62.361533888888886,25.491539833333334,17.76596165277778,0.0,2.8,0.52,15.165961652777778,14.189153983333334
406,199152.176,cam1-001-000142-0,7299445.347003646,376383.1264510398,375.5342102050781,BuffaloCamp100m,2020-01-21,2020-01-21 09:19:12.176,09:19:12,62.35990222222222,25.492029333333335,17.766002444444446,0.0,2.8,0.52,15.166002444444445,14.189202933333334
407,199155.245,cam1-001-000143-0,7299467.744464301,376380.97171290364,375.5432434082031,BuffaloCamp100m,2020-01-21,2020-01-21 09:19:15.245,09:19:15,62.35819722222222,25.492540833333333,17.766045069444445,0.0,2.8,0.52,15.166045069444444,14.189254083333333
408,199158.181,cam1-001-000144-0,7299488.827108838,376377.43255297234,375.559814453125,BuffaloCamp100m,2020-01-21,2020-01-21 09:19:18.181,09:19:18,62.35656611111111,25.493030166666667,17.76608584722222,0.0,2.8,0.52,15.166085847222222,14.189303016666667
409,199161.251,cam1-001-000145-0,7299504.769222366,376360.1982819853,375.4015808105469,BuffaloCamp100m,2020-01-21,2020-01-21 09:19:21.251,09:19:21,62.35486055555556,25.49354183333333,17.76612848611111,0.0,2.8,0.52,15.166128486111111,14.189354183333334
410,199164.187,cam1-001-000146-0,7299505.72460808,376337.9078146623,375.3380126953125,BuffaloCamp100m,2020-01-21,2020-01-21 09:19:24.187,09:19:24,62.353229444444445,25.494031166666666,17.76616926388889,0.0,2.8,0.52,15.16616926388889,14.189403116666666
411,199167.257,cam1-001-000147-0,7299504.744619339,376317.3006438113,375.3308410644531,BuffaloCamp100m,2020-01-21,2020-01-21 09:19:27.257,09:19:27,62.351523888888885,25.494542833333334,17.76621190277778,0.0,2.8,0.52,15.166211902777778,14.189454283333333
412,199170.193,cam1-001-000148-0,7299504.779905778,376297.09828767186,375.36309814453125,BuffaloCamp100m,2020-01-21,2020-01-21 09:19:30.193,09:19:30,62.349892777777775,25.495032166666668,17.766252680555557,0.0,2.8,0.52,15.166252680555555,14.189503216666667
413,199173.263,cam1-001-000149-0,7299504.9512191415,376273.3862235501,375.3948669433594,BuffaloCamp100m,2020-01-21,2020-01-21 09:19:33.263,09:19:33,62.34818722222222,25.495543833333333,17.766295319444446,0.0,2.8,0.52,15.166295319444444,14.189554383333334
414,199176.199,cam1-001-000150-0,7299504.894202687,376249.9812036087,375.42413330078125,BuffaloCamp100m,2020-01-21,2020-01-21 09:19:36.199,09:19:36,62.34655611111111,25.496033166666667,17.766336097222222,0.0,2.8,0.52,15.166336097222223,14.189603316666666
415,199179.136,cam1-001-000151-0,7299504.798173286,376226.59688298596,375.4086608886719,BuffaloCamp100m,2020-01-21,2020-01-21 09:19:39.136,09:19:39,62.344924444444445,25.496522666666667,17.76637688888889,0.0,2.8,0.52,15.16637688888889,14.189652266666666
416,199182.205,cam1-001-000152-0,7299504.59122835,376202.16954175057,375.4893493652344,BuffaloCamp100m,2020-01-21,2020-01-21 09:19:42.205,09:19:42,62.34321944444445,25.497034166666666,17.766419513888888,0.0,2.8,0.52,15.166419513888888,14.189703416666667
417,199185.142,cam1-001-000153-0,7299504.40948407,376178.665871787,375.5145568847656,BuffaloCamp100m,2020-01-21,2020-01-21 09:19:45.142,09:19:45,62.34158777777778,25.497523666666666,17.766460305555555,0.0,2.8,0.52,15.166460305555555,14.189752366666667
418,199188.211,cam1-001-000154-0,7299504.345560301,376154.5999211556,375.595947265625,BuffaloCamp100m,2020-01-21,2020-01-21 09:19:48.211,09:19:48,62.339882777777774,25.498035166666668,17.766502930555557,0.0,2.8,0.52,15.166502930555556,14.189803516666666
419,199191.148,cam1-001-000155-0,7299504.11829977,376131.24499738053,375.5387268066406,BuffaloCamp100m,2020-01-21,2020-01-21 09:19:51.148,09:19:51,62.33825111111112,25.498524666666665,17.766543722222224,0.0,2.8,0.52,15.166543722222222,14.189852466666666
420,199194.217,cam1-001-000156-0,7299503.760486904,376106.4738863441,375.5191650390625,BuffaloCamp100m,2020-01-21,2020-01-21 09:19:54.217,09:19:54,62.33654611111111,25.499036166666667,17.766586347222223,0.0,2.8,0.52,15.166586347222223,14.189903616666667
421,199197.153,cam1-001-000157-0,7299503.628762369,376082.9757258599,375.56610107421875,BuffaloCamp100m,2020-01-21,2020-01-21 09:19:57.153,09:19:57,62.334915,25.499525499999997,17.766627125,0.0,2.8,0.52,15.166627125,14.18995255
422,199200.223,cam1-001-000158-0,7299503.504867076,376058.25210589723,375.50543212890625,BuffaloCamp100m,2020-01-21,2020-01-21 09:20:00.223,09:20:00,62.33320944444444,25.500037166666665,17.76666976388889,0.0,2.8,0.52,15.166669763888889,14.190003716666666
423,199203.159,cam1-001-000159-0,7299503.282365747,376034.69547784835,375.4229431152344,BuffaloCamp100m,2020-01-21,2020-01-21 09:20:03.159,09:20:03,62.331578333333326,25.500526500000003,17.76671054166667,0.0,2.8,0.52,15.166710541666667,14.19005265
424,199206.229,cam1-001-000160-0,7299503.054245185,376010.6250347745,375.4662780761719,BuffaloCamp100m,2020-01-21,2020-01-21 09:20:06.229,09:20:06,62.32987277777778,25.501038166666664,17.766753180555554,0.0,2.8,0.52,15.166753180555556,14.190103816666667
425,199209.165,cam1-001-000161-0,7299502.956206941,375987.0824291078,375.3540344238281,BuffaloCamp100m,2020-01-21,2020-01-21 09:20:09.165,09:20:09,62.32824166666666,25.5015275,17.766793958333334,0.0,2.8,0.52,15.166793958333333,14.190152750000001
426,199212.235,cam1-001-000162-0,7299502.763419897,375962.57981810044,375.2824401855469,BuffaloCamp100m,2020-01-21,2020-01-21 09:20:12.235,09:20:12,62.32653611111112,25.502039166666663,17.766836597222223,0.0,2.8,0.52,15.166836597222222,14.190203916666666
427,199215.171,cam1-001-000163-0,7299502.251960233,375939.0720300822,375.2041015625,BuffaloCamp100m,2020-01-21,2020-01-21 09:20:15.171,09:20:15,62.324905,25.5025285,17.766877375,0.0,2.8,0.52,15.166877375,14.19025285
428,199218.241,cam1-001-000164-0,7299502.280214772,375914.1655980481,375.1583251953125,BuffaloCamp100m,2020-01-21,2020-01-21 09:20:18.241,09:20:18,62.32319944444444,25.50304016666667,17.76692001388889,0.0,2.8,0.52,15.16692001388889,14.190304016666667
429,199221.177,cam1-001-000165-0,7299502.080458411,375890.7570835424,375.2345275878906,BuffaloCamp100m,2020-01-21,2020-01-21 09:20:21.177,09:20:21,62.32156833333334,25.5035295,17.766960791666666,0.0,2.8,0.52,15.166960791666666,14.19035295
430,199224.247,cam1-001-000166-0,7299501.792590139,375866.59535281686,375.3049621582031,BuffaloCamp100m,2020-01-21,2020-01-21 09:20:24.247,09:20:24,62.31986277777778,25.504041166666667,17.767003430555555,0.0,2.8,0.52,15.167003430555555,14.190404116666667
431,199227.183,cam1-001-000167-0,7299501.652157939,375843.14550047484,375.3418884277344,BuffaloCamp100m,2020-01-21,2020-01-21 09:20:27.183,09:20:27,62.31823166666667,25.504530499999998,17.767044208333335,0.0,2.8,0.52,15.167044208333333,14.19045305
432,199230.253,cam1-001-000168-0,7299501.350309657,375818.2924725466,375.29193115234375,BuffaloCamp100m,2020-01-21,2020-01-21 09:20:30.253,09:20:30,62.316526111111116,25.505042166666666,17.767086847222224,0.0,2.8,0.52,15.167086847222222,14.190504216666668
433,199233.189,cam1-001-000169-0,7299501.135561276,375794.95781500626,375.3228454589844,BuffaloCamp100m,2020-01-21,2020-01-21 09:20:33.189,09:20:33,62.31489499999999,25.505531500000004,17.767127625,0.0,2.8,0.52,15.167127625000001,14.19055315
434,199236.259,cam1-001-000170-0,7299500.880392453,375770.3437510783,375.3911437988281,BuffaloCamp100m,2020-01-21,2020-01-21 09:20:36.259,09:20:36,62.31318944444445,25.506043166666664,17.76717026388889,0.0,2.8,0.52,15.167170263888888,14.190604316666667
435,199239.195,cam1-001-000171-0,7299500.51188137,375746.86387850635,375.34881591796875,BuffaloCamp100m,2020-01-21,2020-01-21 09:20:39.195,09:20:39,62.31155833333333,25.506532500000002,17.767211041666666,0.0,2.8,0.52,15.167211041666667,14.19065325
436,199242.131,cam1-001-000172-0,7299500.410123389,375723.4045187533,375.27056884765625,BuffaloCamp100m,2020-01-21,2020-01-21 09:20:42.131,09:20:42,62.30992722222223,25.507021833333333,17.767251819444443,0.0,2.8,0.52,15.167251819444445,14.190702183333334
437,199245.201,cam1-001-000173-0,7299500.279647675,375699.18049781956,375.26092529296875,BuffaloCamp100m,2020-01-21,2020-01-21 09:20:45.201,09:20:45,62.30822166666667,25.5075335,17.767294458333332,0.0,2.8,0.52,15.167294458333334,14.19075335
438,199248.137,cam1-001-000174-0,7299500.182491566,375675.5975027627,375.20318603515625,BuffaloCamp100m,2020-01-21,2020-01-21 09:20:48.137,09:20:48,62.30659055555556,25.50802283333333,17.767335236111112,0.0,2.8,0.52,15.16733523611111,14.190802283333333
439,199251.207,cam1-001-000175-0,7299499.868685167,375650.90357586753,375.1299743652344,BuffaloCamp100m,2020-01-21,2020-01-21 09:20:51.207,09:20:51,62.304885000000006,25.5085345,17.767377875,0.0,2.8,0.52,15.167377875,14.19085345
440,199254.143,cam1-001-000176-0,7299499.7234924305,375627.366473741,375.07275390625,BuffaloCamp100m,2020-01-21,2020-01-21 09:20:54.143,09:20:54,62.30325388888888,25.509023833333334,17.767418652777778,0.0,2.8,0.52,15.167418652777778,14.190902383333334
441,199257.213,cam1-001-000177-0,7299499.409503059,375602.7936877507,375.0418395996094,BuffaloCamp100m,2020-01-21,2020-01-21 09:20:57.213,09:20:57,62.301548333333336,25.5095355,17.767461291666667,0.0,2.8,0.52,15.167461291666667,14.19095355
442,199260.149,cam1-001-000178-0,7299499.25323473,375579.2701593553,375.0089111328125,BuffaloCamp100m,2020-01-21,2020-01-21 09:21:00.149,09:21:00,62.29991722222222,25.510024833333333,17.767502069444443,0.0,2.8,0.52,15.167502069444444,14.191002483333333
443,199263.219,cam1-001-000179-0,7299499.174759638,375554.6505406616,375.0228576660156,BuffaloCamp100m,2020-01-21,2020-01-21 09:21:03.219,09:21:03,62.29821166666666,25.5105365,17.767544708333332,0.0,2.8,0.52,15.167544708333333,14.19105365
444,199266.155,cam1-001-000180-0,7299498.97099195,375530.9833302322,375.0732727050781,BuffaloCamp100m,2020-01-21,2020-01-21 09:21:06.155,09:21:06,62.29658055555556,25.511025833333335,17.767585486111113,0.0,2.8,0.52,15.167585486111111,14.191102583333333
445,199269.225,cam1-001-000181-0,7299498.826285398,375506.6435133165,375.0326232910156,BuffaloCamp100m,2020-01-21,2020-01-21 09:21:09.225,09:21:09,62.294875,25.5115375,17.767628125,0.0,2.8,0.52,15.167628125,14.19115375
446,199272.161,cam1-001-000182-0,7299498.539349658,375483.162498415,374.9900207519531,BuffaloCamp100m,2020-01-21,2020-01-21 09:21:12.161,09:21:12,62.293243888888895,25.512026833333334,17.76766890277778,0.0,2.8,0.52,15.167668902777777,14.191202683333334
447,199275.231,cam1-001-000183-0,7299498.12509593,375458.5526579829,374.9617919921875,BuffaloCamp100m,2020-01-21,2020-01-21 09:21:15.231,09:21:15,62.291538333333335,25.5125385,17.767711541666667,0.0,2.8,0.52,15.167711541666666,14.19125385
448,199278.167,cam1-001-000184-0,7299497.957838584,375435.2392433627,374.95196533203125,BuffaloCamp100m,2020-01-21,2020-01-21 09:21:18.167,09:21:18,62.28990722222223,25.513027833333332,17.767752319444444,0.0,2.8,0.52,15.167752319444444,14.191302783333333
449,199281.237,cam1-001-000185-0,7299497.336575763,375410.6717628776,374.95074462890625,BuffaloCamp100m,2020-01-21,2020-01-21 09:21:21.237,09:21:21,62.28820166666667,25.5135395,17.767794958333333,0.0,2.8,0.52,15.167794958333333,14.19135395
450,199284.173,cam1-001-000186-0,7299497.35341699,375387.38127089397,374.913330078125,BuffaloCamp100m,2020-01-21,2020-01-21 09:21:24.173,09:21:24,62.28657055555555,25.514028833333334,17.767835736111113,0.0,2.8,0.52,15.167835736111112,14.191402883333334
451,199287.243,cam1-001-000187-0,7299497.499040387,375363.18496626633,374.9186706542969,BuffaloCamp100m,2020-01-21,2020-01-21 09:21:27.243,09:21:27,62.284865,25.5145405,17.767878375,0.0,2.8,0.52,15.167878374999999,14.191454049999999
452,199290.179,cam1-001-000188-0,7299497.360838717,375339.68176799576,374.9164733886719,BuffaloCamp100m,2020-01-21,2020-01-21 09:21:30.179,09:21:30,62.28323388888889,25.515029833333333,17.76791915277778,0.0,2.8,0.52,15.167919152777777,14.191502983333333
453,199293.249,cam1-001-000189-0,7299496.924275378,375314.9160473591,374.9468994140625,BuffaloCamp100m,2020-01-21,2020-01-21 09:21:33.249,09:21:33,62.28152833333333,25.5155415,17.767961791666668,0.0,2.8,0.52,15.167961791666666,14.19155415
454,199296.185,cam1-001-000190-0,7299496.660439797,375291.13513683935,375.0953063964844,BuffaloCamp100m,2020-01-21,2020-01-21 09:21:36.185,09:21:36,62.279897222222225,25.516030833333332,17.768002569444445,0.0,2.8,0.52,15.168002569444445,14.191603083333334
455,199299.255,cam1-001-000191-0,7299496.796661514,375266.40729346266,375.1365051269531,BuffaloCamp100m,2020-01-21,2020-01-21 09:21:39.255,09:21:39,62.278191666666665,25.5165425,17.768045208333334,0.0,2.8,0.52,15.168045208333334,14.191654250000001
456,199302.191,cam1-001-000192-0,7299506.438132802,375245.725033456,375.0345458984375,BuffaloCamp100m,2020-01-21,2020-01-21 09:21:42.191,09:21:42,62.27656055555556,25.51703183333333,17.76808598611111,0.0,2.8,0.52,15.16808598611111,14.191703183333333
457,199305.261,cam1-001-000193-0,7299527.447282849,375237.3051350077,374.96368408203125,BuffaloCamp100m,2020-01-21,2020-01-21 09:21:45.261,09:21:45,62.274855,25.5175435,17.768128625,0.0,2.8,0.52,15.168128625,14.19175435
458,199308.197,cam1-001-000194-0,7299549.142083785,375237.74169530167,374.9234313964844,BuffaloCamp100m,2020-01-21,2020-01-21 09:21:48.197,09:21:48,62.2732238888889,25.51803283333333,17.76816940277778,0.0,2.8,0.52,15.168169402777778,14.191803283333334
459,199311.133,cam1-001-000195-0,7299568.968935162,375237.83697588905,374.90631103515625,BuffaloCamp100m,2020-01-21,2020-01-21 09:21:51.133,09:21:51,62.27159277777778,25.518522166666667,17.768210180555556,0.0,2.8,0.52,15.168210180555555,14.191852216666668
460,199314.203,cam1-001-000196-0,7299588.98675031,375249.95193214493,374.7533874511719,BuffaloCamp100m,2020-01-21,2020-01-21 09:21:54.203,09:21:54,62.269887222222216,25.519033833333335,17.768252819444445,0.0,2.8,0.52,15.168252819444444,14.191903383333333
461,199317.139,cam1-001-000197-0,7299592.666669052,375271.93148353935,374.4910888671875,BuffaloCamp100m,2020-01-21,2020-01-21 09:21:57.139,09:21:57,62.268256111111114,25.519523166666666,17.768293597222222,0.0,2.8,0.52,15.168293597222222,14.191952316666667
462,199320.209,cam1-001-000198-0,7299591.772952683,375294.5407138028,374.47967529296875,BuffaloCamp100m,2020-01-21,2020-01-21 09:22:00.209,09:22:00,62.266550555555554,25.520034833333334,17.76833623611111,0.0,2.8,0.52,15.168336236111111,14.192003483333334
463,199323.145,cam1-001-000199-0,7299592.206154981,375315.51454468246,374.5010070800781,BuffaloCamp100m,2020-01-21,2020-01-21 09:22:03.145,09:22:03,62.26491944444445,25.520524166666664,17.768377013888887,0.0,2.8,0.52,15.16837701388889,14.192052416666666
464,199326.215,cam1-001-000200-0,7299592.461336533,375339.37759024586,374.5280456542969,BuffaloCamp100m,2020-01-21,2020-01-21 09:22:06.215,09:22:06,62.26321388888889,25.521035833333332,17.768419652777776,0.0,2.8,0.52,15.168419652777777,14.192103583333333
465,199329.151,cam1-001-000201-0,7299592.58462712,375361.5279582383,374.48626708984375,BuffaloCamp100m,2020-01-21,2020-01-21 09:22:09.151,09:22:09,62.26158277777777,25.52152516666667,17.768460430555557,0.0,2.8,0.52,15.168460430555555,14.192152516666667
466,199332.221,cam1-001-000202-0,7299593.328914502,375386.2064465703,374.5523681640625,BuffaloCamp100m,2020-01-21,2020-01-21 09:22:12.221,09:22:12,62.25987722222223,25.52203683333333,17.768503069444446,0.0,2.8,0.52,15.168503069444444,14.192203683333334
467,199335.157,cam1-001-000203-0,7299593.7701097485,375409.4563824989,374.6942138671875,BuffaloCamp100m,2020-01-21,2020-01-21 09:22:15.157,09:22:15,62.258246111111106,25.52252616666667,17.768543847222222,0.0,2.8,0.52,15.168543847222223,14.192252616666666
468,199338.227,cam1-001-000204-0,7299593.68846941,375434.32584162644,374.7420654296875,BuffaloCamp100m,2020-01-21,2020-01-21 09:22:18.227,09:22:18,62.256540555555546,25.523037833333337,17.76858648611111,0.0,2.8,0.52,15.168586486111112,14.192303783333333
469,199341.163,cam1-001-000205-0,7299593.814142024,375457.8569046645,374.8486022949219,BuffaloCamp100m,2020-01-21,2020-01-21 09:22:21.163,09:22:21,62.25490944444444,25.523527166666668,17.768627263888888,0.0,2.8,0.52,15.168627263888888,14.192352716666667
470,199344.233,cam1-001-000206-0,7299593.948158104,375481.8455669343,374.8692932128906,BuffaloCamp100m,2020-01-21,2020-01-21 09:22:24.233,09:22:24,62.25320388888888,25.524038833333336,17.768669902777777,0.0,2.8,0.52,15.168669902777777,14.192403883333334
471,199347.169,cam1-001-000207-0,7299594.255708128,375505.1489622205,374.87530517578125,BuffaloCamp100m,2020-01-21,2020-01-21 09:22:27.169,09:22:27,62.25157277777778,25.524528166666666,17.768710680555557,0.0,2.8,0.52,15.168710680555556,14.192452816666666
472,199350.239,cam1-001-000208-0,7299594.519450584,375529.98596722115,374.9181213378906,BuffaloCamp100m,2020-01-21,2020-01-21 09:22:30.239,09:22:30,62.24986722222222,25.525039833333334,17.768753319444446,0.0,2.8,0.52,15.168753319444445,14.192503983333333
473,199353.175,cam1-001-000209-0,7299594.816284677,375553.5640717866,374.892822265625,BuffaloCamp100m,2020-01-21,2020-01-21 09:22:33.175,09:22:33,62.24823611111112,25.525529166666665,17.768794097222223,0.0,2.8,0.52,15.168794097222221,14.192552916666667
474,199356.245,cam1-001-000210-0,7299594.970756963,375578.3280958808,374.9569396972656,BuffaloCamp100m,2020-01-21,2020-01-21 09:22:36.245,09:22:36,62.24653055555556,25.526040833333333,17.768836736111112,0.0,2.8,0.52,15.16883673611111,14.192604083333334
475,199359.181,cam1-001-000211-0,7299595.159324799,375601.86425445194,374.9497985839844,BuffaloCamp100m,2020-01-21,2020-01-21 09:22:39.181,09:22:39,62.244899444444435,25.526530166666667,17.76887751388889,0.0,2.8,0.52,15.168877513888889,14.192653016666666
476,199362.251,cam1-001-000212-0,7299595.427981632,375625.8748354519,374.9029235839844,BuffaloCamp100m,2020-01-21,2020-01-21 09:22:42.251,09:22:42,62.2431938888889,25.52704183333333,17.768920152777778,0.0,2.8,0.52,15.168920152777778,14.192704183333333
477,199365.187,cam1-001-000213-0,7299595.808206145,375649.34162986133,374.86553955078125,BuffaloCamp100m,2020-01-21,2020-01-21 09:22:45.187,09:22:45,62.24156277777777,25.527531166666666,17.768960930555554,0.0,2.8,0.52,15.168960930555556,14.192753116666667
478,199368.257,cam1-001-000214-0,7299595.986268535,375674.10042207496,374.9047546386719,BuffaloCamp100m,2020-01-21,2020-01-21 09:22:48.257,09:22:48,62.23985722222221,25.528042833333334,17.769003569444443,0.0,2.8,0.52,15.169003569444445,14.192804283333334
479,199371.193,cam1-001-000215-0,7299596.5062373355,375697.64898051985,374.93243408203125,BuffaloCamp100m,2020-01-21,2020-01-21 09:22:51.193,09:22:51,62.23822611111111,25.528532166666665,17.769044347222223,0.0,2.8,0.52,15.169044347222222,14.192853216666666
480,199374.262,cam1-001-000216-0,7299596.424312329,375722.4348460041,374.8999328613281,BuffaloCamp100m,2020-01-21,2020-01-21 09:22:54.262,09:22:54,62.23652111111112,25.529043666666663,17.769086972222222,0.0,2.8,0.52,15.169086972222223,14.192904366666667
481,199377.199,cam1-001-000217-0,7299596.687381549,375745.9543221875,374.86907958984375,BuffaloCamp100m,2020-01-21,2020-01-21 09:22:57.199,09:22:57,62.23488944444445,25.529533166666667,17.76912776388889,0.0,2.8,0.52,15.16912776388889,14.192953316666667
482,199380.268,cam1-001-000218-0,7299597.012270892,375770.0261833318,374.86865234375,BuffaloCamp100m,2020-01-21,2020-01-21 09:23:00.268,09:23:00,62.23318444444444,25.53004466666667,17.769170388888888,0.0,2.8,0.52,15.169170388888888,14.193004466666666
483,199383.205,cam1-001-000219-0,7299597.223586492,375793.42337083595,374.86016845703125,BuffaloCamp100m,2020-01-21,2020-01-21 09:23:03.205,09:23:03,62.231552777777786,25.530534166666666,17.769211180555555,0.0,2.8,0.52,15.169211180555555,14.193053416666666
484,199386.141,cam1-001-000220-0,7299597.53014065,375816.8965184429,374.8173522949219,BuffaloCamp100m,2020-01-21,2020-01-21 09:23:06.141,09:23:06,62.22992166666666,25.5310235,17.769251958333335,0.0,2.8,0.52,15.169251958333334,14.19310235
485,199389.211,cam1-001-000221-0,7299597.858275162,375841.5167479423,374.8113708496094,BuffaloCamp100m,2020-01-21,2020-01-21 09:23:09.211,09:23:09,62.2282161111111,25.531535166666668,17.769294597222224,0.0,2.8,0.52,15.169294597222223,14.193153516666667
486,199392.147,cam1-001-000222-0,7299598.101503069,375864.9030263664,374.8304138183594,BuffaloCamp100m,2020-01-21,2020-01-21 09:23:12.147,09:23:12,62.226585,25.5320245,17.769335375,0.0,2.8,0.52,15.169335375,14.19320245
487,199395.217,cam1-001-000223-0,7299598.044596677,375889.6872632345,374.9140319824219,BuffaloCamp100m,2020-01-21,2020-01-21 09:23:15.217,09:23:15,62.22487944444444,25.532536166666667,17.76937801388889,0.0,2.8,0.52,15.169378013888888,14.193253616666667
488,199398.153,cam1-001-000224-0,7299598.335040704,375913.0854197854,374.871826171875,BuffaloCamp100m,2020-01-21,2020-01-21 09:23:18.153,09:23:18,62.22324833333334,25.533025499999997,17.769418791666666,0.0,2.8,0.52,15.169418791666667,14.19330255
489,199401.223,cam1-001-000225-0,7299598.451325908,375937.3648371711,374.9522705078125,BuffaloCamp100m,2020-01-21,2020-01-21 09:23:21.223,09:23:21,62.22154277777778,25.533537166666665,17.769461430555555,0.0,2.8,0.52,15.169461430555556,14.193353716666667
490,199404.159,cam1-001-000226-0,7299598.72715768,375960.9128340199,374.9112548828125,BuffaloCamp100m,2020-01-21,2020-01-21 09:23:24.159,09:23:24,62.21991166666666,25.534026500000003,17.769502208333332,0.0,2.8,0.52,15.169502208333334,14.193402650000001
491,199407.229,cam1-001-000227-0,7299598.874904633,375985.6527780123,374.8706359863281,BuffaloCamp100m,2020-01-21,2020-01-21 09:23:27.229,09:23:27,62.218206111111115,25.534538166666664,17.76954484722222,0.0,2.8,0.52,15.169544847222221,14.193453816666667
492,199410.165,cam1-001-000228-0,7299599.120404275,376009.2057003504,374.90289306640625,BuffaloCamp100m,2020-01-21,2020-01-21 09:23:30.165,09:23:30,62.216575,25.5350275,17.769585625,0.0,2.8,0.52,15.169585625,14.19350275
493,199413.234,cam1-001-000229-0,7299599.280185622,376033.9889725025,374.9044494628906,BuffaloCamp100m,2020-01-21,2020-01-21 09:23:33.234,09:23:33,62.214870000000005,25.535539,17.76962825,0.0,2.8,0.52,15.16962825,14.1935539
494,199416.171,cam1-001-000230-0,7299599.417716901,376057.51333950594,374.85015869140625,BuffaloCamp100m,2020-01-21,2020-01-21 09:23:36.171,09:23:36,62.21323833333333,25.5360285,17.769669041666667,0.0,2.8,0.52,15.169669041666667,14.19360285
495,199419.24,cam1-001-000231-0,7299599.598821811,376081.6372313375,374.8000183105469,BuffaloCamp100m,2020-01-21,2020-01-21 09:23:39.240,09:23:39,62.211533333333335,25.53654,17.769711666666666,0.0,2.8,0.52,15.169711666666666,14.193654
496,199422.177,cam1-001-000232-0,7299599.805427958,376104.94032918813,374.8006591796875,BuffaloCamp100m,2020-01-21,2020-01-21 09:23:42.177,09:23:42,62.20990166666667,25.5370295,17.769752458333333,0.0,2.8,0.52,15.169752458333333,14.19370295
497,199425.246,cam1-001-000233-0,7299600.222935164,376129.75940927817,374.7663269042969,BuffaloCamp100m,2020-01-21,2020-01-21 09:23:45.246,09:23:45,62.20819666666666,25.537541,17.769795083333335,0.0,2.8,0.52,15.169795083333334,14.1937541
498,199428.183,cam1-001-000234-0,7299600.405534394,376153.3140681871,374.70770263671875,BuffaloCamp100m,2020-01-21,2020-01-21 09:23:48.183,09:23:48,62.206565000000005,25.538030499999998,17.769835875000002,0.0,2.8,0.52,15.169835875,14.19380305
499,199431.252,cam1-001-000235-0,7299600.532569387,376178.041579013,374.68231201171875,BuffaloCamp100m,2020-01-21,2020-01-21 09:23:51.252,09:23:51,62.20486,25.538542,17.7698785,0.0,2.8,0.52,15.1698785,14.1938542
500,199434.189,cam1-001-000236-0,7299600.710645959,376201.35502412205,374.57293701171875,BuffaloCamp100m,2020-01-21,2020-01-21 09:23:54.189,09:23:54,62.20322833333333,25.539031500000004,17.769919291666668,0.0,2.8,0.52,15.169919291666666,14.19390315
501,199437.258,cam1-001-000237-0,7299600.753428842,376225.5926309032,374.47576904296875,BuffaloCamp100m,2020-01-21,2020-01-21 09:23:57.258,09:23:57,62.201523333333334,25.539543000000002,17.769961916666666,0.0,2.8,0.52,15.169961916666667,14.1939543
502,199440.195,cam1-001-000238-0,7299600.977967406,376249.04703658423,374.41302490234375,BuffaloCamp100m,2020-01-21,2020-01-21 09:24:00.195,09:24:00,62.199891666666666,25.540032500000002,17.770002708333333,0.0,2.8,0.52,15.170002708333334,14.19400325
503,199443.264,cam1-001-000239-0,7299601.079018535,376273.63990162406,374.29901123046875,BuffaloCamp100m,2020-01-21,2020-01-21 09:24:03.264,09:24:03,62.19818666666667,25.540544,17.770045333333332,0.0,2.8,0.52,15.170045333333332,14.1940544
504,199446.201,cam1-001-000240-0,7299601.3230834585,376297.3217578557,374.25946044921875,BuffaloCamp100m,2020-01-21,2020-01-21 09:24:06.201,09:24:06,62.196555,25.5410335,17.770086125,0.0,2.8,0.52,15.170086125,14.19410335
505,199449.137,cam1-001-000241-0,7299601.876350664,376320.6766137824,374.2478942871094,BuffaloCamp100m,2020-01-21,2020-01-21 09:24:09.137,09:24:09,62.194923888888894,25.54152283333333,17.77012690277778,0.0,2.8,0.52,15.170126902777778,14.194152283333333
506,199452.206,cam1-001-000242-0,7299602.044420262,376345.0061614032,374.1785583496094,BuffaloCamp100m,2020-01-21,2020-01-21 09:24:12.206,09:24:12,62.193218888888886,25.542034333333334,17.770169527777778,0.0,2.8,0.52,15.170169527777778,14.194203433333334
507,199455.143,cam1-001-000243-0,7299608.903842666,376366.36937210074,373.8245544433594,BuffaloCamp100m,2020-01-21,2020-01-21 09:24:15.143,09:24:15,62.19158722222222,25.542523833333334,17.770210319444445,0.0,2.8,0.52,15.170210319444445,14.194252383333334
508,199458.212,cam1-001-000244-0,7299630.732791439,376375.1763438891,373.6790466308594,BuffaloCamp100m,2020-01-21,2020-01-21 09:24:18.212,09:24:18,62.189882222222224,25.543035333333332,17.770252944444444,0.0,2.8,0.52,15.170252944444444,14.194303533333333
509,199461.149,cam1-001-000245-0,7299652.50607452,376373.6610008572,373.6978759765625,BuffaloCamp100m,2020-01-21,2020-01-21 09:24:21.149,09:24:21,62.188250555555555,25.543524833333333,17.77029373611111,0.0,2.8,0.52,15.17029373611111,14.194352483333333
510,199464.218,cam1-001-000246-0,7299672.576671943,376372.02796678845,373.6081237792969,BuffaloCamp100m,2020-01-21,2020-01-21 09:24:24.218,09:24:24,62.18654555555556,25.54403633333333,17.770336361111113,0.0,2.8,0.52,15.170336361111112,14.194403633333334
511,199467.155,cam1-001-000247-0,7299692.106857965,376361.7537059352,373.7600402832031,BuffaloCamp100m,2020-01-21,2020-01-21 09:24:27.155,09:24:27,62.184913888888886,25.54452583333333,17.77037715277778,0.0,2.8,0.52,15.170377152777778,14.194452583333334
512,199470.224,cam1-001-000248-0,7299697.992065578,376339.46993222286,373.9747009277344,BuffaloCamp100m,2020-01-21,2020-01-21 09:24:30.224,09:24:30,62.1832088888889,25.54503733333333,17.77041977777778,0.0,2.8,0.52,15.170419777777777,14.194503733333333
513,199473.161,cam1-001-000249-0,7299696.82150564,376320.7122243707,374.04681396484375,BuffaloCamp100m,2020-01-21,2020-01-21 09:24:33.161,09:24:33,62.181577222222224,25.545526833333334,17.770460569444445,0.0,2.8,0.52,15.170460569444444,14.194552683333333
514,199476.23,cam1-001-000250-0,7299696.726500917,376298.20337623556,374.2331848144531,BuffaloCamp100m,2020-01-21,2020-01-21 09:24:36.230,09:24:36,62.179872222222215,25.546038333333335,17.770503194444444,0.0,2.8,0.52,15.170503194444445,14.194603833333334
515,199479.167,cam1-001-000251-0,7299696.682849184,376275.3524610139,374.4459228515625,BuffaloCamp100m,2020-01-21,2020-01-21 09:24:39.167,09:24:39,62.17824055555556,25.546527833333332,17.77054398611111,0.0,2.8,0.52,15.170543986111111,14.194652783333334
516,199482.236,cam1-001-000252-0,7299697.005975015,376252.11046575726,374.4939270019531,BuffaloCamp100m,2020-01-21,2020-01-21 09:24:42.236,09:24:42,62.17653555555555,25.547039333333334,17.77058661111111,0.0,2.8,0.52,15.17058661111111,14.194703933333333
517,199485.173,cam1-001-000253-0,7299696.693237198,376228.7448642982,374.64117431640625,BuffaloCamp100m,2020-01-21,2020-01-21 09:24:45.173,09:24:45,62.174903888888885,25.547528833333335,17.770627402777777,0.0,2.8,0.52,15.170627402777777,14.194752883333333
518,199488.242,cam1-001-000254-0,7299696.485988893,376204.0852398621,374.5989685058594,BuffaloCamp100m,2020-01-21,2020-01-21 09:24:48.242,09:24:48,62.17319888888889,25.548040333333333,17.77067002777778,0.0,2.8,0.52,15.170670027777778,14.194804033333334
519,199491.178,cam1-001-000255-0,7299696.328456832,376180.8438291609,374.61627197265625,BuffaloCamp100m,2020-01-21,2020-01-21 09:24:51.178,09:24:51,62.17156777777777,25.54852966666667,17.770710805555556,0.0,2.8,0.52,15.170710805555556,14.194852966666668
520,199494.248,cam1-001-000256-0,7299696.076547895,376156.6287781313,374.6612243652344,BuffaloCamp100m,2020-01-21,2020-01-21 09:24:54.248,09:24:54,62.16986222222223,25.54904133333333,17.770753444444445,0.0,2.8,0.52,15.170753444444443,14.194904133333333
521,199497.184,cam1-001-000257-0,7299695.743683448,376133.14671540086,374.6556091308594,BuffaloCamp100m,2020-01-21,2020-01-21 09:24:57.184,09:24:57,62.168231111111105,25.54953066666667,17.77079422222222,0.0,2.8,0.52,15.170794222222222,14.194953066666667
522,199500.254,cam1-001-000258-0,7299695.652742937,376108.45986617485,374.73870849609375,BuffaloCamp100m,2020-01-21,2020-01-21 09:25:00.254,09:25:00,62.166525555555566,25.55004233333333,17.77083686111111,0.0,2.8,0.52,15.17083686111111,14.195004233333334
523,199503.19,cam1-001-000259-0,7299695.398307065,376085.009954763,374.7931823730469,BuffaloCamp100m,2020-01-21,2020-01-21 09:25:03.190,09:25:03,62.16489444444444,25.550531666666668,17.77087763888889,0.0,2.8,0.52,15.17087763888889,14.195053166666668
524,199506.26,cam1-001-000260-0,7299694.848068217,376060.31786928145,374.7763366699219,BuffaloCamp100m,2020-01-21,2020-01-21 09:25:06.260,09:25:06,62.16318888888888,25.551043333333336,17.77092027777778,0.0,2.8,0.52,15.170920277777778,14.195104333333333
525,199509.196,cam1-001-000261-0,7299694.84309084,376036.7355828093,374.7658996582031,BuffaloCamp100m,2020-01-21,2020-01-21 09:25:09.196,09:25:09,62.16155777777778,25.551532666666667,17.770961055555556,0.0,2.8,0.52,15.170961055555555,14.195153266666667
526,199512.266,cam1-001-000262-0,7299694.6466502845,376012.59887391806,374.6617126464844,BuffaloCamp100m,2020-01-21,2020-01-21 09:25:12.266,09:25:12,62.15985222222222,25.552044333333335,17.771003694444445,0.0,2.8,0.52,15.171003694444444,14.195204433333334
527,199515.202,cam1-001-000263-0,7299694.467700671,375989.1326957755,374.6748352050781,BuffaloCamp100m,2020-01-21,2020-01-21 09:25:15.202,09:25:15,62.15822111111112,25.552533666666665,17.771044472222222,0.0,2.8,0.52,15.171044472222222,14.195253366666666
528,199518.139,cam1-001-000264-0,7299694.128826441,375965.0675589638,374.6576232910156,BuffaloCamp100m,2020-01-21,2020-01-21 09:25:18.139,09:25:18,62.15658944444445,25.553023166666666,17.77108526388889,0.0,2.8,0.52,15.17108526388889,14.195302316666666
529,199521.208,cam1-001-000265-0,7299694.003537454,375941.01657888317,374.6026916503906,BuffaloCamp100m,2020-01-21,2020-01-21 09:25:21.208,09:25:21,62.154884444444434,25.553534666666668,17.771127888888888,0.0,2.8,0.52,15.17112788888889,14.195353466666667
530,199524.145,cam1-001-000266-0,7299693.814363139,375917.5454574449,374.59356689453125,BuffaloCamp100m,2020-01-21,2020-01-21 09:25:24.145,09:25:24,62.15325277777778,25.554024166666665,17.771168680555554,0.0,2.8,0.52,15.171168680555555,14.195402416666667
531,199527.214,cam1-001-000267-0,7299693.519925052,375892.65652860963,374.70965576171875,BuffaloCamp100m,2020-01-21,2020-01-21 09:25:27.214,09:25:27,62.15154777777777,25.554535666666666,17.771211305555557,0.0,2.8,0.52,15.171211305555556,14.195453566666666
532,199530.15,cam1-001-000268-0,7299693.170117505,375869.2316175584,374.6128234863281,BuffaloCamp100m,2020-01-21,2020-01-21 09:25:30.150,09:25:30,62.14991666666667,25.555025,17.771252083333334,0.0,2.8,0.52,15.171252083333334,14.1955025
533,199533.22,cam1-001-000269-0,7299693.0373742115,375844.5720597223,374.5578308105469,BuffaloCamp100m,2020-01-21,2020-01-21 09:25:33.220,09:25:33,62.14821111111111,25.555536666666665,17.771294722222223,0.0,2.8,0.52,15.171294722222223,14.195553666666667
534,199536.156,cam1-001-000270-0,7299693.037367202,375821.05460248125,374.53369140625,BuffaloCamp100m,2020-01-21,2020-01-21 09:25:36.156,09:25:36,62.14658000000001,25.556026,17.7713355,0.0,2.8,0.52,15.1713355,14.195602599999999
535,199539.226,cam1-001-000271-0,7299692.922175787,375796.9208592493,374.59576416015625,BuffaloCamp100m,2020-01-21,2020-01-21 09:25:39.226,09:25:39,62.14487444444445,25.556537666666667,17.77137813888889,0.0,2.8,0.52,15.171378138888889,14.195653766666666
536,199542.162,cam1-001-000272-0,7299692.603072054,375773.21904632135,374.6461181640625,BuffaloCamp100m,2020-01-21,2020-01-21 09:25:42.162,09:25:42,62.14324333333333,25.557027,17.77141891666667,0.0,2.8,0.52,15.171418916666667,14.1957027
537,199545.232,cam1-001-000273-0,7299692.386964012,375748.5855914202,374.6668701171875,BuffaloCamp100m,2020-01-21,2020-01-21 09:25:45.232,09:25:45,62.141537777777785,25.557538666666666,17.771461555555554,0.0,2.8,0.52,15.171461555555556,14.195753866666667
538,199548.168,cam1-001-000274-0,7299691.9982931055,375725.3606337368,374.67547607421875,BuffaloCamp100m,2020-01-21,2020-01-21 09:25:48.168,09:25:48,62.13990666666666,25.558028,17.771502333333334,0.0,2.8,0.52,15.171502333333333,14.195802800000001
539,199551.238,cam1-001-000275-0,7299691.961256945,375700.3931884971,374.7663879394531,BuffaloCamp100m,2020-01-21,2020-01-21 09:25:51.238,09:25:51,62.1382011111111,25.558539666666668,17.771544972222223,0.0,2.8,0.52,15.171544972222222,14.195853966666666
540,199554.174,cam1-001-000276-0,7299691.63830868,375676.9237959156,374.72894287109375,BuffaloCamp100m,2020-01-21,2020-01-21 09:25:54.174,09:25:54,62.13657,25.559029,17.77158575,0.0,2.8,0.52,15.17158575,14.1959029
541,199557.244,cam1-001-000277-0,7299691.334954377,375652.8886101288,374.7044677734375,BuffaloCamp100m,2020-01-21,2020-01-21 09:25:57.244,09:25:57,62.13486444444444,25.559540666666667,17.77162838888889,0.0,2.8,0.52,15.17162838888889,14.195954066666667
542,199560.18,cam1-001-000278-0,7299691.091829555,375629.35350910336,374.6810607910156,BuffaloCamp100m,2020-01-21,2020-01-21 09:26:00.180,09:26:00,62.13323333333334,25.560029999999998,17.771669166666666,0.0,2.8,0.52,15.171669166666666,14.196003
543,199563.25,cam1-001-000279-0,7299691.006987022,375604.5919580768,374.6097717285156,BuffaloCamp100m,2020-01-21,2020-01-21 09:26:03.250,09:26:03,62.13152777777778,25.560541666666666,17.771711805555555,0.0,2.8,0.52,15.171711805555555,14.196054166666666
544,199566.186,cam1-001-000280-0,7299692.301165808,375586.1049518251,374.5550231933594,BuffaloCamp100m,2020-01-21,2020-01-21 09:26:06.186,09:26:06,62.129896666666674,25.561030999999996,17.771752583333335,0.0,2.8,0.52,15.171752583333333,14.1961031
545,199569.256,cam1-001-000281-0,7299686.307121195,375562.5641489421,373.47930908203125,BuffaloCamp100m,2020-01-21,2020-01-21 09:26:09.256,09:26:09,62.128191111111114,25.561542666666664,17.771795222222224,0.0,2.8,0.52,15.171795222222222,14.196154266666667
546,199572.192,cam1-001-000282-0,7299665.835773919,375553.65469585225,372.44464111328125,BuffaloCamp100m,2020-01-21,2020-01-21 09:26:12.192,09:26:12,62.12656,25.562032000000002,17.771836,0.0,2.8,0.52,15.171836,14.196203200000001
547,199575.262,cam1-001-000283-0,7299645.431293894,375572.313199435,371.8975524902344,BuffaloCamp100m,2020-01-21,2020-01-21 09:26:15.262,09:26:15,62.12485444444445,25.562543666666663,17.77187863888889,0.0,2.8,0.52,15.171878638888888,14.196254366666667
548,199578.198,cam1-001-000284-0,7299630.132707866,375598.66927583236,371.19671630859375,BuffaloCamp100m,2020-01-21,2020-01-21 09:26:18.198,09:26:18,62.12322333333333,25.563033,17.771919416666666,0.0,2.8,0.52,15.171919416666666,14.1963033
549,199581.268,cam1-001-000285-0,7299613.649333516,375625.2568036831,369.8385009765625,BuffaloCamp100m,2020-01-21,2020-01-21 09:26:21.268,09:26:21,62.12151777777777,25.56354466666667,17.771962055555555,0.0,2.8,0.52,15.171962055555555,14.196354466666667
550,199584.204,cam1-001-000286-0,7299598.681379132,375642.0710030779,369.017333984375,BuffaloCamp100m,2020-01-21,2020-01-21 09:26:24.204,09:26:24,62.119886666666666,25.564034,17.772002833333335,0.0,2.8,0.52,15.172002833333334,14.1964034
551,199587.14,cam1-001-000287-0,7299580.917727372,375654.5749992426,367.4336242675781,BuffaloCamp100m,2020-01-21,2020-01-21 09:26:27.140,09:26:27,62.11825555555555,25.564523333333334,17.772043611111112,0.0,2.8,0.52,15.17204361111111,14.196452333333333
552,199590.21,cam1-001-000288-0,7299566.443019785,375664.7710793555,365.0821228027344,BuffaloCamp100m,2020-01-21,2020-01-21 09:26:30.210,09:26:30,62.116550000000004,25.565034999999998,17.77208625,0.0,2.8,0.52,15.17208625,14.1965035
553,199873.558,cam1-002-000000-0,7299287.05991531,375837.0894025181,286.45806884765625,BuffaloCamp100m,2020-01-21,2020-01-21 09:31:13.558,09:31:13,61.95913444444445,25.612259666666663,17.77602163888889,0.0,2.8,0.52,15.176021638888889,14.201225966666666
554,199876.627,cam1-002-000001-0,7299272.117267264,375831.68075638806,292.1318054199219,BuffaloCamp100m,2020-01-21,2020-01-21 09:31:16.627,09:31:16,61.95742944444444,25.61277116666667,17.77606426388889,0.0,2.8,0.52,15.17606426388889,14.201277116666667
555,199879.564,cam1-002-000002-0,7299259.969331636,375812.61174934637,297.67236328125,BuffaloCamp100m,2020-01-21,2020-01-21 09:31:19.564,09:31:19,61.95579777777777,25.61326066666667,17.776105055555558,0.0,2.8,0.52,15.176105055555556,14.201326066666667
556,199882.5,cam1-002-000003-0,7299262.226815002,375789.3129646528,302.8399353027344,BuffaloCamp100m,2020-01-21,2020-01-21 09:31:22.500,09:31:22,61.954166666666666,25.61375,17.776145833333334,0.0,2.8,0.52,15.176145833333333,14.201375
557,199885.57,cam1-002-000004-0,7299278.259644749,375768.3053699165,308.41009521484375,BuffaloCamp100m,2020-01-21,2020-01-21 09:31:25.570,09:31:25,61.952461111111106,25.614261666666668,17.776188472222223,0.0,2.8,0.52,15.176188472222222,14.201426166666668
558,199888.506,cam1-002-000005-0,7299291.7728994135,375741.7615537657,314.1175231933594,BuffaloCamp100m,2020-01-21,2020-01-21 09:31:28.506,09:31:28,61.95083,25.614751,17.77622925,0.0,2.8,0.52,15.17622925,14.2014751
559,199891.576,cam1-002-000006-0,7299309.123392213,375712.54118592077,321.65380859375,BuffaloCamp100m,2020-01-21,2020-01-21 09:31:31.576,09:31:31,61.94912444444444,25.615262666666666,17.77627188888889,0.0,2.8,0.52,15.17627188888889,14.201526266666667
560,199894.512,cam1-002-000007-0,7299331.140056958,375691.2053835628,329.0764465332031,BuffaloCamp100m,2020-01-21,2020-01-21 09:31:34.512,09:31:34,61.94749333333334,25.615751999999997,17.776312666666666,0.0,2.8,0.52,15.176312666666666,14.2015752
561,199897.582,cam1-002-000008-0,7299359.380859746,375682.29158385773,337.3406982421875,BuffaloCamp100m,2020-01-21,2020-01-21 09:31:37.582,09:31:37,61.94578777777778,25.616263666666665,17.776355305555555,0.0,2.8,0.52,15.176355305555555,14.201626366666666
562,199900.518,cam1-002-000009-0,7299389.083279913,375678.6938329716,344.806396484375,BuffaloCamp100m,2020-01-21,2020-01-21 09:31:40.518,09:31:40,61.94415666666666,25.616753000000003,17.776396083333335,0.0,2.8,0.52,15.176396083333334,14.2016753
563,199903.588,cam1-002-000010-0,7299422.304220114,375675.28725699935,352.8080139160156,BuffaloCamp100m,2020-01-21,2020-01-21 09:31:43.588,09:31:43,61.94245111111112,25.617264666666664,17.776438722222224,0.0,2.8,0.52,15.176438722222223,14.201726466666667
564,199906.524,cam1-002-000011-0,7299453.817145679,375671.60899108934,360.8177795410156,BuffaloCamp100m,2020-01-21,2020-01-21 09:31:46.524,09:31:46,61.940819999999995,25.617754,17.7764795,0.0,2.8,0.52,15.1764795,14.2017754
565,199909.594,cam1-002-000012-0,7299487.121701809,375666.83324001986,368.9353332519531,BuffaloCamp100m,2020-01-21,2020-01-21 09:31:49.594,09:31:49,61.939114444444435,25.61826566666667,17.77652213888889,0.0,2.8,0.52,15.176522138888888,14.201826566666668
566,199912.53,cam1-002-000013-0,7299518.518510446,375663.5478967347,377.244384765625,BuffaloCamp100m,2020-01-21,2020-01-21 09:31:52.530,09:31:52,61.93748333333333,25.618755,17.776562916666666,0.0,2.8,0.52,15.176562916666667,14.2018755
567,199916.0,cam1-002-000014-0,7299559.550687369,375663.7128586749,386.90411376953125,BuffaloCamp100m,2020-01-21,2020-01-21 09:31:56.000,09:31:56,61.93555555555555,25.619333333333334,17.776611111111112,0.0,2.8,0.52,15.17661111111111,14.201933333333333
568,199918.536,cam1-002-000015-0,7299589.9574108925,375665.7693302876,392.43206787109375,BuffaloCamp100m,2020-01-21,2020-01-21 09:31:58.536,09:31:58,61.93414666666667,25.619756,17.776646333333332,0.0,2.8,0.52,15.176646333333332,14.2019756
569,199921.605,cam1-002-000016-0,7299626.57466204,375671.3239641776,396.2611999511719,BuffaloCamp100m,2020-01-21,2020-01-21 09:32:01.605,09:32:01,61.93244166666666,25.6202675,17.776688958333335,0.0,2.8,0.52,15.176688958333333,14.20202675
570,199924.542,cam1-002-000017-0,7299643.91130661,375677.4856098048,396.6233215332031,BuffaloCamp100m,2020-01-21,2020-01-21 09:32:04.542,09:32:04,61.93081000000001,25.620756999999998,17.77672975,0.0,2.8,0.52,15.17672975,14.2020757
571,199927.611,cam1-002-000018-0,7299654.828726213,375688.4728584747,396.5048522949219,BuffaloCamp100m,2020-01-21,2020-01-21 09:32:07.611,09:32:07,61.929105,25.6212685,17.776772375,0.0,2.8,0.52,15.176772375,14.20212685
572,199930.548,cam1-002-000019-0,7299657.623671152,375690.9484551136,395.44171142578125,BuffaloCamp100m,2020-01-21,2020-01-21 09:32:10.548,09:32:10,61.927473333333324,25.621758,17.776813166666667,0.0,2.8,0.52,15.176813166666667,14.202175800000001
573,199933.617,cam1-002-000020-0,7299660.182271985,375690.6518346301,391.3715515136719,BuffaloCamp100m,2020-01-21,2020-01-21 09:32:13.617,09:32:13,61.92576833333334,25.622269499999998,17.776855791666666,0.0,2.8,0.52,15.176855791666666,14.20222695
574,199936.554,cam1-002-000021-0,7299663.848389204,375690.0996787878,388.0718994140625,BuffaloCamp100m,2020-01-21,2020-01-21 09:32:16.554,09:32:16,61.92413666666666,25.622759,17.776896583333333,0.0,2.8,0.52,15.176896583333333,14.2022759
575,199939.623,cam1-002-000022-0,7299670.59889866,375688.4179026417,384.62139892578125,BuffaloCamp100m,2020-01-21,2020-01-21 09:32:19.623,09:32:19,61.92243166666667,25.623270499999997,17.776939208333335,0.0,2.8,0.52,15.176939208333334,14.202327050000001
576,199942.56,cam1-002-000023-0,7299680.5132530015,375683.7788393771,381.2132873535156,BuffaloCamp100m,2020-01-21,2020-01-21 09:32:22.560,09:32:22,61.9208,25.62376,17.776980000000002,0.0,2.8,0.52,15.17698,14.202376000000001
577,199945.629,cam1-002-000024-0,7299687.113723425,375676.8815509357,377.68817138671875,BuffaloCamp100m,2020-01-21,2020-01-21 09:32:25.629,09:32:25,61.919095000000006,25.6242715,17.777022625,0.0,2.8,0.52,15.177022625,14.20242715
578,199948.566,cam1-002-000025-0,7299688.120130423,375670.7417079954,376.3845520019531,BuffaloCamp100m,2020-01-21,2020-01-21 09:32:28.566,09:32:28,61.91746333333334,25.624761,17.777063416666667,0.0,2.8,0.52,15.177063416666666,14.2024761
579,199951.502,cam1-002-000026-0,7299687.309363782,375664.9235564758,376.46148681640625,BuffaloCamp100m,2020-01-21,2020-01-21 09:32:31.502,09:32:31,61.91583222222222,25.625250333333334,17.777104194444444,0.0,2.8,0.52,15.177104194444444,14.202525033333334
580,199954.571,cam1-002-000027-0,7299686.551291216,375659.4411525696,376.57440185546875,BuffaloCamp100m,2020-01-21,2020-01-21 09:32:34.571,09:32:34,61.91412722222223,25.625761833333332,17.777146819444443,0.0,2.8,0.52,15.177146819444443,14.202576183333333
581,199958.976,cam1-002-000028-0,7299686.819826666,375651.46710861276,376.4324645996094,BuffaloCamp100m,2020-01-21,2020-01-21 09:32:38.976,09:32:38,61.911680000000004,25.626496,17.777208,0.0,2.8,0.52,15.177208,14.2026496
582,199960.577,cam1-002-000029-0,7299688.248275282,375641.70270172454,376.2743225097656,BuffaloCamp100m,2020-01-21,2020-01-21 09:32:40.577,09:32:40,61.910790555555565,25.62676283333333,17.777230236111112,0.0,2.8,0.52,15.17723023611111,14.202676283333334
583,199963.514,cam1-002-000030-0,7299690.632888321,375618.7371661314,376.1625061035156,BuffaloCamp100m,2020-01-21,2020-01-21 09:32:43.514,09:32:43,61.90915888888889,25.62725233333333,17.77727102777778,0.0,2.8,0.52,15.177271027777778,14.202725233333334
584,199966.583,cam1-002-000031-0,7299691.0411866,375613.7162381536,376.1198425292969,BuffaloCamp100m,2020-01-21,2020-01-21 09:32:46.583,09:32:46,61.90745388888888,25.627763833333336,17.777313652777778,0.0,2.8,0.52,15.177313652777778,14.202776383333333
585,199969.52,cam1-002-000032-0,7299691.464682646,375604.50817112153,376.1367492675781,BuffaloCamp100m,2020-01-21,2020-01-21 09:32:49.520,09:32:49,61.90582222222223,25.62825333333333,17.777354444444445,0.0,2.8,0.52,15.177354444444443,14.202825333333333
586,199972.589,cam1-002-000033-0,7299691.144436946,375580.1423180746,376.0702819824219,BuffaloCamp100m,2020-01-21,2020-01-21 09:32:52.589,09:32:52,61.90411722222222,25.628764833333335,17.777397069444444,0.0,2.8,0.52,15.177397069444444,14.202876483333334
587,199975.526,cam1-002-000034-0,7299690.707954133,375555.7952366584,376.0355529785156,BuffaloCamp100m,2020-01-21,2020-01-21 09:32:55.526,09:32:55,61.90248555555555,25.629254333333336,17.77743786111111,0.0,2.8,0.52,15.17743786111111,14.202925433333334
588,199978.595,cam1-002-000035-0,7299690.561099377,375532.6400239621,376.05706787109375,BuffaloCamp100m,2020-01-21,2020-01-21 09:32:58.595,09:32:58,61.900780555555556,25.629765833333334,17.777480486111113,0.0,2.8,0.52,15.177480486111111,14.202976583333333
589,199981.532,cam1-002-000036-0,7299690.405038901,375509.5130219363,376.117431640625,BuffaloCamp100m,2020-01-21,2020-01-21 09:33:01.532,09:33:01,61.89914888888889,25.630255333333334,17.77752127777778,0.0,2.8,0.52,15.177521277777778,14.203025533333333
590,199984.601,cam1-002-000037-0,7299690.149294632,375484.9813950772,376.1315002441406,BuffaloCamp100m,2020-01-21,2020-01-21 09:33:04.601,09:33:04,61.897443888888894,25.630766833333332,17.77756390277778,0.0,2.8,0.52,15.177563902777777,14.203076683333334
591,199987.538,cam1-002-000038-0,7299690.057907246,375461.39872702945,376.180419921875,BuffaloCamp100m,2020-01-21,2020-01-21 09:33:07.538,09:33:07,61.89581222222222,25.631256333333333,17.777604694444445,0.0,2.8,0.52,15.177604694444444,14.203125633333334
592,199990.607,cam1-002-000039-0,7299689.814538024,375436.7219060609,376.26080322265625,BuffaloCamp100m,2020-01-21,2020-01-21 09:33:10.607,09:33:10,61.89410722222223,25.63176783333333,17.777647319444444,0.0,2.8,0.52,15.177647319444445,14.203176783333333
593,199993.543,cam1-002-000040-0,7299689.695282424,375413.1166362991,376.30303955078125,BuffaloCamp100m,2020-01-21,2020-01-21 09:33:13.543,09:33:13,61.89247611111111,25.632257166666665,17.777688097222224,0.0,2.8,0.52,15.177688097222221,14.203225716666667
594,199996.613,cam1-002-000041-0,7299689.423235502,375388.97616147326,376.3341369628906,BuffaloCamp100m,2020-01-21,2020-01-21 09:33:16.613,09:33:16,61.89077055555555,25.632768833333333,17.777730736111113,0.0,2.8,0.52,15.17773073611111,14.203276883333334
595,199999.549,cam1-002-000042-0,7299689.012169583,375365.64258016105,376.2494812011719,BuffaloCamp100m,2020-01-21,2020-01-21 09:33:19.549,09:33:19,61.889139444444446,25.633258166666668,17.77777151388889,0.0,2.8,0.52,15.177771513888889,14.203325816666666
596,200002.619,cam1-002-000043-0,7299688.887225462,375340.9065542285,376.34716796875,BuffaloCamp100m,2020-01-21,2020-01-21 09:33:22.619,09:33:22,61.887433888888886,25.633769833333332,17.77781415277778,0.0,2.8,0.52,15.177814152777778,14.203376983333333
597,200005.555,cam1-002-000044-0,7299688.728929417,375317.3606488185,376.3279113769531,BuffaloCamp100m,2020-01-21,2020-01-21 09:33:25.555,09:33:25,61.88580277777778,25.634259166666666,17.777854930555556,0.0,2.8,0.52,15.177854930555554,14.203425916666667
598,200008.625,cam1-002-000045-0,7299688.419592151,375292.69497796934,376.3490295410156,BuffaloCamp100m,2020-01-21,2020-01-21 09:33:28.625,09:33:28,61.88409722222222,25.634770833333334,17.777897569444445,0.0,2.8,0.52,15.177897569444443,14.203477083333334
599,200011.561,cam1-002-000046-0,7299688.568099796,375269.08840841596,376.3491516113281,BuffaloCamp100m,2020-01-21,2020-01-21 09:33:31.561,09:33:31,61.88246611111112,25.635260166666665,17.77793834722222,0.0,2.8,0.52,15.177938347222222,14.203526016666666
600,200014.631,cam1-002-000047-0,7299688.070331033,375246.04669764516,376.3351135253906,BuffaloCamp100m,2020-01-21,2020-01-21 09:33:34.631,09:33:34,61.88076055555556,25.635771833333333,17.77798098611111,0.0,2.8,0.52,15.17798098611111,14.203577183333334
601,200017.567,cam1-002-000048-0,7299689.244944417,375232.4066633873,376.33349609375,BuffaloCamp100m,2020-01-21,2020-01-21 09:33:37.567,09:33:37,61.87912944444444,25.636261166666667,17.77802176388889,0.0,2.8,0.52,15.17802176388889,14.203626116666667
602,200020.637,cam1-002-000049-0,7299686.033145737,375213.29159896163,376.4223937988281,BuffaloCamp100m,2020-01-21,2020-01-21 09:33:40.637,09:33:40,61.8774238888889,25.636772833333332,17.77806440277778,0.0,2.8,0.52,15.178064402777778,14.203677283333333
603,200023.573,cam1-002-000050-0,7299674.205029154,375210.286474442,376.2304382324219,BuffaloCamp100m,2020-01-21,2020-01-21 09:33:43.573,09:33:43,61.875792777777775,25.637262166666666,17.778105180555556,0.0,2.8,0.52,15.178105180555555,14.203726216666666
604,200028.245,cam1-002-000051-0,7299667.572884252,375248.6145320734,376.2351989746094,BuffaloCamp100m,2020-01-21,2020-01-21 09:33:48.245,09:33:48,61.873197222222224,25.63804083333333,17.778170069444446,0.0,2.8,0.52,15.178170069444445,14.203804083333333
605,200029.579,cam1-002-000052-0,7299670.281033341,375262.79260387714,376.1893615722656,BuffaloCamp100m,2020-01-21,2020-01-21 09:33:49.579,09:33:49,61.87245611111111,25.638263166666665,17.778188597222222,0.0,2.8,0.52,15.178188597222222,14.203826316666667
606,200032.515,cam1-002-000053-0,7299678.388364131,375293.2078669488,376.3105163574219,BuffaloCamp100m,2020-01-21,2020-01-21 09:33:52.515,09:33:52,61.87082499999999,25.638752500000002,17.778229375000002,0.0,2.8,0.52,15.178229375,14.203875250000001
607,200035.719,cam1-002-000054-0,7299686.783041403,375324.77399248903,376.2334289550781,BuffaloCamp100m,2020-01-21,2020-01-21 09:33:55.719,09:33:55,61.86904499999999,25.6392865,17.778273875,0.0,2.8,0.52,15.178273875,14.20392865
608,200038.521,cam1-002-000055-0,7299694.254912535,375351.608825255,376.1310119628906,BuffaloCamp100m,2020-01-21,2020-01-21 09:33:58.521,09:33:58,61.86748833333333,25.6397535,17.778312791666668,0.0,2.8,0.52,15.178312791666666,14.20397535
609,200041.591,cam1-002-000056-0,7299703.638007626,375384.8185025318,376.1322021484375,BuffaloCamp100m,2020-01-21,2020-01-21 09:34:01.591,09:34:01,61.86578277777779,25.640265166666662,17.778355430555557,0.0,2.8,0.52,15.178355430555555,14.204026516666667
610,200044.527,cam1-002-000057-0,7299713.609976597,375415.08871523355,375.9780578613281,BuffaloCamp100m,2020-01-21,2020-01-21 09:34:04.527,09:34:04,61.864151666666665,25.6407545,17.778396208333334,0.0,2.8,0.52,15.178396208333334,14.20407545
611,200047.597,cam1-002-000058-0,7299722.942868662,375438.7684775344,375.9742736816406,BuffaloCamp100m,2020-01-21,2020-01-21 09:34:07.597,09:34:07,61.862446111111105,25.641266166666668,17.778438847222223,0.0,2.8,0.52,15.178438847222223,14.204126616666667
612,200050.533,cam1-002-000059-0,7299728.298551577,375459.8665286616,376.0238037109375,BuffaloCamp100m,2020-01-21,2020-01-21 09:34:10.533,09:34:10,61.860815,25.6417555,17.778479625,0.0,2.8,0.52,15.178479625,14.20417555
613,200053.603,cam1-002-000060-0,7299731.053105427,375483.2281174823,376.1110534667969,BuffaloCamp100m,2020-01-21,2020-01-21 09:34:13.603,09:34:13,61.85910944444444,25.642267166666667,17.77852226388889,0.0,2.8,0.52,15.178522263888889,14.204226716666668
614,200056.539,cam1-002-000061-0,7299733.54806065,375507.6152818801,376.11627197265625,BuffaloCamp100m,2020-01-21,2020-01-21 09:34:16.539,09:34:16,61.85747833333334,25.642756499999997,17.77856304166667,0.0,2.8,0.52,15.178563041666667,14.20427565
615,200059.609,cam1-002-000062-0,7299735.265601605,375535.01698835747,376.1661071777344,BuffaloCamp100m,2020-01-21,2020-01-21 09:34:19.609,09:34:19,61.85577277777778,25.643268166666665,17.778605680555557,0.0,2.8,0.52,15.178605680555556,14.204326816666667
616,200062.545,cam1-002-000063-0,7299736.686315938,375561.4619281716,376.2064514160156,BuffaloCamp100m,2020-01-21,2020-01-21 09:34:22.545,09:34:22,61.854141666666656,25.643757500000003,17.778646458333334,0.0,2.8,0.52,15.178646458333333,14.20437575
617,200065.615,cam1-002-000064-0,7299738.521127572,375590.1668623786,376.23101806640625,BuffaloCamp100m,2020-01-21,2020-01-21 09:34:25.615,09:34:25,61.85243611111112,25.644269166666664,17.778689097222223,0.0,2.8,0.52,15.178689097222222,14.204426916666666
618,200068.551,cam1-002-000065-0,7299740.441382359,375617.9461087737,376.30767822265625,BuffaloCamp100m,2020-01-21,2020-01-21 09:34:28.551,09:34:28,61.850804999999994,25.644758500000002,17.778729875,0.0,2.8,0.52,15.178729875,14.20447585
619,200071.621,cam1-002-000066-0,7299742.524139073,375646.5312457192,376.3193664550781,BuffaloCamp100m,2020-01-21,2020-01-21 09:34:31.621,09:34:31,61.849099444444434,25.64527016666667,17.77877251388889,0.0,2.8,0.52,15.17877251388889,14.204527016666667
620,200074.557,cam1-002-000067-0,7299739.528398968,375671.03036177857,376.53369140625,BuffaloCamp100m,2020-01-21,2020-01-21 09:34:34.557,09:34:34,61.84746833333333,25.6457595,17.778813291666665,0.0,2.8,0.52,15.178813291666666,14.20457595
621,200078.561,cam1-002-000068-0,7299709.261156146,375676.51201302884,376.35552978515625,BuffaloCamp100m,2020-01-21,2020-01-21 09:34:38.561,09:34:38,61.845243888888895,25.64642683333333,17.778868902777777,0.0,2.8,0.52,15.178868902777777,14.204642683333333
622,200080.563,cam1-002-000069-0,7299689.94802233,375675.1241408307,376.5431823730469,BuffaloCamp100m,2020-01-21,2020-01-21 09:34:40.563,09:34:40,61.84413166666667,25.6467605,17.778896708333335,0.0,2.8,0.52,15.178896708333333,14.20467605
623,200083.633,cam1-002-000070-0,7299658.648844358,375673.14545203734,376.6790466308594,BuffaloCamp100m,2020-01-21,2020-01-21 09:34:43.633,09:34:43,61.84242611111111,25.647272166666667,17.778939347222224,0.0,2.8,0.52,15.178939347222222,14.204727216666667
624,200086.569,cam1-002-000071-0,7299629.165749203,375671.4054989808,376.8091125488281,BuffaloCamp100m,2020-01-21,2020-01-21 09:34:46.569,09:34:46,61.84079500000001,25.647761499999998,17.778980125,0.0,2.8,0.52,15.178980124999999,14.20477615
625,200089.505,cam1-002-000072-0,7299600.061718175,375670.07605909,376.6778869628906,BuffaloCamp100m,2020-01-21,2020-01-21 09:34:49.505,09:34:49,61.83916388888888,25.648250833333332,17.779020902777777,0.0,2.8,0.52,15.179020902777777,14.204825083333334
626,200092.575,cam1-002-000073-0,7299574.919160287,375670.2132184235,376.3864440917969,BuffaloCamp100m,2020-01-21,2020-01-21 09:34:52.575,09:34:52,61.83745833333333,25.6487625,17.779063541666666,0.0,2.8,0.52,15.179063541666666,14.20487625
627,200095.511,cam1-002-000074-0,7299552.3797477465,375670.6190270602,376.3542175292969,BuffaloCamp100m,2020-01-21,2020-01-21 09:34:55.511,09:34:55,61.83582722222222,25.64925183333333,17.779104319444446,0.0,2.8,0.52,15.179104319444445,14.204925183333334
628,200098.581,cam1-002-000075-0,7299526.357044282,375670.34484015993,376.3140563964844,BuffaloCamp100m,2020-01-21,2020-01-21 09:34:58.581,09:34:58,61.83412166666666,25.6497635,17.779146958333335,0.0,2.8,0.52,15.179146958333334,14.20497635
629,200101.517,cam1-002-000076-0,7299500.149006014,375670.3284277939,376.31903076171875,BuffaloCamp100m,2020-01-21,2020-01-21 09:35:01.517,09:35:01,61.83249055555556,25.650252833333333,17.779187736111112,0.0,2.8,0.52,15.17918773611111,14.205025283333333
630,200104.587,cam1-002-000077-0,7299472.213880377,375671.4127904373,376.2518005371094,BuffaloCamp100m,2020-01-21,2020-01-21 09:35:04.587,09:35:04,61.830785,25.6507645,17.779230375,0.0,2.8,0.52,15.179230375,14.20507645
631,200107.523,cam1-002-000078-0,7299448.155406298,375673.05337329797,376.24066162109375,BuffaloCamp100m,2020-01-21,2020-01-21 09:35:07.523,09:35:07,61.8291538888889,25.65125383333333,17.779271152777778,0.0,2.8,0.52,15.179271152777778,14.205125383333334
632,200110.593,cam1-002-000079-0,7299423.406668074,375674.5685794063,376.0791015625,BuffaloCamp100m,2020-01-21,2020-01-21 09:35:10.593,09:35:10,61.82744833333334,25.6517655,17.779313791666667,0.0,2.8,0.52,15.179313791666667,14.205176550000001
633,200113.529,cam1-002-000080-0,7299398.44863636,375675.3156763495,375.9609069824219,BuffaloCamp100m,2020-01-21,2020-01-21 09:35:13.529,09:35:13,61.82581722222222,25.652254833333334,17.779354569444443,0.0,2.8,0.52,15.179354569444444,14.205225483333333
634,200116.599,cam1-002-000081-0,7299371.173489115,375676.02175867755,375.9151306152344,BuffaloCamp100m,2020-01-21,2020-01-21 09:35:16.599,09:35:16,61.824111666666674,25.6527665,17.779397208333332,0.0,2.8,0.52,15.179397208333333,14.20527665
635,200119.535,cam1-002-000082-0,7299343.666943273,375675.94829675654,375.9442138671875,BuffaloCamp100m,2020-01-21,2020-01-21 09:35:19.535,09:35:19,61.82248055555555,25.653255833333333,17.779437986111112,0.0,2.8,0.52,15.179437986111111,14.205325583333334
636,200122.605,cam1-002-000083-0,7299315.681579434,375675.74821607553,375.8674621582031,BuffaloCamp100m,2020-01-21,2020-01-21 09:35:22.605,09:35:22,61.820775,25.6537675,17.779480625,0.0,2.8,0.52,15.179480625,14.205376750000001
637,200125.541,cam1-002-000084-0,7299291.294969763,375676.13091380865,375.8569030761719,BuffaloCamp100m,2020-01-21,2020-01-21 09:35:25.541,09:35:25,61.81914388888889,25.65425683333333,17.779521402777778,0.0,2.8,0.52,15.179521402777777,14.205425683333333
638,200128.611,cam1-002-000085-0,7299266.295657113,375676.69252082915,375.9307861328125,BuffaloCamp100m,2020-01-21,2020-01-21 09:35:28.611,09:35:28,61.81743833333333,25.6547685,17.779564041666667,0.0,2.8,0.52,15.179564041666666,14.20547685
639,200131.547,cam1-002-000086-0,7299243.274804426,375676.87672047,375.8070373535156,BuffaloCamp100m,2020-01-21,2020-01-21 09:35:31.547,09:35:31,61.815807222222226,25.65525783333333,17.779604819444444,0.0,2.8,0.52,15.179604819444444,14.205525783333334
640,200134.617,cam1-002-000087-0,7299218.861990137,375676.4344717269,376.1589660644531,BuffaloCamp100m,2020-01-21,2020-01-21 09:35:34.617,09:35:34,61.814101666666666,25.655769499999998,17.779647458333333,0.0,2.8,0.52,15.179647458333333,14.205576950000001
641,200137.553,cam1-002-000088-0,7299193.99065591,375676.2483459784,376.43359375,BuffaloCamp100m,2020-01-21,2020-01-21 09:35:37.553,09:35:37,61.81247055555555,25.656258833333336,17.779688236111113,0.0,2.8,0.52,15.179688236111112,14.205625883333333
642,200140.623,cam1-002-000089-0,7299165.716245698,375676.41678408044,376.5580749511719,BuffaloCamp100m,2020-01-21,2020-01-21 09:35:40.623,09:35:40,61.810765,25.656770499999997,17.779730875000002,0.0,2.8,0.52,15.179730874999999,14.20567705
643,200143.559,cam1-002-000090-0,7299138.555366563,375677.0765303012,376.6714782714844,BuffaloCamp100m,2020-01-21,2020-01-21 09:35:43.559,09:35:43,61.80913388888889,25.657259833333335,17.77977165277778,0.0,2.8,0.52,15.179771652777777,14.205725983333334
644,200146.629,cam1-002-000091-0,7299110.257057879,375677.90822140523,376.81866455078125,BuffaloCamp100m,2020-01-21,2020-01-21 09:35:46.629,09:35:46,61.80742833333334,25.657771499999996,17.779814291666668,0.0,2.8,0.52,15.179814291666666,14.20577715
645,200149.565,cam1-002-000092-0,7299082.260131776,375678.7671223481,376.9640197753906,BuffaloCamp100m,2020-01-21,2020-01-21 09:35:49.565,09:35:49,61.80579722222222,25.658260833333333,17.779855069444444,0.0,2.8,0.52,15.179855069444445,14.205826083333333
646,200152.635,cam1-002-000093-0,7299051.416740386,375680.060145289,376.7236633300781,BuffaloCamp100m,2020-01-21,2020-01-21 09:35:52.635,09:35:52,61.804091666666665,25.6587725,17.779897708333333,0.0,2.8,0.52,15.179897708333334,14.20587725
647,200155.571,cam1-002-000094-0,7299026.4858805165,375681.60854153364,376.4140930175781,BuffaloCamp100m,2020-01-21,2020-01-21 09:35:55.571,09:35:55,61.802460555555555,25.659261833333332,17.77993848611111,0.0,2.8,0.52,15.17993848611111,14.205926183333334
648,200158.641,cam1-002-000095-0,7299002.404571272,375682.4082611625,376.3876037597656,BuffaloCamp100m,2020-01-21,2020-01-21 09:35:58.641,09:35:58,61.800754999999995,25.6597735,17.779981125,0.0,2.8,0.52,15.179981125,14.20597735
649,200161.577,cam1-002-000096-0,7298978.586095784,375683.29306610767,376.4149475097656,BuffaloCamp100m,2020-01-21,2020-01-21 09:36:01.577,09:36:01,61.79912388888889,25.66026283333333,17.78002190277778,0.0,2.8,0.52,15.180021902777778,14.206026283333333
650,200164.513,cam1-002-000097-0,7298953.684798239,375684.3718440954,376.534912109375,BuffaloCamp100m,2020-01-21,2020-01-21 09:36:04.513,09:36:04,61.79749277777778,25.66075216666667,17.780062680555556,0.0,2.8,0.52,15.180062680555555,14.206075216666667
651,200167.583,cam1-002-000098-0,7298928.26436078,375685.16600081,376.5304870605469,BuffaloCamp100m,2020-01-21,2020-01-21 09:36:07.583,09:36:07,61.795787222222216,25.661263833333336,17.780105319444445,0.0,2.8,0.52,15.180105319444444,14.206126383333334
652,200170.519,cam1-002-000099-0,7298902.801202482,375686.1792828968,376.4873046875,BuffaloCamp100m,2020-01-21,2020-01-21 09:36:10.519,09:36:10,61.794156111111114,25.661753166666667,17.78014609722222,0.0,2.8,0.52,15.180146097222222,14.206175316666666
653,200173.589,cam1-002-000100-0,7298874.970488648,375687.07746286265,376.5163879394531,BuffaloCamp100m,2020-01-21,2020-01-21 09:36:13.589,09:36:13,61.792450555555554,25.662264833333335,17.78018873611111,0.0,2.8,0.52,15.180188736111111,14.206226483333333
654,200176.525,cam1-002-000101-0,7298848.036028685,375688.31858806376,376.878662109375,BuffaloCamp100m,2020-01-21,2020-01-21 09:36:16.525,09:36:16,61.790819444444445,25.662754166666666,17.78022951388889,0.0,2.8,0.52,15.180229513888888,14.206275416666667
655,200179.595,cam1-002-000102-0,7298818.944112839,375689.5601319566,376.89080810546875,BuffaloCamp100m,2020-01-21,2020-01-21 09:36:19.595,09:36:19,61.78911388888889,25.663265833333334,17.78027215277778,0.0,2.8,0.52,15.180272152777777,14.206326583333334
656,200182.531,cam1-002-000103-0,7298793.001345068,375690.5075241792,376.87030029296875,BuffaloCamp100m,2020-01-21,2020-01-21 09:36:22.531,09:36:22,61.78748277777778,25.663755166666665,17.780312930555557,0.0,2.8,0.52,15.180312930555555,14.206375516666666
657,200188.537,cam1-002-000104-0,7298779.554855969,375709.5094337867,375.4320068359375,BuffaloCamp100m,2020-01-21,2020-01-21 09:36:28.537,09:36:28,61.784146111111106,25.664756166666667,17.780396347222222,0.0,2.8,0.52,15.180396347222223,14.206475616666667
658,200191.607,cam1-002-000105-0,7298810.660243233,375715.710358604,375.24078369140625,BuffaloCamp100m,2020-01-21,2020-01-21 09:36:31.607,09:36:31,61.78244055555556,25.66526783333333,17.78043898611111,0.0,2.8,0.52,15.180438986111112,14.206526783333333
659,200194.543,cam1-002-000106-0,7298842.0082020005,375714.9967784977,375.18505859375,BuffaloCamp100m,2020-01-21,2020-01-21 09:36:34.543,09:36:34,61.780809444444444,25.665757166666666,17.780479763888888,0.0,2.8,0.52,15.180479763888888,14.206575716666666
660,200197.613,cam1-002-000107-0,7298877.541286774,375714.06404111884,373.6076354980469,BuffaloCamp100m,2020-01-21,2020-01-21 09:36:37.613,09:36:37,61.77910388888888,25.666268833333334,17.780522402777777,0.0,2.8,0.52,15.180522402777777,14.206626883333334
661,200200.549,cam1-002-000108-0,7298903.410275045,375718.4076513353,371.16192626953125,BuffaloCamp100m,2020-01-21,2020-01-21 09:36:40.549,09:36:40,61.77747277777778,25.666758166666664,17.780563180555557,0.0,2.8,0.52,15.180563180555556,14.206675816666667
662,200203.619,cam1-002-000109-0,7298922.986625886,375725.1925824223,368.9748840332031,BuffaloCamp100m,2020-01-21,2020-01-21 09:36:43.619,09:36:43,61.77576722222222,25.667269833333332,17.780605819444446,0.0,2.8,0.52,15.180605819444445,14.206726983333335
663,200206.555,cam1-002-000110-0,7298945.981880592,375730.6709726205,367.0123291015625,BuffaloCamp100m,2020-01-21,2020-01-21 09:36:46.555,09:36:46,61.77413611111111,25.667759166666666,17.780646597222223,0.0,2.8,0.52,15.180646597222221,14.206775916666667
664,200209.625,cam1-002-000111-0,7298970.753341734,375735.08566577826,364.80499267578125,BuffaloCamp100m,2020-01-21,2020-01-21 09:36:49.625,09:36:49,61.77243055555556,25.66827083333333,17.78068923611111,0.0,2.8,0.52,15.18068923611111,14.206827083333334
665,200212.561,cam1-002-000112-0,7298994.378090242,375738.99057191936,362.10675048828125,BuffaloCamp100m,2020-01-21,2020-01-21 09:36:52.561,09:36:52,61.77079944444445,25.668760166666665,17.78073001388889,0.0,2.8,0.52,15.180730013888889,14.206876016666667
666,200215.631,cam1-002-000113-0,7299018.035814671,375742.7892658557,359.12017822265625,BuffaloCamp100m,2020-01-21,2020-01-21 09:36:55.631,09:36:55,61.76909388888889,25.669271833333333,17.780772652777777,0.0,2.8,0.52,15.180772652777778,14.206927183333333
667,200218.567,cam1-002-000114-0,7299039.743232547,375745.9848271583,356.4578857421875,BuffaloCamp100m,2020-01-21,2020-01-21 09:36:58.567,09:36:58,61.76746277777777,25.669761166666667,17.780813430555558,0.0,2.8,0.52,15.180813430555556,14.206976116666667
668,200221.636,cam1-002-000115-0,7299061.443428553,375749.2295195911,353.590576171875,BuffaloCamp100m,2020-01-21,2020-01-21 09:37:01.636,09:37:01,61.76575777777778,25.670272666666666,17.780856055555557,0.0,2.8,0.52,15.180856055555555,14.207027266666667
669,200224.573,cam1-002-000116-0,7299079.779498158,375752.10113100166,350.6891784667969,BuffaloCamp100m,2020-01-21,2020-01-21 09:37:04.573,09:37:04,61.76412611111111,25.670762166666666,17.780896847222223,0.0,2.8,0.52,15.180896847222222,14.207076216666668
670,200227.642,cam1-002-000117-0,7299093.473821777,375754.3666212046,347.0912780761719,BuffaloCamp100m,2020-01-21,2020-01-21 09:37:07.642,09:37:07,61.76242111111112,25.671273666666664,17.780939472222222,0.0,2.8,0.52,15.180939472222223,14.207127366666667
671,200230.579,cam1-002-000118-0,7299102.83475416,375756.30379982165,342.5256042480469,BuffaloCamp100m,2020-01-21,2020-01-21 09:37:10.579,09:37:10,61.76078944444445,25.671763166666665,17.78098026388889,0.0,2.8,0.52,15.18098026388889,14.207176316666667
672,200233.515,cam1-002-000119-0,7299114.772967796,375759.46391264914,337.57952880859375,BuffaloCamp100m,2020-01-21,2020-01-21 09:37:13.515,09:37:13,61.759158333333325,25.672252500000003,17.781021041666666,0.0,2.8,0.52,15.181021041666666,14.20722525
673,200236.585,cam1-002-000120-0,7299130.8987264,375764.873469629,331.9220275878906,BuffaloCamp100m,2020-01-21,2020-01-21 09:37:16.585,09:37:16,61.757452777777786,25.672764166666663,17.781063680555555,0.0,2.8,0.52,15.181063680555555,14.207276416666668
674,200239.521,cam1-002-000121-0,7299148.490168924,375771.39282312547,326.7162780761719,BuffaloCamp100m,2020-01-21,2020-01-21 09:37:19.521,09:37:19,61.75582166666666,25.6732535,17.781104458333335,0.0,2.8,0.52,15.181104458333333,14.20732535
675,200242.591,cam1-002-000122-0,7299168.498072911,375779.32363575324,321.4578857421875,BuffaloCamp100m,2020-01-21,2020-01-21 09:37:22.591,09:37:22,61.75411611111112,25.673765166666662,17.781147097222224,0.0,2.8,0.52,15.181147097222222,14.207376516666667
676,200245.527,cam1-002-000123-0,7299186.381788203,375786.98010255775,316.6973571777344,BuffaloCamp100m,2020-01-21,2020-01-21 09:37:25.527,09:37:25,61.752485,25.6742545,17.781187875,0.0,2.8,0.52,15.181187874999999,14.20742545
677,200248.597,cam1-002-000124-0,7299203.182323065,375794.943503957,311.931640625,BuffaloCamp100m,2020-01-21,2020-01-21 09:37:28.597,09:37:28,61.75077944444444,25.674766166666668,17.78123051388889,0.0,2.8,0.52,15.181230513888888,14.207476616666668
678,200251.533,cam1-002-000125-0,7299218.151421419,375802.67192160327,307.2157287597656,BuffaloCamp100m,2020-01-21,2020-01-21 09:37:31.533,09:37:31,61.74914833333334,25.6752555,17.781271291666666,0.0,2.8,0.52,15.181271291666667,14.20752555
