,GPSTime,Imagef,Northing,Easting,Altitude,Site,Date,DateTime,Time,RH,AirTemp
0,540492.05,Flight1_cam1-000-000000-0,7211608.50306308,327735.62096166715,574.2650756835938,HlangwineEP,2020-01-22,2020-01-25 08:08:12.050,08:08:12,79.5,21.58
1,540493.384,Flight1_cam1-000-000001-0,7211608.50306308,327735.62096166715,574.2650756835938,HlangwineEP,2020-01-22,2020-01-25 08:08:13.384,08:08:13,79.5,21.58
2,540495.386,Flight1_cam1-000-000002-0,7211608.50306308,327735.62096166715,574.2650756835938,HlangwineEP,2020-01-22,2020-01-25 08:08:15.386,08:08:15,79.5,21.58
3,540497.388,Flight1_cam1-000-000003-0,7211608.50306308,327735.62096166715,574.2650756835938,HlangwineEP,2020-01-22,2020-01-25 08:08:17.388,08:08:17,79.5,21.58
4,540500.058,Flight1_cam1-000-000004-0,7211608.50306308,327735.62096166715,574.2650756835938,HlangwineEP,2020-01-22,2020-01-25 08:08:20.058,08:08:20,79.5,21.58
5,540501.392,Flight1_cam1-000-000005-0,7211608.50306308,327735.62096166715,574.2650756835938,HlangwineEP,2020-01-22,2020-01-25 08:08:21.392,08:08:21,79.5,21.58
6,540503.394,Flight1_cam1-000-000006-0,7211608.50306308,327735.62096166715,574.2650756835938,HlangwineEP,2020-01-22,2020-01-25 08:08:23.394,08:08:23,79.5,21.58
7,540505.396,Flight1_cam1-000-000007-0,7211608.50306308,327735.62096166715,574.2650756835938,HlangwineEP,2020-01-22,2020-01-25 08:08:25.396,08:08:25,79.5,21.58
8,540507.398,Flight1_cam1-000-000008-0,7211608.50306308,327735.62096166715,574.2650756835938,HlangwineEP,2020-01-22,2020-01-25 08:08:27.398,08:08:27,79.5,21.58
9,540509.934,Flight1_cam1-000-000009-0,7211608.50306308,327735.62096166715,574.2650756835938,HlangwineEP,2020-01-22,2020-01-25 08:08:29.934,08:08:29,79.5,21.58
10,540511.402,Flight1_cam1-000-000010-0,7211608.50306308,327735.62096166715,574.2650756835938,HlangwineEP,2020-01-22,2020-01-25 08:08:31.402,08:08:31,79.5,21.58
11,540513.404,Flight1_cam1-000-000011-0,7211608.50306308,327735.62096166715,574.2650756835938,HlangwineEP,2020-01-22,2020-01-25 08:08:33.404,08:08:33,79.5,21.58
12,540515.406,Flight1_cam1-000-000012-0,7211608.50306308,327735.62096166715,574.2650756835938,HlangwineEP,2020-01-22,2020-01-25 08:08:35.406,08:08:35,79.5,21.58
13,540517.408,Flight1_cam1-000-000013-0,7211608.50306308,327735.62096166715,574.2650756835938,HlangwineEP,2020-01-22,2020-01-25 08:08:37.408,08:08:37,79.5,21.58
14,540520.078,Flight1_cam1-000-000014-0,7211608.50306308,327735.62096166715,574.2650756835938,HlangwineEP,2020-01-22,2020-01-25 08:08:40.078,08:08:40,79.5,21.58
15,540521.412,Flight1_cam1-000-000015-0,7211608.50306308,327735.62096166715,574.2650756835938,HlangwineEP,2020-01-22,2020-01-25 08:08:41.412,08:08:41,79.5,21.58
16,540523.414,Flight1_cam1-000-000016-0,7211608.50306308,327735.62096166715,574.2650756835938,HlangwineEP,2020-01-22,2020-01-25 08:08:43.414,08:08:43,79.5,21.58
17,540525.416,Flight1_cam1-000-000017-0,7211608.50306308,327735.62096166715,574.2650756835938,HlangwineEP,2020-01-22,2020-01-25 08:08:45.416,08:08:45,79.5,21.58
18,540527.552,Flight1_cam1-000-000018-0,7211608.50306308,327735.62096166715,574.2650756835938,HlangwineEP,2020-01-22,2020-01-25 08:08:47.552,08:08:47,79.5,21.58
19,540529.954,Flight1_cam1-000-000019-0,7211608.50306308,327735.62096166715,574.2650756835938,HlangwineEP,2020-01-22,2020-01-25 08:08:49.954,08:08:49,79.5,21.58
20,540531.422,Flight1_cam1-000-000020-0,7211608.50306308,327735.62096166715,574.2650756835938,HlangwineEP,2020-01-22,2020-01-25 08:08:51.422,08:08:51,79.5,21.58
21,540533.424,Flight1_cam1-000-000021-0,7211608.50306308,327735.62096166715,574.2650756835938,HlangwineEP,2020-01-22,2020-01-25 08:08:53.424,08:08:53,79.5,21.58
22,540535.426,Flight1_cam1-000-000022-0,7211608.50306308,327735.62096166715,574.2650756835938,HlangwineEP,2020-01-22,2020-01-25 08:08:55.426,08:08:55,79.5,21.58
23,540537.962,Flight1_cam1-000-000023-0,7211608.50306308,327735.62096166715,574.2650756835938,HlangwineEP,2020-01-22,2020-01-25 08:08:57.962,08:08:57,79.5,21.58
24,540539.43,Flight1_cam1-000-000024-0,7211608.50306308,327735.62096166715,574.2650756835938,HlangwineEP,2020-01-22,2020-01-25 08:08:59.430,08:08:59,79.5,21.58
25,540541.432,Flight1_cam1-000-000025-0,7211608.50306308,327735.62096166715,574.2650756835938,HlangwineEP,2020-01-22,2020-01-25 08:09:01.432,08:09:01,79.5,21.58
26,540543.434,Flight1_cam1-000-000026-0,7211608.50306308,327735.62096166715,574.2650756835938,HlangwineEP,2020-01-22,2020-01-25 08:09:03.434,08:09:03,79.5,21.58
27,540545.436,Flight1_cam1-000-000027-0,7211608.50306308,327735.62096166715,574.2650756835938,HlangwineEP,2020-01-22,2020-01-25 08:09:05.436,08:09:05,79.5,21.58
28,540547.972,Flight1_cam1-000-000028-0,7211608.50306308,327735.62096166715,574.2650756835938,HlangwineEP,2020-01-22,2020-01-25 08:09:07.972,08:09:07,79.5,21.58
29,540549.44,Flight1_cam1-000-000029-0,7211608.50306308,327735.62096166715,574.2650756835938,HlangwineEP,2020-01-22,2020-01-25 08:09:09.440,08:09:09,79.5,21.58
30,540551.442,Flight1_cam1-000-000030-0,7211608.50306308,327735.62096166715,574.2650756835938,HlangwineEP,2020-01-22,2020-01-25 08:09:11.442,08:09:11,79.5,21.58
31,540553.444,Flight1_cam1-000-000031-0,7211608.50306308,327735.62096166715,574.2650756835938,HlangwineEP,2020-01-22,2020-01-25 08:09:13.444,08:09:13,79.5,21.58
32,540555.98,Flight1_cam1-000-000032-0,7211608.50306308,327735.62096166715,574.2650756835938,HlangwineEP,2020-01-22,2020-01-25 08:09:15.980,08:09:15,79.5,21.58
33,540557.448,Flight1_cam1-000-000033-0,7211608.50306308,327735.62096166715,574.2650756835938,HlangwineEP,2020-01-22,2020-01-25 08:09:17.448,08:09:17,79.5,21.58
34,540559.45,Flight1_cam1-000-000034-0,7211608.50306308,327735.62096166715,574.2650756835938,HlangwineEP,2020-01-22,2020-01-25 08:09:19.450,08:09:19,79.5,21.58
35,540561.585,Flight1_cam1-000-000035-0,7211608.50306308,327735.62096166715,574.2650756835938,HlangwineEP,2020-01-22,2020-01-25 08:09:21.585,08:09:21,79.5,21.58
36,540563.988,Flight1_cam1-000-000036-0,7211608.50306308,327735.62096166715,574.2650756835938,HlangwineEP,2020-01-22,2020-01-25 08:09:23.988,08:09:23,79.5,21.58
37,540565.322,Flight1_cam1-000-000037-0,7211608.50306308,327735.62096166715,574.2650756835938,HlangwineEP,2020-01-22,2020-01-25 08:09:25.322,08:09:25,79.5,21.58
38,540567.324,Flight1_cam1-000-000038-0,7211608.50306308,327735.62096166715,574.2650756835938,HlangwineEP,2020-01-22,2020-01-25 08:09:27.324,08:09:27,79.5,21.58
39,540569.326,Flight1_cam1-000-000039-0,7211608.50306308,327735.62096166715,574.2650756835938,HlangwineEP,2020-01-22,2020-01-25 08:09:29.326,08:09:29,79.5,21.58
40,540571.996,Flight1_cam1-000-000040-0,7211608.50306308,327735.62096166715,574.2650756835938,HlangwineEP,2020-01-22,2020-01-25 08:09:31.996,08:09:31,79.5,21.58
41,540573.33,Flight1_cam1-000-000041-0,7211608.50306308,327735.62096166715,574.2650756835938,HlangwineEP,2020-01-22,2020-01-25 08:09:33.330,08:09:33,79.5,21.58
42,540575.332,Flight1_cam1-000-000042-0,7211608.50306308,327735.62096166715,574.2650756835938,HlangwineEP,2020-01-22,2020-01-25 08:09:35.332,08:09:35,79.5,21.58
43,540577.334,Flight1_cam1-000-000043-0,7211608.50306308,327735.62096166715,574.2650756835938,HlangwineEP,2020-01-22,2020-01-25 08:09:37.334,08:09:37,79.5,21.58
44,540580.004,Flight1_cam1-000-000044-0,7211608.50306308,327735.62096166715,574.2650756835938,HlangwineEP,2020-01-22,2020-01-25 08:09:40.004,08:09:40,79.5,21.58
45,540581.338,Flight1_cam1-000-000045-0,7211608.50306308,327735.62096166715,574.2650756835938,HlangwineEP,2020-01-22,2020-01-25 08:09:41.338,08:09:41,79.5,21.58
46,540583.34,Flight1_cam1-000-000046-0,7211608.50306308,327735.62096166715,574.2650756835938,HlangwineEP,2020-01-22,2020-01-25 08:09:43.340,08:09:43,79.5,21.58
47,540585.342,Flight1_cam1-000-000047-0,7211608.50306308,327735.62096166715,574.2650756835938,HlangwineEP,2020-01-22,2020-01-25 08:09:45.342,08:09:45,79.5,21.58
48,540587.478,Flight1_cam1-000-000048-0,7211608.50306308,327735.62096166715,574.2650756835938,HlangwineEP,2020-01-22,2020-01-25 08:09:47.478,08:09:47,79.5,21.58
49,540590.014,Flight1_cam1-000-000049-0,7211608.50306308,327735.62096166715,574.2650756835938,HlangwineEP,2020-01-22,2020-01-25 08:09:50.014,08:09:50,79.5,21.58
50,540591.348,Flight1_cam1-000-000050-0,7211608.50306308,327735.62096166715,574.2650756835938,HlangwineEP,2020-01-22,2020-01-25 08:09:51.348,08:09:51,79.5,21.58
51,540593.35,Flight1_cam1-000-000051-0,7211608.50306308,327735.62096166715,574.2650756835938,HlangwineEP,2020-01-22,2020-01-25 08:09:53.350,08:09:53,79.5,21.58
52,540595.352,Flight1_cam1-000-000052-0,7211608.50306308,327735.62096166715,574.2650756835938,HlangwineEP,2020-01-22,2020-01-25 08:09:55.352,08:09:55,79.5,21.58
53,540598.022,Flight1_cam1-000-000053-0,7211608.50306308,327735.62096166715,574.2650756835938,HlangwineEP,2020-01-22,2020-01-25 08:09:58.022,08:09:58,79.5,21.58
54,540599.356,Flight1_cam1-000-000054-0,7211608.50306308,327735.62096166715,574.2650756835938,HlangwineEP,2020-01-22,2020-01-25 08:09:59.356,08:09:59,79.5,21.58
55,540601.358,Flight1_cam1-000-000055-0,7211608.50306308,327735.62096166715,574.2650756835938,HlangwineEP,2020-01-22,2020-01-25 08:10:01.358,08:10:01,79.5,21.58
56,540603.36,Flight1_cam1-000-000056-0,7211608.50306308,327735.62096166715,574.2650756835938,HlangwineEP,2020-01-22,2020-01-25 08:10:03.360,08:10:03,79.5,21.58
57,540605.362,Flight1_cam1-000-000057-0,7211608.50306308,327735.62096166715,574.2650756835938,HlangwineEP,2020-01-22,2020-01-25 08:10:05.362,08:10:05,79.5,21.58
58,540608.032,Flight1_cam1-000-000058-0,7211608.50306308,327735.62096166715,574.2650756835938,HlangwineEP,2020-01-22,2020-01-25 08:10:08.032,08:10:08,79.5,21.58
59,540609.366,Flight1_cam1-000-000059-0,7211608.50306308,327735.62096166715,574.2650756835938,HlangwineEP,2020-01-22,2020-01-25 08:10:09.366,08:10:09,79.5,21.58
60,540611.368,Flight1_cam1-000-000060-0,7211608.50306308,327735.62096166715,574.2650756835938,HlangwineEP,2020-01-22,2020-01-25 08:10:11.368,08:10:11,79.5,21.58
61,540613.37,Flight1_cam1-000-000061-0,7211608.50306308,327735.62096166715,574.2650756835938,HlangwineEP,2020-01-22,2020-01-25 08:10:13.370,08:10:13,79.5,21.58
62,540616.039,Flight1_cam1-000-000062-0,7211608.50306308,327735.62096166715,574.2650756835938,HlangwineEP,2020-01-22,2020-01-25 08:10:16.039,08:10:16,79.5,21.58
63,540617.374,Flight1_cam1-000-000063-0,7211608.50306308,327735.62096166715,574.2650756835938,HlangwineEP,2020-01-22,2020-01-25 08:10:17.374,08:10:17,79.5,21.58
64,540619.376,Flight1_cam1-000-000064-0,7211608.50306308,327735.62096166715,574.2650756835938,HlangwineEP,2020-01-22,2020-01-25 08:10:19.376,08:10:19,79.5,21.58
65,540621.378,Flight1_cam1-000-000065-0,7211608.50306308,327735.62096166715,574.2650756835938,HlangwineEP,2020-01-22,2020-01-25 08:10:21.378,08:10:21,79.5,21.58
66,540623.514,Flight1_cam1-000-000066-0,7211608.50306308,327735.62096166715,574.2650756835938,HlangwineEP,2020-01-22,2020-01-25 08:10:23.514,08:10:23,79.5,21.58
67,540626.049,Flight1_cam1-000-000067-0,7211608.50306308,327735.62096166715,574.2650756835938,HlangwineEP,2020-01-22,2020-01-25 08:10:26.049,08:10:26,79.5,21.58
68,540627.384,Flight1_cam1-000-000068-0,7211608.50306308,327735.62096166715,574.2650756835938,HlangwineEP,2020-01-22,2020-01-25 08:10:27.384,08:10:27,79.5,21.58
69,540629.386,Flight1_cam1-000-000069-0,7211608.50306308,327735.62096166715,574.2650756835938,HlangwineEP,2020-01-22,2020-01-25 08:10:29.386,08:10:29,79.5,21.58
70,540631.388,Flight1_cam1-000-000070-0,7211608.50306308,327735.62096166715,574.2650756835938,HlangwineEP,2020-01-22,2020-01-25 08:10:31.388,08:10:31,79.5,21.58
71,540634.057,Flight1_cam1-000-000071-0,7211608.50306308,327735.62096166715,574.2650756835938,HlangwineEP,2020-01-22,2020-01-25 08:10:34.057,08:10:34,79.5,21.58
72,540635.392,Flight1_cam1-000-000072-0,7211608.50306308,327735.62096166715,574.2650756835938,HlangwineEP,2020-01-22,2020-01-25 08:10:35.392,08:10:35,79.5,21.58
73,540637.394,Flight1_cam1-000-000073-0,7211608.50306308,327735.62096166715,574.2650756835938,HlangwineEP,2020-01-22,2020-01-25 08:10:37.394,08:10:37,79.5,21.58
74,540639.396,Flight1_cam1-000-000074-0,7211608.50306308,327735.62096166715,574.2650756835938,HlangwineEP,2020-01-22,2020-01-25 08:10:39.396,08:10:39,79.5,21.58
75,540641.531,Flight1_cam1-000-000075-0,7211608.50306308,327735.62096166715,574.2650756835938,HlangwineEP,2020-01-22,2020-01-25 08:10:41.531,08:10:41,79.5,21.58
76,540644.067,Flight1_cam1-000-000076-0,7211608.50306308,327735.62096166715,574.2650756835938,HlangwineEP,2020-01-22,2020-01-25 08:10:44.067,08:10:44,79.5,21.58
77,540645.402,Flight1_cam1-000-000077-0,7211608.50306308,327735.62096166715,574.2650756835938,HlangwineEP,2020-01-22,2020-01-25 08:10:45.402,08:10:45,79.5,21.58
78,540647.404,Flight1_cam1-000-000078-0,7211608.50306308,327735.62096166715,574.2650756835938,HlangwineEP,2020-01-22,2020-01-25 08:10:47.404,08:10:47,79.5,21.58
79,540649.406,Flight1_cam1-000-000079-0,7211608.50306308,327735.62096166715,574.2650756835938,HlangwineEP,2020-01-22,2020-01-25 08:10:49.406,08:10:49,79.5,21.58
80,540652.075,Flight1_cam1-000-000080-0,7211608.50306308,327735.62096166715,574.2650756835938,HlangwineEP,2020-01-22,2020-01-25 08:10:52.075,08:10:52,79.5,21.58
81,540653.41,Flight1_cam1-000-000081-0,7211608.50306308,327735.62096166715,574.2650756835938,HlangwineEP,2020-01-22,2020-01-25 08:10:53.410,08:10:53,79.5,21.58
82,540655.412,Flight1_cam1-000-000082-0,7211608.50306308,327735.62096166715,574.2650756835938,HlangwineEP,2020-01-22,2020-01-25 08:10:55.412,08:10:55,79.5,21.58
83,540657.414,Flight1_cam1-000-000083-0,7211608.50306308,327735.62096166715,574.2650756835938,HlangwineEP,2020-01-22,2020-01-25 08:10:57.414,08:10:57,79.5,21.58
84,540659.95,Flight1_cam1-000-000084-0,7211608.50306308,327735.62096166715,574.2650756835938,HlangwineEP,2020-01-22,2020-01-25 08:10:59.950,08:10:59,79.5,21.58
85,540661.418,Flight1_cam1-000-000085-0,7211608.50306308,327735.62096166715,574.2650756835938,HlangwineEP,2020-01-22,2020-01-25 08:11:01.418,08:11:01,79.5,21.58
86,540663.42,Flight1_cam1-000-000086-0,7211608.50306308,327735.62096166715,574.2650756835938,HlangwineEP,2020-01-22,2020-01-25 08:11:03.420,08:11:03,79.5,21.58
87,540665.422,Flight1_cam1-000-000087-0,7211608.50306308,327735.62096166715,574.2650756835938,HlangwineEP,2020-01-22,2020-01-25 08:11:05.422,08:11:05,79.5,21.58
88,540667.557,Flight1_cam1-000-000088-0,7211608.50306308,327735.62096166715,574.2650756835938,HlangwineEP,2020-01-22,2020-01-25 08:11:07.557,08:11:07,79.5,21.58
89,540669.96,Flight1_cam1-000-000089-0,7211608.50306308,327735.62096166715,574.2650756835938,HlangwineEP,2020-01-22,2020-01-25 08:11:09.960,08:11:09,79.5,21.58
90,540671.428,Flight1_cam1-000-000090-0,7211608.50306308,327735.62096166715,574.2650756835938,HlangwineEP,2020-01-22,2020-01-25 08:11:11.428,08:11:11,79.5,21.58
91,540673.43,Flight1_cam1-000-000091-0,7211608.50306308,327735.62096166715,574.2650756835938,HlangwineEP,2020-01-22,2020-01-25 08:11:13.430,08:11:13,79.5,21.58
92,540675.432,Flight1_cam1-000-000092-0,7211608.50306308,327735.62096166715,574.2650756835938,HlangwineEP,2020-01-22,2020-01-25 08:11:15.432,08:11:15,79.5,21.58
93,540677.968,Flight1_cam1-000-000093-0,7211608.50306308,327735.62096166715,574.2650756835938,HlangwineEP,2020-01-22,2020-01-25 08:11:17.968,08:11:17,79.5,21.58
94,540679.436,Flight1_cam1-000-000094-0,7211608.50306308,327735.62096166715,574.2650756835938,HlangwineEP,2020-01-22,2020-01-25 08:11:19.436,08:11:19,79.5,21.58
95,540681.438,Flight1_cam1-000-000095-0,7211608.50306308,327735.62096166715,574.2650756835938,HlangwineEP,2020-01-22,2020-01-25 08:11:21.438,08:11:21,79.5,21.58
96,540683.44,Flight1_cam1-000-000096-0,7211608.50306308,327735.62096166715,574.2650756835938,HlangwineEP,2020-01-22,2020-01-25 08:11:23.440,08:11:23,79.5,21.58
97,540685.575,Flight1_cam1-000-000097-0,7211608.50306308,327735.62096166715,574.2650756835938,HlangwineEP,2020-01-22,2020-01-25 08:11:25.575,08:11:25,79.5,21.58
98,540687.978,Flight1_cam1-000-000098-0,7211608.50306308,327735.62096166715,574.2650756835938,HlangwineEP,2020-01-22,2020-01-25 08:11:27.978,08:11:27,79.5,21.58
99,540689.446,Flight1_cam1-000-000099-0,7211608.50306308,327735.62096166715,574.2650756835938,HlangwineEP,2020-01-22,2020-01-25 08:11:29.446,08:11:29,79.5,21.58
100,540691.448,Flight1_cam1-000-000100-0,7211608.50306308,327735.62096166715,574.2650756835938,HlangwineEP,2020-01-22,2020-01-25 08:11:31.448,08:11:31,79.5,21.58
101,540693.45,Flight1_cam1-000-000101-0,7211608.50306308,327735.62096166715,574.2650756835938,HlangwineEP,2020-01-22,2020-01-25 08:11:33.450,08:11:33,79.5,21.58
102,540695.985,Flight1_cam1-000-000102-0,7211608.50306308,327735.62096166715,574.2650756835938,HlangwineEP,2020-01-22,2020-01-25 08:11:35.985,08:11:35,79.5,21.58
103,540697.454,Flight1_cam1-000-000103-0,7211608.50306308,327735.62096166715,574.2650756835938,HlangwineEP,2020-01-22,2020-01-25 08:11:37.454,08:11:37,79.5,21.58
104,540699.456,Flight1_cam1-000-000104-0,7211608.50306308,327735.62096166715,574.2650756835938,HlangwineEP,2020-01-22,2020-01-25 08:11:39.456,08:11:39,79.5,21.58
105,540701.458,Flight1_cam1-000-000105-0,7211608.50306308,327735.62096166715,574.2650756835938,HlangwineEP,2020-01-22,2020-01-25 08:11:41.458,08:11:41,79.5,21.58
106,540703.593,Flight1_cam1-000-000106-0,7211608.50306308,327735.62096166715,574.2650756835938,HlangwineEP,2020-01-22,2020-01-25 08:11:43.593,08:11:43,79.5,21.58
107,540705.995,Flight1_cam1-000-000107-0,7211608.50306308,327735.62096166715,574.2650756835938,HlangwineEP,2020-01-22,2020-01-25 08:11:45.995,08:11:45,79.5,21.58
108,540707.33,Flight1_cam1-000-000108-0,7211608.50306308,327735.62096166715,574.2650756835938,HlangwineEP,2020-01-22,2020-01-25 08:11:47.330,08:11:47,79.5,21.58
109,540709.332,Flight1_cam1-000-000109-0,7211608.50306308,327735.62096166715,574.2650756835938,HlangwineEP,2020-01-22,2020-01-25 08:11:49.332,08:11:49,79.5,21.58
110,540711.334,Flight1_cam1-000-000110-0,7211608.50306308,327735.62096166715,574.2650756835938,HlangwineEP,2020-01-22,2020-01-25 08:11:51.334,08:11:51,79.5,21.58
111,540714.003,Flight1_cam1-000-000111-0,7211608.50306308,327735.62096166715,574.2650756835938,HlangwineEP,2020-01-22,2020-01-25 08:11:54.003,08:11:54,79.5,21.58
112,540715.338,Flight1_cam1-000-000112-0,7211608.50306308,327735.62096166715,574.2650756835938,HlangwineEP,2020-01-22,2020-01-25 08:11:55.338,08:11:55,79.5,21.58
113,540717.34,Flight1_cam1-000-000113-0,7211608.50306308,327735.62096166715,574.2650756835938,HlangwineEP,2020-01-22,2020-01-25 08:11:57.340,08:11:57,79.5,21.58
114,540719.342,Flight1_cam1-000-000114-0,7211608.50306308,327735.62096166715,574.2650756835938,HlangwineEP,2020-01-22,2020-01-25 08:11:59.342,08:11:59,79.5,21.58
115,540722.011,Flight1_cam1-000-000115-0,7211608.50306308,327735.62096166715,574.2650756835938,HlangwineEP,2020-01-22,2020-01-25 08:12:02.011,08:12:02,79.5,21.58
116,540723.346,Flight1_cam1-000-000116-0,7211608.50306308,327735.62096166715,574.2650756835938,HlangwineEP,2020-01-22,2020-01-25 08:12:03.346,08:12:03,79.5,21.58
117,540725.348,Flight1_cam1-000-000117-0,7211608.50306308,327735.62096166715,574.2650756835938,HlangwineEP,2020-01-22,2020-01-25 08:12:05.348,08:12:05,79.5,21.58
118,540727.35,Flight1_cam1-000-000118-0,7211608.50306308,327735.62096166715,574.2650756835938,HlangwineEP,2020-01-22,2020-01-25 08:12:07.350,08:12:07,79.5,21.58
119,540730.687,Flight1_cam1-000-000119-0,7211608.50306308,327735.62096166715,574.2650756835938,HlangwineEP,2020-01-22,2020-01-25 08:12:10.687,08:12:10,79.5,21.58
120,540733.356,Flight1_cam1-000-000120-0,7211608.50306308,327735.62096166715,574.2650756835938,HlangwineEP,2020-01-22,2020-01-25 08:12:13.356,08:12:13,79.5,21.58
121,540735.358,Flight1_cam1-000-000121-0,7211608.50306308,327735.62096166715,574.2650756835938,HlangwineEP,2020-01-22,2020-01-25 08:12:15.358,08:12:15,79.5,21.58
122,540737.36,Flight1_cam1-000-000122-0,7211608.50306308,327735.62096166715,574.2650756835938,HlangwineEP,2020-01-22,2020-01-25 08:12:17.360,08:12:17,79.5,21.58
123,540739.495,Flight1_cam1-000-000123-0,7211608.50306308,327735.62096166715,574.2650756835938,HlangwineEP,2020-01-22,2020-01-25 08:12:19.495,08:12:19,79.5,21.58
124,540742.031,Flight1_cam1-000-000124-0,7211608.50306308,327735.62096166715,574.2650756835938,HlangwineEP,2020-01-22,2020-01-25 08:12:22.031,08:12:22,79.5,21.58
125,540743.366,Flight1_cam1-000-000125-0,7211608.50306308,327735.62096166715,574.2650756835938,HlangwineEP,2020-01-22,2020-01-25 08:12:23.366,08:12:23,79.5,21.58
126,540745.368,Flight1_cam1-000-000126-0,7211608.50306308,327735.62096166715,574.2650756835938,HlangwineEP,2020-01-22,2020-01-25 08:12:25.368,08:12:25,79.5,21.58
127,540747.37,Flight1_cam1-000-000127-0,7211608.50306308,327735.62096166715,574.2650756835938,HlangwineEP,2020-01-22,2020-01-25 08:12:27.370,08:12:27,79.5,21.58
128,540750.039,Flight1_cam1-000-000128-0,7211608.50306308,327735.62096166715,574.2650756835938,HlangwineEP,2020-01-22,2020-01-25 08:12:30.039,08:12:30,79.5,21.58
129,540751.374,Flight1_cam1-000-000129-0,7211608.50306308,327735.62096166715,574.2650756835938,HlangwineEP,2020-01-22,2020-01-25 08:12:31.374,08:12:31,79.5,21.58
130,540753.376,Flight1_cam1-000-000130-0,7211608.50306308,327735.62096166715,574.2650756835938,HlangwineEP,2020-01-22,2020-01-25 08:12:33.376,08:12:33,79.5,21.58
131,540755.378,Flight1_cam1-000-000131-0,7211608.50306308,327735.62096166715,574.2650756835938,HlangwineEP,2020-01-22,2020-01-25 08:12:35.378,08:12:35,79.5,21.58
132,540757.513,Flight1_cam1-000-000132-0,7211608.50306308,327735.62096166715,574.2650756835938,HlangwineEP,2020-01-22,2020-01-25 08:12:37.513,08:12:37,79.5,21.58
133,540760.049,Flight1_cam1-000-000133-0,7211608.50306308,327735.62096166715,574.2650756835938,HlangwineEP,2020-01-22,2020-01-25 08:12:40.049,08:12:40,79.5,21.58
134,540761.384,Flight1_cam1-000-000134-0,7211608.50306308,327735.62096166715,574.2650756835938,HlangwineEP,2020-01-22,2020-01-25 08:12:41.384,08:12:41,79.5,21.58
135,540763.386,Flight1_cam1-000-000135-0,7211608.50306308,327735.62096166715,574.2650756835938,HlangwineEP,2020-01-22,2020-01-25 08:12:43.386,08:12:43,79.5,21.58
136,540765.388,Flight1_cam1-000-000136-0,7211608.50306308,327735.62096166715,574.2650756835938,HlangwineEP,2020-01-22,2020-01-25 08:12:45.388,08:12:45,79.5,21.58
137,540768.057,Flight1_cam1-000-000137-0,7211608.50306308,327735.62096166715,574.2650756835938,HlangwineEP,2020-01-22,2020-01-25 08:12:48.057,08:12:48,79.5,21.58
138,540769.392,Flight1_cam1-000-000138-0,7211608.50306308,327735.62096166715,574.2650756835938,HlangwineEP,2020-01-22,2020-01-25 08:12:49.392,08:12:49,79.5,21.58
139,540771.394,Flight1_cam1-000-000139-0,7211608.50306308,327735.62096166715,574.2650756835938,HlangwineEP,2020-01-22,2020-01-25 08:12:51.394,08:12:51,79.5,21.58
140,540773.396,Flight1_cam1-000-000140-0,7211608.50306308,327735.62096166715,574.2650756835938,HlangwineEP,2020-01-22,2020-01-25 08:12:53.396,08:12:53,79.5,21.58
141,540775.531,Flight1_cam1-000-000141-0,7211608.50306308,327735.62096166715,574.2650756835938,HlangwineEP,2020-01-22,2020-01-25 08:12:55.531,08:12:55,79.5,21.58
142,540777.933,Flight1_cam1-000-000142-0,7211608.50306308,327735.62096166715,574.2650756835938,HlangwineEP,2020-01-22,2020-01-25 08:12:57.933,08:12:57,79.5,21.58
143,540779.402,Flight1_cam1-000-000143-0,7211608.50306308,327735.62096166715,574.2650756835938,HlangwineEP,2020-01-22,2020-01-25 08:12:59.402,08:12:59,79.5,21.58
144,540781.404,Flight1_cam1-000-000144-0,7211608.50306308,327735.62096166715,574.2650756835938,HlangwineEP,2020-01-22,2020-01-25 08:13:01.404,08:13:01,79.5,21.58
145,540783.406,Flight1_cam1-000-000145-0,7211608.50306308,327735.62096166715,574.2650756835938,HlangwineEP,2020-01-22,2020-01-25 08:13:03.406,08:13:03,79.5,21.58
146,540786.075,Flight1_cam1-000-000146-0,7211608.50306308,327735.62096166715,574.2650756835938,HlangwineEP,2020-01-22,2020-01-25 08:13:06.075,08:13:06,79.5,21.58
147,540787.41,Flight1_cam1-000-000147-0,7211608.50306308,327735.62096166715,574.2650756835938,HlangwineEP,2020-01-22,2020-01-25 08:13:07.410,08:13:07,79.5,21.58
148,540789.412,Flight1_cam1-000-000148-0,7211608.50306308,327735.62096166715,574.2650756835938,HlangwineEP,2020-01-22,2020-01-25 08:13:09.412,08:13:09,79.5,21.58
149,540791.414,Flight1_cam1-000-000149-0,7211608.50306308,327735.62096166715,574.2650756835938,HlangwineEP,2020-01-22,2020-01-25 08:13:11.414,08:13:11,79.5,21.58
150,540793.549,Flight1_cam1-000-000150-0,7211608.50306308,327735.62096166715,574.2650756835938,HlangwineEP,2020-01-22,2020-01-25 08:13:13.549,08:13:13,79.5,21.58
151,540795.951,Flight1_cam1-000-000151-0,7211608.50306308,327735.62096166715,574.2650756835938,HlangwineEP,2020-01-22,2020-01-25 08:13:15.951,08:13:15,79.5,21.58
152,540797.419,Flight1_cam1-000-000152-0,7211608.50306308,327735.62096166715,574.2650756835938,HlangwineEP,2020-01-22,2020-01-25 08:13:17.419,08:13:17,79.5,21.58
153,540799.421,Flight1_cam1-000-000153-0,7211608.50306308,327735.62096166715,574.2650756835938,HlangwineEP,2020-01-22,2020-01-25 08:13:19.421,08:13:19,79.5,21.58
154,540801.423,Flight1_cam1-000-000154-0,7211608.50306308,327735.62096166715,574.2650756835938,HlangwineEP,2020-01-22,2020-01-25 08:13:21.423,08:13:21,79.5,21.58
155,540803.959,Flight1_cam1-000-000155-0,7211608.50306308,327735.62096166715,574.2650756835938,HlangwineEP,2020-01-22,2020-01-25 08:13:23.959,08:13:23,79.5,21.58
156,540805.427,Flight1_cam1-000-000156-0,7211608.50306308,327735.62096166715,574.2650756835938,HlangwineEP,2020-01-22,2020-01-25 08:13:25.427,08:13:25,79.5,21.58
157,540807.429,Flight1_cam1-000-000157-0,7211608.50306308,327735.62096166715,574.2650756835938,HlangwineEP,2020-01-22,2020-01-25 08:13:27.429,08:13:27,79.5,21.58
158,540809.431,Flight1_cam1-000-000158-0,7211608.50306308,327735.62096166715,574.2650756835938,HlangwineEP,2020-01-22,2020-01-25 08:13:29.431,08:13:29,79.5,21.58
159,540811.567,Flight1_cam1-000-000159-0,7211608.50306308,327735.62096166715,574.2650756835938,HlangwineEP,2020-01-22,2020-01-25 08:13:31.567,08:13:31,79.5,21.58
160,540813.969,Flight1_cam1-000-000160-0,7211608.50306308,327735.62096166715,574.2650756835938,HlangwineEP,2020-01-22,2020-01-25 08:13:33.969,08:13:33,79.5,21.58
161,540815.437,Flight1_cam1-000-000161-0,7211608.50306308,327735.62096166715,574.2650756835938,HlangwineEP,2020-01-22,2020-01-25 08:13:35.437,08:13:35,79.5,21.58
162,540817.439,Flight1_cam1-000-000162-0,7211608.50306308,327735.62096166715,574.2650756835938,HlangwineEP,2020-01-22,2020-01-25 08:13:37.439,08:13:37,79.5,21.58
163,540819.441,Flight1_cam1-000-000163-0,7211608.50306308,327735.62096166715,574.2650756835938,HlangwineEP,2020-01-22,2020-01-25 08:13:39.441,08:13:39,79.5,21.58
164,540821.977,Flight1_cam1-000-000164-0,7211608.50306308,327735.62096166715,574.2650756835938,HlangwineEP,2020-01-22,2020-01-25 08:13:41.977,08:13:41,79.5,21.58
165,540823.445,Flight1_cam1-000-000165-0,7211608.50306308,327735.62096166715,574.2650756835938,HlangwineEP,2020-01-22,2020-01-25 08:13:43.445,08:13:43,79.5,21.58
166,540825.447,Flight1_cam1-000-000166-0,7211608.50306308,327735.62096166715,574.2650756835938,HlangwineEP,2020-01-22,2020-01-25 08:13:45.447,08:13:45,79.5,21.58
167,540827.449,Flight1_cam1-000-000167-0,7211608.50306308,327735.62096166715,574.2650756835938,HlangwineEP,2020-01-22,2020-01-25 08:13:47.449,08:13:47,79.5,21.58
168,540829.585,Flight1_cam1-000-000168-0,7211608.50306308,327735.62096166715,574.2650756835938,HlangwineEP,2020-01-22,2020-01-25 08:13:49.585,08:13:49,79.5,21.58
169,540831.987,Flight1_cam1-000-000169-0,7211608.50306308,327735.62096166715,574.2650756835938,HlangwineEP,2020-01-22,2020-01-25 08:13:51.987,08:13:51,79.5,21.58
170,540833.455,Flight1_cam1-000-000170-0,7211608.50306308,327735.62096166715,574.2650756835938,HlangwineEP,2020-01-22,2020-01-25 08:13:53.455,08:13:53,79.5,21.58
171,540835.457,Flight1_cam1-000-000171-0,7211608.50306308,327735.62096166715,574.2650756835938,HlangwineEP,2020-01-22,2020-01-25 08:13:55.457,08:13:55,79.5,21.58
172,540837.459,Flight1_cam1-000-000172-0,7211608.50306308,327735.62096166715,574.2650756835938,HlangwineEP,2020-01-22,2020-01-25 08:13:57.459,08:13:57,79.5,21.58
173,540839.995,Flight1_cam1-000-000173-0,7211608.50306308,327735.62096166715,574.2650756835938,HlangwineEP,2020-01-22,2020-01-25 08:13:59.995,08:13:59,79.5,21.58
174,540841.463,Flight1_cam1-000-000174-0,7211608.50306308,327735.62096166715,574.2650756835938,HlangwineEP,2020-01-22,2020-01-25 08:14:01.463,08:14:01,79.5,21.58
175,540843.332,Flight1_cam1-000-000175-0,7211608.50306308,327735.62096166715,574.2650756835938,HlangwineEP,2020-01-22,2020-01-25 08:14:03.332,08:14:03,79.5,21.58
176,540845.467,Flight1_cam1-000-000176-0,7211608.50306308,327735.62096166715,574.2650756835938,HlangwineEP,2020-01-22,2020-01-25 08:14:05.467,08:14:05,79.5,21.58
177,540847.336,Flight1_cam1-000-000177-0,7211608.50306308,327735.62096166715,574.2650756835938,HlangwineEP,2020-01-22,2020-01-25 08:14:07.336,08:14:07,79.5,21.58
178,540850.005,Flight1_cam1-000-000178-0,7211608.50306308,327735.62096166715,574.2650756835938,HlangwineEP,2020-01-22,2020-01-25 08:14:10.005,08:14:10,79.5,21.58
179,540851.34,Flight1_cam1-000-000179-0,7211608.50306308,327735.62096166715,574.2650756835938,HlangwineEP,2020-01-22,2020-01-25 08:14:11.340,08:14:11,79.5,21.58
180,540853.342,Flight1_cam1-000-000180-0,7211608.50306308,327735.62096166715,574.2650756835938,HlangwineEP,2020-01-22,2020-01-25 08:14:13.342,08:14:13,79.5,21.58
181,540855.344,Flight1_cam1-000-000181-0,7211608.50306308,327735.62096166715,574.2650756835938,HlangwineEP,2020-01-22,2020-01-25 08:14:15.344,08:14:15,79.5,21.58
182,540858.013,Flight1_cam1-000-000182-0,7211608.50306308,327735.62096166715,574.2650756835938,HlangwineEP,2020-01-22,2020-01-25 08:14:18.013,08:14:18,79.5,21.58
183,540859.348,Flight1_cam1-000-000183-0,7211608.50306308,327735.62096166715,574.2650756835938,HlangwineEP,2020-01-22,2020-01-25 08:14:19.348,08:14:19,79.5,21.58
184,540861.35,Flight1_cam1-000-000184-0,7211608.50306308,327735.62096166715,574.2650756835938,HlangwineEP,2020-01-22,2020-01-25 08:14:21.350,08:14:21,79.5,21.58
185,540863.352,Flight1_cam1-000-000185-0,7211608.50306308,327735.62096166715,574.2650756835938,HlangwineEP,2020-01-22,2020-01-25 08:14:23.352,08:14:23,79.5,21.58
186,540865.487,Flight1_cam1-000-000186-0,7211608.50306308,327735.62096166715,574.2650756835938,HlangwineEP,2020-01-22,2020-01-25 08:14:25.487,08:14:25,79.5,21.58
187,540868.023,Flight1_cam1-000-000187-0,7211608.50306308,327735.62096166715,574.2650756835938,HlangwineEP,2020-01-22,2020-01-25 08:14:28.023,08:14:28,79.5,21.58
188,540869.358,Flight1_cam1-000-000188-0,7211608.50306308,327735.62096166715,574.2650756835938,HlangwineEP,2020-01-22,2020-01-25 08:14:29.358,08:14:29,79.5,21.58
189,540871.36,Flight1_cam1-000-000189-0,7211608.50306308,327735.62096166715,574.2650756835938,HlangwineEP,2020-01-22,2020-01-25 08:14:31.360,08:14:31,79.5,21.58
190,540873.361,Flight1_cam1-000-000190-0,7211608.50306308,327735.62096166715,574.2650756835938,HlangwineEP,2020-01-22,2020-01-25 08:14:33.361,08:14:33,79.5,21.58
191,540876.031,Flight1_cam1-000-000191-0,7211608.50306308,327735.62096166715,574.2650756835938,HlangwineEP,2020-01-22,2020-01-25 08:14:36.031,08:14:36,79.5,21.58
192,540877.365,Flight1_cam1-000-000192-0,7211608.50306308,327735.62096166715,574.2650756835938,HlangwineEP,2020-01-22,2020-01-25 08:14:37.365,08:14:37,79.5,21.58
193,540879.367,Flight1_cam1-000-000193-0,7211608.50306308,327735.62096166715,574.2650756835938,HlangwineEP,2020-01-22,2020-01-25 08:14:39.367,08:14:39,79.5,21.58
194,540881.369,Flight1_cam1-000-000194-0,7211608.50306308,327735.62096166715,574.2650756835938,HlangwineEP,2020-01-22,2020-01-25 08:14:41.369,08:14:41,79.5,21.58
195,540884.039,Flight1_cam1-000-000195-0,7211608.50306308,327735.62096166715,574.2650756835938,HlangwineEP,2020-01-22,2020-01-25 08:14:44.039,08:14:44,79.5,21.58
196,540885.373,Flight1_cam1-000-000196-0,7211608.50306308,327735.62096166715,574.2650756835938,HlangwineEP,2020-01-22,2020-01-25 08:14:45.373,08:14:45,79.5,21.58
197,540887.375,Flight1_cam1-000-000197-0,7211608.50306308,327735.62096166715,574.2650756835938,HlangwineEP,2020-01-22,2020-01-25 08:14:47.375,08:14:47,79.5,21.58
198,540889.377,Flight1_cam1-000-000198-0,7211608.50306308,327735.62096166715,574.2650756835938,HlangwineEP,2020-01-22,2020-01-25 08:14:49.377,08:14:49,79.5,21.58
199,540891.513,Flight1_cam1-000-000199-0,7211608.50306308,327735.62096166715,574.2650756835938,HlangwineEP,2020-01-22,2020-01-25 08:14:51.513,08:14:51,79.5,21.58
200,540894.049,Flight1_cam1-000-000200-0,7211608.50306308,327735.62096166715,574.2650756835938,HlangwineEP,2020-01-22,2020-01-25 08:14:54.049,08:14:54,79.5,21.58
201,540895.383,Flight1_cam1-000-000201-0,7211608.50306308,327735.62096166715,574.2650756835938,HlangwineEP,2020-01-22,2020-01-25 08:14:55.383,08:14:55,79.5,21.58
202,540897.385,Flight1_cam1-000-000202-0,7211608.50306308,327735.62096166715,574.2650756835938,HlangwineEP,2020-01-22,2020-01-25 08:14:57.385,08:14:57,79.5,21.58
203,540899.387,Flight1_cam1-000-000203-0,7211608.50306308,327735.62096166715,574.2650756835938,HlangwineEP,2020-01-22,2020-01-25 08:14:59.387,08:14:59,79.5,21.58
204,540902.057,Flight1_cam1-000-000204-0,7211608.50306308,327735.62096166715,574.2650756835938,HlangwineEP,2020-01-22,2020-01-25 08:15:02.057,08:15:02,79.5,21.58
205,540903.391,Flight1_cam1-000-000205-0,7211608.50306308,327735.62096166715,574.2650756835938,HlangwineEP,2020-01-22,2020-01-25 08:15:03.391,08:15:03,79.5,21.58
206,540905.393,Flight1_cam1-000-000206-0,7211608.50306308,327735.62096166715,574.2650756835938,HlangwineEP,2020-01-22,2020-01-25 08:15:05.393,08:15:05,79.5,21.58
207,540907.395,Flight1_cam1-000-000207-0,7211608.50306308,327735.62096166715,574.2650756835938,HlangwineEP,2020-01-22,2020-01-25 08:15:07.395,08:15:07,79.5,21.58
208,540910.065,Flight1_cam1-000-000208-0,7211608.50306308,327735.62096166715,574.2650756835938,HlangwineEP,2020-01-22,2020-01-25 08:15:10.065,08:15:10,79.5,21.58
209,540911.399,Flight1_cam1-000-000209-0,7211608.50306308,327735.62096166715,574.2650756835938,HlangwineEP,2020-01-22,2020-01-25 08:15:11.399,08:15:11,79.5,21.58
210,540913.401,Flight1_cam1-000-000210-0,7211608.50306308,327735.62096166715,574.2650756835938,HlangwineEP,2020-01-22,2020-01-25 08:15:13.401,08:15:13,79.5,21.58
211,540915.403,Flight1_cam1-000-000211-0,7211608.50306308,327735.62096166715,574.2650756835938,HlangwineEP,2020-01-22,2020-01-25 08:15:15.403,08:15:15,79.5,21.58
212,540917.539,Flight1_cam1-000-000212-0,7211608.50306308,327735.62096166715,574.2650756835938,HlangwineEP,2020-01-22,2020-01-25 08:15:17.539,08:15:17,79.5,21.58
213,540920.075,Flight1_cam1-000-000213-0,7211608.50306308,327735.62096166715,574.2650756835938,HlangwineEP,2020-01-22,2020-01-25 08:15:20.075,08:15:20,79.5,21.58
214,540921.409,Flight1_cam1-000-000214-0,7211608.50306308,327735.62096166715,574.2650756835938,HlangwineEP,2020-01-22,2020-01-25 08:15:21.409,08:15:21,79.5,21.58
215,540923.411,Flight1_cam1-000-000215-0,7211608.50306308,327735.62096166715,574.2650756835938,HlangwineEP,2020-01-22,2020-01-25 08:15:23.411,08:15:23,79.5,21.58
216,540925.413,Flight1_cam1-000-000216-0,7211608.50306308,327735.62096166715,574.2650756835938,HlangwineEP,2020-01-22,2020-01-25 08:15:25.413,08:15:25,79.5,21.58
217,540927.949,Flight1_cam1-000-000217-0,7211608.50306308,327735.62096166715,574.2650756835938,HlangwineEP,2020-01-22,2020-01-25 08:15:27.949,08:15:27,79.5,21.58
218,540929.417,Flight1_cam1-000-000218-0,7211608.50306308,327735.62096166715,574.2650756835938,HlangwineEP,2020-01-22,2020-01-25 08:15:29.417,08:15:29,79.5,21.58
219,540931.419,Flight1_cam1-000-000219-0,7211608.50306308,327735.62096166715,574.2650756835938,HlangwineEP,2020-01-22,2020-01-25 08:15:31.419,08:15:31,79.5,21.58
220,540933.421,Flight1_cam1-000-000220-0,7211608.50306308,327735.62096166715,574.2650756835938,HlangwineEP,2020-01-22,2020-01-25 08:15:33.421,08:15:33,79.5,21.58
221,540935.557,Flight1_cam1-000-000221-0,7211608.50306308,327735.62096166715,574.2650756835938,HlangwineEP,2020-01-22,2020-01-25 08:15:35.557,08:15:35,79.5,21.58
222,540937.959,Flight1_cam1-000-000222-0,7211608.50306308,327735.62096166715,574.2650756835938,HlangwineEP,2020-01-22,2020-01-25 08:15:37.959,08:15:37,79.5,21.58
223,540939.427,Flight1_cam1-000-000223-0,7211608.50306308,327735.62096166715,574.2650756835938,HlangwineEP,2020-01-22,2020-01-25 08:15:39.427,08:15:39,79.5,21.58
224,540941.429,Flight1_cam1-000-000224-0,7211608.50306308,327735.62096166715,574.2650756835938,HlangwineEP,2020-01-22,2020-01-25 08:15:41.429,08:15:41,79.5,21.58
225,540943.431,Flight1_cam1-000-000225-0,7211608.50306308,327735.62096166715,574.2650756835938,HlangwineEP,2020-01-22,2020-01-25 08:15:43.431,08:15:43,79.5,21.58
226,540945.967,Flight1_cam1-000-000226-0,7211608.50306308,327735.62096166715,574.2650756835938,HlangwineEP,2020-01-22,2020-01-25 08:15:45.967,08:15:45,79.5,21.58
227,540947.435,Flight1_cam1-000-000227-0,7211608.50306308,327735.62096166715,574.2650756835938,HlangwineEP,2020-01-22,2020-01-25 08:15:47.435,08:15:47,79.5,21.58
228,540949.437,Flight1_cam1-000-000228-0,7211608.50306308,327735.62096166715,574.2650756835938,HlangwineEP,2020-01-22,2020-01-25 08:15:49.437,08:15:49,79.5,21.58
229,540951.439,Flight1_cam1-000-000229-0,7211608.50306308,327735.62096166715,574.2650756835938,HlangwineEP,2020-01-22,2020-01-25 08:15:51.439,08:15:51,79.5,21.58
230,540953.574,Flight1_cam1-000-000230-0,7211608.50306308,327735.62096166715,574.2650756835938,HlangwineEP,2020-01-22,2020-01-25 08:15:53.574,08:15:53,79.5,21.58
231,540955.977,Flight1_cam1-000-000231-0,7211608.50306308,327735.62096166715,574.2650756835938,HlangwineEP,2020-01-22,2020-01-25 08:15:55.977,08:15:55,79.5,21.58
232,540957.445,Flight1_cam1-000-000232-0,7211608.50306308,327735.62096166715,574.2650756835938,HlangwineEP,2020-01-22,2020-01-25 08:15:57.445,08:15:57,79.5,21.58
233,540959.447,Flight1_cam1-000-000233-0,7211608.50306308,327735.62096166715,574.2650756835938,HlangwineEP,2020-01-22,2020-01-25 08:15:59.447,08:15:59,79.5,21.58
234,540961.449,Flight1_cam1-000-000234-0,7211608.50306308,327735.62096166715,574.2650756835938,HlangwineEP,2020-01-22,2020-01-25 08:16:01.449,08:16:01,79.5,21.58
235,540963.985,Flight1_cam1-000-000235-0,7211608.50306308,327735.62096166715,574.2650756835938,HlangwineEP,2020-01-22,2020-01-25 08:16:03.985,08:16:03,79.5,21.58
236,540965.453,Flight1_cam1-000-000236-0,7211608.50306308,327735.62096166715,574.2650756835938,HlangwineEP,2020-01-22,2020-01-25 08:16:05.453,08:16:05,79.5,21.58
237,540967.455,Flight1_cam1-000-000237-0,7211608.50306308,327735.62096166715,574.2650756835938,HlangwineEP,2020-01-22,2020-01-25 08:16:07.455,08:16:07,79.5,21.58
238,540969.457,Flight1_cam1-000-000238-0,7211608.50306308,327735.62096166715,574.2650756835938,HlangwineEP,2020-01-22,2020-01-25 08:16:09.457,08:16:09,79.5,21.58
239,540971.592,Flight1_cam1-000-000239-0,7211608.50306308,327735.62096166715,574.2650756835938,HlangwineEP,2020-01-22,2020-01-25 08:16:11.592,08:16:11,79.5,21.58
240,540973.995,Flight1_cam1-000-000240-0,7211608.50306308,327735.62096166715,574.2650756835938,HlangwineEP,2020-01-22,2020-01-25 08:16:13.995,08:16:13,79.5,21.58
241,540975.463,Flight1_cam1-000-000241-0,7211608.50306308,327735.62096166715,574.2650756835938,HlangwineEP,2020-01-22,2020-01-25 08:16:15.463,08:16:15,79.5,21.58
242,540977.465,Flight1_cam1-000-000242-0,7211608.50306308,327735.62096166715,574.2650756835938,HlangwineEP,2020-01-22,2020-01-25 08:16:17.465,08:16:17,79.5,21.58
243,540979.467,Flight1_cam1-000-000243-0,7211608.50306308,327735.62096166715,574.2650756835938,HlangwineEP,2020-01-22,2020-01-25 08:16:19.467,08:16:19,79.5,21.58
244,540982.003,Flight1_cam1-000-000244-0,7211608.50306308,327735.62096166715,574.2650756835938,HlangwineEP,2020-01-22,2020-01-25 08:16:22.003,08:16:22,79.5,21.58
245,540983.337,Flight1_cam1-000-000245-0,7211608.50306308,327735.62096166715,574.2650756835938,HlangwineEP,2020-01-22,2020-01-25 08:16:23.337,08:16:23,79.5,21.58
246,540985.339,Flight1_cam1-000-000246-0,7211608.50306308,327735.62096166715,574.2650756835938,HlangwineEP,2020-01-22,2020-01-25 08:16:25.339,08:16:25,79.5,21.58
247,540987.341,Flight1_cam1-000-000247-0,7211608.50306308,327735.62096166715,574.2650756835938,HlangwineEP,2020-01-22,2020-01-25 08:16:27.341,08:16:27,79.5,21.58
248,540990.544,Flight1_cam1-000-000248-0,7211608.50306308,327735.62096166715,574.2650756835938,HlangwineEP,2020-01-22,2020-01-25 08:16:30.544,08:16:30,79.5,21.58
249,540993.08,Flight1_cam1-000-000249-0,7211608.50306308,327735.62096166715,574.2650756835938,HlangwineEP,2020-01-22,2020-01-25 08:16:33.080,08:16:33,79.5,21.58
250,540993.347,Flight1_cam1-000-000250-0,7211608.50306308,327735.62096166715,574.2650756835938,HlangwineEP,2020-01-22,2020-01-25 08:16:33.347,08:16:33,79.5,21.58
251,540995.349,Flight1_cam1-000-000251-0,7211608.50306308,327735.62096166715,574.2650756835938,HlangwineEP,2020-01-22,2020-01-25 08:16:35.349,08:16:35,79.5,21.58
252,540997.351,Flight1_cam1-000-000252-0,7211608.50306308,327735.62096166715,574.2650756835938,HlangwineEP,2020-01-22,2020-01-25 08:16:37.351,08:16:37,79.5,21.58
253,540999.353,Flight1_cam1-000-000253-0,7211608.50306308,327735.62096166715,574.2650756835938,HlangwineEP,2020-01-22,2020-01-25 08:16:39.353,08:16:39,79.5,21.58
254,541002.022,Flight1_cam1-000-000254-0,7211608.50306308,327735.62096166715,574.2650756835938,HlangwineEP,2020-01-22,2020-01-25 08:16:42.022,08:16:42,79.5,21.58
255,541003.357,Flight1_cam1-000-000255-0,7211608.50306308,327735.62096166715,574.2650756835938,HlangwineEP,2020-01-22,2020-01-25 08:16:43.357,08:16:43,79.5,21.58
256,541005.359,Flight1_cam1-000-000256-0,7211608.50306308,327735.62096166715,574.2650756835938,HlangwineEP,2020-01-22,2020-01-25 08:16:45.359,08:16:45,79.5,21.58
257,541007.361,Flight1_cam1-000-000257-0,7211608.50306308,327735.62096166715,574.2650756835938,HlangwineEP,2020-01-22,2020-01-25 08:16:47.361,08:16:47,79.5,21.58
258,541010.03,Flight1_cam1-000-000258-0,7211608.50306308,327735.62096166715,574.2650756835938,HlangwineEP,2020-01-22,2020-01-25 08:16:50.030,08:16:50,79.5,21.58
259,541011.365,Flight1_cam1-000-000259-0,7211608.50306308,327735.62096166715,574.2650756835938,HlangwineEP,2020-01-22,2020-01-25 08:16:51.365,08:16:51,79.5,21.58
260,541013.367,Flight1_cam1-000-000260-0,7211608.50306308,327735.62096166715,574.2650756835938,HlangwineEP,2020-01-22,2020-01-25 08:16:53.367,08:16:53,79.5,21.58
261,541015.369,Flight1_cam1-000-000261-0,7211608.50306308,327735.62096166715,574.2650756835938,HlangwineEP,2020-01-22,2020-01-25 08:16:55.369,08:16:55,79.5,21.58
262,541018.038,Flight1_cam1-000-000262-0,7211608.50306308,327735.62096166715,574.2650756835938,HlangwineEP,2020-01-22,2020-01-25 08:16:58.038,08:16:58,79.5,21.58
263,541019.373,Flight1_cam1-000-000263-0,7211608.50306308,327735.62096166715,574.2650756835938,HlangwineEP,2020-01-22,2020-01-25 08:16:59.373,08:16:59,79.5,21.58
264,541021.375,Flight1_cam1-000-000264-0,7211608.50306308,327735.62096166715,574.2650756835938,HlangwineEP,2020-01-22,2020-01-25 08:17:01.375,08:17:01,79.5,21.58
265,541023.377,Flight1_cam1-000-000265-0,7211608.50306308,327735.62096166715,574.2650756835938,HlangwineEP,2020-01-22,2020-01-25 08:17:03.377,08:17:03,79.5,21.58
266,541026.046,Flight1_cam1-000-000266-0,7211608.50306308,327735.62096166715,574.2650756835938,HlangwineEP,2020-01-22,2020-01-25 08:17:06.046,08:17:06,79.5,21.58
267,541027.381,Flight1_cam1-000-000267-0,7211608.50306308,327735.62096166715,574.2650756835938,HlangwineEP,2020-01-22,2020-01-25 08:17:07.381,08:17:07,79.5,21.58
268,541029.383,Flight1_cam1-000-000268-0,7211608.50306308,327735.62096166715,574.2650756835938,HlangwineEP,2020-01-22,2020-01-25 08:17:09.383,08:17:09,79.5,21.58
269,541031.385,Flight1_cam1-000-000269-0,7211608.50306308,327735.62096166715,574.2650756835938,HlangwineEP,2020-01-22,2020-01-25 08:17:11.385,08:17:11,79.5,21.58
270,541033.52,Flight1_cam1-000-000270-0,7211608.50306308,327735.62096166715,574.2650756835938,HlangwineEP,2020-01-22,2020-01-25 08:17:13.520,08:17:13,79.5,21.58
271,541036.056,Flight1_cam1-000-000271-0,7211608.50306308,327735.62096166715,574.2650756835938,HlangwineEP,2020-01-22,2020-01-25 08:17:16.056,08:17:16,79.5,21.58
272,541037.391,Flight1_cam1-000-000272-0,7211608.50306308,327735.62096166715,574.2650756835938,HlangwineEP,2020-01-22,2020-01-25 08:17:17.391,08:17:17,79.5,21.58
273,541039.393,Flight1_cam1-000-000273-0,7211608.50306308,327735.62096166715,574.2650756835938,HlangwineEP,2020-01-22,2020-01-25 08:17:19.393,08:17:19,79.5,21.58
274,541041.395,Flight1_cam1-000-000274-0,7211608.50306308,327735.62096166715,574.2650756835938,HlangwineEP,2020-01-22,2020-01-25 08:17:21.395,08:17:21,79.5,21.58
275,541044.064,Flight1_cam1-000-000275-0,7211608.50306308,327735.62096166715,574.2650756835938,HlangwineEP,2020-01-22,2020-01-25 08:17:24.064,08:17:24,79.5,21.58
276,541045.399,Flight1_cam1-000-000276-0,7211608.50306308,327735.62096166715,574.2650756835938,HlangwineEP,2020-01-22,2020-01-25 08:17:25.399,08:17:25,79.5,21.58
277,541047.401,Flight1_cam1-000-000277-0,7211608.50306308,327735.62096166715,574.2650756835938,HlangwineEP,2020-01-22,2020-01-25 08:17:27.401,08:17:27,79.5,21.58
278,541049.403,Flight1_cam1-000-000278-0,7211608.50306308,327735.62096166715,574.2650756835938,HlangwineEP,2020-01-22,2020-01-25 08:17:29.403,08:17:29,79.5,21.58
279,541051.538,Flight1_cam1-000-000279-0,7211608.50306308,327735.62096166715,574.2650756835938,HlangwineEP,2020-01-22,2020-01-25 08:17:31.538,08:17:31,79.5,21.58
280,541054.074,Flight1_cam1-000-000280-0,7211608.50306308,327735.62096166715,574.2650756835938,HlangwineEP,2020-01-22,2020-01-25 08:17:34.074,08:17:34,79.5,21.58
281,541055.409,Flight1_cam1-000-000281-0,7211608.50306308,327735.62096166715,574.2650756835938,HlangwineEP,2020-01-22,2020-01-25 08:17:35.409,08:17:35,79.5,21.58
282,541057.411,Flight1_cam1-000-000282-0,7211608.50306308,327735.62096166715,574.2650756835938,HlangwineEP,2020-01-22,2020-01-25 08:17:37.411,08:17:37,79.5,21.58
283,541059.413,Flight1_cam1-000-000283-0,7211608.50306308,327735.62096166715,574.2650756835938,HlangwineEP,2020-01-22,2020-01-25 08:17:39.413,08:17:39,79.5,21.58
284,541062.082,Flight1_cam1-000-000284-0,7211608.50306308,327735.62096166715,574.2650756835938,HlangwineEP,2020-01-22,2020-01-25 08:17:42.082,08:17:42,79.5,21.58
285,541063.417,Flight1_cam1-000-000285-0,7211608.50306308,327735.62096166715,574.2650756835938,HlangwineEP,2020-01-22,2020-01-25 08:17:43.417,08:17:43,79.5,21.58
286,541065.419,Flight1_cam1-000-000286-0,7211608.50306308,327735.62096166715,574.2650756835938,HlangwineEP,2020-01-22,2020-01-25 08:17:45.419,08:17:45,79.5,21.58
287,541067.421,Flight1_cam1-000-000287-0,7211608.50306308,327735.62096166715,574.2650756835938,HlangwineEP,2020-01-22,2020-01-25 08:17:47.421,08:17:47,79.5,21.58
288,541069.556,Flight1_cam1-000-000288-0,7211608.50306308,327735.62096166715,574.2650756835938,HlangwineEP,2020-01-22,2020-01-25 08:17:49.556,08:17:49,79.5,21.58
289,541071.959,Flight1_cam1-000-000289-0,7211608.50306308,327735.62096166715,574.2650756835938,HlangwineEP,2020-01-22,2020-01-25 08:17:51.959,08:17:51,79.5,21.58
290,541073.427,Flight1_cam1-000-000290-0,7211608.50306308,327735.62096166715,574.2650756835938,HlangwineEP,2020-01-22,2020-01-25 08:17:53.427,08:17:53,79.5,21.58
291,541075.429,Flight1_cam1-000-000291-0,7211608.50306308,327735.62096166715,574.2650756835938,HlangwineEP,2020-01-22,2020-01-25 08:17:55.429,08:17:55,79.5,21.58
292,541077.431,Flight1_cam1-000-000292-0,7211608.50306308,327735.62096166715,574.2650756835938,HlangwineEP,2020-01-22,2020-01-25 08:17:57.431,08:17:57,79.5,21.58
293,541079.966,Flight1_cam1-000-000293-0,7211608.50306308,327735.62096166715,574.2650756835938,HlangwineEP,2020-01-22,2020-01-25 08:17:59.966,08:17:59,79.5,21.58
294,541081.435,Flight1_cam1-000-000294-0,7211608.50306308,327735.62096166715,574.2650756835938,HlangwineEP,2020-01-22,2020-01-25 08:18:01.435,08:18:01,79.5,21.58
295,541083.437,Flight1_cam1-000-000295-0,7211608.50306308,327735.62096166715,574.2650756835938,HlangwineEP,2020-01-22,2020-01-25 08:18:03.437,08:18:03,79.5,21.58
296,541085.439,Flight1_cam1-000-000296-0,7211608.50306308,327735.62096166715,574.2650756835938,HlangwineEP,2020-01-22,2020-01-25 08:18:05.439,08:18:05,79.5,21.58
297,541087.574,Flight1_cam1-000-000297-0,7211608.50306308,327735.62096166715,574.2650756835938,HlangwineEP,2020-01-22,2020-01-25 08:18:07.574,08:18:07,79.5,21.58
298,541089.976,Flight1_cam1-000-000298-0,7211608.50306308,327735.62096166715,574.2650756835938,HlangwineEP,2020-01-22,2020-01-25 08:18:09.976,08:18:09,79.5,21.58
299,541091.445,Flight1_cam1-000-000299-0,7211608.50306308,327735.62096166715,574.2650756835938,HlangwineEP,2020-01-22,2020-01-25 08:18:11.445,08:18:11,79.5,21.58
300,541093.447,Flight1_cam1-000-000300-0,7211608.50306308,327735.62096166715,574.2650756835938,HlangwineEP,2020-01-22,2020-01-25 08:18:13.447,08:18:13,79.5,21.58
301,541095.448,Flight1_cam1-000-000301-0,7211608.50306308,327735.62096166715,574.2650756835938,HlangwineEP,2020-01-22,2020-01-25 08:18:15.448,08:18:15,79.5,21.58
302,541097.984,Flight1_cam1-000-000302-0,7211608.50306308,327735.62096166715,574.2650756835938,HlangwineEP,2020-01-22,2020-01-25 08:18:17.984,08:18:17,79.5,21.58
303,541099.452,Flight1_cam1-000-000303-0,7211608.50306308,327735.62096166715,574.2650756835938,HlangwineEP,2020-01-22,2020-01-25 08:18:19.452,08:18:19,79.5,21.58
304,541101.454,Flight1_cam1-000-000304-0,7211608.50306308,327735.62096166715,574.2650756835938,HlangwineEP,2020-01-22,2020-01-25 08:18:21.454,08:18:21,79.5,21.58
305,541103.456,Flight1_cam1-000-000305-0,7211608.50306308,327735.62096166715,574.2650756835938,HlangwineEP,2020-01-22,2020-01-25 08:18:23.456,08:18:23,79.5,21.58
306,541105.592,Flight1_cam1-000-000306-0,7211608.50306308,327735.62096166715,574.2650756835938,HlangwineEP,2020-01-22,2020-01-25 08:18:25.592,08:18:25,79.5,21.58
307,541107.994,Flight1_cam1-000-000307-0,7211608.50306308,327735.62096166715,574.2650756835938,HlangwineEP,2020-01-22,2020-01-25 08:18:27.994,08:18:27,79.5,21.58
308,541109.462,Flight1_cam1-000-000308-0,7211608.50306308,327735.62096166715,574.2650756835938,HlangwineEP,2020-01-22,2020-01-25 08:18:29.462,08:18:29,79.5,21.58
309,541111.464,Flight1_cam1-000-000309-0,7211608.50306308,327735.62096166715,574.2650756835938,HlangwineEP,2020-01-22,2020-01-25 08:18:31.464,08:18:31,79.5,21.58
310,541113.466,Flight1_cam1-000-000310-0,7211608.50306308,327735.62096166715,574.2650756835938,HlangwineEP,2020-01-22,2020-01-25 08:18:33.466,08:18:33,79.5,21.58
311,541116.002,Flight1_cam1-000-000311-0,7211608.50306308,327735.62096166715,574.2650756835938,HlangwineEP,2020-01-22,2020-01-25 08:18:36.002,08:18:36,79.5,21.58
312,541117.47,Flight1_cam1-000-000312-0,7211608.50306308,327735.62096166715,574.2650756835938,HlangwineEP,2020-01-22,2020-01-25 08:18:37.470,08:18:37,79.5,21.58
313,541120.54,Flight1_cam1-000-000313-0,7211608.50306308,327735.62096166715,574.2650756835938,HlangwineEP,2020-01-22,2020-01-25 08:18:40.540,08:18:40,79.5,21.58
314,541121.474,Flight1_cam1-000-000314-0,7211608.50306308,327735.62096166715,574.2650756835938,HlangwineEP,2020-01-22,2020-01-25 08:18:41.474,08:18:41,79.5,21.58
315,541124.01,Flight1_cam1-000-000315-0,7211608.50306308,327735.62096166715,574.2650756835938,HlangwineEP,2020-01-22,2020-01-25 08:18:44.010,08:18:44,79.5,21.58
316,541126.413,Flight1_cam1-000-000316-0,7211608.50306308,327735.62096166715,574.2650756835938,HlangwineEP,2020-01-22,2020-01-25 08:18:46.413,08:18:46,79.5,21.58
317,541127.347,Flight1_cam1-000-000317-0,7211608.50306308,327735.62096166715,574.2650756835938,HlangwineEP,2020-01-22,2020-01-25 08:18:47.347,08:18:47,79.5,21.58
318,541129.349,Flight1_cam1-000-000318-0,7211608.50306308,327735.62096166715,574.2650756835938,HlangwineEP,2020-01-22,2020-01-25 08:18:49.349,08:18:49,79.5,21.58
319,541131.484,Flight1_cam1-000-000319-0,7211608.50306308,327735.62096166715,574.2650756835938,HlangwineEP,2020-01-22,2020-01-25 08:18:51.484,08:18:51,79.5,21.58
320,541134.02,Flight1_cam1-000-000320-0,7211608.50306308,327735.62096166715,574.2650756835938,HlangwineEP,2020-01-22,2020-01-25 08:18:54.020,08:18:54,79.5,21.58
321,541135.355,Flight1_cam1-000-000321-0,7211608.50306308,327735.62096166715,574.2650756835938,HlangwineEP,2020-01-22,2020-01-25 08:18:55.355,08:18:55,79.5,21.58
322,541137.357,Flight1_cam1-000-000322-0,7211608.50306308,327735.62096166715,574.2650756835938,HlangwineEP,2020-01-22,2020-01-25 08:18:57.357,08:18:57,79.5,21.58
323,541139.359,Flight1_cam1-000-000323-0,7211608.50306308,327735.62096166715,574.2650756835938,HlangwineEP,2020-01-22,2020-01-25 08:18:59.359,08:18:59,79.5,21.58
324,541142.028,Flight1_cam1-000-000324-0,7211608.50306308,327735.62096166715,574.2650756835938,HlangwineEP,2020-01-22,2020-01-25 08:19:02.028,08:19:02,79.5,21.58
325,541143.363,Flight1_cam1-000-000325-0,7211608.50306308,327735.62096166715,574.2650756835938,HlangwineEP,2020-01-22,2020-01-25 08:19:03.363,08:19:03,79.5,21.58
326,541145.365,Flight1_cam1-000-000326-0,7211608.50306308,327735.62096166715,574.2650756835938,HlangwineEP,2020-01-22,2020-01-25 08:19:05.365,08:19:05,79.5,21.58
327,541147.367,Flight1_cam1-000-000327-0,7211608.50306308,327735.62096166715,574.2650756835938,HlangwineEP,2020-01-22,2020-01-25 08:19:07.367,08:19:07,79.5,21.58
328,541150.837,Flight1_cam1-000-000328-0,7211608.50306308,327735.62096166715,574.2650756835938,HlangwineEP,2020-01-22,2020-01-25 08:19:10.837,08:19:10,79.5,21.58
329,541151.371,Flight1_cam1-000-000329-0,7211608.50306308,327735.62096166715,574.2650756835938,HlangwineEP,2020-01-22,2020-01-25 08:19:11.371,08:19:11,79.5,21.58
330,541153.373,Flight1_cam1-000-000330-0,7211608.50306308,327735.62096166715,574.2650756835938,HlangwineEP,2020-01-22,2020-01-25 08:19:13.373,08:19:13,79.5,21.58
331,541155.375,Flight1_cam1-000-000331-0,7211608.50306308,327735.62096166715,574.2650756835938,HlangwineEP,2020-01-22,2020-01-25 08:19:15.375,08:19:15,79.5,21.58
332,541157.51,Flight1_cam1-000-000332-0,7211608.50306308,327735.62096166715,574.2650756835938,HlangwineEP,2020-01-22,2020-01-25 08:19:17.510,08:19:17,79.5,21.58
333,541160.046,Flight1_cam1-000-000333-0,7211608.50306308,327735.62096166715,574.2650756835938,HlangwineEP,2020-01-22,2020-01-25 08:19:20.046,08:19:20,79.5,21.58
334,541161.381,Flight1_cam1-000-000334-0,7211608.50306308,327735.62096166715,574.2650756835938,HlangwineEP,2020-01-22,2020-01-25 08:19:21.381,08:19:21,79.5,21.58
335,541163.383,Flight1_cam1-000-000335-0,7211608.50306308,327735.62096166715,574.2650756835938,HlangwineEP,2020-01-22,2020-01-25 08:19:23.383,08:19:23,79.5,21.58
336,541165.385,Flight1_cam1-000-000336-0,7211608.50306308,327735.62096166715,574.2650756835938,HlangwineEP,2020-01-22,2020-01-25 08:19:25.385,08:19:25,79.5,21.58
337,541168.054,Flight1_cam1-000-000337-0,7211608.50306308,327735.62096166715,574.2650756835938,HlangwineEP,2020-01-22,2020-01-25 08:19:28.054,08:19:28,79.5,21.58
338,541169.389,Flight1_cam1-000-000338-0,7211608.50306308,327735.62096166715,574.2650756835938,HlangwineEP,2020-01-22,2020-01-25 08:19:29.389,08:19:29,79.5,21.58
339,541171.39,Flight1_cam1-000-000339-0,7211608.50306308,327735.62096166715,574.2650756835938,HlangwineEP,2020-01-22,2020-01-25 08:19:31.390,08:19:31,79.5,21.58
340,541173.392,Flight1_cam1-000-000340-0,7211608.50306308,327735.62096166715,574.2650756835938,HlangwineEP,2020-01-22,2020-01-25 08:19:33.392,08:19:33,79.5,21.58
341,541175.528,Flight1_cam1-000-000341-0,7211608.50306308,327735.62096166715,574.2650756835938,HlangwineEP,2020-01-22,2020-01-25 08:19:35.528,08:19:35,79.5,21.58
342,541177.93,Flight1_cam1-000-000342-0,7211608.50306308,327735.62096166715,574.2650756835938,HlangwineEP,2020-01-22,2020-01-25 08:19:37.930,08:19:37,79.5,21.58
343,541179.398,Flight1_cam1-000-000343-0,7211608.50306308,327735.62096166715,574.2650756835938,HlangwineEP,2020-01-22,2020-01-25 08:19:39.398,08:19:39,79.5,21.58
344,541181.4,Flight1_cam1-000-000344-0,7211608.50306308,327735.62096166715,574.2650756835938,HlangwineEP,2020-01-22,2020-01-25 08:19:41.400,08:19:41,79.5,21.58
345,541183.402,Flight1_cam1-000-000345-0,7211608.50306308,327735.62096166715,574.2650756835938,HlangwineEP,2020-01-22,2020-01-25 08:19:43.402,08:19:43,79.5,21.58
346,541186.072,Flight1_cam1-000-000346-0,7211608.50306308,327735.62096166715,574.2650756835938,HlangwineEP,2020-01-22,2020-01-25 08:19:46.072,08:19:46,79.5,21.58
347,541187.406,Flight1_cam1-000-000347-0,7211608.50306308,327735.62096166715,574.2650756835938,HlangwineEP,2020-01-22,2020-01-25 08:19:47.406,08:19:47,79.5,21.58
348,541189.408,Flight1_cam1-000-000348-0,7211608.50306308,327735.62096166715,574.2650756835938,HlangwineEP,2020-01-22,2020-01-25 08:19:49.408,08:19:49,79.5,21.58
349,541191.41,Flight1_cam1-000-000349-0,7211608.50306308,327735.62096166715,574.2650756835938,HlangwineEP,2020-01-22,2020-01-25 08:19:51.410,08:19:51,79.5,21.58
350,541193.546,Flight1_cam1-000-000350-0,7211608.50306308,327735.62096166715,574.2650756835938,HlangwineEP,2020-01-22,2020-01-25 08:19:53.546,08:19:53,79.5,21.58
351,541195.948,Flight1_cam1-000-000351-0,7211608.50306308,327735.62096166715,574.2650756835938,HlangwineEP,2020-01-22,2020-01-25 08:19:55.948,08:19:55,79.5,21.58
352,541197.416,Flight1_cam1-000-000352-0,7211608.50306308,327735.62096166715,574.2650756835938,HlangwineEP,2020-01-22,2020-01-25 08:19:57.416,08:19:57,79.5,21.58
353,541201.02,Flight1_cam1-000-000353-0,7211608.50306308,327735.62096166715,574.2650756835938,HlangwineEP,2020-01-22,2020-01-25 08:20:01.020,08:20:01,79.5,21.58
354,541201.42,Flight1_cam1-000-000354-0,7211608.50306308,327735.62096166715,574.2650756835938,HlangwineEP,2020-01-22,2020-01-25 08:20:01.420,08:20:01,79.5,21.58
355,541203.422,Flight1_cam1-000-000355-0,7211608.50306308,327735.62096166715,574.2650756835938,HlangwineEP,2020-01-22,2020-01-25 08:20:03.422,08:20:03,79.5,21.58
356,541205.424,Flight1_cam1-000-000356-0,7211608.50306308,327735.62096166715,574.2650756835938,HlangwineEP,2020-01-22,2020-01-25 08:20:05.424,08:20:05,79.5,21.58
357,541207.426,Flight1_cam1-000-000357-0,7211608.50306308,327735.62096166715,574.2650756835938,HlangwineEP,2020-01-22,2020-01-25 08:20:07.426,08:20:07,79.5,21.58
358,541210.096,Flight1_cam1-000-000358-0,7211608.50306308,327735.62096166715,574.2650756835938,HlangwineEP,2020-01-22,2020-01-25 08:20:10.096,08:20:10,79.5,21.58
359,541211.43,Flight1_cam1-000-000359-0,7211608.50306308,327735.62096166715,574.2650756835938,HlangwineEP,2020-01-22,2020-01-25 08:20:11.430,08:20:11,79.5,21.58
360,541213.432,Flight1_cam1-000-000360-0,7211608.50306308,327735.62096166715,574.2650756835938,HlangwineEP,2020-01-22,2020-01-25 08:20:13.432,08:20:13,79.5,21.58
361,541215.434,Flight1_cam1-000-000361-0,7211608.50306308,327735.62096166715,574.2650756835938,HlangwineEP,2020-01-22,2020-01-25 08:20:15.434,08:20:15,79.5,21.58
362,541217.57,Flight1_cam1-000-000362-0,7211608.50306308,327735.62096166715,574.2650756835938,HlangwineEP,2020-01-22,2020-01-25 08:20:17.570,08:20:17,79.5,21.58
363,541219.972,Flight1_cam1-000-000363-0,7211608.50306308,327735.62096166715,574.2650756835938,HlangwineEP,2020-01-22,2020-01-25 08:20:19.972,08:20:19,79.5,21.58
364,541221.44,Flight1_cam1-000-000364-0,7211608.50306308,327735.62096166715,574.2650756835938,HlangwineEP,2020-01-22,2020-01-25 08:20:21.440,08:20:21,79.5,21.58
365,541223.442,Flight1_cam1-000-000365-0,7211608.50306308,327735.62096166715,574.2650756835938,HlangwineEP,2020-01-22,2020-01-25 08:20:23.442,08:20:23,79.5,21.58
366,541225.444,Flight1_cam1-000-000366-0,7211608.50306308,327735.62096166715,574.2650756835938,HlangwineEP,2020-01-22,2020-01-25 08:20:25.444,08:20:25,79.5,21.58
367,541228.38,Flight1_cam1-000-000367-0,7211608.50306308,327735.62096166715,574.2650756835938,HlangwineEP,2020-01-22,2020-01-25 08:20:28.380,08:20:28,79.5,21.58
368,541229.448,Flight1_cam1-000-000368-0,7211608.50306308,327735.62096166715,574.2650756835938,HlangwineEP,2020-01-22,2020-01-25 08:20:29.448,08:20:29,79.5,21.58
369,541231.45,Flight1_cam1-000-000369-0,7211608.50306308,327735.62096166715,574.2650756835938,HlangwineEP,2020-01-22,2020-01-25 08:20:31.450,08:20:31,79.5,21.58
370,541233.452,Flight1_cam1-000-000370-0,7211608.50306308,327735.62096166715,574.2650756835938,HlangwineEP,2020-01-22,2020-01-25 08:20:33.452,08:20:33,79.5,21.58
371,541235.988,Flight1_cam1-000-000371-0,7211608.50306308,327735.62096166715,574.2650756835938,HlangwineEP,2020-01-22,2020-01-25 08:20:35.988,08:20:35,79.5,21.58
372,541237.456,Flight1_cam1-000-000372-0,7211608.50306308,327735.62096166715,574.2650756835938,HlangwineEP,2020-01-22,2020-01-25 08:20:37.456,08:20:37,79.5,21.58
373,541239.458,Flight1_cam1-000-000373-0,7211608.50306308,327735.62096166715,574.2650756835938,HlangwineEP,2020-01-22,2020-01-25 08:20:39.458,08:20:39,79.5,21.58
374,541241.46,Flight1_cam1-000-000374-0,7211608.50306308,327735.62096166715,574.2650756835938,HlangwineEP,2020-01-22,2020-01-25 08:20:41.460,08:20:41,79.5,21.58
375,541243.595,Flight1_cam1-000-000375-0,7211608.50306308,327735.62096166715,574.2650756835938,HlangwineEP,2020-01-22,2020-01-25 08:20:43.595,08:20:43,79.5,21.58
376,541245.998,Flight1_cam1-000-000376-0,7211608.50306308,327735.62096166715,574.2650756835938,HlangwineEP,2020-01-22,2020-01-25 08:20:45.998,08:20:45,79.5,21.58
377,541247.466,Flight1_cam1-000-000377-0,7211608.50306308,327735.62096166715,574.2650756835938,HlangwineEP,2020-01-22,2020-01-25 08:20:47.466,08:20:47,79.5,21.58
378,541249.468,Flight1_cam1-000-000378-0,7211608.50306308,327735.62096166715,574.2650756835938,HlangwineEP,2020-01-22,2020-01-25 08:20:49.468,08:20:49,79.5,21.58
379,541251.47,Flight1_cam1-000-000379-0,7211608.50306308,327735.62096166715,574.2650756835938,HlangwineEP,2020-01-22,2020-01-25 08:20:51.470,08:20:51,79.5,21.58
380,541254.006,Flight1_cam1-000-000380-0,7211608.50306308,327735.62096166715,574.2650756835938,HlangwineEP,2020-01-22,2020-01-25 08:20:54.006,08:20:54,79.5,21.58
381,541255.474,Flight1_cam1-000-000381-0,7211608.50306308,327735.62096166715,574.2650756835938,HlangwineEP,2020-01-22,2020-01-25 08:20:55.474,08:20:55,79.5,21.58
382,541257.476,Flight1_cam1-000-000382-0,7211608.50306308,327735.62096166715,574.2650756835938,HlangwineEP,2020-01-22,2020-01-25 08:20:57.476,08:20:57,79.5,21.58
383,541259.344,Flight1_cam1-000-000383-0,7211608.50306308,327735.62096166715,574.2650756835938,HlangwineEP,2020-01-22,2020-01-25 08:20:59.344,08:20:59,79.5,21.58
384,541261.48,Flight1_cam1-000-000384-0,7211608.50306308,327735.62096166715,574.2650756835938,HlangwineEP,2020-01-22,2020-01-25 08:21:01.480,08:21:01,79.5,21.58
385,541264.016,Flight1_cam1-000-000385-0,7211608.50306308,327735.62096166715,574.2650756835938,HlangwineEP,2020-01-22,2020-01-25 08:21:04.016,08:21:04,79.5,21.58
386,541265.35,Flight1_cam1-000-000386-0,7211608.50306308,327735.62096166715,574.2650756835938,HlangwineEP,2020-01-22,2020-01-25 08:21:05.350,08:21:05,79.5,21.58
387,541267.352,Flight1_cam1-000-000387-0,7211608.50306308,327735.62096166715,574.2650756835938,HlangwineEP,2020-01-22,2020-01-25 08:21:07.352,08:21:07,79.5,21.58
388,541269.354,Flight1_cam1-000-000388-0,7211608.50306308,327735.62096166715,574.2650756835938,HlangwineEP,2020-01-22,2020-01-25 08:21:09.354,08:21:09,79.5,21.58
389,541272.024,Flight1_cam1-000-000389-0,7211608.50306308,327735.62096166715,574.2650756835938,HlangwineEP,2020-01-22,2020-01-25 08:21:12.024,08:21:12,79.5,21.58
390,541273.358,Flight1_cam1-000-000390-0,7211608.50306308,327735.62096166715,574.2650756835938,HlangwineEP,2020-01-22,2020-01-25 08:21:13.358,08:21:13,79.5,21.58
391,541275.36,Flight1_cam1-000-000391-0,7211608.50306308,327735.62096166715,574.2650756835938,HlangwineEP,2020-01-22,2020-01-25 08:21:15.360,08:21:15,79.5,21.58
392,541277.362,Flight1_cam1-000-000392-0,7211608.50306308,327735.62096166715,574.2650756835938,HlangwineEP,2020-01-22,2020-01-25 08:21:17.362,08:21:17,79.5,21.58
393,541280.032,Flight1_cam1-000-000393-0,7211608.50306308,327735.62096166715,574.2650756835938,HlangwineEP,2020-01-22,2020-01-25 08:21:20.032,08:21:20,79.5,21.58
394,541281.366,Flight1_cam1-000-000394-0,7211608.50306308,327735.62096166715,574.2650756835938,HlangwineEP,2020-01-22,2020-01-25 08:21:21.366,08:21:21,79.5,21.58
395,541283.368,Flight1_cam1-000-000395-0,7211608.50306308,327735.62096166715,574.2650756835938,HlangwineEP,2020-01-22,2020-01-25 08:21:23.368,08:21:23,79.5,21.58
396,541285.37,Flight1_cam1-000-000396-0,7211608.50306308,327735.62096166715,574.2650756835938,HlangwineEP,2020-01-22,2020-01-25 08:21:25.370,08:21:25,79.5,21.58
397,541287.506,Flight1_cam1-000-000397-0,7211608.50306308,327735.62096166715,574.2650756835938,HlangwineEP,2020-01-22,2020-01-25 08:21:27.506,08:21:27,79.5,21.58
398,541290.041,Flight1_cam1-000-000398-0,7211608.50306308,327735.62096166715,574.2650756835938,HlangwineEP,2020-01-22,2020-01-25 08:21:30.041,08:21:30,79.5,21.58
399,541291.376,Flight1_cam1-000-000399-0,7211608.50306308,327735.62096166715,574.2650756835938,HlangwineEP,2020-01-22,2020-01-25 08:21:31.376,08:21:31,79.5,21.58
400,541293.378,Flight1_cam1-000-000400-0,7211608.50306308,327735.62096166715,574.2650756835938,HlangwineEP,2020-01-22,2020-01-25 08:21:33.378,08:21:33,79.5,21.58
401,541297.516,Flight1_cam1-000-000401-0,7211608.50306308,327735.62096166715,574.2650756835938,HlangwineEP,2020-01-22,2020-01-25 08:21:37.516,08:21:37,79.5,21.58
402,541620.236,Flight1_cam1-001-000000-0,7211608.50306308,327735.62096166715,574.2650756835938,HlangwineEP,2020-01-22,2020-01-25 08:27:00.236,08:27:00,79.5,21.58
403,541621.704,Flight1_cam1-001-000001-0,7211608.50306308,327735.62096166715,574.2650756835938,HlangwineEP,2020-01-22,2020-01-25 08:27:01.704,08:27:01,79.5,21.58
404,541623.706,Flight1_cam1-001-000002-0,7211608.50306308,327735.62096166715,574.2650756835938,HlangwineEP,2020-01-22,2020-01-25 08:27:03.706,08:27:03,79.5,21.58
405,541625.708,Flight1_cam1-001-000003-0,7211608.50306308,327735.62096166715,574.2650756835938,HlangwineEP,2020-01-22,2020-01-25 08:27:05.708,08:27:05,79.5,21.58
406,541627.71,Flight1_cam1-001-000004-0,7211608.50306308,327735.62096166715,574.2650756835938,HlangwineEP,2020-01-22,2020-01-25 08:27:07.710,08:27:07,79.5,21.58
407,541630.246,Flight1_cam1-001-000005-0,7211608.50306308,327735.62096166715,574.2650756835938,HlangwineEP,2020-01-22,2020-01-25 08:27:10.246,08:27:10,79.5,21.58
408,541631.714,Flight1_cam1-001-000006-0,7211608.50306308,327735.62096166715,574.2650756835938,HlangwineEP,2020-01-22,2020-01-25 08:27:11.714,08:27:11,79.5,21.58
409,541633.716,Flight1_cam1-001-000007-0,7211608.50306308,327735.62096166715,574.2650756835938,HlangwineEP,2020-01-22,2020-01-25 08:27:13.716,08:27:13,79.5,21.58
410,541635.718,Flight1_cam1-001-000008-0,7211608.50306308,327735.62096166715,574.2650756835938,HlangwineEP,2020-01-22,2020-01-25 08:27:15.718,08:27:15,79.5,21.58
411,541637.853,Flight1_cam1-001-000009-0,7211608.50306308,327735.62096166715,574.2650756835938,HlangwineEP,2020-01-22,2020-01-25 08:27:17.853,08:27:17,79.5,21.58
412,541640.256,Flight1_cam1-001-000010-0,7211608.50306308,327735.62096166715,574.2650756835938,HlangwineEP,2020-01-22,2020-01-25 08:27:20.256,08:27:20,79.5,21.58
413,541641.724,Flight1_cam1-001-000011-0,7211608.50306308,327735.62096166715,574.2650756835938,HlangwineEP,2020-01-22,2020-01-25 08:27:21.724,08:27:21,79.5,21.58
414,541643.726,Flight1_cam1-001-000012-0,7211608.50306308,327735.62096166715,574.2650756835938,HlangwineEP,2020-01-22,2020-01-25 08:27:23.726,08:27:23,79.5,21.58
415,541645.728,Flight1_cam1-001-000013-0,7211608.50306308,327735.62096166715,574.2650756835938,HlangwineEP,2020-01-22,2020-01-25 08:27:25.728,08:27:25,79.5,21.58
416,541648.264,Flight1_cam1-001-000014-0,7211608.50306308,327735.62096166715,574.2650756835938,HlangwineEP,2020-01-22,2020-01-25 08:27:28.264,08:27:28,79.5,21.58
417,541649.865,Flight1_cam1-001-000015-0,7211608.50306308,327735.62096166715,574.2650756835938,HlangwineEP,2020-01-22,2020-01-25 08:27:29.865,08:27:29,79.5,21.58
418,541651.734,Flight1_cam1-001-000016-0,7211608.50306308,327735.62096166715,574.2650756835938,HlangwineEP,2020-01-22,2020-01-25 08:27:31.734,08:27:31,79.5,21.58
419,541653.736,Flight1_cam1-001-000017-0,7211608.50306308,327735.62096166715,574.2650756835938,HlangwineEP,2020-01-22,2020-01-25 08:27:33.736,08:27:33,79.5,21.58
420,541655.738,Flight1_cam1-001-000018-0,7211608.50306308,327735.62096166715,574.2650756835938,HlangwineEP,2020-01-22,2020-01-25 08:27:35.738,08:27:35,79.5,21.58
421,541658.273,Flight1_cam1-001-000019-0,7211608.50306308,327735.62096166715,574.2650756835938,HlangwineEP,2020-01-22,2020-01-25 08:27:38.273,08:27:38,79.5,21.58
422,541659.742,Flight1_cam1-001-000020-0,7211608.50306308,327735.62096166715,574.2650756835938,HlangwineEP,2020-01-22,2020-01-25 08:27:39.742,08:27:39,79.5,21.58
423,541661.61,Flight1_cam1-001-000021-0,7211608.50306308,327735.62096166715,574.2650756835938,HlangwineEP,2020-01-22,2020-01-25 08:27:41.610,08:27:41,79.5,21.58
424,541663.612,Flight1_cam1-001-000022-0,7211608.50306308,327735.62096166715,574.2650756835938,HlangwineEP,2020-01-22,2020-01-25 08:27:43.612,08:27:43,79.5,21.58
425,541666.281,Flight1_cam1-001-000023-0,7211608.50306308,327735.62096166715,574.2650756835938,HlangwineEP,2020-01-22,2020-01-25 08:27:46.281,08:27:46,79.5,21.58
426,541667.616,Flight1_cam1-001-000024-0,7211608.50306308,327735.62096166715,574.2650756835938,HlangwineEP,2020-01-22,2020-01-25 08:27:47.616,08:27:47,79.5,21.58
427,541669.618,Flight1_cam1-001-000025-0,7211608.50306308,327735.62096166715,574.2650756835938,HlangwineEP,2020-01-22,2020-01-25 08:27:49.618,08:27:49,79.5,21.58
428,541671.62,Flight1_cam1-001-000026-0,7211608.50306308,327735.62096166715,574.2650756835938,HlangwineEP,2020-01-22,2020-01-25 08:27:51.620,08:27:51,79.5,21.58
429,541674.289,Flight1_cam1-001-000027-0,7211608.50306308,327735.62096166715,574.2650756835938,HlangwineEP,2020-01-22,2020-01-25 08:27:54.289,08:27:54,79.5,21.58
430,541675.624,Flight1_cam1-001-000028-0,7211608.50306308,327735.62096166715,574.2650756835938,HlangwineEP,2020-01-22,2020-01-25 08:27:55.624,08:27:55,79.5,21.58
431,541677.626,Flight1_cam1-001-000029-0,7211608.50306308,327735.62096166715,574.2650756835938,HlangwineEP,2020-01-22,2020-01-25 08:27:57.626,08:27:57,79.5,21.58
432,541679.628,Flight1_cam1-001-000030-0,7211608.50306308,327735.62096166715,574.2650756835938,HlangwineEP,2020-01-22,2020-01-25 08:27:59.628,08:27:59,79.5,21.58
433,541682.297,Flight1_cam1-001-000031-0,7211608.50306308,327735.62096166715,574.2650756835938,HlangwineEP,2020-01-22,2020-01-25 08:28:02.297,08:28:02,79.5,21.58
434,541683.632,Flight1_cam1-001-000032-0,7211608.50306308,327735.62096166715,574.2650756835938,HlangwineEP,2020-01-22,2020-01-25 08:28:03.632,08:28:03,79.5,21.58
435,541685.634,Flight1_cam1-001-000033-0,7211608.50306308,327735.62096166715,574.2650756835938,HlangwineEP,2020-01-22,2020-01-25 08:28:05.634,08:28:05,79.5,21.58
436,541687.636,Flight1_cam1-001-000034-0,7211608.50306308,327735.62096166715,574.2650756835938,HlangwineEP,2020-01-22,2020-01-25 08:28:07.636,08:28:07,79.5,21.58
437,541689.771,Flight1_cam1-001-000035-0,7211608.50306308,327735.62096166715,574.2650756835938,HlangwineEP,2020-01-22,2020-01-25 08:28:09.771,08:28:09,79.5,21.58
438,541692.307,Flight1_cam1-001-000036-0,7211608.50306308,327735.62096166715,574.2650756835938,HlangwineEP,2020-01-22,2020-01-25 08:28:12.307,08:28:12,79.5,21.58
439,541693.642,Flight1_cam1-001-000037-0,7211608.50306308,327735.62096166715,574.2650756835938,HlangwineEP,2020-01-22,2020-01-25 08:28:13.642,08:28:13,79.5,21.58
440,541695.644,Flight1_cam1-001-000038-0,7211608.50306308,327735.62096166715,574.2650756835938,HlangwineEP,2020-01-22,2020-01-25 08:28:15.644,08:28:15,79.5,21.58
441,541697.646,Flight1_cam1-001-000039-0,7211608.50306308,327735.62096166715,574.2650756835938,HlangwineEP,2020-01-22,2020-01-25 08:28:17.646,08:28:17,79.5,21.58
442,541700.315,Flight1_cam1-001-000040-0,7211608.50306308,327735.62096166715,574.2650756835938,HlangwineEP,2020-01-22,2020-01-25 08:28:20.315,08:28:20,79.5,21.58
443,541701.65,Flight1_cam1-001-000041-0,7211608.50306308,327735.62096166715,574.2650756835938,HlangwineEP,2020-01-22,2020-01-25 08:28:21.650,08:28:21,79.5,21.58
444,541703.652,Flight1_cam1-001-000042-0,7211608.50306308,327735.62096166715,574.2650756835938,HlangwineEP,2020-01-22,2020-01-25 08:28:23.652,08:28:23,79.5,21.58
445,541707.389,Flight1_cam1-001-000043-0,7211608.50306308,327735.62096166715,574.2650756835938,HlangwineEP,2020-01-22,2020-01-25 08:28:27.389,08:28:27,79.5,21.58
446,541708.323,Flight1_cam1-001-000044-0,7211608.50306308,327735.62096166715,574.2650756835938,HlangwineEP,2020-01-22,2020-01-25 08:28:28.323,08:28:28,79.5,21.58
447,541709.658,Flight1_cam1-001-000045-0,7211608.50306308,327735.62096166715,574.2650756835938,HlangwineEP,2020-01-22,2020-01-25 08:28:29.658,08:28:29,79.5,21.58
448,541711.66,Flight1_cam1-001-000046-0,7211608.50306308,327735.62096166715,574.2650756835938,HlangwineEP,2020-01-22,2020-01-25 08:28:31.660,08:28:31,79.5,21.58
449,541713.662,Flight1_cam1-001-000047-0,7211608.50306308,327735.62096166715,574.2650756835938,HlangwineEP,2020-01-22,2020-01-25 08:28:33.662,08:28:33,79.5,21.58
450,541716.331,Flight1_cam1-001-000048-0,7211608.50306308,327735.62096166715,574.2650756835938,HlangwineEP,2020-01-22,2020-01-25 08:28:36.331,08:28:36,79.5,21.58
451,541717.666,Flight1_cam1-001-000049-0,7211608.50306308,327735.62096166715,574.2650756835938,HlangwineEP,2020-01-22,2020-01-25 08:28:37.666,08:28:37,79.5,21.58
452,541719.668,Flight1_cam1-001-000050-0,7211608.50306308,327735.62096166715,574.2650756835938,HlangwineEP,2020-01-22,2020-01-25 08:28:39.668,08:28:39,79.5,21.58
453,541721.67,Flight1_cam1-001-000051-0,7211608.50306308,327735.62096166715,574.2650756835938,HlangwineEP,2020-01-22,2020-01-25 08:28:41.670,08:28:41,79.5,21.58
454,541723.805,Flight1_cam1-001-000052-0,7211608.50306308,327735.62096166715,574.2650756835938,HlangwineEP,2020-01-22,2020-01-25 08:28:43.805,08:28:43,79.5,21.58
455,541726.208,Flight1_cam1-001-000053-0,7211608.50306308,327735.62096166715,574.2650756835938,HlangwineEP,2020-01-22,2020-01-25 08:28:46.208,08:28:46,79.5,21.58
456,541727.676,Flight1_cam1-001-000054-0,7211608.50306308,327735.62096166715,574.2650756835938,HlangwineEP,2020-01-22,2020-01-25 08:28:47.676,08:28:47,79.5,21.58
457,541729.678,Flight1_cam1-001-000055-0,7211608.50306308,327735.62096166715,574.2650756835938,HlangwineEP,2020-01-22,2020-01-25 08:28:49.678,08:28:49,79.5,21.58
458,541731.68,Flight1_cam1-001-000056-0,7211608.50306308,327735.62096166715,574.2650756835938,HlangwineEP,2020-01-22,2020-01-25 08:28:51.680,08:28:51,79.5,21.58
459,541734.215,Flight1_cam1-001-000057-0,7211608.50306308,327735.62096166715,574.2650756835938,HlangwineEP,2020-01-22,2020-01-25 08:28:54.215,08:28:54,79.5,21.58
460,541735.684,Flight1_cam1-001-000058-0,7211608.50306308,327735.62096166715,574.2650756835938,HlangwineEP,2020-01-22,2020-01-25 08:28:55.684,08:28:55,79.5,21.58
461,541737.686,Flight1_cam1-001-000059-0,7211608.50306308,327735.62096166715,574.2650756835938,HlangwineEP,2020-01-22,2020-01-25 08:28:57.686,08:28:57,79.5,21.58
462,541739.688,Flight1_cam1-001-000060-0,7211608.50306308,327735.62096166715,574.2650756835938,HlangwineEP,2020-01-22,2020-01-25 08:28:59.688,08:28:59,79.5,21.58
463,541742.357,Flight1_cam1-001-000061-0,7211608.50306308,327735.62096166715,574.2650756835938,HlangwineEP,2020-01-22,2020-01-25 08:29:02.357,08:29:02,79.5,21.58
464,541743.692,Flight1_cam1-001-000062-0,7211608.50306308,327735.62096166715,574.2650756835938,HlangwineEP,2020-01-22,2020-01-25 08:29:03.692,08:29:03,79.5,21.58
465,541745.694,Flight1_cam1-001-000063-0,7211608.50306308,327735.62096166715,574.2650756835938,HlangwineEP,2020-01-22,2020-01-25 08:29:05.694,08:29:05,79.5,21.58
466,541747.696,Flight1_cam1-001-000064-0,7211608.50306308,327735.62096166715,574.2650756835938,HlangwineEP,2020-01-22,2020-01-25 08:29:07.696,08:29:07,79.5,21.58
467,541749.831,Flight1_cam1-001-000065-0,7211608.50306308,327735.62096166715,574.2650756835938,HlangwineEP,2020-01-22,2020-01-25 08:29:09.831,08:29:09,79.5,21.58
468,541752.233,Flight1_cam1-001-000066-0,7211608.50306308,327735.62096166715,574.2650756835938,HlangwineEP,2020-01-22,2020-01-25 08:29:12.233,08:29:12,79.5,21.58
469,541753.701,Flight1_cam1-001-000067-0,7211608.50306308,327735.62096166715,574.2650756835938,HlangwineEP,2020-01-22,2020-01-25 08:29:13.701,08:29:13,79.5,21.58
470,541755.703,Flight1_cam1-001-000068-0,7211608.50306308,327735.62096166715,574.2650756835938,HlangwineEP,2020-01-22,2020-01-25 08:29:15.703,08:29:15,79.5,21.58
471,541757.705,Flight1_cam1-001-000069-0,7211608.50306308,327735.62096166715,574.2650756835938,HlangwineEP,2020-01-22,2020-01-25 08:29:17.705,08:29:17,79.5,21.58
472,541760.241,Flight1_cam1-001-000070-0,7211608.50306308,327735.62096166715,574.2650756835938,HlangwineEP,2020-01-22,2020-01-25 08:29:20.241,08:29:20,79.5,21.58
473,541761.709,Flight1_cam1-001-000071-0,7211608.50306308,327735.62096166715,574.2650756835938,HlangwineEP,2020-01-22,2020-01-25 08:29:21.709,08:29:21,79.5,21.58
474,541763.711,Flight1_cam1-001-000072-0,7211608.50306308,327735.62096166715,574.2650756835938,HlangwineEP,2020-01-22,2020-01-25 08:29:23.711,08:29:23,79.5,21.58
475,541767.715,Flight1_cam1-001-000073-0,7211608.50306308,327735.62096166715,574.2650756835938,HlangwineEP,2020-01-22,2020-01-25 08:29:27.715,08:29:27,79.5,21.58
476,541769.717,Flight1_cam1-001-000074-0,7211608.50306308,327735.62096166715,574.2650756835938,HlangwineEP,2020-01-22,2020-01-25 08:29:29.717,08:29:29,79.5,21.58
477,541771.719,Flight1_cam1-001-000075-0,7211608.50306308,327735.62096166715,574.2650756835938,HlangwineEP,2020-01-22,2020-01-25 08:29:31.719,08:29:31,79.5,21.58
478,541773.721,Flight1_cam1-001-000076-0,7211608.50306308,327735.62096166715,574.2650756835938,HlangwineEP,2020-01-22,2020-01-25 08:29:33.721,08:29:33,79.5,21.58
479,541776.257,Flight1_cam1-001-000077-0,7211608.50306308,327735.62096166715,574.2650756835938,HlangwineEP,2020-01-22,2020-01-25 08:29:36.257,08:29:36,79.5,21.58
480,541777.725,Flight1_cam1-001-000078-0,7211608.50306308,327735.62096166715,574.2650756835938,HlangwineEP,2020-01-22,2020-01-25 08:29:37.725,08:29:37,79.5,21.58
481,541779.727,Flight1_cam1-001-000079-0,7211608.50306308,327735.62096166715,574.2650756835938,HlangwineEP,2020-01-22,2020-01-25 08:29:39.727,08:29:39,79.5,21.58
482,541781.729,Flight1_cam1-001-000080-0,7211608.50306308,327735.62096166715,574.2650756835938,HlangwineEP,2020-01-22,2020-01-25 08:29:41.729,08:29:41,79.5,21.58
483,541784.265,Flight1_cam1-001-000081-0,7211608.50306308,327735.62096166715,574.2650756835938,HlangwineEP,2020-01-22,2020-01-25 08:29:44.265,08:29:44,79.5,21.58
484,541785.733,Flight1_cam1-001-000082-0,7211608.50306308,327735.62096166715,574.2650756835938,HlangwineEP,2020-01-22,2020-01-25 08:29:45.733,08:29:45,79.5,21.58
485,541787.735,Flight1_cam1-001-000083-0,7211608.50306308,327735.62096166715,574.2650756835938,HlangwineEP,2020-01-22,2020-01-25 08:29:47.735,08:29:47,79.5,21.58
486,541789.737,Flight1_cam1-001-000084-0,7211608.50306308,327735.62096166715,574.2650756835938,HlangwineEP,2020-01-22,2020-01-25 08:29:49.737,08:29:49,79.5,21.58
487,541792.273,Flight1_cam1-001-000085-0,7211608.50306308,327735.62096166715,574.2650756835938,HlangwineEP,2020-01-22,2020-01-25 08:29:52.273,08:29:52,79.5,21.58
488,541793.741,Flight1_cam1-001-000086-0,7211608.50306308,327735.62096166715,574.2650756835938,HlangwineEP,2020-01-22,2020-01-25 08:29:53.741,08:29:53,79.5,21.58
489,541795.743,Flight1_cam1-001-000087-0,7211608.50306308,327735.62096166715,574.2650756835938,HlangwineEP,2020-01-22,2020-01-25 08:29:55.743,08:29:55,79.5,21.58
490,541797.612,Flight1_cam1-001-000088-0,7211608.50306308,327735.62096166715,574.2650756835938,HlangwineEP,2020-01-22,2020-01-25 08:29:57.612,08:29:57,79.5,21.58
491,541799.747,Flight1_cam1-001-000089-0,7211608.50306308,327735.62096166715,574.2650756835938,HlangwineEP,2020-01-22,2020-01-25 08:29:59.747,08:29:59,79.5,21.58
492,541802.283,Flight1_cam1-001-000090-0,7211608.50306308,327735.62096166715,574.2650756835938,HlangwineEP,2020-01-22,2020-01-25 08:30:02.283,08:30:02,79.5,21.58
493,541803.618,Flight1_cam1-001-000091-0,7211608.50306308,327735.62096166715,574.2650756835938,HlangwineEP,2020-01-22,2020-01-25 08:30:03.618,08:30:03,79.5,21.58
494,541805.62,Flight1_cam1-001-000092-0,7211608.50306308,327735.62096166715,574.2650756835938,HlangwineEP,2020-01-22,2020-01-25 08:30:05.620,08:30:05,79.5,21.58
495,541807.622,Flight1_cam1-001-000093-0,7211608.50306308,327735.62096166715,574.2650756835938,HlangwineEP,2020-01-22,2020-01-25 08:30:07.622,08:30:07,79.5,21.58
496,541810.291,Flight1_cam1-001-000094-0,7211608.50306308,327735.62096166715,574.2650756835938,HlangwineEP,2020-01-22,2020-01-25 08:30:10.291,08:30:10,79.5,21.58
497,541811.626,Flight1_cam1-001-000095-0,7211608.50306308,327735.62096166715,574.2650756835938,HlangwineEP,2020-01-22,2020-01-25 08:30:11.626,08:30:11,79.5,21.58
498,541813.628,Flight1_cam1-001-000096-0,7211608.50306308,327735.62096166715,574.2650756835938,HlangwineEP,2020-01-22,2020-01-25 08:30:13.628,08:30:13,79.5,21.58
499,541815.63,Flight1_cam1-001-000097-0,7211608.50306308,327735.62096166715,574.2650756835938,HlangwineEP,2020-01-22,2020-01-25 08:30:15.630,08:30:15,79.5,21.58
500,541818.299,Flight1_cam1-001-000098-0,7211608.50306308,327735.62096166715,574.2650756835938,HlangwineEP,2020-01-22,2020-01-25 08:30:18.299,08:30:18,79.5,21.58
501,541819.634,Flight1_cam1-001-000099-0,7211608.50306308,327735.62096166715,574.2650756835938,HlangwineEP,2020-01-22,2020-01-25 08:30:19.634,08:30:19,79.5,21.58
502,541821.636,Flight1_cam1-001-000100-0,7211608.50306308,327735.62096166715,574.2650756835938,HlangwineEP,2020-01-22,2020-01-25 08:30:21.636,08:30:21,79.5,21.58
503,541823.638,Flight1_cam1-001-000101-0,7211608.50306308,327735.62096166715,574.2650756835938,HlangwineEP,2020-01-22,2020-01-25 08:30:23.638,08:30:23,79.5,21.58
504,541825.773,Flight1_cam1-001-000102-0,7211608.50306308,327735.62096166715,574.2650756835938,HlangwineEP,2020-01-22,2020-01-25 08:30:25.773,08:30:25,79.5,21.58
505,541828.309,Flight1_cam1-001-000103-0,7211608.50306308,327735.62096166715,574.2650756835938,HlangwineEP,2020-01-22,2020-01-25 08:30:28.309,08:30:28,79.5,21.58
506,541829.644,Flight1_cam1-001-000104-0,7211608.50306308,327735.62096166715,574.2650756835938,HlangwineEP,2020-01-22,2020-01-25 08:30:29.644,08:30:29,79.5,21.58
507,541831.645,Flight1_cam1-001-000105-0,7211608.50306308,327735.62096166715,574.2650756835938,HlangwineEP,2020-01-22,2020-01-25 08:30:31.645,08:30:31,79.5,21.58
508,541833.647,Flight1_cam1-001-000106-0,7211608.50306308,327735.62096166715,574.2650756835938,HlangwineEP,2020-01-22,2020-01-25 08:30:33.647,08:30:33,79.5,21.58
509,541836.317,Flight1_cam1-001-000107-0,7211608.50306308,327735.62096166715,574.2650756835938,HlangwineEP,2020-01-22,2020-01-25 08:30:36.317,08:30:36,79.5,21.58
510,541837.651,Flight1_cam1-001-000108-0,7211608.50306308,327735.62096166715,574.2650756835938,HlangwineEP,2020-01-22,2020-01-25 08:30:37.651,08:30:37,79.5,21.58
511,541839.653,Flight1_cam1-001-000109-0,7211608.50306308,327735.62096166715,574.2650756835938,HlangwineEP,2020-01-22,2020-01-25 08:30:39.653,08:30:39,79.5,21.58
512,541841.655,Flight1_cam1-001-000110-0,7211608.50306308,327735.62096166715,574.2650756835938,HlangwineEP,2020-01-22,2020-01-25 08:30:41.655,08:30:41,79.5,21.58
513,541843.791,Flight1_cam1-001-000111-0,7211608.50306308,327735.62096166715,574.2650756835938,HlangwineEP,2020-01-22,2020-01-25 08:30:43.791,08:30:43,79.5,21.58
514,541846.193,Flight1_cam1-001-000112-0,7211608.50306308,327735.62096166715,574.2650756835938,HlangwineEP,2020-01-22,2020-01-25 08:30:46.193,08:30:46,79.5,21.58
515,541847.661,Flight1_cam1-001-000113-0,7211608.50306308,327735.62096166715,574.2650756835938,HlangwineEP,2020-01-22,2020-01-25 08:30:47.661,08:30:47,79.5,21.58
516,541849.663,Flight1_cam1-001-000114-0,7211608.50306308,327735.62096166715,574.2650756835938,HlangwineEP,2020-01-22,2020-01-25 08:30:49.663,08:30:49,79.5,21.58
517,541851.665,Flight1_cam1-001-000115-0,7211608.50306308,327735.62096166715,574.2650756835938,HlangwineEP,2020-01-22,2020-01-25 08:30:51.665,08:30:51,79.5,21.58
518,541854.335,Flight1_cam1-001-000116-0,7211608.50306308,327735.62096166715,574.2650756835938,HlangwineEP,2020-01-22,2020-01-25 08:30:54.335,08:30:54,79.5,21.58
519,541855.669,Flight1_cam1-001-000117-0,7211608.50306308,327735.62096166715,574.2650756835938,HlangwineEP,2020-01-22,2020-01-25 08:30:55.669,08:30:55,79.5,21.58
520,541857.671,Flight1_cam1-001-000118-0,7211608.50306308,327735.62096166715,574.2650756835938,HlangwineEP,2020-01-22,2020-01-25 08:30:57.671,08:30:57,79.5,21.58
521,541859.673,Flight1_cam1-001-000119-0,7211608.50306308,327735.62096166715,574.2650756835938,HlangwineEP,2020-01-22,2020-01-25 08:30:59.673,08:30:59,79.5,21.58
522,541862.343,Flight1_cam1-001-000120-0,7211608.50306308,327735.62096166715,574.2650756835938,HlangwineEP,2020-01-22,2020-01-25 08:31:02.343,08:31:02,79.5,21.58
523,541863.677,Flight1_cam1-001-000121-0,7211608.50306308,327735.62096166715,574.2650756835938,HlangwineEP,2020-01-22,2020-01-25 08:31:03.677,08:31:03,79.5,21.58
524,541865.679,Flight1_cam1-001-000122-0,7211608.50306308,327735.62096166715,574.2650756835938,HlangwineEP,2020-01-22,2020-01-25 08:31:05.679,08:31:05,79.5,21.58
525,541867.681,Flight1_cam1-001-000123-0,7211608.50306308,327735.62096166715,574.2650756835938,HlangwineEP,2020-01-22,2020-01-25 08:31:07.681,08:31:07,79.5,21.58
526,541870.351,Flight1_cam1-001-000124-0,7211608.50306308,327735.62096166715,574.2650756835938,HlangwineEP,2020-01-22,2020-01-25 08:31:10.351,08:31:10,79.5,21.58
527,541871.685,Flight1_cam1-001-000125-0,7211608.50306308,327735.62096166715,574.2650756835938,HlangwineEP,2020-01-22,2020-01-25 08:31:11.685,08:31:11,79.5,21.58
528,541873.687,Flight1_cam1-001-000126-0,7211608.50306308,327735.62096166715,574.2650756835938,HlangwineEP,2020-01-22,2020-01-25 08:31:13.687,08:31:13,79.5,21.58
529,541875.689,Flight1_cam1-001-000127-0,7211608.50306308,327735.62096166715,574.2650756835938,HlangwineEP,2020-01-22,2020-01-25 08:31:15.689,08:31:15,79.5,21.58
530,541877.825,Flight1_cam1-001-000128-0,7211608.50306308,327735.62096166715,574.2650756835938,HlangwineEP,2020-01-22,2020-01-25 08:31:17.825,08:31:17,79.5,21.58
531,541880.227,Flight1_cam1-001-000129-0,7211608.50306308,327735.62096166715,574.2650756835938,HlangwineEP,2020-01-22,2020-01-25 08:31:20.227,08:31:20,79.5,21.58
532,541881.695,Flight1_cam1-001-000130-0,7211608.50306308,327735.62096166715,574.2650756835938,HlangwineEP,2020-01-22,2020-01-25 08:31:21.695,08:31:21,79.5,21.58
533,541883.697,Flight1_cam1-001-000131-0,7211608.50306308,327735.62096166715,574.2650756835938,HlangwineEP,2020-01-22,2020-01-25 08:31:23.697,08:31:23,79.5,21.58
534,541885.699,Flight1_cam1-001-000132-0,7211608.50306308,327735.62096166715,574.2650756835938,HlangwineEP,2020-01-22,2020-01-25 08:31:25.699,08:31:25,79.5,21.58
535,541888.235,Flight1_cam1-001-000133-0,7211608.50306308,327735.62096166715,574.2650756835938,HlangwineEP,2020-01-22,2020-01-25 08:31:28.235,08:31:28,79.5,21.58
536,541889.703,Flight1_cam1-001-000134-0,7211608.50306308,327735.62096166715,574.2650756835938,HlangwineEP,2020-01-22,2020-01-25 08:31:29.703,08:31:29,79.5,21.58
537,541891.705,Flight1_cam1-001-000135-0,7211608.50306308,327735.62096166715,574.2650756835938,HlangwineEP,2020-01-22,2020-01-25 08:31:31.705,08:31:31,79.5,21.58
538,541893.707,Flight1_cam1-001-000136-0,7211608.50306308,327735.62096166715,574.2650756835938,HlangwineEP,2020-01-22,2020-01-25 08:31:33.707,08:31:33,79.5,21.58
539,541895.843,Flight1_cam1-001-000137-0,7211608.50306308,327735.62096166715,574.2650756835938,HlangwineEP,2020-01-22,2020-01-25 08:31:35.843,08:31:35,79.5,21.58
540,541898.245,Flight1_cam1-001-000138-0,7211608.50306308,327735.62096166715,574.2650756835938,HlangwineEP,2020-01-22,2020-01-25 08:31:38.245,08:31:38,79.5,21.58
541,541899.713,Flight1_cam1-001-000139-0,7211608.50306308,327735.62096166715,574.2650756835938,HlangwineEP,2020-01-22,2020-01-25 08:31:39.713,08:31:39,79.5,21.58
542,541901.715,Flight1_cam1-001-000140-0,7211608.50306308,327735.62096166715,574.2650756835938,HlangwineEP,2020-01-22,2020-01-25 08:31:41.715,08:31:41,79.5,21.58
543,541903.717,Flight1_cam1-001-000141-0,7211608.50306308,327735.62096166715,574.2650756835938,HlangwineEP,2020-01-22,2020-01-25 08:31:43.717,08:31:43,79.5,21.58
544,541906.253,Flight1_cam1-001-000142-0,7211608.50306308,327735.62096166715,574.2650756835938,HlangwineEP,2020-01-22,2020-01-25 08:31:46.253,08:31:46,79.5,21.58
545,541907.721,Flight1_cam1-001-000143-0,7211608.50306308,327735.62096166715,574.2650756835938,HlangwineEP,2020-01-22,2020-01-25 08:31:47.721,08:31:47,79.5,21.58
546,541909.723,Flight1_cam1-001-000144-0,7211608.50306308,327735.62096166715,574.2650756835938,HlangwineEP,2020-01-22,2020-01-25 08:31:49.723,08:31:49,79.5,21.58
547,541911.725,Flight1_cam1-001-000145-0,7211608.50306308,327735.62096166715,574.2650756835938,HlangwineEP,2020-01-22,2020-01-25 08:31:51.725,08:31:51,79.5,21.58
548,541913.86,Flight1_cam1-001-000146-0,7211608.50306308,327735.62096166715,574.2650756835938,HlangwineEP,2020-01-22,2020-01-25 08:31:53.860,08:31:53,79.5,21.58
549,541916.263,Flight1_cam1-001-000147-0,7211608.50306308,327735.62096166715,574.2650756835938,HlangwineEP,2020-01-22,2020-01-25 08:31:56.263,08:31:56,79.5,21.58
550,541917.731,Flight1_cam1-001-000148-0,7211608.50306308,327735.62096166715,574.2650756835938,HlangwineEP,2020-01-22,2020-01-25 08:31:57.731,08:31:57,79.5,21.58
551,541919.733,Flight1_cam1-001-000149-0,7211608.50306308,327735.62096166715,574.2650756835938,HlangwineEP,2020-01-22,2020-01-25 08:31:59.733,08:31:59,79.5,21.58
552,541921.735,Flight1_cam1-001-000150-0,7211608.50306308,327735.62096166715,574.2650756835938,HlangwineEP,2020-01-22,2020-01-25 08:32:01.735,08:32:01,79.5,21.58
553,541924.271,Flight1_cam1-001-000151-0,7211608.50306308,327735.62096166715,574.2650756835938,HlangwineEP,2020-01-22,2020-01-25 08:32:04.271,08:32:04,79.5,21.58
554,541925.739,Flight1_cam1-001-000152-0,7211608.50306308,327735.62096166715,574.2650756835938,HlangwineEP,2020-01-22,2020-01-25 08:32:05.739,08:32:05,79.5,21.58
555,541927.741,Flight1_cam1-001-000153-0,7211608.50306308,327735.62096166715,574.2650756835938,HlangwineEP,2020-01-22,2020-01-25 08:32:07.741,08:32:07,79.5,21.58
556,541929.743,Flight1_cam1-001-000154-0,7211608.50306308,327735.62096166715,574.2650756835938,HlangwineEP,2020-01-22,2020-01-25 08:32:09.743,08:32:09,79.5,21.58
557,541931.745,Flight1_cam1-001-000155-0,7211608.50306308,327735.62096166715,574.2650756835938,HlangwineEP,2020-01-22,2020-01-25 08:32:11.745,08:32:11,79.5,21.58
558,541934.281,Flight1_cam1-001-000156-0,7211608.50306308,327735.62096166715,574.2650756835938,HlangwineEP,2020-01-22,2020-01-25 08:32:14.281,08:32:14,79.5,21.58
559,541935.749,Flight1_cam1-001-000157-0,7211608.50306308,327735.62096166715,574.2650756835938,HlangwineEP,2020-01-22,2020-01-25 08:32:15.749,08:32:15,79.5,21.58
560,541937.617,Flight1_cam1-001-000158-0,7211608.50306308,327735.62096166715,574.2650756835938,HlangwineEP,2020-01-22,2020-01-25 08:32:17.617,08:32:17,79.5,21.58
561,541939.619,Flight1_cam1-001-000159-0,7211608.50306308,327735.62096166715,574.2650756835938,HlangwineEP,2020-01-22,2020-01-25 08:32:19.619,08:32:19,79.5,21.58
562,541942.289,Flight1_cam1-001-000160-0,7211608.50306308,327735.62096166715,574.2650756835938,HlangwineEP,2020-01-22,2020-01-25 08:32:22.289,08:32:22,79.5,21.58
563,541943.623,Flight1_cam1-001-000161-0,7211608.50306308,327735.62096166715,574.2650756835938,HlangwineEP,2020-01-22,2020-01-25 08:32:23.623,08:32:23,79.5,21.58
564,541945.625,Flight1_cam1-001-000162-0,7211608.50306308,327735.62096166715,574.2650756835938,HlangwineEP,2020-01-22,2020-01-25 08:32:25.625,08:32:25,79.5,21.58
565,541947.627,Flight1_cam1-001-000163-0,7211608.50306308,327735.62096166715,574.2650756835938,HlangwineEP,2020-01-22,2020-01-25 08:32:27.627,08:32:27,79.5,21.58
566,541950.297,Flight1_cam1-001-000164-0,7211608.50306308,327735.62096166715,574.2650756835938,HlangwineEP,2020-01-22,2020-01-25 08:32:30.297,08:32:30,79.5,21.58
567,541951.631,Flight1_cam1-001-000165-0,7211608.50306308,327735.62096166715,574.2650756835938,HlangwineEP,2020-01-22,2020-01-25 08:32:31.631,08:32:31,79.5,21.58
568,541953.633,Flight1_cam1-001-000166-0,7211608.50306308,327735.62096166715,574.2650756835938,HlangwineEP,2020-01-22,2020-01-25 08:32:33.633,08:32:33,79.5,21.58
569,541955.635,Flight1_cam1-001-000167-0,7211608.50306308,327735.62096166715,574.2650756835938,HlangwineEP,2020-01-22,2020-01-25 08:32:35.635,08:32:35,79.5,21.58
570,541957.771,Flight1_cam1-001-000168-0,7211608.50306308,327735.62096166715,574.2650756835938,HlangwineEP,2020-01-22,2020-01-25 08:32:37.771,08:32:37,79.5,21.58
571,541960.306,Flight1_cam1-001-000169-0,7211608.50306308,327735.62096166715,574.2650756835938,HlangwineEP,2020-01-22,2020-01-25 08:32:40.306,08:32:40,79.5,21.58
572,541961.641,Flight1_cam1-001-000170-0,7211608.50306308,327735.62096166715,574.2650756835938,HlangwineEP,2020-01-22,2020-01-25 08:32:41.641,08:32:41,79.5,21.58
573,541963.643,Flight1_cam1-001-000171-0,7211608.50306308,327735.62096166715,574.2650756835938,HlangwineEP,2020-01-22,2020-01-25 08:32:43.643,08:32:43,79.5,21.58
574,541965.645,Flight1_cam1-001-000172-0,7211608.50306308,327735.62096166715,574.2650756835938,HlangwineEP,2020-01-22,2020-01-25 08:32:45.645,08:32:45,79.5,21.58
575,541968.314,Flight1_cam1-001-000173-0,7211608.50306308,327735.62096166715,574.2650756835938,HlangwineEP,2020-01-22,2020-01-25 08:32:48.314,08:32:48,79.5,21.58
576,541969.649,Flight1_cam1-001-000174-0,7211608.50306308,327735.62096166715,574.2650756835938,HlangwineEP,2020-01-22,2020-01-25 08:32:49.649,08:32:49,79.5,21.58
577,541971.651,Flight1_cam1-001-000175-0,7211608.50306308,327735.62096166715,574.2650756835938,HlangwineEP,2020-01-22,2020-01-25 08:32:51.651,08:32:51,79.5,21.58
578,541973.653,Flight1_cam1-001-000176-0,7211608.50306308,327735.62096166715,574.2650756835938,HlangwineEP,2020-01-22,2020-01-25 08:32:53.653,08:32:53,79.5,21.58
579,541976.322,Flight1_cam1-001-000177-0,7211608.50306308,327735.62096166715,574.2650756835938,HlangwineEP,2020-01-22,2020-01-25 08:32:56.322,08:32:56,79.5,21.58
580,541977.657,Flight1_cam1-001-000178-0,7211608.50306308,327735.62096166715,574.2650756835938,HlangwineEP,2020-01-22,2020-01-25 08:32:57.657,08:32:57,79.5,21.58
581,541979.659,Flight1_cam1-001-000179-0,7211608.50306308,327735.62096166715,574.2650756835938,HlangwineEP,2020-01-22,2020-01-25 08:32:59.659,08:32:59,79.5,21.58
582,541981.661,Flight1_cam1-001-000180-0,7211608.50306308,327735.62096166715,574.2650756835938,HlangwineEP,2020-01-22,2020-01-25 08:33:01.661,08:33:01,79.5,21.58
583,541983.796,Flight1_cam1-001-000181-0,7211608.50306308,327735.62096166715,574.2650756835938,HlangwineEP,2020-01-22,2020-01-25 08:33:03.796,08:33:03,79.5,21.58
584,541986.199,Flight1_cam1-001-000182-0,7211608.50306308,327735.62096166715,574.2650756835938,HlangwineEP,2020-01-22,2020-01-25 08:33:06.199,08:33:06,79.5,21.58
585,541987.667,Flight1_cam1-001-000183-0,7211608.50306308,327735.62096166715,574.2650756835938,HlangwineEP,2020-01-22,2020-01-25 08:33:07.667,08:33:07,79.5,21.58
586,541989.669,Flight1_cam1-001-000184-0,7211608.50306308,327735.62096166715,574.2650756835938,HlangwineEP,2020-01-22,2020-01-25 08:33:09.669,08:33:09,79.5,21.58
587,541991.671,Flight1_cam1-001-000185-0,7211608.50306308,327735.62096166715,574.2650756835938,HlangwineEP,2020-01-22,2020-01-25 08:33:11.671,08:33:11,79.5,21.58
588,541994.34,Flight1_cam1-001-000186-0,7211608.50306308,327735.62096166715,574.2650756835938,HlangwineEP,2020-01-22,2020-01-25 08:33:14.340,08:33:14,79.5,21.58
589,541995.675,Flight1_cam1-001-000187-0,7211608.50306308,327735.62096166715,574.2650756835938,HlangwineEP,2020-01-22,2020-01-25 08:33:15.675,08:33:15,79.5,21.58
590,541997.677,Flight1_cam1-001-000188-0,7211608.50306308,327735.62096166715,574.2650756835938,HlangwineEP,2020-01-22,2020-01-25 08:33:17.677,08:33:17,79.5,21.58
591,541999.679,Flight1_cam1-001-000189-0,7211608.50306308,327735.62096166715,574.2650756835938,HlangwineEP,2020-01-22,2020-01-25 08:33:19.679,08:33:19,79.5,21.58
592,542001.814,Flight1_cam1-001-000190-0,7211608.50306308,327735.62096166715,574.2650756835938,HlangwineEP,2020-01-22,2020-01-25 08:33:21.814,08:33:21,79.5,21.58
593,542004.217,Flight1_cam1-001-000191-0,7211608.50306308,327735.62096166715,574.2650756835938,HlangwineEP,2020-01-22,2020-01-25 08:33:24.217,08:33:24,79.5,21.58
594,542005.685,Flight1_cam1-001-000192-0,7211608.50306308,327735.62096166715,574.2650756835938,HlangwineEP,2020-01-22,2020-01-25 08:33:25.685,08:33:25,79.5,21.58
595,542007.687,Flight1_cam1-001-000193-0,7211608.50306308,327735.62096166715,574.2650756835938,HlangwineEP,2020-01-22,2020-01-25 08:33:27.687,08:33:27,79.5,21.58
596,542009.689,Flight1_cam1-001-000194-0,7211608.50306308,327735.62096166715,574.2650756835938,HlangwineEP,2020-01-22,2020-01-25 08:33:29.689,08:33:29,79.5,21.58
597,542012.358,Flight1_cam1-001-000195-0,7211608.50306308,327735.62096166715,574.2650756835938,HlangwineEP,2020-01-22,2020-01-25 08:33:32.358,08:33:32,79.5,21.58
598,542013.693,Flight1_cam1-001-000196-0,7211608.50306308,327735.62096166715,574.2650756835938,HlangwineEP,2020-01-22,2020-01-25 08:33:33.693,08:33:33,79.5,21.58
599,542015.695,Flight1_cam1-001-000197-0,7211608.50306308,327735.62096166715,574.2650756835938,HlangwineEP,2020-01-22,2020-01-25 08:33:35.695,08:33:35,79.5,21.58
600,542017.697,Flight1_cam1-001-000198-0,7211608.50306308,327735.62096166715,574.2650756835938,HlangwineEP,2020-01-22,2020-01-25 08:33:37.697,08:33:37,79.5,21.58
601,542020.366,Flight1_cam1-001-000199-0,7211608.50306308,327735.62096166715,574.2650756835938,HlangwineEP,2020-01-22,2020-01-25 08:33:40.366,08:33:40,79.5,21.58
602,542021.701,Flight1_cam1-001-000200-0,7211608.50306308,327735.62096166715,574.2650756835938,HlangwineEP,2020-01-22,2020-01-25 08:33:41.701,08:33:41,79.5,21.58
603,542023.703,Flight1_cam1-001-000201-0,7211608.50306308,327735.62096166715,574.2650756835938,HlangwineEP,2020-01-22,2020-01-25 08:33:43.703,08:33:43,79.5,21.58
604,542025.705,Flight1_cam1-001-000202-0,7211608.50306308,327735.62096166715,574.2650756835938,HlangwineEP,2020-01-22,2020-01-25 08:33:45.705,08:33:45,79.5,21.58
605,542027.84,Flight1_cam1-001-000203-0,7211608.50306308,327735.62096166715,574.2650756835938,HlangwineEP,2020-01-22,2020-01-25 08:33:47.840,08:33:47,79.5,21.58
606,542030.243,Flight1_cam1-001-000204-0,7211608.50306308,327735.62096166715,574.2650756835938,HlangwineEP,2020-01-22,2020-01-25 08:33:50.243,08:33:50,79.5,21.58
607,542031.711,Flight1_cam1-001-000205-0,7211608.50306308,327735.62096166715,574.2650756835938,HlangwineEP,2020-01-22,2020-01-25 08:33:51.711,08:33:51,79.5,21.58
608,542033.713,Flight1_cam1-001-000206-0,7211608.50306308,327735.62096166715,574.2650756835938,HlangwineEP,2020-01-22,2020-01-25 08:33:53.713,08:33:53,79.5,21.58
609,542035.715,Flight1_cam1-001-000207-0,7211608.50306308,327735.62096166715,574.2650756835938,HlangwineEP,2020-01-22,2020-01-25 08:33:55.715,08:33:55,79.5,21.58
610,542038.25,Flight1_cam1-001-000208-0,7211608.50306308,327735.62096166715,574.2650756835938,HlangwineEP,2020-01-22,2020-01-25 08:33:58.250,08:33:58,79.5,21.58
611,542039.719,Flight1_cam1-001-000209-0,7211608.50306308,327735.62096166715,574.2650756835938,HlangwineEP,2020-01-22,2020-01-25 08:33:59.719,08:33:59,79.5,21.58
612,542041.721,Flight1_cam1-001-000210-0,7211608.50306308,327735.62096166715,574.2650756835938,HlangwineEP,2020-01-22,2020-01-25 08:34:01.721,08:34:01,79.5,21.58
613,542043.723,Flight1_cam1-001-000211-0,7211608.50306308,327735.62096166715,574.2650756835938,HlangwineEP,2020-01-22,2020-01-25 08:34:03.723,08:34:03,79.5,21.58
614,542045.725,Flight1_cam1-001-000212-0,7211608.50306308,327735.62096166715,574.2650756835938,HlangwineEP,2020-01-22,2020-01-25 08:34:05.725,08:34:05,79.5,21.58
615,542048.26,Flight1_cam1-001-000213-0,7211608.50306308,327735.62096166715,574.2650756835938,HlangwineEP,2020-01-22,2020-01-25 08:34:08.260,08:34:08,79.5,21.58
616,542049.729,Flight1_cam1-001-000214-0,7211608.50306308,327735.62096166715,574.2650756835938,HlangwineEP,2020-01-22,2020-01-25 08:34:09.729,08:34:09,79.5,21.58
617,542051.731,Flight1_cam1-001-000215-0,7211608.50306308,327735.62096166715,574.2650756835938,HlangwineEP,2020-01-22,2020-01-25 08:34:11.731,08:34:11,79.5,21.58
618,542053.733,Flight1_cam1-001-000216-0,7211608.50306308,327735.62096166715,574.2650756835938,HlangwineEP,2020-01-22,2020-01-25 08:34:13.733,08:34:13,79.5,21.58
619,542056.268,Flight1_cam1-001-000217-0,7211608.50306308,327735.62096166715,574.2650756835938,HlangwineEP,2020-01-22,2020-01-25 08:34:16.268,08:34:16,79.5,21.58
620,542057.737,Flight1_cam1-001-000218-0,7211608.50306308,327735.62096166715,574.2650756835938,HlangwineEP,2020-01-22,2020-01-25 08:34:17.737,08:34:17,79.5,21.58
621,542059.738,Flight1_cam1-001-000219-0,7211608.50306308,327735.62096166715,574.2650756835938,HlangwineEP,2020-01-22,2020-01-25 08:34:19.738,08:34:19,79.5,21.58
622,542061.74,Flight1_cam1-001-000220-0,7211608.50306308,327735.62096166715,574.2650756835938,HlangwineEP,2020-01-22,2020-01-25 08:34:21.740,08:34:21,79.5,21.58
623,542064.276,Flight1_cam1-001-000221-0,7211608.50306308,327735.62096166715,574.2650756835938,HlangwineEP,2020-01-22,2020-01-25 08:34:24.276,08:34:24,79.5,21.58
624,542065.744,Flight1_cam1-001-000222-0,7211608.50306308,327735.62096166715,574.2650756835938,HlangwineEP,2020-01-22,2020-01-25 08:34:25.744,08:34:25,79.5,21.58
625,542067.746,Flight1_cam1-001-000223-0,7211608.50306308,327735.62096166715,574.2650756835938,HlangwineEP,2020-01-22,2020-01-25 08:34:27.746,08:34:27,79.5,21.58
626,542070.549,Flight1_cam1-001-000224-0,7211608.50306308,327735.62096166715,574.2650756835938,HlangwineEP,2020-01-22,2020-01-25 08:34:30.549,08:34:30,79.5,21.58
627,542073.219,Flight1_cam1-001-000225-0,7211608.50306308,327735.62096166715,574.2650756835938,HlangwineEP,2020-01-22,2020-01-25 08:34:33.219,08:34:33,79.5,21.58
628,542073.619,Flight1_cam1-001-000226-0,7211608.50306308,327735.62096166715,574.2650756835938,HlangwineEP,2020-01-22,2020-01-25 08:34:33.619,08:34:33,79.5,21.58
629,542075.754,Flight1_cam1-001-000227-0,7211608.50306308,327735.62096166715,574.2650756835938,HlangwineEP,2020-01-22,2020-01-25 08:34:35.754,08:34:35,79.5,21.58
630,542077.623,Flight1_cam1-001-000228-0,7211608.50306308,327735.62096166715,574.2650756835938,HlangwineEP,2020-01-22,2020-01-25 08:34:37.623,08:34:37,79.5,21.58
631,542082.294,Flight1_cam1-001-000229-0,7211608.50306308,327735.62096166715,574.2650756835938,HlangwineEP,2020-01-22,2020-01-25 08:34:42.294,08:34:42,79.5,21.58
632,542084.964,Flight1_cam1-001-000230-0,7211608.50306308,327735.62096166715,574.2650756835938,HlangwineEP,2020-01-22,2020-01-25 08:34:44.964,08:34:44,79.5,21.58
633,542086.298,Flight1_cam1-001-000231-0,7211608.50306308,327735.62096166715,574.2650756835938,HlangwineEP,2020-01-22,2020-01-25 08:34:46.298,08:34:46,79.5,21.58
634,542088.3,Flight1_cam1-001-000232-0,7211608.50306308,327735.62096166715,574.2650756835938,HlangwineEP,2020-01-22,2020-01-25 08:34:48.300,08:34:48,79.5,21.58
635,542090.302,Flight1_cam1-001-000233-0,7211608.50306308,327735.62096166715,574.2650756835938,HlangwineEP,2020-01-22,2020-01-25 08:34:50.302,08:34:50,79.5,21.58
636,542092.438,Flight1_cam1-001-000234-0,7211608.50306308,327735.62096166715,574.2650756835938,HlangwineEP,2020-01-22,2020-01-25 08:34:52.438,08:34:52,79.5,21.58
637,542094.84,Flight1_cam1-001-000235-0,7211608.50306308,327735.62096166715,574.2650756835938,HlangwineEP,2020-01-22,2020-01-25 08:34:54.840,08:34:54,79.5,21.58
638,542096.308,Flight1_cam1-001-000236-0,7211608.50306308,327735.62096166715,574.2650756835938,HlangwineEP,2020-01-22,2020-01-25 08:34:56.308,08:34:56,79.5,21.58
639,542098.31,Flight1_cam1-001-000237-0,7211608.50306308,327735.62096166715,574.2650756835938,HlangwineEP,2020-01-22,2020-01-25 08:34:58.310,08:34:58,79.5,21.58
640,542100.312,Flight1_cam1-001-000238-0,7211608.50306308,327735.62096166715,574.2650756835938,HlangwineEP,2020-01-22,2020-01-25 08:35:00.312,08:35:00,79.5,21.58
641,542102.981,Flight1_cam1-001-000239-0,7211608.50306308,327735.62096166715,574.2650756835938,HlangwineEP,2020-01-22,2020-01-25 08:35:02.981,08:35:02,79.5,21.58
642,542104.316,Flight1_cam1-001-000240-0,7211608.50306308,327735.62096166715,574.2650756835938,HlangwineEP,2020-01-22,2020-01-25 08:35:04.316,08:35:04,79.5,21.58
643,542106.318,Flight1_cam1-001-000241-0,7211608.50306308,327735.62096166715,574.2650756835938,HlangwineEP,2020-01-22,2020-01-25 08:35:06.318,08:35:06,79.5,21.58
644,542108.32,Flight1_cam1-001-000242-0,7211608.50306308,327735.62096166715,574.2650756835938,HlangwineEP,2020-01-22,2020-01-25 08:35:08.320,08:35:08,79.5,21.58
645,542110.455,Flight1_cam1-001-000243-0,7211608.50306308,327735.62096166715,574.2650756835938,HlangwineEP,2020-01-22,2020-01-25 08:35:10.455,08:35:10,79.5,21.58
646,542112.858,Flight1_cam1-001-000244-0,7211608.50306308,327735.62096166715,574.2650756835938,HlangwineEP,2020-01-22,2020-01-25 08:35:12.858,08:35:12,79.5,21.58
647,542114.326,Flight1_cam1-001-000245-0,7211608.50306308,327735.62096166715,574.2650756835938,HlangwineEP,2020-01-22,2020-01-25 08:35:14.326,08:35:14,79.5,21.58
648,542116.328,Flight1_cam1-001-000246-0,7211608.50306308,327735.62096166715,574.2650756835938,HlangwineEP,2020-01-22,2020-01-25 08:35:16.328,08:35:16,79.5,21.58
649,542118.33,Flight1_cam1-001-000247-0,7211608.50306308,327735.62096166715,574.2650756835938,HlangwineEP,2020-01-22,2020-01-25 08:35:18.330,08:35:18,79.5,21.58
650,542120.999,Flight1_cam1-001-000248-0,7211608.50306308,327735.62096166715,574.2650756835938,HlangwineEP,2020-01-22,2020-01-25 08:35:20.999,08:35:20,79.5,21.58
651,542122.334,Flight1_cam1-001-000249-0,7211608.50306308,327735.62096166715,574.2650756835938,HlangwineEP,2020-01-22,2020-01-25 08:35:22.334,08:35:22,79.5,21.58
652,542124.336,Flight1_cam1-001-000250-0,7211608.50306308,327735.62096166715,574.2650756835938,HlangwineEP,2020-01-22,2020-01-25 08:35:24.336,08:35:24,79.5,21.58
653,542126.338,Flight1_cam1-001-000251-0,7211608.50306308,327735.62096166715,574.2650756835938,HlangwineEP,2020-01-22,2020-01-25 08:35:26.338,08:35:26,79.5,21.58
654,542128.874,Flight1_cam1-001-000252-0,7211608.50306308,327735.62096166715,574.2650756835938,HlangwineEP,2020-01-22,2020-01-25 08:35:28.874,08:35:28,79.5,21.58
655,542130.342,Flight1_cam1-001-000253-0,7211608.50306308,327735.62096166715,574.2650756835938,HlangwineEP,2020-01-22,2020-01-25 08:35:30.342,08:35:30,79.5,21.58
656,542132.344,Flight1_cam1-001-000254-0,7211608.50306308,327735.62096166715,574.2650756835938,HlangwineEP,2020-01-22,2020-01-25 08:35:32.344,08:35:32,79.5,21.58
657,542134.346,Flight1_cam1-001-000255-0,7211608.50306308,327735.62096166715,574.2650756835938,HlangwineEP,2020-01-22,2020-01-25 08:35:34.346,08:35:34,79.5,21.58
658,542136.481,Flight1_cam1-001-000256-0,7211608.50306308,327735.62096166715,574.2650756835938,HlangwineEP,2020-01-22,2020-01-25 08:35:36.481,08:35:36,79.5,21.58
659,542138.884,Flight1_cam1-001-000257-0,7211608.50306308,327735.62096166715,574.2650756835938,HlangwineEP,2020-01-22,2020-01-25 08:35:38.884,08:35:38,79.5,21.58
660,542140.352,Flight1_cam1-001-000258-0,7211608.50306308,327735.62096166715,574.2650756835938,HlangwineEP,2020-01-22,2020-01-25 08:35:40.352,08:35:40,79.5,21.58
661,542142.354,Flight1_cam1-001-000259-0,7211608.50306308,327735.62096166715,574.2650756835938,HlangwineEP,2020-01-22,2020-01-25 08:35:42.354,08:35:42,79.5,21.58
662,542144.356,Flight1_cam1-001-000260-0,7211608.50306308,327735.62096166715,574.2650756835938,HlangwineEP,2020-01-22,2020-01-25 08:35:44.356,08:35:44,79.5,21.58
663,542146.892,Flight1_cam1-001-000261-0,7211608.50306308,327735.62096166715,574.2650756835938,HlangwineEP,2020-01-22,2020-01-25 08:35:46.892,08:35:46,79.5,21.58
664,542148.36,Flight1_cam1-001-000262-0,7211608.50306308,327735.62096166715,574.2650756835938,HlangwineEP,2020-01-22,2020-01-25 08:35:48.360,08:35:48,79.5,21.58
665,542150.362,Flight1_cam1-001-000263-0,7211608.50306308,327735.62096166715,574.2650756835938,HlangwineEP,2020-01-22,2020-01-25 08:35:50.362,08:35:50,79.5,21.58
666,542152.364,Flight1_cam1-001-000264-0,7211608.50306308,327735.62096166715,574.2650756835938,HlangwineEP,2020-01-22,2020-01-25 08:35:52.364,08:35:52,79.5,21.58
667,542154.366,Flight1_cam1-001-000265-0,7211608.50306308,327735.62096166715,574.2650756835938,HlangwineEP,2020-01-22,2020-01-25 08:35:54.366,08:35:54,79.5,21.58
668,542156.902,Flight1_cam1-001-000266-0,7211608.50306308,327735.62096166715,574.2650756835938,HlangwineEP,2020-01-22,2020-01-25 08:35:56.902,08:35:56,79.5,21.58
669,542158.37,Flight1_cam1-001-000267-0,7211608.50306308,327735.62096166715,574.2650756835938,HlangwineEP,2020-01-22,2020-01-25 08:35:58.370,08:35:58,79.5,21.58
670,542160.372,Flight1_cam1-001-000268-0,7211608.50306308,327735.62096166715,574.2650756835938,HlangwineEP,2020-01-22,2020-01-25 08:36:00.372,08:36:00,79.5,21.58
671,542162.374,Flight1_cam1-001-000269-0,7211608.50306308,327735.62096166715,574.2650756835938,HlangwineEP,2020-01-22,2020-01-25 08:36:02.374,08:36:02,79.5,21.58
672,542164.91,Flight1_cam1-001-000270-0,7211608.50306308,327735.62096166715,574.2650756835938,HlangwineEP,2020-01-22,2020-01-25 08:36:04.910,08:36:04,79.5,21.58
673,542166.378,Flight1_cam1-001-000271-0,7211608.50306308,327735.62096166715,574.2650756835938,HlangwineEP,2020-01-22,2020-01-25 08:36:06.378,08:36:06,79.5,21.58
674,542168.38,Flight1_cam1-001-000272-0,7211608.50306308,327735.62096166715,574.2650756835938,HlangwineEP,2020-01-22,2020-01-25 08:36:08.380,08:36:08,79.5,21.58
675,542170.382,Flight1_cam1-001-000273-0,7211608.50306308,327735.62096166715,574.2650756835938,HlangwineEP,2020-01-22,2020-01-25 08:36:10.382,08:36:10,79.5,21.58
676,542172.384,Flight1_cam1-001-000274-0,7211608.50306308,327735.62096166715,574.2650756835938,HlangwineEP,2020-01-22,2020-01-25 08:36:12.384,08:36:12,79.5,21.58
677,542174.919,Flight1_cam1-001-000275-0,7211608.50306308,327735.62096166715,574.2650756835938,HlangwineEP,2020-01-22,2020-01-25 08:36:14.919,08:36:14,79.5,21.58
678,542176.254,Flight1_cam1-001-000276-0,7211608.50306308,327735.62096166715,574.2650756835938,HlangwineEP,2020-01-22,2020-01-25 08:36:16.254,08:36:16,79.5,21.58
679,542178.256,Flight1_cam1-001-000277-0,7211608.50306308,327735.62096166715,574.2650756835938,HlangwineEP,2020-01-22,2020-01-25 08:36:18.256,08:36:18,79.5,21.58
680,542180.258,Flight1_cam1-001-000278-0,7211608.50306308,327735.62096166715,574.2650756835938,HlangwineEP,2020-01-22,2020-01-25 08:36:20.258,08:36:20,79.5,21.58
681,542182.927,Flight1_cam1-001-000279-0,7211608.50306308,327735.62096166715,574.2650756835938,HlangwineEP,2020-01-22,2020-01-25 08:36:22.927,08:36:22,79.5,21.58
682,542184.262,Flight1_cam1-001-000280-0,7211608.50306308,327735.62096166715,574.2650756835938,HlangwineEP,2020-01-22,2020-01-25 08:36:24.262,08:36:24,79.5,21.58
683,542186.264,Flight1_cam1-001-000281-0,7211608.50306308,327735.62096166715,574.2650756835938,HlangwineEP,2020-01-22,2020-01-25 08:36:26.264,08:36:26,79.5,21.58
684,542188.266,Flight1_cam1-001-000282-0,7211608.50306308,327735.62096166715,574.2650756835938,HlangwineEP,2020-01-22,2020-01-25 08:36:28.266,08:36:28,79.5,21.58
685,542190.935,Flight1_cam1-001-000283-0,7211608.50306308,327735.62096166715,574.2650756835938,HlangwineEP,2020-01-22,2020-01-25 08:36:30.935,08:36:30,79.5,21.58
686,542192.27,Flight1_cam1-001-000284-0,7211608.50306308,327735.62096166715,574.2650756835938,HlangwineEP,2020-01-22,2020-01-25 08:36:32.270,08:36:32,79.5,21.58
687,542194.272,Flight1_cam1-001-000285-0,7211608.50306308,327735.62096166715,574.2650756835938,HlangwineEP,2020-01-22,2020-01-25 08:36:34.272,08:36:34,79.5,21.58
688,542196.274,Flight1_cam1-001-000286-0,7211608.50306308,327735.62096166715,574.2650756835938,HlangwineEP,2020-01-22,2020-01-25 08:36:36.274,08:36:36,79.5,21.58
689,542198.409,Flight1_cam1-001-000287-0,7211608.50306308,327735.62096166715,574.2650756835938,HlangwineEP,2020-01-22,2020-01-25 08:36:38.409,08:36:38,79.5,21.58
690,542200.945,Flight1_cam1-001-000288-0,7211608.50306308,327735.62096166715,574.2650756835938,HlangwineEP,2020-01-22,2020-01-25 08:36:40.945,08:36:40,79.5,21.58
691,542202.28,Flight1_cam1-001-000289-0,7211608.50306308,327735.62096166715,574.2650756835938,HlangwineEP,2020-01-22,2020-01-25 08:36:42.280,08:36:42,79.5,21.58
692,542204.282,Flight1_cam1-001-000290-0,7211608.50306308,327735.62096166715,574.2650756835938,HlangwineEP,2020-01-22,2020-01-25 08:36:44.282,08:36:44,79.5,21.58
693,542206.284,Flight1_cam1-001-000291-0,7211608.50306308,327735.62096166715,574.2650756835938,HlangwineEP,2020-01-22,2020-01-25 08:36:46.284,08:36:46,79.5,21.58
694,542208.953,Flight1_cam1-001-000292-0,7211608.50306308,327735.62096166715,574.2650756835938,HlangwineEP,2020-01-22,2020-01-25 08:36:48.953,08:36:48,79.5,21.58
695,542210.288,Flight1_cam1-001-000293-0,7211608.50306308,327735.62096166715,574.2650756835938,HlangwineEP,2020-01-22,2020-01-25 08:36:50.288,08:36:50,79.5,21.58
696,542212.29,Flight1_cam1-001-000294-0,7211608.50306308,327735.62096166715,574.2650756835938,HlangwineEP,2020-01-22,2020-01-25 08:36:52.290,08:36:52,79.5,21.58
697,542214.292,Flight1_cam1-001-000295-0,7211608.50306308,327735.62096166715,574.2650756835938,HlangwineEP,2020-01-22,2020-01-25 08:36:54.292,08:36:54,79.5,21.58
698,542216.427,Flight1_cam1-001-000296-0,7211608.50306308,327735.62096166715,574.2650756835938,HlangwineEP,2020-01-22,2020-01-25 08:36:56.427,08:36:56,79.5,21.58
699,542218.83,Flight1_cam1-001-000297-0,7211608.50306308,327735.62096166715,574.2650756835938,HlangwineEP,2020-01-22,2020-01-25 08:36:58.830,08:36:58,79.5,21.58
700,542220.298,Flight1_cam1-001-000298-0,7211608.50306308,327735.62096166715,574.2650756835938,HlangwineEP,2020-01-22,2020-01-25 08:37:00.298,08:37:00,79.5,21.58
701,542222.3,Flight1_cam1-001-000299-0,7211608.50306308,327735.62096166715,574.2650756835938,HlangwineEP,2020-01-22,2020-01-25 08:37:02.300,08:37:02,79.5,21.58
702,542224.302,Flight1_cam1-001-000300-0,7211608.50306308,327735.62096166715,574.2650756835938,HlangwineEP,2020-01-22,2020-01-25 08:37:04.302,08:37:04,79.5,21.58
703,542226.971,Flight1_cam1-001-000301-0,7211608.50306308,327735.62096166715,574.2650756835938,HlangwineEP,2020-01-22,2020-01-25 08:37:06.971,08:37:06,79.5,21.58
704,542228.439,Flight1_cam1-001-000302-0,7211608.50306308,327735.62096166715,574.2650756835938,HlangwineEP,2020-01-22,2020-01-25 08:37:08.439,08:37:08,79.5,21.58
705,542230.308,Flight1_cam1-001-000303-0,7211608.50306308,327735.62096166715,574.2650756835938,HlangwineEP,2020-01-22,2020-01-25 08:37:10.308,08:37:10,79.5,21.58
706,542232.31,Flight1_cam1-001-000304-0,7211608.50306308,327735.62096166715,574.2650756835938,HlangwineEP,2020-01-22,2020-01-25 08:37:12.310,08:37:12,79.5,21.58
707,542234.979,Flight1_cam1-001-000305-0,7211608.50306308,327735.62096166715,574.2650756835938,HlangwineEP,2020-01-22,2020-01-25 08:37:14.979,08:37:14,79.5,21.58
708,542236.314,Flight1_cam1-001-000306-0,7211608.50306308,327735.62096166715,574.2650756835938,HlangwineEP,2020-01-22,2020-01-25 08:37:16.314,08:37:16,79.5,21.58
709,542238.316,Flight1_cam1-001-000307-0,7211608.50306308,327735.62096166715,574.2650756835938,HlangwineEP,2020-01-22,2020-01-25 08:37:18.316,08:37:18,79.5,21.58
710,542240.318,Flight1_cam1-001-000308-0,7211608.50306308,327735.62096166715,574.2650756835938,HlangwineEP,2020-01-22,2020-01-25 08:37:20.318,08:37:20,79.5,21.58
711,542242.453,Flight1_cam1-001-000309-0,7211608.50306308,327735.62096166715,574.2650756835938,HlangwineEP,2020-01-22,2020-01-25 08:37:22.453,08:37:22,79.5,21.58
712,542244.855,Flight1_cam1-001-000310-0,7211608.50306308,327735.62096166715,574.2650756835938,HlangwineEP,2020-01-22,2020-01-25 08:37:24.855,08:37:24,79.5,21.58
713,542246.324,Flight1_cam1-001-000311-0,7211608.50306308,327735.62096166715,574.2650756835938,HlangwineEP,2020-01-22,2020-01-25 08:37:26.324,08:37:26,79.5,21.58
714,542248.326,Flight1_cam1-001-000312-0,7211608.50306308,327735.62096166715,574.2650756835938,HlangwineEP,2020-01-22,2020-01-25 08:37:28.326,08:37:28,79.5,21.58
715,542250.328,Flight1_cam1-001-000313-0,7211608.50306308,327735.62096166715,574.2650756835938,HlangwineEP,2020-01-22,2020-01-25 08:37:30.328,08:37:30,79.5,21.58
716,542252.863,Flight1_cam1-001-000314-0,7211608.50306308,327735.62096166715,574.2650756835938,HlangwineEP,2020-01-22,2020-01-25 08:37:32.863,08:37:32,79.5,21.58
717,542254.332,Flight1_cam1-001-000315-0,7211608.50306308,327735.62096166715,574.2650756835938,HlangwineEP,2020-01-22,2020-01-25 08:37:34.332,08:37:34,79.5,21.58
718,542256.334,Flight1_cam1-001-000316-0,7211608.50306308,327735.62096166715,574.2650756835938,HlangwineEP,2020-01-22,2020-01-25 08:37:36.334,08:37:36,79.5,21.58
719,542258.336,Flight1_cam1-001-000317-0,7211608.50306308,327735.62096166715,574.2650756835938,HlangwineEP,2020-01-22,2020-01-25 08:37:38.336,08:37:38,79.5,21.58
720,542260.471,Flight1_cam1-001-000318-0,7211608.50306308,327735.62096166715,574.2650756835938,HlangwineEP,2020-01-22,2020-01-25 08:37:40.471,08:37:40,79.5,21.58
721,542262.873,Flight1_cam1-001-000319-0,7211608.50306308,327735.62096166715,574.2650756835938,HlangwineEP,2020-01-22,2020-01-25 08:37:42.873,08:37:42,79.5,21.58
722,542264.341,Flight1_cam1-001-000320-0,7211608.50306308,327735.62096166715,574.2650756835938,HlangwineEP,2020-01-22,2020-01-25 08:37:44.341,08:37:44,79.5,21.58
723,542266.343,Flight1_cam1-001-000321-0,7211608.50306308,327735.62096166715,574.2650756835938,HlangwineEP,2020-01-22,2020-01-25 08:37:46.343,08:37:46,79.5,21.58
724,542268.345,Flight1_cam1-001-000322-0,7211608.50306308,327735.62096166715,574.2650756835938,HlangwineEP,2020-01-22,2020-01-25 08:37:48.345,08:37:48,79.5,21.58
725,542270.881,Flight1_cam1-001-000323-0,7211608.50306308,327735.62096166715,574.2650756835938,HlangwineEP,2020-01-22,2020-01-25 08:37:50.881,08:37:50,79.5,21.58
726,542272.349,Flight1_cam1-001-000324-0,7211608.50306308,327735.62096166715,574.2650756835938,HlangwineEP,2020-01-22,2020-01-25 08:37:52.349,08:37:52,79.5,21.58
727,542274.351,Flight1_cam1-001-000325-0,7211608.50306308,327735.62096166715,574.2650756835938,HlangwineEP,2020-01-22,2020-01-25 08:37:54.351,08:37:54,79.5,21.58
728,542276.353,Flight1_cam1-001-000326-0,7211608.50306308,327735.62096166715,574.2650756835938,HlangwineEP,2020-01-22,2020-01-25 08:37:56.353,08:37:56,79.5,21.58
729,542278.489,Flight1_cam1-001-000327-0,7211608.50306308,327735.62096166715,574.2650756835938,HlangwineEP,2020-01-22,2020-01-25 08:37:58.489,08:37:58,79.5,21.58
730,542280.891,Flight1_cam1-001-000328-0,7211608.50306308,327735.62096166715,574.2650756835938,HlangwineEP,2020-01-22,2020-01-25 08:38:00.891,08:38:00,79.5,21.58
731,542282.359,Flight1_cam1-001-000329-0,7211608.50306308,327735.62096166715,574.2650756835938,HlangwineEP,2020-01-22,2020-01-25 08:38:02.359,08:38:02,79.5,21.58
732,542284.361,Flight1_cam1-001-000330-0,7211608.50306308,327735.62096166715,574.2650756835938,HlangwineEP,2020-01-22,2020-01-25 08:38:04.361,08:38:04,79.5,21.58
733,542286.363,Flight1_cam1-001-000331-0,7211608.50306308,327735.62096166715,574.2650756835938,HlangwineEP,2020-01-22,2020-01-25 08:38:06.363,08:38:06,79.5,21.58
734,542288.899,Flight1_cam1-001-000332-0,7211608.50306308,327735.62096166715,574.2650756835938,HlangwineEP,2020-01-22,2020-01-25 08:38:08.899,08:38:08,79.5,21.58
735,542290.367,Flight1_cam1-001-000333-0,7211608.50306308,327735.62096166715,574.2650756835938,HlangwineEP,2020-01-22,2020-01-25 08:38:10.367,08:38:10,79.5,21.58
736,542292.369,Flight1_cam1-001-000334-0,7211608.50306308,327735.62096166715,574.2650756835938,HlangwineEP,2020-01-22,2020-01-25 08:38:12.369,08:38:12,79.5,21.58
737,542294.371,Flight1_cam1-001-000335-0,7211608.50306308,327735.62096166715,574.2650756835938,HlangwineEP,2020-01-22,2020-01-25 08:38:14.371,08:38:14,79.5,21.58
738,542296.373,Flight1_cam1-001-000336-0,7211608.50306308,327735.62096166715,574.2650756835938,HlangwineEP,2020-01-22,2020-01-25 08:38:16.373,08:38:16,79.5,21.58
739,542298.909,Flight1_cam1-001-000337-0,7211608.50306308,327735.62096166715,574.2650756835938,HlangwineEP,2020-01-22,2020-01-25 08:38:18.909,08:38:18,79.5,21.58
740,542300.377,Flight1_cam1-001-000338-0,7211608.50306308,327735.62096166715,574.2650756835938,HlangwineEP,2020-01-22,2020-01-25 08:38:20.377,08:38:20,79.5,21.58
741,542302.379,Flight1_cam1-001-000339-0,7211608.50306308,327735.62096166715,574.2650756835938,HlangwineEP,2020-01-22,2020-01-25 08:38:22.379,08:38:22,79.5,21.58
742,542304.381,Flight1_cam1-001-000340-0,7211608.50306308,327735.62096166715,574.2650756835938,HlangwineEP,2020-01-22,2020-01-25 08:38:24.381,08:38:24,79.5,21.58
743,542306.917,Flight1_cam1-001-000341-0,7211608.50306308,327735.62096166715,574.2650756835938,HlangwineEP,2020-01-22,2020-01-25 08:38:26.917,08:38:26,79.5,21.58
744,542308.385,Flight1_cam1-001-000342-0,7211608.50306308,327735.62096166715,574.2650756835938,HlangwineEP,2020-01-22,2020-01-25 08:38:28.385,08:38:28,79.5,21.58
745,542310.387,Flight1_cam1-001-000343-0,7211608.50306308,327735.62096166715,574.2650756835938,HlangwineEP,2020-01-22,2020-01-25 08:38:30.387,08:38:30,79.5,21.58
746,542312.389,Flight1_cam1-001-000344-0,7211608.50306308,327735.62096166715,574.2650756835938,HlangwineEP,2020-01-22,2020-01-25 08:38:32.389,08:38:32,79.5,21.58
747,542314.391,Flight1_cam1-001-000345-0,7211608.50306308,327735.62096166715,574.2650756835938,HlangwineEP,2020-01-22,2020-01-25 08:38:34.391,08:38:34,79.5,21.58
748,542316.927,Flight1_cam1-001-000346-0,7211608.50306308,327735.62096166715,574.2650756835938,HlangwineEP,2020-01-22,2020-01-25 08:38:36.927,08:38:36,79.5,21.58
749,542318.529,Flight1_cam1-001-000347-0,7211608.50306308,327735.62096166715,574.2650756835938,HlangwineEP,2020-01-22,2020-01-25 08:38:38.529,08:38:38,79.5,21.58
750,542320.264,Flight1_cam1-001-000348-0,7211608.50306308,327735.62096166715,574.2650756835938,HlangwineEP,2020-01-22,2020-01-25 08:38:40.264,08:38:40,79.5,21.58
751,542322.266,Flight1_cam1-001-000349-0,7211608.50306308,327735.62096166715,574.2650756835938,HlangwineEP,2020-01-22,2020-01-25 08:38:42.266,08:38:42,79.5,21.58
752,542324.935,Flight1_cam1-001-000350-0,7211608.50306308,327735.62096166715,574.2650756835938,HlangwineEP,2020-01-22,2020-01-25 08:38:44.935,08:38:44,79.5,21.58
753,542326.27,Flight1_cam1-001-000351-0,7211608.50306308,327735.62096166715,574.2650756835938,HlangwineEP,2020-01-22,2020-01-25 08:38:46.270,08:38:46,79.5,21.58
754,542328.272,Flight1_cam1-001-000352-0,7211608.50306308,327735.62096166715,574.2650756835938,HlangwineEP,2020-01-22,2020-01-25 08:38:48.272,08:38:48,79.5,21.58
755,542330.274,Flight1_cam1-001-000353-0,7211608.50306308,327735.62096166715,574.2650756835938,HlangwineEP,2020-01-22,2020-01-25 08:38:50.274,08:38:50,79.5,21.58
756,542332.943,Flight1_cam1-001-000354-0,7211608.50306308,327735.62096166715,574.2650756835938,HlangwineEP,2020-01-22,2020-01-25 08:38:52.943,08:38:52,79.5,21.58
757,542334.278,Flight1_cam1-001-000355-0,7211608.50306308,327735.62096166715,574.2650756835938,HlangwineEP,2020-01-22,2020-01-25 08:38:54.278,08:38:54,79.5,21.58
758,542336.279,Flight1_cam1-001-000356-0,7211608.50306308,327735.62096166715,574.2650756835938,HlangwineEP,2020-01-22,2020-01-25 08:38:56.279,08:38:56,79.5,21.58
759,542338.281,Flight1_cam1-001-000357-0,7211608.50306308,327735.62096166715,574.2650756835938,HlangwineEP,2020-01-22,2020-01-25 08:38:58.281,08:38:58,79.5,21.58
760,542340.951,Flight1_cam1-001-000358-0,7211608.50306308,327735.62096166715,574.2650756835938,HlangwineEP,2020-01-22,2020-01-25 08:39:00.951,08:39:00,79.5,21.58
761,542342.285,Flight1_cam1-001-000359-0,7211608.50306308,327735.62096166715,574.2650756835938,HlangwineEP,2020-01-22,2020-01-25 08:39:02.285,08:39:02,79.5,21.58
762,542344.287,Flight1_cam1-001-000360-0,7211608.50306308,327735.62096166715,574.2650756835938,HlangwineEP,2020-01-22,2020-01-25 08:39:04.287,08:39:04,79.5,21.58
763,542346.289,Flight1_cam1-001-000361-0,7211608.50306308,327735.62096166715,574.2650756835938,HlangwineEP,2020-01-22,2020-01-25 08:39:06.289,08:39:06,79.5,21.58
764,542348.425,Flight1_cam1-001-000362-0,7211608.50306308,327735.62096166715,574.2650756835938,HlangwineEP,2020-01-22,2020-01-25 08:39:08.425,08:39:08,79.5,21.58
765,542350.961,Flight1_cam1-001-000363-0,7211608.50306308,327735.62096166715,574.2650756835938,HlangwineEP,2020-01-22,2020-01-25 08:39:10.961,08:39:10,79.5,21.58
766,542352.295,Flight1_cam1-001-000364-0,7211608.50306308,327735.62096166715,574.2650756835938,HlangwineEP,2020-01-22,2020-01-25 08:39:12.295,08:39:12,79.5,21.58
767,542354.297,Flight1_cam1-001-000365-0,7211608.50306308,327735.62096166715,574.2650756835938,HlangwineEP,2020-01-22,2020-01-25 08:39:14.297,08:39:14,79.5,21.58
768,542356.299,Flight1_cam1-001-000366-0,7211608.50306308,327735.62096166715,574.2650756835938,HlangwineEP,2020-01-22,2020-01-25 08:39:16.299,08:39:16,79.5,21.58
769,542358.969,Flight1_cam1-001-000367-0,7211608.50306308,327735.62096166715,574.2650756835938,HlangwineEP,2020-01-22,2020-01-25 08:39:18.969,08:39:18,79.5,21.58
770,542360.303,Flight1_cam1-001-000368-0,7211608.50306308,327735.62096166715,574.2650756835938,HlangwineEP,2020-01-22,2020-01-25 08:39:20.303,08:39:20,79.5,21.58
771,542362.305,Flight1_cam1-001-000369-0,7211608.50306308,327735.62096166715,574.2650756835938,HlangwineEP,2020-01-22,2020-01-25 08:39:22.305,08:39:22,79.5,21.58
772,542364.307,Flight1_cam1-001-000370-0,7211608.50306308,327735.62096166715,574.2650756835938,HlangwineEP,2020-01-22,2020-01-25 08:39:24.307,08:39:24,79.5,21.58
773,542366.977,Flight1_cam1-001-000371-0,7211608.50306308,327735.62096166715,574.2650756835938,HlangwineEP,2020-01-22,2020-01-25 08:39:26.977,08:39:26,79.5,21.58
774,542368.445,Flight1_cam1-001-000372-0,7211608.50306308,327735.62096166715,574.2650756835938,HlangwineEP,2020-01-22,2020-01-25 08:39:28.445,08:39:28,79.5,21.58
775,542370.313,Flight1_cam1-001-000373-0,7211608.50306308,327735.62096166715,574.2650756835938,HlangwineEP,2020-01-22,2020-01-25 08:39:30.313,08:39:30,79.5,21.58
776,542372.315,Flight1_cam1-001-000374-0,7211608.50306308,327735.62096166715,574.2650756835938,HlangwineEP,2020-01-22,2020-01-25 08:39:32.315,08:39:32,79.5,21.58
777,542374.985,Flight1_cam1-001-000375-0,7211608.50306308,327735.62096166715,574.2650756835938,HlangwineEP,2020-01-22,2020-01-25 08:39:34.985,08:39:34,79.5,21.58
778,542376.319,Flight1_cam1-001-000376-0,7211608.50306308,327735.62096166715,574.2650756835938,HlangwineEP,2020-01-22,2020-01-25 08:39:36.319,08:39:36,79.5,21.58
779,542378.321,Flight1_cam1-001-000377-0,7211608.50306308,327735.62096166715,574.2650756835938,HlangwineEP,2020-01-22,2020-01-25 08:39:38.321,08:39:38,79.5,21.58
780,542380.323,Flight1_cam1-001-000378-0,7211608.50306308,327735.62096166715,574.2650756835938,HlangwineEP,2020-01-22,2020-01-25 08:39:40.323,08:39:40,79.5,21.58
781,542382.459,Flight1_cam1-001-000379-0,7211608.50306308,327735.62096166715,574.2650756835938,HlangwineEP,2020-01-22,2020-01-25 08:39:42.459,08:39:42,79.5,21.58
782,542384.861,Flight1_cam1-001-000380-0,7211608.50306308,327735.62096166715,574.2650756835938,HlangwineEP,2020-01-22,2020-01-25 08:39:44.861,08:39:44,79.5,21.58
783,542386.329,Flight1_cam1-001-000381-0,7211608.50306308,327735.62096166715,574.2650756835938,HlangwineEP,2020-01-22,2020-01-25 08:39:46.329,08:39:46,79.5,21.58
784,542388.331,Flight1_cam1-001-000382-0,7211608.50306308,327735.62096166715,574.2650756835938,HlangwineEP,2020-01-22,2020-01-25 08:39:48.331,08:39:48,79.5,21.58
785,542390.333,Flight1_cam1-001-000383-0,7211608.50306308,327735.62096166715,574.2650756835938,HlangwineEP,2020-01-22,2020-01-25 08:39:50.333,08:39:50,79.5,21.58
786,542393.002,Flight1_cam1-001-000384-0,7211608.50306308,327735.62096166715,574.2650756835938,HlangwineEP,2020-01-22,2020-01-25 08:39:53.002,08:39:53,79.5,21.58
787,542394.337,Flight1_cam1-001-000385-0,7211608.50306308,327735.62096166715,574.2650756835938,HlangwineEP,2020-01-22,2020-01-25 08:39:54.337,08:39:54,79.5,21.58
788,542396.339,Flight1_cam1-001-000386-0,7211608.50306308,327735.62096166715,574.2650756835938,HlangwineEP,2020-01-22,2020-01-25 08:39:56.339,08:39:56,79.5,21.58
789,542398.341,Flight1_cam1-001-000387-0,7211608.50306308,327735.62096166715,574.2650756835938,HlangwineEP,2020-01-22,2020-01-25 08:39:58.341,08:39:58,79.5,21.58
790,542400.477,Flight1_cam1-001-000388-0,7211608.50306308,327735.62096166715,574.2650756835938,HlangwineEP,2020-01-22,2020-01-25 08:40:00.477,08:40:00,79.5,21.58
791,542402.879,Flight1_cam1-001-000389-0,7211608.50306308,327735.62096166715,574.2650756835938,HlangwineEP,2020-01-22,2020-01-25 08:40:02.879,08:40:02,79.5,21.58
792,542404.347,Flight1_cam1-001-000390-0,7211608.50306308,327735.62096166715,574.2650756835938,HlangwineEP,2020-01-22,2020-01-25 08:40:04.347,08:40:04,79.5,21.58
793,542406.349,Flight1_cam1-001-000391-0,7211608.50306308,327735.62096166715,574.2650756835938,HlangwineEP,2020-01-22,2020-01-25 08:40:06.349,08:40:06,79.5,21.58
794,542408.351,Flight1_cam1-001-000392-0,7211608.50306308,327735.62096166715,574.2650756835938,HlangwineEP,2020-01-22,2020-01-25 08:40:08.351,08:40:08,79.5,21.58
795,542410.887,Flight1_cam1-001-000393-0,7211608.50306308,327735.62096166715,574.2650756835938,HlangwineEP,2020-01-22,2020-01-25 08:40:10.887,08:40:10,79.5,21.58
796,542412.355,Flight1_cam1-001-000394-0,7211608.50306308,327735.62096166715,574.2650756835938,HlangwineEP,2020-01-22,2020-01-25 08:40:12.355,08:40:12,79.5,21.58
797,542414.357,Flight1_cam1-001-000395-0,7211608.50306308,327735.62096166715,574.2650756835938,HlangwineEP,2020-01-22,2020-01-25 08:40:14.357,08:40:14,79.5,21.58
798,542416.359,Flight1_cam1-001-000396-0,7211608.50306308,327735.62096166715,574.2650756835938,HlangwineEP,2020-01-22,2020-01-25 08:40:16.359,08:40:16,79.5,21.58
799,542418.895,Flight1_cam1-001-000397-0,7211608.50306308,327735.62096166715,574.2650756835938,HlangwineEP,2020-01-22,2020-01-25 08:40:18.895,08:40:18,79.5,21.58
800,542420.363,Flight1_cam1-001-000398-0,7211608.50306308,327735.62096166715,574.2650756835938,HlangwineEP,2020-01-22,2020-01-25 08:40:20.363,08:40:20,79.5,21.58
801,542422.365,Flight1_cam1-001-000399-0,7211608.50306308,327735.62096166715,574.2650756835938,HlangwineEP,2020-01-22,2020-01-25 08:40:22.365,08:40:22,79.5,21.58
802,542424.367,Flight1_cam1-001-000400-0,7211608.50306308,327735.62096166715,574.2650756835938,HlangwineEP,2020-01-22,2020-01-25 08:40:24.367,08:40:24,79.5,21.58
803,542426.369,Flight1_cam1-001-000401-0,7211608.50306308,327735.62096166715,574.2650756835938,HlangwineEP,2020-01-22,2020-01-25 08:40:26.369,08:40:26,79.5,21.58
804,542428.905,Flight1_cam1-001-000402-0,7211608.50306308,327735.62096166715,574.2650756835938,HlangwineEP,2020-01-22,2020-01-25 08:40:28.905,08:40:28,79.5,21.58
805,542430.373,Flight1_cam1-001-000403-0,7211608.50306308,327735.62096166715,574.2650756835938,HlangwineEP,2020-01-22,2020-01-25 08:40:30.373,08:40:30,79.5,21.58
806,542432.375,Flight1_cam1-001-000404-0,7211608.50306308,327735.62096166715,574.2650756835938,HlangwineEP,2020-01-22,2020-01-25 08:40:32.375,08:40:32,79.5,21.58
807,542434.377,Flight1_cam1-001-000405-0,7211608.50306308,327735.62096166715,574.2650756835938,HlangwineEP,2020-01-22,2020-01-25 08:40:34.377,08:40:34,79.5,21.58
808,542436.913,Flight1_cam1-001-000406-0,7211608.50306308,327735.62096166715,574.2650756835938,HlangwineEP,2020-01-22,2020-01-25 08:40:36.913,08:40:36,79.5,21.58
809,542438.381,Flight1_cam1-001-000407-0,7211608.50306308,327735.62096166715,574.2650756835938,HlangwineEP,2020-01-22,2020-01-25 08:40:38.381,08:40:38,79.5,21.58
810,542440.383,Flight1_cam1-001-000408-0,7211608.50306308,327735.62096166715,574.2650756835938,HlangwineEP,2020-01-22,2020-01-25 08:40:40.383,08:40:40,79.5,21.58
811,542442.385,Flight1_cam1-001-000409-0,7211608.50306308,327735.62096166715,574.2650756835938,HlangwineEP,2020-01-22,2020-01-25 08:40:42.385,08:40:42,79.5,21.58
812,542444.387,Flight1_cam1-001-000410-0,7211608.50306308,327735.62096166715,574.2650756835938,HlangwineEP,2020-01-22,2020-01-25 08:40:44.387,08:40:44,79.5,21.58
813,542446.923,Flight1_cam1-001-000411-0,7211608.50306308,327735.62096166715,574.2650756835938,HlangwineEP,2020-01-22,2020-01-25 08:40:46.923,08:40:46,79.5,21.58
814,542448.391,Flight1_cam1-001-000412-0,7211608.50306308,327735.62096166715,574.2650756835938,HlangwineEP,2020-01-22,2020-01-25 08:40:48.391,08:40:48,79.5,21.58
815,542450.259,Flight1_cam1-001-000413-0,7211608.50306308,327735.62096166715,574.2650756835938,HlangwineEP,2020-01-22,2020-01-25 08:40:50.259,08:40:50,79.5,21.58
816,542452.395,Flight1_cam1-001-000414-0,7211608.50306308,327735.62096166715,574.2650756835938,HlangwineEP,2020-01-22,2020-01-25 08:40:52.395,08:40:52,79.5,21.58
817,542454.931,Flight1_cam1-001-000415-0,7211608.50306308,327735.62096166715,574.2650756835938,HlangwineEP,2020-01-22,2020-01-25 08:40:54.931,08:40:54,79.5,21.58
818,542456.265,Flight1_cam1-001-000416-0,7211608.50306308,327735.62096166715,574.2650756835938,HlangwineEP,2020-01-22,2020-01-25 08:40:56.265,08:40:56,79.5,21.58
819,542458.267,Flight1_cam1-001-000417-0,7211608.50306308,327735.62096166715,574.2650756835938,HlangwineEP,2020-01-22,2020-01-25 08:40:58.267,08:40:58,79.5,21.58
820,542460.269,Flight1_cam1-001-000418-0,7211608.50306308,327735.62096166715,574.2650756835938,HlangwineEP,2020-01-22,2020-01-25 08:41:00.269,08:41:00,79.5,21.58
821,542462.405,Flight1_cam1-001-000419-0,7211608.50306308,327735.62096166715,574.2650756835938,HlangwineEP,2020-01-22,2020-01-25 08:41:02.405,08:41:02,79.5,21.58
822,542464.94,Flight1_cam1-001-000420-0,7211608.50306308,327735.62096166715,574.2650756835938,HlangwineEP,2020-01-22,2020-01-25 08:41:04.940,08:41:04,79.5,21.58
823,542466.275,Flight1_cam1-001-000421-0,7211608.50306308,327735.62096166715,574.2650756835938,HlangwineEP,2020-01-22,2020-01-25 08:41:06.275,08:41:06,79.5,21.58
824,542468.277,Flight1_cam1-001-000422-0,7211608.50306308,327735.62096166715,574.2650756835938,HlangwineEP,2020-01-22,2020-01-25 08:41:08.277,08:41:08,79.5,21.58
825,542470.279,Flight1_cam1-001-000423-0,7211608.50306308,327735.62096166715,574.2650756835938,HlangwineEP,2020-01-22,2020-01-25 08:41:10.279,08:41:10,79.5,21.58
826,542472.948,Flight1_cam1-001-000424-0,7211608.50306308,327735.62096166715,574.2650756835938,HlangwineEP,2020-01-22,2020-01-25 08:41:12.948,08:41:12,79.5,21.58
827,542474.283,Flight1_cam1-001-000425-0,7211608.50306308,327735.62096166715,574.2650756835938,HlangwineEP,2020-01-22,2020-01-25 08:41:14.283,08:41:14,79.5,21.58
828,542476.285,Flight1_cam1-001-000426-0,7211608.50306308,327735.62096166715,574.2650756835938,HlangwineEP,2020-01-22,2020-01-25 08:41:16.285,08:41:16,79.5,21.58
829,542478.287,Flight1_cam1-001-000427-0,7211608.50306308,327735.62096166715,574.2650756835938,HlangwineEP,2020-01-22,2020-01-25 08:41:18.287,08:41:18,79.5,21.58
830,542480.956,Flight1_cam1-001-000428-0,7211608.50306308,327735.62096166715,574.2650756835938,HlangwineEP,2020-01-22,2020-01-25 08:41:20.956,08:41:20,79.5,21.58
831,542482.291,Flight1_cam1-001-000429-0,7211608.50306308,327735.62096166715,574.2650756835938,HlangwineEP,2020-01-22,2020-01-25 08:41:22.291,08:41:22,79.5,21.58
832,542484.293,Flight1_cam1-001-000430-0,7211608.50306308,327735.62096166715,574.2650756835938,HlangwineEP,2020-01-22,2020-01-25 08:41:24.293,08:41:24,79.5,21.58
833,542486.295,Flight1_cam1-001-000431-0,7211608.50306308,327735.62096166715,574.2650756835938,HlangwineEP,2020-01-22,2020-01-25 08:41:26.295,08:41:26,79.5,21.58
834,542488.43,Flight1_cam1-001-000432-0,7211608.50306308,327735.62096166715,574.2650756835938,HlangwineEP,2020-01-22,2020-01-25 08:41:28.430,08:41:28,79.5,21.58
835,542490.833,Flight1_cam1-001-000433-0,7211608.50306308,327735.62096166715,574.2650756835938,HlangwineEP,2020-01-22,2020-01-25 08:41:30.833,08:41:30,79.5,21.58
836,542492.301,Flight1_cam1-001-000434-0,7211608.50306308,327735.62096166715,574.2650756835938,HlangwineEP,2020-01-22,2020-01-25 08:41:32.301,08:41:32,79.5,21.58
837,542494.303,Flight1_cam1-001-000435-0,7211608.50306308,327735.62096166715,574.2650756835938,HlangwineEP,2020-01-22,2020-01-25 08:41:34.303,08:41:34,79.5,21.58
838,542496.305,Flight1_cam1-001-000436-0,7211608.50306308,327735.62096166715,574.2650756835938,HlangwineEP,2020-01-22,2020-01-25 08:41:36.305,08:41:36,79.5,21.58
839,542498.974,Flight1_cam1-001-000437-0,7211608.50306308,327735.62096166715,574.2650756835938,HlangwineEP,2020-01-22,2020-01-25 08:41:38.974,08:41:38,79.5,21.58
840,542500.309,Flight1_cam1-001-000438-0,7211608.50306308,327735.62096166715,574.2650756835938,HlangwineEP,2020-01-22,2020-01-25 08:41:40.309,08:41:40,79.5,21.58
841,542502.311,Flight1_cam1-001-000439-0,7211608.50306308,327735.62096166715,574.2650756835938,HlangwineEP,2020-01-22,2020-01-25 08:41:42.311,08:41:42,79.5,21.58
842,542504.313,Flight1_cam1-001-000440-0,7211608.50306308,327735.62096166715,574.2650756835938,HlangwineEP,2020-01-22,2020-01-25 08:41:44.313,08:41:44,79.5,21.58
843,542506.448,Flight1_cam1-001-000441-0,7211608.50306308,327735.62096166715,574.2650756835938,HlangwineEP,2020-01-22,2020-01-25 08:41:46.448,08:41:46,79.5,21.58
844,542508.851,Flight1_cam1-001-000442-0,7211608.50306308,327735.62096166715,574.2650756835938,HlangwineEP,2020-01-22,2020-01-25 08:41:48.851,08:41:48,79.5,21.58
845,542510.319,Flight1_cam1-001-000443-0,7211608.50306308,327735.62096166715,574.2650756835938,HlangwineEP,2020-01-22,2020-01-25 08:41:50.319,08:41:50,79.5,21.58
846,542512.321,Flight1_cam1-001-000444-0,7211608.50306308,327735.62096166715,574.2650756835938,HlangwineEP,2020-01-22,2020-01-25 08:41:52.321,08:41:52,79.5,21.58
847,542514.323,Flight1_cam1-001-000445-0,7211608.50306308,327735.62096166715,574.2650756835938,HlangwineEP,2020-01-22,2020-01-25 08:41:54.323,08:41:54,79.5,21.58
848,542516.992,Flight1_cam1-001-000446-0,7211608.50306308,327735.62096166715,574.2650756835938,HlangwineEP,2020-01-22,2020-01-25 08:41:56.992,08:41:56,79.5,21.58
849,542518.327,Flight1_cam1-001-000447-0,7211608.50306308,327735.62096166715,574.2650756835938,HlangwineEP,2020-01-22,2020-01-25 08:41:58.327,08:41:58,79.5,21.58
850,542520.329,Flight1_cam1-001-000448-0,7211608.50306308,327735.62096166715,574.2650756835938,HlangwineEP,2020-01-22,2020-01-25 08:42:00.329,08:42:00,79.5,21.58
851,542522.331,Flight1_cam1-001-000449-0,7211608.50306308,327735.62096166715,574.2650756835938,HlangwineEP,2020-01-22,2020-01-25 08:42:02.331,08:42:02,79.5,21.58
852,542524.466,Flight1_cam1-001-000450-0,7211608.50306308,327735.62096166715,574.2650756835938,HlangwineEP,2020-01-22,2020-01-25 08:42:04.466,08:42:04,79.5,21.58
853,542526.869,Flight1_cam1-001-000451-0,7211608.50306308,327735.62096166715,574.2650756835938,HlangwineEP,2020-01-22,2020-01-25 08:42:06.869,08:42:06,79.5,21.58
854,542528.47,Flight1_cam1-001-000452-0,7211608.50306308,327735.62096166715,574.2650756835938,HlangwineEP,2020-01-22,2020-01-25 08:42:08.470,08:42:08,79.5,21.58
855,542530.339,Flight1_cam1-001-000453-0,7211608.50306308,327735.62096166715,574.2650756835938,HlangwineEP,2020-01-22,2020-01-25 08:42:10.339,08:42:10,79.5,21.58
856,542532.341,Flight1_cam1-001-000454-0,7211608.50306308,327735.62096166715,574.2650756835938,HlangwineEP,2020-01-22,2020-01-25 08:42:12.341,08:42:12,79.5,21.58
857,542534.877,Flight1_cam1-001-000455-0,7211608.50306308,327735.62096166715,574.2650756835938,HlangwineEP,2020-01-22,2020-01-25 08:42:14.877,08:42:14,79.5,21.58
858,542536.345,Flight1_cam1-001-000456-0,7211608.50306308,327735.62096166715,574.2650756835938,HlangwineEP,2020-01-22,2020-01-25 08:42:16.345,08:42:16,79.5,21.58
859,542538.347,Flight1_cam1-001-000457-0,7211608.50306308,327735.62096166715,574.2650756835938,HlangwineEP,2020-01-22,2020-01-25 08:42:18.347,08:42:18,79.5,21.58
860,542540.349,Flight1_cam1-001-000458-0,7211608.50306308,327735.62096166715,574.2650756835938,HlangwineEP,2020-01-22,2020-01-25 08:42:20.349,08:42:20,79.5,21.58
861,542542.484,Flight1_cam1-001-000459-0,7211608.50306308,327735.62096166715,574.2650756835938,HlangwineEP,2020-01-22,2020-01-25 08:42:22.484,08:42:22,79.5,21.58
862,542851.724,Flight1_cam1-002-000000-0,7211046.223348454,326602.7574028992,574.3615112304688,HlangwineEP,2020-01-22,2020-01-25 08:47:31.724,08:47:31,79.5,21.58
863,542853.059,Flight1_cam1-002-000001-0,7211043.148223223,326600.1632007153,575.9473266601562,HlangwineEP,2020-01-22,2020-01-25 08:47:33.059,08:47:33,79.5,21.58
864,542855.061,Flight1_cam1-002-000002-0,7211038.023434823,326596.0688357488,579.2980346679688,HlangwineEP,2020-01-22,2020-01-25 08:47:35.061,08:47:35,79.5,21.58
865,542857.73,Flight1_cam1-002-000003-0,7211031.211663146,326591.4005376396,584.9493408203125,HlangwineEP,2020-01-22,2020-01-25 08:47:37.730,08:47:37,79.5,21.58
866,542860.399,Flight1_cam1-002-000004-0,7211022.758066023,326589.382672247,591.7623901367188,HlangwineEP,2020-01-22,2020-01-25 08:47:40.399,08:47:40,79.5,21.58
867,542861.868,Flight1_cam1-002-000005-0,7211017.445487786,326590.4211755316,595.5096435546875,HlangwineEP,2020-01-22,2020-01-25 08:47:41.868,08:47:41,79.5,21.58
868,542863.069,Flight1_cam1-002-000006-0,7211012.764511002,326592.6249954309,598.9196166992188,HlangwineEP,2020-01-22,2020-01-25 08:47:43.069,08:47:43,79.5,21.58
869,542865.071,Flight1_cam1-002-000007-0,7211006.0975642465,326598.18269851885,604.3912963867188,HlangwineEP,2020-01-22,2020-01-25 08:47:45.071,08:47:45,79.5,21.58
870,542867.073,Flight1_cam1-002-000008-0,7211000.338951092,326606.4073495705,609.5680541992188,HlangwineEP,2020-01-22,2020-01-25 08:47:47.073,08:47:47,79.5,21.58
871,542869.742,Flight1_cam1-002-000009-0,7210993.484535,326622.4018063732,616.5068359375,HlangwineEP,2020-01-22,2020-01-25 08:47:49.742,08:47:49,79.5,21.58
872,542871.077,Flight1_cam1-002-000010-0,7210990.838814052,326630.99834927765,619.678466796875,HlangwineEP,2020-01-22,2020-01-25 08:47:51.077,08:47:51,79.5,21.58
873,542873.079,Flight1_cam1-002-000011-0,7210987.568989455,326644.63843106595,624.9631958007812,HlangwineEP,2020-01-22,2020-01-25 08:47:53.079,08:47:53,79.5,21.58
874,542875.081,Flight1_cam1-002-000012-0,7210986.243010757,326657.0441372453,629.9691162109375,HlangwineEP,2020-01-22,2020-01-25 08:47:55.081,08:47:55,79.5,21.58
875,542877.216,Flight1_cam1-002-000013-0,7210988.654241385,326668.9555288454,636.234375,HlangwineEP,2020-01-22,2020-01-25 08:47:57.216,08:47:57,79.5,21.58
876,542879.618,Flight1_cam1-002-000014-0,7210993.4638549015,326684.1289524662,643.3128051757812,HlangwineEP,2020-01-22,2020-01-25 08:47:59.618,08:47:59,79.5,21.58
877,542881.087,Flight1_cam1-002-000015-0,7210996.233051559,326696.0059639701,647.9464721679688,HlangwineEP,2020-01-22,2020-01-25 08:48:01.087,08:48:01,79.5,21.58
878,542883.089,Flight1_cam1-002-000016-0,7210999.186069946,326712.91316120303,653.9221801757812,HlangwineEP,2020-01-22,2020-01-25 08:48:03.089,08:48:03,79.5,21.58
879,542885.091,Flight1_cam1-002-000017-0,7210999.785101862,326730.0393406642,659.7167358398438,HlangwineEP,2020-01-22,2020-01-25 08:48:05.091,08:48:05,79.5,21.58
880,542887.76,Flight1_cam1-002-000018-0,7210995.204941336,326751.0570014709,668.6340942382812,HlangwineEP,2020-01-22,2020-01-25 08:48:07.760,08:48:07,79.5,21.58
881,542889.095,Flight1_cam1-002-000019-0,7210991.692547467,326760.1888239194,672.734130859375,HlangwineEP,2020-01-22,2020-01-25 08:48:09.095,08:48:09,79.5,21.58
882,542891.097,Flight1_cam1-002-000020-0,7210985.481527546,326775.0756410934,679.372802734375,HlangwineEP,2020-01-22,2020-01-25 08:48:11.097,08:48:11,79.5,21.58
883,542893.099,Flight1_cam1-002-000021-0,7210979.691830935,326790.5277510942,685.9155883789062,HlangwineEP,2020-01-22,2020-01-25 08:48:13.099,08:48:13,79.5,21.58
884,542895.101,Flight1_cam1-002-000022-0,7210974.27221372,326806.8028348139,687.9755859375,HlangwineEP,2020-01-22,2020-01-25 08:48:15.101,08:48:15,79.5,21.58
885,542897.636,Flight1_cam1-002-000023-0,7210967.392545845,326829.210193582,687.0481567382812,HlangwineEP,2020-01-22,2020-01-25 08:48:17.636,08:48:17,79.5,21.58
886,542899.104,Flight1_cam1-002-000024-0,7210964.577900184,326842.1646691848,686.8042602539062,HlangwineEP,2020-01-22,2020-01-25 08:48:19.104,08:48:19,79.5,21.58
887,542901.106,Flight1_cam1-002-000025-0,7210962.846666627,326857.641508393,686.1596069335938,HlangwineEP,2020-01-22,2020-01-25 08:48:21.106,08:48:21,79.5,21.58
888,542903.108,Flight1_cam1-002-000026-0,7210962.379719421,326869.5465900521,686.1159057617188,HlangwineEP,2020-01-22,2020-01-25 08:48:23.108,08:48:23,79.5,21.58
889,542905.644,Flight1_cam1-002-000027-0,7210963.131461788,326877.8850590604,685.899169921875,HlangwineEP,2020-01-22,2020-01-25 08:48:25.644,08:48:25,79.5,21.58
890,542907.112,Flight1_cam1-002-000028-0,7210963.638853494,326881.93253900856,685.8054809570312,HlangwineEP,2020-01-22,2020-01-25 08:48:27.112,08:48:27,79.5,21.58
891,542909.114,Flight1_cam1-002-000029-0,7210963.118229665,326888.6309361879,685.8968505859375,HlangwineEP,2020-01-22,2020-01-25 08:48:29.114,08:48:29,79.5,21.58
892,542911.116,Flight1_cam1-002-000030-0,7210962.559126725,326898.4693992404,685.9924926757812,HlangwineEP,2020-01-22,2020-01-25 08:48:31.116,08:48:31,79.5,21.58
893,542913.652,Flight1_cam1-002-000031-0,7210963.944527673,326913.5524323659,685.9312133789062,HlangwineEP,2020-01-22,2020-01-25 08:48:33.652,08:48:33,79.5,21.58
894,542915.12,Flight1_cam1-002-000032-0,7210964.842900261,326921.8895274432,685.8438110351562,HlangwineEP,2020-01-22,2020-01-25 08:48:35.120,08:48:35,79.5,21.58
895,542918.19,Flight1_cam1-002-000033-0,7210964.197101933,326928.39170347364,685.72705078125,HlangwineEP,2020-01-22,2020-01-25 08:48:38.190,08:48:38,79.5,21.58
896,542919.124,Flight1_cam1-002-000034-0,7210962.351356738,326931.9359357696,685.8228149414062,HlangwineEP,2020-01-22,2020-01-25 08:48:39.124,08:48:39,79.5,21.58
897,542921.126,Flight1_cam1-002-000035-0,7210956.537696794,326946.2374613311,685.98046875,HlangwineEP,2020-01-22,2020-01-25 08:48:41.126,08:48:41,79.5,21.58
898,542923.128,Flight1_cam1-002-000036-0,7210951.030341434,326963.41330169677,685.8905029296875,HlangwineEP,2020-01-22,2020-01-25 08:48:43.128,08:48:43,79.5,21.58
899,542925.13,Flight1_cam1-002-000037-0,7210945.35157551,326980.1308378954,685.7887573242188,HlangwineEP,2020-01-22,2020-01-25 08:48:45.130,08:48:45,79.5,21.58
900,542927.666,Flight1_cam1-002-000038-0,7210938.280993424,326999.2678139751,685.8787231445312,HlangwineEP,2020-01-22,2020-01-25 08:48:47.666,08:48:47,79.5,21.58
901,542929.134,Flight1_cam1-002-000039-0,7210934.107804706,327010.76605360466,685.8870849609375,HlangwineEP,2020-01-22,2020-01-25 08:48:49.134,08:48:49,79.5,21.58
902,542931.136,Flight1_cam1-002-000040-0,7210928.9825407425,327025.6605589132,685.8042602539062,HlangwineEP,2020-01-22,2020-01-25 08:48:51.136,08:48:51,79.5,21.58
903,542933.138,Flight1_cam1-002-000041-0,7210924.894462343,327037.25307012495,685.7671508789062,HlangwineEP,2020-01-22,2020-01-25 08:48:53.138,08:48:53,79.5,21.58
904,542935.674,Flight1_cam1-002-000042-0,7210919.53441013,327051.58690373757,685.8477783203125,HlangwineEP,2020-01-22,2020-01-25 08:48:55.674,08:48:55,79.5,21.58
905,542937.142,Flight1_cam1-002-000043-0,7210915.601442423,327063.29408025055,685.826416015625,HlangwineEP,2020-01-22,2020-01-25 08:48:57.142,08:48:57,79.5,21.58
906,542939.144,Flight1_cam1-002-000044-0,7210910.169965552,327078.5546505498,685.8150634765625,HlangwineEP,2020-01-22,2020-01-25 08:48:59.144,08:48:59,79.5,21.58
907,542941.013,Flight1_cam1-002-000045-0,7210906.993411105,327087.56714221044,685.8027954101562,HlangwineEP,2020-01-22,2020-01-25 08:49:01.013,08:49:01,79.5,21.58
908,542943.015,Flight1_cam1-002-000046-0,7210906.63928893,327089.34955797653,685.60595703125,HlangwineEP,2020-01-22,2020-01-25 08:49:03.015,08:49:03,79.5,21.58
909,542945.417,Flight1_cam1-002-000047-0,7210903.411563082,327090.08406597626,685.4465942382812,HlangwineEP,2020-01-22,2020-01-25 08:49:05.417,08:49:05,79.5,21.58
910,542947.019,Flight1_cam1-002-000048-0,7210896.549820596,327094.4057007772,684.9617919921875,HlangwineEP,2020-01-22,2020-01-25 08:49:07.019,08:49:07,79.5,21.58
911,542949.021,Flight1_cam1-002-000049-0,7210884.740672054,327102.7082420139,684.3369750976562,HlangwineEP,2020-01-22,2020-01-25 08:49:09.021,08:49:09,79.5,21.58
912,542951.023,Flight1_cam1-002-000050-0,7210871.865733191,327111.7226945262,683.6061401367188,HlangwineEP,2020-01-22,2020-01-25 08:49:11.023,08:49:11,79.5,21.58
913,542953.692,Flight1_cam1-002-000051-0,7210854.252923198,327124.0695476571,682.5465698242188,HlangwineEP,2020-01-22,2020-01-25 08:49:13.692,08:49:13,79.5,21.58
914,542955.027,Flight1_cam1-002-000052-0,7210845.455339491,327130.1028741341,682.1282958984375,HlangwineEP,2020-01-22,2020-01-25 08:49:15.027,08:49:15,79.5,21.58
915,542957.029,Flight1_cam1-002-000053-0,7210832.445514474,327138.786850507,681.3778686523438,HlangwineEP,2020-01-22,2020-01-25 08:49:17.029,08:49:17,79.5,21.58
916,542959.031,Flight1_cam1-002-000054-0,7210818.861629919,327147.8674546545,680.5134887695312,HlangwineEP,2020-01-22,2020-01-25 08:49:19.031,08:49:19,79.5,21.58
917,542961.7,Flight1_cam1-002-000055-0,7210801.913345965,327159.80558427214,679.4600830078125,HlangwineEP,2020-01-22,2020-01-25 08:49:21.700,08:49:21,79.5,21.58
918,542963.035,Flight1_cam1-002-000056-0,7210793.013988019,327165.83112935745,679.03173828125,HlangwineEP,2020-01-22,2020-01-25 08:49:23.035,08:49:23,79.5,21.58
919,542965.037,Flight1_cam1-002-000057-0,7210779.766600326,327174.60486284835,678.3251342773438,HlangwineEP,2020-01-22,2020-01-25 08:49:25.037,08:49:25,79.5,21.58
920,542967.039,Flight1_cam1-002-000058-0,7210766.4713312555,327184.03326718963,677.6190795898438,HlangwineEP,2020-01-22,2020-01-25 08:49:27.039,08:49:27,79.5,21.58
921,542969.708,Flight1_cam1-002-000059-0,7210754.431012791,327201.2293946196,676.8607788085938,HlangwineEP,2020-01-22,2020-01-25 08:49:29.708,08:49:29,79.5,21.58
922,542971.043,Flight1_cam1-002-000060-0,7210752.602752171,327211.9731095835,676.72216796875,HlangwineEP,2020-01-22,2020-01-25 08:49:31.043,08:49:31,79.5,21.58
923,542973.045,Flight1_cam1-002-000061-0,7210755.354384529,327227.85370757943,676.7755737304688,HlangwineEP,2020-01-22,2020-01-25 08:49:33.045,08:49:33,79.5,21.58
924,542975.047,Flight1_cam1-002-000062-0,7210761.333080795,327242.2012200699,677.02197265625,HlangwineEP,2020-01-22,2020-01-25 08:49:35.047,08:49:35,79.5,21.58
925,542977.182,Flight1_cam1-002-000063-0,7210766.70446798,327256.1845686786,677.23388671875,HlangwineEP,2020-01-22,2020-01-25 08:49:37.182,08:49:37,79.5,21.58
926,542979.584,Flight1_cam1-002-000064-0,7210776.047672834,327272.47853676236,677.682373046875,HlangwineEP,2020-01-22,2020-01-25 08:49:39.584,08:49:39,79.5,21.58
927,542981.052,Flight1_cam1-002-000065-0,7210785.790070573,327277.50073549454,678.2566528320312,HlangwineEP,2020-01-22,2020-01-25 08:49:41.052,08:49:41,79.5,21.58
928,542983.054,Flight1_cam1-002-000066-0,7210800.888888903,327274.7102959268,679.134765625,HlangwineEP,2020-01-22,2020-01-25 08:49:43.054,08:49:43,79.5,21.58
929,542985.056,Flight1_cam1-002-000067-0,7210812.1187454825,327266.3386462467,679.6761474609375,HlangwineEP,2020-01-22,2020-01-25 08:49:45.056,08:49:45,79.5,21.58
930,542987.726,Flight1_cam1-002-000068-0,7210823.889666736,327257.31798986054,680.5775756835938,HlangwineEP,2020-01-22,2020-01-25 08:49:47.726,08:49:47,79.5,21.58
931,542989.06,Flight1_cam1-002-000069-0,7210832.10491197,327252.52701117814,681.0805053710938,HlangwineEP,2020-01-22,2020-01-25 08:49:49.060,08:49:49,79.5,21.58
932,542991.062,Flight1_cam1-002-000070-0,7210845.403026675,327243.9210726488,681.7193603515625,HlangwineEP,2020-01-22,2020-01-25 08:49:51.062,08:49:51,79.5,21.58
933,542993.064,Flight1_cam1-002-000071-0,7210859.215387377,327234.76256958186,682.8212890625,HlangwineEP,2020-01-22,2020-01-25 08:49:53.064,08:49:53,79.5,21.58
934,542995.734,Flight1_cam1-002-000072-0,7210876.461672904,327223.09808346845,684.0986328125,HlangwineEP,2020-01-22,2020-01-25 08:49:55.734,08:49:55,79.5,21.58
935,542997.068,Flight1_cam1-002-000073-0,7210885.549159342,327217.1315717567,684.696533203125,HlangwineEP,2020-01-22,2020-01-25 08:49:57.068,08:49:57,79.5,21.58
936,542999.07,Flight1_cam1-002-000074-0,7210898.699381527,327208.2816345976,685.5682373046875,HlangwineEP,2020-01-22,2020-01-25 08:49:59.070,08:49:59,79.5,21.58
937,543001.072,Flight1_cam1-002-000075-0,7210911.815927373,327199.5732638748,686.3863525390625,HlangwineEP,2020-01-22,2020-01-25 08:50:01.072,08:50:01,79.5,21.58
938,543003.208,Flight1_cam1-002-000076-0,7210926.190734379,327190.2936488992,687.354736328125,HlangwineEP,2020-01-22,2020-01-25 08:50:03.208,08:50:03,79.5,21.58
939,543005.61,Flight1_cam1-002-000077-0,7210942.385104917,327179.3992087679,688.29541015625,HlangwineEP,2020-01-22,2020-01-25 08:50:05.610,08:50:05,79.5,21.58
940,543007.078,Flight1_cam1-002-000078-0,7210951.535059871,327172.9507764537,688.9121704101562,HlangwineEP,2020-01-22,2020-01-25 08:50:07.078,08:50:07,79.5,21.58
941,543009.08,Flight1_cam1-002-000079-0,7210964.662064879,327164.0568785699,689.7351684570312,HlangwineEP,2020-01-22,2020-01-25 08:50:09.080,08:50:09,79.5,21.58
942,543011.082,Flight1_cam1-002-000080-0,7210978.210628203,327154.8638616319,690.4413452148438,HlangwineEP,2020-01-22,2020-01-25 08:50:11.082,08:50:11,79.5,21.58
943,543013.752,Flight1_cam1-002-000081-0,7210995.398016918,327143.19048881123,691.5771484375,HlangwineEP,2020-01-22,2020-01-25 08:50:13.752,08:50:13,79.5,21.58
944,543015.086,Flight1_cam1-002-000082-0,7211004.252167181,327137.10316171806,692.0671997070312,HlangwineEP,2020-01-22,2020-01-25 08:50:15.086,08:50:15,79.5,21.58
945,543017.088,Flight1_cam1-002-000083-0,7211017.7496426795,327128.42254826415,692.7123413085938,HlangwineEP,2020-01-22,2020-01-25 08:50:17.088,08:50:17,79.5,21.58
946,543019.09,Flight1_cam1-002-000084-0,7211030.897280939,327119.623153195,693.3428344726562,HlangwineEP,2020-01-22,2020-01-25 08:50:19.090,08:50:19,79.5,21.58
947,543021.226,Flight1_cam1-002-000085-0,7211044.835415821,327110.1521635363,694.0563354492188,HlangwineEP,2020-01-22,2020-01-25 08:50:21.226,08:50:21,79.5,21.58
948,543023.628,Flight1_cam1-002-000086-0,7211060.840721639,327099.4249713347,694.9503784179688,HlangwineEP,2020-01-22,2020-01-25 08:50:23.628,08:50:23,79.5,21.58
949,543025.096,Flight1_cam1-002-000087-0,7211070.215857063,327093.04154648416,695.5343627929688,HlangwineEP,2020-01-22,2020-01-25 08:50:25.096,08:50:25,79.5,21.58
950,543027.098,Flight1_cam1-002-000088-0,7211083.393342843,327084.09584627894,696.2656860351562,HlangwineEP,2020-01-22,2020-01-25 08:50:27.098,08:50:27,79.5,21.58
951,543029.1,Flight1_cam1-002-000089-0,7211096.756595474,327075.1193915402,696.76220703125,HlangwineEP,2020-01-22,2020-01-25 08:50:29.100,08:50:29,79.5,21.58
952,543031.769,Flight1_cam1-002-000090-0,7211114.374940904,327063.5935026172,697.4255981445312,HlangwineEP,2020-01-22,2020-01-25 08:50:31.769,08:50:31,79.5,21.58
953,543033.104,Flight1_cam1-002-000091-0,7211123.244747046,327057.63443119964,697.6227416992188,HlangwineEP,2020-01-22,2020-01-25 08:50:33.104,08:50:33,79.5,21.58
954,543035.106,Flight1_cam1-002-000092-0,7211136.546848733,327048.6374450988,698.2733764648438,HlangwineEP,2020-01-22,2020-01-25 08:50:35.106,08:50:35,79.5,21.58
955,543037.108,Flight1_cam1-002-000093-0,7211149.796510018,327039.67932117387,698.7982177734375,HlangwineEP,2020-01-22,2020-01-25 08:50:37.108,08:50:37,79.5,21.58
956,543039.11,Flight1_cam1-002-000094-0,7211163.107513581,327030.6178861443,699.43701171875,HlangwineEP,2020-01-22,2020-01-25 08:50:39.110,08:50:39,79.5,21.58
957,543041.646,Flight1_cam1-002-000095-0,7211179.878086493,327019.25700339896,699.9678955078125,HlangwineEP,2020-01-22,2020-01-25 08:50:41.646,08:50:41,79.5,21.58
958,543043.114,Flight1_cam1-002-000096-0,7211189.366584872,327012.89817356155,700.2445068359375,HlangwineEP,2020-01-22,2020-01-25 08:50:43.114,08:50:43,79.5,21.58
959,543045.116,Flight1_cam1-002-000097-0,7211202.810004207,327004.01855691144,700.5508422851562,HlangwineEP,2020-01-22,2020-01-25 08:50:45.116,08:50:45,79.5,21.58
960,543047.118,Flight1_cam1-002-000098-0,7211216.493834599,326994.8372090101,701.1459350585938,HlangwineEP,2020-01-22,2020-01-25 08:50:47.118,08:50:47,79.5,21.58
961,543049.654,Flight1_cam1-002-000099-0,7211232.812498783,326983.8588753995,701.7454833984375,HlangwineEP,2020-01-22,2020-01-25 08:50:49.654,08:50:49,79.5,21.58
962,543051.122,Flight1_cam1-002-000100-0,7211242.5861530695,326977.1067188411,702.1640625,HlangwineEP,2020-01-22,2020-01-25 08:50:51.122,08:50:51,79.5,21.58
963,543053.124,Flight1_cam1-002-000101-0,7211255.820134427,326968.16116486676,702.8848876953125,HlangwineEP,2020-01-22,2020-01-25 08:50:53.124,08:50:53,79.5,21.58
964,543055.126,Flight1_cam1-002-000102-0,7211268.911880486,326959.2203334678,703.4016723632812,HlangwineEP,2020-01-22,2020-01-25 08:50:55.126,08:50:55,79.5,21.58
965,543057.128,Flight1_cam1-002-000103-0,7211282.549629075,326950.3918699351,703.7804565429688,HlangwineEP,2020-01-22,2020-01-25 08:50:57.128,08:50:57,79.5,21.58
966,543059.664,Flight1_cam1-002-000104-0,7211299.254614747,326938.8927757545,704.349365234375,HlangwineEP,2020-01-22,2020-01-25 08:50:59.664,08:50:59,79.5,21.58
967,543061.132,Flight1_cam1-002-000105-0,7211308.684036331,326932.59591913316,704.822021484375,HlangwineEP,2020-01-22,2020-01-25 08:51:01.132,08:51:01,79.5,21.58
968,543063.134,Flight1_cam1-002-000106-0,7211321.952046345,326923.66581849835,705.1953125,HlangwineEP,2020-01-22,2020-01-25 08:51:03.134,08:51:03,79.5,21.58
969,543065.136,Flight1_cam1-002-000107-0,7211335.5764513835,326914.21452733123,705.692626953125,HlangwineEP,2020-01-22,2020-01-25 08:51:05.136,08:51:05,79.5,21.58
970,543067.672,Flight1_cam1-002-000108-0,7211352.45359288,326902.7451638323,706.36376953125,HlangwineEP,2020-01-22,2020-01-25 08:51:07.672,08:51:07,79.5,21.58
971,543069.14,Flight1_cam1-002-000109-0,7211361.925276625,326896.3746399189,706.646240234375,HlangwineEP,2020-01-22,2020-01-25 08:51:09.140,08:51:09,79.5,21.58
972,543071.142,Flight1_cam1-002-000110-0,7211375.032676729,326887.5267996476,707.0384521484375,HlangwineEP,2020-01-22,2020-01-25 08:51:11.142,08:51:11,79.5,21.58
973,543073.144,Flight1_cam1-002-000111-0,7211388.764647528,326878.31467612233,707.526123046875,HlangwineEP,2020-01-22,2020-01-25 08:51:13.144,08:51:13,79.5,21.58
974,543075.146,Flight1_cam1-002-000112-0,7211401.961152748,326869.4870940214,707.7754516601562,HlangwineEP,2020-01-22,2020-01-25 08:51:15.146,08:51:15,79.5,21.58
975,543077.548,Flight1_cam1-002-000113-0,7211417.795581791,326858.88352878205,708.3721313476562,HlangwineEP,2020-01-22,2020-01-25 08:51:17.548,08:51:17,79.5,21.58
976,543079.15,Flight1_cam1-002-000114-0,7211428.3834606465,326851.8207360521,708.5979614257812,HlangwineEP,2020-01-22,2020-01-25 08:51:19.150,08:51:19,79.5,21.58
977,543081.018,Flight1_cam1-002-000115-0,7211441.044512697,326843.40411445766,708.971435546875,HlangwineEP,2020-01-22,2020-01-25 08:51:21.018,08:51:21,79.5,21.58
978,543083.02,Flight1_cam1-002-000116-0,7211454.092519189,326834.4704332384,709.1981811523438,HlangwineEP,2020-01-22,2020-01-25 08:51:23.020,08:51:23,79.5,21.58
979,543085.69,Flight1_cam1-002-000117-0,7211471.960690736,326822.45384558913,709.759521484375,HlangwineEP,2020-01-22,2020-01-25 08:51:25.690,08:51:25,79.5,21.58
980,543087.158,Flight1_cam1-002-000118-0,7211481.28597097,326816.08199037483,710.0215454101562,HlangwineEP,2020-01-22,2020-01-25 08:51:27.158,08:51:27,79.5,21.58
981,543089.026,Flight1_cam1-002-000119-0,7211494.004043836,326807.61973942624,710.3857421875,HlangwineEP,2020-01-22,2020-01-25 08:51:29.026,08:51:29,79.5,21.58
982,543091.028,Flight1_cam1-002-000120-0,7211507.292997288,326798.83638504916,710.6857299804688,HlangwineEP,2020-01-22,2020-01-25 08:51:31.028,08:51:31,79.5,21.58
983,543093.164,Flight1_cam1-002-000121-0,7211521.54292923,326789.22686968616,711.2330322265625,HlangwineEP,2020-01-22,2020-01-25 08:51:33.164,08:51:33,79.5,21.58
984,543095.566,Flight1_cam1-002-000122-0,7211537.305526944,326778.56741585,711.5482177734375,HlangwineEP,2020-01-22,2020-01-25 08:51:35.566,08:51:35,79.5,21.58
985,543097.034,Flight1_cam1-002-000123-0,7211546.799148506,326772.0629995042,711.6383056640625,HlangwineEP,2020-01-22,2020-01-25 08:51:37.034,08:51:37,79.5,21.58
986,543099.036,Flight1_cam1-002-000124-0,7211560.551702039,326762.83264402556,711.7074584960938,HlangwineEP,2020-01-22,2020-01-25 08:51:39.036,08:51:39,79.5,21.58
987,543101.038,Flight1_cam1-002-000125-0,7211573.645857864,326754.12235463643,711.7225341796875,HlangwineEP,2020-01-22,2020-01-25 08:51:41.038,08:51:41,79.5,21.58
988,543103.708,Flight1_cam1-002-000126-0,7211591.525341588,326742.0736411053,711.6892700195312,HlangwineEP,2020-01-22,2020-01-25 08:51:43.708,08:51:43,79.5,21.58
989,543105.042,Flight1_cam1-002-000127-0,7211599.8118636105,326736.4646541282,711.5929565429688,HlangwineEP,2020-01-22,2020-01-25 08:51:45.042,08:51:45,79.5,21.58
990,543107.044,Flight1_cam1-002-000128-0,7211613.635791855,326727.15298586304,711.296630859375,HlangwineEP,2020-01-22,2020-01-25 08:51:47.044,08:51:47,79.5,21.58
991,543109.046,Flight1_cam1-002-000129-0,7211626.872532418,326718.25396372564,710.9165649414062,HlangwineEP,2020-01-22,2020-01-25 08:51:49.046,08:51:49,79.5,21.58
992,543111.182,Flight1_cam1-002-000130-0,7211640.700225885,326709.24367807485,710.4562377929688,HlangwineEP,2020-01-22,2020-01-25 08:51:51.182,08:51:51,79.5,21.58
993,543113.584,Flight1_cam1-002-000131-0,7211656.593932815,326698.426871584,709.8400268554688,HlangwineEP,2020-01-22,2020-01-25 08:51:53.584,08:51:53,79.5,21.58
994,543115.052,Flight1_cam1-002-000132-0,7211666.682759776,326691.43278441275,709.3302001953125,HlangwineEP,2020-01-22,2020-01-25 08:51:55.052,08:51:55,79.5,21.58
995,543117.054,Flight1_cam1-002-000133-0,7211679.924353214,326682.42549941124,708.7408447265625,HlangwineEP,2020-01-22,2020-01-25 08:51:57.054,08:51:57,79.5,21.58
996,543119.056,Flight1_cam1-002-000134-0,7211693.60875361,326673.637643335,707.9917602539062,HlangwineEP,2020-01-22,2020-01-25 08:51:59.056,08:51:59,79.5,21.58
997,543121.725,Flight1_cam1-002-000135-0,7211710.822570689,326661.8932057534,707.0208129882812,HlangwineEP,2020-01-22,2020-01-25 08:52:01.725,08:52:01,79.5,21.58
998,543123.06,Flight1_cam1-002-000136-0,7211719.626164596,326655.818460529,706.554931640625,HlangwineEP,2020-01-22,2020-01-25 08:52:03.060,08:52:03,79.5,21.58
999,543125.062,Flight1_cam1-002-000137-0,7211732.808263277,326646.81526650157,705.9627075195312,HlangwineEP,2020-01-22,2020-01-25 08:52:05.062,08:52:05,79.5,21.58
1000,543127.064,Flight1_cam1-002-000138-0,7211746.092518061,326637.9465683173,705.4120483398438,HlangwineEP,2020-01-22,2020-01-25 08:52:07.064,08:52:07,79.5,21.58
1001,543129.733,Flight1_cam1-002-000139-0,7211763.990292223,326627.0914928081,704.8541259765625,HlangwineEP,2020-01-22,2020-01-25 08:52:09.733,08:52:09,79.5,21.58
1002,543131.068,Flight1_cam1-002-000140-0,7211774.591638876,326624.5108585168,704.681396484375,HlangwineEP,2020-01-22,2020-01-25 08:52:11.068,08:52:11,79.5,21.58
1003,543133.07,Flight1_cam1-002-000141-0,7211790.37065406,326627.72418385884,704.427978515625,HlangwineEP,2020-01-22,2020-01-25 08:52:13.070,08:52:13,79.5,21.58
1004,543135.072,Flight1_cam1-002-000142-0,7211803.163356252,326638.2582257188,704.5849609375,HlangwineEP,2020-01-22,2020-01-25 08:52:15.072,08:52:15,79.5,21.58
1005,543137.207,Flight1_cam1-002-000143-0,7211812.927074553,326651.5433663723,704.7305908203125,HlangwineEP,2020-01-22,2020-01-25 08:52:17.207,08:52:17,79.5,21.58
1006,543139.61,Flight1_cam1-002-000144-0,7211823.7985169925,326664.72626517003,705.0624389648438,HlangwineEP,2020-01-22,2020-01-25 08:52:19.610,08:52:19,79.5,21.58
1007,543141.078,Flight1_cam1-002-000145-0,7211829.1656558355,326674.6753798459,705.3416748046875,HlangwineEP,2020-01-22,2020-01-25 08:52:21.078,08:52:21,79.5,21.58
1008,543143.08,Flight1_cam1-002-000146-0,7211829.520775652,326690.35252677137,705.6422119140625,HlangwineEP,2020-01-22,2020-01-25 08:52:23.080,08:52:23,79.5,21.58
1009,543145.082,Flight1_cam1-002-000147-0,7211820.303309571,326702.9718962534,705.9146728515625,HlangwineEP,2020-01-22,2020-01-25 08:52:25.082,08:52:25,79.5,21.58
1010,543147.751,Flight1_cam1-002-000148-0,7211802.9430563245,326713.70354459167,706.4151611328125,HlangwineEP,2020-01-22,2020-01-25 08:52:27.751,08:52:27,79.5,21.58
1011,543149.086,Flight1_cam1-002-000149-0,7211794.990023125,326718.55164242483,706.528076171875,HlangwineEP,2020-01-22,2020-01-25 08:52:29.086,08:52:29,79.5,21.58
1012,543151.088,Flight1_cam1-002-000150-0,7211783.779052571,326726.21689078707,706.8381958007812,HlangwineEP,2020-01-22,2020-01-25 08:52:31.088,08:52:31,79.5,21.58
1013,543153.09,Flight1_cam1-002-000151-0,7211771.589860667,326734.63728027826,707.1078491210938,HlangwineEP,2020-01-22,2020-01-25 08:52:33.090,08:52:33,79.5,21.58
1014,543155.225,Flight1_cam1-002-000152-0,7211757.592157595,326744.2522020341,707.4378662109375,HlangwineEP,2020-01-22,2020-01-25 08:52:35.225,08:52:35,79.5,21.58
1015,543157.628,Flight1_cam1-002-000153-0,7211741.794222722,326755.0336475279,707.8941650390625,HlangwineEP,2020-01-22,2020-01-25 08:52:37.628,08:52:37,79.5,21.58
1016,543159.096,Flight1_cam1-002-000154-0,7211732.255319398,326761.41028926836,708.1694946289062,HlangwineEP,2020-01-22,2020-01-25 08:52:39.096,08:52:39,79.5,21.58
1017,543161.098,Flight1_cam1-002-000155-0,7211719.232443937,326770.51476634387,708.4910888671875,HlangwineEP,2020-01-22,2020-01-25 08:52:41.098,08:52:41,79.5,21.58
1018,543163.1,Flight1_cam1-002-000156-0,7211706.065976348,326779.51020941895,708.865966796875,HlangwineEP,2020-01-22,2020-01-25 08:52:43.100,08:52:43,79.5,21.58
1019,543165.769,Flight1_cam1-002-000157-0,7211688.159942528,326791.48793668847,709.2684936523438,HlangwineEP,2020-01-22,2020-01-25 08:52:45.769,08:52:45,79.5,21.58
1020,543167.104,Flight1_cam1-002-000158-0,7211679.306353788,326797.41561834083,709.4813842773438,HlangwineEP,2020-01-22,2020-01-25 08:52:47.104,08:52:47,79.5,21.58
1021,543169.106,Flight1_cam1-002-000159-0,7211666.129425213,326806.0800823455,709.7994384765625,HlangwineEP,2020-01-22,2020-01-25 08:52:49.106,08:52:49,79.5,21.58
1022,543171.108,Flight1_cam1-002-000160-0,7211652.953474233,326814.92835771776,710.0139770507812,HlangwineEP,2020-01-22,2020-01-25 08:52:51.108,08:52:51,79.5,21.58
1023,543173.644,Flight1_cam1-002-000161-0,7211636.295279347,326826.3414740252,710.2681884765625,HlangwineEP,2020-01-22,2020-01-25 08:52:53.644,08:52:53,79.5,21.58
1024,543175.112,Flight1_cam1-002-000162-0,7211626.392186666,326833.0741282249,710.4097290039062,HlangwineEP,2020-01-22,2020-01-25 08:52:55.112,08:52:55,79.5,21.58
1025,543177.114,Flight1_cam1-002-000163-0,7211613.224530151,326841.99511922477,710.55224609375,HlangwineEP,2020-01-22,2020-01-25 08:52:57.114,08:52:57,79.5,21.58
1026,543181.652,Flight1_cam1-002-000164-0,7211583.168817605,326862.359441776,710.5005493164062,HlangwineEP,2020-01-22,2020-01-25 08:53:01.652,08:53:01,79.5,21.58
1027,543184.187,Flight1_cam1-002-000165-0,7211566.442531292,326873.4421654503,710.4439086914062,HlangwineEP,2020-01-22,2020-01-25 08:53:04.187,08:53:04,79.5,21.58
1028,543185.655,Flight1_cam1-002-000166-0,7211556.790168988,326879.7842042985,710.39599609375,HlangwineEP,2020-01-22,2020-01-25 08:53:05.655,08:53:05,79.5,21.58
1029,543187.524,Flight1_cam1-002-000167-0,7211544.080630056,326888.4326622777,710.211669921875,HlangwineEP,2020-01-22,2020-01-25 08:53:07.524,08:53:07,79.5,21.58
1030,543189.526,Flight1_cam1-002-000168-0,7211531.1076628985,326897.4018410122,709.8583984375,HlangwineEP,2020-01-22,2020-01-25 08:53:09.526,08:53:09,79.5,21.58
1031,543191.661,Flight1_cam1-002-000169-0,7211517.065815711,326907.0120047468,709.5125732421875,HlangwineEP,2020-01-22,2020-01-25 08:53:11.661,08:53:11,79.5,21.58
1032,543194.064,Flight1_cam1-002-000170-0,7211501.162414519,326917.5623863442,709.0518798828125,HlangwineEP,2020-01-22,2020-01-25 08:53:14.064,08:53:14,79.5,21.58
1033,543195.532,Flight1_cam1-002-000171-0,7211491.145035083,326924.2602800154,708.6652221679688,HlangwineEP,2020-01-22,2020-01-25 08:53:15.532,08:53:15,79.5,21.58
1034,543197.534,Flight1_cam1-002-000172-0,7211478.116815393,326933.1875343241,708.1298828125,HlangwineEP,2020-01-22,2020-01-25 08:53:17.534,08:53:17,79.5,21.58
1035,543199.536,Flight1_cam1-002-000173-0,7211464.845807015,326942.1644298468,707.494873046875,HlangwineEP,2020-01-22,2020-01-25 08:53:19.536,08:53:19,79.5,21.58
1036,543202.205,Flight1_cam1-002-000174-0,7211446.9966818215,326953.92255913885,706.6707763671875,HlangwineEP,2020-01-22,2020-01-25 08:53:22.205,08:53:22,79.5,21.58
1037,543203.54,Flight1_cam1-002-000175-0,7211438.047607436,326959.8886148816,706.3150634765625,HlangwineEP,2020-01-22,2020-01-25 08:53:23.540,08:53:23,79.5,21.58
1038,543205.542,Flight1_cam1-002-000176-0,7211424.903557871,326968.7874049088,705.5918579101562,HlangwineEP,2020-01-22,2020-01-25 08:53:25.542,08:53:25,79.5,21.58
1039,543207.544,Flight1_cam1-002-000177-0,7211411.730524917,326977.6463030933,704.9572143554688,HlangwineEP,2020-01-22,2020-01-25 08:53:27.544,08:53:27,79.5,21.58
1040,543209.679,Flight1_cam1-002-000178-0,7211397.606362511,326987.3844493112,704.3474731445312,HlangwineEP,2020-01-22,2020-01-25 08:53:29.679,08:53:29,79.5,21.58
1041,543212.082,Flight1_cam1-002-000179-0,7211381.325296199,326998.3367060153,703.6852416992188,HlangwineEP,2020-01-22,2020-01-25 08:53:32.082,08:53:32,79.5,21.58
1042,543213.55,Flight1_cam1-002-000180-0,7211371.762938647,327004.7134628574,703.3027954101562,HlangwineEP,2020-01-22,2020-01-25 08:53:33.550,08:53:33,79.5,21.58
1043,543215.552,Flight1_cam1-002-000181-0,7211358.5144181065,327013.53791246586,702.6025390625,HlangwineEP,2020-01-22,2020-01-25 08:53:35.552,08:53:35,79.5,21.58
1044,543217.554,Flight1_cam1-002-000182-0,7211345.352477629,327022.48520197254,702.0209350585938,HlangwineEP,2020-01-22,2020-01-25 08:53:37.554,08:53:37,79.5,21.58
1045,543220.223,Flight1_cam1-002-000183-0,7211327.445257233,327034.34761286643,701.2608642578125,HlangwineEP,2020-01-22,2020-01-25 08:53:40.223,08:53:40,79.5,21.58
1046,543221.558,Flight1_cam1-002-000184-0,7211318.494512999,327040.3759633016,700.86279296875,HlangwineEP,2020-01-22,2020-01-25 08:53:41.558,08:53:41,79.5,21.58
1047,543223.56,Flight1_cam1-002-000185-0,7211305.354852572,327049.3413586032,700.2579345703125,HlangwineEP,2020-01-22,2020-01-25 08:53:43.560,08:53:43,79.5,21.58
1048,543225.562,Flight1_cam1-002-000186-0,7211292.133534934,327058.1436875268,699.6289672851562,HlangwineEP,2020-01-22,2020-01-25 08:53:45.562,08:53:45,79.5,21.58
1049,543227.697,Flight1_cam1-002-000187-0,7211277.878891885,327067.5632792547,699.0468139648438,HlangwineEP,2020-01-22,2020-01-25 08:53:47.697,08:53:47,79.5,21.58
1050,543230.1,Flight1_cam1-002-000188-0,7211261.551794612,327078.62583585153,698.2874755859375,HlangwineEP,2020-01-22,2020-01-25 08:53:50.100,08:53:50,79.5,21.58
1051,543231.568,Flight1_cam1-002-000189-0,7211252.16728339,327085.0990316693,697.7612915039062,HlangwineEP,2020-01-22,2020-01-25 08:53:51.568,08:53:51,79.5,21.58
1052,543233.57,Flight1_cam1-002-000190-0,7211238.994724822,327093.9881528978,697.14306640625,HlangwineEP,2020-01-22,2020-01-25 08:53:53.570,08:53:53,79.5,21.58
1053,543235.572,Flight1_cam1-002-000191-0,7211225.813905431,327102.97325468046,696.5291748046875,HlangwineEP,2020-01-22,2020-01-25 08:53:55.572,08:53:55,79.5,21.58
1054,543238.241,Flight1_cam1-002-000192-0,7211207.820371148,327114.99378496886,695.7568359375,HlangwineEP,2020-01-22,2020-01-25 08:53:58.241,08:53:58,79.5,21.58
1055,543239.576,Flight1_cam1-002-000193-0,7211198.966664655,327120.96257740963,695.4349975585938,HlangwineEP,2020-01-22,2020-01-25 08:53:59.576,08:53:59,79.5,21.58
1056,543241.578,Flight1_cam1-002-000194-0,7211185.881660746,327129.83950455766,694.9620971679688,HlangwineEP,2020-01-22,2020-01-25 08:54:01.578,08:54:01,79.5,21.58
1057,543243.58,Flight1_cam1-002-000195-0,7211172.816735279,327138.69756680407,694.1986694335938,HlangwineEP,2020-01-22,2020-01-25 08:54:03.580,08:54:03,79.5,21.58
1058,543245.715,Flight1_cam1-002-000196-0,7211158.435101968,327148.41610167664,693.4935913085938,HlangwineEP,2020-01-22,2020-01-25 08:54:05.715,08:54:05,79.5,21.58
1059,543248.117,Flight1_cam1-002-000197-0,7211142.170159126,327159.3610606181,692.72412109375,HlangwineEP,2020-01-22,2020-01-25 08:54:08.117,08:54:08,79.5,21.58
1060,543249.586,Flight1_cam1-002-000198-0,7211132.721666053,327165.7263407658,692.2321166992188,HlangwineEP,2020-01-22,2020-01-25 08:54:09.586,08:54:09,79.5,21.58
1061,543251.588,Flight1_cam1-002-000199-0,7211119.547095319,327174.4536330153,691.6021728515625,HlangwineEP,2020-01-22,2020-01-25 08:54:11.588,08:54:11,79.5,21.58
1062,543253.59,Flight1_cam1-002-000200-0,7211106.380695171,327183.36779040867,691.0173950195312,HlangwineEP,2020-01-22,2020-01-25 08:54:13.590,08:54:13,79.5,21.58
1063,543256.259,Flight1_cam1-002-000201-0,7211088.516834211,327195.48106453835,690.0479736328125,HlangwineEP,2020-01-22,2020-01-25 08:54:16.259,08:54:16,79.5,21.58
1064,543257.594,Flight1_cam1-002-000202-0,7211079.576908703,327201.56781475246,689.5966186523438,HlangwineEP,2020-01-22,2020-01-25 08:54:17.594,08:54:17,79.5,21.58
1065,543259.596,Flight1_cam1-002-000203-0,7211066.434038775,327210.3399149359,688.8881225585938,HlangwineEP,2020-01-22,2020-01-25 08:54:19.596,08:54:19,79.5,21.58
1066,543261.598,Flight1_cam1-002-000204-0,7211053.281231808,327219.17388571054,688.2554931640625,HlangwineEP,2020-01-22,2020-01-25 08:54:21.598,08:54:21,79.5,21.58
1067,543264.133,Flight1_cam1-002-000205-0,7211036.435281908,327230.57219512574,687.4234008789062,HlangwineEP,2020-01-22,2020-01-25 08:54:24.133,08:54:24,79.5,21.58
1068,543265.601,Flight1_cam1-002-000206-0,7211026.497056998,327237.31008868164,686.9278564453125,HlangwineEP,2020-01-22,2020-01-25 08:54:25.601,08:54:25,79.5,21.58
1069,543267.603,Flight1_cam1-002-000207-0,7211013.333013721,327246.1334100462,686.2203979492188,HlangwineEP,2020-01-22,2020-01-25 08:54:27.603,08:54:27,79.5,21.58
1070,543269.605,Flight1_cam1-002-000208-0,7211000.091258826,327254.99748648715,685.4989624023438,HlangwineEP,2020-01-22,2020-01-25 08:54:29.605,08:54:29,79.5,21.58
1071,543271.607,Flight1_cam1-002-000209-0,7210986.9742860235,327263.89108166273,684.8306274414062,HlangwineEP,2020-01-22,2020-01-25 08:54:31.607,08:54:31,79.5,21.58
1072,543274.143,Flight1_cam1-002-000210-0,7210970.137230655,327275.30831318937,683.8110961914062,HlangwineEP,2020-01-22,2020-01-25 08:54:34.143,08:54:34,79.5,21.58
1073,543275.611,Flight1_cam1-002-000211-0,7210960.096168298,327282.036061364,683.182373046875,HlangwineEP,2020-01-22,2020-01-25 08:54:35.611,08:54:35,79.5,21.58
1074,543277.613,Flight1_cam1-002-000212-0,7210946.930021899,327290.7168231892,682.5237426757812,HlangwineEP,2020-01-22,2020-01-25 08:54:37.613,08:54:37,79.5,21.58
1075,543279.615,Flight1_cam1-002-000213-0,7210934.111434253,327299.5761087844,681.7715454101562,HlangwineEP,2020-01-22,2020-01-25 08:54:39.615,08:54:39,79.5,21.58
1076,543282.151,Flight1_cam1-002-000214-0,7210917.199697316,327310.78800378786,680.7490234375,HlangwineEP,2020-01-22,2020-01-25 08:54:42.151,08:54:42,79.5,21.58
1077,543283.619,Flight1_cam1-002-000215-0,7210907.149490424,327317.5679234904,680.1246337890625,HlangwineEP,2020-01-22,2020-01-25 08:54:43.619,08:54:43,79.5,21.58
1078,543285.621,Flight1_cam1-002-000216-0,7210893.925719008,327326.46274923626,679.3240356445312,HlangwineEP,2020-01-22,2020-01-25 08:54:45.621,08:54:45,79.5,21.58
1079,543287.623,Flight1_cam1-002-000217-0,7210881.101170367,327335.3971927868,678.6161499023438,HlangwineEP,2020-01-22,2020-01-25 08:54:47.623,08:54:47,79.5,21.58
1080,543290.159,Flight1_cam1-002-000218-0,7210864.858568123,327347.4473014169,677.5321044921875,HlangwineEP,2020-01-22,2020-01-25 08:54:50.159,08:54:50,79.5,21.58
1081,543291.627,Flight1_cam1-002-000219-0,7210857.185784735,327353.93988316646,676.8667602539062,HlangwineEP,2020-01-22,2020-01-25 08:54:51.627,08:54:51,79.5,21.58
1082,543293.629,Flight1_cam1-002-000220-0,7210856.401455059,327357.41437168926,676.4879150390625,HlangwineEP,2020-01-22,2020-01-25 08:54:53.629,08:54:53,79.5,21.58
1083,543295.631,Flight1_cam1-002-000221-0,7210864.45585838,327354.32105885923,676.4998168945312,HlangwineEP,2020-01-22,2020-01-25 08:54:55.631,08:54:55,79.5,21.58
1084,543297.633,Flight1_cam1-002-000222-0,7210878.832756614,327346.63551525737,677.0223388671875,HlangwineEP,2020-01-22,2020-01-25 08:54:57.633,08:54:57,79.5,21.58
1085,543300.169,Flight1_cam1-002-000223-0,7210896.006220035,327337.2103496598,677.7581176757812,HlangwineEP,2020-01-22,2020-01-25 08:55:00.169,08:55:00,79.5,21.58
1086,543301.637,Flight1_cam1-002-000224-0,7210904.030602643,327333.1201010932,678.0707397460938,HlangwineEP,2020-01-22,2020-01-25 08:55:01.637,08:55:01,79.5,21.58
1087,543303.639,Flight1_cam1-002-000225-0,7210916.138365984,327327.4753727576,678.6168212890625,HlangwineEP,2020-01-22,2020-01-25 08:55:03.639,08:55:03,79.5,21.58
1088,543305.641,Flight1_cam1-002-000226-0,7210930.352270711,327320.5587155472,679.3670654296875,HlangwineEP,2020-01-22,2020-01-25 08:55:05.641,08:55:05,79.5,21.58
1089,543308.177,Flight1_cam1-002-000227-0,7210948.443070555,327311.3819029749,680.212890625,HlangwineEP,2020-01-22,2020-01-25 08:55:08.177,08:55:08,79.5,21.58
1090,543309.645,Flight1_cam1-002-000228-0,7210959.218748452,327305.9732772695,680.74560546875,HlangwineEP,2020-01-22,2020-01-25 08:55:09.645,08:55:09,79.5,21.58
1091,543311.647,Flight1_cam1-002-000229-0,7210973.346946124,327298.88388493157,681.3766479492188,HlangwineEP,2020-01-22,2020-01-25 08:55:11.647,08:55:11,79.5,21.58
1092,543313.649,Flight1_cam1-002-000230-0,7210987.246530305,327291.5611689943,682.023193359375,HlangwineEP,2020-01-22,2020-01-25 08:55:13.649,08:55:13,79.5,21.58
1093,543315.651,Flight1_cam1-002-000231-0,7211001.064321675,327284.16341484926,682.6159057617188,HlangwineEP,2020-01-22,2020-01-25 08:55:15.651,08:55:15,79.5,21.58
1094,543318.053,Flight1_cam1-002-000232-0,7211018.621063084,327275.23727346375,683.3568725585938,HlangwineEP,2020-01-22,2020-01-25 08:55:18.053,08:55:18,79.5,21.58
1095,543319.655,Flight1_cam1-002-000233-0,7211029.864363239,327269.6189814971,683.7651977539062,HlangwineEP,2020-01-22,2020-01-25 08:55:19.655,08:55:19,79.5,21.58
1096,543321.657,Flight1_cam1-002-000234-0,7211043.98262547,327262.58743818966,684.3361206054688,HlangwineEP,2020-01-22,2020-01-25 08:55:21.657,08:55:21,79.5,21.58
1097,543323.526,Flight1_cam1-002-000235-0,7211057.581011934,327255.5460554436,684.8778076171875,HlangwineEP,2020-01-22,2020-01-25 08:55:23.526,08:55:23,79.5,21.58
1098,543326.195,Flight1_cam1-002-000236-0,7211076.160633633,327246.09617578506,685.5581665039062,HlangwineEP,2020-01-22,2020-01-25 08:55:26.195,08:55:26,79.5,21.58
1099,543327.53,Flight1_cam1-002-000237-0,7211085.666912798,327241.098663156,685.9030151367188,HlangwineEP,2020-01-22,2020-01-25 08:55:27.530,08:55:27,79.5,21.58
1100,543329.532,Flight1_cam1-002-000238-0,7211099.672044038,327233.81099001365,686.4878540039062,HlangwineEP,2020-01-22,2020-01-25 08:55:29.532,08:55:29,79.5,21.58
1101,543331.534,Flight1_cam1-002-000239-0,7211114.416629406,327226.23126993154,687.0518188476562,HlangwineEP,2020-01-22,2020-01-25 08:55:31.534,08:55:31,79.5,21.58
1102,543334.203,Flight1_cam1-002-000240-0,7211133.0735839605,327216.6391215024,687.6776123046875,HlangwineEP,2020-01-22,2020-01-25 08:55:34.203,08:55:34,79.5,21.58
1103,543335.538,Flight1_cam1-002-000241-0,7211142.672601751,327211.7906555201,687.9898681640625,HlangwineEP,2020-01-22,2020-01-25 08:55:35.538,08:55:35,79.5,21.58
1104,543337.54,Flight1_cam1-002-000242-0,7211156.738765437,327204.75095739146,688.5508422851562,HlangwineEP,2020-01-22,2020-01-25 08:55:37.540,08:55:37,79.5,21.58
1105,543339.541,Flight1_cam1-002-000243-0,7211170.893111015,327197.5727601304,689.0215454101562,HlangwineEP,2020-01-22,2020-01-25 08:55:39.541,08:55:39,79.5,21.58
1106,543341.677,Flight1_cam1-002-000244-0,7211186.213264518,327189.84953647375,689.5126342773438,HlangwineEP,2020-01-22,2020-01-25 08:55:41.677,08:55:41,79.5,21.58
1107,543344.079,Flight1_cam1-002-000245-0,7211203.761504161,327180.9495321738,690.2015380859375,HlangwineEP,2020-01-22,2020-01-25 08:55:44.079,08:55:44,79.5,21.58
1108,543345.547,Flight1_cam1-002-000246-0,7211213.875567377,327175.8972624073,690.5958862304688,HlangwineEP,2020-01-22,2020-01-25 08:55:45.547,08:55:45,79.5,21.58
1109,543347.549,Flight1_cam1-002-000247-0,7211227.988036604,327168.4406219792,691.16748046875,HlangwineEP,2020-01-22,2020-01-25 08:55:47.549,08:55:47,79.5,21.58
1110,543349.551,Flight1_cam1-002-000248-0,7211242.903095383,327160.9523170925,691.73486328125,HlangwineEP,2020-01-22,2020-01-25 08:55:49.551,08:55:49,79.5,21.58
1111,543352.221,Flight1_cam1-002-000249-0,7211261.462491645,327151.5571678613,692.42626953125,HlangwineEP,2020-01-22,2020-01-25 08:55:52.221,08:55:52,79.5,21.58
1112,543353.555,Flight1_cam1-002-000250-0,7211270.932383459,327146.5581921281,692.8102416992188,HlangwineEP,2020-01-22,2020-01-25 08:55:53.555,08:55:53,79.5,21.58
1113,543355.557,Flight1_cam1-002-000251-0,7211285.055640523,327139.16373893776,693.3816528320312,HlangwineEP,2020-01-22,2020-01-25 08:55:55.557,08:55:55,79.5,21.58
1114,543357.559,Flight1_cam1-002-000252-0,7211299.277379718,327131.99363314477,693.9420166015625,HlangwineEP,2020-01-22,2020-01-25 08:55:57.559,08:55:57,79.5,21.58
1115,543359.695,Flight1_cam1-002-000253-0,7211314.729945311,327124.20606858016,694.5213012695312,HlangwineEP,2020-01-22,2020-01-25 08:55:59.695,08:55:59,79.5,21.58
1116,543362.097,Flight1_cam1-002-000254-0,7211332.183486324,327115.19643069815,695.14794921875,HlangwineEP,2020-01-22,2020-01-25 08:56:02.097,08:56:02,79.5,21.58
1117,543363.565,Flight1_cam1-002-000255-0,7211342.318726189,327110.02206643904,695.5308837890625,HlangwineEP,2020-01-22,2020-01-25 08:56:03.565,08:56:03,79.5,21.58
1118,543365.567,Flight1_cam1-002-000256-0,7211356.295637371,327102.7173213218,696.0215454101562,HlangwineEP,2020-01-22,2020-01-25 08:56:05.567,08:56:05,79.5,21.58
1119,543367.569,Flight1_cam1-002-000257-0,7211370.954769045,327095.2743428099,696.5484008789062,HlangwineEP,2020-01-22,2020-01-25 08:56:07.569,08:56:07,79.5,21.58
1120,543370.239,Flight1_cam1-002-000258-0,7211389.343371247,327085.7410962982,697.3049926757812,HlangwineEP,2020-01-22,2020-01-25 08:56:10.239,08:56:10,79.5,21.58
1121,543371.573,Flight1_cam1-002-000259-0,7211399.013568077,327080.81365673733,697.5985717773438,HlangwineEP,2020-01-22,2020-01-25 08:56:11.573,08:56:11,79.5,21.58
1122,543373.575,Flight1_cam1-002-000260-0,7211413.328518145,327073.7578636367,698.1057739257812,HlangwineEP,2020-01-22,2020-01-25 08:56:13.575,08:56:13,79.5,21.58
1123,543375.577,Flight1_cam1-002-000261-0,7211427.91529514,327066.33567456936,698.6892700195312,HlangwineEP,2020-01-22,2020-01-25 08:56:15.577,08:56:15,79.5,21.58
1124,543377.713,Flight1_cam1-002-000262-0,7211442.3941737935,327058.4875044337,699.181396484375,HlangwineEP,2020-01-22,2020-01-25 08:56:17.713,08:56:17,79.5,21.58
1125,543380.115,Flight1_cam1-002-000263-0,7211459.700990743,327049.08446749696,699.6549682617188,HlangwineEP,2020-01-22,2020-01-25 08:56:20.115,08:56:20,79.5,21.58
1126,543381.583,Flight1_cam1-002-000264-0,7211469.72392761,327043.49538284226,699.9608764648438,HlangwineEP,2020-01-22,2020-01-25 08:56:21.583,08:56:21,79.5,21.58
1127,543383.585,Flight1_cam1-002-000265-0,7211483.576465414,327035.7538289174,700.3380737304688,HlangwineEP,2020-01-22,2020-01-25 08:56:23.585,08:56:23,79.5,21.58
1128,543385.587,Flight1_cam1-002-000266-0,7211497.93181814,327027.61655498744,700.8140258789062,HlangwineEP,2020-01-22,2020-01-25 08:56:25.587,08:56:25,79.5,21.58
1129,543388.256,Flight1_cam1-002-000267-0,7211516.049332872,327017.16452254914,701.4141845703125,HlangwineEP,2020-01-22,2020-01-25 08:56:28.256,08:56:28,79.5,21.58
1130,543389.591,Flight1_cam1-002-000268-0,7211525.440577282,327011.5677306006,701.6174926757812,HlangwineEP,2020-01-22,2020-01-25 08:56:29.591,08:56:29,79.5,21.58
1131,543391.593,Flight1_cam1-002-000269-0,7211538.882197893,327003.17297773634,702.1022338867188,HlangwineEP,2020-01-22,2020-01-25 08:56:31.593,08:56:31,79.5,21.58
1132,543393.595,Flight1_cam1-002-000270-0,7211552.998784823,326994.7549121119,702.5473022460938,HlangwineEP,2020-01-22,2020-01-25 08:56:33.595,08:56:33,79.5,21.58
1133,543395.597,Flight1_cam1-002-000271-0,7211566.4688887065,326986.5515282827,702.9437255859375,HlangwineEP,2020-01-22,2020-01-25 08:56:35.597,08:56:35,79.5,21.58
1134,543398.133,Flight1_cam1-002-000272-0,7211583.79193596,326975.64837607706,703.4244384765625,HlangwineEP,2020-01-22,2020-01-25 08:56:38.133,08:56:38,79.5,21.58
1135,543399.601,Flight1_cam1-002-000273-0,7211593.344276462,326969.4373056187,703.6703491210938,HlangwineEP,2020-01-22,2020-01-25 08:56:39.601,08:56:39,79.5,21.58
1136,543401.603,Flight1_cam1-002-000274-0,7211606.520776976,326960.655297091,704.122802734375,HlangwineEP,2020-01-22,2020-01-25 08:56:41.603,08:56:41,79.5,21.58
1137,543403.605,Flight1_cam1-002-000275-0,7211620.304951999,326951.5458307654,704.511962890625,HlangwineEP,2020-01-22,2020-01-25 08:56:43.605,08:56:43,79.5,21.58
1138,543406.274,Flight1_cam1-002-000276-0,7211637.699899399,326939.8466218329,704.9375610351562,HlangwineEP,2020-01-22,2020-01-25 08:56:46.274,08:56:46,79.5,21.58
1139,543407.609,Flight1_cam1-002-000277-0,7211646.694332573,326933.86423095706,705.1505737304688,HlangwineEP,2020-01-22,2020-01-25 08:56:47.609,08:56:47,79.5,21.58
1140,543409.611,Flight1_cam1-002-000278-0,7211659.696755255,326924.94445755525,705.5476684570312,HlangwineEP,2020-01-22,2020-01-25 08:56:49.611,08:56:49,79.5,21.58
1141,543411.613,Flight1_cam1-002-000279-0,7211673.525973335,326915.703246524,705.90625,HlangwineEP,2020-01-22,2020-01-25 08:56:51.613,08:56:51,79.5,21.58
1142,543413.615,Flight1_cam1-002-000280-0,7211686.850816758,326906.9187485302,706.1777954101562,HlangwineEP,2020-01-22,2020-01-25 08:56:53.615,08:56:53,79.5,21.58
1143,543416.151,Flight1_cam1-002-000281-0,7211703.514332555,326895.7343305849,706.4959106445312,HlangwineEP,2020-01-22,2020-01-25 08:56:56.151,08:56:56,79.5,21.58
1144,543417.619,Flight1_cam1-002-000282-0,7211712.941964359,326889.2694068845,706.6734008789062,HlangwineEP,2020-01-22,2020-01-25 08:56:57.619,08:56:57,79.5,21.58
1145,543419.621,Flight1_cam1-002-000283-0,7211726.043144086,326880.41227615264,706.9053344726562,HlangwineEP,2020-01-22,2020-01-25 08:56:59.621,08:56:59,79.5,21.58
1146,543421.623,Flight1_cam1-002-000284-0,7211739.803008529,326871.08052689815,707.1785888671875,HlangwineEP,2020-01-22,2020-01-25 08:57:01.623,08:57:01,79.5,21.58
1147,543424.159,Flight1_cam1-002-000285-0,7211756.558470389,326859.8849979394,707.6559448242188,HlangwineEP,2020-01-22,2020-01-25 08:57:04.159,08:57:04,79.5,21.58
1148,543425.627,Flight1_cam1-002-000286-0,7211766.014346255,326853.5159483149,707.8258056640625,HlangwineEP,2020-01-22,2020-01-25 08:57:05.627,08:57:05,79.5,21.58
1149,543427.629,Flight1_cam1-002-000287-0,7211779.086573573,326844.5220142397,708.0404052734375,HlangwineEP,2020-01-22,2020-01-25 08:57:07.629,08:57:07,79.5,21.58
1150,543429.631,Flight1_cam1-002-000288-0,7211792.754797035,326835.2914963183,708.1314697265625,HlangwineEP,2020-01-22,2020-01-25 08:57:09.631,08:57:09,79.5,21.58
1151,543432.167,Flight1_cam1-002-000289-0,7211809.399494933,326823.86864593136,707.8099975585938,HlangwineEP,2020-01-22,2020-01-25 08:57:12.167,08:57:12,79.5,21.58
1152,543433.635,Flight1_cam1-002-000290-0,7211818.697722559,326817.40160635294,707.5079956054688,HlangwineEP,2020-01-22,2020-01-25 08:57:13.635,08:57:13,79.5,21.58
1153,543435.637,Flight1_cam1-002-000291-0,7211831.652350524,326808.8662926542,707.4096069335938,HlangwineEP,2020-01-22,2020-01-25 08:57:15.637,08:57:15,79.5,21.58
1154,543437.639,Flight1_cam1-002-000292-0,7211845.037339237,326800.03860070754,707.1967163085938,HlangwineEP,2020-01-22,2020-01-25 08:57:17.639,08:57:17,79.5,21.58
1155,543440.175,Flight1_cam1-002-000293-0,7211861.955561494,326788.9598308075,706.6727905273438,HlangwineEP,2020-01-22,2020-01-25 08:57:20.175,08:57:20,79.5,21.58
1156,543441.643,Flight1_cam1-002-000294-0,7211871.877308058,326782.14707351394,706.4035034179688,HlangwineEP,2020-01-22,2020-01-25 08:57:21.643,08:57:21,79.5,21.58
1157,543443.645,Flight1_cam1-002-000295-0,7211879.216257878,326777.21012619376,706.3179931640625,HlangwineEP,2020-01-22,2020-01-25 08:57:23.645,08:57:23,79.5,21.58
1158,543445.647,Flight1_cam1-002-000296-0,7211883.790316548,326773.82363236346,706.1515502929688,HlangwineEP,2020-01-22,2020-01-25 08:57:25.647,08:57:25,79.5,21.58
1159,543447.649,Flight1_cam1-002-000297-0,7211890.386440533,326767.9889473826,706.3399658203125,HlangwineEP,2020-01-22,2020-01-25 08:57:27.649,08:57:27,79.5,21.58
1160,543450.185,Flight1_cam1-002-000298-0,7211900.357932541,326761.16137847654,706.3352661132812,HlangwineEP,2020-01-22,2020-01-25 08:57:30.185,08:57:30,79.5,21.58
1161,543451.653,Flight1_cam1-002-000299-0,7211906.6039041,326761.32505687815,706.2669067382812,HlangwineEP,2020-01-22,2020-01-25 08:57:31.653,08:57:31,79.5,21.58
1162,543454.055,Flight1_cam1-002-000300-0,7211911.35305731,326772.2785207546,706.1382446289062,HlangwineEP,2020-01-22,2020-01-25 08:57:34.055,08:57:34,79.5,21.58
1163,543455.657,Flight1_cam1-002-000301-0,7211907.726299455,326783.2682091582,706.0952758789062,HlangwineEP,2020-01-22,2020-01-25 08:57:35.657,08:57:35,79.5,21.58
1164,543457.926,Flight1_cam1-002-000302-0,7211892.9213238135,326796.5848855055,706.11279296875,HlangwineEP,2020-01-22,2020-01-25 08:57:37.926,08:57:37,79.5,21.58
1165,543459.661,Flight1_cam1-002-000303-0,7211878.869528517,326806.51479960943,706.0983276367188,HlangwineEP,2020-01-22,2020-01-25 08:57:39.661,08:57:39,79.5,21.58
1166,543461.529,Flight1_cam1-002-000304-0,7211860.084762843,326818.2594481064,706.0336303710938,HlangwineEP,2020-01-22,2020-01-25 08:57:41.529,08:57:41,79.5,21.58
1167,543463.531,Flight1_cam1-002-000305-0,7211837.910057261,326831.2354953603,706.00146484375,HlangwineEP,2020-01-22,2020-01-25 08:57:43.531,08:57:43,79.5,21.58
1168,543466.2,Flight1_cam1-002-000306-0,7211811.268002652,326846.5284399593,706.0672607421875,HlangwineEP,2020-01-22,2020-01-25 08:57:46.200,08:57:46,79.5,21.58
1169,543467.535,Flight1_cam1-002-000307-0,7211798.007514119,326854.0902677257,706.1284790039062,HlangwineEP,2020-01-22,2020-01-25 08:57:47.535,08:57:47,79.5,21.58
1170,543469.537,Flight1_cam1-002-000308-0,7211779.6854316965,326866.22822503786,706.09765625,HlangwineEP,2020-01-22,2020-01-25 08:57:49.537,08:57:49,79.5,21.58
1171,543471.539,Flight1_cam1-002-000309-0,7211761.211330426,326878.863209543,706.0234985351562,HlangwineEP,2020-01-22,2020-01-25 08:57:51.539,08:57:51,79.5,21.58
1172,543473.675,Flight1_cam1-002-000310-0,7211743.882056301,326891.91866093036,705.9969482421875,HlangwineEP,2020-01-22,2020-01-25 08:57:53.675,08:57:53,79.5,21.58
1173,543476.077,Flight1_cam1-002-000311-0,7211734.759642966,326900.82465479174,705.845947265625,HlangwineEP,2020-01-22,2020-01-25 08:57:56.077,08:57:56,79.5,21.58
1174,543477.545,Flight1_cam1-002-000312-0,7211733.187155337,326901.88355333736,705.82666015625,HlangwineEP,2020-01-22,2020-01-25 08:57:57.545,08:57:57,79.5,21.58
1175,543480.882,Flight1_cam1-002-000313-0,7211730.783705727,326891.3239215365,705.84423828125,HlangwineEP,2020-01-22,2020-01-25 08:58:00.882,08:58:00,79.5,21.58
1176,543481.549,Flight1_cam1-002-000314-0,7211729.188194789,326886.8613428248,705.8258666992188,HlangwineEP,2020-01-22,2020-01-25 08:58:01.549,08:58:01,79.5,21.58
1177,543483.551,Flight1_cam1-002-000315-0,7211723.102379276,326872.4045001345,705.8592529296875,HlangwineEP,2020-01-22,2020-01-25 08:58:03.551,08:58:03,79.5,21.58
1178,543485.553,Flight1_cam1-002-000316-0,7211714.653161706,326856.98770631326,706.0064086914062,HlangwineEP,2020-01-22,2020-01-25 08:58:05.553,08:58:05,79.5,21.58
1179,543487.555,Flight1_cam1-002-000317-0,7211704.994319298,326841.8947460887,705.91845703125,HlangwineEP,2020-01-22,2020-01-25 08:58:07.555,08:58:07,79.5,21.58
1180,543490.224,Flight1_cam1-002-000318-0,7211691.693432478,326822.2483146201,705.9283447265625,HlangwineEP,2020-01-22,2020-01-25 08:58:10.224,08:58:10,79.5,21.58
1181,543491.559,Flight1_cam1-002-000319-0,7211684.433886192,326813.0049172585,705.9927978515625,HlangwineEP,2020-01-22,2020-01-25 08:58:11.559,08:58:11,79.5,21.58
1182,543493.561,Flight1_cam1-002-000320-0,7211673.723262114,326800.08070418495,706.2084350585938,HlangwineEP,2020-01-22,2020-01-25 08:58:13.561,08:58:13,79.5,21.58
1183,543495.563,Flight1_cam1-002-000321-0,7211663.182713319,326787.7005596586,706.1727905273438,HlangwineEP,2020-01-22,2020-01-25 08:58:15.563,08:58:15,79.5,21.58
1184,543497.698,Flight1_cam1-002-000322-0,7211652.397519441,326774.5777807778,706.0972900390625,HlangwineEP,2020-01-22,2020-01-25 08:58:17.698,08:58:17,79.5,21.58
1185,543500.101,Flight1_cam1-002-000323-0,7211640.017669414,326759.69226122426,706.029541015625,HlangwineEP,2020-01-22,2020-01-25 08:58:20.101,08:58:20,79.5,21.58
1186,543501.569,Flight1_cam1-002-000324-0,7211632.377024521,326751.0774752497,705.9276733398438,HlangwineEP,2020-01-22,2020-01-25 08:58:21.569,08:58:21,79.5,21.58
1187,543503.571,Flight1_cam1-002-000325-0,7211621.515585338,326739.1305153634,705.9017944335938,HlangwineEP,2020-01-22,2020-01-25 08:58:23.571,08:58:23,79.5,21.58
1188,543505.573,Flight1_cam1-002-000326-0,7211610.912756177,326727.27824283345,706.009765625,HlangwineEP,2020-01-22,2020-01-25 08:58:25.573,08:58:25,79.5,21.58
1189,543508.242,Flight1_cam1-002-000327-0,7211596.810926061,326710.80508696975,706.0087890625,HlangwineEP,2020-01-22,2020-01-25 08:58:28.242,08:58:28,79.5,21.58
1190,543509.577,Flight1_cam1-002-000328-0,7211589.808349909,326702.66151554766,706.1312866210938,HlangwineEP,2020-01-22,2020-01-25 08:58:29.577,08:58:29,79.5,21.58
1191,543511.579,Flight1_cam1-002-000329-0,7211579.178983527,326690.84086083045,706.0847778320312,HlangwineEP,2020-01-22,2020-01-25 08:58:31.579,08:58:31,79.5,21.58
1192,543513.581,Flight1_cam1-002-000330-0,7211568.438205145,326678.746662632,706.1121215820312,HlangwineEP,2020-01-22,2020-01-25 08:58:33.581,08:58:33,79.5,21.58
1193,543515.716,Flight1_cam1-002-000331-0,7211556.983500011,326665.19877011504,706.025390625,HlangwineEP,2020-01-22,2020-01-25 08:58:35.716,08:58:35,79.5,21.58
1194,543518.119,Flight1_cam1-002-000332-0,7211543.447116255,326650.0744038057,705.8926391601562,HlangwineEP,2020-01-22,2020-01-25 08:58:38.119,08:58:38,79.5,21.58
1195,543519.587,Flight1_cam1-002-000333-0,7211535.89392256,326641.1355100249,705.8410034179688,HlangwineEP,2020-01-22,2020-01-25 08:58:39.587,08:58:39,79.5,21.58
1196,543521.589,Flight1_cam1-002-000334-0,7211525.279789548,326629.1445279769,705.829345703125,HlangwineEP,2020-01-22,2020-01-25 08:58:41.589,08:58:41,79.5,21.58
1197,543523.591,Flight1_cam1-002-000335-0,7211514.5779474,326617.15055877075,705.8973999023438,HlangwineEP,2020-01-22,2020-01-25 08:58:43.591,08:58:43,79.5,21.58
1198,543526.26,Flight1_cam1-002-000336-0,7211500.007513126,326600.95301237947,705.85546875,HlangwineEP,2020-01-22,2020-01-25 08:58:46.260,08:58:46,79.5,21.58
1199,543527.595,Flight1_cam1-002-000337-0,7211492.768004039,326592.85921935155,705.917236328125,HlangwineEP,2020-01-22,2020-01-25 08:58:47.595,08:58:47,79.5,21.58
1200,543529.597,Flight1_cam1-002-000338-0,7211482.223614567,326580.8355231603,705.8954467773438,HlangwineEP,2020-01-22,2020-01-25 08:58:49.597,08:58:49,79.5,21.58
1201,543531.599,Flight1_cam1-002-000339-0,7211472.088958191,326568.97547352273,705.787841796875,HlangwineEP,2020-01-22,2020-01-25 08:58:51.599,08:58:51,79.5,21.58
1202,543533.601,Flight1_cam1-002-000340-0,7211461.172189939,326557.027949271,705.7833862304688,HlangwineEP,2020-01-22,2020-01-25 08:58:53.601,08:58:53,79.5,21.58
1203,543536.137,Flight1_cam1-002-000341-0,7211447.815439282,326542.29778408736,705.7484130859375,HlangwineEP,2020-01-22,2020-01-25 08:58:56.137,08:58:56,79.5,21.58
1204,543537.605,Flight1_cam1-002-000342-0,7211440.319836624,326533.8980945201,705.77099609375,HlangwineEP,2020-01-22,2020-01-25 08:58:57.605,08:58:57,79.5,21.58
1205,543539.607,Flight1_cam1-002-000343-0,7211429.8145154305,326522.09571012756,705.8612670898438,HlangwineEP,2020-01-22,2020-01-25 08:58:59.607,08:58:59,79.5,21.58
1206,543541.609,Flight1_cam1-002-000344-0,7211419.5870849155,326509.8819052755,705.9579467773438,HlangwineEP,2020-01-22,2020-01-25 08:59:01.609,08:59:01,79.5,21.58
1207,543544.144,Flight1_cam1-002-000345-0,7211406.389173795,326494.47249254386,706.0421142578125,HlangwineEP,2020-01-22,2020-01-25 08:59:04.144,08:59:04,79.5,21.58
1208,543545.613,Flight1_cam1-002-000346-0,7211398.340303479,326485.45613678114,705.977294921875,HlangwineEP,2020-01-22,2020-01-25 08:59:05.613,08:59:05,79.5,21.58
1209,543547.615,Flight1_cam1-002-000347-0,7211387.967786448,326473.40536815464,705.8328857421875,HlangwineEP,2020-01-22,2020-01-25 08:59:07.615,08:59:07,79.5,21.58
1210,543549.617,Flight1_cam1-002-000348-0,7211377.749726418,326461.27316293784,705.89990234375,HlangwineEP,2020-01-22,2020-01-25 08:59:09.617,08:59:09,79.5,21.58
1211,543551.619,Flight1_cam1-002-000349-0,7211366.928574493,326448.79697234835,705.8349609375,HlangwineEP,2020-01-22,2020-01-25 08:59:11.619,08:59:11,79.5,21.58
1212,543554.154,Flight1_cam1-002-000350-0,7211353.541914087,326433.65031719045,705.90234375,HlangwineEP,2020-01-22,2020-01-25 08:59:14.154,08:59:14,79.5,21.58
1213,543555.623,Flight1_cam1-002-000351-0,7211346.012582212,326424.82101729605,705.664306640625,HlangwineEP,2020-01-22,2020-01-25 08:59:15.623,08:59:15,79.5,21.58
1214,543557.625,Flight1_cam1-002-000352-0,7211335.871661843,326412.58713339176,705.455078125,HlangwineEP,2020-01-22,2020-01-25 08:59:17.625,08:59:17,79.5,21.58
1215,543559.626,Flight1_cam1-002-000353-0,7211325.346714088,326400.0247927244,705.4892578125,HlangwineEP,2020-01-22,2020-01-25 08:59:19.626,08:59:19,79.5,21.58
1216,543562.162,Flight1_cam1-002-000354-0,7211312.452508416,326384.77345684695,705.6307373046875,HlangwineEP,2020-01-22,2020-01-25 08:59:22.162,08:59:22,79.5,21.58
1217,543563.63,Flight1_cam1-002-000355-0,7211304.912767434,326376.09814384166,705.6653442382812,HlangwineEP,2020-01-22,2020-01-25 08:59:23.630,08:59:23,79.5,21.58
1218,543565.632,Flight1_cam1-002-000356-0,7211294.1599617945,326364.1848092015,705.6401977539062,HlangwineEP,2020-01-22,2020-01-25 08:59:25.632,08:59:25,79.5,21.58
1219,543567.634,Flight1_cam1-002-000357-0,7211283.4039797895,326352.1671950683,705.6258544921875,HlangwineEP,2020-01-22,2020-01-25 08:59:27.634,08:59:27,79.5,21.58
1220,543570.437,Flight1_cam1-002-000358-0,7211267.066913602,326334.3191892841,705.6635131835938,HlangwineEP,2020-01-22,2020-01-25 08:59:30.437,08:59:30,79.5,21.58
1221,543571.638,Flight1_cam1-002-000359-0,7211258.603576129,326324.8884476254,705.67236328125,HlangwineEP,2020-01-22,2020-01-25 08:59:31.638,08:59:31,79.5,21.58
1222,543573.64,Flight1_cam1-002-000360-0,7211246.213433394,326310.8593134078,705.7515258789062,HlangwineEP,2020-01-22,2020-01-25 08:59:33.640,08:59:33,79.5,21.58
1223,543575.642,Flight1_cam1-002-000361-0,7211241.129057728,326305.48109981476,705.6820068359375,HlangwineEP,2020-01-22,2020-01-25 08:59:35.642,08:59:35,79.5,21.58
1224,543580.18,Flight1_cam1-002-000362-0,7211226.64060916,326288.54182776576,705.6438598632812,HlangwineEP,2020-01-22,2020-01-25 08:59:40.180,08:59:40,79.5,21.58
1225,543581.648,Flight1_cam1-002-000363-0,7211220.460702353,326281.07473270386,705.6277465820312,HlangwineEP,2020-01-22,2020-01-25 08:59:41.648,08:59:41,79.5,21.58
1226,543583.65,Flight1_cam1-002-000364-0,7211211.506533457,326269.9723161624,705.6181640625,HlangwineEP,2020-01-22,2020-01-25 08:59:43.650,08:59:43,79.5,21.58
1227,543585.652,Flight1_cam1-002-000365-0,7211202.283720041,326258.6456909579,705.6016235351562,HlangwineEP,2020-01-22,2020-01-25 08:59:45.652,08:59:45,79.5,21.58
1228,543588.188,Flight1_cam1-002-000366-0,7211189.218679793,326243.02746620594,705.64501953125,HlangwineEP,2020-01-22,2020-01-25 08:59:48.188,08:59:48,79.5,21.58
1229,543589.656,Flight1_cam1-002-000367-0,7211181.135800898,326233.5451467738,705.6856079101562,HlangwineEP,2020-01-22,2020-01-25 08:59:49.656,08:59:49,79.5,21.58
1230,543591.658,Flight1_cam1-002-000368-0,7211170.225570725,326220.6301151932,705.7103271484375,HlangwineEP,2020-01-22,2020-01-25 08:59:51.658,08:59:51,79.5,21.58
1231,543593.66,Flight1_cam1-002-000369-0,7211159.310771823,326207.7647955362,705.6659545898438,HlangwineEP,2020-01-22,2020-01-25 08:59:53.660,08:59:53,79.5,21.58
1232,543595.662,Flight1_cam1-002-000370-0,7211148.147673385,326194.5858550841,705.7684326171875,HlangwineEP,2020-01-22,2020-01-25 08:59:55.662,08:59:55,79.5,21.58
1233,543598.065,Flight1_cam1-002-000371-0,7211135.248123764,326179.5920951212,705.7747192382812,HlangwineEP,2020-01-22,2020-01-25 08:59:58.065,08:59:58,79.5,21.58
1234,543599.533,Flight1_cam1-002-000372-0,7211127.300859295,326170.70763517916,705.80859375,HlangwineEP,2020-01-22,2020-01-25 08:59:59.533,08:59:59,79.5,21.58
1235,543601.535,Flight1_cam1-002-000373-0,7211115.613546535,326157.9046027271,705.9071044921875,HlangwineEP,2020-01-22,2020-01-25 09:00:01.535,09:00:01,79.5,21.58
1236,543603.537,Flight1_cam1-002-000374-0,7211104.845250538,326145.70994701935,705.893310546875,HlangwineEP,2020-01-22,2020-01-25 09:00:03.537,09:00:03,79.5,21.58
1237,543606.206,Flight1_cam1-002-000375-0,7211090.350972608,326129.6002955913,705.9037475585938,HlangwineEP,2020-01-22,2020-01-25 09:00:06.206,09:00:06,79.5,21.58
1238,543607.541,Flight1_cam1-002-000376-0,7211083.100011805,326121.264984634,705.898193359375,HlangwineEP,2020-01-22,2020-01-25 09:00:07.541,09:00:07,79.5,21.58
1239,543609.543,Flight1_cam1-002-000377-0,7211072.212950739,326108.4233230377,705.8521728515625,HlangwineEP,2020-01-22,2020-01-25 09:00:09.543,09:00:09,79.5,21.58
1240,543611.545,Flight1_cam1-002-000378-0,7211060.213148377,326095.0651069857,705.8502807617188,HlangwineEP,2020-01-22,2020-01-25 09:00:11.545,09:00:11,79.5,21.58
1241,543613.68,Flight1_cam1-002-000379-0,7211047.824772575,326081.1579935232,705.8165893554688,HlangwineEP,2020-01-22,2020-01-25 09:00:13.680,09:00:13,79.5,21.58
1242,543616.082,Flight1_cam1-002-000380-0,7211034.572006561,326066.02575703047,705.7409057617188,HlangwineEP,2020-01-22,2020-01-25 09:00:16.082,09:00:16,79.5,21.58
1243,543617.551,Flight1_cam1-002-000381-0,7211026.690082675,326056.8787913833,705.7347412109375,HlangwineEP,2020-01-22,2020-01-25 09:00:17.551,09:00:17,79.5,21.58
1244,543619.553,Flight1_cam1-002-000382-0,7211015.662617352,326044.23265473254,705.735595703125,HlangwineEP,2020-01-22,2020-01-25 09:00:19.553,09:00:19,79.5,21.58
1245,543621.555,Flight1_cam1-002-000383-0,7211005.332180381,326032.0621147446,705.7295532226562,HlangwineEP,2020-01-22,2020-01-25 09:00:21.555,09:00:21,79.5,21.58
1246,543624.224,Flight1_cam1-002-000384-0,7210990.5090206545,326015.005062357,705.738525390625,HlangwineEP,2020-01-22,2020-01-25 09:00:24.224,09:00:24,79.5,21.58
1247,543625.559,Flight1_cam1-002-000385-0,7210981.305574333,326004.69516092946,705.7981567382812,HlangwineEP,2020-01-22,2020-01-25 09:00:25.559,09:00:25,79.5,21.58
1248,543627.561,Flight1_cam1-002-000386-0,7210967.769174694,325989.1877074358,705.7797241210938,HlangwineEP,2020-01-22,2020-01-25 09:00:27.561,09:00:27,79.5,21.58
1249,543629.563,Flight1_cam1-002-000387-0,7210952.992274532,325972.2701233431,705.7662353515625,HlangwineEP,2020-01-22,2020-01-25 09:00:29.563,09:00:29,79.5,21.58
1250,543631.698,Flight1_cam1-002-000388-0,7210937.964452424,325955.27852440043,705.7846069335938,HlangwineEP,2020-01-22,2020-01-25 09:00:31.698,09:00:31,79.5,21.58
1251,543634.1,Flight1_cam1-002-000389-0,7210922.393645534,325937.2577672267,705.8363647460938,HlangwineEP,2020-01-22,2020-01-25 09:00:34.100,09:00:34,79.5,21.58
1252,543635.568,Flight1_cam1-002-000390-0,7210914.098566997,325927.3296479777,705.8515014648438,HlangwineEP,2020-01-22,2020-01-25 09:00:35.568,09:00:35,79.5,21.58
1253,543637.57,Flight1_cam1-002-000391-0,7210903.177231807,325913.5985503096,705.8639526367188,HlangwineEP,2020-01-22,2020-01-25 09:00:37.570,09:00:37,79.5,21.58
1254,543639.572,Flight1_cam1-002-000392-0,7210903.467135847,325899.95882687037,705.5672607421875,HlangwineEP,2020-01-22,2020-01-25 09:00:39.572,09:00:39,79.5,21.58
1255,543642.242,Flight1_cam1-002-000393-0,7210913.621438247,325904.4859861811,702.2669067382812,HlangwineEP,2020-01-22,2020-01-25 09:00:42.242,09:00:42,79.5,21.58
1256,543643.576,Flight1_cam1-002-000394-0,7210910.673522355,325915.1364694558,699.7190551757812,HlangwineEP,2020-01-22,2020-01-25 09:00:43.576,09:00:43,79.5,21.58
1257,543645.578,Flight1_cam1-002-000395-0,7210901.321466317,325935.2417855945,694.1964721679688,HlangwineEP,2020-01-22,2020-01-25 09:00:45.578,09:00:45,79.5,21.58
1258,543647.981,Flight1_cam1-002-000396-0,7210901.68700148,325960.85160894226,687.135009765625,HlangwineEP,2020-01-22,2020-01-25 09:00:47.981,09:00:47,79.5,21.58
1259,543649.582,Flight1_cam1-002-000397-0,7210908.462088235,325977.35224876064,682.5098266601562,HlangwineEP,2020-01-22,2020-01-25 09:00:49.582,09:00:49,79.5,21.58
1260,543651.584,Flight1_cam1-002-000398-0,7210918.631130594,325998.3250120743,676.5845336914062,HlangwineEP,2020-01-22,2020-01-25 09:00:51.584,09:00:51,79.5,21.58
1261,543653.586,Flight1_cam1-002-000399-0,7210929.419356073,326018.9736097951,670.6334838867188,HlangwineEP,2020-01-22,2020-01-25 09:00:53.586,09:00:53,79.5,21.58
1262,543655.588,Flight1_cam1-002-000400-0,7210939.7006525975,326040.96542260394,664.451416015625,HlangwineEP,2020-01-22,2020-01-25 09:00:55.588,09:00:55,79.5,21.58
1263,543658.258,Flight1_cam1-002-000401-0,7210951.58663679,326068.65874789446,656.5551147460938,HlangwineEP,2020-01-22,2020-01-25 09:00:58.258,09:00:58,79.5,21.58
1264,543659.592,Flight1_cam1-002-000402-0,7210957.42600959,326082.47111472813,652.489013671875,HlangwineEP,2020-01-22,2020-01-25 09:00:59.592,09:00:59,79.5,21.58
1265,543661.594,Flight1_cam1-002-000403-0,7210965.818590334,326102.3506275282,646.53759765625,HlangwineEP,2020-01-22,2020-01-25 09:01:01.594,09:01:01,79.5,21.58
1266,543663.596,Flight1_cam1-002-000404-0,7210974.247865732,326123.8707943988,640.4077758789062,HlangwineEP,2020-01-22,2020-01-25 09:01:03.596,09:01:03,79.5,21.58
1267,543666.266,Flight1_cam1-002-000405-0,7210984.728282917,326153.1396983095,632.5672607421875,HlangwineEP,2020-01-22,2020-01-25 09:01:06.266,09:01:06,79.5,21.58
1268,543667.6,Flight1_cam1-002-000406-0,7210990.543825635,326168.89252966037,628.4797973632812,HlangwineEP,2020-01-22,2020-01-25 09:01:07.600,09:01:07,79.5,21.58
1269,543669.602,Flight1_cam1-002-000407-0,7210999.288196626,326192.5510611424,622.5062866210938,HlangwineEP,2020-01-22,2020-01-25 09:01:09.602,09:01:09,79.5,21.58
1270,543671.604,Flight1_cam1-002-000408-0,7211007.207648728,326215.518836874,616.6669311523438,HlangwineEP,2020-01-22,2020-01-25 09:01:11.604,09:01:11,79.5,21.58
1271,543673.606,Flight1_cam1-002-000409-0,7211010.372328915,326239.27161670354,611.21240234375,HlangwineEP,2020-01-22,2020-01-25 09:01:13.606,09:01:13,79.5,21.58
1272,543676.142,Flight1_cam1-002-000410-0,7211008.28212781,326269.09578243014,606.1553955078125,HlangwineEP,2020-01-22,2020-01-25 09:01:16.142,09:01:16,79.5,21.58
1273,543677.61,Flight1_cam1-002-000411-0,7211010.738151402,326286.18648347864,602.9642333984375,HlangwineEP,2020-01-22,2020-01-25 09:01:17.610,09:01:17,79.5,21.58
1274,543679.612,Flight1_cam1-002-000412-0,7211016.830261141,326309.18688244675,600.3692626953125,HlangwineEP,2020-01-22,2020-01-25 09:01:19.612,09:01:19,79.5,21.58
1275,543681.614,Flight1_cam1-002-000413-0,7211019.432808231,326332.7402690019,599.1089477539062,HlangwineEP,2020-01-22,2020-01-25 09:01:21.614,09:01:21,79.5,21.58
1276,543684.283,Flight1_cam1-002-000414-0,7211021.667211615,326362.8890385428,596.3674926757812,HlangwineEP,2020-01-22,2020-01-25 09:01:24.283,09:01:24,79.5,21.58
1277,543685.618,Flight1_cam1-002-000415-0,7211022.396897765,326377.26133714116,595.0250854492188,HlangwineEP,2020-01-22,2020-01-25 09:01:25.618,09:01:25,79.5,21.58
1278,543687.62,Flight1_cam1-002-000416-0,7211023.345867627,326394.91987362655,593.7236938476562,HlangwineEP,2020-01-22,2020-01-25 09:01:27.620,09:01:27,79.5,21.58
1279,543689.622,Flight1_cam1-002-000417-0,7211023.346473098,326408.9666841822,592.7195434570312,HlangwineEP,2020-01-22,2020-01-25 09:01:29.622,09:01:29,79.5,21.58
1280,543692.291,Flight1_cam1-002-000418-0,7211022.903248595,326423.0314778624,592.4017333984375,HlangwineEP,2020-01-22,2020-01-25 09:01:32.291,09:01:32,79.5,21.58
1281,543693.626,Flight1_cam1-002-000419-0,7211022.85358451,326428.9716442035,592.4151611328125,HlangwineEP,2020-01-22,2020-01-25 09:01:33.626,09:01:33,79.5,21.58
1282,543695.628,Flight1_cam1-002-000420-0,7211022.405047285,326440.66083247704,592.4446411132812,HlangwineEP,2020-01-22,2020-01-25 09:01:35.628,09:01:35,79.5,21.58
1283,543697.63,Flight1_cam1-002-000421-0,7211022.209623482,326453.60705262946,592.5050659179688,HlangwineEP,2020-01-22,2020-01-25 09:01:37.630,09:01:37,79.5,21.58
1284,543701.367,Flight1_cam1-002-000422-0,7211016.775626738,326472.94713193295,592.4972534179688,HlangwineEP,2020-01-22,2020-01-25 09:01:41.367,09:01:41,79.5,21.58
1285,543701.634,Flight1_cam1-002-000423-0,7211015.806873171,326474.5305689917,592.501953125,HlangwineEP,2020-01-22,2020-01-25 09:01:41.634,09:01:41,79.5,21.58
1286,543703.636,Flight1_cam1-002-000424-0,7211010.119334364,326482.2799193794,592.5185546875,HlangwineEP,2020-01-22,2020-01-25 09:01:43.636,09:01:43,79.5,21.58
1287,543705.638,Flight1_cam1-002-000425-0,7211008.219961227,326487.45256130886,592.4786987304688,HlangwineEP,2020-01-22,2020-01-25 09:01:45.638,09:01:45,79.5,21.58
1288,543707.64,Flight1_cam1-002-000426-0,7211010.593760707,326490.03990906733,592.3436279296875,HlangwineEP,2020-01-22,2020-01-25 09:01:47.640,09:01:47,79.5,21.58
1289,543710.176,Flight1_cam1-002-000427-0,7211016.611538179,326487.06053741317,592.2825927734375,HlangwineEP,2020-01-22,2020-01-25 09:01:50.176,09:01:50,79.5,21.58
1290,543711.644,Flight1_cam1-002-000428-0,7211022.818935217,326483.67985299637,592.3709716796875,HlangwineEP,2020-01-22,2020-01-25 09:01:51.644,09:01:51,79.5,21.58
1291,543713.646,Flight1_cam1-002-000429-0,7211030.948240945,326482.29525140964,592.4486694335938,HlangwineEP,2020-01-22,2020-01-25 09:01:53.646,09:01:53,79.5,21.58
1292,543715.648,Flight1_cam1-002-000430-0,7211035.544791195,326487.1399310429,592.5572509765625,HlangwineEP,2020-01-22,2020-01-25 09:01:55.648,09:01:55,79.5,21.58
1293,543719.385,Flight1_cam1-002-000431-0,7211024.485961086,326492.33395787637,592.65380859375,HlangwineEP,2020-01-22,2020-01-25 09:01:59.385,09:01:59,79.5,21.58
1294,543721.253,Flight1_cam1-002-000432-0,7211019.329869133,326487.79318417166,592.681640625,HlangwineEP,2020-01-22,2020-01-25 09:02:01.253,09:02:01,79.5,21.58
1295,543723.923,Flight1_cam1-002-000433-0,7211017.4577209335,326474.45078327996,594.46044921875,HlangwineEP,2020-01-22,2020-01-25 09:02:03.923,09:02:03,79.5,21.58
1296,282910.453,Flight2_cam1-000-000000-0,7210222.1611752855,327857.13760203554,654.9198608398438,HlangwineEP,2020-01-22,2020-01-22 08:35:10.453,08:35:10,64.20644583333342,25.031184722222196
1297,282912.054,Flight2_cam1-000-000001-0,7210232.685837994,327855.3510432915,660.59375,HlangwineEP,2020-01-22,2020-01-22 08:35:12.054,08:35:12,64.19977499999999,25.03340833333334
1298,282915.525,Flight2_cam1-000-000002-0,7210255.090161228,327828.9251656808,669.1243896484375,HlangwineEP,2020-01-22,2020-01-22 08:35:15.525,08:35:15,64.1853124999999,25.0382291666667
1299,282915.791,Flight2_cam1-000-000003-0,7210256.349686116,327826.2478553437,669.2410278320312,HlangwineEP,2020-01-22,2020-01-22 08:35:15.791,08:35:15,64.18420416666656,25.038598611111148
1300,282917.793,Flight2_cam1-000-000004-0,7210266.029845014,327802.60607085866,669.2144165039062,HlangwineEP,2020-01-22,2020-01-22 08:35:17.793,08:35:17,64.17586249999998,25.041379166666676
1301,282919.795,Flight2_cam1-000-000005-0,7210275.288248755,327776.678729831,668.7291259765625,HlangwineEP,2020-01-22,2020-01-22 08:35:19.795,08:35:19,64.1675208333334,25.0441597222222
1302,282921.797,Flight2_cam1-000-000006-0,7210284.159439913,327751.7516272401,668.0341796875,HlangwineEP,2020-01-22,2020-01-22 08:35:21.797,08:35:21,64.15917916666658,25.046940277777807
1303,282924.467,Flight2_cam1-000-000007-0,7210295.263376027,327719.7382026382,667.2565307617188,HlangwineEP,2020-01-22,2020-01-22 08:35:24.467,08:35:24,64.14805416666665,25.050648611111118
1304,282925.801,Flight2_cam1-000-000008-0,7210301.067579053,327703.33713759715,666.3646240234375,HlangwineEP,2020-01-22,2020-01-22 08:35:25.801,08:35:25,64.14249583333343,25.05250138888886
1305,282927.803,Flight2_cam1-000-000009-0,7210309.962405263,327679.399124622,665.0916748046875,HlangwineEP,2020-01-22,2020-01-22 08:35:27.803,08:35:27,64.1341541666666,25.055281944444467
1306,282929.805,Flight2_cam1-000-000010-0,7210319.470819548,327655.64569164754,664.941650390625,HlangwineEP,2020-01-22,2020-01-22 08:35:29.805,08:35:29,64.12581250000002,25.05806249999999
1307,282931.807,Flight2_cam1-000-000011-0,7210330.178057943,327634.1713466105,664.9588623046875,HlangwineEP,2020-01-22,2020-01-22 08:35:31.807,08:35:31,64.11747083333346,25.060843055555516
1308,282934.477,Flight2_cam1-000-000012-0,7210344.800123509,327606.6624768738,665.0569458007812,HlangwineEP,2020-01-22,2020-01-22 08:35:34.477,08:35:34,64.10634583333328,25.06455138888891
1309,282935.811,Flight2_cam1-000-000013-0,7210351.208804322,327594.91672221944,665.0073852539062,HlangwineEP,2020-01-22,2020-01-22 08:35:35.811,08:35:35,64.10078750000005,25.06640416666665
1310,282937.813,Flight2_cam1-000-000014-0,7210360.851620309,327576.8308947118,664.9236450195312,HlangwineEP,2020-01-22,2020-01-22 08:35:37.813,08:35:37,64.09244583333323,25.069184722222257
1311,282939.815,Flight2_cam1-000-000015-0,7210370.121783765,327558.9909075288,664.970947265625,HlangwineEP,2020-01-22,2020-01-22 08:35:39.815,08:35:39,64.08410416666666,25.07196527777778
1312,282942.485,Flight2_cam1-000-000016-0,7210383.799090996,327537.283729519,664.9375,HlangwineEP,2020-01-22,2020-01-22 08:35:42.485,08:35:42,64.07297916666673,25.075673611111092
1313,282943.819,Flight2_cam1-000-000017-0,7210395.332933708,327530.10148629127,664.922607421875,HlangwineEP,2020-01-22,2020-01-22 08:35:43.819,08:35:43,64.06742083333326,25.077526388888916
1314,282945.821,Flight2_cam1-000-000018-0,7210417.578598007,327521.1224004264,664.9772338867188,HlangwineEP,2020-01-22,2020-01-22 08:35:45.821,08:35:45,64.05907916666668,25.08030694444444
1315,282947.823,Flight2_cam1-000-000019-0,7210442.617127623,327512.39585207147,664.9655151367188,HlangwineEP,2020-01-22,2020-01-22 08:35:47.823,08:35:47,64.05073750000011,25.083087499999966
1316,282949.825,Flight2_cam1-000-000020-0,7210466.7582876645,327504.01676092704,664.8885498046875,HlangwineEP,2020-01-22,2020-01-22 08:35:49.825,08:35:49,64.04239583333329,25.085868055555572
1317,282951.827,Flight2_cam1-000-000021-0,7210488.796771884,327492.4640425989,664.8109130859375,HlangwineEP,2020-01-22,2020-01-22 08:35:51.827,08:35:51,64.0340541666667,25.0886486111111
1318,282954.497,Flight2_cam1-000-000022-0,7210518.2815956995,327473.8286130762,664.8413696289062,HlangwineEP,2020-01-22,2020-01-22 08:35:54.497,08:35:54,64.02292916666677,25.09235694444441
1319,282955.831,Flight2_cam1-000-000023-0,7210532.699199546,327463.74223762704,664.8250122070312,HlangwineEP,2020-01-22,2020-01-22 08:35:55.831,08:35:55,64.0173708333333,25.09420972222223
1320,282957.833,Flight2_cam1-000-000024-0,7210552.781657619,327447.4191274727,664.7716674804688,HlangwineEP,2020-01-22,2020-01-22 08:35:57.833,08:35:57,64.00902916666674,25.096990277777756
1321,282959.835,Flight2_cam1-000-000025-0,7210571.524496498,327430.2757756113,664.859375,HlangwineEP,2020-01-22,2020-01-22 08:35:59.835,08:35:59,64.00068749999991,25.099770833333363
1322,282962.371,Flight2_cam1-000-000026-0,7210583.821702525,327407.9872089866,664.7301025390625,HlangwineEP,2020-01-22,2020-01-22 08:36:02.371,08:36:02,63.9901208333334,25.103293055555536
1323,282963.973,Flight2_cam1-000-000027-0,7210581.596583826,327394.76964168943,664.7252197265625,HlangwineEP,2020-01-22,2020-01-22 08:36:03.973,08:36:03,63.98344583333334,25.105518055555553
1324,282965.841,Flight2_cam1-000-000028-0,7210571.267737653,327384.2125024914,664.7086181640625,HlangwineEP,2020-01-22,2020-01-22 08:36:05.841,08:36:05,63.97566249999994,25.108112500000022
1325,282967.843,Flight2_cam1-000-000029-0,7210561.057505645,327379.5197181024,664.661865234375,HlangwineEP,2020-01-22,2020-01-22 08:36:07.843,08:36:07,63.96732083333336,25.110893055555547
1326,282970.512,Flight2_cam1-000-000030-0,7210552.782751767,327378.70984402974,664.5422973632812,HlangwineEP,2020-01-22,2020-01-22 08:36:10.512,08:36:10,63.95620000000005,25.114599999999985
1327,282971.847,Flight2_cam1-000-000031-0,7210551.103402151,327379.3152452756,664.52685546875,HlangwineEP,2020-01-22,2020-01-22 08:36:11.847,08:36:11,63.950637499999964,25.11645416666668
1328,282973.849,Flight2_cam1-000-000032-0,7210550.562036398,327380.28594697826,664.437744140625,HlangwineEP,2020-01-22,2020-01-22 08:36:13.849,08:36:13,63.94229583333339,25.119234722222206
1329,282977.319,Flight2_cam1-000-000033-0,7210546.894329945,327383.0967708337,664.3650512695312,HlangwineEP,2020-01-22,2020-01-22 08:36:17.319,08:36:17,63.927837499999924,25.124054166666692
1330,282977.853,Flight2_cam1-000-000034-0,7210544.489633817,327384.2206661352,664.352783203125,HlangwineEP,2020-01-22,2020-01-22 08:36:17.853,08:36:17,63.925612499999986,25.124795833333337
1331,282979.855,Flight2_cam1-000-000035-0,7210535.748720607,327387.7295930196,664.3182983398438,HlangwineEP,2020-01-22,2020-01-22 08:36:19.855,08:36:19,63.91727083333341,25.127576388888865
1332,282983.859,Flight2_cam1-000-000036-0,7210533.763324008,327388.0970759986,662.2772216796875,HlangwineEP,2020-01-22,2020-01-22 08:36:23.859,08:36:23,63.900587500000015,25.133137499999997
1333,282985.861,Flight2_cam1-000-000037-0,7210532.059228092,327389.45556827297,661.89208984375,HlangwineEP,2020-01-22,2020-01-22 08:36:25.861,08:36:25,63.89224583333343,25.13591805555552
1334,282987.863,Flight2_cam1-000-000038-0,7210523.621024633,327395.27218725113,662.3079223632812,HlangwineEP,2020-01-22,2020-01-22 08:36:27.863,08:36:27,63.88390416666662,25.13869861111113
1335,282989.865,Flight2_cam1-000-000039-0,7210510.434119678,327404.1081215487,663.0751342773438,HlangwineEP,2020-01-22,2020-01-22 08:36:29.865,08:36:29,63.875562500000036,25.141479166666656
1336,282992.401,Flight2_cam1-000-000040-0,7210493.001330599,327415.7827212004,664.0370483398438,HlangwineEP,2020-01-22,2020-01-22 08:36:32.401,08:36:32,63.86499583333328,25.145001388888907
1337,282994.269,Flight2_cam1-000-000041-0,7210481.026368694,327423.7062321222,664.7883911132812,HlangwineEP,2020-01-22,2020-01-22 08:36:34.269,08:36:34,63.85721250000012,25.147595833333295
1338,282995.871,Flight2_cam1-000-000042-0,7210470.608213922,327430.6243717919,665.4221801757812,HlangwineEP,2020-01-22,2020-01-22 08:36:35.871,08:36:35,63.850537500000065,25.149820833333315
1339,282997.873,Flight2_cam1-000-000043-0,7210457.524668352,327439.381760321,666.1603393554688,HlangwineEP,2020-01-22,2020-01-22 08:36:37.873,08:36:37,63.84219583333324,25.15260138888892
1340,283000.409,Flight2_cam1-000-000044-0,7210440.895183562,327450.6832241537,667.11572265625,HlangwineEP,2020-01-22,2020-01-22 08:36:40.409,08:36:40,63.83162916666673,25.15612361111109
1341,283001.877,Flight2_cam1-000-000045-0,7210430.924443404,327457.42839017324,667.7258911132812,HlangwineEP,2020-01-22,2020-01-22 08:36:41.877,08:36:41,63.82551250000009,25.15816249999997
1342,283003.879,Flight2_cam1-000-000046-0,7210417.8241049405,327466.1803957048,668.5277099609375,HlangwineEP,2020-01-22,2020-01-22 08:36:43.879,08:36:43,63.81717083333327,25.160943055555578
1343,283005.881,Flight2_cam1-000-000047-0,7210404.796989258,327474.90583575144,669.2990112304688,HlangwineEP,2020-01-22,2020-01-22 08:36:45.881,08:36:45,63.80882916666669,25.163723611111106
1344,283008.417,Flight2_cam1-000-000048-0,7210388.065640496,327486.13084016205,670.1922607421875,HlangwineEP,2020-01-22,2020-01-22 08:36:48.417,08:36:48,63.798262499999936,25.167245833333357
1345,283009.885,Flight2_cam1-000-000049-0,7210378.08056643,327492.89363850106,670.7025756835938,HlangwineEP,2020-01-22,2020-01-22 08:36:49.885,08:36:49,63.792145833333294,25.169284722222237
1346,283011.887,Flight2_cam1-000-000050-0,7210364.914745834,327501.7740984063,671.2930908203125,HlangwineEP,2020-01-22,2020-01-22 08:36:51.887,08:36:51,63.78380416666672,25.17206527777776
1347,283013.889,Flight2_cam1-000-000051-0,7210351.808866132,327510.655220489,671.9532470703125,HlangwineEP,2020-01-22,2020-01-22 08:36:53.889,08:36:53,63.7754624999999,25.174845833333368
1348,283016.425,Flight2_cam1-000-000052-0,7210334.976141449,327521.93650466885,672.6807861328125,HlangwineEP,2020-01-22,2020-01-22 08:36:56.425,08:36:56,63.764895833333384,25.17836805555554
1349,283017.893,Flight2_cam1-000-000053-0,7210324.933709403,327528.67692290945,673.0919189453125,HlangwineEP,2020-01-22,2020-01-22 08:36:57.893,08:36:57,63.75877916666674,25.18040694444442
1350,283019.895,Flight2_cam1-000-000054-0,7210311.819507639,327537.5056583481,673.5844116210938,HlangwineEP,2020-01-22,2020-01-22 08:36:59.895,08:36:59,63.75043749999992,25.183187500000027
1351,283021.897,Flight2_cam1-000-000055-0,7210298.596418139,327546.38276403106,674.0477905273438,HlangwineEP,2020-01-22,2020-01-22 08:37:01.897,08:37:01,63.742095833333345,25.185968055555552
1352,283024.032,Flight2_cam1-000-000056-0,7210284.368759658,327555.95687267603,674.5142211914062,HlangwineEP,2020-01-22,2020-01-22 08:37:04.032,08:37:04,63.733199999999975,25.188933333333345
1353,283026.435,Flight2_cam1-000-000057-0,7210268.59983671,327566.5595627824,675.002197265625,HlangwineEP,2020-01-22,2020-01-22 08:37:06.435,08:37:06,63.72318750000001,25.192270833333332
1354,283027.769,Flight2_cam1-000-000058-0,7210259.627602958,327572.61877039354,675.303955078125,HlangwineEP,2020-01-22,2020-01-22 08:37:07.769,08:37:07,63.71762916666679,25.194123611111074
1355,283029.771,Flight2_cam1-000-000059-0,7210246.544885177,327581.4270454159,675.663330078125,HlangwineEP,2020-01-22,2020-01-22 08:37:09.771,08:37:09,63.70928749999997,25.19690416666668
1356,283031.773,Flight2_cam1-000-000060-0,7210233.483638655,327590.25781431096,676.0206909179688,HlangwineEP,2020-01-22,2020-01-22 08:37:11.773,08:37:11,63.70094583333339,25.199684722222205
1357,283034.443,Flight2_cam1-000-000061-0,7210215.727382414,327602.2352581001,676.4898681640625,HlangwineEP,2020-01-22,2020-01-22 08:37:14.443,08:37:14,63.689820833333215,25.203393055555598
1358,283035.777,Flight2_cam1-000-000062-0,7210206.7943580635,327608.2449768756,676.66552734375,HlangwineEP,2020-01-22,2020-01-22 08:37:15.777,08:37:15,63.68426249999999,25.205245833333336
1359,283037.779,Flight2_cam1-000-000063-0,7210193.627841769,327617.11504575517,676.8779907226562,HlangwineEP,2020-01-22,2020-01-22 08:37:17.779,08:37:17,63.675920833333414,25.208026388888864
1360,283039.781,Flight2_cam1-000-000064-0,7210180.450034509,327625.97301566275,676.9580688476562,HlangwineEP,2020-01-22,2020-01-22 08:37:19.781,08:37:19,63.6675791666666,25.21080694444447
1361,283041.917,Flight2_cam1-000-000065-0,7210166.256406048,327635.54432300583,677.033447265625,HlangwineEP,2020-01-22,2020-01-22 08:37:21.917,08:37:21,63.6586791666666,25.213773611111137
1362,283044.452,Flight2_cam1-000-000066-0,7210149.357583083,327646.9197024687,676.93798828125,HlangwineEP,2020-01-22,2020-01-22 08:37:24.452,08:37:24,63.64811666666671,25.217294444444434
1363,283045.787,Flight2_cam1-000-000067-0,7210140.369772794,327652.9135176531,676.78173828125,HlangwineEP,2020-01-22,2020-01-22 08:37:25.787,08:37:25,63.64255416666662,25.219148611111127
1364,283047.789,Flight2_cam1-000-000068-0,7210127.265497345,327661.6665594713,676.4862670898438,HlangwineEP,2020-01-22,2020-01-22 08:37:27.789,08:37:27,63.63421250000005,25.221929166666655
1365,283049.791,Flight2_cam1-000-000069-0,7210113.550642751,327670.9427671438,676.2305297851562,HlangwineEP,2020-01-22,2020-01-22 08:37:29.791,08:37:29,63.625870833333224,25.22470972222226
1366,283052.46,Flight2_cam1-000-000070-0,7210096.182967622,327682.6551055009,675.7863159179688,HlangwineEP,2020-01-22,2020-01-22 08:37:32.460,08:37:32,63.614749999999916,25.228416666666696
1367,283053.929,Flight2_cam1-000-000071-0,7210086.195537588,327689.43083210394,675.51416015625,HlangwineEP,2020-01-22,2020-01-22 08:37:33.929,08:37:33,63.60862916666665,25.23045694444445
1368,283055.797,Flight2_cam1-000-000072-0,7210074.129192563,327697.55252893735,675.1683959960938,HlangwineEP,2020-01-22,2020-01-22 08:37:35.797,08:37:35,63.600845833333246,25.233051388888917
1369,283057.799,Flight2_cam1-000-000073-0,7210061.047330098,327706.3944321694,674.7819213867188,HlangwineEP,2020-01-22,2020-01-22 08:37:37.799,08:37:37,63.59250416666667,25.235831944444445
1370,283060.468,Flight2_cam1-000-000074-0,7210043.283192949,327718.5108219136,674.2987060546875,HlangwineEP,2020-01-22,2020-01-22 08:37:40.468,08:37:40,63.58138333333336,25.23953888888888
1371,283061.803,Flight2_cam1-000-000075-0,7210034.366017479,327724.5104572042,674.1569213867188,HlangwineEP,2020-01-22,2020-01-22 08:37:41.803,08:37:41,63.575820833333275,25.241393055555577
1372,283063.805,Flight2_cam1-000-000076-0,7210021.185180303,327733.3621052606,673.8216552734375,HlangwineEP,2020-01-22,2020-01-22 08:37:43.805,08:37:43,63.56747916666669,25.2441736111111
1373,283065.807,Flight2_cam1-000-000077-0,7210008.081208525,327742.16031824343,673.5579833984375,HlangwineEP,2020-01-22,2020-01-22 08:37:45.807,08:37:45,63.55913750000012,25.24695416666663
1374,283067.942,Flight2_cam1-000-000078-0,7209993.887795631,327751.78311025683,673.3128051757812,HlangwineEP,2020-01-22,2020-01-22 08:37:47.942,08:37:47,63.55024166666675,25.24991944444442
1375,283070.478,Flight2_cam1-000-000079-0,7209976.980997352,327763.01767370553,673.0161743164062,HlangwineEP,2020-01-22,2020-01-22 08:37:50.478,08:37:50,63.53967499999999,25.25344166666667
1376,283071.813,Flight2_cam1-000-000080-0,7209968.001528427,327768.9857017145,672.8853149414062,HlangwineEP,2020-01-22,2020-01-22 08:37:51.813,08:37:51,63.5341124999999,25.255295833333367
1377,283073.815,Flight2_cam1-000-000081-0,7209954.890392801,327777.9294101804,672.7490234375,HlangwineEP,2020-01-22,2020-01-22 08:37:53.815,08:37:53,63.525770833333326,25.258076388888895
1378,283075.817,Flight2_cam1-000-000082-0,7209941.6694899555,327786.8008434151,672.643798828125,HlangwineEP,2020-01-22,2020-01-22 08:37:55.817,08:37:55,63.517429166666744,25.26085694444442
1379,283078.486,Flight2_cam1-000-000083-0,7209923.744518973,327798.80136868765,672.5239868164062,HlangwineEP,2020-01-22,2020-01-22 08:37:58.486,08:37:58,63.506308333333436,25.264563888888855
1380,283079.821,Flight2_cam1-000-000084-0,7209914.782257292,327804.81779386586,672.4097900390625,HlangwineEP,2020-01-22,2020-01-22 08:37:59.821,08:37:59,63.50074583333335,25.26641805555555
1381,283081.823,Flight2_cam1-000-000085-0,7209901.591009546,327813.7186501147,672.2286376953125,HlangwineEP,2020-01-22,2020-01-22 08:38:01.823,08:38:01,63.49240416666677,25.26919861111108
1382,283083.825,Flight2_cam1-000-000086-0,7209888.486734607,327822.55974188825,672.1421508789062,HlangwineEP,2020-01-22,2020-01-22 08:38:03.825,08:38:03,63.48406249999995,25.271979166666686
1383,283086.494,Flight2_cam1-000-000087-0,7209870.507556733,327834.5367269374,672.0545654296875,HlangwineEP,2020-01-22,2020-01-22 08:38:06.494,08:38:06,63.47294166666664,25.27568611111112
1384,283087.829,Flight2_cam1-000-000088-0,7209861.5404268,327840.5893914841,672.0328979492188,HlangwineEP,2020-01-22,2020-01-22 08:38:07.829,08:38:07,63.467379166666554,25.277540277777817
1385,283089.831,Flight2_cam1-000-000089-0,7209848.39339653,327849.53469710535,671.9653930664062,HlangwineEP,2020-01-22,2020-01-22 08:38:09.831,08:38:09,63.45903749999998,25.28032083333334
1386,283091.833,Flight2_cam1-000-000090-0,7209835.217026487,327858.41470102046,671.983154296875,HlangwineEP,2020-01-22,2020-01-22 08:38:11.833,08:38:11,63.4506958333334,25.28310138888887
1387,283093.968,Flight2_cam1-000-000091-0,7209820.900360141,327868.04667040746,672.06396484375,HlangwineEP,2020-01-22,2020-01-22 08:38:13.968,08:38:13,63.44180000000003,25.28606666666666
1388,283096.371,Flight2_cam1-000-000092-0,7209805.201732915,327878.65229808784,672.0735473632812,HlangwineEP,2020-01-22,2020-01-22 08:38:16.371,08:38:16,63.43178750000006,25.289404166666646
1389,283097.839,Flight2_cam1-000-000093-0,7209795.2002061475,327885.424492775,672.1564331054688,HlangwineEP,2020-01-22,2020-01-22 08:38:17.839,08:38:17,63.42567083333343,25.291443055555526
1390,283099.841,Flight2_cam1-000-000094-0,7209782.062918421,327894.28902066086,672.3326416015625,HlangwineEP,2020-01-22,2020-01-22 08:38:19.841,08:38:19,63.417329166666605,25.294223611111132
1391,283101.843,Flight2_cam1-000-000095-0,7209768.891488999,327903.1865608182,672.4818115234375,HlangwineEP,2020-01-22,2020-01-22 08:38:21.843,08:38:21,63.40898750000002,25.29700416666666
1392,283104.379,Flight2_cam1-000-000096-0,7209752.000699716,327914.56589238363,672.642333984375,HlangwineEP,2020-01-22,2020-01-22 08:38:24.379,08:38:24,63.39842083333327,25.300526388888912
1393,283105.847,Flight2_cam1-000-000097-0,7209741.990028655,327921.2909948868,672.751708984375,HlangwineEP,2020-01-22,2020-01-22 08:38:25.847,08:38:25,63.392304166666634,25.30256527777779
1394,283107.849,Flight2_cam1-000-000098-0,7209728.812477335,327930.0988441779,672.8764038085938,HlangwineEP,2020-01-22,2020-01-22 08:38:27.849,08:38:27,63.38396250000005,25.305345833333316
1395,283109.851,Flight2_cam1-000-000099-0,7209715.6925810445,327938.9177359748,673.0802001953125,HlangwineEP,2020-01-22,2020-01-22 08:38:29.851,08:38:29,63.37562083333323,25.308126388888923
1396,283112.52,Flight2_cam1-000-000100-0,7209697.779696595,327950.9266017836,673.286865234375,HlangwineEP,2020-01-22,2020-01-22 08:38:32.520,08:38:32,63.36449999999992,25.31183333333336
1397,283113.988,Flight2_cam1-000-000101-0,7209688.362655192,327957.2366103901,673.3687133789062,HlangwineEP,2020-01-22,2020-01-22 08:38:33.988,08:38:33,63.35838333333328,25.31387222222224
1398,283115.857,Flight2_cam1-000-000102-0,7209675.697163705,327965.82571761496,673.5321655273438,HlangwineEP,2020-01-22,2020-01-22 08:38:35.857,08:38:35,63.35059583333326,25.316468055555582
1399,283117.859,Flight2_cam1-000-000103-0,7209662.465964705,327974.7041996829,673.598876953125,HlangwineEP,2020-01-22,2020-01-22 08:38:37.859,08:38:37,63.34225416666668,25.319248611111107
1400,283120.394,Flight2_cam1-000-000104-0,7209645.6947076,327985.98074865295,673.68798828125,HlangwineEP,2020-01-22,2020-01-22 08:38:40.394,08:38:40,63.331691666666785,25.322769444444404
1401,283121.863,Flight2_cam1-000-000105-0,7209635.73941531,327992.7605392575,673.6949462890625,HlangwineEP,2020-01-22,2020-01-22 08:38:41.863,08:38:41,63.32557083333328,25.32480972222224
1402,283123.865,Flight2_cam1-000-000106-0,7209622.580333704,328001.5992532658,673.7547607421875,HlangwineEP,2020-01-22,2020-01-22 08:38:43.865,08:38:43,63.317229166666706,25.327590277777766
1403,283125.867,Flight2_cam1-000-000107-0,7209609.408866741,328010.4652010752,673.7514038085938,HlangwineEP,2020-01-22,2020-01-22 08:38:45.867,08:38:45,63.308887499999884,25.330370833333372
1404,283128.002,Flight2_cam1-000-000108-0,7209595.129041709,328020.1008712805,673.6898193359375,HlangwineEP,2020-01-22,2020-01-22 08:38:48.002,08:38:48,63.299991666666756,25.333336111111084
1405,283130.404,Flight2_cam1-000-000109-0,7209579.332713516,328030.70861849585,673.6494750976562,HlangwineEP,2020-01-22,2020-01-22 08:38:50.404,08:38:50,63.28998333333342,25.336672222222198
1406,283131.873,Flight2_cam1-000-000110-0,7209569.380972378,328037.4230196735,673.6080932617188,HlangwineEP,2020-01-22,2020-01-22 08:38:51.873,08:38:51,63.28386249999991,25.33871250000003
1407,283133.875,Flight2_cam1-000-000111-0,7209556.261554623,328046.3780530265,673.5764770507812,HlangwineEP,2020-01-22,2020-01-22 08:38:53.875,08:38:53,63.27552083333333,25.341493055555556
1408,283135.877,Flight2_cam1-000-000112-0,7209543.166824389,328055.12354368006,673.5570068359375,HlangwineEP,2020-01-22,2020-01-22 08:38:55.877,08:38:55,63.26717916666676,25.344273611111085
1409,283138.412,Flight2_cam1-000-000113-0,7209526.322623419,328066.4641252167,673.4812622070312,HlangwineEP,2020-01-22,2020-01-22 08:38:58.412,08:38:58,63.256616666666616,25.34779444444446
1410,283139.88,Flight2_cam1-000-000114-0,7209516.240254782,328073.19610310975,673.4201049804688,HlangwineEP,2020-01-22,2020-01-22 08:38:59.880,08:38:59,63.25049999999998,25.34983333333334
1411,283141.882,Flight2_cam1-000-000115-0,7209503.222326962,328082.2332861009,673.3538208007812,HlangwineEP,2020-01-22,2020-01-22 08:39:01.882,08:39:01,63.24215833333341,25.352613888888868
1412,283143.884,Flight2_cam1-000-000116-0,7209493.894144094,328094.9225540776,673.5567626953125,HlangwineEP,2020-01-22,2020-01-22 08:39:03.884,08:39:03,63.233816666666584,25.355394444444475
1413,283146.02,Flight2_cam1-000-000117-0,7209493.4743665885,328111.4325233345,674.0546264648438,HlangwineEP,2020-01-22,2020-01-22 08:39:06.020,08:39:06,63.22491666666659,25.358361111111137
1414,283148.422,Flight2_cam1-000-000118-0,7209503.031713402,328127.56784364465,674.8487548828125,HlangwineEP,2020-01-22,2020-01-22 08:39:08.422,08:39:08,63.21490833333325,25.36169722222225
1415,283149.89,Flight2_cam1-000-000119-0,7209510.134406185,328135.85264410573,675.3706665039062,HlangwineEP,2020-01-22,2020-01-22 08:39:09.890,08:39:09,63.208791666666606,25.36373611111113
1416,283151.892,Flight2_cam1-000-000120-0,7209517.839015605,328146.31011344213,675.9364624023438,HlangwineEP,2020-01-22,2020-01-22 08:39:11.892,08:39:11,63.20045000000003,25.36651666666666
1417,283153.894,Flight2_cam1-000-000121-0,7209527.754935985,328157.077822787,676.5487670898438,HlangwineEP,2020-01-22,2020-01-22 08:39:13.894,08:39:13,63.19210833333345,25.369297222222183
1418,283156.43,Flight2_cam1-000-000122-0,7209546.449900981,328162.6134536697,677.1102294921875,HlangwineEP,2020-01-22,2020-01-22 08:39:16.430,08:39:16,63.181541666666696,25.372819444444435
1419,283157.898,Flight2_cam1-000-000123-0,7209557.078538619,328159.5699820947,677.1728515625,HlangwineEP,2020-01-22,2020-01-22 08:39:17.898,08:39:17,63.175425000000054,25.374858333333314
1420,283159.9,Flight2_cam1-000-000124-0,7209569.031885244,328151.76275328104,677.1151123046875,HlangwineEP,2020-01-22,2020-01-22 08:39:19.900,08:39:19,63.16708333333324,25.377638888888924
1421,283161.902,Flight2_cam1-000-000125-0,7209579.883857381,328143.5670078378,677.0103149414062,HlangwineEP,2020-01-22,2020-01-22 08:39:21.902,08:39:21,63.15874166666666,25.38041944444445
1422,283164.038,Flight2_cam1-000-000126-0,7209592.415707902,328135.15777221415,676.9193115234375,HlangwineEP,2020-01-22,2020-01-22 08:39:24.038,08:39:24,63.14984166666667,25.383386111111115
1423,283166.44,Flight2_cam1-000-000127-0,7209607.759215514,328125.14953951654,676.8192749023438,HlangwineEP,2020-01-22,2020-01-22 08:39:26.440,08:39:26,63.13983333333332,25.386722222222225
1424,283167.775,Flight2_cam1-000-000128-0,7209616.796156188,328119.2484605204,676.7532958984375,HlangwineEP,2020-01-22,2020-01-22 08:39:27.775,08:39:27,63.13427083333323,25.38857638888892
1425,283169.777,Flight2_cam1-000-000129-0,7209630.141666542,328110.48922073835,676.6636962890625,HlangwineEP,2020-01-22,2020-01-22 08:39:29.777,08:39:29,63.12592916666666,25.39135694444445
1426,283171.779,Flight2_cam1-000-000130-0,7209643.98977559,328101.5119821299,676.59619140625,HlangwineEP,2020-01-22,2020-01-22 08:39:31.779,08:39:31,63.117587500000084,25.394137499999974
1427,283174.448,Flight2_cam1-000-000131-0,7209661.2659250805,328090.17824961187,676.4574584960938,HlangwineEP,2020-01-22,2020-01-22 08:39:34.448,08:39:34,63.10646666666677,25.39784444444441
1428,283175.783,Flight2_cam1-000-000132-0,7209670.094729325,328084.13951275777,676.4114379882812,HlangwineEP,2020-01-22,2020-01-22 08:39:35.783,08:39:35,63.10090416666668,25.399698611111106
1429,283177.785,Flight2_cam1-000-000133-0,7209682.949466349,328075.06659377343,676.2869873046875,HlangwineEP,2020-01-22,2020-01-22 08:39:37.785,08:39:37,63.092562500000106,25.402479166666634
1430,283179.787,Flight2_cam1-000-000134-0,7209696.00146074,328066.1176034537,676.131591796875,HlangwineEP,2020-01-22,2020-01-22 08:39:39.787,08:39:39,63.08422083333329,25.40525972222224
1431,283182.456,Flight2_cam1-000-000135-0,7209714.222609276,328054.3225931763,675.962158203125,HlangwineEP,2020-01-22,2020-01-22 08:39:42.456,08:39:42,63.073099999999975,25.408966666666675
1432,283184.058,Flight2_cam1-000-000136-0,7209724.820078092,328047.2355260245,675.8246459960938,HlangwineEP,2020-01-22,2020-01-22 08:39:44.058,08:39:44,63.066424999999924,25.411191666666696
1433,283185.793,Flight2_cam1-000-000137-0,7209736.30827928,328039.4279705973,675.6423950195312,HlangwineEP,2020-01-22,2020-01-22 08:39:45.793,08:39:45,63.05919583333331,25.413601388888896
1434,283187.795,Flight2_cam1-000-000138-0,7209749.320911382,328030.5146002269,675.4210205078125,HlangwineEP,2020-01-22,2020-01-22 08:39:47.795,08:39:47,63.05085416666674,25.416381944444424
1435,283189.93,Flight2_cam1-000-000139-0,7209763.480858112,328020.9279545705,675.1860961914062,HlangwineEP,2020-01-22,2020-01-22 08:39:49.930,08:39:49,63.04195833333336,25.419347222222214
1436,283192.466,Flight2_cam1-000-000140-0,7209780.323193401,328009.55168309953,674.818603515625,HlangwineEP,2020-01-22,2020-01-22 08:39:52.466,08:39:52,63.03139166666661,25.422869444444466
1437,283196.47,Flight2_cam1-000-000141-0,7209806.9283099575,327991.5598214059,674.30859375,HlangwineEP,2020-01-22,2020-01-22 08:39:56.470,08:39:56,63.01470833333345,25.42843055555552
1438,283198.472,Flight2_cam1-000-000142-0,7209820.08299591,327982.6857850562,674.1068725585938,HlangwineEP,2020-01-22,2020-01-22 08:39:58.472,08:39:58,63.00636666666663,25.431211111111125
1439,283201.141,Flight2_cam1-000-000143-0,7209837.907625617,327970.69814560126,673.8204345703125,HlangwineEP,2020-01-22,2020-01-22 08:40:01.141,08:40:01,62.99524583333332,25.434918055555563
1440,283202.476,Flight2_cam1-000-000144-0,7209846.375418032,327965.06648855493,673.7183227539062,HlangwineEP,2020-01-22,2020-01-22 08:40:02.476,08:40:02,62.98968333333323,25.436772222222256
1441,283204.478,Flight2_cam1-000-000145-0,7209860.150701338,327955.87386678194,673.5819702148438,HlangwineEP,2020-01-22,2020-01-22 08:40:04.478,08:40:04,62.98134166666665,25.439552777777784
1442,283206.48,Flight2_cam1-000-000146-0,7209873.27851017,327947.02197538887,673.4623413085938,HlangwineEP,2020-01-22,2020-01-22 08:40:06.480,08:40:06,62.97300000000008,25.44233333333331
1443,283208.615,Flight2_cam1-000-000147-0,7209887.460093416,327937.4678670543,673.2862548828125,HlangwineEP,2020-01-22,2020-01-22 08:40:08.615,08:40:08,62.96410416666671,25.4452986111111
1444,283211.018,Flight2_cam1-000-000148-0,7209903.217519787,327926.7977632006,673.2267456054688,HlangwineEP,2020-01-22,2020-01-22 08:40:11.018,08:40:11,62.95409166666674,25.44863611111109
1445,283212.486,Flight2_cam1-000-000149-0,7209912.718498016,327920.44468442956,673.2489624023438,HlangwineEP,2020-01-22,2020-01-22 08:40:12.486,08:40:12,62.9479750000001,25.45067499999997
1446,283214.488,Flight2_cam1-000-000150-0,7209926.433899526,327911.19834317255,673.2644653320312,HlangwineEP,2020-01-22,2020-01-22 08:40:14.488,08:40:14,62.93963333333328,25.453455555555575
1447,283216.49,Flight2_cam1-000-000151-0,7209939.294443722,327902.21050889464,673.3312377929688,HlangwineEP,2020-01-22,2020-01-22 08:40:16.490,08:40:16,62.93129166666671,25.4562361111111
1448,283219.026,Flight2_cam1-000-000152-0,7209956.177103596,327890.858610937,673.4395141601562,HlangwineEP,2020-01-22,2020-01-22 08:40:19.026,08:40:19,62.92072499999995,25.45975833333335
1449,283220.494,Flight2_cam1-000-000153-0,7209965.636598548,327884.4746765556,673.52197265625,HlangwineEP,2020-01-22,2020-01-22 08:40:20.494,08:40:20,62.914608333333305,25.46179722222223
1450,283222.496,Flight2_cam1-000-000154-0,7209979.338855152,327875.3077341131,673.6533813476562,HlangwineEP,2020-01-22,2020-01-22 08:40:22.496,08:40:22,62.90626666666673,25.46457777777776
1451,283224.498,Flight2_cam1-000-000155-0,7209992.556655519,327866.52339395566,673.7978515625,HlangwineEP,2020-01-22,2020-01-22 08:40:24.498,08:40:24,62.89792499999991,25.467358333333365
1452,283227.034,Flight2_cam1-000-000156-0,7210009.609825823,327855.2927063728,673.9517211914062,HlangwineEP,2020-01-22,2020-01-22 08:40:27.034,08:40:27,62.887358333333395,25.470880555555535
1453,283228.502,Flight2_cam1-000-000157-0,7210019.113877549,327848.9227574699,674.0463256835938,HlangwineEP,2020-01-22,2020-01-22 08:40:28.502,08:40:28,62.88124166666675,25.472919444444415
1454,283230.504,Flight2_cam1-000-000158-0,7210032.614255632,327839.5597336523,674.2644653320312,HlangwineEP,2020-01-22,2020-01-22 08:40:30.504,08:40:30,62.87289999999994,25.475700000000025
1455,283232.506,Flight2_cam1-000-000159-0,7210045.8176021315,327830.7677963857,674.54345703125,HlangwineEP,2020-01-22,2020-01-22 08:40:32.506,08:40:32,62.864558333333356,25.47848055555555
1456,283235.042,Flight2_cam1-000-000160-0,7210062.684593665,327819.51597649755,674.92529296875,HlangwineEP,2020-01-22,2020-01-22 08:40:35.042,08:40:35,62.8539916666666,25.4820027777778
1457,283236.51,Flight2_cam1-000-000161-0,7210072.143161617,327813.0871097228,675.1679077148438,HlangwineEP,2020-01-22,2020-01-22 08:40:36.510,08:40:36,62.84787499999996,25.48404166666668
1458,283238.512,Flight2_cam1-000-000162-0,7210085.259539803,327804.1569687907,675.5665893554688,HlangwineEP,2020-01-22,2020-01-22 08:40:38.512,08:40:38,62.839533333333385,25.48682222222221
1459,283240.514,Flight2_cam1-000-000163-0,7210099.059647807,327794.991981818,676.039794921875,HlangwineEP,2020-01-22,2020-01-22 08:40:40.514,08:40:40,62.83119166666656,25.489602777777815
1460,283243.049,Flight2_cam1-000-000164-0,7210116.088630568,327783.6647052304,676.6617431640625,HlangwineEP,2020-01-22,2020-01-22 08:40:43.049,08:40:43,62.82062916666667,25.493123611111113
1461,283244.518,Flight2_cam1-000-000165-0,7210125.480344585,327777.1957093879,677.0084838867188,HlangwineEP,2020-01-22,2020-01-22 08:40:44.518,08:40:44,62.81450833333341,25.495163888888865
1462,283246.52,Flight2_cam1-000-000166-0,7210138.575748676,327768.3440276881,677.5036010742188,HlangwineEP,2020-01-22,2020-01-22 08:40:46.520,08:40:46,62.80616666666659,25.49794444444447
1463,283248.522,Flight2_cam1-000-000167-0,7210152.224116784,327759.103074392,678.0885620117188,HlangwineEP,2020-01-22,2020-01-22 08:40:48.522,08:40:48,62.79782500000001,25.500725
1464,283250.657,Flight2_cam1-000-000168-0,7210165.792984435,327749.85407173575,678.7177124023438,HlangwineEP,2020-01-22,2020-01-22 08:40:50.657,08:40:50,62.78892916666664,25.50369027777779
1465,283253.059,Flight2_cam1-000-000169-0,7210182.15395719,327738.9454452174,679.395263671875,HlangwineEP,2020-01-22,2020-01-22 08:40:53.059,08:40:53,62.7789208333333,25.507026388888903
1466,283254.394,Flight2_cam1-000-000170-0,7210191.0662040375,327732.9166170752,679.68017578125,HlangwineEP,2020-01-22,2020-01-22 08:40:54.394,08:40:54,62.773358333333455,25.508880555555518
1467,283256.396,Flight2_cam1-000-000171-0,7210204.267596728,327724.10246295005,680.1052856445312,HlangwineEP,2020-01-22,2020-01-22 08:40:56.396,08:40:56,62.76501666666663,25.511661111111124
1468,283258.398,Flight2_cam1-000-000172-0,7210217.397416469,327715.2579570962,680.3447265625,HlangwineEP,2020-01-22,2020-01-22 08:40:58.398,08:40:58,62.75667500000006,25.51444166666665
1469,283261.067,Flight2_cam1-000-000173-0,7210235.4953554515,327703.2127980487,680.5216064453125,HlangwineEP,2020-01-22,2020-01-22 08:41:01.067,08:41:01,62.74555416666675,25.518148611111087
1470,283262.402,Flight2_cam1-000-000174-0,7210243.923605693,327697.5878451107,680.5276489257812,HlangwineEP,2020-01-22,2020-01-22 08:41:02.402,08:41:02,62.73999166666666,25.520002777777783
1471,283264.404,Flight2_cam1-000-000175-0,7210257.741434434,327688.4478192964,680.5118408203125,HlangwineEP,2020-01-22,2020-01-22 08:41:04.404,08:41:04,62.73165000000008,25.522783333333308
1472,283266.406,Flight2_cam1-000-000176-0,7210270.937315239,327679.6357414386,680.3063354492188,HlangwineEP,2020-01-22,2020-01-22 08:41:06.406,08:41:06,62.723308333333264,25.525563888888914
1473,283268.541,Flight2_cam1-000-000177-0,7210285.122487035,327670.0416013048,679.9193115234375,HlangwineEP,2020-01-22,2020-01-22 08:41:08.541,08:41:08,62.71441249999989,25.528529166666704
1474,283271.077,Flight2_cam1-000-000178-0,7210301.801206907,327658.6347674937,679.38134765625,HlangwineEP,2020-01-22,2020-01-22 08:41:11.077,08:41:11,62.703845833333375,25.532051388888878
1475,283272.412,Flight2_cam1-000-000179-0,7210310.68794254,327652.5701659325,679.0015869140625,HlangwineEP,2020-01-22,2020-01-22 08:41:12.412,08:41:12,62.698283333333286,25.533905555555574
1476,283274.414,Flight2_cam1-000-000180-0,7210323.696029268,327643.6900579494,678.3821411132812,HlangwineEP,2020-01-22,2020-01-22 08:41:14.414,08:41:14,62.68994166666671,25.5366861111111
1477,283276.416,Flight2_cam1-000-000181-0,7210336.820938664,327634.90984174784,677.697998046875,HlangwineEP,2020-01-22,2020-01-22 08:41:16.416,08:41:16,62.68159999999989,25.539466666666705
1478,283279.085,Flight2_cam1-000-000182-0,7210354.78194252,327622.8972454678,676.8295288085938,HlangwineEP,2020-01-22,2020-01-22 08:41:19.085,08:41:19,62.67047916666658,25.543173611111143
1479,283280.42,Flight2_cam1-000-000183-0,7210363.235691876,327617.2325257217,676.43798828125,HlangwineEP,2020-01-22,2020-01-22 08:41:20.420,08:41:20,62.664916666666734,25.545027777777758
1480,283282.422,Flight2_cam1-000-000184-0,7210376.822887411,327607.9473607334,675.75341796875,HlangwineEP,2020-01-22,2020-01-22 08:41:22.422,08:41:22,62.65657499999992,25.547808333333364
1481,283284.424,Flight2_cam1-000-000185-0,7210389.757953957,327599.0635642619,675.0162963867188,HlangwineEP,2020-01-22,2020-01-22 08:41:24.424,08:41:24,62.64823333333334,25.55058888888889
1482,283287.093,Flight2_cam1-000-000186-0,7210407.466574322,327586.8960918613,673.9845581054688,HlangwineEP,2020-01-22,2020-01-22 08:41:27.093,08:41:27,62.63711250000003,25.554295833333327
1483,283288.428,Flight2_cam1-000-000187-0,7210415.855732176,327581.2167458679,673.4500122070312,HlangwineEP,2020-01-22,2020-01-22 08:41:28.428,08:41:28,62.63154999999994,25.55615000000002
1484,283290.43,Flight2_cam1-000-000188-0,7210429.626845652,327572.0573035047,672.535400390625,HlangwineEP,2020-01-22,2020-01-22 08:41:30.430,08:41:30,62.623208333333366,25.55893055555555
1485,283292.432,Flight2_cam1-000-000189-0,7210442.893233949,327563.33564167935,671.5997924804688,HlangwineEP,2020-01-22,2020-01-22 08:41:32.432,08:41:32,62.614866666666785,25.561711111111073
1486,283294.434,Flight2_cam1-000-000190-0,7210456.219517083,327554.5454502137,670.5765991210938,HlangwineEP,2020-01-22,2020-01-22 08:41:34.434,08:41:34,62.60652499999996,25.56449166666668
1487,283297.103,Flight2_cam1-000-000191-0,7210474.080637468,327542.5118225826,669.0989990234375,HlangwineEP,2020-01-22,2020-01-22 08:41:37.103,08:41:37,62.595404166666654,25.568198611111118
1488,283298.438,Flight2_cam1-000-000192-0,7210482.491498405,327536.85594492254,668.368408203125,HlangwineEP,2020-01-22,2020-01-22 08:41:38.438,08:41:38,62.589841666666565,25.57005277777781
1489,283300.44,Flight2_cam1-000-000193-0,7210496.086789197,327527.6590775903,667.1937866210938,HlangwineEP,2020-01-22,2020-01-22 08:41:40.440,08:41:40,62.58149999999999,25.57283333333334
1490,283302.442,Flight2_cam1-000-000194-0,7210509.316090543,327518.82615290926,666.0745849609375,HlangwineEP,2020-01-22,2020-01-22 08:41:42.442,08:41:42,62.57315833333341,25.575613888888864
1491,283305.111,Flight2_cam1-000-000195-0,7210527.126578063,327506.863319053,664.5065307617188,HlangwineEP,2020-01-22,2020-01-22 08:41:45.111,08:41:45,62.5620375000001,25.579320833333302
1492,283306.446,Flight2_cam1-000-000196-0,7210535.511457365,327501.20972781896,663.7568969726562,HlangwineEP,2020-01-22,2020-01-22 08:41:46.446,08:41:46,62.55647500000001,25.581174999999995
1493,283308.448,Flight2_cam1-000-000197-0,7210549.104837144,327492.05456827895,662.5866088867188,HlangwineEP,2020-01-22,2020-01-22 08:41:48.448,08:41:48,62.54813333333344,25.583955555555523
1494,283310.45,Flight2_cam1-000-000198-0,7210562.3225436695,327483.2849870852,661.3956909179688,HlangwineEP,2020-01-22,2020-01-22 08:41:50.450,08:41:50,62.539791666666616,25.58673611111113
1495,283312.585,Flight2_cam1-000-000199-0,7210578.640365142,327478.30457481125,660.4207763671875,HlangwineEP,2020-01-22,2020-01-22 08:41:52.585,08:41:52,62.53089583333325,25.58970138888892
1496,283315.121,Flight2_cam1-000-000200-0,7210597.289563206,327485.64051440335,660.1414794921875,HlangwineEP,2020-01-22,2020-01-22 08:41:55.121,08:41:55,62.52032916666673,25.593223611111092
1497,283316.456,Flight2_cam1-000-000201-0,7210604.467856961,327494.22506660613,660.3831787109375,HlangwineEP,2020-01-22,2020-01-22 08:41:56.456,08:41:56,62.514766666666645,25.59507777777779
1498,283318.458,Flight2_cam1-000-000202-0,7210611.627368569,327506.7953815043,660.9132080078125,HlangwineEP,2020-01-22,2020-01-22 08:41:58.458,08:41:58,62.506425000000064,25.597858333333313
1499,283320.46,Flight2_cam1-000-000203-0,7210618.657431586,327517.79428881034,661.4237060546875,HlangwineEP,2020-01-22,2020-01-22 08:42:00.460,08:42:00,62.49808333333325,25.60063888888892
1500,283323.129,Flight2_cam1-000-000204-0,7210626.916849837,327535.98845909664,662.3832397460938,HlangwineEP,2020-01-22,2020-01-22 08:42:03.129,08:42:03,62.48696249999993,25.604345833333355
1501,283324.464,Flight2_cam1-000-000205-0,7210626.585800052,327546.06505171076,663.1671752929688,HlangwineEP,2020-01-22,2020-01-22 08:42:04.464,08:42:04,62.48140000000009,25.606199999999973
1502,283326.466,Flight2_cam1-000-000206-0,7210618.549699286,327559.56064655446,664.4569702148438,HlangwineEP,2020-01-22,2020-01-22 08:42:06.466,08:42:06,62.47305833333327,25.60898055555558
1503,283328.468,Flight2_cam1-000-000207-0,7210606.085111707,327568.38718837,665.5993041992188,HlangwineEP,2020-01-22,2020-01-22 08:42:08.468,08:42:08,62.464716666666696,25.611761111111104
1504,283330.603,Flight2_cam1-000-000208-0,7210593.891990643,327575.7322523446,666.7294921875,HlangwineEP,2020-01-22,2020-01-22 08:42:10.603,08:42:10,62.45582083333332,25.614726388888894
1505,283333.005,Flight2_cam1-000-000209-0,7210580.503207797,327584.6238282117,668.007568359375,HlangwineEP,2020-01-22,2020-01-22 08:42:13.005,08:42:13,62.44581249999998,25.618062500000008
1506,283334.474,Flight2_cam1-000-000210-0,7210571.62555076,327590.72091665945,668.8685302734375,HlangwineEP,2020-01-22,2020-01-22 08:42:14.474,08:42:14,62.43969166666672,25.620102777777763
1507,283336.475,Flight2_cam1-000-000211-0,7210559.224737929,327599.29122747155,670.0647583007812,HlangwineEP,2020-01-22,2020-01-22 08:42:16.475,08:42:16,62.431354166666765,25.622881944444416
1508,283338.477,Flight2_cam1-000-000212-0,7210546.290881678,327608.09655914945,671.2913818359375,HlangwineEP,2020-01-22,2020-01-22 08:42:18.477,08:42:18,62.42301249999994,25.62566250000002
1509,283341.013,Flight2_cam1-000-000213-0,7210529.565268612,327619.5393032661,672.8716430664062,HlangwineEP,2020-01-22,2020-01-22 08:42:21.013,08:42:21,62.41244583333343,25.629184722222192
1510,283342.481,Flight2_cam1-000-000214-0,7210520.267664338,327625.88719390135,673.7737426757812,HlangwineEP,2020-01-22,2020-01-22 08:42:22.481,08:42:22,62.406329166666545,25.631223611111153
1511,283344.483,Flight2_cam1-000-000215-0,7210506.713245968,327635.07376759144,674.9397583007812,HlangwineEP,2020-01-22,2020-01-22 08:42:24.483,08:42:24,62.39798749999997,25.634004166666678
1512,283346.485,Flight2_cam1-000-000216-0,7210493.64644756,327643.8877131338,675.9863891601562,HlangwineEP,2020-01-22,2020-01-22 08:42:26.485,08:42:26,62.38964583333339,25.636784722222203
1513,283348.621,Flight2_cam1-000-000217-0,7210479.508250529,327653.483716131,677.1289672851562,HlangwineEP,2020-01-22,2020-01-22 08:42:28.621,08:42:28,62.3807458333334,25.639751388888868
1514,283351.023,Flight2_cam1-000-000218-0,7210463.780065518,327664.0955522073,678.2750244140625,HlangwineEP,2020-01-22,2020-01-22 08:42:31.023,08:42:31,62.370737500000054,25.643087499999982
1515,283352.491,Flight2_cam1-000-000219-0,7210453.849227659,327670.75851849833,678.9404296875,HlangwineEP,2020-01-22,2020-01-22 08:42:32.491,08:42:32,62.36462083333342,25.645126388888862
1516,283354.493,Flight2_cam1-000-000220-0,7210440.657561509,327679.6001825095,679.7257080078125,HlangwineEP,2020-01-22,2020-01-22 08:42:34.493,08:42:34,62.356279166666596,25.64790694444447
1517,283356.495,Flight2_cam1-000-000221-0,7210427.535535786,327688.5105230056,680.3936767578125,HlangwineEP,2020-01-22,2020-01-22 08:42:36.495,08:42:36,62.34793750000002,25.650687499999997
1518,283359.031,Flight2_cam1-000-000222-0,7210410.611861675,327699.8964857091,681.1721801757812,HlangwineEP,2020-01-22,2020-01-22 08:42:39.031,08:42:39,62.33737083333326,25.654209722222248
1519,283360.499,Flight2_cam1-000-000223-0,7210401.180634654,327706.24678530893,681.5599365234375,HlangwineEP,2020-01-22,2020-01-22 08:42:40.499,08:42:40,62.331254166666625,25.656248611111128
1520,283362.501,Flight2_cam1-000-000224-0,7210387.496886208,327715.4007541563,682.0614624023438,HlangwineEP,2020-01-22,2020-01-22 08:42:42.501,08:42:42,62.322912500000044,25.659029166666652
1521,283364.503,Flight2_cam1-000-000225-0,7210374.371830044,327724.23814189155,682.5850219726562,HlangwineEP,2020-01-22,2020-01-22 08:42:44.503,08:42:44,62.31457083333322,25.66180972222226
1522,283366.639,Flight2_cam1-000-000226-0,7210360.136857007,327733.81280070875,683.1211547851562,HlangwineEP,2020-01-22,2020-01-22 08:42:46.639,08:42:46,62.30567083333323,25.664776388888924
1523,283369.041,Flight2_cam1-000-000227-0,7210344.363361423,327744.38640537136,683.7509155273438,HlangwineEP,2020-01-22,2020-01-22 08:42:49.041,08:42:49,62.29566249999989,25.66811250000004
1524,283370.509,Flight2_cam1-000-000228-0,7210334.38810366,327751.07019434805,684.070068359375,HlangwineEP,2020-01-22,2020-01-22 08:42:50.509,08:42:50,62.28954583333325,25.670151388888918
1525,283372.511,Flight2_cam1-000-000229-0,7210321.18834798,327759.96456703136,684.3784790039062,HlangwineEP,2020-01-22,2020-01-22 08:42:52.511,08:42:52,62.28120416666667,25.672931944444443
1526,283374.513,Flight2_cam1-000-000230-0,7210308.069596313,327768.7792873767,684.5629272460938,HlangwineEP,2020-01-22,2020-01-22 08:42:54.513,08:42:54,62.272862500000095,25.67571249999997
1527,283377.049,Flight2_cam1-000-000231-0,7210291.263505247,327780.1875769814,684.6199340820312,HlangwineEP,2020-01-22,2020-01-22 08:42:57.049,08:42:57,62.26229583333334,25.679234722222223
1528,283378.517,Flight2_cam1-000-000232-0,7210281.784551097,327786.6050722837,684.54541015625,HlangwineEP,2020-01-22,2020-01-22 08:42:58.517,08:42:58,62.2561791666667,25.681273611111102
1529,283380.519,Flight2_cam1-000-000233-0,7210267.968894949,327795.76182573393,684.3983764648438,HlangwineEP,2020-01-22,2020-01-22 08:43:00.519,08:43:00,62.24783750000012,25.684054166666627
1530,283382.521,Flight2_cam1-000-000234-0,7210254.84357611,327804.68465722224,684.0731201171875,HlangwineEP,2020-01-22,2020-01-22 08:43:02.521,08:43:02,62.2394958333333,25.686834722222233
1531,283385.057,Flight2_cam1-000-000235-0,7210238.049109686,327816.0338661648,683.4772338867188,HlangwineEP,2020-01-22,2020-01-22 08:43:05.057,08:43:05,62.22892916666679,25.690356944444407
1532,283386.525,Flight2_cam1-000-000236-0,7210228.562401831,327822.2377585951,683.1539916992188,HlangwineEP,2020-01-22,2020-01-22 08:43:06.525,08:43:06,62.222812499999904,25.692395833333368
1533,283388.527,Flight2_cam1-000-000237-0,7210214.882143121,327831.43806327233,682.5132446289062,HlangwineEP,2020-01-22,2020-01-22 08:43:08.527,08:43:08,62.21447083333332,25.695176388888893
1534,283390.529,Flight2_cam1-000-000238-0,7210201.740847411,327840.0671226202,681.8579711914062,HlangwineEP,2020-01-22,2020-01-22 08:43:10.529,08:43:10,62.20612916666675,25.697956944444417
1535,283392.665,Flight2_cam1-000-000239-0,7210187.462860778,327849.6616383393,681.168701171875,HlangwineEP,2020-01-22,2020-01-22 08:43:12.665,08:43:12,62.19722916666675,25.700923611111083
1536,283395.067,Flight2_cam1-000-000240-0,7210171.632121759,327860.2159190852,680.3531494140625,HlangwineEP,2020-01-22,2020-01-22 08:43:15.067,08:43:15,62.18722083333341,25.704259722222197
1537,283396.402,Flight2_cam1-000-000241-0,7210162.742976575,327866.30061293545,679.894287109375,HlangwineEP,2020-01-22,2020-01-22 08:43:16.402,08:43:16,62.181658333333324,25.706113888888893
1538,283398.404,Flight2_cam1-000-000242-0,7210149.600894728,327875.25550484174,679.332275390625,HlangwineEP,2020-01-22,2020-01-22 08:43:18.404,08:43:18,62.17331666666675,25.708894444444418
1539,283400.539,Flight2_cam1-000-000243-0,7210135.398727745,327884.9129946216,678.771484375,HlangwineEP,2020-01-22,2020-01-22 08:43:20.539,08:43:20,62.164420833333374,25.711859722222208
1540,283403.075,Flight2_cam1-000-000244-0,7210118.700512181,327896.4497561284,678.1813354492188,HlangwineEP,2020-01-22,2020-01-22 08:43:23.075,08:43:23,62.15385416666662,25.715381944444463
1541,283404.543,Flight2_cam1-000-000245-0,7210109.282734932,327902.7881517266,677.880859375,HlangwineEP,2020-01-22,2020-01-22 08:43:24.543,08:43:24,62.14773749999998,25.717420833333343
1542,283406.412,Flight2_cam1-000-000246-0,7210096.71295195,327911.31130084314,677.5526733398438,HlangwineEP,2020-01-22,2020-01-22 08:43:26.412,08:43:26,62.139949999999956,25.720016666666684
1543,283408.414,Flight2_cam1-000-000247-0,7210083.501507678,327920.07550059835,677.2493896484375,HlangwineEP,2020-01-22,2020-01-22 08:43:28.414,08:43:28,62.131608333333375,25.72279722222221
1544,283410.549,Flight2_cam1-000-000248-0,7210069.219086946,327929.677362596,676.975830078125,HlangwineEP,2020-01-22,2020-01-22 08:43:30.549,08:43:30,62.122712500000006,25.725762500000002
1545,283413.085,Flight2_cam1-000-000249-0,7210052.362842387,327940.9397581172,676.7753295898438,HlangwineEP,2020-01-22,2020-01-22 08:43:33.085,08:43:33,62.112145833333244,25.729284722222253
1546,283414.419,Flight2_cam1-000-000250-0,7210043.41492852,327946.97853651224,676.6868896484375,HlangwineEP,2020-01-22,2020-01-22 08:43:34.419,08:43:34,62.106587500000025,25.731137499999996
1547,283416.421,Flight2_cam1-000-000251-0,7210030.241695976,327955.8369508849,676.643310546875,HlangwineEP,2020-01-22,2020-01-22 08:43:36.421,08:43:36,62.09824583333344,25.73391805555552
1548,283418.423,Flight2_cam1-000-000252-0,7210017.1036557,327964.7215987529,676.6041870117188,HlangwineEP,2020-01-22,2020-01-22 08:43:38.423,08:43:38,62.08990416666663,25.736698611111127
1549,283421.093,Flight2_cam1-000-000253-0,7209999.17924848,327976.74830070167,676.4860229492188,HlangwineEP,2020-01-22,2020-01-22 08:43:41.093,08:43:41,62.07877916666669,25.740406944444437
1550,283422.427,Flight2_cam1-000-000254-0,7209990.195074147,327982.7803803646,676.454833984375,HlangwineEP,2020-01-22,2020-01-22 08:43:42.427,08:43:42,62.07322083333323,25.742259722222258
1551,283424.429,Flight2_cam1-000-000255-0,7209977.005324235,327991.7411678935,676.4163208007812,HlangwineEP,2020-01-22,2020-01-22 08:43:44.429,08:43:44,62.06487916666665,25.745040277777786
1552,283426.431,Flight2_cam1-000-000256-0,7209963.740136502,328000.5663865397,676.3919067382812,HlangwineEP,2020-01-22,2020-01-22 08:43:46.431,08:43:46,62.056537500000076,25.74782083333331
1553,283429.101,Flight2_cam1-000-000257-0,7209945.79538027,328012.5747021469,676.3980712890625,HlangwineEP,2020-01-22,2020-01-22 08:43:49.101,08:43:49,62.0454124999999,25.751529166666703
1554,283430.435,Flight2_cam1-000-000258-0,7209936.854133923,328018.62095491705,676.4088134765625,HlangwineEP,2020-01-22,2020-01-22 08:43:50.435,08:43:50,62.03985416666668,25.753381944444442
1555,283432.437,Flight2_cam1-000-000259-0,7209923.751503658,328027.45449165214,676.5333251953125,HlangwineEP,2020-01-22,2020-01-22 08:43:52.437,08:43:52,62.0315125000001,25.75616249999997
1556,283434.439,Flight2_cam1-000-000260-0,7209910.640840858,328036.34288202575,676.6539916992188,HlangwineEP,2020-01-22,2020-01-22 08:43:54.439,08:43:54,62.02317083333328,25.758943055555577
1557,283436.575,Flight2_cam1-000-000261-0,7209896.477395771,328045.9581409531,676.8244018554688,HlangwineEP,2020-01-22,2020-01-22 08:43:56.575,08:43:56,62.014270833333285,25.76190972222224
1558,283439.111,Flight2_cam1-000-000262-0,7209879.649778946,328057.2093425103,677.0736083984375,HlangwineEP,2020-01-22,2020-01-22 08:43:59.111,08:43:59,62.00370416666677,25.765431944444412
1559,283440.445,Flight2_cam1-000-000263-0,7209870.76635346,328063.3239924252,677.2418823242188,HlangwineEP,2020-01-22,2020-01-22 08:44:00.445,08:44:00,61.998145833333304,25.767284722222232
1560,283442.447,Flight2_cam1-000-000264-0,7209857.615029366,328072.233265767,677.565673828125,HlangwineEP,2020-01-22,2020-01-22 08:44:02.447,08:44:02,61.98980416666673,25.77006527777776
1561,283444.449,Flight2_cam1-000-000265-0,7209844.466520971,328081.0528448402,677.8097534179688,HlangwineEP,2020-01-22,2020-01-22 08:44:04.449,08:44:04,61.98146249999991,25.772845833333367
1562,283447.119,Flight2_cam1-000-000266-0,7209826.554906273,328093.04547341866,678.2389526367188,HlangwineEP,2020-01-22,2020-01-22 08:44:07.119,08:44:07,61.97033749999997,25.776554166666678
1563,283448.453,Flight2_cam1-000-000267-0,7209817.650733575,328099.0660540069,678.4620361328125,HlangwineEP,2020-01-22,2020-01-22 08:44:08.453,08:44:08,61.96477916666675,25.778406944444416
1564,283450.455,Flight2_cam1-000-000268-0,7209804.514588873,328107.881544502,678.779541015625,HlangwineEP,2020-01-22,2020-01-22 08:44:10.455,08:44:10,61.956437499999936,25.781187500000023
1565,283452.457,Flight2_cam1-000-000269-0,7209791.409453111,328116.6963279195,679.0838623046875,HlangwineEP,2020-01-22,2020-01-22 08:44:12.457,08:44:12,61.948095833333355,25.78396805555555
1566,283454.593,Flight2_cam1-000-000270-0,7209777.193068363,328126.21670059324,679.3372802734375,HlangwineEP,2020-01-22,2020-01-22 08:44:14.593,08:44:14,61.93919583333336,25.786934722222213
1567,283457.128,Flight2_cam1-000-000271-0,7209760.323159853,328137.5635613608,679.6666870117188,HlangwineEP,2020-01-22,2020-01-22 08:44:17.128,08:44:17,61.928633333333224,25.790455555555592
1568,283458.463,Flight2_cam1-000-000272-0,7209751.334173034,328143.62539864896,679.8029174804688,HlangwineEP,2020-01-22,2020-01-22 08:44:18.463,08:44:18,61.923070833333384,25.792309722222207
1569,283460.465,Flight2_cam1-000-000273-0,7209738.150175652,328152.51299212524,680.0028076171875,HlangwineEP,2020-01-22,2020-01-22 08:44:20.465,08:44:20,61.91472916666656,25.795090277777817
1570,283462.467,Flight2_cam1-000-000274-0,7209725.022190786,328161.3737565398,680.1893920898438,HlangwineEP,2020-01-22,2020-01-22 08:44:22.467,08:44:22,61.90638749999998,25.79787083333334
1571,283465.136,Flight2_cam1-000-000275-0,7209707.1123860385,328173.3824575454,680.4291381835938,HlangwineEP,2020-01-22,2020-01-22 08:44:25.136,08:44:25,61.89526666666667,25.801577777777776
1572,283466.471,Flight2_cam1-000-000276-0,7209698.145370906,328179.37417136284,680.5451049804688,HlangwineEP,2020-01-22,2020-01-22 08:44:26.471,08:44:26,61.88970416666658,25.803431944444473
1573,283468.473,Flight2_cam1-000-000277-0,7209684.957537094,328188.26681642304,680.7470092773438,HlangwineEP,2020-01-22,2020-01-22 08:44:28.473,08:44:28,61.88136250000001,25.8062125
1574,283470.475,Flight2_cam1-000-000278-0,7209671.830990037,328197.0670744161,680.888427734375,HlangwineEP,2020-01-22,2020-01-22 08:44:30.475,08:44:30,61.87302083333343,25.808993055555526
1575,283473.144,Flight2_cam1-000-000279-0,7209653.968747413,328209.0597835437,681.0823974609375,HlangwineEP,2020-01-22,2020-01-22 08:44:33.144,08:44:33,61.86190000000012,25.81269999999996
1576,283474.479,Flight2_cam1-000-000280-0,7209645.014021186,328215.1534285203,681.1348266601562,HlangwineEP,2020-01-22,2020-01-22 08:44:34.479,08:44:34,61.85633750000003,25.814554166666657
1577,283476.481,Flight2_cam1-000-000281-0,7209631.84443308,328224.0775238285,681.2542114257812,HlangwineEP,2020-01-22,2020-01-22 08:44:36.481,08:44:36,61.847995833333215,25.817334722222263
1578,283478.483,Flight2_cam1-000-000282-0,7209618.666232712,328232.8551468946,681.3656005859375,HlangwineEP,2020-01-22,2020-01-22 08:44:38.483,08:44:38,61.839654166666634,25.820115277777788
1579,283480.618,Flight2_cam1-000-000283-0,7209606.926120712,328244.89308569115,681.68115234375,HlangwineEP,2020-01-22,2020-01-22 08:44:40.618,08:44:40,61.830758333333264,25.82308055555558
1580,283483.021,Flight2_cam1-000-000284-0,7209604.179298994,328262.8229765972,682.3587036132812,HlangwineEP,2020-01-22,2020-01-22 08:44:43.021,08:44:43,61.8207458333333,25.826418055555568
1581,283484.489,Flight2_cam1-000-000285-0,7209608.890486948,328273.9009844415,682.9530029296875,HlangwineEP,2020-01-22,2020-01-22 08:44:44.489,08:44:44,61.81462916666666,25.828456944444447
1582,283486.491,Flight2_cam1-000-000286-0,7209618.383419564,328285.70262612327,683.747314453125,HlangwineEP,2020-01-22,2020-01-22 08:44:46.491,08:44:46,61.80628750000008,25.831237499999972
1583,283488.493,Flight2_cam1-000-000287-0,7209626.23070024,328295.3805840184,684.2870483398438,HlangwineEP,2020-01-22,2020-01-22 08:44:48.493,08:44:48,61.797945833333266,25.834018055555582
1584,283491.029,Flight2_cam1-000-000288-0,7209637.310699339,328309.2393596226,685.2785034179688,HlangwineEP,2020-01-22,2020-01-22 08:44:51.029,08:44:51,61.787379166666746,25.83754027777775
1585,283492.497,Flight2_cam1-000-000289-0,7209647.621216056,328315.46505927073,685.8310546875,HlangwineEP,2020-01-22,2020-01-22 08:44:52.497,08:44:52,61.78126250000011,25.83957916666663
1586,283494.499,Flight2_cam1-000-000290-0,7209662.201980386,328315.979276876,686.1270141601562,HlangwineEP,2020-01-22,2020-01-22 08:44:54.499,08:44:54,61.77292083333329,25.842359722222238
1587,283496.501,Flight2_cam1-000-000291-0,7209675.484528754,328309.7281957425,686.0843505859375,HlangwineEP,2020-01-22,2020-01-22 08:44:56.501,08:44:56,61.764579166666714,25.845140277777766
1588,283499.037,Flight2_cam1-000-000292-0,7209689.853062248,328298.7877731546,685.8405151367188,HlangwineEP,2020-01-22,2020-01-22 08:44:59.037,08:44:59,61.75401249999995,25.848662500000017
1589,283500.505,Flight2_cam1-000-000293-0,7209698.619053172,328292.81272758835,685.713134765625,HlangwineEP,2020-01-22,2020-01-22 08:45:00.505,08:45:00,61.74789583333332,25.850701388888897
1590,283502.507,Flight2_cam1-000-000294-0,7209710.908978977,328284.72039105976,685.5549926757812,HlangwineEP,2020-01-22,2020-01-22 08:45:02.507,08:45:02,61.739554166666736,25.85348194444442
1591,283504.509,Flight2_cam1-000-000295-0,7209723.701511199,328276.1154838718,685.45361328125,HlangwineEP,2020-01-22,2020-01-22 08:45:04.509,08:45:04,61.73121249999991,25.856262500000028
1592,283507.178,Flight2_cam1-000-000296-0,7209740.92029295,328264.6253162462,685.1679077148438,HlangwineEP,2020-01-22,2020-01-22 08:45:07.178,08:45:07,61.720091666666605,25.859969444444467
1593,283508.513,Flight2_cam1-000-000297-0,7209749.401883924,328259.1123931399,685.0453491210938,HlangwineEP,2020-01-22,2020-01-22 08:45:08.513,08:45:08,61.714529166666765,25.86182361111108
1594,283510.515,Flight2_cam1-000-000298-0,7209763.192971308,328250.0727635945,684.8504028320312,HlangwineEP,2020-01-22,2020-01-22 08:45:10.515,08:45:10,61.70618749999994,25.864604166666687
1595,283512.517,Flight2_cam1-000-000299-0,7209776.287568676,328241.3609400076,684.5597534179688,HlangwineEP,2020-01-22,2020-01-22 08:45:12.517,08:45:12,61.69784583333336,25.867384722222212
1596,283515.32,Flight2_cam1-000-000300-0,7209794.613811126,328229.03778543783,684.1333618164062,HlangwineEP,2020-01-22,2020-01-22 08:45:15.320,08:45:15,61.68616666666664,25.871277777777788
1597,283517.855,Flight2_cam1-000-000301-0,7209811.5611446705,328217.8187561503,683.6879272460938,HlangwineEP,2020-01-22,2020-01-22 08:45:17.855,08:45:17,61.675604166666744,25.874798611111085
1598,283518.523,Flight2_cam1-000-000302-0,7209816.351486929,328214.6873387138,683.5986328125,HlangwineEP,2020-01-22,2020-01-22 08:45:18.523,08:45:18,61.67282083333339,25.87572638888887
1599,283520.525,Flight2_cam1-000-000303-0,7209829.651172895,328205.888039764,683.2156982421875,HlangwineEP,2020-01-22,2020-01-22 08:45:20.525,08:45:20,61.66447916666657,25.878506944444478
1600,283522.527,Flight2_cam1-000-000304-0,7209842.697288074,328196.9968507328,682.8187866210938,HlangwineEP,2020-01-22,2020-01-22 08:45:22.527,08:45:22,61.65613749999999,25.881287500000003
1601,283524.796,Flight2_cam1-000-000305-0,7209857.745706083,328186.61138057616,682.3181762695312,HlangwineEP,2020-01-22,2020-01-22 08:45:24.796,08:45:24,61.64668333333344,25.88443888888885
1602,283527.465,Flight2_cam1-000-000306-0,7209874.920940436,328174.8353831673,681.6390991210938,HlangwineEP,2020-01-22,2020-01-22 08:45:27.465,08:45:27,61.63556249999989,25.888145833333372
1603,283528.533,Flight2_cam1-000-000307-0,7209882.401663905,328169.92863363435,681.2909545898438,HlangwineEP,2020-01-22,2020-01-22 08:45:28.533,08:45:28,61.631112500000015,25.889629166666662
1604,283530.535,Flight2_cam1-000-000308-0,7209895.710175253,328161.29377740953,680.7752685546875,HlangwineEP,2020-01-22,2020-01-22 08:45:30.535,08:45:30,61.62277083333344,25.892409722222187
1605,283532.403,Flight2_cam1-000-000309-0,7209907.849308551,328153.1611983506,680.315185546875,HlangwineEP,2020-01-22,2020-01-22 08:45:32.403,08:45:32,61.61498750000004,25.895004166666656
1606,283534.405,Flight2_cam1-000-000310-0,7209921.391303638,328143.7623802138,679.7484130859375,HlangwineEP,2020-01-22,2020-01-22 08:45:34.405,08:45:34,61.60664583333322,25.897784722222262
1607,283537.074,Flight2_cam1-000-000311-0,7209938.699634651,328131.9749214728,679.0879516601562,HlangwineEP,2020-01-22,2020-01-22 08:45:37.074,08:45:37,61.59552499999991,25.9014916666667
1608,283538.409,Flight2_cam1-000-000312-0,7209947.700381321,328126.08211420866,678.7653198242188,HlangwineEP,2020-01-22,2020-01-22 08:45:38.409,08:45:38,61.58996250000006,25.903345833333315
1609,283540.411,Flight2_cam1-000-000313-0,7209961.124261005,328117.3330132051,678.3804931640625,HlangwineEP,2020-01-22,2020-01-22 08:45:40.411,08:45:40,61.58162083333324,25.90612638888892
1610,283542.413,Flight2_cam1-000-000314-0,7209974.757144341,328108.07305284386,678.0592041015625,HlangwineEP,2020-01-22,2020-01-22 08:45:42.413,08:45:42,61.573279166666666,25.908906944444446
1611,283544.549,Flight2_cam1-000-000315-0,7209988.326377635,328098.8822154071,677.8672485351562,HlangwineEP,2020-01-22,2020-01-22 08:45:44.549,08:45:44,61.56437916666667,25.911873611111112
1612,283547.084,Flight2_cam1-000-000316-0,7210005.306346954,328087.574644762,677.77783203125,HlangwineEP,2020-01-22,2020-01-22 08:45:47.084,08:45:47,61.553816666666776,25.91539444444441
1613,283548.419,Flight2_cam1-000-000317-0,7210014.236961244,328081.6370195311,677.79931640625,HlangwineEP,2020-01-22,2020-01-22 08:45:48.419,08:45:48,61.54825416666669,25.917248611111106
1614,283550.421,Flight2_cam1-000-000318-0,7210027.528324831,328072.7740742826,677.8803100585938,HlangwineEP,2020-01-22,2020-01-22 08:45:50.421,08:45:50,61.53991250000011,25.92002916666663
1615,283552.423,Flight2_cam1-000-000319-0,7210041.222718969,328063.5427796261,678.0432739257812,HlangwineEP,2020-01-22,2020-01-22 08:45:52.423,08:45:52,61.53157083333329,25.922809722222237
1616,283555.092,Flight2_cam1-000-000320-0,7210058.553141971,328051.7420167053,678.4845581054688,HlangwineEP,2020-01-22,2020-01-22 08:45:55.092,08:45:55,61.52044999999998,25.926516666666675
1617,283556.427,Flight2_cam1-000-000321-0,7210067.447189331,328045.7686479571,678.8152465820312,HlangwineEP,2020-01-22,2020-01-22 08:45:56.427,08:45:56,61.514887499999894,25.92837083333337
1618,283558.429,Flight2_cam1-000-000322-0,7210080.486808586,328036.9602926442,679.28759765625,HlangwineEP,2020-01-22,2020-01-22 08:45:58.429,08:45:58,61.50654583333332,25.931151388888896
1619,283560.431,Flight2_cam1-000-000323-0,7210094.098793227,328027.7643914668,679.7681884765625,HlangwineEP,2020-01-22,2020-01-22 08:46:00.431,08:46:00,61.49820416666674,25.93393194444442
1620,283563.1,Flight2_cam1-000-000324-0,7210111.335594038,328016.09059273015,680.3927001953125,HlangwineEP,2020-01-22,2020-01-22 08:46:03.100,08:46:03,61.48708333333343,25.93763888888886
1621,283564.435,Flight2_cam1-000-000325-0,7210120.210340476,328010.0023139474,680.7129516601562,HlangwineEP,2020-01-22,2020-01-22 08:46:04.435,08:46:04,61.48152083333334,25.939493055555555
1622,283566.437,Flight2_cam1-000-000326-0,7210133.252898875,328001.17012006947,681.221923828125,HlangwineEP,2020-01-22,2020-01-22 08:46:06.437,08:46:06,61.47317916666677,25.94227361111108
1623,283568.439,Flight2_cam1-000-000327-0,7210146.460634514,327992.2644447256,681.6282348632812,HlangwineEP,2020-01-22,2020-01-22 08:46:08.439,08:46:08,61.464837499999945,25.945054166666687
1624,283570.574,Flight2_cam1-000-000328-0,7210160.721939437,327982.62556664436,682.0114135742188,HlangwineEP,2020-01-22,2020-01-22 08:46:10.574,08:46:10,61.455941666666575,25.948019444444476
1625,283573.11,Flight2_cam1-000-000329-0,7210177.356964955,327971.1918559712,682.5370483398438,HlangwineEP,2020-01-22,2020-01-22 08:46:13.110,08:46:13,61.445375000000055,25.95154166666665
1626,283574.445,Flight2_cam1-000-000330-0,7210186.2404565,327965.1277051578,682.7882080078125,HlangwineEP,2020-01-22,2020-01-22 08:46:14.445,08:46:14,61.439812499999974,25.953395833333346
1627,283576.447,Flight2_cam1-000-000331-0,7210199.471200932,327956.16165898007,683.2354736328125,HlangwineEP,2020-01-22,2020-01-22 08:46:16.447,08:46:16,61.43147083333339,25.95617638888887
1628,283578.449,Flight2_cam1-000-000332-0,7210213.3650732,327947.0561778661,683.557373046875,HlangwineEP,2020-01-22,2020-01-22 08:46:18.449,08:46:18,61.42312916666657,25.958956944444477
1629,283581.118,Flight2_cam1-000-000333-0,7210230.833528794,327935.4962409268,683.817626953125,HlangwineEP,2020-01-22,2020-01-22 08:46:21.118,08:46:21,61.41200833333326,25.962663888888912
1630,283582.453,Flight2_cam1-000-000334-0,7210239.862020226,327929.4481027814,683.9967041015625,HlangwineEP,2020-01-22,2020-01-22 08:46:22.453,08:46:22,61.40644583333342,25.96451805555553
1631,283584.455,Flight2_cam1-000-000335-0,7210253.042596268,327920.66886767873,684.23486328125,HlangwineEP,2020-01-22,2020-01-22 08:46:24.455,08:46:24,61.3981041666666,25.967298611111136
1632,283586.457,Flight2_cam1-000-000336-0,7210266.63213221,327911.45281789487,684.5572509765625,HlangwineEP,2020-01-22,2020-01-22 08:46:26.457,08:46:26,61.38976250000002,25.97007916666666
1633,283589.126,Flight2_cam1-000-000337-0,7210283.604588174,327899.5508195081,684.9281616210938,HlangwineEP,2020-01-22,2020-01-22 08:46:29.126,08:46:29,61.37864166666671,25.973786111111096
1634,283590.461,Flight2_cam1-000-000338-0,7210292.606281763,327893.46017541003,685.12451171875,HlangwineEP,2020-01-22,2020-01-22 08:46:30.461,08:46:30,61.37307916666663,25.975640277777792
1635,283592.463,Flight2_cam1-000-000339-0,7210305.718793636,327884.7053772301,685.3810424804688,HlangwineEP,2020-01-22,2020-01-22 08:46:32.463,08:46:32,61.36473750000005,25.97842083333332
1636,283594.465,Flight2_cam1-000-000340-0,7210319.101769617,327876.02347394003,685.5076904296875,HlangwineEP,2020-01-22,2020-01-22 08:46:34.465,08:46:34,61.356395833333224,25.981201388888927
1637,283596.6,Flight2_cam1-000-000341-0,7210333.650746837,327866.5158247525,685.4878540039062,HlangwineEP,2020-01-22,2020-01-22 08:46:36.600,08:46:36,61.347500000000096,25.984166666666635
1638,283599.003,Flight2_cam1-000-000342-0,7210350.096374201,327855.4896211397,685.2825927734375,HlangwineEP,2020-01-22,2020-01-22 08:46:39.003,08:46:39,61.337487499999895,25.987504166666703
1639,283600.471,Flight2_cam1-000-000343-0,7210359.44930051,327849.1229417354,685.1075439453125,HlangwineEP,2020-01-22,2020-01-22 08:46:40.471,08:46:40,61.33137083333325,25.989543055555586
1640,283602.473,Flight2_cam1-000-000344-0,7210372.455657406,327840.21152701555,684.7838134765625,HlangwineEP,2020-01-22,2020-01-22 08:46:42.473,08:46:42,61.32302916666667,25.99232361111111
1641,283604.475,Flight2_cam1-000-000345-0,7210386.059228381,327831.05193867336,684.408203125,HlangwineEP,2020-01-22,2020-01-22 08:46:44.475,08:46:44,61.3146875000001,25.995104166666636
1642,283607.144,Flight2_cam1-000-000346-0,7210403.477320848,327819.35817610845,683.746337890625,HlangwineEP,2020-01-22,2020-01-22 08:46:47.144,08:46:47,61.30356666666679,25.998811111111074
1643,283608.479,Flight2_cam1-000-000347-0,7210412.475523487,327813.4344829157,683.2947998046875,HlangwineEP,2020-01-22,2020-01-22 08:46:48.479,08:46:48,61.2980041666667,26.00066527777777
1644,283610.481,Flight2_cam1-000-000348-0,7210425.544171,327804.61766542995,682.6451416015625,HlangwineEP,2020-01-22,2020-01-22 08:46:50.481,08:46:50,61.28966249999988,26.003445833333373
1645,283612.483,Flight2_cam1-000-000349-0,7210438.624135724,327795.7988224955,681.9136962890625,HlangwineEP,2020-01-22,2020-01-22 08:46:52.483,08:46:52,61.281320833333304,26.0062263888889
1646,283614.618,Flight2_cam1-000-000350-0,7210452.830985531,327786.1475037137,681.16845703125,HlangwineEP,2020-01-22,2020-01-22 08:46:54.618,08:46:54,61.27242499999993,26.00919166666669
1647,283617.02,Flight2_cam1-000-000351-0,7210469.089231642,327775.09505404014,680.202392578125,HlangwineEP,2020-01-22,2020-01-22 08:46:57.020,08:46:57,61.26241666666659,26.012527777777805
1648,283618.489,Flight2_cam1-000-000352-0,7210478.478390301,327768.8131969082,679.68603515625,HlangwineEP,2020-01-22,2020-01-22 08:46:58.489,08:46:58,61.256295833333326,26.014568055555557
1649,283620.49,Flight2_cam1-000-000353-0,7210491.342095116,327759.8828326244,678.9727783203125,HlangwineEP,2020-01-22,2020-01-22 08:47:00.490,08:47:00,61.24795833333337,26.01734722222221
1650,283622.492,Flight2_cam1-000-000354-0,7210504.842142504,327750.5150981812,678.11572265625,HlangwineEP,2020-01-22,2020-01-22 08:47:02.492,08:47:02,61.23961666666655,26.020127777777816
1651,283625.028,Flight2_cam1-000-000355-0,7210521.798330758,327739.14099332364,676.9974975585938,HlangwineEP,2020-01-22,2020-01-22 08:47:05.028,08:47:05,61.229050000000036,26.02364999999999
1652,283626.496,Flight2_cam1-000-000356-0,7210531.458045442,327733.02177416376,676.2879638671875,HlangwineEP,2020-01-22,2020-01-22 08:47:06.496,08:47:06,61.2229333333334,26.02568888888887
1653,283628.498,Flight2_cam1-000-000357-0,7210544.654102283,327724.3862582058,675.2454223632812,HlangwineEP,2020-01-22,2020-01-22 08:47:08.498,08:47:08,61.21459166666658,26.028469444444475
1654,283630.5,Flight2_cam1-000-000358-0,7210557.675101529,327715.42119742977,674.2626342773438,HlangwineEP,2020-01-22,2020-01-22 08:47:10.500,08:47:10,61.20625,26.03125
1655,283632.636,Flight2_cam1-000-000359-0,7210571.721069144,327705.75506645907,673.0303344726562,HlangwineEP,2020-01-22,2020-01-22 08:47:12.636,08:47:12,61.19735000000001,26.034216666666666
1656,283635.038,Flight2_cam1-000-000360-0,7210588.383607978,327694.9485086744,671.5294799804688,HlangwineEP,2020-01-22,2020-01-22 08:47:15.038,08:47:15,61.18734166666667,26.03755277777778
1657,283636.506,Flight2_cam1-000-000361-0,7210597.876857964,327688.6640124633,670.635009765625,HlangwineEP,2020-01-22,2020-01-22 08:47:16.506,08:47:16,61.181225000000026,26.03959166666666
1658,283638.508,Flight2_cam1-000-000362-0,7210610.795789115,327679.83565718017,669.33740234375,HlangwineEP,2020-01-22,2020-01-22 08:47:18.508,08:47:18,61.172883333333445,26.042372222222184
1659,283640.51,Flight2_cam1-000-000363-0,7210624.458458388,327670.6670985641,668.0738525390625,HlangwineEP,2020-01-22,2020-01-22 08:47:20.510,08:47:20,61.16454166666663,26.045152777777794
1660,283643.046,Flight2_cam1-000-000364-0,7210641.346904744,327659.46853775094,666.541748046875,HlangwineEP,2020-01-22,2020-01-22 08:47:23.046,08:47:23,61.153975000000116,26.048674999999964
1661,283644.514,Flight2_cam1-000-000365-0,7210650.863248516,327653.07974923006,665.6302490234375,HlangwineEP,2020-01-22,2020-01-22 08:47:24.514,08:47:24,61.14785833333323,26.050713888888925
1662,283646.516,Flight2_cam1-000-000366-0,7210663.877649225,327644.17385481653,664.4286499023438,HlangwineEP,2020-01-22,2020-01-22 08:47:26.516,08:47:26,61.13951666666665,26.05349444444445
1663,283648.518,Flight2_cam1-000-000367-0,7210678.066862121,327637.5455934526,663.3937377929688,HlangwineEP,2020-01-22,2020-01-22 08:47:28.518,08:47:28,61.13117500000008,26.056274999999978
1664,283650.654,Flight2_cam1-000-000368-0,7210694.757378456,327639.12604065135,662.9956665039062,HlangwineEP,2020-01-22,2020-01-22 08:47:30.654,08:47:30,61.12227500000008,26.05924166666664
1665,283653.056,Flight2_cam1-000-000369-0,7210709.242855951,327652.7893108219,663.5477294921875,HlangwineEP,2020-01-22,2020-01-22 08:47:33.056,08:47:33,61.11226666666674,26.062577777777754
1666,283654.524,Flight2_cam1-000-000370-0,7210714.960589826,327662.79091343074,664.1245727539062,HlangwineEP,2020-01-22,2020-01-22 08:47:34.524,08:47:34,61.1061500000001,26.064616666666634
1667,283656.526,Flight2_cam1-000-000371-0,7210722.013593642,327674.19198347186,664.8135986328125,HlangwineEP,2020-01-22,2020-01-22 08:47:36.526,08:47:36,61.09780833333328,26.06739722222224
1668,283658.528,Flight2_cam1-000-000372-0,7210729.1987713035,327686.5587052052,665.60986328125,HlangwineEP,2020-01-22,2020-01-22 08:47:38.528,08:47:38,61.0894666666667,26.07017777777777
1669,283661.064,Flight2_cam1-000-000373-0,7210730.555307679,327706.2139641142,666.961181640625,HlangwineEP,2020-01-22,2020-01-22 08:47:41.064,08:47:41,61.07889999999995,26.07370000000002
1670,283662.532,Flight2_cam1-000-000374-0,7210725.014174566,327715.74193292705,667.6761474609375,HlangwineEP,2020-01-22,2020-01-22 08:47:42.532,08:47:42,61.072783333333305,26.0757388888889
1671,283664.534,Flight2_cam1-000-000375-0,7210713.48235514,327725.2112144985,668.5313720703125,HlangwineEP,2020-01-22,2020-01-22 08:47:44.534,08:47:44,61.06444166666673,26.078519444444424
1672,283666.536,Flight2_cam1-000-000376-0,7210701.441770085,327732.27491930034,669.2293701171875,HlangwineEP,2020-01-22,2020-01-22 08:47:46.536,08:47:46,61.05609999999991,26.08130000000003
1673,283669.072,Flight2_cam1-000-000377-0,7210687.448455276,327741.6883901928,670.1281127929688,HlangwineEP,2020-01-22,2020-01-22 08:47:49.072,08:47:49,61.045533333333395,26.084822222222204
1674,283670.407,Flight2_cam1-000-000378-0,7210679.9304214455,327746.866187801,670.6115112304688,HlangwineEP,2020-01-22,2020-01-22 08:47:50.407,08:47:50,61.03997083333331,26.0866763888889
1675,283672.409,Flight2_cam1-000-000379-0,7210667.152665833,327755.8683266258,671.3717041015625,HlangwineEP,2020-01-22,2020-01-22 08:47:52.409,08:47:52,61.03162916666673,26.089456944444425
1676,283674.411,Flight2_cam1-000-000380-0,7210654.1817066055,327764.73825547344,672.1668090820312,HlangwineEP,2020-01-22,2020-01-22 08:47:54.411,08:47:54,61.02328749999991,26.09223750000003
1677,283677.08,Flight2_cam1-000-000381-0,7210636.963207638,327776.4556721218,673.2553100585938,HlangwineEP,2020-01-22,2020-01-22 08:47:57.080,08:47:57,61.0121666666666,26.09594444444447
1678,283678.415,Flight2_cam1-000-000382-0,7210628.035779882,327782.41232449294,673.7921752929688,HlangwineEP,2020-01-22,2020-01-22 08:47:58.415,08:47:58,61.006604166666754,26.097798611111084
1679,283680.417,Flight2_cam1-000-000383-0,7210614.830077909,327791.1803867721,674.5817260742188,HlangwineEP,2020-01-22,2020-01-22 08:48:00.417,08:48:00,60.99826249999993,26.10057916666669
1680,283682.419,Flight2_cam1-000-000384-0,7210601.283138812,327800.4013588618,675.4580688476562,HlangwineEP,2020-01-22,2020-01-22 08:48:02.419,08:48:02,60.98992083333336,26.103359722222216
1681,283685.088,Flight2_cam1-000-000385-0,7210584.087397559,327812.0175888038,676.5396118164062,HlangwineEP,2020-01-22,2020-01-22 08:48:05.088,08:48:05,60.97880000000005,26.107066666666654
1682,283686.423,Flight2_cam1-000-000386-0,7210575.249825427,327818.03559703514,677.1368408203125,HlangwineEP,2020-01-22,2020-01-22 08:48:06.423,08:48:06,60.97323749999996,26.10892083333335
1683,283688.425,Flight2_cam1-000-000387-0,7210562.044046078,327826.8488499163,677.9998168945312,HlangwineEP,2020-01-22,2020-01-22 08:48:08.425,08:48:08,60.96489583333338,26.111701388888875
1684,283690.427,Flight2_cam1-000-000388-0,7210548.348366749,327836.0318290293,678.8463134765625,HlangwineEP,2020-01-22,2020-01-22 08:48:10.427,08:48:10,60.956554166666564,26.11448194444448
1685,283692.562,Flight2_cam1-000-000389-0,7210536.232777124,327844.1958792678,679.3696899414062,HlangwineEP,2020-01-22,2020-01-22 08:48:12.562,08:48:12,60.947658333333436,26.11744722222219
1686,283695.098,Flight2_cam1-000-000390-0,7210513.776981866,327856.8468270252,679.3901977539062,HlangwineEP,2020-01-22,2020-01-22 08:48:15.098,08:48:15,60.937091666666674,26.120969444444444
1687,283696.432,Flight2_cam1-000-000391-0,7210496.9005047195,327862.72490982764,679.493408203125,HlangwineEP,2020-01-22,2020-01-22 08:48:16.432,08:48:16,60.93153333333345,26.122822222222183
1688,283698.434,Flight2_cam1-000-000392-0,7210469.901357194,327863.41134498245,679.385009765625,HlangwineEP,2020-01-22,2020-01-22 08:48:18.434,08:48:18,60.92319166666663,26.125602777777793
1689,283700.436,Flight2_cam1-000-000393-0,7210447.020548655,327858.3387767425,678.6580810546875,HlangwineEP,2020-01-22,2020-01-22 08:48:20.436,08:48:20,60.91485000000006,26.128383333333318
1690,284050.784,Flight2_cam1-001-000000-0,7210129.19788299,327783.0683505285,572.2882690429688,HlangwineEP,2020-01-22,2020-01-22 08:54:10.784,08:54:10,59.45506666666673,26.61497777777776
1691,284052.252,Flight2_cam1-001-000001-0,7210131.617171759,327782.7736798853,575.2620849609375,HlangwineEP,2020-01-22,2020-01-22 08:54:12.252,08:54:12,59.44895000000009,26.61701666666664
1692,284054.254,Flight2_cam1-001-000002-0,7210138.803231186,327782.45589471294,580.9497680664062,HlangwineEP,2020-01-22,2020-01-22 08:54:14.254,08:54:14,59.44060833333327,26.619797222222246
1693,284056.256,Flight2_cam1-001-000003-0,7210149.446566008,327780.29947685276,587.0447998046875,HlangwineEP,2020-01-22,2020-01-22 08:54:16.256,08:54:16,59.43226666666669,26.62257777777777
1694,284058.792,Flight2_cam1-001-000004-0,7210163.110771683,327778.2541895895,594.9854125976562,HlangwineEP,2020-01-22,2020-01-22 08:54:18.792,08:54:18,59.42169999999993,26.626100000000022
1695,284060.26,Flight2_cam1-001-000005-0,7210169.753379341,327777.79095289996,600.2853393554688,HlangwineEP,2020-01-22,2020-01-22 08:54:20.260,08:54:20,59.415583333333295,26.628138888888905
1696,284062.262,Flight2_cam1-001-000006-0,7210178.295620803,327777.7141839094,607.7666015625,HlangwineEP,2020-01-22,2020-01-22 08:54:22.262,08:54:22,59.40724166666672,26.63091944444443
1697,284064.264,Flight2_cam1-001-000007-0,7210186.669933894,327778.29027618305,615.1922607421875,HlangwineEP,2020-01-22,2020-01-22 08:54:24.264,08:54:24,59.3988999999999,26.633700000000037
1698,284066.266,Flight2_cam1-001-000008-0,7210196.795815726,327778.9545959981,622.8839721679688,HlangwineEP,2020-01-22,2020-01-22 08:54:26.266,08:54:26,59.39055833333332,26.63648055555556
1699,284068.802,Flight2_cam1-001-000009-0,7210218.667783332,327778.9671917688,631.976318359375,HlangwineEP,2020-01-22,2020-01-22 08:54:28.802,08:54:28,59.37999166666656,26.640002777777816
1700,284070.27,Flight2_cam1-001-000010-0,7210233.139300876,327778.722474042,637.4209594726562,HlangwineEP,2020-01-22,2020-01-22 08:54:30.270,08:54:30,59.37387499999992,26.642041666666692
1701,284072.272,Flight2_cam1-001-000011-0,7210251.301755175,327778.3667095499,644.9053344726562,HlangwineEP,2020-01-22,2020-01-22 08:54:32.272,08:54:32,59.365533333333346,26.64482222222222
1702,284074.274,Flight2_cam1-001-000012-0,7210269.199672709,327777.9479312139,652.826171875,HlangwineEP,2020-01-22,2020-01-22 08:54:34.274,08:54:34,59.357191666666765,26.647602777777745
1703,284076.81,Flight2_cam1-001-000013-0,7210290.004423661,327777.2848330145,661.9713134765625,HlangwineEP,2020-01-22,2020-01-22 08:54:36.810,08:54:36,59.34662500000001,26.651125
1704,284078.278,Flight2_cam1-001-000014-0,7210302.264596526,327776.78987203655,667.6107788085938,HlangwineEP,2020-01-22,2020-01-22 08:54:38.278,08:54:38,59.34050833333337,26.653163888888876
1705,284080.28,Flight2_cam1-001-000015-0,7210318.188803282,327776.3327097077,675.0860595703125,HlangwineEP,2020-01-22,2020-01-22 08:54:40.280,08:54:40,59.33216666666655,26.655944444444486
1706,284082.282,Flight2_cam1-001-000016-0,7210334.261553395,327776.13511928596,678.8446655273438,HlangwineEP,2020-01-22,2020-01-22 08:54:42.282,08:54:42,59.32382499999997,26.65872500000001
1707,284084.818,Flight2_cam1-001-000017-0,7210355.499526028,327776.0386951971,679.0349731445312,HlangwineEP,2020-01-22,2020-01-22 08:54:44.818,08:54:44,59.313258333333216,26.662247222222263
1708,284086.152,Flight2_cam1-001-000018-0,7210367.136069796,327776.0349118585,678.7910766601562,HlangwineEP,2020-01-22,2020-01-22 08:54:46.152,08:54:46,59.30769999999999,26.664100000000005
1709,284088.154,Flight2_cam1-001-000019-0,7210384.626797588,327775.89316627546,678.8582153320312,HlangwineEP,2020-01-22,2020-01-22 08:54:48.154,08:54:48,59.299358333333416,26.66688055555553
1710,284090.156,Flight2_cam1-001-000020-0,7210402.705474235,327775.94270762143,678.6640014648438,HlangwineEP,2020-01-22,2020-01-22 08:54:50.156,08:54:50,59.29101666666659,26.669661111111136
1711,284092.292,Flight2_cam1-001-000021-0,7210420.282689382,327776.0808315881,678.643798828125,HlangwineEP,2020-01-22,2020-01-22 08:54:52.292,08:54:52,59.2821166666666,26.6726277777778
1712,284094.828,Flight2_cam1-001-000022-0,7210438.994242784,327776.03899856977,678.5955810546875,HlangwineEP,2020-01-22,2020-01-22 08:54:54.828,08:54:54,59.27155000000008,26.67614999999997
1713,284096.162,Flight2_cam1-001-000023-0,7210448.630657507,327775.8564508956,678.5309448242188,HlangwineEP,2020-01-22,2020-01-22 08:54:56.162,08:54:56,59.26599166666662,26.678002777777795
1714,284098.164,Flight2_cam1-001-000024-0,7210463.2052079365,327775.4141789235,678.4771118164062,HlangwineEP,2020-01-22,2020-01-22 08:54:58.164,08:54:58,59.25765000000004,26.68078333333332
1715,284100.166,Flight2_cam1-001-000025-0,7210480.080693698,327775.1507123266,678.4779052734375,HlangwineEP,2020-01-22,2020-01-22 08:55:00.166,08:55:00,59.249308333333225,26.683563888888926
1716,284102.835,Flight2_cam1-001-000026-0,7210507.6266904585,327774.59102374944,678.693603515625,HlangwineEP,2020-01-22,2020-01-22 08:55:02.835,08:55:02,59.23818749999991,26.687270833333365
1717,284104.17,Flight2_cam1-001-000027-0,7210522.742255111,327773.9221855423,678.6752319335938,HlangwineEP,2020-01-22,2020-01-22 08:55:04.170,08:55:04,59.23262500000007,26.68912499999998
1718,284106.172,Flight2_cam1-001-000028-0,7210545.472438935,327772.4693856777,678.58251953125,HlangwineEP,2020-01-22,2020-01-22 08:55:06.172,08:55:06,59.22428333333325,26.691905555555586
1719,284108.174,Flight2_cam1-001-000029-0,7210566.774056015,327770.73605418205,678.5726318359375,HlangwineEP,2020-01-22,2020-01-22 08:55:08.174,08:55:08,59.21594166666667,26.69468611111111
1720,284110.31,Flight2_cam1-001-000030-0,7210579.23457616,327768.5839731748,678.449462890625,HlangwineEP,2020-01-22,2020-01-22 08:55:10.310,08:55:10,59.207041666666676,26.697652777777776
1721,284112.845,Flight2_cam1-001-000031-0,7210586.145051222,327765.8623991199,678.3485107421875,HlangwineEP,2020-01-22,2020-01-22 08:55:12.845,08:55:12,59.196479166666784,26.701173611111074
1722,284114.18,Flight2_cam1-001-000032-0,7210593.023243294,327765.709616381,678.2752075195312,HlangwineEP,2020-01-22,2020-01-22 08:55:14.180,08:55:14,59.190916666666695,26.70302777777777
1723,284117.116,Flight2_cam1-001-000033-0,7210592.36764686,327768.1099933022,678.2465209960938,HlangwineEP,2020-01-22,2020-01-22 08:55:17.116,08:55:17,59.17868333333342,26.70710555555553
1724,284118.184,Flight2_cam1-001-000034-0,7210589.258722713,327772.3412187565,678.3222045898438,HlangwineEP,2020-01-22,2020-01-22 08:55:18.184,08:55:18,59.1742333333333,26.7085888888889
1725,284120.186,Flight2_cam1-001-000035-0,7210582.64938565,327785.62182896375,678.479736328125,HlangwineEP,2020-01-22,2020-01-22 08:55:20.186,08:55:20,59.165891666666724,26.71136944444443
1726,284122.188,Flight2_cam1-001-000036-0,7210576.279745796,327800.7941163494,678.7996215820312,HlangwineEP,2020-01-22,2020-01-22 08:55:22.188,08:55:22,59.1575499999999,26.714150000000036
1727,284124.19,Flight2_cam1-001-000037-0,7210570.090781298,327815.1812111494,679.1803588867188,HlangwineEP,2020-01-22,2020-01-22 08:55:24.190,08:55:24,59.14920833333332,26.71693055555556
1728,284126.859,Flight2_cam1-001-000038-0,7210566.629048446,327824.45021574484,679.1578369140625,HlangwineEP,2020-01-22,2020-01-22 08:55:26.859,08:55:26,59.13808750000001,26.720637499999995
1729,284130.329,Flight2_cam1-001-000039-0,7210563.241925949,327825.80013394105,679.3069458007812,HlangwineEP,2020-01-22,2020-01-22 08:55:30.329,08:55:30,59.123629166666554,26.725456944444485
1730,284132.198,Flight2_cam1-001-000040-0,7210554.81052845,327831.0859506789,679.947265625,HlangwineEP,2020-01-22,2020-01-22 08:55:32.198,08:55:32,59.11584166666677,26.728052777777744
1731,284134.2,Flight2_cam1-001-000041-0,7210541.883380443,327840.14280668745,680.8546752929688,HlangwineEP,2020-01-22,2020-01-22 08:55:34.200,08:55:34,59.10749999999995,26.73083333333335
1732,284136.202,Flight2_cam1-001-000042-0,7210528.486710489,327849.6118630424,681.7400512695312,HlangwineEP,2020-01-22,2020-01-22 08:55:36.202,08:55:36,59.09915833333338,26.733613888888875
1733,284138.871,Flight2_cam1-001-000043-0,7210511.151531421,327861.6662924006,683.006103515625,HlangwineEP,2020-01-22,2020-01-22 08:55:38.871,08:55:38,59.08803750000006,26.737320833333314
1734,284140.206,Flight2_cam1-001-000044-0,7210502.270493771,327867.6188942533,683.7023315429688,HlangwineEP,2020-01-22,2020-01-22 08:55:40.206,08:55:40,59.082474999999974,26.73917500000001
1735,284142.208,Flight2_cam1-001-000045-0,7210489.234757729,327876.3715636749,684.6966552734375,HlangwineEP,2020-01-22,2020-01-22 08:55:42.208,08:55:42,59.0741333333334,26.741955555555535
1736,284144.21,Flight2_cam1-001-000046-0,7210475.701001277,327885.4015396588,685.4407348632812,HlangwineEP,2020-01-22,2020-01-22 08:55:44.210,08:55:44,59.06579166666658,26.74473611111114
1737,284146.345,Flight2_cam1-001-000047-0,7210461.5075392425,327894.90912084444,686.4064331054688,HlangwineEP,2020-01-22,2020-01-22 08:55:46.345,08:55:46,59.05689583333345,26.747701388888853
1738,284148.748,Flight2_cam1-001-000048-0,7210445.862755371,327905.5207480307,687.489501953125,HlangwineEP,2020-01-22,2020-01-22 08:55:48.748,08:55:48,59.04688333333324,26.75103888888892
1739,284150.216,Flight2_cam1-001-000049-0,7210436.480923143,327911.8653515531,687.9533081054688,HlangwineEP,2020-01-22,2020-01-22 08:55:50.216,08:55:50,59.040766666666606,26.7530777777778
1740,284152.218,Flight2_cam1-001-000050-0,7210422.799902162,327920.9588545149,688.673583984375,HlangwineEP,2020-01-22,2020-01-22 08:55:52.218,08:55:52,59.032425000000025,26.755858333333325
1741,284154.22,Flight2_cam1-001-000051-0,7210409.65204872,327929.80970466905,689.3037719726562,HlangwineEP,2020-01-22,2020-01-22 08:55:54.220,08:55:54,59.02408333333345,26.758638888888854
1742,284156.756,Flight2_cam1-001-000052-0,7210392.870450048,327941.21531810716,689.623291015625,HlangwineEP,2020-01-22,2020-01-22 08:55:56.756,08:55:56,59.01351666666669,26.762161111111105
1743,284158.224,Flight2_cam1-001-000053-0,7210383.545932811,327947.6309968628,689.8649291992188,HlangwineEP,2020-01-22,2020-01-22 08:55:58.224,08:55:58,59.007400000000054,26.764199999999985
1744,284160.226,Flight2_cam1-001-000054-0,7210369.770865219,327956.8057307884,690.112060546875,HlangwineEP,2020-01-22,2020-01-22 08:56:00.226,08:56:00,58.99905833333323,26.76698055555559
1745,284162.228,Flight2_cam1-001-000055-0,7210356.576922521,327965.75648606115,690.0989990234375,HlangwineEP,2020-01-22,2020-01-22 08:56:02.228,08:56:02,58.99071666666666,26.769761111111116
1746,284164.897,Flight2_cam1-001-000056-0,7210339.2867647335,327977.44260394375,689.9187622070312,HlangwineEP,2020-01-22,2020-01-22 08:56:04.897,08:56:04,58.97959583333335,26.773468055555554
1747,284166.232,Flight2_cam1-001-000057-0,7210330.503763946,327983.35901751276,689.73681640625,HlangwineEP,2020-01-22,2020-01-22 08:56:06.232,08:56:06,58.97403333333326,26.77532222222225
1748,284168.234,Flight2_cam1-001-000058-0,7210317.378460453,327992.14954573824,689.3642578125,HlangwineEP,2020-01-22,2020-01-22 08:56:08.234,08:56:08,58.96569166666668,26.778102777777775
1749,284170.236,Flight2_cam1-001-000059-0,7210303.57937617,328001.29107840103,688.891845703125,HlangwineEP,2020-01-22,2020-01-22 08:56:10.236,08:56:10,58.957350000000105,26.7808833333333
1750,284172.905,Flight2_cam1-001-000060-0,7210286.173632656,328012.9407890291,688.2974243164062,HlangwineEP,2020-01-22,2020-01-22 08:56:12.905,08:56:12,58.94622916666655,26.784590277777816
1751,284174.24,Flight2_cam1-001-000061-0,7210277.258945057,328018.9789726072,688.0742797851562,HlangwineEP,2020-01-22,2020-01-22 08:56:14.240,08:56:14,58.94066666666671,26.786444444444435
1752,284176.242,Flight2_cam1-001-000062-0,7210264.195384897,328027.85431204055,687.5933837890625,HlangwineEP,2020-01-22,2020-01-22 08:56:16.242,08:56:16,58.932324999999885,26.78922500000004
1753,284178.244,Flight2_cam1-001-000063-0,7210250.541080685,328037.16514901345,687.1365356445312,HlangwineEP,2020-01-22,2020-01-22 08:56:18.244,08:56:18,58.92398333333331,26.792005555555566
1754,284180.379,Flight2_cam1-001-000064-0,7210236.918509178,328046.46215439937,686.6556396484375,HlangwineEP,2020-01-22,2020-01-22 08:56:20.379,08:56:20,58.915087499999935,26.794970833333355
1755,284182.781,Flight2_cam1-001-000065-0,7210220.558089835,328057.2908454868,686.2598876953125,HlangwineEP,2020-01-22,2020-01-22 08:56:22.781,08:56:22,58.905079166666596,26.79830694444447
1756,284184.25,Flight2_cam1-001-000066-0,7210211.028014444,328063.6571969554,686.0535278320312,HlangwineEP,2020-01-22,2020-01-22 08:56:24.250,08:56:24,58.89895833333333,26.800347222222225
1757,284186.252,Flight2_cam1-001-000067-0,7210197.799227774,328072.5083462931,685.4567260742188,HlangwineEP,2020-01-22,2020-01-22 08:56:26.252,08:56:26,58.89061666666676,26.80312777777775
1758,284188.254,Flight2_cam1-001-000068-0,7210184.199696735,328081.91437869123,685.0103759765625,HlangwineEP,2020-01-22,2020-01-22 08:56:28.254,08:56:28,58.882274999999936,26.805908333333356
1759,284190.789,Flight2_cam1-001-000069-0,7210167.192491172,328093.217453518,684.5618896484375,HlangwineEP,2020-01-22,2020-01-22 08:56:30.789,08:56:30,58.871712500000044,26.809429166666654
1760,284192.258,Flight2_cam1-001-000070-0,7210157.506783208,328099.6472077848,684.1242065429688,HlangwineEP,2020-01-22,2020-01-22 08:56:32.258,08:56:32,58.86559166666678,26.81146944444441
1761,284194.26,Flight2_cam1-001-000071-0,7210144.486672718,328108.50288512465,683.608642578125,HlangwineEP,2020-01-22,2020-01-22 08:56:34.260,08:56:34,58.857249999999965,26.814250000000015
1762,284196.261,Flight2_cam1-001-000072-0,7210131.141165634,328117.54369672167,683.0170288085938,HlangwineEP,2020-01-22,2020-01-22 08:56:36.261,08:56:36,58.848912500000004,26.817029166666664
1763,284198.263,Flight2_cam1-001-000073-0,7210117.960069197,328126.34495084925,682.4923706054688,HlangwineEP,2020-01-22,2020-01-22 08:56:38.263,08:56:38,58.84057083333343,26.819809722222193
1764,284200.799,Flight2_cam1-001-000074-0,7210101.000523554,328137.707335855,682.0269775390625,HlangwineEP,2020-01-22,2020-01-22 08:56:40.799,08:56:40,58.83000416666667,26.823331944444444
1765,284202.267,Flight2_cam1-001-000075-0,7210091.53000024,328144.16052767064,681.637451171875,HlangwineEP,2020-01-22,2020-01-22 08:56:42.267,08:56:42,58.82388750000003,26.825370833333324
1766,284204.269,Flight2_cam1-001-000076-0,7210078.398444796,328152.89107897284,681.2367553710938,HlangwineEP,2020-01-22,2020-01-22 08:56:44.269,08:56:44,58.81554583333345,26.82815138888885
1767,284206.271,Flight2_cam1-001-000077-0,7210064.680173246,328162.0296511745,681.0150146484375,HlangwineEP,2020-01-22,2020-01-22 08:56:46.271,08:56:46,58.80720416666664,26.83093194444446
1768,284208.807,Flight2_cam1-001-000078-0,7210047.788632275,328173.64032563125,680.8633422851562,HlangwineEP,2020-01-22,2020-01-22 08:56:48.807,08:56:48,58.79663750000012,26.834454166666628
1769,284210.275,Flight2_cam1-001-000079-0,7210038.329392185,328179.95876515185,680.9151000976562,HlangwineEP,2020-01-22,2020-01-22 08:56:50.275,08:56:50,58.79052083333323,26.83649305555559
1770,284212.277,Flight2_cam1-001-000080-0,7210025.148061741,328188.86810282647,680.943115234375,HlangwineEP,2020-01-22,2020-01-22 08:56:52.277,08:56:52,58.78217916666666,26.839273611111114
1771,284214.279,Flight2_cam1-001-000081-0,7210011.655221481,328198.1574916313,681.1807861328125,HlangwineEP,2020-01-22,2020-01-22 08:56:54.279,08:56:54,58.773837500000084,26.842054166666642
1772,284216.815,Flight2_cam1-001-000082-0,7209995.209475778,328209.0885103217,681.607666015625,HlangwineEP,2020-01-22,2020-01-22 08:56:56.815,08:56:56,58.76327083333332,26.845576388888894
1773,284218.283,Flight2_cam1-001-000083-0,7209985.284365846,328215.8302120997,681.9183959960938,HlangwineEP,2020-01-22,2020-01-22 08:56:58.283,08:56:58,58.75715416666668,26.847615277777773
1774,284220.152,Flight2_cam1-001-000084-0,7209972.647854714,328224.4731355121,682.4115600585938,HlangwineEP,2020-01-22,2020-01-22 08:57:00.152,08:57:00,58.74936666666666,26.850211111111115
1775,284222.154,Flight2_cam1-001-000085-0,7209959.535964316,328233.24013092835,682.8826904296875,HlangwineEP,2020-01-22,2020-01-22 08:57:02.154,08:57:02,58.74102500000008,26.85299166666664
1776,284224.289,Flight2_cam1-001-000086-0,7209945.304303741,328242.724828842,683.5709228515625,HlangwineEP,2020-01-22,2020-01-22 08:57:04.289,08:57:04,58.73212916666671,26.855956944444433
1777,284226.825,Flight2_cam1-001-000087-0,7209928.441193942,328253.8983510233,684.3430786132812,HlangwineEP,2020-01-22,2020-01-22 08:57:06.825,08:57:06,58.72156249999995,26.859479166666684
1778,284228.293,Flight2_cam1-001-000088-0,7209919.004035622,328260.18503421877,684.6277465820312,HlangwineEP,2020-01-22,2020-01-22 08:57:08.293,08:57:08,58.71544583333331,26.861518055555564
1779,284230.295,Flight2_cam1-001-000089-0,7209905.885913413,328268.9762794541,685.2420043945312,HlangwineEP,2020-01-22,2020-01-22 08:57:10.295,08:57:10,58.70710416666674,26.86429861111109
1780,284232.164,Flight2_cam1-001-000090-0,7209893.269835787,328277.665151795,685.9122924804688,HlangwineEP,2020-01-22,2020-01-22 08:57:12.164,08:57:12,58.69931666666671,26.866894444444434
1781,284234.833,Flight2_cam1-001-000091-0,7209875.956347829,328289.55185463524,686.6527709960938,HlangwineEP,2020-01-22,2020-01-22 08:57:14.833,08:57:14,58.688195833333396,26.87060138888887
1782,284236.168,Flight2_cam1-001-000092-0,7209867.066475585,328295.5376652466,686.985595703125,HlangwineEP,2020-01-22,2020-01-22 08:57:16.168,08:57:16,58.682633333333314,26.872455555555565
1783,284238.17,Flight2_cam1-001-000093-0,7209853.393676278,328304.68293059926,687.6880493164062,HlangwineEP,2020-01-22,2020-01-22 08:57:18.170,08:57:18,58.67429166666673,26.87523611111109
1784,284240.172,Flight2_cam1-001-000094-0,7209840.226157565,328313.7582747453,688.2183837890625,HlangwineEP,2020-01-22,2020-01-22 08:57:20.172,08:57:20,58.66594999999992,26.878016666666696
1785,284242.307,Flight2_cam1-001-000095-0,7209826.02948285,328323.2520237735,688.9142456054688,HlangwineEP,2020-01-22,2020-01-22 08:57:22.307,08:57:22,58.65705416666678,26.880981944444407
1786,284244.843,Flight2_cam1-001-000096-0,7209809.043674789,328334.4877076129,689.5635375976562,HlangwineEP,2020-01-22,2020-01-22 08:57:24.843,08:57:24,58.64648750000003,26.88450416666666
1787,284246.178,Flight2_cam1-001-000097-0,7209800.1773615405,328340.4405756563,689.8837890625,HlangwineEP,2020-01-22,2020-01-22 08:57:26.178,08:57:26,58.64092499999994,26.886358333333355
1788,284248.18,Flight2_cam1-001-000098-0,7209787.189285326,328349.32734766,690.5591430664062,HlangwineEP,2020-01-22,2020-01-22 08:57:28.180,08:57:28,58.632583333333365,26.88913888888888
1789,284250.182,Flight2_cam1-001-000099-0,7209773.963787064,328358.11826162046,691.0910034179688,HlangwineEP,2020-01-22,2020-01-22 08:57:30.182,08:57:30,58.624241666666784,26.891919444444405
1790,284252.851,Flight2_cam1-001-000100-0,7209755.948526768,328370.35254064517,691.6780395507812,HlangwineEP,2020-01-22,2020-01-22 08:57:32.851,08:57:32,58.613120833333234,26.895626388888925
1791,284254.186,Flight2_cam1-001-000101-0,7209747.679038621,328375.95207757724,692.1465454101562,HlangwineEP,2020-01-22,2020-01-22 08:57:34.186,08:57:34,58.60755833333339,26.89748055555554
1792,284256.188,Flight2_cam1-001-000102-0,7209733.964384917,328385.2014832565,692.7828369140625,HlangwineEP,2020-01-22,2020-01-22 08:57:36.188,08:57:36,58.599216666666564,26.900261111111146
1793,284258.19,Flight2_cam1-001-000103-0,7209721.870522434,328395.381132651,693.539306640625,HlangwineEP,2020-01-22,2020-01-22 08:57:38.190,08:57:38,58.59087499999999,26.90304166666667
1794,284260.325,Flight2_cam1-001-000104-0,7209715.696753126,328411.1055166293,694.2853393554688,HlangwineEP,2020-01-22,2020-01-22 08:57:40.325,08:57:40,58.58197916666662,26.906006944444464
1795,284262.727,Flight2_cam1-001-000105-0,7209721.230906067,328428.7895595835,694.7839965820312,HlangwineEP,2020-01-22,2020-01-22 08:57:42.727,08:57:42,58.571970833333275,26.909343055555574
1796,284264.196,Flight2_cam1-001-000106-0,7209729.0641023135,328438.3438084565,695.0806274414062,HlangwineEP,2020-01-22,2020-01-22 08:57:44.196,08:57:44,58.56585000000001,26.91138333333333
1797,284266.198,Flight2_cam1-001-000107-0,7209736.780575813,328447.8112899455,695.3110961914062,HlangwineEP,2020-01-22,2020-01-22 08:57:46.198,08:57:46,58.55750833333344,26.914163888888854
1798,284268.2,Flight2_cam1-001-000108-0,7209744.825047106,328458.92420978844,695.7008056640625,HlangwineEP,2020-01-22,2020-01-22 08:57:48.200,08:57:48,58.54916666666662,26.91694444444446
1799,284270.869,Flight2_cam1-001-000109-0,7209762.55851402,328470.348071341,695.865478515625,HlangwineEP,2020-01-22,2020-01-22 08:57:50.869,08:57:50,58.53804583333331,26.9206513888889
1800,284272.203,Flight2_cam1-001-000110-0,7209772.190179133,328470.44873518404,695.6585693359375,HlangwineEP,2020-01-22,2020-01-22 08:57:52.203,08:57:52,58.53248750000009,26.92250416666664
1801,284274.205,Flight2_cam1-001-000111-0,7209785.469469341,328464.9594215902,694.6526489257812,HlangwineEP,2020-01-22,2020-01-22 08:57:54.205,08:57:54,58.524145833333264,26.925284722222248
1802,284276.207,Flight2_cam1-001-000112-0,7209797.66341617,328455.7367642645,693.8849487304688,HlangwineEP,2020-01-22,2020-01-22 08:57:56.207,08:57:56,58.51580416666669,26.928065277777772
1803,284278.877,Flight2_cam1-001-000113-0,7209812.392730158,328445.6375935734,692.77197265625,HlangwineEP,2020-01-22,2020-01-22 08:57:58.877,08:57:58,58.504679166666754,26.931773611111083
1804,284280.211,Flight2_cam1-001-000114-0,7209820.674440406,328440.384566505,692.2874755859375,HlangwineEP,2020-01-22,2020-01-22 08:58:00.211,08:58:00,58.49912083333329,26.933626388888904
1805,284282.213,Flight2_cam1-001-000115-0,7209834.06825386,328431.73431875976,691.43408203125,HlangwineEP,2020-01-22,2020-01-22 08:58:02.213,08:58:02,58.49077916666671,26.936406944444432
1806,284284.215,Flight2_cam1-001-000116-0,7209847.183378366,328423.091358474,690.5979614257812,HlangwineEP,2020-01-22,2020-01-22 08:58:04.215,08:58:04,58.48243749999989,26.93918750000004
1807,284286.885,Flight2_cam1-001-000117-0,7209864.276398381,328411.41652685433,689.40087890625,HlangwineEP,2020-01-22,2020-01-22 08:58:06.885,08:58:06,58.47131249999996,26.94289583333335
1808,284288.219,Flight2_cam1-001-000118-0,7209873.102996776,328405.46075383516,688.8187255859375,HlangwineEP,2020-01-22,2020-01-22 08:58:08.219,08:58:08,58.46575416666674,26.944748611111088
1809,284290.221,Flight2_cam1-001-000119-0,7209886.062895578,328396.7299749852,687.8729858398438,HlangwineEP,2020-01-22,2020-01-22 08:58:10.221,08:58:10,58.45741249999992,26.947529166666698
1810,284292.223,Flight2_cam1-001-000120-0,7209900.079468309,328387.6404629677,687.1038818359375,HlangwineEP,2020-01-22,2020-01-22 08:58:12.223,08:58:12,58.44907083333334,26.950309722222222
1811,284294.359,Flight2_cam1-001-000121-0,7209914.284871165,328378.14704804623,686.3056640625,HlangwineEP,2020-01-22,2020-01-22 08:58:14.359,08:58:14,58.44017083333335,26.953276388888888
1812,284296.761,Flight2_cam1-001-000122-0,7209929.791255556,328367.3476193,685.7013549804688,HlangwineEP,2020-01-22,2020-01-22 08:58:16.761,08:58:16,58.43016250000001,26.9566125
1813,284298.229,Flight2_cam1-001-000123-0,7209939.081480645,328360.92424335564,685.4825439453125,HlangwineEP,2020-01-22,2020-01-22 08:58:18.229,08:58:18,58.424045833333366,26.95865138888888
1814,284300.231,Flight2_cam1-001-000124-0,7209952.820082931,328351.7175466196,685.0157470703125,HlangwineEP,2020-01-22,2020-01-22 08:58:20.231,08:58:20,58.41570416666654,26.961431944444485
1815,284302.233,Flight2_cam1-001-000125-0,7209965.998351755,328342.88334677473,684.6062622070312,HlangwineEP,2020-01-22,2020-01-22 08:58:22.233,08:58:22,58.40736249999997,26.964212500000013
1816,284304.769,Flight2_cam1-001-000126-0,7209982.924072314,328331.4159728307,684.3786010742188,HlangwineEP,2020-01-22,2020-01-22 08:58:24.769,08:58:24,58.39679583333346,26.967734722222183
1817,284306.237,Flight2_cam1-001-000127-0,7209992.365773708,328325.13913634245,684.2774658203125,HlangwineEP,2020-01-22,2020-01-22 08:58:26.237,08:58:26,58.39067916666657,26.969773611111144
1818,284308.239,Flight2_cam1-001-000128-0,7210005.730421841,328316.2947706841,684.2041015625,HlangwineEP,2020-01-22,2020-01-22 08:58:28.239,08:58:28,58.38233749999999,26.97255416666667
1819,284310.241,Flight2_cam1-001-000129-0,7210019.4509834815,328307.279449124,684.173828125,HlangwineEP,2020-01-22,2020-01-22 08:58:30.241,08:58:30,58.37399583333342,26.975334722222197
1820,284312.377,Flight2_cam1-001-000130-0,7210033.703140924,328297.8614763182,684.3473510742188,HlangwineEP,2020-01-22,2020-01-22 08:58:32.377,08:58:32,58.36509583333342,26.97830138888886
1821,284314.779,Flight2_cam1-001-000131-0,7210049.552038642,328287.1306859387,684.3113403320312,HlangwineEP,2020-01-22,2020-01-22 08:58:34.779,08:58:34,58.35508750000008,26.981637499999977
1822,284316.247,Flight2_cam1-001-000132-0,7210058.9847954465,328280.8171961698,684.2205200195312,HlangwineEP,2020-01-22,2020-01-22 08:58:36.247,08:58:36,58.34897083333344,26.983676388888853
1823,284318.249,Flight2_cam1-001-000133-0,7210072.631841965,328271.63606663496,684.2658081054688,HlangwineEP,2020-01-22,2020-01-22 08:58:38.249,08:58:38,58.34062916666662,26.986456944444463
1824,284320.251,Flight2_cam1-001-000134-0,7210085.627910484,328262.7268565192,684.2677612304688,HlangwineEP,2020-01-22,2020-01-22 08:58:40.251,08:58:40,58.33228750000004,26.989237499999987
1825,284322.787,Flight2_cam1-001-000135-0,7210102.554257586,328251.38225434726,684.3573608398438,HlangwineEP,2020-01-22,2020-01-22 08:58:42.787,08:58:42,58.32172083333329,26.99275972222224
1826,284324.255,Flight2_cam1-001-000136-0,7210112.120535631,328245.0876731792,684.4427490234375,HlangwineEP,2020-01-22,2020-01-22 08:58:44.255,08:58:44,58.315604166666645,26.99479861111112
1827,284326.257,Flight2_cam1-001-000137-0,7210125.389818117,328236.2370083933,684.6474609375,HlangwineEP,2020-01-22,2020-01-22 08:58:46.257,08:58:46,58.30726250000007,26.997579166666647
1828,284328.259,Flight2_cam1-001-000138-0,7210139.120995069,328227.0739940446,684.9666748046875,HlangwineEP,2020-01-22,2020-01-22 08:58:48.259,08:58:48,58.29892083333325,27.00035972222225
1829,284330.795,Flight2_cam1-001-000139-0,7210156.019336088,328215.7662449829,685.3409423828125,HlangwineEP,2020-01-22,2020-01-22 08:58:50.795,08:58:50,58.288354166666736,27.003881944444423
1830,284332.263,Flight2_cam1-001-000140-0,7210165.472745188,328209.43929617177,685.5952758789062,HlangwineEP,2020-01-22,2020-01-22 08:58:52.263,08:58:52,58.28223750000009,27.005920833333303
1831,284334.265,Flight2_cam1-001-000141-0,7210178.547434112,328200.3887114995,685.9998779296875,HlangwineEP,2020-01-22,2020-01-22 08:58:54.265,08:58:54,58.27389583333328,27.00870138888891
1832,284336.267,Flight2_cam1-001-000142-0,7210192.003545426,328191.08329293923,686.41357421875,HlangwineEP,2020-01-22,2020-01-22 08:58:56.267,08:58:56,58.265554166666696,27.011481944444434
1833,284338.269,Flight2_cam1-001-000143-0,7210205.138303891,328182.2470261707,686.8693237304688,HlangwineEP,2020-01-22,2020-01-22 08:58:58.269,08:58:58,58.25721250000012,27.014262499999962
1834,284340.805,Flight2_cam1-001-000144-0,7210221.891508566,328170.7595866998,687.411865234375,HlangwineEP,2020-01-22,2020-01-22 08:59:00.805,08:59:00,58.24664583333336,27.017784722222213
1835,284342.273,Flight2_cam1-001-000145-0,7210231.271072563,328164.34057906194,687.7241821289062,HlangwineEP,2020-01-22,2020-01-22 08:59:02.273,08:59:02,58.240529166666725,27.019823611111093
1836,284344.275,Flight2_cam1-001-000146-0,7210244.920644447,328155.1111451223,688.1873168945312,HlangwineEP,2020-01-22,2020-01-22 08:59:04.275,08:59:04,58.2321874999999,27.0226041666667
1837,284346.277,Flight2_cam1-001-000147-0,7210258.190549824,328146.3419590382,688.5421142578125,HlangwineEP,2020-01-22,2020-01-22 08:59:06.277,08:59:06,58.22384583333333,27.025384722222228
1838,284348.813,Flight2_cam1-001-000148-0,7210275.21616398,328135.20484897704,688.8724975585938,HlangwineEP,2020-01-22,2020-01-22 08:59:08.813,08:59:08,58.21327916666657,27.02890694444448
1839,284350.281,Flight2_cam1-001-000149-0,7210284.698337962,328128.87867380737,689.087158203125,HlangwineEP,2020-01-22,2020-01-22 08:59:10.281,08:59:10,58.207162499999924,27.03094583333336
1840,284352.283,Flight2_cam1-001-000150-0,7210297.922548844,328119.9031539221,689.2677612304688,HlangwineEP,2020-01-22,2020-01-22 08:59:12.283,08:59:12,58.19882083333335,27.033726388888883
1841,284354.285,Flight2_cam1-001-000151-0,7210311.598522332,328110.681619587,689.3986206054688,HlangwineEP,2020-01-22,2020-01-22 08:59:14.285,08:59:14,58.190479166666776,27.03650694444441
1842,284356.287,Flight2_cam1-001-000152-0,7210324.716225676,328101.7237297866,689.45751953125,HlangwineEP,2020-01-22,2020-01-22 08:59:16.287,08:59:16,58.18213749999995,27.039287500000018
1843,284358.823,Flight2_cam1-001-000153-0,7210341.547885637,328090.38918665494,689.4906616210938,HlangwineEP,2020-01-22,2020-01-22 08:59:18.823,08:59:18,58.17157083333344,27.042809722222188
1844,284360.291,Flight2_cam1-001-000154-0,7210351.004241116,328084.14417196176,689.4679565429688,HlangwineEP,2020-01-22,2020-01-22 08:59:20.291,08:59:20,58.16545416666656,27.04484861111115
1845,284362.159,Flight2_cam1-001-000155-0,7210363.664541487,328075.71069777984,689.4562377929688,HlangwineEP,2020-01-22,2020-01-22 08:59:22.159,08:59:22,58.1576708333334,27.047443055555537
1846,284364.295,Flight2_cam1-001-000156-0,7210377.905989092,328066.14866450196,689.328125,HlangwineEP,2020-01-22,2020-01-22 08:59:24.295,08:59:24,58.1487708333334,27.050409722222202
1847,284366.831,Flight2_cam1-001-000157-0,7210394.725037722,328054.811158875,689.3052978515625,HlangwineEP,2020-01-22,2020-01-22 08:59:26.831,08:59:26,58.13820416666664,27.053931944444454
1848,284368.165,Flight2_cam1-001-000158-0,7210403.566419426,328048.7597122641,689.2630615234375,HlangwineEP,2020-01-22,2020-01-22 08:59:28.165,08:59:28,58.13264583333342,27.055784722222196
1849,284370.167,Flight2_cam1-001-000159-0,7210416.670968894,328039.7982020589,689.1937255859375,HlangwineEP,2020-01-22,2020-01-22 08:59:30.167,08:59:30,58.124304166666604,27.058565277777802
1850,284372.169,Flight2_cam1-001-000160-0,7210429.8539223205,328030.965385334,689.0272216796875,HlangwineEP,2020-01-22,2020-01-22 08:59:32.169,08:59:32,58.11596250000002,27.061345833333327
1851,284374.305,Flight2_cam1-001-000161-0,7210443.99874519,328021.54354312207,688.7349853515625,HlangwineEP,2020-01-22,2020-01-22 08:59:34.305,08:59:34,58.107062500000026,27.064312499999993
1852,284376.707,Flight2_cam1-001-000162-0,7210459.491768095,328010.7891786895,688.3173828125,HlangwineEP,2020-01-22,2020-01-22 08:59:36.707,08:59:36,58.09705416666669,27.067648611111107
1853,284378.175,Flight2_cam1-001-000163-0,7210469.523142807,328004.0840693027,687.9808959960938,HlangwineEP,2020-01-22,2020-01-22 08:59:38.175,08:59:38,58.09093750000005,27.069687499999986
1854,284380.177,Flight2_cam1-001-000164-0,7210482.830635435,327995.2554662572,687.4119873046875,HlangwineEP,2020-01-22,2020-01-22 08:59:40.177,08:59:40,58.08259583333323,27.072468055555593
1855,284382.179,Flight2_cam1-001-000165-0,7210496.02889661,327986.34369049297,686.799560546875,HlangwineEP,2020-01-22,2020-01-22 08:59:42.179,08:59:42,58.07425416666665,27.075248611111117
1856,284384.849,Flight2_cam1-001-000166-0,7210514.10875753,327974.42751887103,685.7698364257812,HlangwineEP,2020-01-22,2020-01-22 08:59:44.849,08:59:44,58.06312916666672,27.07895694444443
1857,284386.183,Flight2_cam1-001-000167-0,7210523.001714017,327968.4460899414,685.1742553710938,HlangwineEP,2020-01-22,2020-01-22 08:59:46.183,08:59:46,58.05757083333325,27.08080972222225
1858,284388.185,Flight2_cam1-001-000168-0,7210536.206958139,327959.59832972905,684.2051391601562,HlangwineEP,2020-01-22,2020-01-22 08:59:48.185,08:59:48,58.04922916666668,27.083590277777777
1859,284390.187,Flight2_cam1-001-000169-0,7210549.19455931,327950.73507021705,683.1922607421875,HlangwineEP,2020-01-22,2020-01-22 08:59:50.187,08:59:50,58.040887500000096,27.0863708333333
1860,284392.323,Flight2_cam1-001-000170-0,7210563.462423289,327941.34795914125,682.1422729492188,HlangwineEP,2020-01-22,2020-01-22 08:59:52.323,08:59:52,58.031987500000106,27.089337499999967
1861,284394.725,Flight2_cam1-001-000171-0,7210579.094768383,327930.52976872836,680.9509887695312,HlangwineEP,2020-01-22,2020-01-22 08:59:54.725,08:59:54,58.02197916666677,27.09267361111108
1862,284396.193,Flight2_cam1-001-000172-0,7210588.919702776,327923.7164236929,680.248046875,HlangwineEP,2020-01-22,2020-01-22 08:59:56.193,08:59:56,58.01586249999988,27.094712500000043
1863,284398.195,Flight2_cam1-001-000173-0,7210601.986049886,327914.90177685034,679.3656616210938,HlangwineEP,2020-01-22,2020-01-22 08:59:58.195,08:59:58,58.0075208333333,27.097493055555567
1864,284400.197,Flight2_cam1-001-000174-0,7210615.259888362,327906.18591627583,678.5282592773438,HlangwineEP,2020-01-22,2020-01-22 09:00:00.197,09:00:00,57.999616944444476,27.10011491666666
1865,284402.866,Flight2_cam1-001-000175-0,7210633.221670301,327894.2009120048,677.363037109375,HlangwineEP,2020-01-22,2020-01-22 09:00:02.866,09:00:02,57.994427222222264,27.101671833333324
1866,284404.201,Flight2_cam1-001-000176-0,7210642.0081576565,327888.13180937164,676.8135375976562,HlangwineEP,2020-01-22,2020-01-22 09:00:04.201,09:00:04,57.99183138888889,27.102450583333336
1867,284406.203,Flight2_cam1-001-000177-0,7210655.0341572855,327879.2278491651,676.0220947265625,HlangwineEP,2020-01-22,2020-01-22 09:00:06.203,09:00:06,57.987938611111154,27.103618416666656
1868,284408.205,Flight2_cam1-001-000178-0,7210668.055448232,327870.3478943227,675.2359008789062,HlangwineEP,2020-01-22,2020-01-22 09:00:08.205,09:00:08,57.984045833333305,27.10478625000001
1869,284410.341,Flight2_cam1-001-000179-0,7210682.351265331,327860.8674707436,674.41650390625,HlangwineEP,2020-01-22,2020-01-22 09:00:10.341,09:00:10,57.97989249999997,27.10603225000001
1870,284412.743,Flight2_cam1-001-000180-0,7210698.341152668,327850.3324779742,673.51513671875,HlangwineEP,2020-01-22,2020-01-22 09:00:12.743,09:00:12,57.975221944444414,27.107433416666677
1871,284414.211,Flight2_cam1-001-000181-0,7210708.321438136,327843.63828773587,672.9817504882812,HlangwineEP,2020-01-22,2020-01-22 09:00:14.211,09:00:14,57.97236749999998,27.108289750000008
1872,284416.213,Flight2_cam1-001-000182-0,7210721.582623568,327834.8002823598,672.2881469726562,HlangwineEP,2020-01-22,2020-01-22 09:00:16.213,09:00:16,57.96847472222225,27.109457583333327
1873,284418.215,Flight2_cam1-001-000183-0,7210734.637684835,327825.87323553057,671.6240234375,HlangwineEP,2020-01-22,2020-01-22 09:00:18.215,09:00:18,57.9645819444444,27.110625416666682
1874,284420.884,Flight2_cam1-001-000184-0,7210752.752955617,327813.8888324107,670.7520751953125,HlangwineEP,2020-01-22,2020-01-22 09:00:20.884,09:00:20,57.959392222222185,27.112182333333347
1875,284422.219,Flight2_cam1-001-000185-0,7210761.7641126625,327807.9566601465,670.3294067382812,HlangwineEP,2020-01-22,2020-01-22 09:00:22.219,09:00:22,57.956796388888925,27.112961083333325
1876,284424.221,Flight2_cam1-001-000186-0,7210775.117155897,327799.5084728405,669.6576538085938,HlangwineEP,2020-01-22,2020-01-22 09:00:24.221,09:00:24,57.952903611111076,27.11412891666668
1877,284426.223,Flight2_cam1-001-000187-0,7210790.382324105,327795.7703248522,668.9774169921875,HlangwineEP,2020-01-22,2020-01-22 09:00:26.223,09:00:26,57.94901083333334,27.11529675
1878,284428.358,Flight2_cam1-001-000188-0,7210805.758176595,327802.169713552,668.5447998046875,HlangwineEP,2020-01-22,2020-01-22 09:00:28.358,09:00:28,57.94485944444443,27.116542166666672
1879,284430.761,Flight2_cam1-001-000189-0,7210817.665719423,327817.92173523037,668.5775756835938,HlangwineEP,2020-01-22,2020-01-22 09:00:30.761,09:00:30,57.94018694444445,27.11794391666667
1880,284432.229,Flight2_cam1-001-000190-0,7210822.841246488,327826.96773627284,668.5074462890625,HlangwineEP,2020-01-22,2020-01-22 09:00:32.229,09:00:32,57.93733250000002,27.118800249999996
1881,284434.231,Flight2_cam1-001-000191-0,7210829.8587850835,327837.7426894342,668.572021484375,HlangwineEP,2020-01-22,2020-01-22 09:00:34.231,09:00:34,57.93343972222217,27.11996808333335
1882,284436.233,Flight2_cam1-001-000192-0,7210835.724970246,327850.7782809525,668.7828369140625,HlangwineEP,2020-01-22,2020-01-22 09:00:36.233,09:00:36,57.92954694444443,27.121135916666674
1883,284438.902,Flight2_cam1-001-000193-0,7210832.472017478,327871.49966959987,669.7008056640625,HlangwineEP,2020-01-22,2020-01-22 09:00:38.902,09:00:38,57.92435722222222,27.122692833333335
1884,284440.237,Flight2_cam1-001-000194-0,7210825.798211031,327879.021130221,670.2369384765625,HlangwineEP,2020-01-22,2020-01-22 09:00:40.237,09:00:40,57.92176138888885,27.123471583333348
1885,284442.239,Flight2_cam1-001-000195-0,7210812.88736023,327887.4050926423,671.0620727539062,HlangwineEP,2020-01-22,2020-01-22 09:00:42.239,09:00:42,57.91786861111111,27.124639416666668
1886,284444.241,Flight2_cam1-001-000196-0,7210801.499101126,327894.2603959958,671.782958984375,HlangwineEP,2020-01-22,2020-01-22 09:00:44.241,09:00:44,57.913975833333375,27.12580724999999
1887,284446.376,Flight2_cam1-001-000197-0,7210789.02627603,327902.74079359067,672.7892456054688,HlangwineEP,2020-01-22,2020-01-22 09:00:46.376,09:00:46,57.90982444444447,27.12705266666666
1888,284448.779,Flight2_cam1-001-000198-0,7210774.4136772975,327913.1054346856,673.9191284179688,HlangwineEP,2020-01-22,2020-01-22 09:00:48.779,09:00:48,57.90515194444448,27.128454416666656
1889,284450.247,Flight2_cam1-001-000199-0,7210764.446379601,327919.9878253622,674.6544799804688,HlangwineEP,2020-01-22,2020-01-22 09:00:50.247,09:00:50,57.90229750000005,27.129310749999988
1890,284452.249,Flight2_cam1-001-000200-0,7210751.292190673,327928.9038401736,675.5463256835938,HlangwineEP,2020-01-22,2020-01-22 09:00:52.249,09:00:52,57.8984047222222,27.130478583333343
1891,284454.251,Flight2_cam1-001-000201-0,7210738.242004991,327937.7965814618,676.5087890625,HlangwineEP,2020-01-22,2020-01-22 09:00:54.251,09:00:54,57.89451194444447,27.131646416666662
1892,284456.787,Flight2_cam1-001-000202-0,7210721.593840785,327949.03889037133,677.7649536132812,HlangwineEP,2020-01-22,2020-01-22 09:00:56.787,09:00:56,57.88958083333331,27.13312575000001
1893,284458.255,Flight2_cam1-001-000203-0,7210711.690547623,327955.7117580075,678.5759887695312,HlangwineEP,2020-01-22,2020-01-22 09:00:58.255,09:00:58,57.88672638888888,27.133982083333336
1894,284460.257,Flight2_cam1-001-000204-0,7210698.685014093,327964.5728857821,679.5164794921875,HlangwineEP,2020-01-22,2020-01-22 09:01:00.257,09:01:00,57.882833611111145,27.13514991666666
1895,284462.259,Flight2_cam1-001-000205-0,7210685.60953237,327973.3653783413,680.4872436523438,HlangwineEP,2020-01-22,2020-01-22 09:01:02.259,09:01:02,57.878940833333296,27.136317750000014
1896,284464.394,Flight2_cam1-001-000206-0,7210671.350821832,327982.8333507853,681.2896728515625,HlangwineEP,2020-01-22,2020-01-22 09:01:04.394,09:01:04,57.8747894444445,27.137563166666652
1897,284466.797,Flight2_cam1-001-000207-0,7210655.577229031,327993.51740218385,682.2891235351562,HlangwineEP,2020-01-22,2020-01-22 09:01:06.797,09:01:06,57.870116944444405,27.13896491666668
1898,284468.265,Flight2_cam1-001-000208-0,7210645.650123406,328000.21417035116,683.0059204101562,HlangwineEP,2020-01-22,2020-01-22 09:01:08.265,09:01:08,57.867262499999974,27.139821250000008
1899,284470.267,Flight2_cam1-001-000209-0,7210632.516670909,328009.1417864482,683.9495849609375,HlangwineEP,2020-01-22,2020-01-22 09:01:10.267,09:01:10,57.86336972222224,27.14098908333333
1900,284472.269,Flight2_cam1-001-000210-0,7210619.225706285,328017.9361702985,684.7747802734375,HlangwineEP,2020-01-22,2020-01-22 09:01:12.269,09:01:12,57.8594769444445,27.14215691666665
1901,284474.804,Flight2_cam1-001-000211-0,7210602.369167568,328029.37991836225,685.8071899414062,HlangwineEP,2020-01-22,2020-01-22 09:01:14.804,09:01:14,57.85454777777777,27.143635666666672
1902,284476.273,Flight2_cam1-001-000212-0,7210592.522457752,328036.024792384,686.4833984375,HlangwineEP,2020-01-22,2020-01-22 09:01:16.273,09:01:16,57.851691388888916,27.144492583333328
1903,284478.275,Flight2_cam1-001-000213-0,7210579.335410563,328044.7796522592,687.2657470703125,HlangwineEP,2020-01-22,2020-01-22 09:01:18.275,09:01:18,57.84779861111107,27.145660416666683
1904,284480.277,Flight2_cam1-001-000214-0,7210566.218736013,328053.5276066698,688.0361328125,HlangwineEP,2020-01-22,2020-01-22 09:01:20.277,09:01:20,57.84390583333333,27.146828250000002
1905,284482.812,Flight2_cam1-001-000215-0,7210549.585010029,328064.8395139574,689.0185546875,HlangwineEP,2020-01-22,2020-01-22 09:01:22.812,09:01:22,57.83897666666671,27.14830699999999
1906,284484.281,Flight2_cam1-001-000216-0,7210539.64103045,328071.77921930957,689.57373046875,HlangwineEP,2020-01-22,2020-01-22 09:01:24.281,09:01:24,57.836120277777745,27.149163916666676
1907,284486.282,Flight2_cam1-001-000217-0,7210526.517783483,328080.8253424703,690.2267456054688,HlangwineEP,2020-01-22,2020-01-22 09:01:26.282,09:01:26,57.83222944444443,27.15033116666667
1908,284488.284,Flight2_cam1-001-000218-0,7210513.215885386,328089.567846871,690.748779296875,HlangwineEP,2020-01-22,2020-01-22 09:01:28.284,09:01:28,57.828336666666694,27.151498999999994
1909,284490.82,Flight2_cam1-001-000219-0,7210496.492718741,328100.9189277761,691.3956298828125,HlangwineEP,2020-01-22,2020-01-22 09:01:30.820,09:01:30,57.82340555555554,27.15297833333334
1910,284492.288,Flight2_cam1-001-000220-0,7210487.146182573,328107.2212681745,691.76171875,HlangwineEP,2020-01-22,2020-01-22 09:01:32.288,09:01:32,57.82055111111111,27.15383466666667
1911,284494.29,Flight2_cam1-001-000221-0,7210473.33712825,328116.5202872717,692.1588745117188,HlangwineEP,2020-01-22,2020-01-22 09:01:34.290,09:01:34,57.81665833333337,27.155002499999988
1912,284496.292,Flight2_cam1-001-000222-0,7210460.176740823,328125.46506913763,692.2596435546875,HlangwineEP,2020-01-22,2020-01-22 09:01:36.292,09:01:36,57.81276555555552,27.156170333333343
1913,284498.294,Flight2_cam1-001-000223-0,7210446.979780986,328134.3517193054,692.5989990234375,HlangwineEP,2020-01-22,2020-01-22 09:01:38.294,09:01:38,57.808872777777786,27.157338166666666
1914,284500.83,Flight2_cam1-001-000224-0,7210430.245191512,328145.478088522,692.6591186523438,HlangwineEP,2020-01-22,2020-01-22 09:01:40.830,09:01:40,57.80394166666664,27.158817500000012
1915,284502.165,Flight2_cam1-001-000225-0,7210421.331133714,328151.46562717285,692.5835571289062,HlangwineEP,2020-01-22,2020-01-22 09:01:42.165,09:01:42,57.80134583333337,27.15959624999999
1916,284504.167,Flight2_cam1-001-000226-0,7210408.156950178,328160.2955492997,692.9076538085938,HlangwineEP,2020-01-22,2020-01-22 09:01:44.167,09:01:44,57.79745305555552,27.160764083333344
1917,284506.169,Flight2_cam1-001-000227-0,7210395.034046038,328169.114000385,693.1231079101562,HlangwineEP,2020-01-22,2020-01-22 09:01:46.169,09:01:46,57.793560277777786,27.161931916666664
1918,284508.838,Flight2_cam1-001-000228-0,7210377.045790067,328181.24586132343,693.1066284179688,HlangwineEP,2020-01-22,2020-01-22 09:01:48.838,09:01:48,57.78837055555558,27.16348883333333
1919,284510.173,Flight2_cam1-001-000229-0,7210368.049100585,328187.30042791064,693.0300903320312,HlangwineEP,2020-01-22,2020-01-22 09:01:50.173,09:01:50,57.7857747222222,27.16426758333334
1920,284512.175,Flight2_cam1-001-000230-0,7210354.9206688795,328196.15315083216,693.00830078125,HlangwineEP,2020-01-22,2020-01-22 09:01:52.175,09:01:52,57.781881944444464,27.16543541666666
1921,284514.177,Flight2_cam1-001-000231-0,7210341.799160618,328204.98126712965,692.9909057617188,HlangwineEP,2020-01-22,2020-01-22 09:01:54.177,09:01:54,57.777989166666615,27.166603250000016
1922,284516.846,Flight2_cam1-001-000232-0,7210323.7788825035,328217.305048126,692.9990234375,HlangwineEP,2020-01-22,2020-01-22 09:01:56.846,09:01:56,57.77279944444441,27.16816016666668
1923,284518.181,Flight2_cam1-001-000233-0,7210314.8107167035,328223.27422327414,692.92431640625,HlangwineEP,2020-01-22,2020-01-22 09:01:58.181,09:01:58,57.77020361111114,27.168938916666658
1924,284520.183,Flight2_cam1-001-000234-0,7210301.619352497,328232.06069006014,692.7531127929688,HlangwineEP,2020-01-22,2020-01-22 09:02:00.183,09:02:00,57.76631083333329,27.170106750000013
1925,284522.185,Flight2_cam1-001-000235-0,7210288.444670016,328240.9194572719,692.234375,HlangwineEP,2020-01-22,2020-01-22 09:02:02.185,09:02:02,57.76241805555556,27.171274583333332
1926,284524.854,Flight2_cam1-001-000236-0,7210270.785143929,328252.89128546166,692.0414428710938,HlangwineEP,2020-01-22,2020-01-22 09:02:04.854,09:02:04,57.75722833333335,27.172831499999997
1927,284526.189,Flight2_cam1-001-000237-0,7210261.822345002,328258.8972959671,691.9083251953125,HlangwineEP,2020-01-22,2020-01-22 09:02:06.189,09:02:06,57.75463249999997,27.17361025000001
1928,284528.191,Flight2_cam1-001-000238-0,7210248.555562899,328267.6969106087,691.4506225585938,HlangwineEP,2020-01-22,2020-01-22 09:02:08.191,09:02:08,57.750739722222235,27.17477808333333
1929,284530.193,Flight2_cam1-001-000239-0,7210235.394683523,328276.4869018282,691.0853881835938,HlangwineEP,2020-01-22,2020-01-22 09:02:10.193,09:02:10,57.74684694444439,27.175945916666684
1930,284532.328,Flight2_cam1-001-000240-0,7210221.131789936,328286.065346918,690.4266967773438,HlangwineEP,2020-01-22,2020-01-22 09:02:12.328,09:02:12,57.74269555555559,27.177191333333322
1931,284534.864,Flight2_cam1-001-000241-0,7210204.215781099,328297.38774743315,689.7948608398438,HlangwineEP,2020-01-22,2020-01-22 09:02:14.864,09:02:14,57.737764444444444,27.17867066666667
1932,284536.199,Flight2_cam1-001-000242-0,7210195.433543287,328303.3661461034,689.5056762695312,HlangwineEP,2020-01-22,2020-01-22 09:02:16.199,09:02:16,57.73516861111107,27.17944941666668
1933,284538.201,Flight2_cam1-001-000243-0,7210182.302981809,328312.30193512223,689.1978759765625,HlangwineEP,2020-01-22,2020-01-22 09:02:18.201,09:02:18,57.731275833333335,27.18061725
1934,284540.203,Flight2_cam1-001-000244-0,7210169.136866774,328321.29055149894,688.77783203125,HlangwineEP,2020-01-22,2020-01-22 09:02:20.203,09:02:20,57.7273830555556,27.181785083333324
1935,284542.872,Flight2_cam1-001-000245-0,7210151.349212976,328333.43536456214,688.2814331054688,HlangwineEP,2020-01-22,2020-01-22 09:02:22.872,09:02:22,57.72219333333339,27.183341999999985
1936,284544.207,Flight2_cam1-001-000246-0,7210142.408309681,328339.4810807238,688.063232421875,HlangwineEP,2020-01-22,2020-01-22 09:02:24.207,09:02:24,57.71959750000001,27.184120749999998
1937,284546.209,Flight2_cam1-001-000247-0,7210129.166316656,328348.1113962997,687.7077026367188,HlangwineEP,2020-01-22,2020-01-22 09:02:26.209,09:02:26,57.71570472222228,27.185288583333318
1938,284548.211,Flight2_cam1-001-000248-0,7210115.948396106,328356.7956039228,687.4713134765625,HlangwineEP,2020-01-22,2020-01-22 09:02:28.211,09:02:28,57.71181194444443,27.186456416666672
1939,284550.88,Flight2_cam1-001-000249-0,7210098.0110707665,328369.00761337054,687.2372436523438,HlangwineEP,2020-01-22,2020-01-22 09:02:30.880,09:02:30,57.706622222222215,27.188013333333338
1940,284552.215,Flight2_cam1-001-000250-0,7210089.0968616875,328375.2475138185,687.1802978515625,HlangwineEP,2020-01-22,2020-01-22 09:02:32.215,09:02:32,57.70402638888884,27.18879208333335
1941,284554.217,Flight2_cam1-001-000251-0,7210075.84920202,328384.1362855929,687.0392456054688,HlangwineEP,2020-01-22,2020-01-22 09:02:34.217,09:02:34,57.700133611111106,27.18995991666667
1942,284556.219,Flight2_cam1-001-000252-0,7210062.692109677,328393.01462700457,687.0081787109375,HlangwineEP,2020-01-22,2020-01-22 09:02:36.219,09:02:36,57.69624083333337,27.191127749999993
1943,284558.354,Flight2_cam1-001-000253-0,7210048.566648026,328402.55330403824,686.88330078125,HlangwineEP,2020-01-22,2020-01-22 09:02:38.354,09:02:38,57.69208944444446,27.192373166666663
1944,284560.756,Flight2_cam1-001-000254-0,7210032.723675793,328413.33117600594,686.6630249023438,HlangwineEP,2020-01-22,2020-01-22 09:02:40.756,09:02:40,57.6874188888889,27.19377433333333
1945,284562.224,Flight2_cam1-001-000255-0,7210022.746693518,328420.0341451283,686.48583984375,HlangwineEP,2020-01-22,2020-01-22 09:02:42.224,09:02:42,57.68456444444447,27.19463066666666
1946,284564.226,Flight2_cam1-001-000256-0,7210009.573273184,328428.89918779075,686.2911987304688,HlangwineEP,2020-01-22,2020-01-22 09:02:44.226,09:02:44,57.68067166666662,27.195798500000016
1947,284566.228,Flight2_cam1-001-000257-0,7209996.51689646,328437.5586425972,686.269287109375,HlangwineEP,2020-01-22,2020-01-22 09:02:46.228,09:02:46,57.67677888888888,27.196966333333336
1948,284568.898,Flight2_cam1-001-000258-0,7209978.420543412,328449.67948577227,686.5289916992188,HlangwineEP,2020-01-22,2020-01-22 09:02:48.898,09:02:48,57.67158722222225,27.198523833333326
1949,284570.232,Flight2_cam1-001-000259-0,7209969.528336933,328455.72758103977,686.630615234375,HlangwineEP,2020-01-22,2020-01-22 09:02:50.232,09:02:50,57.6689933333333,27.199302000000014
1950,284572.234,Flight2_cam1-001-000260-0,7209956.4944471475,328464.64924558316,686.972900390625,HlangwineEP,2020-01-22,2020-01-22 09:02:52.234,09:02:52,57.66510055555556,27.200469833333333
1951,284574.236,Flight2_cam1-001-000261-0,7209943.290797591,328473.42103440437,687.523681640625,HlangwineEP,2020-01-22,2020-01-22 09:02:54.236,09:02:54,57.661207777777825,27.201637666666652
1952,284576.372,Flight2_cam1-001-000262-0,7209929.059882323,328482.97460193036,688.2259521484375,HlangwineEP,2020-01-22,2020-01-22 09:02:56.372,09:02:56,57.6570544444445,27.202883666666654
1953,284578.774,Flight2_cam1-001-000263-0,7209913.246317543,328493.701370675,689.1716918945312,HlangwineEP,2020-01-22,2020-01-22 09:02:58.774,09:02:58,57.652383888888934,27.204284833333322
1954,284580.242,Flight2_cam1-001-000264-0,7209903.336428544,328500.46128191287,689.7754516601562,HlangwineEP,2020-01-22,2020-01-22 09:03:00.242,09:03:00,57.64952944444439,27.205141166666685
1955,284582.244,Flight2_cam1-001-000265-0,7209890.337929578,328509.1880235412,690.6312255859375,HlangwineEP,2020-01-22,2020-01-22 09:03:02.244,09:03:02,57.645636666666654,27.206309000000005
1956,284584.246,Flight2_cam1-001-000266-0,7209877.247129343,328517.9807940003,691.4332885742188,HlangwineEP,2020-01-22,2020-01-22 09:03:04.246,09:03:04,57.64174388888892,27.207476833333327
1957,284586.916,Flight2_cam1-001-000267-0,7209859.3509315625,328530.07493407757,692.6091918945312,HlangwineEP,2020-01-22,2020-01-22 09:03:06.916,09:03:06,57.63655222222217,27.20903433333335
1958,284588.25,Flight2_cam1-001-000268-0,7209850.389323998,328536.07316796586,693.2063598632812,HlangwineEP,2020-01-22,2020-01-22 09:03:08.250,09:03:08,57.63395833333333,27.2098125
1959,284590.252,Flight2_cam1-001-000269-0,7209837.56403507,328545.16647043684,694.0487060546875,HlangwineEP,2020-01-22,2020-01-22 09:03:10.252,09:03:10,57.630065555555596,27.21098033333332
1960,284592.254,Flight2_cam1-001-000270-0,7209828.539022956,328557.9156348043,695.0040893554688,HlangwineEP,2020-01-22,2020-01-22 09:03:12.254,09:03:12,57.62617277777775,27.212148166666676
1961,284594.256,Flight2_cam1-001-000271-0,7209828.2629224155,328573.0048611285,695.8084716796875,HlangwineEP,2020-01-22,2020-01-22 09:03:14.256,09:03:14,57.62228000000001,27.213316
1962,284596.792,Flight2_cam1-001-000272-0,7209838.804745788,328590.625304671,696.4669799804688,HlangwineEP,2020-01-22,2020-01-22 09:03:16.792,09:03:16,57.617348888888856,27.214795333333345
1963,284598.26,Flight2_cam1-001-000273-0,7209845.8379141465,328598.8150668817,696.7847290039062,HlangwineEP,2020-01-22,2020-01-22 09:03:18.260,09:03:18,57.614494444444425,27.215651666666673
1964,284600.262,Flight2_cam1-001-000274-0,7209853.930694573,328609.6782778312,697.1444091796875,HlangwineEP,2020-01-22,2020-01-22 09:03:20.262,09:03:20,57.61060166666669,27.216819499999993
1965,284602.264,Flight2_cam1-001-000275-0,7209864.448133383,328620.19257253414,697.4652099609375,HlangwineEP,2020-01-22,2020-01-22 09:03:22.264,09:03:22,57.60670888888884,27.217987333333348
1966,284604.8,Flight2_cam1-001-000276-0,7209883.309260331,328624.5225709444,697.4223022460938,HlangwineEP,2020-01-22,2020-01-22 09:03:24.800,09:03:24,57.6017777777778,27.219466666666662
1967,284606.268,Flight2_cam1-001-000277-0,7209893.867802232,328620.96289427514,697.1098022460938,HlangwineEP,2020-01-22,2020-01-22 09:03:26.268,09:03:26,57.59892333333337,27.22032299999999
1968,284608.27,Flight2_cam1-001-000278-0,7209906.007858703,328612.5215267769,696.738525390625,HlangwineEP,2020-01-22,2020-01-22 09:03:28.270,09:03:28,57.59503055555552,27.221490833333345
1969,284610.272,Flight2_cam1-001-000279-0,7209916.896129807,328604.3792301117,696.3323974609375,HlangwineEP,2020-01-22,2020-01-22 09:03:30.272,09:03:30,57.59113777777778,27.222658666666668
1970,284612.274,Flight2_cam1-001-000280-0,7209928.752888601,328596.6024369856,695.84912109375,HlangwineEP,2020-01-22,2020-01-22 09:03:32.274,09:03:32,57.587245000000046,27.223826499999987
1971,284614.81,Flight2_cam1-001-000281-0,7209944.903770819,328586.06141223875,695.1459350585938,HlangwineEP,2020-01-22,2020-01-22 09:03:34.810,09:03:34,57.58231388888889,27.225305833333334
1972,284616.278,Flight2_cam1-001-000282-0,7209954.919308634,328579.4373599266,694.7548828125,HlangwineEP,2020-01-22,2020-01-22 09:03:36.278,09:03:36,57.57945944444446,27.22616216666666
1973,284618.28,Flight2_cam1-001-000283-0,7209968.2509218445,328570.6154811416,694.2088012695312,HlangwineEP,2020-01-22,2020-01-22 09:03:38.280,09:03:38,57.57556666666661,27.227330000000016
1974,284620.282,Flight2_cam1-001-000284-0,7209981.441805296,328561.96200345765,693.724853515625,HlangwineEP,2020-01-22,2020-01-22 09:03:40.282,09:03:40,57.571673888888874,27.22849783333334
1975,284622.818,Flight2_cam1-001-000285-0,7209998.060567597,328550.6339445731,693.0908813476562,HlangwineEP,2020-01-22,2020-01-22 09:03:42.818,09:03:42,57.56674277777772,27.229977166666686
1976,284624.286,Flight2_cam1-001-000286-0,7210008.105276604,328544.01886563585,692.7525634765625,HlangwineEP,2020-01-22,2020-01-22 09:03:44.286,09:03:44,57.56388833333329,27.230833500000013
1977,284626.288,Flight2_cam1-001-000287-0,7210021.158618918,328535.1389729265,692.4126586914062,HlangwineEP,2020-01-22,2020-01-22 09:03:46.288,09:03:46,57.55999555555555,27.232001333333336
1978,284628.29,Flight2_cam1-001-000288-0,7210034.441550018,328526.44155982824,692.1655883789062,HlangwineEP,2020-01-22,2020-01-22 09:03:48.290,09:03:48,57.55610277777782,27.233169166666656
1979,284630.826,Flight2_cam1-001-000289-0,7210051.27762257,328515.12908652937,691.8485717773438,HlangwineEP,2020-01-22,2020-01-22 09:03:50.826,09:03:50,57.55117166666666,27.234648500000002
1980,284632.294,Flight2_cam1-001-000290-0,7210061.166348597,328508.30282950844,691.697265625,HlangwineEP,2020-01-22,2020-01-22 09:03:52.294,09:03:52,57.54831722222223,27.23550483333333
1981,284634.296,Flight2_cam1-001-000291-0,7210074.224405966,328499.42206416064,691.486572265625,HlangwineEP,2020-01-22,2020-01-22 09:03:54.296,09:03:54,57.544424444444495,27.236672666666653
1982,284636.298,Flight2_cam1-001-000292-0,7210087.4399531735,328490.7554899337,691.36376953125,HlangwineEP,2020-01-22,2020-01-22 09:03:56.298,09:03:56,57.540531666666645,27.237840500000008
1983,284638.834,Flight2_cam1-001-000293-0,7210104.568451347,328479.47095692274,691.2892456054688,HlangwineEP,2020-01-22,2020-01-22 09:03:58.834,09:03:58,57.535600555555604,27.23931983333332
1984,284640.168,Flight2_cam1-001-000294-0,7210113.380167281,328473.3992069643,691.3104248046875,HlangwineEP,2020-01-22,2020-01-22 09:04:00.168,09:04:00,57.53300666666666,27.240098000000003
1985,284642.17,Flight2_cam1-001-000295-0,7210126.444007302,328464.42059295526,691.37109375,HlangwineEP,2020-01-22,2020-01-22 09:04:02.170,09:04:02,57.52911388888892,27.241265833333326
1986,284644.172,Flight2_cam1-001-000296-0,7210139.448562229,328455.6130642211,691.41552734375,HlangwineEP,2020-01-22,2020-01-22 09:04:04.172,09:04:04,57.52522111111107,27.24243366666668
1987,284646.308,Flight2_cam1-001-000297-0,7210153.700125895,328446.1308621069,691.4382934570312,HlangwineEP,2020-01-22,2020-01-22 09:04:06.308,09:04:06,57.52106777777774,27.24367966666668
1988,284648.844,Flight2_cam1-001-000298-0,7210170.663671259,328434.87229591096,691.4507446289062,HlangwineEP,2020-01-22,2020-01-22 09:04:08.844,09:04:08,57.5161366666667,27.24515899999999
1989,284650.178,Flight2_cam1-001-000299-0,7210179.492730593,328428.7992048877,691.4740600585938,HlangwineEP,2020-01-22,2020-01-22 09:04:10.178,09:04:10,57.51354277777775,27.245937166666675
1990,284652.18,Flight2_cam1-001-000300-0,7210192.475696201,328419.7666362851,691.5951538085938,HlangwineEP,2020-01-22,2020-01-22 09:04:12.180,09:04:12,57.509650000000015,27.247104999999998
1991,284654.182,Flight2_cam1-001-000301-0,7210205.479455347,328410.73828162195,691.7156372070312,HlangwineEP,2020-01-22,2020-01-22 09:04:14.182,09:04:14,57.50575722222228,27.248272833333317
1992,284656.852,Flight2_cam1-001-000302-0,7210223.371063389,328398.5896201219,691.858154296875,HlangwineEP,2020-01-22,2020-01-22 09:04:16.852,09:04:16,57.50056555555553,27.249830333333342
1993,284658.186,Flight2_cam1-001-000303-0,7210232.278858611,328392.6134130839,691.93896484375,HlangwineEP,2020-01-22,2020-01-22 09:04:18.186,09:04:18,57.49797166666669,27.250608499999995
1994,284660.188,Flight2_cam1-001-000304-0,7210245.48744072,328383.83335542923,692.0682373046875,HlangwineEP,2020-01-22,2020-01-22 09:04:20.188,09:04:20,57.49407888888884,27.25177633333335
1995,284662.19,Flight2_cam1-001-000305-0,7210258.79036664,328374.94192104373,692.2180786132812,HlangwineEP,2020-01-22,2020-01-22 09:04:22.190,09:04:22,57.49018611111111,27.25294416666667
1996,284664.86,Flight2_cam1-001-000306-0,7210276.872162964,328362.93804463826,692.4112548828125,HlangwineEP,2020-01-22,2020-01-22 09:04:24.860,09:04:24,57.484994444444474,27.25450166666666
1997,284666.194,Flight2_cam1-001-000307-0,7210285.865400152,328356.97805243684,692.5623779296875,HlangwineEP,2020-01-22,2020-01-22 09:04:26.194,09:04:26,57.48240055555552,27.255279833333343
1998,284668.196,Flight2_cam1-001-000308-0,7210299.217800565,328348.282599273,692.7493896484375,HlangwineEP,2020-01-22,2020-01-22 09:04:28.196,09:04:28,57.478507777777786,27.256447666666666
1999,284670.198,Flight2_cam1-001-000309-0,7210312.500107488,328339.64080718847,692.9220581054688,HlangwineEP,2020-01-22,2020-01-22 09:04:30.198,09:04:30,57.47461500000005,27.257615499999986
2000,284672.334,Flight2_cam1-001-000310-0,7210326.635606524,328329.9900671472,693.1400756835938,HlangwineEP,2020-01-22,2020-01-22 09:04:32.334,09:04:32,57.470461666666715,27.258861499999984
2001,284674.736,Flight2_cam1-001-000311-0,7210342.409344641,328319.2213805971,693.3259887695312,HlangwineEP,2020-01-22,2020-01-22 09:04:34.736,09:04:34,57.46579111111116,27.260262666666655
2002,284676.204,Flight2_cam1-001-000312-0,7210352.205406593,328312.55049066537,693.4418334960938,HlangwineEP,2020-01-22,2020-01-22 09:04:36.204,09:04:36,57.462936666666614,27.26111900000002
2003,284678.206,Flight2_cam1-001-000313-0,7210365.243938658,328303.65620487905,693.5607299804688,HlangwineEP,2020-01-22,2020-01-22 09:04:38.206,09:04:38,57.45904388888888,27.262286833333338
2004,284680.208,Flight2_cam1-001-000314-0,7210378.60572242,328294.8311230275,693.5869750976562,HlangwineEP,2020-01-22,2020-01-22 09:04:40.208,09:04:40,57.45515111111114,27.263454666666657
2005,284682.877,Flight2_cam1-001-000315-0,7210396.478209447,328282.71377706144,693.5623779296875,HlangwineEP,2020-01-22,2020-01-22 09:04:42.877,09:04:42,57.44996138888893,27.265011583333322
2006,284684.212,Flight2_cam1-001-000316-0,7210405.404717733,328276.7725528026,693.483642578125,HlangwineEP,2020-01-22,2020-01-22 09:04:44.212,09:04:44,57.44736555555556,27.265790333333335
2007,284686.214,Flight2_cam1-001-000317-0,7210418.574377319,328267.8100880351,693.3621215820312,HlangwineEP,2020-01-22,2020-01-22 09:04:46.214,09:04:46,57.44347277777782,27.266958166666655
2008,284688.216,Flight2_cam1-001-000318-0,7210431.64156956,328258.9718835482,693.2612915039062,HlangwineEP,2020-01-22,2020-01-22 09:04:48.216,09:04:48,57.43957999999997,27.26812600000001
2009,284690.352,Flight2_cam1-001-000319-0,7210445.850623248,328249.4114694394,693.1962890625,HlangwineEP,2020-01-22,2020-01-22 09:04:50.352,09:04:50,57.43542666666664,27.269372000000008
2010,284692.754,Flight2_cam1-001-000320-0,7210461.775045401,328238.8700336856,692.9483032226562,HlangwineEP,2020-01-22,2020-01-22 09:04:52.754,09:04:52,57.43075611111108,27.270773166666675
2011,284694.222,Flight2_cam1-001-000321-0,7210471.718397021,328232.08342031937,692.7423706054688,HlangwineEP,2020-01-22,2020-01-22 09:04:54.222,09:04:54,57.42790166666665,27.271629500000007
2012,284696.224,Flight2_cam1-001-000322-0,7210484.663674688,328223.2168881751,692.58642578125,HlangwineEP,2020-01-22,2020-01-22 09:04:56.224,09:04:56,57.42400888888891,27.272797333333326
2013,284698.226,Flight2_cam1-001-000323-0,7210497.759184838,328214.1851540462,692.265869140625,HlangwineEP,2020-01-22,2020-01-22 09:04:58.226,09:04:58,57.420116111111064,27.27396516666668
2014,284700.895,Flight2_cam1-001-000324-0,7210515.844879413,328202.1584636837,691.8952026367188,HlangwineEP,2020-01-22,2020-01-22 09:05:00.895,09:05:00,57.41492638888885,27.275522083333346
2015,284702.23,Flight2_cam1-001-000325-0,7210524.708987932,328196.2594021816,691.5975952148438,HlangwineEP,2020-01-22,2020-01-22 09:05:02.230,09:05:02,57.41233055555559,27.276300833333323
2016,284704.232,Flight2_cam1-001-000326-0,7210537.828433105,328187.4769062434,691.4378051757812,HlangwineEP,2020-01-22,2020-01-22 09:05:04.232,09:05:04,57.40843777777774,27.277468666666678
2017,284706.234,Flight2_cam1-001-000327-0,7210551.142010096,328178.74756450765,691.10009765625,HlangwineEP,2020-01-22,2020-01-22 09:05:06.234,09:05:06,57.404545000000006,27.2786365
2018,284708.369,Flight2_cam1-001-000328-0,7210565.527903511,328169.2674351101,690.5637817382812,HlangwineEP,2020-01-22,2020-01-22 09:05:08.369,09:05:08,57.4003936111111,27.27988191666667
2019,284710.772,Flight2_cam1-001-000329-0,7210581.184706036,328158.5114704276,689.9452514648438,HlangwineEP,2020-01-22,2020-01-22 09:05:10.772,09:05:10,57.395721111111115,27.281283666666667
2020,284712.24,Flight2_cam1-001-000330-0,7210591.149042243,328151.77399994177,689.4679565429688,HlangwineEP,2020-01-22,2020-01-22 09:05:12.240,09:05:12,57.392866666666684,27.282139999999995
2021,284714.242,Flight2_cam1-001-000331-0,7210604.264420196,328142.9328657115,688.7506103515625,HlangwineEP,2020-01-22,2020-01-22 09:05:14.242,09:05:14,57.388973888888835,27.28330783333335
2022,284716.244,Flight2_cam1-001-000332-0,7210617.394794971,328134.2745078058,687.947998046875,HlangwineEP,2020-01-22,2020-01-22 09:05:16.244,09:05:16,57.3850811111111,27.284475666666673
2023,284718.78,Flight2_cam1-001-000333-0,7210634.174737366,328122.8396466258,687.0009765625,HlangwineEP,2020-01-22,2020-01-22 09:05:18.780,09:05:18,57.380149999999944,27.28595500000002
2024,284720.248,Flight2_cam1-001-000334-0,7210644.291737542,328115.99910710624,686.4828491210938,HlangwineEP,2020-01-22,2020-01-22 09:05:20.248,09:05:20,57.37729555555551,27.286811333333347
2025,284722.25,Flight2_cam1-001-000335-0,7210657.272142278,328107.12818477367,685.802001953125,HlangwineEP,2020-01-22,2020-01-22 09:05:22.250,09:05:22,57.37340277777778,27.287979166666666
2026,284724.252,Flight2_cam1-001-000336-0,7210670.513524066,328098.0917655609,684.834716796875,HlangwineEP,2020-01-22,2020-01-22 09:05:24.252,09:05:24,57.36951000000004,27.28914699999999
2027,284726.921,Flight2_cam1-001-000337-0,7210688.469610928,328086.20658488345,683.693115234375,HlangwineEP,2020-01-22,2020-01-22 09:05:26.921,09:05:26,57.36432027777783,27.29070391666665
2028,284728.256,Flight2_cam1-001-000338-0,7210697.362830752,328080.2427815536,683.1309204101562,HlangwineEP,2020-01-22,2020-01-22 09:05:28.256,09:05:28,57.361724444444455,27.291482666666663
2029,284730.258,Flight2_cam1-001-000339-0,7210710.582291438,328071.3000161636,682.3600463867188,HlangwineEP,2020-01-22,2020-01-22 09:05:30.258,09:05:30,57.35783166666672,27.292650499999986
2030,284732.26,Flight2_cam1-001-000340-0,7210723.605194046,328062.4368365102,681.4548950195312,HlangwineEP,2020-01-22,2020-01-22 09:05:32.260,09:05:32,57.35393888888887,27.29381833333334
2031,284734.262,Flight2_cam1-001-000341-0,7210736.525732784,328053.59012543666,680.6022338867188,HlangwineEP,2020-01-22,2020-01-22 09:05:34.262,09:05:34,57.35004611111113,27.29498616666666
2032,284736.798,Flight2_cam1-001-000342-0,7210753.300188139,328042.18709258246,679.526611328125,HlangwineEP,2020-01-22,2020-01-22 09:05:36.798,09:05:36,57.34511499999998,27.296465500000007
2033,284738.266,Flight2_cam1-001-000343-0,7210763.527391364,328035.6422593364,678.9210815429688,HlangwineEP,2020-01-22,2020-01-22 09:05:38.266,09:05:38,57.34226055555555,27.297321833333335
2034,284740.268,Flight2_cam1-001-000344-0,7210776.721112657,328026.80251966196,678.106201171875,HlangwineEP,2020-01-22,2020-01-22 09:05:40.268,09:05:40,57.33836777777781,27.298489666666658
2035,284742.27,Flight2_cam1-001-000345-0,7210789.72022989,328018.0068391764,677.3197631835938,HlangwineEP,2020-01-22,2020-01-22 09:05:42.270,09:05:42,57.33447499999996,27.299657500000013
2036,284744.806,Flight2_cam1-001-000346-0,7210806.477287515,328006.6567954618,676.2850341796875,HlangwineEP,2020-01-22,2020-01-22 09:05:44.806,09:05:44,57.32954388888892,27.301136833333324
2037,284746.274,Flight2_cam1-001-000347-0,7210816.464978583,327999.9360599967,675.689697265625,HlangwineEP,2020-01-22,2020-01-22 09:05:46.274,09:05:46,57.32668944444449,27.301993166666655
2038,284748.276,Flight2_cam1-001-000348-0,7210829.585715239,327991.0688110865,674.8817749023438,HlangwineEP,2020-01-22,2020-01-22 09:05:48.276,09:05:48,57.32279666666664,27.30316100000001
2039,284750.278,Flight2_cam1-001-000349-0,7210842.73814249,327982.0822659007,674.0934448242188,HlangwineEP,2020-01-22,2020-01-22 09:05:50.278,09:05:50,57.318903888888904,27.30432883333333
2040,284752.813,Flight2_cam1-001-000350-0,7210859.616984214,327970.7161228543,673.0531616210938,HlangwineEP,2020-01-22,2020-01-22 09:05:52.813,09:05:52,57.31397472222218,27.305807583333348
2041,284754.282,Flight2_cam1-001-000351-0,7210869.623327479,327964.0370291205,672.4281005859375,HlangwineEP,2020-01-22,2020-01-22 09:05:54.282,09:05:54,57.31111833333332,27.306664500000004
2042,284756.284,Flight2_cam1-001-000352-0,7210883.579090712,327956.3423152277,671.6715087890625,HlangwineEP,2020-01-22,2020-01-22 09:05:56.284,09:05:56,57.30722555555558,27.307832333333327
2043,284758.286,Flight2_cam1-001-000353-0,7210899.556940444,327955.0149334854,671.1090087890625,HlangwineEP,2020-01-22,2020-01-22 09:05:58.286,09:05:58,57.30333277777773,27.30900016666668
2044,284760.288,Flight2_cam1-001-000354-0,7210913.218338989,327962.5940014755,670.8868408203125,HlangwineEP,2020-01-22,2020-01-22 09:06:00.288,09:06:00,57.29944,27.310168
2045,284762.823,Flight2_cam1-001-000355-0,7210923.956532145,327978.8319485828,670.9572143554688,HlangwineEP,2020-01-22,2020-01-22 09:06:02.823,09:06:02,57.29451083333338,27.311646749999987
2046,284764.292,Flight2_cam1-001-000356-0,7210928.740029374,327987.4638901201,671.0546875,HlangwineEP,2020-01-22,2020-01-22 09:06:04.292,09:06:04,57.29165444444441,27.31250366666668
2047,284766.294,Flight2_cam1-001-000357-0,7210935.751818158,327997.9463195655,671.3319702148438,HlangwineEP,2020-01-22,2020-01-22 09:06:06.294,09:06:06,57.287761666666675,27.313671499999998
2048,284768.295,Flight2_cam1-001-000358-0,7210941.216544208,328011.68843462004,671.7320556640625,HlangwineEP,2020-01-22,2020-01-22 09:06:08.295,09:06:08,57.28387083333337,27.314838749999993
2049,284770.831,Flight2_cam1-001-000359-0,7210937.005539799,328030.9335206833,672.6900634765625,HlangwineEP,2020-01-22,2020-01-22 09:06:10.831,09:06:10,57.27893972222221,27.31631808333334
2050,284772.299,Flight2_cam1-001-000360-0,7210928.847647075,328039.1462207268,673.3519897460938,HlangwineEP,2020-01-22,2020-01-22 09:06:12.299,09:06:12,57.27608527777778,27.317174416666667
2051,284774.168,Flight2_cam1-001-000361-0,7210916.6509927455,328046.6570225599,674.1630859375,HlangwineEP,2020-01-22,2020-01-22 09:06:14.168,09:06:14,57.2724511111111,27.31826466666667
2052,284776.303,Flight2_cam1-001-000362-0,7210903.87273505,328054.77657599776,675.0042724609375,HlangwineEP,2020-01-22,2020-01-22 09:06:16.303,09:06:16,57.268299722222196,27.31951008333334
2053,284778.839,Flight2_cam1-001-000363-0,7210888.71675367,328065.12016486295,676.028564453125,HlangwineEP,2020-01-22,2020-01-22 09:06:18.839,09:06:18,57.263368611111154,27.320989416666656
2054,284780.174,Flight2_cam1-001-000364-0,7210880.3128435295,328070.99987920525,676.6360473632812,HlangwineEP,2020-01-22,2020-01-22 09:06:20.174,09:06:20,57.26077277777778,27.32176816666667
2055,284782.176,Flight2_cam1-001-000365-0,7210867.188261641,328080.0178781635,677.5734252929688,HlangwineEP,2020-01-22,2020-01-22 09:06:22.176,09:06:22,57.256880000000045,27.322935999999988
2056,284784.178,Flight2_cam1-001-000366-0,7210854.069131013,328088.9210006264,678.427978515625,HlangwineEP,2020-01-22,2020-01-22 09:06:24.178,09:06:24,57.252987222222195,27.324103833333343
2057,284786.313,Flight2_cam1-001-000367-0,7210839.983293625,328098.5156617253,679.3699951171875,HlangwineEP,2020-01-22,2020-01-22 09:06:26.313,09:06:26,57.24883583333329,27.325349250000016
2058,284788.716,Flight2_cam1-001-000368-0,7210824.193136673,328109.082911097,680.4692993164062,HlangwineEP,2020-01-22,2020-01-22 09:06:28.716,09:06:28,57.244163333333304,27.32675100000001
2059,284790.184,Flight2_cam1-001-000369-0,7210814.234717732,328115.7809647685,681.0838012695312,HlangwineEP,2020-01-22,2020-01-22 09:06:30.184,09:06:30,57.241308888888874,27.32760733333334
2060,284792.186,Flight2_cam1-001-000370-0,7210801.186794313,328124.6583950822,681.945068359375,HlangwineEP,2020-01-22,2020-01-22 09:06:32.186,09:06:32,57.23741611111114,27.32877516666666
2061,284794.188,Flight2_cam1-001-000371-0,7210788.059386417,328133.5503182914,682.7991333007812,HlangwineEP,2020-01-22,2020-01-22 09:06:34.188,09:06:34,57.23352333333329,27.329943000000014
2062,284796.857,Flight2_cam1-001-000372-0,7210770.198980972,328145.5548815066,683.7872314453125,HlangwineEP,2020-01-22,2020-01-22 09:06:36.857,09:06:36,57.228333611111076,27.33149991666668
2063,284798.192,Flight2_cam1-001-000373-0,7210761.391866186,328151.7116187436,684.2686157226562,HlangwineEP,2020-01-22,2020-01-22 09:06:38.192,09:06:38,57.225737777777816,27.332278666666657
2064,284800.194,Flight2_cam1-001-000374-0,7210748.345509108,328160.5671851081,684.9218139648438,HlangwineEP,2020-01-22,2020-01-22 09:06:40.194,09:06:40,57.221844999999966,27.33344650000001
2065,284802.196,Flight2_cam1-001-000375-0,7210735.142309448,328169.34359509416,685.5521240234375,HlangwineEP,2020-01-22,2020-01-22 09:06:42.196,09:06:42,57.21795222222223,27.33461433333333
2066,284804.865,Flight2_cam1-001-000376-0,7210717.18574814,328181.40938662103,686.2294311523438,HlangwineEP,2020-01-22,2020-01-22 09:06:44.865,09:06:44,57.21276250000002,27.336171249999996
2067,284806.2,Flight2_cam1-001-000377-0,7210708.299033757,328187.4135203149,686.583740234375,HlangwineEP,2020-01-22,2020-01-22 09:06:46.200,09:06:46,57.210166666666645,27.33695000000001
2068,284808.202,Flight2_cam1-001-000378-0,7210695.265418158,328196.2285795688,687.0526123046875,HlangwineEP,2020-01-22,2020-01-22 09:06:48.202,09:06:48,57.20627388888891,27.338117833333328
2069,284810.204,Flight2_cam1-001-000379-0,7210682.087494019,328205.03645116184,687.5640258789062,HlangwineEP,2020-01-22,2020-01-22 09:06:50.204,09:06:50,57.20238111111106,27.339285666666683
2070,284812.339,Flight2_cam1-001-000380-0,7210667.819001996,328214.6095636883,688.14794921875,HlangwineEP,2020-01-22,2020-01-22 09:06:52.339,09:06:52,57.198229722222266,27.34053108333332
2071,284814.875,Flight2_cam1-001-000381-0,7210650.998926265,328225.9684230549,688.7642822265625,HlangwineEP,2020-01-22,2020-01-22 09:06:54.875,09:06:54,57.19329861111111,27.342010416666668
2072,284816.21,Flight2_cam1-001-000382-0,7210642.039898064,328231.94910411997,689.0887451171875,HlangwineEP,2020-01-22,2020-01-22 09:06:56.210,09:06:56,57.19070277777774,27.34278916666668
2073,284818.212,Flight2_cam1-001-000383-0,7210628.930244079,328240.8265289801,689.4893188476562,HlangwineEP,2020-01-22,2020-01-22 09:06:58.212,09:06:58,57.18681,27.343957
2074,284820.214,Flight2_cam1-001-000384-0,7210615.831819886,328249.751767801,689.9598999023438,HlangwineEP,2020-01-22,2020-01-22 09:07:00.214,09:07:00,57.182917222222265,27.345124833333323
2075,284822.883,Flight2_cam1-001-000385-0,7210597.896748153,328261.93033226323,690.4560546875,HlangwineEP,2020-01-22,2020-01-22 09:07:02.883,09:07:02,57.17772750000005,27.346681749999984
2076,284824.885,Flight2_cam1-001-000386-0,7210584.854565218,328270.6884626567,690.7794799804688,HlangwineEP,2020-01-22,2020-01-22 09:07:04.885,09:07:04,57.1738347222222,27.34784958333334
2077,284826.22,Flight2_cam1-001-000387-0,7210575.854329108,328276.603319513,690.8906860351562,HlangwineEP,2020-01-22,2020-01-22 09:07:06.220,09:07:06,57.171238888888944,27.34862833333332
2078,284828.222,Flight2_cam1-001-000388-0,7210562.438314663,328285.61081125913,691.4209594726562,HlangwineEP,2020-01-22,2020-01-22 09:07:08.222,09:07:08,57.167346111111094,27.349796166666675
2079,284830.357,Flight2_cam1-001-000389-0,7210548.151646138,328295.0835166562,691.7421875,HlangwineEP,2020-01-22,2020-01-22 09:07:10.357,09:07:10,57.16319472222219,27.351041583333345
2080,284832.759,Flight2_cam1-001-000390-0,7210532.368094414,328305.6766386082,691.9439697265625,HlangwineEP,2020-01-22,2020-01-22 09:07:12.759,09:07:12,57.15852416666663,27.352442750000012
2081,284834.228,Flight2_cam1-001-000391-0,7210522.553903316,328312.57850105525,692.1078491210938,HlangwineEP,2020-01-22,2020-01-22 09:07:14.228,09:07:14,57.15566777777777,27.35329966666667
2082,284836.23,Flight2_cam1-001-000392-0,7210509.42109442,328321.42182213644,692.2747802734375,HlangwineEP,2020-01-22,2020-01-22 09:07:16.230,09:07:16,57.151775000000036,27.35446749999999
2083,284838.232,Flight2_cam1-001-000393-0,7210496.243207266,328330.2695982286,692.54345703125,HlangwineEP,2020-01-22,2020-01-22 09:07:18.232,09:07:18,57.14788222222219,27.355635333333346
2084,284840.901,Flight2_cam1-001-000394-0,7210478.345946426,328342.13762672525,693.0123901367188,HlangwineEP,2020-01-22,2020-01-22 09:07:20.901,09:07:20,57.142692499999974,27.357192250000008
2085,284842.235,Flight2_cam1-001-000395-0,7210469.372221544,328348.24491194444,693.0343627929688,HlangwineEP,2020-01-22,2020-01-22 09:07:22.235,09:07:22,57.140098611111135,27.35797041666666
2086,284844.237,Flight2_cam1-001-000396-0,7210456.242034512,328357.21442596766,693.222900390625,HlangwineEP,2020-01-22,2020-01-22 09:07:24.237,09:07:24,57.13620583333329,27.359138250000015
2087,284846.239,Flight2_cam1-001-000397-0,7210443.254240013,328365.9083003546,693.3497924804688,HlangwineEP,2020-01-22,2020-01-22 09:07:26.239,09:07:26,57.13231305555555,27.360306083333334
2088,284848.375,Flight2_cam1-001-000398-0,7210428.982269902,328375.43545511836,693.6449584960938,HlangwineEP,2020-01-22,2020-01-22 09:07:28.375,09:07:28,57.12815972222222,27.361552083333333
2089,284850.777,Flight2_cam1-001-000399-0,7210413.061749978,328386.1403050672,693.7637939453125,HlangwineEP,2020-01-22,2020-01-22 09:07:30.777,09:07:30,57.123489166666666,27.362953250000004
2090,284852.245,Flight2_cam1-001-000400-0,7210403.169445114,328392.81250360014,693.856201171875,HlangwineEP,2020-01-22,2020-01-22 09:07:32.245,09:07:32,57.120634722222235,27.36380958333333
2091,284854.247,Flight2_cam1-001-000401-0,7210389.95358501,328401.8735428846,693.9566040039062,HlangwineEP,2020-01-22,2020-01-22 09:07:34.247,09:07:34,57.11674194444449,27.36497741666665
2092,284856.249,Flight2_cam1-001-000402-0,7210376.871595661,328410.7184566009,694.0105590820312,HlangwineEP,2020-01-22,2020-01-22 09:07:36.249,09:07:36,57.11284916666665,27.366145250000006
2093,284858.919,Flight2_cam1-001-000403-0,7210358.881377611,328422.7271585719,694.0572509765625,HlangwineEP,2020-01-22,2020-01-22 09:07:38.919,09:07:38,57.10765750000001,27.36770275
2094,284860.253,Flight2_cam1-001-000404-0,7210350.013827281,328428.5928149215,694.0808715820312,HlangwineEP,2020-01-22,2020-01-22 09:07:40.253,09:07:40,57.10506361111106,27.368480916666684
2095,284862.255,Flight2_cam1-001-000405-0,7210336.959457108,328437.3349293085,694.2545776367188,HlangwineEP,2020-01-22,2020-01-22 09:07:42.255,09:07:42,57.10117083333333,27.369648750000003
2096,284864.257,Flight2_cam1-001-000406-0,7210323.678546911,328446.27910301124,694.3458862304688,HlangwineEP,2020-01-22,2020-01-22 09:07:44.257,09:07:44,57.09727805555559,27.370816583333326
2097,284866.259,Flight2_cam1-001-000407-0,7210310.582678542,328455.2677809417,694.34716796875,HlangwineEP,2020-01-22,2020-01-22 09:07:46.259,09:07:46,57.09338527777774,27.37198441666668
2098,284868.795,Flight2_cam1-001-000408-0,7210293.832641836,328466.4628804738,694.2355346679688,HlangwineEP,2020-01-22,2020-01-22 09:07:48.795,09:07:48,57.0884541666667,27.373463749999992
2099,284870.263,Flight2_cam1-001-000409-0,7210283.851777159,328473.2852056206,694.2445068359375,HlangwineEP,2020-01-22,2020-01-22 09:07:50.263,09:07:50,57.08559972222227,27.37432008333332
2100,284872.265,Flight2_cam1-001-000410-0,7210270.631313464,328482.21465427487,694.3232421875,HlangwineEP,2020-01-22,2020-01-22 09:07:52.265,09:07:52,57.08170694444442,27.375487916666675
2101,284874.267,Flight2_cam1-001-000411-0,7210257.519541409,328490.9303729213,694.2383422851562,HlangwineEP,2020-01-22,2020-01-22 09:07:54.267,09:07:54,57.077814166666684,27.376655749999998
2102,284876.803,Flight2_cam1-001-000412-0,7210240.69066096,328502.3014419788,694.390380859375,HlangwineEP,2020-01-22,2020-01-22 09:07:56.803,09:07:56,57.07288305555553,27.378135083333344
2103,284878.271,Flight2_cam1-001-000413-0,7210230.774542554,328509.0491444998,694.3622436523438,HlangwineEP,2020-01-22,2020-01-22 09:07:58.271,09:07:58,57.0700286111111,27.378991416666672
2104,284880.273,Flight2_cam1-001-000414-0,7210217.528050806,328517.84462550015,694.3783569335938,HlangwineEP,2020-01-22,2020-01-22 09:08:00.273,09:08:00,57.06613583333336,27.380159249999995
2105,284882.275,Flight2_cam1-001-000415-0,7210204.295863692,328526.7096639287,694.2433471679688,HlangwineEP,2020-01-22,2020-01-22 09:08:02.275,09:08:02,57.06224305555551,27.38132708333335
2106,284884.811,Flight2_cam1-001-000416-0,7210187.414448031,328538.3037062099,694.2438354492188,HlangwineEP,2020-01-22,2020-01-22 09:08:04.811,09:08:04,57.05731194444447,27.38280641666666
2107,284886.279,Flight2_cam1-001-000417-0,7210177.418308049,328545.06861109176,694.2735595703125,HlangwineEP,2020-01-22,2020-01-22 09:08:06.279,09:08:06,57.05445750000004,27.38366274999999
2108,284888.281,Flight2_cam1-001-000418-0,7210164.292033816,328553.83433228097,694.1325073242188,HlangwineEP,2020-01-22,2020-01-22 09:08:08.281,09:08:08,57.05056472222219,27.384830583333343
2109,284890.283,Flight2_cam1-001-000419-0,7210151.132265985,328562.665327135,694.1157836914062,HlangwineEP,2020-01-22,2020-01-22 09:08:10.283,09:08:10,57.046671944444455,27.385998416666666
2110,284892.819,Flight2_cam1-001-000420-0,7210134.231806297,328573.9193915598,694.14599609375,HlangwineEP,2020-01-22,2020-01-22 09:08:12.819,09:08:12,57.0417408333333,27.387477750000013
2111,284896.022,Flight2_cam1-001-000421-0,7210113.18718419,328588.28731368075,693.9965209960938,HlangwineEP,2020-01-22,2020-01-22 09:08:16.022,09:08:16,57.03551277777778,27.389346166666666
2112,284896.289,Flight2_cam1-001-000422-0,7210111.124071841,328589.6589050222,693.9891967773438,HlangwineEP,2020-01-22,2020-01-22 09:08:16.289,09:08:16,57.03499361111113,27.389501916666664
2113,284898.291,Flight2_cam1-001-000423-0,7210098.023617287,328598.4222819824,694.1809692382812,HlangwineEP,2020-01-22,2020-01-22 09:08:18.291,09:08:18,57.031100833333284,27.390669750000015
2114,284900.293,Flight2_cam1-001-000424-0,7210084.8670593,328607.2303943761,694.3165893554688,HlangwineEP,2020-01-22,2020-01-22 09:08:20.293,09:08:20,57.02720805555555,27.391837583333338
2115,284902.829,Flight2_cam1-001-000425-0,7210067.884643485,328618.6599575934,694.72216796875,HlangwineEP,2020-01-22,2020-01-22 09:08:22.829,09:08:22,57.02227694444439,27.393316916666684
2116,284904.697,Flight2_cam1-001-000426-0,7210055.31586881,328627.22483110183,695.0238037109375,HlangwineEP,2020-01-22,2020-01-22 09:08:24.697,09:08:24,57.01864472222225,27.394406583333325
2117,284906.299,Flight2_cam1-001-000427-0,7210044.806229516,328634.34276820277,695.4147338867188,HlangwineEP,2020-01-22,2020-01-22 09:08:26.299,09:08:26,57.015529722222226,27.395341083333335
2118,284908.301,Flight2_cam1-001-000428-0,7210035.355028328,328640.8740022541,695.40673828125,HlangwineEP,2020-01-22,2020-01-22 09:08:28.301,09:08:28,57.01163694444449,27.396508916666654
2119,284910.837,Flight2_cam1-001-000429-0,7210010.431567652,328644.8528654417,695.612548828125,HlangwineEP,2020-01-22,2020-01-22 09:08:30.837,09:08:30,57.006705833333335,27.39798825
2120,284912.305,Flight2_cam1-001-000430-0,7209997.8195131915,328635.60113312857,695.587890625,HlangwineEP,2020-01-22,2020-01-22 09:08:32.305,09:08:32,57.003851388888904,27.39884458333333
2121,284916.175,Flight2_cam1-001-000431-0,7210003.81191404,328600.27482404246,694.8784790039062,HlangwineEP,2020-01-22,2020-01-22 09:08:36.175,09:08:36,56.99632638888891,27.401102083333328
2122,284918.177,Flight2_cam1-001-000432-0,7210014.110204387,328578.6037338936,694.2542724609375,HlangwineEP,2020-01-22,2020-01-22 09:08:38.177,09:08:38,56.99243361111106,27.402269916666683
2123,284920.179,Flight2_cam1-001-000433-0,7210020.846441144,328553.5409382131,693.7642822265625,HlangwineEP,2020-01-22,2020-01-22 09:08:40.179,09:08:40,56.988540833333325,27.403437750000002
2124,284922.181,Flight2_cam1-001-000434-0,7210026.498559777,328526.2751476519,692.5499877929688,HlangwineEP,2020-01-22,2020-01-22 09:08:42.181,09:08:42,56.98464805555559,27.404605583333325
2125,284924.851,Flight2_cam1-001-000435-0,7210033.025137706,328489.83030532056,690.2111206054688,HlangwineEP,2020-01-22,2020-01-22 09:08:44.851,09:08:44,56.97945638888884,27.40616308333335
2126,284926.185,Flight2_cam1-001-000436-0,7210035.929392582,328472.0656375607,689.0780029296875,HlangwineEP,2020-01-22,2020-01-22 09:08:46.185,09:08:46,56.9768625,27.40694125
2127,284928.187,Flight2_cam1-001-000437-0,7210039.938551804,328445.9408195454,687.1052856445312,HlangwineEP,2020-01-22,2020-01-22 09:08:48.187,09:08:48,56.97296972222227,27.408109083333322
2128,284930.189,Flight2_cam1-001-000438-0,7210044.034288521,328419.66800570785,684.5681762695312,HlangwineEP,2020-01-22,2020-01-22 09:08:50.189,09:08:50,56.96907694444442,27.409276916666677
2129,284932.325,Flight2_cam1-001-000439-0,7210048.26114401,328391.70637677785,684.0352172851562,HlangwineEP,2020-01-22,2020-01-22 09:08:52.325,09:08:52,56.96492361111109,27.410522916666675
2130,285483.805,Flight2_cam1-002-000000-0,7210152.37262658,327802.09719495755,590.6099853515625,HlangwineEP,2020-01-22,2020-01-22 09:18:03.805,09:18:03,55.892601388888906,27.73221958333333
2131,285485.273,Flight2_cam1-002-000001-0,7210158.660775268,327809.9449342677,594.1762084960938,HlangwineEP,2020-01-22,2020-01-22 09:18:05.273,09:18:05,55.88974694444447,27.73307591666666
2132,285487.275,Flight2_cam1-002-000002-0,7210165.088995453,327824.5729677415,599.5805053710938,HlangwineEP,2020-01-22,2020-01-22 09:18:07.275,09:18:07,55.88585416666662,27.734243750000015
2133,285489.277,Flight2_cam1-002-000003-0,7210168.1928498475,327840.3540100812,604.9844360351562,HlangwineEP,2020-01-22,2020-01-22 09:18:09.277,09:18:09,55.88196138888888,27.735411583333335
2134,285491.813,Flight2_cam1-002-000004-0,7210170.79335393,327862.17258786754,612.2816772460938,HlangwineEP,2020-01-22,2020-01-22 09:18:11.813,09:18:11,55.877030277777735,27.73689091666668
2135,285493.281,Flight2_cam1-002-000005-0,7210169.344692454,327874.9968164223,616.4112548828125,HlangwineEP,2020-01-22,2020-01-22 09:18:13.281,09:18:13,55.8741758333333,27.737747250000012
2136,285496.351,Flight2_cam1-002-000006-0,7210154.065689712,327900.7169790494,625.1041259765625,HlangwineEP,2020-01-22,2020-01-22 09:18:16.351,09:18:16,55.868206388888844,27.739538083333347
2137,285497.285,Flight2_cam1-002-000007-0,7210148.2226500455,327908.12789357314,627.5009765625,HlangwineEP,2020-01-22,2020-01-22 09:18:17.285,09:18:17,55.866390277777825,27.74008291666665
2138,285499.287,Flight2_cam1-002-000008-0,7210136.771776546,327924.1361080324,631.8546752929688,HlangwineEP,2020-01-22,2020-01-22 09:18:19.287,09:18:19,55.862497499999975,27.741250750000006
2139,285501.69,Flight2_cam1-002-000009-0,7210129.631411146,327945.34732719953,636.83544921875,HlangwineEP,2020-01-22,2020-01-22 09:18:21.690,09:18:21,55.857825,27.742652500000002
2140,285503.158,Flight2_cam1-002-000010-0,7210129.145929486,327959.58351819974,640.5706176757812,HlangwineEP,2020-01-22,2020-01-22 09:18:23.158,09:18:23,55.85497055555556,27.743508833333333
2141,285505.16,Flight2_cam1-002-000011-0,7210128.041670034,327978.7415270412,644.373046875,HlangwineEP,2020-01-22,2020-01-22 09:18:25.160,09:18:25,55.851077777777824,27.744676666666653
2142,285507.162,Flight2_cam1-002-000012-0,7210128.601499117,327998.65500542964,647.9603881835938,HlangwineEP,2020-01-22,2020-01-22 09:18:27.162,09:18:27,55.84718499999998,27.745844500000008
2143,285509.831,Flight2_cam1-002-000013-0,7210130.173901759,328026.84452612355,653.5432739257812,HlangwineEP,2020-01-22,2020-01-22 09:18:29.831,09:18:29,55.84199527777777,27.74740141666667
2144,285511.166,Flight2_cam1-002-000014-0,7210130.907773868,328041.541551827,656.3862915039062,HlangwineEP,2020-01-22,2020-01-22 09:18:31.166,09:18:31,55.839399444444396,27.748180166666682
2145,285513.168,Flight2_cam1-002-000015-0,7210131.84203124,328064.31987503933,660.488525390625,HlangwineEP,2020-01-22,2020-01-22 09:18:33.168,09:18:33,55.83550666666666,27.749348000000005
2146,285515.17,Flight2_cam1-002-000016-0,7210132.732727962,328087.85999662045,664.556884765625,HlangwineEP,2020-01-22,2020-01-22 09:18:35.170,09:18:35,55.831613888888924,27.750515833333324
2147,285517.305,Flight2_cam1-002-000017-0,7210130.998862717,328113.2672054041,668.8387451171875,HlangwineEP,2020-01-22,2020-01-22 09:18:37.305,09:18:37,55.82746250000001,27.751761249999998
2148,285519.707,Flight2_cam1-002-000018-0,7210125.172640219,328140.88923449046,673.86962890625,HlangwineEP,2020-01-22,2020-01-22 09:18:39.707,09:18:39,55.822791944444454,27.753162416666665
2149,285521.176,Flight2_cam1-002-000019-0,7210122.269885494,328158.5532858805,677.0211791992188,HlangwineEP,2020-01-22,2020-01-22 09:18:41.176,09:18:41,55.8199355555556,27.75401933333332
2150,285523.177,Flight2_cam1-002-000020-0,7210118.260107652,328182.0139785486,681.239013671875,HlangwineEP,2020-01-22,2020-01-22 09:18:43.177,09:18:43,55.81604472222217,27.755186583333348
2151,285525.179,Flight2_cam1-002-000021-0,7210117.093408208,328205.32206603384,685.6271362304688,HlangwineEP,2020-01-22,2020-01-22 09:18:45.179,09:18:45,55.81215194444444,27.75635441666667
2152,285527.849,Flight2_cam1-002-000022-0,7210121.401512271,328236.7946051443,692.4417724609375,HlangwineEP,2020-01-22,2020-01-22 09:18:47.849,09:18:47,55.806960277777804,27.75791191666666
2153,285529.183,Flight2_cam1-002-000023-0,7210124.748553071,328251.9666315353,695.8052368164062,HlangwineEP,2020-01-22,2020-01-22 09:18:49.183,09:18:49,55.80436638888885,27.758690083333345
2154,285531.185,Flight2_cam1-002-000024-0,7210133.968530188,328272.7978655894,700.8104858398438,HlangwineEP,2020-01-22,2020-01-22 09:18:51.185,09:18:51,55.800473611111116,27.759857916666665
2155,285533.187,Flight2_cam1-002-000025-0,7210145.894492068,328292.29686330224,705.6325073242188,HlangwineEP,2020-01-22,2020-01-22 09:18:53.187,09:18:53,55.79658083333338,27.761025749999988
2156,285535.323,Flight2_cam1-002-000026-0,7210160.853351264,328312.843343826,705.7413330078125,HlangwineEP,2020-01-22,2020-01-22 09:18:55.323,09:18:55,55.79242750000005,27.762271749999986
2157,285537.725,Flight2_cam1-002-000027-0,7210180.489291968,328334.3186662062,704.6879272460938,HlangwineEP,2020-01-22,2020-01-22 09:18:57.725,09:18:57,55.78775694444449,27.763672916666653
2158,285539.193,Flight2_cam1-002-000028-0,7210195.9374328405,328346.1012128385,704.0400390625,HlangwineEP,2020-01-22,2020-01-22 09:18:59.193,09:18:59,55.784902499999944,27.764529250000017
2159,285541.195,Flight2_cam1-002-000029-0,7210218.873068679,328359.9520737367,703.2147827148438,HlangwineEP,2020-01-22,2020-01-22 09:19:01.195,09:19:01,55.78100972222221,27.76569708333334
2160,285543.197,Flight2_cam1-002-000030-0,7210243.095039484,328370.59767631564,702.2144775390625,HlangwineEP,2020-01-22,2020-01-22 09:19:03.197,09:19:03,55.77711694444447,27.76686491666666
2161,285545.867,Flight2_cam1-002-000031-0,7210274.037137205,328377.2761453097,700.7335205078125,HlangwineEP,2020-01-22,2020-01-22 09:19:05.867,09:19:05,55.771925277777726,27.768422416666684
2162,285547.201,Flight2_cam1-002-000032-0,7210288.25529155,328379.25515928003,700.0648803710938,HlangwineEP,2020-01-22,2020-01-22 09:19:07.201,09:19:07,55.76933138888889,27.769200583333333
2163,285549.203,Flight2_cam1-002-000033-0,7210307.7664131895,328381.5369110458,699.26123046875,HlangwineEP,2020-01-22,2020-01-22 09:19:09.203,09:19:09,55.76543861111115,27.770368416666656
2164,285551.205,Flight2_cam1-002-000034-0,7210320.259931363,328381.22598468076,698.61767578125,HlangwineEP,2020-01-22,2020-01-22 09:19:11.205,09:19:11,55.7615458333333,27.77153625000001
2165,285553.341,Flight2_cam1-002-000035-0,7210326.962616881,328378.7236803651,697.9522094726562,HlangwineEP,2020-01-22,2020-01-22 09:19:13.341,09:19:13,55.75739249999997,27.77278225000001
2166,285555.743,Flight2_cam1-002-000036-0,7210329.443852304,328379.58922154113,696.9003295898438,HlangwineEP,2020-01-22,2020-01-22 09:19:15.743,09:19:15,55.75272194444441,27.774183416666677
2167,285557.211,Flight2_cam1-002-000037-0,7210329.303885384,328382.4131976118,696.1027221679688,HlangwineEP,2020-01-22,2020-01-22 09:19:17.211,09:19:17,55.74986749999998,27.77503975000001
2168,285559.213,Flight2_cam1-002-000038-0,7210327.790856803,328385.71440144884,695.6092529296875,HlangwineEP,2020-01-22,2020-01-22 09:19:19.213,09:19:19,55.74597472222224,27.776207583333328
2169,285561.215,Flight2_cam1-002-000039-0,7210325.584611659,328389.5138158264,695.56494140625,HlangwineEP,2020-01-22,2020-01-22 09:19:21.215,09:19:21,55.742081944444394,27.777375416666683
2170,285563.885,Flight2_cam1-002-000040-0,7210323.797721339,328394.9477089421,695.5565185546875,HlangwineEP,2020-01-22,2020-01-22 09:19:23.885,09:19:23,55.73689027777776,27.778932916666673
2171,285565.219,Flight2_cam1-002-000041-0,7210323.446300147,328397.6705079938,695.5438232421875,HlangwineEP,2020-01-22,2020-01-22 09:19:25.219,09:19:25,55.73429638888892,27.779711083333325
2172,285567.221,Flight2_cam1-002-000042-0,7210323.106942071,328401.6362858176,695.5529174804688,HlangwineEP,2020-01-22,2020-01-22 09:19:27.221,09:19:27,55.73040361111107,27.78087891666668
2173,285569.223,Flight2_cam1-002-000043-0,7210322.713335583,328405.56182359584,695.5550537109375,HlangwineEP,2020-01-22,2020-01-22 09:19:29.223,09:19:29,55.726510833333336,27.78204675
2174,285571.759,Flight2_cam1-002-000044-0,7210321.474824624,328410.82921536965,695.4495239257812,HlangwineEP,2020-01-22,2020-01-22 09:19:31.759,09:19:31,55.72157972222218,27.783526083333346
2175,285573.227,Flight2_cam1-002-000045-0,7210320.351947989,328411.46912914654,695.4603881835938,HlangwineEP,2020-01-22,2020-01-22 09:19:33.227,09:19:33,55.71872527777775,27.784382416666674
2176,285575.229,Flight2_cam1-002-000046-0,7210314.888655506,328416.87562096445,695.4555053710938,HlangwineEP,2020-01-22,2020-01-22 09:19:35.229,09:19:35,55.714832500000014,27.785550249999996
2177,285577.231,Flight2_cam1-002-000047-0,7210304.589858877,328428.518216257,695.4788208007812,HlangwineEP,2020-01-22,2020-01-22 09:19:37.231,09:19:37,55.710939722222165,27.78671808333335
2178,285579.233,Flight2_cam1-002-000048-0,7210294.079592155,328441.5308462515,695.4736938476562,HlangwineEP,2020-01-22,2020-01-22 09:19:39.233,09:19:39,55.70704694444443,27.78788591666667
2179,285581.235,Flight2_cam1-002-000049-0,7210283.823175096,328453.9470934095,695.4754028320312,HlangwineEP,2020-01-22,2020-01-22 09:19:41.235,09:19:41,55.70315416666669,27.789053749999994
2180,285583.904,Flight2_cam1-002-000050-0,7210269.7829671865,328470.33205725846,695.5073852539062,HlangwineEP,2020-01-22,2020-01-22 09:19:43.904,09:19:43,55.69796444444448,27.790610666666655
2181,285585.239,Flight2_cam1-002-000051-0,7210262.878759451,328478.37472050707,695.508544921875,HlangwineEP,2020-01-22,2020-01-22 09:19:45.239,09:19:45,55.69536861111111,27.791389416666668
2182,285587.241,Flight2_cam1-002-000052-0,7210252.628499012,328490.1913937004,695.5281982421875,HlangwineEP,2020-01-22,2020-01-22 09:19:47.241,09:19:47,55.69147583333337,27.792557249999987
2183,285589.243,Flight2_cam1-002-000053-0,7210245.768676467,328498.31712761335,695.548095703125,HlangwineEP,2020-01-22,2020-01-22 09:19:49.243,09:19:49,55.68758305555552,27.793725083333342
2184,285591.245,Flight2_cam1-002-000054-0,7210244.559649544,328499.8150430715,695.5149536132812,HlangwineEP,2020-01-22,2020-01-22 09:19:51.245,09:19:51,55.683690277777785,27.794892916666665
2185,285593.514,Flight2_cam1-002-000055-0,7210241.388333781,328501.3029992647,695.4896850585938,HlangwineEP,2020-01-22,2020-01-22 09:19:53.514,09:19:53,55.679278333333286,27.796216500000014
2186,285595.249,Flight2_cam1-002-000056-0,7210233.247440191,328506.49902205315,695.5078735351562,HlangwineEP,2020-01-22,2020-01-22 09:19:55.249,09:19:55,55.6759047222222,27.79722858333334
2187,285597.251,Flight2_cam1-002-000057-0,7210221.15935213,328514.90380498546,695.53271484375,HlangwineEP,2020-01-22,2020-01-22 09:19:57.251,09:19:57,55.67201194444446,27.798396416666662
2188,285599.253,Flight2_cam1-002-000058-0,7210207.806863422,328524.16406037833,695.5743408203125,HlangwineEP,2020-01-22,2020-01-22 09:19:59.253,09:19:59,55.668119166666614,27.799564250000017
2189,285601.789,Flight2_cam1-002-000059-0,7210190.7234249925,328535.82478095614,695.5565185546875,HlangwineEP,2020-01-22,2020-01-22 09:20:01.789,09:20:01,55.66318805555557,27.80104358333333
2190,285603.257,Flight2_cam1-002-000060-0,7210180.749027882,328542.55237008876,695.5630493164062,HlangwineEP,2020-01-22,2020-01-22 09:20:03.257,09:20:03,55.66033361111114,27.801899916666656
2191,285605.259,Flight2_cam1-002-000061-0,7210167.661323985,328551.4434398364,695.5060424804688,HlangwineEP,2020-01-22,2020-01-22 09:20:05.259,09:20:05,55.65644083333329,27.80306775000001
2192,285607.261,Flight2_cam1-002-000062-0,7210154.478866541,328560.19800926466,695.5166625976562,HlangwineEP,2020-01-22,2020-01-22 09:20:07.261,09:20:07,55.652548055555556,27.804235583333334
2193,285609.263,Flight2_cam1-002-000063-0,7210140.860147459,328569.5066394466,695.4528198242188,HlangwineEP,2020-01-22,2020-01-22 09:20:09.263,09:20:09,55.64865527777782,27.805403416666653
2194,285611.799,Flight2_cam1-002-000064-0,7210124.004417501,328580.88212565077,695.4553833007812,HlangwineEP,2020-01-22,2020-01-22 09:20:11.799,09:20:11,55.64372416666667,27.80688275
2195,285613.267,Flight2_cam1-002-000065-0,7210114.548726627,328587.1594493034,695.4789428710938,HlangwineEP,2020-01-22,2020-01-22 09:20:13.267,09:20:13,55.640869722222234,27.80773908333333
2196,285615.269,Flight2_cam1-002-000066-0,7210101.474337092,328595.92693294585,695.5574951171875,HlangwineEP,2020-01-22,2020-01-22 09:20:15.269,09:20:15,55.6369769444445,27.80890691666665
2197,285617.271,Flight2_cam1-002-000067-0,7210087.79000073,328605.1210077128,695.7778930664062,HlangwineEP,2020-01-22,2020-01-22 09:20:17.271,09:20:17,55.63308416666665,27.810074750000005
2198,285619.807,Flight2_cam1-002-000068-0,7210071.464375252,328616.1247086222,696.090087890625,HlangwineEP,2020-01-22,2020-01-22 09:20:19.807,09:20:19,55.628153055555615,27.811554083333316
2199,285621.275,Flight2_cam1-002-000069-0,7210061.588689013,328622.78646765975,696.3762817382812,HlangwineEP,2020-01-22,2020-01-22 09:20:21.275,09:20:21,55.62529861111106,27.81241041666668
2200,285623.277,Flight2_cam1-002-000070-0,7210048.491175552,328631.6323506894,696.8436279296875,HlangwineEP,2020-01-22,2020-01-22 09:20:23.277,09:20:23,55.62140583333333,27.813578250000003
2201,285628.482,Flight2_cam1-002-000071-0,7210013.815956779,328655.1014184728,698.4225463867188,HlangwineEP,2020-01-22,2020-01-22 09:20:28.482,09:20:28,55.61128499999997,27.81661450000001
2202,285631.018,Flight2_cam1-002-000072-0,7209996.917055326,328666.44777925836,699.331787109375,HlangwineEP,2020-01-22,2020-01-22 09:20:31.018,09:20:31,55.606353888888925,27.81809383333332
2203,285632.486,Flight2_cam1-002-000073-0,7209987.502897741,328672.7766291313,699.8002319335938,HlangwineEP,2020-01-22,2020-01-22 09:20:32.486,09:20:32,55.603499444444495,27.818950166666653
2204,285634.488,Flight2_cam1-002-000074-0,7209974.4000927415,328681.63121236867,700.471923828125,HlangwineEP,2020-01-22,2020-01-22 09:20:34.488,09:20:34,55.599606666666645,27.820118000000008
2205,285636.49,Flight2_cam1-002-000075-0,7209960.716216618,328690.8473711751,701.1810913085938,HlangwineEP,2020-01-22,2020-01-22 09:20:36.490,09:20:36,55.59571388888891,27.821285833333327
2206,285638.492,Flight2_cam1-002-000076-0,7209948.104114579,328700.3323705662,701.866455078125,HlangwineEP,2020-01-22,2020-01-22 09:20:38.492,09:20:38,55.59182111111106,27.822453666666682
2207,285641.028,Flight2_cam1-002-000077-0,7209939.396402512,328718.1490952388,702.7574462890625,HlangwineEP,2020-01-22,2020-01-22 09:20:41.028,09:20:41,55.58689000000002,27.823932999999997
2208,285642.496,Flight2_cam1-002-000078-0,7209941.224701194,328729.3054338719,703.0491333007812,HlangwineEP,2020-01-22,2020-01-22 09:20:42.496,09:20:42,55.58403555555559,27.824789333333324
2209,285644.498,Flight2_cam1-002-000079-0,7209950.254070049,328743.6135102011,703.2191162109375,HlangwineEP,2020-01-22,2020-01-22 09:20:44.498,09:20:44,55.58014277777774,27.82595716666668
2210,285646.366,Flight2_cam1-002-000080-0,7209958.756277843,328753.69156185974,703.3290405273438,HlangwineEP,2020-01-22,2020-01-22 09:20:46.366,09:20:46,55.57651055555559,27.827046833333323
2211,285649.036,Flight2_cam1-002-000081-0,7209969.644769131,328767.9270931275,703.4276123046875,HlangwineEP,2020-01-22,2020-01-22 09:20:49.036,09:20:49,55.57131888888885,27.828604333333345
2212,285650.37,Flight2_cam1-002-000082-0,7209977.475811571,328774.51852995594,703.4830322265625,HlangwineEP,2020-01-22,2020-01-22 09:20:50.370,09:20:50,55.56872500000001,27.829382499999998
2213,285652.372,Flight2_cam1-002-000083-0,7209992.212657934,328778.5417793754,703.4246826171875,HlangwineEP,2020-01-22,2020-01-22 09:20:52.372,09:20:52,55.56483222222227,27.830550333333317
2214,285654.374,Flight2_cam1-002-000084-0,7210006.713777369,328774.32204862905,703.130615234375,HlangwineEP,2020-01-22,2020-01-22 09:20:54.374,09:20:54,55.56093944444442,27.831718166666672
2215,285656.51,Flight2_cam1-002-000085-0,7210019.612415647,328765.1252969967,702.8067626953125,HlangwineEP,2020-01-22,2020-01-22 09:20:56.510,09:20:56,55.556786111111094,27.832964166666674
2216,285658.912,Flight2_cam1-002-000086-0,7210033.019363439,328755.6299958032,702.3997802734375,HlangwineEP,2020-01-22,2020-01-22 09:20:58.912,09:20:58,55.55211555555553,27.83436533333334
2217,285660.38,Flight2_cam1-002-000087-0,7210042.091835216,328749.74517289444,702.1051025390625,HlangwineEP,2020-01-22,2020-01-22 09:21:00.380,09:21:00,55.5492611111111,27.83522166666667
2218,285662.382,Flight2_cam1-002-000088-0,7210054.994256748,328741.46432705387,701.6727905273438,HlangwineEP,2020-01-22,2020-01-22 09:21:02.382,09:21:02,55.545368333333364,27.836389499999992
2219,285664.384,Flight2_cam1-002-000089-0,7210068.335799599,328732.75574712805,701.2598266601562,HlangwineEP,2020-01-22,2020-01-22 09:21:04.384,09:21:04,55.541475555555515,27.837557333333347
2220,285667.054,Flight2_cam1-002-000090-0,7210086.239448362,328720.7621044882,700.6836547851562,HlangwineEP,2020-01-22,2020-01-22 09:21:07.054,09:21:07,55.53628388888888,27.839114833333337
2221,285668.388,Flight2_cam1-002-000091-0,7210095.128599256,328714.8591208325,700.4376831054688,HlangwineEP,2020-01-22,2020-01-22 09:21:08.388,09:21:08,55.53369000000004,27.839892999999986
2222,285670.39,Flight2_cam1-002-000092-0,7210108.294162134,328706.09066281246,700.0841064453125,HlangwineEP,2020-01-22,2020-01-22 09:21:10.390,09:21:10,55.52979722222219,27.84106083333334
2223,285672.392,Flight2_cam1-002-000093-0,7210121.600855913,328697.3294295223,699.7639770507812,HlangwineEP,2020-01-22,2020-01-22 09:21:12.392,09:21:12,55.52590444444446,27.842228666666664
2224,285674.528,Flight2_cam1-002-000094-0,7210135.768540644,328687.9417875406,699.5714721679688,HlangwineEP,2020-01-22,2020-01-22 09:21:14.528,09:21:14,55.52175111111113,27.843474666666662
2225,285676.93,Flight2_cam1-002-000095-0,7210151.612081712,328677.36218278966,699.3793334960938,HlangwineEP,2020-01-22,2020-01-22 09:21:16.930,09:21:16,55.517080555555566,27.84487583333333
2226,285678.398,Flight2_cam1-002-000096-0,7210161.493449712,328670.5441887567,699.2824096679688,HlangwineEP,2020-01-22,2020-01-22 09:21:18.398,09:21:18,55.514226111111135,27.84573216666666
2227,285680.4,Flight2_cam1-002-000097-0,7210174.530778391,328661.627811281,699.2552490234375,HlangwineEP,2020-01-22,2020-01-22 09:21:20.400,09:21:20,55.510333333333286,27.846900000000016
2228,285682.402,Flight2_cam1-002-000098-0,7210187.66608442,328652.71741522546,699.27490234375,HlangwineEP,2020-01-22,2020-01-22 09:21:22.402,09:21:22,55.50644055555555,27.848067833333335
2229,285685.071,Flight2_cam1-002-000099-0,7210205.598716198,328640.6321596478,699.4541625976562,HlangwineEP,2020-01-22,2020-01-22 09:21:25.071,09:21:25,55.501250833333344,27.849624749999997
2230,285686.406,Flight2_cam1-002-000100-0,7210214.652868072,328634.62533466,699.6326293945312,HlangwineEP,2020-01-22,2020-01-22 09:21:26.406,09:21:26,55.498654999999964,27.85040350000001
2231,285688.408,Flight2_cam1-002-000101-0,7210227.772990038,328625.76860210387,699.8409423828125,HlangwineEP,2020-01-22,2020-01-22 09:21:28.408,09:21:28,55.49476222222223,27.851571333333332
2232,285690.41,Flight2_cam1-002-000102-0,7210240.887403854,328616.7579768817,699.9081420898438,HlangwineEP,2020-01-22,2020-01-22 09:21:30.410,09:21:30,55.49086944444449,27.85273916666665
2233,285692.546,Flight2_cam1-002-000103-0,7210254.934624093,328607.3495625894,699.97216796875,HlangwineEP,2020-01-22,2020-01-22 09:21:32.546,09:21:32,55.486716111111164,27.85398516666665
2234,285694.948,Flight2_cam1-002-000104-0,7210270.505528339,328596.78216539405,700.2503051757812,HlangwineEP,2020-01-22,2020-01-22 09:21:34.948,09:21:34,55.4820455555556,27.855386333333318
2235,285696.416,Flight2_cam1-002-000105-0,7210280.452359023,328589.9816001669,700.3942260742188,HlangwineEP,2020-01-22,2020-01-22 09:21:36.416,09:21:36,55.47919111111106,27.856242666666684
2236,285698.418,Flight2_cam1-002-000106-0,7210293.655268372,328581.12774805,700.5446166992188,HlangwineEP,2020-01-22,2020-01-22 09:21:38.418,09:21:38,55.47529833333332,27.857410500000004
2237,285700.42,Flight2_cam1-002-000107-0,7210306.9128470095,328572.3439543077,700.6349487304688,HlangwineEP,2020-01-22,2020-01-22 09:21:40.420,09:21:40,55.471405555555584,27.858578333333323
2238,285703.089,Flight2_cam1-002-000108-0,7210324.882050458,328560.33290063706,700.6470947265625,HlangwineEP,2020-01-22,2020-01-22 09:21:43.089,09:21:43,55.46621583333338,27.86013524999999
2239,285704.424,Flight2_cam1-002-000109-0,7210333.827884935,328554.26656911627,700.6193237304688,HlangwineEP,2020-01-22,2020-01-22 09:21:44.424,09:21:44,55.46362,27.860914
2240,285706.426,Flight2_cam1-002-000110-0,7210347.012231981,328545.39536053664,700.4552001953125,HlangwineEP,2020-01-22,2020-01-22 09:21:46.426,09:21:46,55.45972722222226,27.86208183333332
2241,285708.428,Flight2_cam1-002-000111-0,7210360.156675922,328536.58175683825,700.180908203125,HlangwineEP,2020-01-22,2020-01-22 09:21:48.428,09:21:48,55.45583444444441,27.863249666666675
2242,285710.563,Flight2_cam1-002-000112-0,7210374.329531638,328526.9202816817,699.8017578125,HlangwineEP,2020-01-22,2020-01-22 09:21:50.563,09:21:50,55.451683055555506,27.86449508333335
2243,285712.966,Flight2_cam1-002-000113-0,7210390.192955079,328516.3193372864,699.2874145507812,HlangwineEP,2020-01-22,2020-01-22 09:21:52.966,09:21:52,55.44701055555553,27.86589683333334
2244,285714.434,Flight2_cam1-002-000114-0,7210400.229082435,328509.6627257384,698.8795166015625,HlangwineEP,2020-01-22,2020-01-22 09:21:54.434,09:21:54,55.4441561111111,27.866753166666673
2245,285716.436,Flight2_cam1-002-000115-0,7210413.329628672,328500.94825549715,698.2887573242188,HlangwineEP,2020-01-22,2020-01-22 09:21:56.436,09:21:56,55.440263333333355,27.867920999999992
2246,285718.438,Flight2_cam1-002-000116-0,7210426.426729646,328492.1371702575,697.6860961914062,HlangwineEP,2020-01-22,2020-01-22 09:21:58.438,09:21:58,55.43637055555551,27.869088833333347
2247,285721.107,Flight2_cam1-002-000117-0,7210444.366254499,328479.9786840403,696.9179077148438,HlangwineEP,2020-01-22,2020-01-22 09:22:01.107,09:22:01,55.4311808333333,27.870645750000012
2248,285722.442,Flight2_cam1-002-000118-0,7210453.280093502,328473.8656104382,696.5545654296875,HlangwineEP,2020-01-22,2020-01-22 09:22:02.442,09:22:02,55.42858500000004,27.87142449999999
2249,285724.577,Flight2_cam1-002-000119-0,7210467.331140272,328464.2187502479,695.9567260742188,HlangwineEP,2020-01-22,2020-01-22 09:22:04.577,09:22:04,55.42443361111113,27.872669916666663
2250,285726.446,Flight2_cam1-002-000120-0,7210479.459456798,328456.08371077327,695.4693603515625,HlangwineEP,2020-01-22,2020-01-22 09:22:06.446,09:22:06,55.420799444444455,27.873760166666663
2251,285728.448,Flight2_cam1-002-000121-0,7210492.627246547,328447.26271437114,694.9461059570312,HlangwineEP,2020-01-22,2020-01-22 09:22:08.448,09:22:08,55.41690666666672,27.874927999999986
2252,285730.984,Flight2_cam1-002-000122-0,7210509.553029588,328435.94639146887,694.23876953125,HlangwineEP,2020-01-22,2020-01-22 09:22:10.984,09:22:10,55.411975555555564,27.876407333333333
2253,285732.452,Flight2_cam1-002-000123-0,7210519.463556992,328429.2468678152,693.8347778320312,HlangwineEP,2020-01-22,2020-01-22 09:22:12.452,09:22:12,55.40912111111113,27.87726366666666
2254,285735.121,Flight2_cam1-002-000124-0,7210536.761410291,328417.53390267637,693.2324829101562,HlangwineEP,2020-01-22,2020-01-22 09:22:15.121,09:22:15,55.40393138888892,27.878820583333326
2255,285736.456,Flight2_cam1-002-000125-0,7210545.696670319,328411.4935127557,692.9152221679688,HlangwineEP,2020-01-22,2020-01-22 09:22:16.456,09:22:16,55.40133555555555,27.87959933333334
2256,285738.992,Flight2_cam1-002-000126-0,7210562.534799086,328400.10392994597,692.2689819335938,HlangwineEP,2020-01-22,2020-01-22 09:22:18.992,09:22:18,55.39640444444439,27.881078666666685
2257,285740.46,Flight2_cam1-002-000127-0,7210572.547115726,328393.4186210257,691.958251953125,HlangwineEP,2020-01-22,2020-01-22 09:22:20.460,09:22:20,55.39354999999996,27.881935000000013
2258,285742.462,Flight2_cam1-002-000128-0,7210585.650750965,328384.5301276451,691.579833984375,HlangwineEP,2020-01-22,2020-01-22 09:22:22.462,09:22:22,55.389657222222226,27.883102833333332
2259,285744.464,Flight2_cam1-002-000129-0,7210598.76044317,328375.6500193643,691.1430053710938,HlangwineEP,2020-01-22,2020-01-22 09:22:24.464,09:22:24,55.38576444444449,27.884270666666655
2260,285747.0,Flight2_cam1-002-000130-0,7210615.775000886,328364.257934942,690.4496459960938,HlangwineEP,2020-01-22,2020-01-22 09:22:27.000,09:22:27,55.380833333333335,27.88575
2261,285748.468,Flight2_cam1-002-000131-0,7210625.770706516,328357.6482535248,690.1477661132812,HlangwineEP,2020-01-22,2020-01-22 09:22:28.468,09:22:28,55.377978888888904,27.88660633333333
2262,285750.47,Flight2_cam1-002-000132-0,7210638.781776585,328348.91467155074,689.6357421875,HlangwineEP,2020-01-22,2020-01-22 09:22:30.470,09:22:30,55.37408611111117,27.887774166666652
2263,285752.472,Flight2_cam1-002-000133-0,7210651.87666163,328339.9490401016,689.2354125976562,HlangwineEP,2020-01-22,2020-01-22 09:22:32.472,09:22:32,55.37019333333332,27.888942000000007
2264,285754.474,Flight2_cam1-002-000134-0,7210664.963186065,328330.99715484254,688.7890014648438,HlangwineEP,2020-01-22,2020-01-22 09:22:34.474,09:22:34,55.36630055555558,27.890109833333327
2265,285757.01,Flight2_cam1-002-000135-0,7210681.831004499,328319.66399079724,688.1447143554688,HlangwineEP,2020-01-22,2020-01-22 09:22:37.010,09:22:37,55.36136944444443,27.891589166666673
2266,285758.478,Flight2_cam1-002-000136-0,7210691.882682887,328312.96153530007,687.769287109375,HlangwineEP,2020-01-22,2020-01-22 09:22:38.478,09:22:38,55.358515,27.8924455
2267,285760.48,Flight2_cam1-002-000137-0,7210705.09534491,328304.183288297,687.2387084960938,HlangwineEP,2020-01-22,2020-01-22 09:22:40.480,09:22:40,55.35462222222226,27.893613333333324
2268,285762.482,Flight2_cam1-002-000138-0,7210718.3535563955,328295.3487369007,686.726806640625,HlangwineEP,2020-01-22,2020-01-22 09:22:42.482,09:22:42,55.35072944444441,27.89478116666668
2269,285765.017,Flight2_cam1-002-000139-0,7210735.264690192,328283.99370721634,686.0599365234375,HlangwineEP,2020-01-22,2020-01-22 09:22:45.017,09:22:45,55.34580027777779,27.89625991666666
2270,285766.486,Flight2_cam1-002-000140-0,7210745.180549037,328277.22875007417,685.65185546875,HlangwineEP,2020-01-22,2020-01-22 09:22:46.486,09:22:46,55.34294388888894,27.89711683333332
2271,285768.488,Flight2_cam1-002-000141-0,7210758.363103148,328268.38295376964,685.1368408203125,HlangwineEP,2020-01-22,2020-01-22 09:22:48.488,09:22:48,55.33905111111109,27.898284666666676
2272,285770.49,Flight2_cam1-002-000142-0,7210771.621679999,328259.4560481482,684.6082763671875,HlangwineEP,2020-01-22,2020-01-22 09:22:50.490,09:22:50,55.335158333333354,27.899452499999995
2273,285773.025,Flight2_cam1-002-000143-0,7210788.421031414,328248.1565738631,683.9603271484375,HlangwineEP,2020-01-22,2020-01-22 09:22:53.025,09:22:53,55.33022916666662,27.900931250000014
2274,285774.494,Flight2_cam1-002-000144-0,7210797.82669583,328241.8685498282,683.531982421875,HlangwineEP,2020-01-22,2020-01-22 09:22:54.494,09:22:54,55.32737277777777,27.90178816666667
2275,285776.496,Flight2_cam1-002-000145-0,7210811.479990514,328232.74739257584,682.9583740234375,HlangwineEP,2020-01-22,2020-01-22 09:22:56.496,09:22:56,55.32348000000003,27.902955999999993
2276,285778.498,Flight2_cam1-002-000146-0,7210824.639566622,328223.84089360246,682.3783569335938,HlangwineEP,2020-01-22,2020-01-22 09:22:58.498,09:22:58,55.31958722222218,27.904123833333347
2277,285780.499,Flight2_cam1-002-000147-0,7210837.859757984,328214.90768306464,681.8126220703125,HlangwineEP,2020-01-22,2020-01-22 09:23:00.499,09:23:00,55.31569638888887,27.90529108333334
2278,285782.902,Flight2_cam1-002-000148-0,7210853.757555626,328204.2884242642,681.046630859375,HlangwineEP,2020-01-22,2020-01-22 09:23:02.902,09:23:02,55.31102388888888,27.906692833333334
2279,285784.503,Flight2_cam1-002-000149-0,7210864.7364454605,328196.83583785145,680.5514526367188,HlangwineEP,2020-01-22,2020-01-22 09:23:04.503,09:23:04,55.30791083333328,27.907626750000016
2280,285786.505,Flight2_cam1-002-000150-0,7210877.868633698,328187.9653047032,679.8267822265625,HlangwineEP,2020-01-22,2020-01-22 09:23:06.505,09:23:06,55.304018055555545,27.908794583333336
2281,285788.374,Flight2_cam1-002-000151-0,7210889.94176845,328179.8231195255,679.1051635742188,HlangwineEP,2020-01-22,2020-01-22 09:23:08.374,09:23:08,55.30038388888887,27.90988483333334
2282,285791.043,Flight2_cam1-002-000152-0,7210907.935273128,328167.8389319988,678.1329956054688,HlangwineEP,2020-01-22,2020-01-22 09:23:11.043,09:23:11,55.295194166666654,27.911441750000005
2283,285792.378,Flight2_cam1-002-000153-0,7210916.789751785,328161.8536626761,677.611083984375,HlangwineEP,2020-01-22,2020-01-22 09:23:12.378,09:23:12,55.29259833333328,27.912220500000014
2284,285794.38,Flight2_cam1-002-000154-0,7210929.755420973,328153.0503754886,676.8378295898438,HlangwineEP,2020-01-22,2020-01-22 09:23:14.380,09:23:14,55.288705555555545,27.913388333333337
2285,285796.382,Flight2_cam1-002-000155-0,7210942.872048715,328144.1544174976,676.0121459960938,HlangwineEP,2020-01-22,2020-01-22 09:23:16.382,09:23:16,55.28481277777781,27.914556166666657
2286,285799.051,Flight2_cam1-002-000156-0,7210960.647273976,328132.02776978386,674.9371337890625,HlangwineEP,2020-01-22,2020-01-22 09:23:19.051,09:23:19,55.2796230555556,27.91611308333332
2287,285800.386,Flight2_cam1-002-000157-0,7210969.4636620395,328125.99595128355,674.3980102539062,HlangwineEP,2020-01-22,2020-01-22 09:23:20.386,09:23:20,55.27702722222222,27.916891833333334
2288,285802.388,Flight2_cam1-002-000158-0,7210982.716731778,328117.3384535105,673.5957641601562,HlangwineEP,2020-01-22,2020-01-22 09:23:22.388,09:23:22,55.27313444444449,27.918059666666654
2289,285804.39,Flight2_cam1-002-000159-0,7210998.053534197,328112.9300530312,672.9115600585938,HlangwineEP,2020-01-22,2020-01-22 09:23:24.390,09:23:24,55.26924166666664,27.91922750000001
2290,285806.525,Flight2_cam1-002-000160-0,7211013.945154631,328118.6188761271,672.6109008789062,HlangwineEP,2020-01-22,2020-01-22 09:23:26.525,09:23:26,55.26509027777773,27.920472916666682
2291,285808.928,Flight2_cam1-002-000161-0,7211025.358306864,328134.3972915879,672.8984375,HlangwineEP,2020-01-22,2020-01-22 09:23:28.928,09:23:28,55.26041777777775,27.921874666666675
2292,285810.396,Flight2_cam1-002-000162-0,7211029.85807384,328143.5818617133,673.1144409179688,HlangwineEP,2020-01-22,2020-01-22 09:23:30.396,09:23:30,55.257563333333316,27.922731000000006
2293,285812.398,Flight2_cam1-002-000163-0,7211036.541932346,328154.77510898316,673.481689453125,HlangwineEP,2020-01-22,2020-01-22 09:23:32.398,09:23:32,55.25367055555558,27.923898833333325
2294,285814.4,Flight2_cam1-002-000164-0,7211042.496244954,328168.0849372379,673.9849243164062,HlangwineEP,2020-01-22,2020-01-22 09:23:34.400,09:23:34,55.24977777777773,27.92506666666668
2295,285817.069,Flight2_cam1-002-000165-0,7211039.879070269,328189.18052762235,674.9503784179688,HlangwineEP,2020-01-22,2020-01-22 09:23:37.069,09:23:37,55.244588055555525,27.926623583333345
2296,285818.404,Flight2_cam1-002-000166-0,7211033.226536341,328197.4891378956,675.3843383789062,HlangwineEP,2020-01-22,2020-01-22 09:23:38.404,09:23:38,55.24199222222226,27.927402333333323
2297,285820.406,Flight2_cam1-002-000167-0,7211020.555407716,328206.24878851604,676.0283203125,HlangwineEP,2020-01-22,2020-01-22 09:23:40.406,09:23:40,55.23809944444441,27.928570166666677
2298,285822.408,Flight2_cam1-002-000168-0,7211008.4207783,328213.7034990741,676.629150390625,HlangwineEP,2020-01-22,2020-01-22 09:23:42.408,09:23:42,55.23420666666667,27.929737999999997
2299,285824.543,Flight2_cam1-002-000169-0,7210995.866514748,328222.06942328066,677.3106079101562,HlangwineEP,2020-01-22,2020-01-22 09:23:44.543,09:23:44,55.230055277777765,27.93098341666667
2300,285826.946,Flight2_cam1-002-000170-0,7210981.072481131,328232.298928119,678.1224975585938,HlangwineEP,2020-01-22,2020-01-22 09:23:46.946,09:23:46,55.22538277777778,27.932385166666666
2301,285828.414,Flight2_cam1-002-000171-0,7210971.191432362,328239.16209763323,678.6541137695312,HlangwineEP,2020-01-22,2020-01-22 09:23:48.414,09:23:48,55.22252833333335,27.933241499999994
2302,285830.416,Flight2_cam1-002-000172-0,7210958.183125069,328248.1077764237,679.3099975585938,HlangwineEP,2020-01-22,2020-01-22 09:23:50.416,09:23:50,55.2186355555555,27.93440933333335
2303,285832.418,Flight2_cam1-002-000173-0,7210945.017943158,328256.94485594705,679.9785766601562,HlangwineEP,2020-01-22,2020-01-22 09:23:52.418,09:23:52,55.214742777777765,27.935577166666672
2304,285835.087,Flight2_cam1-002-000174-0,7210927.269989121,328268.9000676876,680.8052978515625,HlangwineEP,2020-01-22,2020-01-22 09:23:55.087,09:23:55,55.20955305555556,27.937134083333333
2305,285836.422,Flight2_cam1-002-000175-0,7210918.454513844,328274.96979762503,681.241455078125,HlangwineEP,2020-01-22,2020-01-22 09:23:56.422,09:23:56,55.20695722222218,27.937912833333346
2306,285838.424,Flight2_cam1-002-000176-0,7210905.3535216935,328283.8541650071,681.9328002929688,HlangwineEP,2020-01-22,2020-01-22 09:23:58.424,09:23:58,55.20306444444444,27.939080666666666
2307,285840.426,Flight2_cam1-002-000177-0,7210892.203251751,328292.6354926198,682.4475708007812,HlangwineEP,2020-01-22,2020-01-22 09:24:00.426,09:24:00,55.19917166666671,27.94024849999999
2308,285842.561,Flight2_cam1-002-000178-0,7210878.018078681,328302.23443837557,683.1013793945312,HlangwineEP,2020-01-22,2020-01-22 09:24:02.561,09:24:02,55.1950202777778,27.94149391666666
2309,285844.963,Flight2_cam1-002-000179-0,7210862.274986462,328312.9195937206,683.7489013671875,HlangwineEP,2020-01-22,2020-01-22 09:24:04.963,09:24:04,55.190349722222244,27.942895083333326
2310,285846.432,Flight2_cam1-002-000180-0,7210852.3001452265,328319.59792784136,684.1217041015625,HlangwineEP,2020-01-22,2020-01-22 09:24:06.432,09:24:06,55.187493333333386,27.943751999999982
2311,285848.434,Flight2_cam1-002-000181-0,7210839.122936476,328328.50047655567,684.6073608398438,HlangwineEP,2020-01-22,2020-01-22 09:24:08.434,09:24:08,55.18360055555554,27.944919833333337
2312,285850.436,Flight2_cam1-002-000182-0,7210825.911971606,328337.26971573516,685.048583984375,HlangwineEP,2020-01-22,2020-01-22 09:24:10.436,09:24:10,55.1797077777778,27.94608766666666
2313,285853.105,Flight2_cam1-002-000183-0,7210808.075661056,328349.3008795654,685.6361694335938,HlangwineEP,2020-01-22,2020-01-22 09:24:13.105,09:24:13,55.174518055555595,27.94764458333332
2314,285854.44,Flight2_cam1-002-000184-0,7210799.194310062,328355.3104116171,685.9600219726562,HlangwineEP,2020-01-22,2020-01-22 09:24:14.440,09:24:14,55.17192222222222,27.948423333333334
2315,285856.441,Flight2_cam1-002-000185-0,7210786.084975582,328364.2311271364,686.4227905273438,HlangwineEP,2020-01-22,2020-01-22 09:24:16.441,09:24:16,55.168031388888906,27.94959058333333
2316,285858.443,Flight2_cam1-002-000186-0,7210772.891981028,328373.07285497396,686.9005126953125,HlangwineEP,2020-01-22,2020-01-22 09:24:18.443,09:24:18,55.164138611111056,27.950758416666684
2317,285860.445,Flight2_cam1-002-000187-0,7210759.840291202,328381.9999562872,687.328125,HlangwineEP,2020-01-22,2020-01-22 09:24:20.445,09:24:20,55.16024583333332,27.951926250000003
2318,285862.981,Flight2_cam1-002-000188-0,7210743.085031515,328393.29454409285,687.956298828125,HlangwineEP,2020-01-22,2020-01-22 09:24:22.981,09:24:22,55.155314722222165,27.95340558333335
2319,285864.449,Flight2_cam1-002-000189-0,7210733.067495352,328400.0232876061,688.3330688476562,HlangwineEP,2020-01-22,2020-01-22 09:24:24.449,09:24:24,55.152460277777735,27.95426191666668
2320,285866.451,Flight2_cam1-002-000190-0,7210719.872329268,328408.8305234554,688.854248046875,HlangwineEP,2020-01-22,2020-01-22 09:24:26.451,09:24:26,55.1485675,27.95542975
2321,285868.453,Flight2_cam1-002-000191-0,7210706.732109054,328417.7493974756,689.4024658203125,HlangwineEP,2020-01-22,2020-01-22 09:24:28.453,09:24:28,55.14467472222226,27.956597583333323
2322,285871.123,Flight2_cam1-002-000192-0,7210688.779023979,328429.7435563301,690.1758422851562,HlangwineEP,2020-01-22,2020-01-22 09:24:31.123,09:24:31,55.139483055555516,27.958155083333345
2323,285872.457,Flight2_cam1-002-000193-0,7210679.832441676,328435.6598424725,690.6035766601562,HlangwineEP,2020-01-22,2020-01-22 09:24:32.457,09:24:32,55.13688916666668,27.958933249999998
2324,285876.595,Flight2_cam1-002-000194-0,7210652.348959299,328454.1115984494,691.8170166015625,HlangwineEP,2020-01-22,2020-01-22 09:24:36.595,09:24:36,55.12884305555561,27.96134708333332
2325,285879.264,Flight2_cam1-002-000195-0,7210634.477885607,328466.2597827591,692.7423095703125,HlangwineEP,2020-01-22,2020-01-22 09:24:39.264,09:24:39,55.12365333333329,27.962904000000016
2326,285880.599,Flight2_cam1-002-000196-0,7210626.079846043,328471.9050512124,693.1768188476562,HlangwineEP,2020-01-22,2020-01-22 09:24:40.599,09:24:40,55.12105750000003,27.963682749999993
2327,285882.601,Flight2_cam1-002-000197-0,7210612.434112517,328480.96584006195,693.8629760742188,HlangwineEP,2020-01-22,2020-01-22 09:24:42.601,09:24:42,55.11716472222218,27.964850583333348
2328,285884.603,Flight2_cam1-002-000198-0,7210599.351009194,328489.8170922664,694.4749145507812,HlangwineEP,2020-01-22,2020-01-22 09:24:44.603,09:24:44,55.11327194444444,27.966018416666667
2329,285887.139,Flight2_cam1-002-000199-0,7210582.606729476,328501.20405255817,695.2960205078125,HlangwineEP,2020-01-22,2020-01-22 09:24:47.139,09:24:47,55.10834083333329,27.967497750000014
2330,285888.607,Flight2_cam1-002-000200-0,7210573.135600353,328507.5404640313,695.7689819335938,HlangwineEP,2020-01-22,2020-01-22 09:24:48.607,09:24:48,55.105486388888856,27.968354083333345
2331,285890.609,Flight2_cam1-002-000201-0,7210559.476799432,328516.7283697494,696.4547729492188,HlangwineEP,2020-01-22,2020-01-22 09:24:50.609,09:24:50,55.10159361111112,27.969521916666665
2332,285892.611,Flight2_cam1-002-000202-0,7210546.365442196,328525.5387124851,697.0999755859375,HlangwineEP,2020-01-22,2020-01-22 09:24:52.611,09:24:52,55.097700833333384,27.970689749999988
2333,285894.613,Flight2_cam1-002-000203-0,7210533.155159638,328534.3199550285,697.7130737304688,HlangwineEP,2020-01-22,2020-01-22 09:24:54.613,09:24:54,55.093808055555535,27.971857583333342
2334,285897.149,Flight2_cam1-002-000204-0,7210516.2438990865,328545.6705657224,698.5086059570312,HlangwineEP,2020-01-22,2020-01-22 09:24:57.149,09:24:57,55.08887694444449,27.973336916666653
2335,285898.617,Flight2_cam1-002-000205-0,7210506.811240917,328552.07850040623,698.999755859375,HlangwineEP,2020-01-22,2020-01-22 09:24:58.617,09:24:58,55.08602249999995,27.974193250000017
2336,285900.619,Flight2_cam1-002-000206-0,7210493.051650243,328561.21570475516,699.573974609375,HlangwineEP,2020-01-22,2020-01-22 09:25:00.619,09:25:00,55.08212972222221,27.975361083333336
2337,285902.621,Flight2_cam1-002-000207-0,7210479.808965808,328570.12722193205,700.1493530273438,HlangwineEP,2020-01-22,2020-01-22 09:25:02.621,09:25:02,55.07823694444448,27.97652891666666
2338,285905.156,Flight2_cam1-002-000208-0,7210463.000690363,328581.3515201631,700.8583374023438,HlangwineEP,2020-01-22,2020-01-22 09:25:05.156,09:25:05,55.07330777777774,27.978007666666677
2339,285906.625,Flight2_cam1-002-000209-0,7210453.521904305,328587.76273414464,701.1123046875,HlangwineEP,2020-01-22,2020-01-22 09:25:06.625,09:25:06,55.07045138888889,27.978864583333333
2340,285908.627,Flight2_cam1-002-000210-0,7210439.9089336805,328596.9828289825,701.5547485351562,HlangwineEP,2020-01-22,2020-01-22 09:25:08.627,09:25:08,55.066558611111155,27.980032416666656
2341,285910.629,Flight2_cam1-002-000211-0,7210426.896273143,328605.84691214474,702.0801391601562,HlangwineEP,2020-01-22,2020-01-22 09:25:10.629,09:25:10,55.062665833333305,27.981200250000008
2342,285912.631,Flight2_cam1-002-000212-0,7210413.6926201,328614.6688248026,702.5921020507812,HlangwineEP,2020-01-22,2020-01-22 09:25:12.631,09:25:12,55.05877305555557,27.98236808333333
2343,285915.166,Flight2_cam1-002-000213-0,7210396.853014562,328625.9578641751,703.180419921875,HlangwineEP,2020-01-22,2020-01-22 09:25:15.166,09:25:15,55.053843888888835,27.98384683333335
2344,285916.635,Flight2_cam1-002-000214-0,7210387.336429384,328632.37865942006,703.4821166992188,HlangwineEP,2020-01-22,2020-01-22 09:25:16.635,09:25:16,55.050987499999984,27.984703750000005
2345,285918.637,Flight2_cam1-002-000215-0,7210373.632546021,328641.6867254854,703.8779296875,HlangwineEP,2020-01-22,2020-01-22 09:25:18.637,09:25:18,55.04709472222225,27.985871583333328
2346,285920.639,Flight2_cam1-002-000216-0,7210360.449371807,328650.5485326279,704.2459716796875,HlangwineEP,2020-01-22,2020-01-22 09:25:20.639,09:25:20,55.0432019444444,27.987039416666683
2347,285923.174,Flight2_cam1-002-000217-0,7210343.719578104,328661.9796396271,704.5790405273438,HlangwineEP,2020-01-22,2020-01-22 09:25:23.174,09:25:23,55.03827277777778,27.988518166666665
2348,285924.642,Flight2_cam1-002-000218-0,7210334.227655529,328668.4223683429,704.6856079101562,HlangwineEP,2020-01-22,2020-01-22 09:25:24.642,09:25:24,55.03541833333335,27.989374499999997
2349,285926.644,Flight2_cam1-002-000219-0,7210320.554467741,328677.59665429895,704.8394165039062,HlangwineEP,2020-01-22,2020-01-22 09:25:26.644,09:25:26,55.03152555555561,27.990542333333316
2350,285928.646,Flight2_cam1-002-000220-0,7210307.388173432,328686.4195870984,704.8922729492188,HlangwineEP,2020-01-22,2020-01-22 09:25:28.646,09:25:28,55.02763277777776,27.99171016666667
2351,285931.182,Flight2_cam1-002-000221-0,7210290.517806623,328697.7173684968,704.906982421875,HlangwineEP,2020-01-22,2020-01-22 09:25:31.182,09:25:31,55.02270166666672,27.993189499999986
2352,285932.517,Flight2_cam1-002-000222-0,7210281.578407746,328703.7426268168,704.862060546875,HlangwineEP,2020-01-22,2020-01-22 09:25:32.517,09:25:32,55.020105833333346,27.993968249999995
2353,285934.519,Flight2_cam1-002-000223-0,7210268.46785048,328712.5815339839,704.6820678710938,HlangwineEP,2020-01-22,2020-01-22 09:25:34.519,09:25:34,55.01621305555561,27.995136083333318
2354,285936.521,Flight2_cam1-002-000224-0,7210255.335861376,328721.47937035083,704.5883178710938,HlangwineEP,2020-01-22,2020-01-22 09:25:36.521,09:25:36,55.01232027777776,27.996303916666673
2355,285938.656,Flight2_cam1-002-000225-0,7210241.04761742,328731.0022350645,704.3955078125,HlangwineEP,2020-01-22,2020-01-22 09:25:38.656,09:25:38,55.008168888888854,27.997549333333343
2356,285941.059,Flight2_cam1-002-000226-0,7210225.261146972,328741.6821432257,704.202880859375,HlangwineEP,2020-01-22,2020-01-22 09:25:41.059,09:25:41,55.00349638888887,27.99895108333334
2357,285942.66,Flight2_cam1-002-000227-0,7210214.754167581,328748.83919058135,704.09521484375,HlangwineEP,2020-01-22,2020-01-22 09:25:42.660,09:25:42,55.00038333333338,27.999884999999985
2358,285944.529,Flight2_cam1-002-000228-0,7210202.144428822,328757.38522229646,703.965576171875,HlangwineEP,2020-01-22,2020-01-22 09:25:44.529,09:25:44,54.9967491666667,28.00097524999999
2359,285946.531,Flight2_cam1-002-000229-0,7210188.974741443,328766.17763085966,703.9783935546875,HlangwineEP,2020-01-22,2020-01-22 09:25:46.531,09:25:46,54.99285638888885,28.002143083333344
2360,285949.2,Flight2_cam1-002-000230-0,7210171.026969872,328778.20178017695,703.9241943359375,HlangwineEP,2020-01-22,2020-01-22 09:25:49.200,09:25:49,54.98766666666664,28.003700000000006
2361,285950.535,Flight2_cam1-002-000231-0,7210162.100308625,328784.23192260216,703.9696655273438,HlangwineEP,2020-01-22,2020-01-22 09:25:50.535,09:25:50,54.98507083333338,28.004478749999986
2362,285952.537,Flight2_cam1-002-000232-0,7210148.872481884,328793.0849166928,704.0654296875,HlangwineEP,2020-01-22,2020-01-22 09:25:52.537,09:25:52,54.98117805555553,28.00564658333334
2363,285954.539,Flight2_cam1-002-000233-0,7210135.784297756,328801.9013196613,704.2506103515625,HlangwineEP,2020-01-22,2020-01-22 09:25:54.539,09:25:54,54.977285277777796,28.00681441666666
2364,285957.208,Flight2_cam1-002-000234-0,7210117.934718746,328813.9293932108,704.6758422851562,HlangwineEP,2020-01-22,2020-01-22 09:25:57.208,09:25:57,54.97209555555558,28.008371333333326
2365,285958.543,Flight2_cam1-002-000235-0,7210109.514333365,328819.64484519744,704.9188842773438,HlangwineEP,2020-01-22,2020-01-22 09:25:58.543,09:25:58,54.96949972222221,28.00915008333334
2366,285960.545,Flight2_cam1-002-000236-0,7210095.836215887,328828.89991329535,705.24169921875,HlangwineEP,2020-01-22,2020-01-22 09:26:00.545,09:26:00,54.965606944444474,28.010317916666658
2367,285962.547,Flight2_cam1-002-000237-0,7210082.93485494,328837.70077860873,705.5545654296875,HlangwineEP,2020-01-22,2020-01-22 09:26:02.547,09:26:02,54.961714166666624,28.011485750000013
2368,285964.682,Flight2_cam1-002-000238-0,7210070.5713905245,328845.906179232,705.4578247070312,HlangwineEP,2020-01-22,2020-01-22 09:26:04.682,09:26:04,54.95756277777783,28.01273116666665
2369,285967.085,Flight2_cam1-002-000239-0,7210051.242081953,328858.1912468027,705.4561157226562,HlangwineEP,2020-01-22,2020-01-22 09:26:07.085,09:26:07,54.95289027777774,28.01413291666668
2370,285970.555,Flight2_cam1-002-000240-0,7210052.279019594,328873.3181185381,705.0780639648438,HlangwineEP,2020-01-22,2020-01-22 09:26:10.555,09:26:10,54.94614305555557,28.01615708333333
2371,285974.559,Flight2_cam1-002-000241-0,7210093.066937143,328863.9737579094,705.1891479492188,HlangwineEP,2020-01-22,2020-01-22 09:26:14.559,09:26:14,54.93835749999998,28.018492750000007
2372,285976.561,Flight2_cam1-002-000242-0,7210119.631258545,328851.3166154799,705.3504028320312,HlangwineEP,2020-01-22,2020-01-22 09:26:16.561,09:26:16,54.934464722222245,28.019660583333327
2373,285978.563,Flight2_cam1-002-000243-0,7210147.705781698,328838.88025315333,705.4671020507812,HlangwineEP,2020-01-22,2020-01-22 09:26:18.563,09:26:18,54.930571944444395,28.02082841666668
2374,285980.565,Flight2_cam1-002-000244-0,7210176.56818518,328826.4250945031,705.6453857421875,HlangwineEP,2020-01-22,2020-01-22 09:26:20.565,09:26:20,54.92667916666666,28.02199625
2375,285983.234,Flight2_cam1-002-000245-0,7210214.715010382,328806.31999982474,705.8253784179688,HlangwineEP,2020-01-22,2020-01-22 09:26:23.234,09:26:23,54.921489444444454,28.023553166666666
2376,285986.304,Flight2_cam1-002-000246-0,7210258.199229674,328781.96842120204,705.9938354492188,HlangwineEP,2020-01-22,2020-01-22 09:26:26.304,09:26:26,54.915519999999994,28.025344000000004
2377,285986.571,Flight2_cam1-002-000247-0,7210262.840445271,328779.38168112945,706.04052734375,HlangwineEP,2020-01-22,2020-01-22 09:26:26.571,09:26:26,54.91500083333334,28.025499749999998
2378,285988.573,Flight2_cam1-002-000248-0,7210288.720937129,328765.8289883215,706.158447265625,HlangwineEP,2020-01-22,2020-01-22 09:26:28.573,09:26:28,54.9111080555556,28.026667583333317
2379,285990.708,Flight2_cam1-002-000249-0,7210303.329957314,328755.15235921514,705.7120971679688,HlangwineEP,2020-01-22,2020-01-22 09:26:30.708,09:26:30,54.906956666666694,28.02791299999999
2380,285993.11,Flight2_cam1-002-000250-0,7210298.567572102,328741.578331726,705.2664794921875,HlangwineEP,2020-01-22,2020-01-22 09:26:33.110,09:26:33,54.90228611111114,28.02931416666666
2381,285994.579,Flight2_cam1-002-000251-0,7210287.347087246,328728.8461342271,705.1954956054688,HlangwineEP,2020-01-22,2020-01-22 09:26:34.579,09:26:34,54.899429722222166,28.03017108333335
2382,285996.581,Flight2_cam1-002-000252-0,7210269.053295612,328709.3381277189,705.3323364257812,HlangwineEP,2020-01-22,2020-01-22 09:26:36.581,09:26:36,54.89553694444443,28.03133891666667
2383,285998.582,Flight2_cam1-002-000253-0,7210250.540305563,328689.1423795846,705.4896240234375,HlangwineEP,2020-01-22,2020-01-22 09:26:38.582,09:26:38,54.89164611111112,28.032506166666664
2384,286000.584,Flight2_cam1-002-000254-0,7210237.595525506,328674.50223646435,705.3220825195312,HlangwineEP,2020-01-22,2020-01-22 09:26:40.584,09:26:40,54.887753333333386,28.033673999999984
2385,286003.12,Flight2_cam1-002-000255-0,7210226.458807716,328661.55449096236,705.2031860351562,HlangwineEP,2020-01-22,2020-01-22 09:26:43.120,09:26:43,54.88282222222223,28.03515333333333
2386,286004.588,Flight2_cam1-002-000256-0,7210219.913460972,328653.5537364362,705.1856689453125,HlangwineEP,2020-01-22,2020-01-22 09:26:44.588,09:26:44,54.8799677777778,28.03600966666666
2387,286006.59,Flight2_cam1-002-000257-0,7210209.362938853,328640.36258223595,705.2156372070312,HlangwineEP,2020-01-22,2020-01-22 09:26:46.590,09:26:46,54.87607499999995,28.037177500000016
2388,286008.592,Flight2_cam1-002-000258-0,7210197.388134452,328624.88002887607,705.1254272460938,HlangwineEP,2020-01-22,2020-01-22 09:26:48.592,09:26:48,54.872182222222214,28.038345333333336
2389,286010.594,Flight2_cam1-002-000259-0,7210185.148814515,328608.48357184004,704.9757080078125,HlangwineEP,2020-01-22,2020-01-22 09:26:50.594,09:26:50,54.86828944444448,28.03951316666666
2390,286013.13,Flight2_cam1-002-000260-0,7210170.405897509,328586.9078276251,704.8574829101562,HlangwineEP,2020-01-22,2020-01-22 09:26:53.130,09:26:53,54.86335833333332,28.0409925
2391,286014.598,Flight2_cam1-002-000261-0,7210161.91734078,328574.3330623826,704.7861328125,HlangwineEP,2020-01-22,2020-01-22 09:26:54.598,09:26:54,54.86050388888889,28.041848833333333
2392,286016.6,Flight2_cam1-002-000262-0,7210150.822373714,328558.24497645756,704.7183227539062,HlangwineEP,2020-01-22,2020-01-22 09:26:56.600,09:26:56,54.85661111111116,28.043016666666652
2393,286018.602,Flight2_cam1-002-000263-0,7210139.687256146,328542.3872334247,704.667236328125,HlangwineEP,2020-01-22,2020-01-22 09:26:58.602,09:26:58,54.85271833333331,28.044184500000007
2394,286021.272,Flight2_cam1-002-000264-0,7210127.0964149805,328524.1277917623,704.6859130859375,HlangwineEP,2020-01-22,2020-01-22 09:27:01.272,09:27:01,54.847526666666674,28.045741999999997
2395,286022.606,Flight2_cam1-002-000265-0,7210121.111163527,328515.38377868145,704.7640991210938,HlangwineEP,2020-01-22,2020-01-22 09:27:02.606,09:27:02,54.84493277777772,28.046520166666685
2396,286024.608,Flight2_cam1-002-000266-0,7210111.797001153,328500.6892211497,704.8148193359375,HlangwineEP,2020-01-22,2020-01-22 09:27:04.608,09:27:04,54.841039999999985,28.047688000000004
2397,286026.61,Flight2_cam1-002-000267-0,7210103.751976686,328486.8234320745,704.7803344726562,HlangwineEP,2020-01-22,2020-01-22 09:27:06.610,09:27:06,54.83714722222225,28.048855833333327
2398,286029.146,Flight2_cam1-002-000268-0,7210094.388985106,328470.1053999552,704.8123168945312,HlangwineEP,2020-01-22,2020-01-22 09:27:09.146,09:27:09,54.832216111111094,28.05033516666667
2399,286030.614,Flight2_cam1-002-000269-0,7210088.3172984645,328459.82774399454,704.891357421875,HlangwineEP,2020-01-22,2020-01-22 09:27:10.614,09:27:10,54.829361666666664,28.0511915
2400,286032.616,Flight2_cam1-002-000270-0,7210079.751343152,328445.94775073393,704.9097900390625,HlangwineEP,2020-01-22,2020-01-22 09:27:12.616,09:27:12,54.82546888888893,28.05235933333332
2401,286034.618,Flight2_cam1-002-000271-0,7210070.976721862,328431.8411848984,704.9955444335938,HlangwineEP,2020-01-22,2020-01-22 09:27:14.618,09:27:14,54.82157611111108,28.053527166666676
2402,286036.62,Flight2_cam1-002-000272-0,7210062.2457838915,328417.5803229654,704.9861450195312,HlangwineEP,2020-01-22,2020-01-22 09:27:16.620,09:27:16,54.81768333333334,28.054695
2403,286039.023,Flight2_cam1-002-000273-0,7210051.260314858,328400.3018090407,704.9697265625,HlangwineEP,2020-01-22,2020-01-22 09:27:19.023,09:27:19,54.81301083333336,28.05609674999999
2404,286040.624,Flight2_cam1-002-000274-0,7210044.075862149,328389.2916085784,704.95654296875,HlangwineEP,2020-01-22,2020-01-22 09:27:20.624,09:27:20,54.809897777777756,28.057030666666673
2405,286042.626,Flight2_cam1-002-000275-0,7210035.126698747,328375.3999146484,704.9588012695312,HlangwineEP,2020-01-22,2020-01-22 09:27:22.626,09:27:22,54.80600500000002,28.058198499999992
2406,286044.895,Flight2_cam1-002-000276-0,7210025.11757626,328359.75565254013,704.925048828125,HlangwineEP,2020-01-22,2020-01-22 09:27:24.895,09:27:24,54.80159305555552,28.059522083333345
2407,286047.564,Flight2_cam1-002-000277-0,7210013.427858487,328341.02211495675,704.928466796875,HlangwineEP,2020-01-22,2020-01-22 09:27:27.564,09:27:27,54.79640333333331,28.061079000000007
2408,286048.632,Flight2_cam1-002-000278-0,7210008.640841778,328333.2205571407,704.9403076171875,HlangwineEP,2020-01-22,2020-01-22 09:27:28.632,09:27:28,54.7943266666667,28.06170199999999
2409,286050.634,Flight2_cam1-002-000279-0,7210000.051624501,328319.3262508204,704.9367065429688,HlangwineEP,2020-01-22,2020-01-22 09:27:30.634,09:27:30,54.79043388888885,28.062869833333345
2410,286052.636,Flight2_cam1-002-000280-0,7209991.136965987,328305.33357575163,704.9521484375,HlangwineEP,2020-01-22,2020-01-22 09:27:32.636,09:27:32,54.78654111111111,28.064037666666668
2411,286054.638,Flight2_cam1-002-000281-0,7209982.1582724955,328291.30540061847,704.9902954101562,HlangwineEP,2020-01-22,2020-01-22 09:27:34.638,09:27:34,54.78264833333338,28.065205499999987
2412,286057.174,Flight2_cam1-002-000282-0,7209970.722966207,328273.405853866,704.9849853515625,HlangwineEP,2020-01-22,2020-01-22 09:27:37.174,09:27:37,54.77771722222222,28.066684833333333
2413,286058.642,Flight2_cam1-002-000283-0,7209964.185531311,328263.1247618798,704.9509887695312,HlangwineEP,2020-01-22,2020-01-22 09:27:38.642,09:27:38,54.77486277777779,28.06754116666666
2414,286060.644,Flight2_cam1-002-000284-0,7209956.258648606,328250.499095925,704.9093627929688,HlangwineEP,2020-01-22,2020-01-22 09:27:40.644,09:27:40,54.770970000000055,28.068708999999984
2415,286062.646,Flight2_cam1-002-000285-0,7209948.737226853,328238.2837139447,704.9349365234375,HlangwineEP,2020-01-22,2020-01-22 09:27:42.646,09:27:42,54.767077222222206,28.06987683333334
2416,286064.648,Flight2_cam1-002-000286-0,7209941.044887836,328225.94634651294,704.8735961914062,HlangwineEP,2020-01-22,2020-01-22 09:27:44.648,09:27:44,54.76318444444447,28.07104466666666
2417,286067.05,Flight2_cam1-002-000287-0,7209930.92125148,328209.939241007,704.7991333007812,HlangwineEP,2020-01-22,2020-01-22 09:27:47.050,09:27:47,54.75851388888891,28.072445833333326
2418,286068.652,Flight2_cam1-002-000288-0,7209924.30556274,328199.5025440884,704.8407592773438,HlangwineEP,2020-01-22,2020-01-22 09:27:48.652,09:27:48,54.755398888888884,28.073380333333336
2419,286070.521,Flight2_cam1-002-000289-0,7209916.695209079,328187.5222484001,704.9049072265625,HlangwineEP,2020-01-22,2020-01-22 09:27:50.521,09:27:50,54.751764722222205,28.074470583333337
2420,286072.522,Flight2_cam1-002-000290-0,7209908.076990089,328174.03244179673,704.943603515625,HlangwineEP,2020-01-22,2020-01-22 09:27:52.522,09:27:52,54.7478738888889,28.07563783333333
2421,286075.192,Flight2_cam1-002-000291-0,7209897.060635353,328156.8209702216,704.8938598632812,HlangwineEP,2020-01-22,2020-01-22 09:27:55.192,09:27:55,54.74268222222226,28.07719533333332
2422,286076.526,Flight2_cam1-002-000292-0,7209891.907794293,328148.64032248606,704.8890991210938,HlangwineEP,2020-01-22,2020-01-22 09:27:56.526,09:27:56,54.74008833333331,28.07797350000001
2423,286078.528,Flight2_cam1-002-000293-0,7209884.437820081,328136.6238025463,704.8563842773438,HlangwineEP,2020-01-22,2020-01-22 09:27:58.528,09:27:58,54.736195555555575,28.07914133333333
2424,286080.53,Flight2_cam1-002-000294-0,7209876.491568215,328123.683494432,704.8781127929688,HlangwineEP,2020-01-22,2020-01-22 09:28:00.530,09:28:00,54.732302777777726,28.080309166666684
2425,286082.666,Flight2_cam1-002-000295-0,7209868.518749533,328110.48809149314,704.8834838867188,HlangwineEP,2020-01-22,2020-01-22 09:28:02.666,09:28:02,54.72814944444439,28.081555166666682
2426,286085.068,Flight2_cam1-002-000296-0,7209858.925537761,328094.23941066477,704.8106689453125,HlangwineEP,2020-01-22,2020-01-22 09:28:05.068,09:28:05,54.723478888888835,28.08295633333335
2427,286086.536,Flight2_cam1-002-000297-0,7209853.177778846,328084.4686013701,704.8068237304688,HlangwineEP,2020-01-22,2020-01-22 09:28:06.536,09:28:06,54.720624444444404,28.08381266666668
2428,286088.538,Flight2_cam1-002-000298-0,7209844.683617105,328070.2212661295,704.8006591796875,HlangwineEP,2020-01-22,2020-01-22 09:28:08.538,09:28:08,54.71673166666667,28.0849805
2429,286090.54,Flight2_cam1-002-000299-0,7209835.68553687,328055.1650439674,704.841064453125,HlangwineEP,2020-01-22,2020-01-22 09:28:10.540,09:28:10,54.71283888888893,28.08614833333332
2430,286093.21,Flight2_cam1-002-000300-0,7209822.888509158,328034.58660639485,704.8633422851562,HlangwineEP,2020-01-22,2020-01-22 09:28:13.210,09:28:13,54.70764722222218,28.087705833333345
2431,286094.544,Flight2_cam1-002-000301-0,7209815.773394698,328022.9607483302,704.8717041015625,HlangwineEP,2020-01-22,2020-01-22 09:28:14.544,09:28:14,54.705053333333346,28.088483999999998
2432,286096.546,Flight2_cam1-002-000302-0,7209804.973208984,328005.8366254375,704.8792114257812,HlangwineEP,2020-01-22,2020-01-22 09:28:16.546,09:28:16,54.70116055555561,28.089651833333317
2433,286098.548,Flight2_cam1-002-000303-0,7209792.932108149,327987.2089080622,704.8858032226562,HlangwineEP,2020-01-22,2020-01-22 09:28:18.548,09:28:18,54.69726777777776,28.090819666666672
2434,286100.684,Flight2_cam1-002-000304-0,7209780.718985992,327967.760609957,704.8197631835938,HlangwineEP,2020-01-22,2020-01-22 09:28:20.684,09:28:20,54.693114444444426,28.09206566666667
2435,286103.086,Flight2_cam1-002-000305-0,7209765.56050803,327944.16087468504,704.8286743164062,HlangwineEP,2020-01-22,2020-01-22 09:28:23.086,09:28:23,54.68844388888887,28.09346683333334
2436,286104.554,Flight2_cam1-002-000306-0,7209756.563375015,327930.0998993156,704.8241577148438,HlangwineEP,2020-01-22,2020-01-22 09:28:24.554,09:28:24,54.68558944444444,28.09432316666667
2437,286106.556,Flight2_cam1-002-000307-0,7209744.15643222,327910.4840692074,704.8030395507812,HlangwineEP,2020-01-22,2020-01-22 09:28:26.556,09:28:26,54.6816966666667,28.09549099999999
2438,286110.56,Flight2_cam1-002-000308-0,7209745.045883608,327864.7159739842,699.3759155273438,HlangwineEP,2020-01-22,2020-01-22 09:28:30.560,09:28:30,54.67391111111112,28.097826666666666
2439,286112.562,Flight2_cam1-002-000309-0,7209765.218895242,327844.830557155,695.2363891601562,HlangwineEP,2020-01-22,2020-01-22 09:28:32.562,09:28:32,54.67001833333338,28.098994499999986
2440,286114.564,Flight2_cam1-002-000310-0,7209789.743729415,327827.99922372925,690.9052734375,HlangwineEP,2020-01-22,2020-01-22 09:28:34.564,09:28:34,54.66612555555553,28.10016233333334
2441,286116.566,Flight2_cam1-002-000311-0,7209817.286339691,327813.0174363698,685.8635864257812,HlangwineEP,2020-01-22,2020-01-22 09:28:36.566,09:28:36,54.662232777777795,28.101330166666664
2442,286119.235,Flight2_cam1-002-000312-0,7209851.359145245,327796.22798412124,679.8857421875,HlangwineEP,2020-01-22,2020-01-22 09:28:39.235,09:28:39,54.65704305555558,28.102887083333325
2443,286120.57,Flight2_cam1-002-000313-0,7209867.545639969,327787.6777940336,676.9117431640625,HlangwineEP,2020-01-22,2020-01-22 09:28:40.570,09:28:40,54.65444722222221,28.103665833333338
2444,286122.572,Flight2_cam1-002-000314-0,7209889.406877726,327774.5237467327,672.61865234375,HlangwineEP,2020-01-22,2020-01-22 09:28:42.572,09:28:42,54.650554444444474,28.104833666666657
2445,286124.574,Flight2_cam1-002-000315-0,7209907.307634981,327760.0424548824,668.1398315429688,HlangwineEP,2020-01-22,2020-01-22 09:28:44.574,09:28:44,54.646661666666624,28.106001500000012
2446,286127.243,Flight2_cam1-002-000316-0,7209927.683114186,327743.12747591804,661.9375,HlangwineEP,2020-01-22,2020-01-22 09:28:47.243,09:28:47,54.64147194444441,28.107558416666677
2447,286128.578,Flight2_cam1-002-000317-0,7209937.583501307,327735.5289314344,659.1107788085938,HlangwineEP,2020-01-22,2020-01-22 09:28:48.578,09:28:48,54.63887611111115,28.108337166666654
2448,286130.58,Flight2_cam1-002-000318-0,7209952.135751786,327724.63618542685,655.0426635742188,HlangwineEP,2020-01-22,2020-01-22 09:28:50.580,09:28:50,54.6349833333333,28.10950500000001
2449,286132.582,Flight2_cam1-002-000319-0,7209967.378675132,327714.36877249076,651.482666015625,HlangwineEP,2020-01-22,2020-01-22 09:28:52.582,09:28:52,54.631090555555566,28.110672833333332
2450,286134.584,Flight2_cam1-002-000320-0,7209982.445125328,327704.91608754173,648.5449829101562,HlangwineEP,2020-01-22,2020-01-22 09:28:54.584,09:28:54,54.62719777777783,28.11184066666665
2451,286137.12,Flight2_cam1-002-000321-0,7209998.9235422285,327695.6583731903,644.9862670898438,HlangwineEP,2020-01-22,2020-01-22 09:28:57.120,09:28:57,54.622266666666675,28.113319999999998
2452,286138.588,Flight2_cam1-002-000322-0,7210007.419826684,327692.86413891974,644.311279296875,HlangwineEP,2020-01-22,2020-01-22 09:28:58.588,09:28:58,54.619412222222245,28.114176333333326
2453,286141.257,Flight2_cam1-002-000323-0,7210024.077075487,327703.79783008946,642.3515014648438,HlangwineEP,2020-01-22,2020-01-22 09:29:01.257,09:29:01,54.61422250000003,28.11573324999999
2454,286142.592,Flight2_cam1-002-000324-0,7210032.528950708,327713.06032290985,640.6637573242188,HlangwineEP,2020-01-22,2020-01-22 09:29:02.592,09:29:02,54.61162666666666,28.116512000000004
2455,286146.729,Flight2_cam1-002-000325-0,7210045.122931425,327745.713835162,633.739990234375,HlangwineEP,2020-01-22,2020-01-22 09:29:06.729,09:29:06,54.603582500000016,28.118925249999997
2456,286149.532,Flight2_cam1-002-000326-0,7210064.06248733,327753.89176398236,629.352783203125,HlangwineEP,2020-01-22,2020-01-22 09:29:09.532,09:29:09,54.59813222222221,28.120560333333337
2457,286150.6,Flight2_cam1-002-000327-0,7210073.6839543525,327752.2928202477,628.0119018554688,HlangwineEP,2020-01-22,2020-01-22 09:29:10.600,09:29:10,54.5960555555556,28.12118333333332
2458,286154.07,Flight2_cam1-002-000328-0,7210091.795095582,327765.65868374,625.0040283203125,HlangwineEP,2020-01-22,2020-01-22 09:29:14.070,09:29:14,54.58930833333332,28.123207500000003
2459,286154.604,Flight2_cam1-002-000329-0,7210090.618651825,327769.4182237487,624.5928344726562,HlangwineEP,2020-01-22,2020-01-22 09:29:14.604,09:29:14,54.588270000000016,28.123518999999995
2460,289595.104,Flight3_cam1-000-000000-0,7210123.219633979,327784.67651388096,563.5839233398438,HlangwineEP,2020-01-22,2020-01-22 10:26:35.104,10:26:35,48.34149333333335,29.687392888888887
2461,289596.572,Flight3_cam1-000-000001-0,7210123.219633979,327784.67651388096,563.5839233398438,HlangwineEP,2020-01-22,2020-01-22 10:26:36.572,10:26:36,48.33904666666669,29.68784144444444
2462,289598.574,Flight3_cam1-000-000002-0,7210123.219633979,327784.67651388096,563.5839233398438,HlangwineEP,2020-01-22,2020-01-22 10:26:38.574,10:26:38,48.33570999999996,29.688453166666672
2463,289600.576,Flight3_cam1-000-000003-0,7210123.219633979,327784.67651388096,563.5839233398438,HlangwineEP,2020-01-22,2020-01-22 10:26:40.576,10:26:40,48.33237333333333,29.68906488888889
2464,289604.58,Flight3_cam1-000-000004-0,7210604.518112215,329086.8241001966,659.2012329101562,HlangwineEP,2020-01-22,2020-01-22 10:26:44.580,10:26:44,48.32569999999997,29.69028833333334
2465,289606.582,Flight3_cam1-000-000005-0,7210614.745072205,329075.60276783805,659.1110229492188,HlangwineEP,2020-01-22,2020-01-22 10:26:46.582,10:26:46,48.32236333333334,29.690900055555552
2466,289608.45,Flight3_cam1-000-000006-0,7210624.745042643,329064.6031848925,659.0552368164062,HlangwineEP,2020-01-22,2020-01-22 10:26:48.450,10:26:48,48.31924999999998,29.691470833333337
2467,289610.452,Flight3_cam1-000-000007-0,7210635.3280729465,329052.8082291916,659.062255859375,HlangwineEP,2020-01-22,2020-01-22 10:26:50.452,10:26:50,48.31591333333335,29.69208255555555
2468,289613.122,Flight3_cam1-000-000008-0,7210646.645906633,329035.8192679832,661.4287719726562,HlangwineEP,2020-01-22,2020-01-22 10:26:53.122,10:26:53,48.31146333333338,29.69289838888888
2469,289614.456,Flight3_cam1-000-000009-0,7210649.49625437,329024.55962120905,663.4646606445312,HlangwineEP,2020-01-22,2020-01-22 10:26:54.456,10:26:54,48.30923999999999,29.693306000000003
2470,289616.458,Flight3_cam1-000-000010-0,7210649.4973061215,329007.3584967315,667.0078125,HlangwineEP,2020-01-22,2020-01-22 10:26:56.458,10:26:56,48.30590333333336,29.693917722222217
2471,289618.46,Flight3_cam1-000-000011-0,7210647.715047442,328990.2250760672,670.3873901367188,HlangwineEP,2020-01-22,2020-01-22 10:26:58.460,10:26:58,48.302566666666635,29.694529444444452
2472,289621.53,Flight3_cam1-000-000012-0,7210653.63151693,328966.60261565674,676.10302734375,HlangwineEP,2020-01-22,2020-01-22 10:27:01.530,10:27:01,48.297449999999955,29.69546750000001
2473,289622.464,Flight3_cam1-000-000013-0,7210656.294545297,328959.16317433864,676.3294677734375,HlangwineEP,2020-01-22,2020-01-22 10:27:02.464,10:27:02,48.29589333333337,29.695752888888883
2474,289624.466,Flight3_cam1-000-000014-0,7210661.669813087,328944.06071008596,676.3407592773438,HlangwineEP,2020-01-22,2020-01-22 10:27:04.466,10:27:04,48.29255666666664,29.696364611111115
2475,289626.468,Flight3_cam1-000-000015-0,7210667.280780033,328929.69839622185,676.1637573242188,HlangwineEP,2020-01-22,2020-01-22 10:27:06.468,10:27:06,48.289220000000014,29.696976333333332
2476,289628.47,Flight3_cam1-000-000016-0,7210673.347714017,328914.40433646075,676.1201171875,HlangwineEP,2020-01-22,2020-01-22 10:27:08.470,10:27:08,48.28588333333338,29.697588055555546
2477,289631.139,Flight3_cam1-000-000017-0,7210681.020778973,328894.76331718545,676.0092163085938,HlangwineEP,2020-01-22,2020-01-22 10:27:11.139,10:27:11,48.28143499999996,29.69840358333334
2478,289632.474,Flight3_cam1-000-000018-0,7210685.520346319,328883.28795142926,675.9810791015625,HlangwineEP,2020-01-22,2020-01-22 10:27:12.474,10:27:12,48.27921000000002,29.698811499999994
2479,289634.476,Flight3_cam1-000-000019-0,7210692.409946728,328864.4730877754,674.4066772460938,HlangwineEP,2020-01-22,2020-01-22 10:27:14.476,10:27:14,48.275873333333294,29.69942322222223
2480,289636.478,Flight3_cam1-000-000020-0,7210699.46227305,328844.5611145875,672.6192626953125,HlangwineEP,2020-01-22,2020-01-22 10:27:16.478,10:27:16,48.27253666666666,29.700034944444447
2481,289638.48,Flight3_cam1-000-000021-0,7210707.298688576,328824.01211614336,671.7752075195312,HlangwineEP,2020-01-22,2020-01-22 10:27:18.480,10:27:18,48.26920000000003,29.70064666666666
2482,289641.149,Flight3_cam1-000-000022-0,7210717.460118169,328798.2279811528,671.8494873046875,HlangwineEP,2020-01-22,2020-01-22 10:27:21.149,10:27:21,48.264751666666704,29.70146219444444
2483,289642.484,Flight3_cam1-000-000023-0,7210722.609440194,328784.50736836705,671.8510131835938,HlangwineEP,2020-01-22,2020-01-22 10:27:22.484,10:27:22,48.26252666666667,29.70187011111111
2484,289644.486,Flight3_cam1-000-000024-0,7210729.808863121,328764.91800783016,671.9467163085938,HlangwineEP,2020-01-22,2020-01-22 10:27:24.486,10:27:24,48.25919000000004,29.702481833333326
2485,289646.488,Flight3_cam1-000-000025-0,7210737.366583876,328744.9740519248,671.9521484375,HlangwineEP,2020-01-22,2020-01-22 10:27:26.488,10:27:26,48.25585333333331,29.703093555555558
2486,289649.157,Flight3_cam1-000-000026-0,7210747.775384881,328716.8951958277,672.080810546875,HlangwineEP,2020-01-22,2020-01-22 10:27:29.157,10:27:29,48.25140499999999,29.703909083333336
2487,289650.492,Flight3_cam1-000-000027-0,7210753.441767542,328701.50351105677,672.1947631835938,HlangwineEP,2020-01-22,2020-01-22 10:27:30.492,10:27:30,48.24917999999995,29.704317000000007
2488,289652.494,Flight3_cam1-000-000028-0,7210761.777353525,328678.6963161748,672.1992797851562,HlangwineEP,2020-01-22,2020-01-22 10:27:32.494,10:27:32,48.245843333333326,29.704928722222224
2489,289654.496,Flight3_cam1-000-000029-0,7210769.997550149,328655.5809305663,672.3191528320312,HlangwineEP,2020-01-22,2020-01-22 10:27:34.496,10:27:34,48.24250666666669,29.70554044444444
2490,289656.631,Flight3_cam1-000-000030-0,7210779.184682719,328630.5581398456,672.2865600585938,HlangwineEP,2020-01-22,2020-01-22 10:27:36.631,10:27:36,48.23894833333334,29.706192805555553
2491,289659.167,Flight3_cam1-000-000031-0,7210790.198533901,328600.51301047625,672.2900390625,HlangwineEP,2020-01-22,2020-01-22 10:27:39.167,10:27:39,48.23472166666664,29.70696769444445
2492,289660.502,Flight3_cam1-000-000032-0,7210795.894355271,328584.6331515623,672.319580078125,HlangwineEP,2020-01-22,2020-01-22 10:27:40.502,10:27:40,48.232496666666705,29.707375611111104
2493,289662.504,Flight3_cam1-000-000033-0,7210803.987617012,328561.5588264769,672.3788452148438,HlangwineEP,2020-01-22,2020-01-22 10:27:42.504,10:27:42,48.22915999999997,29.70798733333334
2494,289664.506,Flight3_cam1-000-000034-0,7210812.883343169,328536.54430197034,672.379150390625,HlangwineEP,2020-01-22,2020-01-22 10:27:44.506,10:27:44,48.225823333333345,29.708599055555553
2495,289667.175,Flight3_cam1-000-000035-0,7210825.087693779,328502.9364324731,672.4966430664062,HlangwineEP,2020-01-22,2020-01-22 10:27:47.175,10:27:47,48.221375000000016,29.70941458333333
2496,289668.51,Flight3_cam1-000-000036-0,7210831.728131297,328484.8891946933,672.4365234375,HlangwineEP,2020-01-22,2020-01-22 10:27:48.510,10:27:48,48.219149999999985,29.7098225
2497,289670.512,Flight3_cam1-000-000037-0,7210841.582984777,328458.3319190193,672.3848876953125,HlangwineEP,2020-01-22,2020-01-22 10:27:50.512,10:27:50,48.21581333333335,29.71043422222222
2498,289672.514,Flight3_cam1-000-000038-0,7210851.503887331,328431.98603380006,672.42431640625,HlangwineEP,2020-01-22,2020-01-22 10:27:52.514,10:27:52,48.212476666666625,29.71104594444445
2499,289675.85,Flight3_cam1-000-000039-0,7210876.194569201,328392.2052277336,672.6680908203125,HlangwineEP,2020-01-22,2020-01-22 10:27:55.850,10:27:55,48.20691666666671,29.71206527777777
2500,289676.518,Flight3_cam1-000-000040-0,7210882.784339165,328384.4703923325,672.6602783203125,HlangwineEP,2020-01-22,2020-01-22 10:27:56.518,10:27:56,48.205803333333364,29.712269388888885
2501,289678.52,Flight3_cam1-000-000041-0,7210901.590354482,328363.35082352,672.5664672851562,HlangwineEP,2020-01-22,2020-01-22 10:27:58.520,10:27:58,48.20246666666664,29.712881111111116
2502,289680.522,Flight3_cam1-000-000042-0,7210919.725788815,328343.7711533158,672.4512329101562,HlangwineEP,2020-01-22,2020-01-22 10:28:00.522,10:28:00,48.199130000000004,29.713492833333333
2503,289682.524,Flight3_cam1-000-000043-0,7210937.173601704,328325.1926050396,672.4210205078125,HlangwineEP,2020-01-22,2020-01-22 10:28:02.524,10:28:02,48.19579333333337,29.714104555555547
2504,289685.193,Flight3_cam1-000-000044-0,7210956.9981589075,328303.79963220353,672.3091430664062,HlangwineEP,2020-01-22,2020-01-22 10:28:05.193,10:28:05,48.191344999999956,29.714920083333343
2505,289686.528,Flight3_cam1-000-000045-0,7210964.889531022,328295.3898322755,672.1663208007812,HlangwineEP,2020-01-22,2020-01-22 10:28:06.528,10:28:06,48.18912000000002,29.715327999999996
2506,289688.53,Flight3_cam1-000-000046-0,7210969.707954904,328290.9348832552,671.9765625,HlangwineEP,2020-01-22,2020-01-22 10:28:08.530,10:28:08,48.18578333333328,29.71593972222223
2507,289690.532,Flight3_cam1-000-000047-0,7210972.9458527565,328289.14485121466,671.8636474609375,HlangwineEP,2020-01-22,2020-01-22 10:28:10.532,10:28:10,48.18244666666666,29.716551444444445
2508,289693.068,Flight3_cam1-000-000048-0,7210975.915170617,328287.46366673906,671.7815551757812,HlangwineEP,2020-01-22,2020-01-22 10:28:13.068,10:28:13,48.17821999999995,29.717326333333343
2509,289694.536,Flight3_cam1-000-000049-0,7210980.365145357,328283.51402839995,671.758056640625,HlangwineEP,2020-01-22,2020-01-22 10:28:14.536,10:28:14,48.1757733333333,29.717774888888897
2510,289696.538,Flight3_cam1-000-000050-0,7210992.4770683795,328272.35352439375,671.7068481445312,HlangwineEP,2020-01-22,2020-01-22 10:28:16.538,10:28:16,48.17243666666666,29.71838661111111
2511,289698.54,Flight3_cam1-000-000051-0,7211010.473511294,328259.0738628757,671.6617431640625,HlangwineEP,2020-01-22,2020-01-22 10:28:18.540,10:28:18,48.169100000000036,29.718998333333328
2512,289701.076,Flight3_cam1-000-000052-0,7211039.885275528,328241.77241219935,671.732421875,HlangwineEP,2020-01-22,2020-01-22 10:28:21.076,10:28:21,48.16487333333333,29.719773222222223
2513,289702.544,Flight3_cam1-000-000053-0,7211059.29120861,328230.8927441087,671.7671508789062,HlangwineEP,2020-01-22,2020-01-22 10:28:22.544,10:28:22,48.162426666666676,29.720221777777777
2514,289705.08,Flight3_cam1-000-000054-0,7211092.587413838,328211.5027649648,671.7907104492188,HlangwineEP,2020-01-22,2020-01-22 10:28:25.080,10:28:25,48.15819999999997,29.72099666666667
2515,289706.548,Flight3_cam1-000-000055-0,7211107.85330263,328198.63480589015,671.7296142578125,HlangwineEP,2020-01-22,2020-01-22 10:28:26.548,10:28:26,48.155753333333315,29.721445222222226
2516,289709.083,Flight3_cam1-000-000056-0,7211114.84164943,328173.1402753704,671.6492309570312,HlangwineEP,2020-01-22,2020-01-22 10:28:29.083,10:28:29,48.15152833333336,29.72221980555555
2517,289710.552,Flight3_cam1-000-000057-0,7211106.669719113,328165.7638538829,671.604248046875,HlangwineEP,2020-01-22,2020-01-22 10:28:30.552,10:28:30,48.149079999999955,29.722668666666674
2518,289712.954,Flight3_cam1-000-000058-0,7211092.399919089,328167.35260555206,671.665771484375,HlangwineEP,2020-01-22,2020-01-22 10:28:32.954,10:28:32,48.14507666666662,29.72340261111112
2519,289714.556,Flight3_cam1-000-000059-0,7211088.942935111,328170.5121280188,671.5269775390625,HlangwineEP,2020-01-22,2020-01-22 10:28:34.556,10:28:34,48.142406666666695,29.723892111111105
2520,289716.558,Flight3_cam1-000-000060-0,7211078.3677196745,328178.1910242095,671.4844360351562,HlangwineEP,2020-01-22,2020-01-22 10:28:36.558,10:28:36,48.13906999999997,29.72450383333334
2521,289718.56,Flight3_cam1-000-000061-0,7211064.169598112,328187.3704853046,671.1497802734375,HlangwineEP,2020-01-22,2020-01-22 10:28:38.560,10:28:38,48.135733333333334,29.725115555555554
2522,289721.095,Flight3_cam1-000-000062-0,7211049.004869107,328196.6725418467,670.8392944335938,HlangwineEP,2020-01-22,2020-01-22 10:28:41.095,10:28:41,48.13150833333338,29.72589013888888
2523,289722.564,Flight3_cam1-000-000063-0,7211046.198273921,328198.20723435713,670.7620239257812,HlangwineEP,2020-01-22,2020-01-22 10:28:42.564,10:28:42,48.12905999999998,29.726339000000003
2524,289724.566,Flight3_cam1-000-000064-0,7211045.250502638,328198.79164604296,670.7334594726562,HlangwineEP,2020-01-22,2020-01-22 10:28:44.566,10:28:44,48.12572333333335,29.72695072222222
2525,289726.568,Flight3_cam1-000-000065-0,7211039.972985478,328202.2909761908,670.9990844726562,HlangwineEP,2020-01-22,2020-01-22 10:28:46.568,10:28:46,48.12238666666662,29.72756244444445
2526,289729.103,Flight3_cam1-000-000066-0,7211024.722796798,328212.6358152325,671.7901611328125,HlangwineEP,2020-01-22,2020-01-22 10:28:49.103,10:28:49,48.11816166666666,29.72833702777778
2527,289730.571,Flight3_cam1-000-000067-0,7211014.646315269,328219.327979948,672.2896118164062,HlangwineEP,2020-01-22,2020-01-22 10:28:50.571,10:28:50,48.11571500000001,29.728785583333334
2528,289732.573,Flight3_cam1-000-000068-0,7211001.149768926,328228.472180867,672.93115234375,HlangwineEP,2020-01-22,2020-01-22 10:28:52.573,10:28:52,48.112378333333375,29.729397305555548
2529,289734.575,Flight3_cam1-000-000069-0,7210988.3148129415,328237.20934386714,673.5254516601562,HlangwineEP,2020-01-22,2020-01-22 10:28:54.575,10:28:54,48.10904166666665,29.730009027777783
2530,289737.111,Flight3_cam1-000-000070-0,7210971.568601735,328248.47223096894,674.3585205078125,HlangwineEP,2020-01-22,2020-01-22 10:28:57.111,10:28:57,48.10481500000004,29.73078391666666
2531,289738.579,Flight3_cam1-000-000071-0,7210961.612854775,328255.11318698974,674.81298828125,HlangwineEP,2020-01-22,2020-01-22 10:28:58.579,10:28:58,48.10236833333329,29.73123247222223
2532,289740.448,Flight3_cam1-000-000072-0,7210949.587878577,328263.11124000204,675.3914184570312,HlangwineEP,2020-01-22,2020-01-22 10:29:00.448,10:29:00,48.09925333333337,29.731803555555548
2533,289742.45,Flight3_cam1-000-000073-0,7210935.957451718,328272.2604414677,676.021240234375,HlangwineEP,2020-01-22,2020-01-22 10:29:02.450,10:29:02,48.095916666666646,29.732415277777783
2534,289744.719,Flight3_cam1-000-000074-0,7210921.234759178,328282.1826176169,676.6785888671875,HlangwineEP,2020-01-22,2020-01-22 10:29:04.719,10:29:04,48.09213500000003,29.733108583333326
2535,289747.121,Flight3_cam1-000-000075-0,7210904.895997379,328293.0410665383,677.33984375,HlangwineEP,2020-01-22,2020-01-22 10:29:07.121,10:29:07,48.08813166666669,29.733842527777774
2536,289748.456,Flight3_cam1-000-000076-0,7210896.467942069,328298.6879659714,677.7200317382812,HlangwineEP,2020-01-22,2020-01-22 10:29:08.456,10:29:08,48.08590666666666,29.734250444444445
2537,289750.458,Flight3_cam1-000-000077-0,7210882.681009209,328307.85700161057,678.2846069335938,HlangwineEP,2020-01-22,2020-01-22 10:29:10.458,10:29:10,48.082570000000025,29.734862166666662
2538,289752.46,Flight3_cam1-000-000078-0,7210869.4689578675,328316.8518437028,678.8547973632812,HlangwineEP,2020-01-22,2020-01-22 10:29:12.460,10:29:12,48.0792333333333,29.735473888888894
2539,289755.129,Flight3_cam1-000-000079-0,7210852.223465867,328328.43590650056,679.6053466796875,HlangwineEP,2020-01-22,2020-01-22 10:29:15.129,10:29:15,48.07478499999998,29.736289416666672
2540,289756.464,Flight3_cam1-000-000080-0,7210843.279055007,328334.4370130553,680.0126342773438,HlangwineEP,2020-01-22,2020-01-22 10:29:16.464,10:29:16,48.07256000000004,29.736697333333325
2541,289758.466,Flight3_cam1-000-000081-0,7210830.172384582,328343.187686859,680.5327758789062,HlangwineEP,2020-01-22,2020-01-22 10:29:18.466,10:29:18,48.069223333333305,29.73730905555556
2542,289760.468,Flight3_cam1-000-000082-0,7210816.444598948,328352.4706264965,681.018798828125,HlangwineEP,2020-01-22,2020-01-22 10:29:20.468,10:29:20,48.06588666666668,29.737920777777777
2543,289762.603,Flight3_cam1-000-000083-0,7210802.172469825,328362.05780310277,681.5851440429688,HlangwineEP,2020-01-22,2020-01-22 10:29:22.603,10:29:22,48.062328333333326,29.73857313888889
2544,289765.139,Flight3_cam1-000-000084-0,7210785.4240893535,328373.3457550858,682.201904296875,HlangwineEP,2020-01-22,2020-01-22 10:29:25.139,10:29:25,48.05810166666662,29.739348027777787
2545,289766.474,Flight3_cam1-000-000085-0,7210777.038797048,328379.0384803321,682.562255859375,HlangwineEP,2020-01-22,2020-01-22 10:29:26.474,10:29:26,48.055876666666684,29.73975594444444
2546,289768.476,Flight3_cam1-000-000086-0,7210763.339212861,328388.2503881295,683.0780029296875,HlangwineEP,2020-01-22,2020-01-22 10:29:28.476,10:29:28,48.05253999999996,29.740367666666675
2547,289770.478,Flight3_cam1-000-000087-0,7210750.166967737,328397.1225942061,683.5672607421875,HlangwineEP,2020-01-22,2020-01-22 10:29:30.478,10:29:30,48.04920333333333,29.74097938888889
2548,289773.147,Flight3_cam1-000-000088-0,7210732.894695951,328408.816603894,684.2033081054688,HlangwineEP,2020-01-22,2020-01-22 10:29:33.147,10:29:33,48.044755,29.741794916666667
2549,289774.482,Flight3_cam1-000-000089-0,7210723.947969591,328414.8721938591,684.5525512695312,HlangwineEP,2020-01-22,2020-01-22 10:29:34.482,10:29:34,48.04252999999997,29.742202833333337
2550,289776.484,Flight3_cam1-000-000090-0,7210710.824041794,328423.73556864436,685.104248046875,HlangwineEP,2020-01-22,2020-01-22 10:29:36.484,10:29:36,48.03919333333334,29.742814555555555
2551,289778.486,Flight3_cam1-000-000091-0,7210697.116911694,328432.8409275288,685.6787109375,HlangwineEP,2020-01-22,2020-01-22 10:29:38.486,10:29:38,48.03585666666671,29.743426277777772
2552,289780.621,Flight3_cam1-000-000092-0,7210682.878302558,328442.3170677753,686.3411865234375,HlangwineEP,2020-01-22,2020-01-22 10:29:40.621,10:29:40,48.03229833333336,29.744078638888883
2553,289783.157,Flight3_cam1-000-000093-0,7210666.144623439,328453.6809317747,687.0662841796875,HlangwineEP,2020-01-22,2020-01-22 10:29:43.157,10:29:43,48.028071666666655,29.744853527777778
2554,289784.492,Flight3_cam1-000-000094-0,7210657.692316203,328459.3280338454,687.48974609375,HlangwineEP,2020-01-22,2020-01-22 10:29:44.492,10:29:44,48.025846666666624,29.745261444444452
2555,289786.494,Flight3_cam1-000-000095-0,7210643.994876016,328468.5497590405,688.0034790039062,HlangwineEP,2020-01-22,2020-01-22 10:29:46.494,10:29:46,48.02250999999999,29.74587316666667
2556,289788.496,Flight3_cam1-000-000096-0,7210630.8498596,328477.4890322264,688.5179443359375,HlangwineEP,2020-01-22,2020-01-22 10:29:48.496,10:29:48,48.019173333333356,29.746484888888883
2557,289791.165,Flight3_cam1-000-000097-0,7210613.041619413,328489.5833863953,689.4297485351562,HlangwineEP,2020-01-22,2020-01-22 10:29:51.165,10:29:51,48.014725000000034,29.74730041666666
2558,289792.5,Flight3_cam1-000-000098-0,7210604.671199113,328495.2450906824,689.8604736328125,HlangwineEP,2020-01-22,2020-01-22 10:29:52.500,10:29:52,48.0125,29.747708333333332
2559,289794.502,Flight3_cam1-000-000099-0,7210590.960921736,328504.3987682438,690.5093994140625,HlangwineEP,2020-01-22,2020-01-22 10:29:54.502,10:29:54,48.00916333333337,29.74832005555555
2560,289796.504,Flight3_cam1-000-000100-0,7210577.736690698,328513.259852245,691.1354370117188,HlangwineEP,2020-01-22,2020-01-22 10:29:56.504,10:29:56,48.00582666666664,29.748931777777784
2561,289799.173,Flight3_cam1-000-000101-0,7210560.365883103,328524.93279960606,692.0018310546875,HlangwineEP,2020-01-22,2020-01-22 10:29:59.173,10:29:59,48.001378333333314,29.74974730555556
2562,289800.508,Flight3_cam1-000-000102-0,7210551.441396771,328530.9572022534,692.3789672851562,HlangwineEP,2020-01-22,2020-01-22 10:30:00.508,10:30:00,47.99915333333338,29.750155222222215
2563,289802.51,Flight3_cam1-000-000103-0,7210538.3004743485,328539.76989231596,692.9595336914062,HlangwineEP,2020-01-22,2020-01-22 10:30:02.510,10:30:02,47.99581666666665,29.750766944444447
2564,289804.512,Flight3_cam1-000-000104-0,7210524.608973738,328548.93739563844,693.5171508789062,HlangwineEP,2020-01-22,2020-01-22 10:30:04.512,10:30:04,47.99248000000002,29.751378666666664
2565,289806.647,Flight3_cam1-000-000105-0,7210510.435467037,328558.53209684306,694.2025756835938,HlangwineEP,2020-01-22,2020-01-22 10:30:06.647,10:30:06,47.98892166666667,29.752031027777775
2566,289809.183,Flight3_cam1-000-000106-0,7210493.641452442,328569.8686493931,694.9784545898438,HlangwineEP,2020-01-22,2020-01-22 10:30:09.183,10:30:09,47.98469499999997,29.752805916666674
2567,289815.456,Flight3_cam1-000-000107-0,7210451.977205606,328597.912773762,696.7886352539062,HlangwineEP,2020-01-22,2020-01-22 10:30:15.456,10:30:15,47.97423999999999,29.75472266666667
2568,289818.125,Flight3_cam1-000-000108-0,7210434.661797488,328609.52119956224,697.4915771484375,HlangwineEP,2020-01-22,2020-01-22 10:30:18.125,10:30:18,47.969791666666666,29.755538194444444
2569,289819.46,Flight3_cam1-000-000109-0,7210425.731002582,328615.5539346796,697.885498046875,HlangwineEP,2020-01-22,2020-01-22 10:30:19.460,10:30:19,47.967566666666634,29.75594611111112
2570,289821.462,Flight3_cam1-000-000110-0,7210412.651465088,328624.46547739796,698.4901123046875,HlangwineEP,2020-01-22,2020-01-22 10:30:21.462,10:30:21,47.96423,29.756557833333332
2571,289823.464,Flight3_cam1-000-000111-0,7210399.50569888,328633.3468136046,699.01025390625,HlangwineEP,2020-01-22,2020-01-22 10:30:23.464,10:30:23,47.96089333333337,29.75716955555555
2572,289826.133,Flight3_cam1-000-000112-0,7210381.596641919,328645.36487460067,699.6468505859375,HlangwineEP,2020-01-22,2020-01-22 10:30:26.133,10:30:26,47.956445000000045,29.757985083333324
2573,289827.468,Flight3_cam1-000-000113-0,7210372.685105454,328651.40400183224,699.9993286132812,HlangwineEP,2020-01-22,2020-01-22 10:30:27.468,10:30:27,47.954220000000014,29.758392999999998
2574,289829.47,Flight3_cam1-000-000114-0,7210359.591035081,328660.28100768453,700.4094848632812,HlangwineEP,2020-01-22,2020-01-22 10:30:29.470,10:30:29,47.95088333333338,29.759004722222215
2575,289831.472,Flight3_cam1-000-000115-0,7210346.267140046,328669.01706224435,700.6222534179688,HlangwineEP,2020-01-22,2020-01-22 10:30:31.472,10:30:31,47.94754666666665,29.759616444444447
2576,289834.008,Flight3_cam1-000-000116-0,7210329.431800882,328680.480229781,700.7987060546875,HlangwineEP,2020-01-22,2020-01-22 10:30:34.008,10:30:34,47.94332000000004,29.760391333333324
2577,289835.476,Flight3_cam1-000-000117-0,7210319.4722620435,328687.2607237564,700.888671875,HlangwineEP,2020-01-22,2020-01-22 10:30:35.476,10:30:35,47.94087333333329,29.760839888888896
2578,289837.478,Flight3_cam1-000-000118-0,7210306.307199273,328696.2751441533,700.9005737304688,HlangwineEP,2020-01-22,2020-01-22 10:30:37.478,10:30:37,47.93753666666666,29.761451611111113
2579,289839.48,Flight3_cam1-000-000119-0,7210293.059771046,328705.01866114757,700.9332275390625,HlangwineEP,2020-01-22,2020-01-22 10:30:39.480,10:30:39,47.93420000000003,29.762063333333327
2580,289841.615,Flight3_cam1-000-000120-0,7210278.814679721,328714.62014783337,700.7457885742188,HlangwineEP,2020-01-22,2020-01-22 10:30:41.615,10:30:41,47.93064166666668,29.76271569444444
2581,289844.017,Flight3_cam1-000-000121-0,7210263.031164263,328725.132036075,700.500244140625,HlangwineEP,2020-01-22,2020-01-22 10:30:44.017,10:30:44,47.926638333333344,29.763449638888886
2582,289845.486,Flight3_cam1-000-000122-0,7210252.984716939,328731.8202846349,700.3441772460938,HlangwineEP,2020-01-22,2020-01-22 10:30:45.486,10:30:45,47.92419000000004,29.763898499999993
2583,289847.488,Flight3_cam1-000-000123-0,7210239.821484007,328740.65323916444,700.1448364257812,HlangwineEP,2020-01-22,2020-01-22 10:30:47.488,10:30:47,47.92085333333331,29.764510222222224
2584,289849.49,Flight3_cam1-000-000124-0,7210226.753919955,328749.66590660694,699.9534912109375,HlangwineEP,2020-01-22,2020-01-22 10:30:49.490,10:30:49,47.917516666666685,29.76512194444444
2585,289852.025,Flight3_cam1-000-000125-0,7210210.014888648,328761.02167483844,699.6907958984375,HlangwineEP,2020-01-22,2020-01-22 10:30:52.025,10:30:52,47.91329166666663,29.765896527777784
2586,289853.494,Flight3_cam1-000-000126-0,7210200.005545892,328767.632157968,699.579833984375,HlangwineEP,2020-01-22,2020-01-22 10:30:53.494,10:30:53,47.910843333333325,29.76634538888889
2587,289855.496,Flight3_cam1-000-000127-0,7210186.769818934,328776.428771875,699.4192504882812,HlangwineEP,2020-01-22,2020-01-22 10:30:55.496,10:30:55,47.90750666666669,29.766957111111108
2588,289857.498,Flight3_cam1-000-000128-0,7210173.656727772,328785.3223689699,699.29443359375,HlangwineEP,2020-01-22,2020-01-22 10:30:57.498,10:30:57,47.904169999999965,29.76756883333334
2589,289859.633,Flight3_cam1-000-000129-0,7210159.449097226,328795.0313431143,699.3350830078125,HlangwineEP,2020-01-22,2020-01-22 10:30:59.633,10:30:59,47.90061166666671,29.768221194444436
2590,289862.035,Flight3_cam1-000-000130-0,7210143.610318579,328805.6627251006,699.5079345703125,HlangwineEP,2020-01-22,2020-01-22 10:31:02.035,10:31:02,47.896608333333376,29.76895513888888
2591,289863.503,Flight3_cam1-000-000131-0,7210133.610916564,328812.2971718275,699.6041870117188,HlangwineEP,2020-01-22,2020-01-22 10:31:03.503,10:31:03,47.894161666666626,29.769403694444453
2592,289865.505,Flight3_cam1-000-000132-0,7210120.401464941,328821.07340478536,699.8950805664062,HlangwineEP,2020-01-22,2020-01-22 10:31:05.505,10:31:05,47.89082499999999,29.770015416666666
2593,289867.507,Flight3_cam1-000-000133-0,7210107.250248535,328830.0330576013,700.27099609375,HlangwineEP,2020-01-22,2020-01-22 10:31:07.507,10:31:07,47.88748833333336,29.770627138888884
2594,289870.043,Flight3_cam1-000-000134-0,7210090.501086576,328841.495584952,700.7596435546875,HlangwineEP,2020-01-22,2020-01-22 10:31:10.043,10:31:10,47.883261666666655,29.77140202777778
2595,289871.511,Flight3_cam1-000-000135-0,7210080.642315953,328848.1373005663,701.0139770507812,HlangwineEP,2020-01-22,2020-01-22 10:31:11.511,10:31:11,47.880815000000005,29.771850583333332
2596,289873.513,Flight3_cam1-000-000136-0,7210067.9013710935,328857.3436488239,701.3851318359375,HlangwineEP,2020-01-22,2020-01-22 10:31:13.513,10:31:13,47.87747833333337,29.77246230555555
2597,289875.515,Flight3_cam1-000-000137-0,7210058.690420376,328870.3208158605,701.9962768554688,HlangwineEP,2020-01-22,2020-01-22 10:31:15.515,10:31:15,47.874141666666645,29.77307402777778
2598,289877.651,Flight3_cam1-000-000138-0,7210057.361282719,328887.3564133691,702.7672119140625,HlangwineEP,2020-01-22,2020-01-22 10:31:17.651,10:31:17,47.870581666666645,29.77372669444445
2599,289880.053,Flight3_cam1-000-000139-0,7210065.207331149,328905.71737833833,703.722900390625,HlangwineEP,2020-01-22,2020-01-22 10:31:20.053,10:31:20,47.86657833333331,29.774460638888893
2600,289881.388,Flight3_cam1-000-000140-0,7210069.73206128,328913.0340878259,704.0762329101562,HlangwineEP,2020-01-22,2020-01-22 10:31:21.388,10:31:21,47.86435333333337,29.77486855555555
2601,289883.39,Flight3_cam1-000-000141-0,7210076.188923333,328925.0193739618,704.697998046875,HlangwineEP,2020-01-22,2020-01-22 10:31:23.390,10:31:23,47.86101666666664,29.77548027777778
2602,289885.392,Flight3_cam1-000-000142-0,7210084.401755203,328937.0991875464,705.2904052734375,HlangwineEP,2020-01-22,2020-01-22 10:31:25.392,10:31:25,47.85768000000001,29.776092
2603,289888.061,Flight3_cam1-000-000143-0,7210102.809375184,328944.01154624164,705.7361450195312,HlangwineEP,2020-01-22,2020-01-22 10:31:28.061,10:31:28,47.85323166666669,29.776907527777773
2604,289889.396,Flight3_cam1-000-000144-0,7210112.182964254,328941.07368728286,705.6260986328125,HlangwineEP,2020-01-22,2020-01-22 10:31:29.396,10:31:29,47.851006666666656,29.777315444444447
2605,289891.398,Flight3_cam1-000-000145-0,7210124.036490331,328932.94008683576,705.4461669921875,HlangwineEP,2020-01-22,2020-01-22 10:31:31.398,10:31:31,47.84767000000002,29.77792716666666
2606,289893.4,Flight3_cam1-000-000146-0,7210134.362619606,328925.16376799624,705.2252807617188,HlangwineEP,2020-01-22,2020-01-22 10:31:33.400,10:31:33,47.844333333333296,29.778538888888896
2607,289896.069,Flight3_cam1-000-000147-0,7210150.25143002,328914.9985788339,704.8712158203125,HlangwineEP,2020-01-22,2020-01-22 10:31:36.069,10:31:36,47.83988499999997,29.77935441666667
2608,289897.404,Flight3_cam1-000-000148-0,7210158.946064535,328909.2292011279,704.6447143554688,HlangwineEP,2020-01-22,2020-01-22 10:31:37.404,10:31:37,47.837660000000035,29.779762333333327
2609,289899.406,Flight3_cam1-000-000149-0,7210171.527837984,328900.70707298897,704.3275756835938,HlangwineEP,2020-01-22,2020-01-22 10:31:39.406,10:31:39,47.8343233333333,29.780374055555562
2610,289901.408,Flight3_cam1-000-000150-0,7210185.071943736,328891.7531192241,704.1324462890625,HlangwineEP,2020-01-22,2020-01-22 10:31:41.408,10:31:41,47.830986666666675,29.780985777777776
2611,289903.543,Flight3_cam1-000-000151-0,7210198.736364773,328882.69287649734,703.8771362304688,HlangwineEP,2020-01-22,2020-01-22 10:31:43.543,10:31:43,47.82742833333332,29.78163813888889
2612,289906.079,Flight3_cam1-000-000152-0,7210215.557934244,328871.4901319759,703.5684204101562,HlangwineEP,2020-01-22,2020-01-22 10:31:46.079,10:31:46,47.82320166666662,29.782413027777785
2613,289907.414,Flight3_cam1-000-000153-0,7210224.403853871,328865.5435747934,703.414306640625,HlangwineEP,2020-01-22,2020-01-22 10:31:47.414,10:31:47,47.82097666666668,29.782820944444442
2614,289909.416,Flight3_cam1-000-000154-0,7210237.6240312625,328856.7765890334,703.0809326171875,HlangwineEP,2020-01-22,2020-01-22 10:31:49.416,10:31:49,47.817639999999955,29.783432666666673
2615,289912.085,Flight3_cam1-000-000155-0,7210255.409994715,328844.8357952202,702.7068481445312,HlangwineEP,2020-01-22,2020-01-22 10:31:52.085,10:31:52,47.81319166666663,29.78424819444445
2616,289914.754,Flight3_cam1-000-000156-0,7210273.222461572,328832.77498473343,702.3847045898438,HlangwineEP,2020-01-22,2020-01-22 10:31:54.754,10:31:54,47.80874333333331,29.785063722222226
2617,289915.422,Flight3_cam1-000-000157-0,7210277.429454856,328829.9859000046,702.344482421875,HlangwineEP,2020-01-22,2020-01-22 10:31:55.422,10:31:55,47.80762999999997,29.78526783333334
2618,289917.424,Flight3_cam1-000-000158-0,7210290.597953875,328821.0985378798,702.1884765625,HlangwineEP,2020-01-22,2020-01-22 10:31:57.424,10:31:57,47.804293333333334,29.785879555555557
2619,289919.426,Flight3_cam1-000-000159-0,7210304.222707274,328811.90089452954,702.0693359375,HlangwineEP,2020-01-22,2020-01-22 10:31:59.426,10:31:59,47.80095666666671,29.78649127777777
2620,289921.428,Flight3_cam1-000-000160-0,7210317.476458464,328803.0589341162,701.8365478515625,HlangwineEP,2020-01-22,2020-01-22 10:32:01.428,10:32:01,47.797619999999974,29.787103000000005
2621,289924.097,Flight3_cam1-000-000161-0,7210334.882082395,328791.29939745006,701.5930786132812,HlangwineEP,2020-01-22,2020-01-22 10:32:04.097,10:32:04,47.79317166666665,29.78791852777778
2622,289925.432,Flight3_cam1-000-000162-0,7210343.7936889175,328785.3657209191,701.5123901367188,HlangwineEP,2020-01-22,2020-01-22 10:32:05.432,10:32:05,47.79094666666671,29.788326444444436
2623,289927.434,Flight3_cam1-000-000163-0,7210357.053662706,328776.62837203534,701.4393920898438,HlangwineEP,2020-01-22,2020-01-22 10:32:07.434,10:32:07,47.78760999999999,29.788938166666668
2624,289929.436,Flight3_cam1-000-000164-0,7210370.679608393,328767.3710611792,701.2555541992188,HlangwineEP,2020-01-22,2020-01-22 10:32:09.436,10:32:09,47.78427333333335,29.789549888888885
2625,289931.438,Flight3_cam1-000-000165-0,7210383.612935499,328758.44774345413,701.06982421875,HlangwineEP,2020-01-22,2020-01-22 10:32:11.438,10:32:11,47.780936666666626,29.790161611111117
2626,289934.107,Flight3_cam1-000-000166-0,7210401.389955141,328746.4727375992,700.6239013671875,HlangwineEP,2020-01-22,2020-01-22 10:32:14.107,10:32:14,47.776488333333305,29.790977138888895
2627,289935.442,Flight3_cam1-000-000167-0,7210409.862880257,328740.7585228475,700.4549560546875,HlangwineEP,2020-01-22,2020-01-22 10:32:15.442,10:32:15,47.774263333333366,29.79138505555555
2628,289937.444,Flight3_cam1-000-000168-0,7210423.593977449,328731.578207913,700.1431274414062,HlangwineEP,2020-01-22,2020-01-22 10:32:17.444,10:32:17,47.77092666666664,29.791996777777783
2629,289939.446,Flight3_cam1-000-000169-0,7210436.8026335295,328722.7552954868,699.6856689453125,HlangwineEP,2020-01-22,2020-01-22 10:32:19.446,10:32:19,47.767590000000006,29.7926085
2630,289941.581,Flight3_cam1-000-000170-0,7210451.031520515,328713.2771883714,699.1449584960938,HlangwineEP,2020-01-22,2020-01-22 10:32:21.581,10:32:21,47.764031666666654,29.79326086111111
2631,289943.983,Flight3_cam1-000-000171-0,7210466.84684816,328702.6112379116,698.6350708007812,HlangwineEP,2020-01-22,2020-01-22 10:32:23.983,10:32:23,47.760028333333324,29.793994805555556
2632,289945.451,Flight3_cam1-000-000172-0,7210476.271914814,328696.1681836115,698.221923828125,HlangwineEP,2020-01-22,2020-01-22 10:32:25.451,10:32:25,47.75758166666667,29.79444336111111
2633,289947.453,Flight3_cam1-000-000173-0,7210489.931508146,328687.0055253621,697.6277465820312,HlangwineEP,2020-01-22,2020-01-22 10:32:27.453,10:32:27,47.75424500000003,29.795055083333327
2634,289949.455,Flight3_cam1-000-000174-0,7210503.119792404,328678.1942435604,697.0691528320312,HlangwineEP,2020-01-22,2020-01-22 10:32:29.455,10:32:29,47.75090833333331,29.79566680555556
2635,289951.991,Flight3_cam1-000-000175-0,7210519.916933507,328666.85562477936,696.211181640625,HlangwineEP,2020-01-22,2020-01-22 10:32:31.991,10:32:31,47.7466816666667,29.79644169444444
2636,289953.459,Flight3_cam1-000-000176-0,7210529.35324513,328660.5924046807,695.7618408203125,HlangwineEP,2020-01-22,2020-01-22 10:32:33.459,10:32:33,47.744235000000046,29.796890249999993
2637,289955.461,Flight3_cam1-000-000177-0,7210543.0230956245,328651.4091594499,695.0989990234375,HlangwineEP,2020-01-22,2020-01-22 10:32:35.461,10:32:35,47.74089833333332,29.797501972222225
2638,289957.463,Flight3_cam1-000-000178-0,7210556.246780958,328642.6251420837,694.5478515625,HlangwineEP,2020-01-22,2020-01-22 10:32:37.463,10:32:37,47.737561666666686,29.798113694444442
2639,289959.599,Flight3_cam1-000-000179-0,7210570.375199133,328633.0491658982,693.8846435546875,HlangwineEP,2020-01-22,2020-01-22 10:32:39.599,10:32:39,47.734001666666686,29.798766361111106
2640,289962.001,Flight3_cam1-000-000180-0,7210586.146364333,328622.32500524423,693.1024780273438,HlangwineEP,2020-01-22,2020-01-22 10:32:42.001,10:32:42,47.72999833333335,29.79950030555555
2641,289963.469,Flight3_cam1-000-000181-0,7210596.119346527,328615.57943749276,692.6871337890625,HlangwineEP,2020-01-22,2020-01-22 10:32:43.469,10:32:43,47.7275516666667,29.799948861111105
2642,289965.471,Flight3_cam1-000-000182-0,7210609.2380858455,328606.7135295188,692.162841796875,HlangwineEP,2020-01-22,2020-01-22 10:32:45.471,10:32:45,47.724214999999965,29.80056058333334
2643,289967.473,Flight3_cam1-000-000183-0,7210622.33588291,328597.72890812485,691.6558837890625,HlangwineEP,2020-01-22,2020-01-22 10:32:47.473,10:32:47,47.72087833333334,29.801172305555554
2644,289970.143,Flight3_cam1-000-000184-0,7210640.180236774,328585.57887024176,691.0491943359375,HlangwineEP,2020-01-22,2020-01-22 10:32:50.143,10:32:50,47.71642833333336,29.801988138888884
2645,289971.477,Flight3_cam1-000-000185-0,7210648.7156309,328579.92871486663,690.7872924804688,HlangwineEP,2020-01-22,2020-01-22 10:32:51.477,10:32:51,47.71420499999998,29.802395750000006
2646,289973.479,Flight3_cam1-000-000186-0,7210662.543686515,328570.7453321096,690.2575073242188,HlangwineEP,2020-01-22,2020-01-22 10:32:53.479,10:32:53,47.710868333333345,29.80300747222222
2647,289975.481,Flight3_cam1-000-000187-0,7210675.752628703,328561.932702039,689.858642578125,HlangwineEP,2020-01-22,2020-01-22 10:32:55.481,10:32:55,47.70753166666662,29.803619194444455
2648,289978.017,Flight3_cam1-000-000188-0,7210692.495497357,328550.60179015936,689.2228393554688,HlangwineEP,2020-01-22,2020-01-22 10:32:58.017,10:32:58,47.703305000000015,29.80439408333333
2649,289979.485,Flight3_cam1-000-000189-0,7210701.888888868,328544.2909497693,688.87841796875,HlangwineEP,2020-01-22,2020-01-22 10:32:59.485,10:32:59,47.70085833333336,29.804842638888886
2650,289981.487,Flight3_cam1-000-000190-0,7210715.657618318,328535.15239233663,688.395751953125,HlangwineEP,2020-01-22,2020-01-22 10:33:01.487,10:33:01,47.69752166666663,29.805454361111117
2651,289983.489,Flight3_cam1-000-000191-0,7210728.812539795,328526.26426721807,687.9214477539062,HlangwineEP,2020-01-22,2020-01-22 10:33:03.489,10:33:03,47.694185,29.806066083333334
2652,289985.625,Flight3_cam1-000-000192-0,7210742.935998125,328516.575140009,687.3829345703125,HlangwineEP,2020-01-22,2020-01-22 10:33:05.625,10:33:05,47.690625,29.80671875
2653,289988.027,Flight3_cam1-000-000193-0,7210758.684441293,328505.9113698927,686.7938842773438,HlangwineEP,2020-01-22,2020-01-22 10:33:08.027,10:33:08,47.68662166666666,29.807452694444446
2654,289989.495,Flight3_cam1-000-000194-0,7210768.10788096,328499.6511654612,686.4672241210938,HlangwineEP,2020-01-22,2020-01-22 10:33:09.495,10:33:09,47.68417500000001,29.807901249999997
2655,289991.497,Flight3_cam1-000-000195-0,7210781.7528143,328490.43959637696,685.9232788085938,HlangwineEP,2020-01-22,2020-01-22 10:33:11.497,10:33:11,47.68083833333338,29.808512972222214
2656,289993.499,Flight3_cam1-000-000196-0,7210794.893475855,328481.6079592748,685.3847045898438,HlangwineEP,2020-01-22,2020-01-22 10:33:13.499,10:33:13,47.67750166666665,29.80912469444445
2657,289996.035,Flight3_cam1-000-000197-0,7210811.92805087,328470.2422032272,684.76806640625,HlangwineEP,2020-01-22,2020-01-22 10:33:16.035,10:33:16,47.67327500000004,29.809899583333326
2658,289997.503,Flight3_cam1-000-000198-0,7210821.394866495,328463.87288321543,684.4810180664062,HlangwineEP,2020-01-22,2020-01-22 10:33:17.503,10:33:17,47.67082833333329,29.810348138888898
2659,289999.505,Flight3_cam1-000-000199-0,7210835.133504454,328454.6930621969,684.0496215820312,HlangwineEP,2020-01-22,2020-01-22 10:33:19.505,10:33:19,47.667491666666656,29.81095986111111
2660,290001.507,Flight3_cam1-000-000200-0,7210848.184702167,328445.8082513403,683.572265625,HlangwineEP,2020-01-22,2020-01-22 10:33:21.507,10:33:21,47.66415500000003,29.81157158333333
2661,290003.643,Flight3_cam1-000-000201-0,7210862.422484499,328436.17264899245,683.0545654296875,HlangwineEP,2020-01-22,2020-01-22 10:33:23.643,10:33:23,47.66059500000003,29.812224249999993
2662,290006.045,Flight3_cam1-000-000202-0,7210878.210483716,328425.539718568,682.5243530273438,HlangwineEP,2020-01-22,2020-01-22 10:33:26.045,10:33:26,47.65659166666669,29.81295819444444
2663,290007.513,Flight3_cam1-000-000203-0,7210887.674500188,328419.2688461193,682.119384765625,HlangwineEP,2020-01-22,2020-01-22 10:33:27.513,10:33:27,47.654145000000035,29.81340674999999
2664,290009.515,Flight3_cam1-000-000204-0,7210901.322624674,328410.1180910426,681.5632934570312,HlangwineEP,2020-01-22,2020-01-22 10:33:29.515,10:33:29,47.65080833333331,29.814018472222227
2665,290011.517,Flight3_cam1-000-000205-0,7210914.490592307,328401.2114317609,681.0479736328125,HlangwineEP,2020-01-22,2020-01-22 10:33:31.517,10:33:31,47.647471666666675,29.814630194444444
2666,290014.053,Flight3_cam1-000-000206-0,7210931.285236189,328389.8274747627,680.3846435546875,HlangwineEP,2020-01-22,2020-01-22 10:33:34.053,10:33:34,47.64324499999998,29.81540508333334
2667,290015.521,Flight3_cam1-000-000207-0,7210940.71282846,328383.47648311337,680.0648803710938,HlangwineEP,2020-01-22,2020-01-22 10:33:35.521,10:33:35,47.64079833333332,29.815853638888893
2668,290017.39,Flight3_cam1-000-000208-0,7210953.332596533,328374.9676902668,679.5933227539062,HlangwineEP,2020-01-22,2020-01-22 10:33:37.390,10:33:37,47.63768333333331,29.816424722222227
2669,290019.525,Flight3_cam1-000-000209-0,7210967.660651151,328365.5036579513,679.0064086914062,HlangwineEP,2020-01-22,2020-01-22 10:33:39.525,10:33:39,47.63412499999996,29.81707708333334
2670,290022.862,Flight3_cam1-000-000210-0,7210989.782160903,328350.6065493839,678.0692138671875,HlangwineEP,2020-01-22,2020-01-22 10:33:42.862,10:33:42,47.6285633333333,29.81809672222223
2671,290023.396,Flight3_cam1-000-000211-0,7210993.420392739,328348.11287557404,677.94140625,HlangwineEP,2020-01-22,2020-01-22 10:33:43.396,10:33:43,47.62767333333332,29.818259888888893
2672,290025.397,Flight3_cam1-000-000212-0,7211006.539908158,328339.1652580695,677.3630981445312,HlangwineEP,2020-01-22,2020-01-22 10:33:45.397,10:33:45,47.62433833333334,29.818871305555554
2673,290027.399,Flight3_cam1-000-000213-0,7211019.642526205,328330.4366775282,676.7744750976562,HlangwineEP,2020-01-22,2020-01-22 10:33:47.399,10:33:47,47.62100166666671,29.81948302777777
2674,290030.069,Flight3_cam1-000-000214-0,7211037.488537524,328318.4104099728,675.957275390625,HlangwineEP,2020-01-22,2020-01-22 10:33:50.069,10:33:50,47.61655166666664,29.820298861111116
2675,290035.407,Flight3_cam1-000-000215-0,7211074.172004795,328297.54253854894,674.5723266601562,HlangwineEP,2020-01-22,2020-01-22 10:33:55.407,10:33:55,47.60765499999999,29.82192991666667
2676,290037.409,Flight3_cam1-000-000216-0,7211089.048599635,328300.5724269949,674.5,HlangwineEP,2020-01-22,2020-01-22 10:33:57.409,10:33:57,47.60431833333336,29.822541638888886
2677,290040.079,Flight3_cam1-000-000217-0,7211102.187568035,328318.4247923975,674.91796875,HlangwineEP,2020-01-22,2020-01-22 10:34:00.079,10:34:00,47.59986833333329,29.82335747222223
2678,290042.348,Flight3_cam1-000-000218-0,7211107.786037706,328333.2792668108,675.2520141601562,HlangwineEP,2020-01-22,2020-01-22 10:34:02.348,10:34:02,47.59608666666667,29.824050777777778
2679,290043.682,Flight3_cam1-000-000219-0,7211111.287317037,328341.1446986379,675.4699096679688,HlangwineEP,2020-01-22,2020-01-22 10:34:03.682,10:34:03,47.59386333333338,29.824458388888882
2680,290045.417,Flight3_cam1-000-000220-0,7211115.994998447,328352.3394645307,675.859375,HlangwineEP,2020-01-22,2020-01-22 10:34:05.417,10:34:05,47.59097166666664,29.824988527777784
2681,290048.087,Flight3_cam1-000-000221-0,7211115.240068428,328373.60356646497,676.7058715820312,HlangwineEP,2020-01-22,2020-01-22 10:34:08.087,10:34:08,47.58652166666667,29.82580436111111
2682,290049.421,Flight3_cam1-000-000222-0,7211109.724409796,328382.70250058576,677.1558227539062,HlangwineEP,2020-01-22,2020-01-22 10:34:09.421,10:34:09,47.58429833333338,29.826211972222215
2683,290053.025,Flight3_cam1-000-000223-0,7211087.4188857395,328398.6156456959,678.242431640625,HlangwineEP,2020-01-22,2020-01-22 10:34:13.025,10:34:13,47.57829166666663,29.82731319444445
2684,290053.425,Flight3_cam1-000-000224-0,7211085.189071903,328400.0846487426,678.3619995117188,HlangwineEP,2020-01-22,2020-01-22 10:34:13.425,10:34:13,47.57762500000002,29.827435416666663
2685,290055.561,Flight3_cam1-000-000225-0,7211072.935528316,328408.5887083047,679.0028076171875,HlangwineEP,2020-01-22,2020-01-22 10:34:15.561,10:34:15,47.57406500000002,29.82808808333333
2686,290057.963,Flight3_cam1-000-000226-0,7211057.987124908,328418.91392554564,679.7531127929688,HlangwineEP,2020-01-22,2020-01-22 10:34:17.963,10:34:17,47.57006166666668,29.828822027777775
2687,290059.431,Flight3_cam1-000-000227-0,7211048.111500174,328425.7817305273,680.2357788085938,HlangwineEP,2020-01-22,2020-01-22 10:34:19.431,10:34:19,47.56761500000003,29.82927058333333
2688,290061.433,Flight3_cam1-000-000228-0,7211035.141426329,328434.77411598427,680.9114379882812,HlangwineEP,2020-01-22,2020-01-22 10:34:21.433,10:34:21,47.5642783333333,29.82988230555556
2689,290063.435,Flight3_cam1-000-000229-0,7211022.09708579,328443.5599652019,681.589599609375,HlangwineEP,2020-01-22,2020-01-22 10:34:23.435,10:34:23,47.56094166666667,29.830494027777778
2690,290066.105,Flight3_cam1-000-000230-0,7211004.294758262,328455.49255344353,682.4419555664062,HlangwineEP,2020-01-22,2020-01-22 10:34:26.105,10:34:26,47.556491666666695,29.831309861111105
2691,290067.439,Flight3_cam1-000-000231-0,7210995.3174255425,328461.40281511145,682.7785034179688,HlangwineEP,2020-01-22,2020-01-22 10:34:27.439,10:34:27,47.55426833333331,29.831717472222227
2692,290069.441,Flight3_cam1-000-000232-0,7210982.253532433,328470.3661896079,683.2492065429688,HlangwineEP,2020-01-22,2020-01-22 10:34:29.441,10:34:29,47.55093166666668,29.83232919444444
2693,290071.443,Flight3_cam1-000-000233-0,7210969.135722864,328479.19219754846,683.6998291015625,HlangwineEP,2020-01-22,2020-01-22 10:34:31.443,10:34:31,47.54759499999995,29.832940916666676
2694,290073.579,Flight3_cam1-000-000234-0,7210954.940518692,328488.7890920957,684.1609497070312,HlangwineEP,2020-01-22,2020-01-22 10:34:33.579,10:34:33,47.54403499999995,29.833593583333343
2695,290076.114,Flight3_cam1-000-000235-0,7210938.171465984,328500.1196835924,684.626708984375,HlangwineEP,2020-01-22,2020-01-22 10:34:36.114,10:34:36,47.539809999999996,29.834368166666668
2696,290077.449,Flight3_cam1-000-000236-0,7210929.235412962,328506.2365932779,684.8592529296875,HlangwineEP,2020-01-22,2020-01-22 10:34:37.449,10:34:37,47.537584999999964,29.83477608333334
2697,290079.451,Flight3_cam1-000-000237-0,7210916.048665261,328515.1339544557,685.1878662109375,HlangwineEP,2020-01-22,2020-01-22 10:34:39.451,10:34:39,47.53424833333333,29.835387805555555
2698,290081.453,Flight3_cam1-000-000238-0,7210902.886312037,328524.056775132,685.4658813476562,HlangwineEP,2020-01-22,2020-01-22 10:34:41.453,10:34:41,47.530911666666704,29.835999527777773
2699,290084.122,Flight3_cam1-000-000239-0,7210885.015357751,328535.9946940705,685.7041625976562,HlangwineEP,2020-01-22,2020-01-22 10:34:44.122,10:34:44,47.526463333333375,29.836815055555547
2700,290085.457,Flight3_cam1-000-000240-0,7210876.0569834765,328542.00343630486,685.802490234375,HlangwineEP,2020-01-22,2020-01-22 10:34:45.457,10:34:45,47.524238333333344,29.83722297222222
2701,290087.459,Flight3_cam1-000-000241-0,7210862.934945054,328550.80318909907,686.0487670898438,HlangwineEP,2020-01-22,2020-01-22 10:34:47.459,10:34:47,47.52090166666671,29.837834694444435
2702,290089.461,Flight3_cam1-000-000242-0,7210849.767920613,328559.61179136497,686.2526245117188,HlangwineEP,2020-01-22,2020-01-22 10:34:49.461,10:34:49,47.51756499999998,29.83844641666667
2703,290092.13,Flight3_cam1-000-000243-0,7210832.054640362,328571.6447473229,686.5281372070312,HlangwineEP,2020-01-22,2020-01-22 10:34:52.130,10:34:52,47.51311666666666,29.839261944444445
2704,290093.465,Flight3_cam1-000-000244-0,7210823.666361872,328577.3021970462,686.6292114257812,HlangwineEP,2020-01-22,2020-01-22 10:34:53.465,10:34:53,47.51089166666662,29.83966986111112
2705,290095.467,Flight3_cam1-000-000245-0,7210810.029260081,328586.5545059565,686.8563842773438,HlangwineEP,2020-01-22,2020-01-22 10:34:55.467,10:34:55,47.507554999999996,29.840281583333336
2706,290097.469,Flight3_cam1-000-000246-0,7210796.845995005,328595.3669263606,687.1007690429688,HlangwineEP,2020-01-22,2020-01-22 10:34:57.469,10:34:57,47.50421833333336,29.84089330555555
2707,290099.604,Flight3_cam1-000-000247-0,7210782.61117667,328604.95853311394,687.3252563476562,HlangwineEP,2020-01-22,2020-01-22 10:34:59.604,10:34:59,47.50066000000001,29.841545666666665
2708,290102.274,Flight3_cam1-000-000248-0,7210765.149704607,328616.6042284402,687.59423828125,HlangwineEP,2020-01-22,2020-01-22 10:35:02.274,10:35:02,47.49621000000004,29.842361499999992
2709,290103.475,Flight3_cam1-000-000249-0,7210756.789606152,328622.2531677702,687.799560546875,HlangwineEP,2020-01-22,2020-01-22 10:35:03.475,10:35:03,47.494208333333376,29.842728472222216
2710,290105.477,Flight3_cam1-000-000250-0,7210743.652247347,328631.10922381066,688.1284790039062,HlangwineEP,2020-01-22,2020-01-22 10:35:05.477,10:35:05,47.49087166666664,29.843340194444448
2711,290107.479,Flight3_cam1-000-000251-0,7210730.421773766,328640.04961056646,688.3854370117188,HlangwineEP,2020-01-22,2020-01-22 10:35:07.479,10:35:07,47.487535000000015,29.843951916666665
2712,290110.015,Flight3_cam1-000-000252-0,7210713.556195016,328651.39765272965,688.736328125,HlangwineEP,2020-01-22,2020-01-22 10:35:10.015,10:35:10,47.48330833333331,29.84472680555556
2713,290111.483,Flight3_cam1-000-000253-0,7210704.143148267,328657.8165258552,688.948974609375,HlangwineEP,2020-01-22,2020-01-22 10:35:11.483,10:35:11,47.480861666666655,29.845175361111114
2714,290113.485,Flight3_cam1-000-000254-0,7210690.397451767,328666.87629558984,689.2721557617188,HlangwineEP,2020-01-22,2020-01-22 10:35:13.485,10:35:13,47.47752500000002,29.845787083333327
2715,290115.487,Flight3_cam1-000-000255-0,7210677.217266567,328675.6417794828,689.568359375,HlangwineEP,2020-01-22,2020-01-22 10:35:15.487,10:35:15,47.474188333333295,29.846398805555562
2716,290118.023,Flight3_cam1-000-000256-0,7210660.393174416,328687.13321778574,689.8831787109375,HlangwineEP,2020-01-22,2020-01-22 10:35:18.023,10:35:18,47.46996166666669,29.84717369444444
2717,290119.491,Flight3_cam1-000-000257-0,7210651.05702582,328693.4807933236,690.1057739257812,HlangwineEP,2020-01-22,2020-01-22 10:35:19.491,10:35:19,47.467515000000034,29.847622249999993
2718,290121.493,Flight3_cam1-000-000258-0,7210637.301904734,328702.5435051399,690.4375610351562,HlangwineEP,2020-01-22,2020-01-22 10:35:21.493,10:35:21,47.46417833333331,29.84823397222223
2719,290123.495,Flight3_cam1-000-000259-0,7210624.111480024,328711.39314015454,690.85546875,HlangwineEP,2020-01-22,2020-01-22 10:35:23.495,10:35:23,47.460841666666674,29.848845694444442
2720,290125.63,Flight3_cam1-000-000260-0,7210609.730926779,328721.02996914403,691.2410278320312,HlangwineEP,2020-01-22,2020-01-22 10:35:25.630,10:35:25,47.45728333333332,29.849498055555557
2721,290128.033,Flight3_cam1-000-000261-0,7210594.053210778,328731.8598449363,691.8045654296875,HlangwineEP,2020-01-22,2020-01-22 10:35:28.033,10:35:28,47.45327833333334,29.850232305555554
2722,290129.501,Flight3_cam1-000-000262-0,7210584.65010425,328738.1278648313,692.1747436523438,HlangwineEP,2020-01-22,2020-01-22 10:35:29.501,10:35:29,47.45083166666669,29.85068086111111
2723,290131.503,Flight3_cam1-000-000263-0,7210570.926368777,328747.2972067597,692.7081298828125,HlangwineEP,2020-01-22,2020-01-22 10:35:31.503,10:35:31,47.447494999999954,29.85129258333334
2724,290133.505,Flight3_cam1-000-000264-0,7210557.832870798,328756.2049659953,693.3681030273438,HlangwineEP,2020-01-22,2020-01-22 10:35:33.505,10:35:33,47.44415833333333,29.851904305555557
2725,290136.041,Flight3_cam1-000-000265-0,7210541.060864896,328767.48015601304,694.2005615234375,HlangwineEP,2020-01-22,2020-01-22 10:35:36.041,10:35:36,47.439931666666624,29.852679194444452
2726,290137.509,Flight3_cam1-000-000266-0,7210531.547213237,328773.75973972643,694.6824951171875,HlangwineEP,2020-01-22,2020-01-22 10:35:37.509,10:35:37,47.43748499999997,29.853127750000006
2727,290139.377,Flight3_cam1-000-000267-0,7210518.964589942,328782.20884267904,695.3655395507812,HlangwineEP,2020-01-22,2020-01-22 10:35:39.377,10:35:39,47.4343716666667,29.853698527777773
2728,290141.513,Flight3_cam1-000-000268-0,7210504.8354748385,328791.67768041656,696.2284545898438,HlangwineEP,2020-01-22,2020-01-22 10:35:41.513,10:35:41,47.430811666666706,29.854351194444437
2729,290144.049,Flight3_cam1-000-000269-0,7210487.918108655,328802.94521126477,697.1482543945312,HlangwineEP,2020-01-22,2020-01-22 10:35:44.049,10:35:44,47.426585,29.85512608333333
2730,290145.383,Flight3_cam1-000-000270-0,7210479.0099897925,328809.00155368354,697.6015625,HlangwineEP,2020-01-22,2020-01-22 10:35:45.383,10:35:45,47.42436166666671,29.855533694444436
2731,290147.385,Flight3_cam1-000-000271-0,7210465.873240661,328817.9964709722,698.28076171875,HlangwineEP,2020-01-22,2020-01-22 10:35:47.385,10:35:47,47.421024999999986,29.85614541666667
2732,290149.387,Flight3_cam1-000-000272-0,7210452.699355596,328826.9144945968,698.9934692382812,HlangwineEP,2020-01-22,2020-01-22 10:35:49.387,10:35:49,47.41768833333335,29.856757138888884
2733,290151.523,Flight3_cam1-000-000273-0,7210438.510784435,328836.35615732765,699.7156982421875,HlangwineEP,2020-01-22,2020-01-22 10:35:51.523,10:35:51,47.41412833333335,29.85740980555555
2734,290154.058,Flight3_cam1-000-000274-0,7210421.5489327125,328847.75341368164,700.5101318359375,HlangwineEP,2020-01-22,2020-01-22 10:35:54.058,10:35:54,47.409903333333304,29.858184388888894
2735,290155.393,Flight3_cam1-000-000275-0,7210412.561189166,328853.72588354093,700.9326171875,HlangwineEP,2020-01-22,2020-01-22 10:35:55.393,10:35:55,47.407678333333365,29.85859230555555
2736,290157.395,Flight3_cam1-000-000276-0,7210399.43939938,328862.6134968883,701.427490234375,HlangwineEP,2020-01-22,2020-01-22 10:35:57.395,10:35:57,47.40434166666664,29.859204027777782
2737,290159.397,Flight3_cam1-000-000277-0,7210386.427835153,328871.50963367824,701.9000244140625,HlangwineEP,2020-01-22,2020-01-22 10:35:59.397,10:35:59,47.401005000000005,29.85981575
2738,290162.066,Flight3_cam1-000-000278-0,7210368.594432004,328883.55848000443,702.4802856445312,HlangwineEP,2020-01-22,2020-01-22 10:36:02.066,10:36:02,47.39655666666668,29.860631277777774
2739,290163.401,Flight3_cam1-000-000279-0,7210359.670695441,328889.4976080995,702.6836547851562,HlangwineEP,2020-01-22,2020-01-22 10:36:03.401,10:36:03,47.394331666666645,29.861039194444448
2740,290165.403,Flight3_cam1-000-000280-0,7210346.475945148,328898.38641989045,703.1371459960938,HlangwineEP,2020-01-22,2020-01-22 10:36:05.403,10:36:05,47.39099500000002,29.861650916666665
2741,290167.405,Flight3_cam1-000-000281-0,7210333.3060242515,328907.2684570864,703.4776000976562,HlangwineEP,2020-01-22,2020-01-22 10:36:07.405,10:36:07,47.387658333333285,29.862262638888897
2742,290169.541,Flight3_cam1-000-000282-0,7210319.125623122,328916.8805016305,703.9334106445312,HlangwineEP,2020-01-22,2020-01-22 10:36:09.541,10:36:09,47.38409833333329,29.862915305555564
2743,290172.076,Flight3_cam1-000-000283-0,7210302.2958711125,328928.0947506641,704.3970336914062,HlangwineEP,2020-01-22,2020-01-22 10:36:12.076,10:36:12,47.37987333333333,29.86368988888889
2744,290173.411,Flight3_cam1-000-000284-0,7210293.33900997,328934.14271391823,704.6827392578125,HlangwineEP,2020-01-22,2020-01-22 10:36:13.411,10:36:13,47.3776483333333,29.864097805555563
2745,290175.413,Flight3_cam1-000-000285-0,7210280.233793632,328943.06177452067,705.0391235351562,HlangwineEP,2020-01-22,2020-01-22 10:36:15.413,10:36:15,47.374311666666664,29.864709527777777
2746,290177.415,Flight3_cam1-000-000286-0,7210267.144944418,328951.9115775374,705.496826171875,HlangwineEP,2020-01-22,2020-01-22 10:36:17.415,10:36:17,47.37097500000004,29.865321249999994
2747,290180.084,Flight3_cam1-000-000287-0,7210249.260475706,328963.9305464933,706.13720703125,HlangwineEP,2020-01-22,2020-01-22 10:36:20.084,10:36:20,47.36652666666671,29.86613677777777
2748,290185.957,Flight3_cam1-000-000288-0,7210210.268429733,328990.2079871531,707.7886962890625,HlangwineEP,2020-01-22,2020-01-22 10:36:25.957,10:36:25,47.35673833333334,29.867931305555555
2749,290188.626,Flight3_cam1-000-000289-0,7210192.894575295,329001.86226765905,708.6612548828125,HlangwineEP,2020-01-22,2020-01-22 10:36:28.626,10:36:28,47.35229000000002,29.86874683333333
2750,290189.961,Flight3_cam1-000-000290-0,7210183.950198818,329007.920545497,709.1192626953125,HlangwineEP,2020-01-22,2020-01-22 10:36:29.961,10:36:29,47.35006499999998,29.869154750000003
2751,290191.963,Flight3_cam1-000-000291-0,7210170.333449097,329017.1088332412,709.9443969726562,HlangwineEP,2020-01-22,2020-01-22 10:36:31.963,10:36:31,47.34672833333335,29.869766472222217
2752,290193.965,Flight3_cam1-000-000292-0,7210157.434806995,329026.17861894297,710.5499877929688,HlangwineEP,2020-01-22,2020-01-22 10:36:33.965,10:36:33,47.343391666666626,29.870378194444452
2753,290196.1,Flight3_cam1-000-000293-0,7210147.262527939,329039.84932676406,711.154541015625,HlangwineEP,2020-01-22,2020-01-22 10:36:36.100,10:36:36,47.339833333333374,29.87103055555555
2754,290198.636,Flight3_cam1-000-000294-0,7210146.452786273,329060.0522669478,711.6857299804688,HlangwineEP,2020-01-22,2020-01-22 10:36:38.636,10:36:38,47.33560666666667,29.871805444444444
2755,290199.971,Flight3_cam1-000-000295-0,7210150.374925846,329069.8321513771,711.8285522460938,HlangwineEP,2020-01-22,2020-01-22 10:36:39.971,10:36:39,47.33338166666663,29.87221336111112
2756,290201.973,Flight3_cam1-000-000296-0,7210158.4416623805,329083.21647560387,711.9801025390625,HlangwineEP,2020-01-22,2020-01-22 10:36:41.973,10:36:41,47.330045000000005,29.872825083333332
2757,290203.975,Flight3_cam1-000-000297-0,7210164.751626825,329095.00349802116,712.0874633789062,HlangwineEP,2020-01-22,2020-01-22 10:36:43.975,10:36:43,47.32670833333337,29.87343680555555
2758,290206.644,Flight3_cam1-000-000298-0,7210176.739019277,329109.9849128906,712.107666015625,HlangwineEP,2020-01-22,2020-01-22 10:36:46.644,10:36:46,47.32226000000005,29.874252333333324
2759,290207.979,Flight3_cam1-000-000299-0,7210186.815219721,329113.76915465994,711.9378662109375,HlangwineEP,2020-01-22,2020-01-22 10:36:47.979,10:36:47,47.32003500000001,29.874660249999998
2760,290209.981,Flight3_cam1-000-000300-0,7210201.456756253,329110.37210239907,711.27490234375,HlangwineEP,2020-01-22,2020-01-22 10:36:49.981,10:36:49,47.316698333333285,29.87527197222223
2761,290211.983,Flight3_cam1-000-000301-0,7210213.222205177,329102.2732414994,710.6985473632812,HlangwineEP,2020-01-22,2020-01-22 10:36:51.983,10:36:51,47.31336166666665,29.875883694444447
2762,290214.652,Flight3_cam1-000-000302-0,7210227.621987499,329091.8520655973,709.8463134765625,HlangwineEP,2020-01-22,2020-01-22 10:36:54.652,10:36:54,47.30891333333333,29.87669922222222
2763,290215.987,Flight3_cam1-000-000303-0,7210235.730108523,329086.4324952855,709.3920288085938,HlangwineEP,2020-01-22,2020-01-22 10:36:55.987,10:36:55,47.3066883333333,29.877107138888896
2764,290217.989,Flight3_cam1-000-000304-0,7210248.224181864,329078.3660969951,708.7882690429688,HlangwineEP,2020-01-22,2020-01-22 10:36:57.989,10:36:57,47.303351666666664,29.877718861111113
2765,290219.991,Flight3_cam1-000-000305-0,7210261.864824291,329069.266964784,708.1995849609375,HlangwineEP,2020-01-22,2020-01-22 10:36:59.991,10:36:59,47.30001500000003,29.878330583333327
2766,290222.126,Flight3_cam1-000-000306-0,7210275.90415878,329059.72773093445,707.5196533203125,HlangwineEP,2020-01-22,2020-01-22 10:37:02.126,10:37:02,47.296456666666685,29.87898294444444
2767,290224.528,Flight3_cam1-000-000307-0,7210291.627434151,329049.2698579795,706.8690185546875,HlangwineEP,2020-01-22,2020-01-22 10:37:04.528,10:37:04,47.29245333333335,29.879716888888886
2768,290225.997,Flight3_cam1-000-000308-0,7210301.020039881,329042.9650028894,706.4542236328125,HlangwineEP,2020-01-22,2020-01-22 10:37:05.997,10:37:05,47.29000500000004,29.880165749999993
2769,290227.999,Flight3_cam1-000-000309-0,7210314.705059009,329033.86202756764,705.9017333984375,HlangwineEP,2020-01-22,2020-01-22 10:37:07.999,10:37:07,47.28666833333332,29.880777472222224
2770,290230.0,Flight3_cam1-000-000310-0,7210327.773857895,329025.11472551664,705.3884887695312,HlangwineEP,2020-01-22,2020-01-22 10:37:10.000,10:37:10,47.28333333333333,29.88138888888889
2771,290232.67,Flight3_cam1-000-000311-0,7210345.063014961,329013.46466522233,704.8060913085938,HlangwineEP,2020-01-22,2020-01-22 10:37:12.670,10:37:12,47.27888333333336,29.882204722222216
2772,290234.004,Flight3_cam1-000-000312-0,7210354.048304015,329007.4703317791,704.5338134765625,HlangwineEP,2020-01-22,2020-01-22 10:37:14.004,10:37:14,47.27665999999997,29.882612333333338
2773,290236.006,Flight3_cam1-000-000313-0,7210367.173527278,328998.54408691346,704.1185913085938,HlangwineEP,2020-01-22,2020-01-22 10:37:16.006,10:37:16,47.273323333333344,29.883224055555555
2774,290238.008,Flight3_cam1-000-000314-0,7210380.759016093,328989.2957783324,703.6690063476562,HlangwineEP,2020-01-22,2020-01-22 10:37:18.008,10:37:18,47.26998666666671,29.88383577777777
2775,290240.678,Flight3_cam1-000-000315-0,7210398.11291495,328977.645698277,703.112060546875,HlangwineEP,2020-01-22,2020-01-22 10:37:20.678,10:37:20,47.26553666666664,29.884651611111117
2776,290242.012,Flight3_cam1-000-000316-0,7210407.133194956,328971.68470142444,702.819580078125,HlangwineEP,2020-01-22,2020-01-22 10:37:22.012,10:37:22,47.26331333333335,29.885059222222218
2777,290244.014,Flight3_cam1-000-000317-0,7210420.322851742,328962.877318694,702.4566040039062,HlangwineEP,2020-01-22,2020-01-22 10:37:24.014,10:37:24,47.259976666666624,29.885670944444453
2778,290246.016,Flight3_cam1-000-000318-0,7210434.140433643,328953.66810278007,702.0286865234375,HlangwineEP,2020-01-22,2020-01-22 10:37:26.016,10:37:26,47.25664,29.886282666666666
2779,290248.152,Flight3_cam1-000-000319-0,7210448.196654945,328944.0813212227,701.590576171875,HlangwineEP,2020-01-22,2020-01-22 10:37:28.152,10:37:28,47.25308,29.886935333333334
2780,290250.554,Flight3_cam1-000-000320-0,7210464.097210696,328933.51943301817,701.0112915039062,HlangwineEP,2020-01-22,2020-01-22 10:37:30.554,10:37:30,47.24907666666666,29.88766927777778
2781,290252.022,Flight3_cam1-000-000321-0,7210473.579622104,328927.188713411,700.6832885742188,HlangwineEP,2020-01-22,2020-01-22 10:37:32.022,10:37:32,47.24663,29.888117833333332
2782,290254.024,Flight3_cam1-000-000322-0,7210486.8119547395,328918.35740907013,700.2266845703125,HlangwineEP,2020-01-22,2020-01-22 10:37:34.024,10:37:34,47.243293333333376,29.88872955555555
2783,290256.026,Flight3_cam1-000-000323-0,7210500.567182189,328909.2198668978,699.7843627929688,HlangwineEP,2020-01-22,2020-01-22 10:37:36.026,10:37:36,47.23995666666664,29.88934127777778
2784,290258.562,Flight3_cam1-000-000324-0,7210517.238730013,328897.9083016823,699.118408203125,HlangwineEP,2020-01-22,2020-01-22 10:37:38.562,10:37:38,47.23573000000004,29.890116166666658
2785,290260.03,Flight3_cam1-000-000325-0,7210526.659061307,328891.4540005971,698.8255004882812,HlangwineEP,2020-01-22,2020-01-22 10:37:40.030,10:37:40,47.23328333333329,29.89056472222223
2786,290262.032,Flight3_cam1-000-000326-0,7210539.8273445405,328882.5686301867,698.4525146484375,HlangwineEP,2020-01-22,2020-01-22 10:37:42.032,10:37:42,47.229946666666656,29.891176444444447
2787,290264.034,Flight3_cam1-000-000327-0,7210553.532906776,328873.2900690867,697.956298828125,HlangwineEP,2020-01-22,2020-01-22 10:37:44.034,10:37:44,47.22661000000002,29.89178816666666
2788,290266.17,Flight3_cam1-000-000328-0,7210567.805317247,328863.7564210044,697.4789428710938,HlangwineEP,2020-01-22,2020-01-22 10:37:46.170,10:37:46,47.22305000000003,29.89244083333333
2789,290268.572,Flight3_cam1-000-000329-0,7210583.716301877,328853.1741175127,696.9107666015625,HlangwineEP,2020-01-22,2020-01-22 10:37:48.572,10:37:48,47.21904666666669,29.893174777777773
2790,290270.04,Flight3_cam1-000-000330-0,7210593.094491254,328846.6845065094,696.5119018554688,HlangwineEP,2020-01-22,2020-01-22 10:37:50.040,10:37:50,47.216600000000035,29.893623333333327
2791,290272.042,Flight3_cam1-000-000331-0,7210606.609391144,328837.5842094974,695.959228515625,HlangwineEP,2020-01-22,2020-01-22 10:37:52.042,10:37:52,47.21326333333331,29.894235055555562
2792,290274.044,Flight3_cam1-000-000332-0,7210619.780717253,328828.7050169002,695.5234985351562,HlangwineEP,2020-01-22,2020-01-22 10:37:54.044,10:37:54,47.209926666666675,29.894846777777776
2793,290276.58,Flight3_cam1-000-000333-0,7210636.259512414,328817.2712798866,694.9027709960938,HlangwineEP,2020-01-22,2020-01-22 10:37:56.580,10:37:56,47.20569999999997,29.89562166666667
2794,290278.048,Flight3_cam1-000-000334-0,7210645.713528781,328810.77539675473,694.536865234375,HlangwineEP,2020-01-22,2020-01-22 10:37:58.048,10:37:58,47.203253333333315,29.896070222222225
2795,290280.05,Flight3_cam1-000-000335-0,7210658.677446302,328801.8906649796,694.0368041992188,HlangwineEP,2020-01-22,2020-01-22 10:38:00.050,10:38:00,47.19991666666669,29.896681944444442
2796,290282.052,Flight3_cam1-000-000336-0,7210672.392154543,328792.8925452258,693.5562133789062,HlangwineEP,2020-01-22,2020-01-22 10:38:02.052,10:38:02,47.196579999999955,29.897293666666673
2797,290284.188,Flight3_cam1-000-000337-0,7210686.812786606,328783.4732807105,693.1004638671875,HlangwineEP,2020-01-22,2020-01-22 10:38:04.188,10:38:04,47.19301999999996,29.89794633333334
2798,290286.59,Flight3_cam1-000-000338-0,7210702.65316141,328772.79154881026,692.61181640625,HlangwineEP,2020-01-22,2020-01-22 10:38:06.590,10:38:06,47.189016666666625,29.898680277777785
2799,290287.925,Flight3_cam1-000-000339-0,7210711.558635253,328766.764091046,692.3719482421875,HlangwineEP,2020-01-22,2020-01-22 10:38:07.925,10:38:07,47.186791666666686,29.89908819444444
2800,290289.927,Flight3_cam1-000-000340-0,7210724.65448273,328757.97669537435,691.99951171875,HlangwineEP,2020-01-22,2020-01-22 10:38:09.927,10:38:09,47.18345499999996,29.899699916666673
2801,290292.996,Flight3_cam1-000-000341-0,7210745.339230193,328744.15985258936,691.4788208007812,HlangwineEP,2020-01-22,2020-01-22 10:38:12.996,10:38:12,47.17834000000003,29.90063766666666
2802,290295.666,Flight3_cam1-000-000342-0,7210762.6088402085,328732.44862234703,691.0271606445312,HlangwineEP,2020-01-22,2020-01-22 10:38:15.666,10:38:15,47.17388999999996,29.90145350000001
2803,290295.933,Flight3_cam1-000-000343-0,7210764.212931259,328731.3832807633,690.9859619140625,HlangwineEP,2020-01-22,2020-01-22 10:38:15.933,10:38:15,47.173444999999965,29.90153508333334
2804,290297.935,Flight3_cam1-000-000344-0,7210777.911575237,328722.221044195,690.7045288085938,HlangwineEP,2020-01-22,2020-01-22 10:38:17.935,10:38:17,47.17010833333334,29.902146805555557
2805,290299.937,Flight3_cam1-000-000345-0,7210791.097089678,328713.33732792246,690.496337890625,HlangwineEP,2020-01-22,2020-01-22 10:38:19.937,10:38:19,47.166771666666705,29.90275852777777
2806,290302.072,Flight3_cam1-000-000346-0,7210805.19858212,328703.74300207925,690.241943359375,HlangwineEP,2020-01-22,2020-01-22 10:38:22.072,10:38:22,47.16321333333336,29.903410888888885
2807,290304.608,Flight3_cam1-000-000347-0,7210822.035566414,328692.3815205605,689.8690795898438,HlangwineEP,2020-01-22,2020-01-22 10:38:24.608,10:38:24,47.15898666666666,29.90418577777778
2808,290305.943,Flight3_cam1-000-000348-0,7210831.009174183,328686.403745204,689.6904907226562,HlangwineEP,2020-01-22,2020-01-22 10:38:25.943,10:38:25,47.15676166666662,29.904593694444454
2809,290307.945,Flight3_cam1-000-000349-0,7210844.069859427,328677.52802982926,689.4619140625,HlangwineEP,2020-01-22,2020-01-22 10:38:27.945,10:38:27,47.153424999999984,29.905205416666668
2810,290309.946,Flight3_cam1-000-000350-0,7210857.222352934,328668.7010572073,689.2017822265625,HlangwineEP,2020-01-22,2020-01-22 10:38:29.946,10:38:29,47.150090000000006,29.905816833333333
2811,290311.948,Flight3_cam1-000-000351-0,7210870.506416754,328659.8482637409,688.8411865234375,HlangwineEP,2020-01-22,2020-01-22 10:38:31.948,10:38:31,47.14675333333337,29.906428555555546
2812,290314.618,Flight3_cam1-000-000352-0,7210888.5259028,328647.88538665103,688.394775390625,HlangwineEP,2020-01-22,2020-01-22 10:38:34.618,10:38:34,47.1423033333333,29.907244388888895
2813,290315.952,Flight3_cam1-000-000353-0,7210897.503360838,328641.8624388521,688.2037353515625,HlangwineEP,2020-01-22,2020-01-22 10:38:35.952,10:38:35,47.14008000000002,29.907652
2814,290317.954,Flight3_cam1-000-000354-0,7210910.617533226,328632.9770611656,687.8760375976562,HlangwineEP,2020-01-22,2020-01-22 10:38:37.954,10:38:37,47.136743333333285,29.90826372222223
2815,290319.956,Flight3_cam1-000-000355-0,7210923.81293358,328624.12006024166,687.5062866210938,HlangwineEP,2020-01-22,2020-01-22 10:38:39.956,10:38:39,47.13340666666666,29.908875444444448
2816,290322.626,Flight3_cam1-000-000356-0,7210941.547471814,328612.04214741325,686.9163818359375,HlangwineEP,2020-01-22,2020-01-22 10:38:42.626,10:38:42,47.12895666666668,29.909691277777775
2817,290323.96,Flight3_cam1-000-000357-0,7210950.444913597,328605.94452815055,686.6661987304688,HlangwineEP,2020-01-22,2020-01-22 10:38:43.960,10:38:43,47.1267333333333,29.910098888888896
2818,290325.962,Flight3_cam1-000-000358-0,7210963.557236139,328597.18216221174,686.3231811523438,HlangwineEP,2020-01-22,2020-01-22 10:38:45.962,10:38:45,47.123396666666665,29.91071061111111
2819,290327.964,Flight3_cam1-000-000359-0,7210976.821089757,328588.34615965525,685.9734497070312,HlangwineEP,2020-01-22,2020-01-22 10:38:47.964,10:38:47,47.12006000000004,29.911322333333327
2820,290330.1,Flight3_cam1-000-000360-0,7210991.018877716,328578.7981801291,685.5250244140625,HlangwineEP,2020-01-22,2020-01-22 10:38:50.100,10:38:50,47.11650000000004,29.911974999999995
2821,290332.636,Flight3_cam1-000-000361-0,7211007.941408318,328567.4873311566,685.106201171875,HlangwineEP,2020-01-22,2020-01-22 10:38:52.636,10:38:52,47.112273333333334,29.91274988888889
2822,290333.97,Flight3_cam1-000-000362-0,7211016.863299346,328561.4441655027,684.8307495117188,HlangwineEP,2020-01-22,2020-01-22 10:38:53.970,10:38:53,47.110050000000044,29.91315749999999
2823,290335.972,Flight3_cam1-000-000363-0,7211030.039638337,328552.61586591613,684.3331298828125,HlangwineEP,2020-01-22,2020-01-22 10:38:55.972,10:38:55,47.10671333333332,29.913769222222225
2824,290337.974,Flight3_cam1-000-000364-0,7211043.18859185,328543.7859453097,683.859375,HlangwineEP,2020-01-22,2020-01-22 10:38:57.974,10:38:57,47.10337666666669,29.914380944444442
2825,290340.644,Flight3_cam1-000-000365-0,7211061.185710264,328531.80470542936,683.1043090820312,HlangwineEP,2020-01-22,2020-01-22 10:39:00.644,10:39:00,47.09892666666671,29.91519677777777
2826,290341.978,Flight3_cam1-000-000366-0,7211070.0541566,328525.7492542674,682.68408203125,HlangwineEP,2020-01-22,2020-01-22 10:39:01.978,10:39:01,47.09670333333333,29.91560438888889
2827,290343.98,Flight3_cam1-000-000367-0,7211083.126919331,328516.7979815245,682.0540161132812,HlangwineEP,2020-01-22,2020-01-22 10:39:03.980,10:39:03,47.0933666666667,29.916216111111105
2828,290345.982,Flight3_cam1-000-000368-0,7211096.228042509,328507.9459907386,681.421875,HlangwineEP,2020-01-22,2020-01-22 10:39:05.982,10:39:05,47.09002999999997,29.91682783333334
2829,290348.118,Flight3_cam1-000-000369-0,7211110.250380052,328498.4182712758,680.6237182617188,HlangwineEP,2020-01-22,2020-01-22 10:39:08.118,10:39:08,47.08646999999997,29.917480500000003
2830,290350.52,Flight3_cam1-000-000370-0,7211126.048159688,328487.71786109614,679.6236572265625,HlangwineEP,2020-01-22,2020-01-22 10:39:10.520,10:39:10,47.08246666666663,29.91821444444445
2831,290351.988,Flight3_cam1-000-000371-0,7211136.163788548,328480.8972997067,678.9876098632812,HlangwineEP,2020-01-22,2020-01-22 10:39:11.988,10:39:11,47.080019999999976,29.918663000000002
2832,290353.99,Flight3_cam1-000-000372-0,7211149.992866688,328473.15708931757,678.2156982421875,HlangwineEP,2020-01-22,2020-01-22 10:39:13.990,10:39:13,47.07668333333335,29.91927472222222
2833,290355.992,Flight3_cam1-000-000373-0,7211165.053931748,328472.2626193798,677.6842651367188,HlangwineEP,2020-01-22,2020-01-22 10:39:15.992,10:39:15,47.07334666666662,29.919886444444455
2834,290358.528,Flight3_cam1-000-000374-0,7211179.702946394,328485.0922358628,677.6651611328125,HlangwineEP,2020-01-22,2020-01-22 10:39:18.528,10:39:18,47.06912000000001,29.92066133333333
2835,290359.996,Flight3_cam1-000-000375-0,7211184.657673198,328496.82903912547,677.9578247070312,HlangwineEP,2020-01-22,2020-01-22 10:39:19.996,10:39:19,47.066673333333355,29.921109888888886
2836,290361.998,Flight3_cam1-000-000376-0,7211188.907094717,328507.9312906023,678.021240234375,HlangwineEP,2020-01-22,2020-01-22 10:39:21.998,10:39:21,47.06333666666663,29.921721611111117
2837,290364.0,Flight3_cam1-000-000377-0,7211194.71870131,328519.8687032054,678.4832763671875,HlangwineEP,2020-01-22,2020-01-22 10:39:24.000,10:39:24,47.06,29.922333333333334
2838,290366.669,Flight3_cam1-000-000378-0,7211198.354645357,328540.3523622133,679.227294921875,HlangwineEP,2020-01-22,2020-01-22 10:39:26.669,10:39:26,47.05555166666667,29.92314886111111
2839,290368.004,Flight3_cam1-000-000379-0,7211195.398524556,328550.6050566252,679.5223999023438,HlangwineEP,2020-01-22,2020-01-22 10:39:28.004,10:39:28,47.05332666666664,29.923556777777783
2840,290370.006,Flight3_cam1-000-000380-0,7211185.822977539,328562.42802453623,679.93603515625,HlangwineEP,2020-01-22,2020-01-22 10:39:30.006,10:39:30,47.04999000000001,29.924168499999997
2841,290372.008,Flight3_cam1-000-000381-0,7211173.206455678,328570.5544572415,680.2669067382812,HlangwineEP,2020-01-22,2020-01-22 10:39:32.008,10:39:32,47.04665333333338,29.924780222222214
2842,290374.143,Flight3_cam1-000-000382-0,7211160.874890256,328578.4055585022,680.6795654296875,HlangwineEP,2020-01-22,2020-01-22 10:39:34.143,10:39:34,47.04309500000003,29.92543258333333
2843,290376.546,Flight3_cam1-000-000383-0,7211146.477161468,328588.35296885495,681.0720825195312,HlangwineEP,2020-01-22,2020-01-22 10:39:36.546,10:39:36,47.039090000000044,29.926166833333326
2844,290378.014,Flight3_cam1-000-000384-0,7211136.829094451,328595.01222052827,681.3216552734375,HlangwineEP,2020-01-22,2020-01-22 10:39:38.014,10:39:38,47.036643333333295,29.926615388888898
2845,290380.016,Flight3_cam1-000-000385-0,7211123.960591311,328603.7235267715,681.6762084960938,HlangwineEP,2020-01-22,2020-01-22 10:39:40.016,10:39:40,47.03330666666666,29.92722711111111
2846,290382.018,Flight3_cam1-000-000386-0,7211111.00184582,328612.64013750036,682.1112060546875,HlangwineEP,2020-01-22,2020-01-22 10:39:42.018,10:39:42,47.02997000000003,29.92783883333333
2847,290384.687,Flight3_cam1-000-000387-0,7211093.230289254,328624.79545506055,682.5541381835938,HlangwineEP,2020-01-22,2020-01-22 10:39:44.687,10:39:44,47.025521666666705,29.928654361111104
2848,290386.022,Flight3_cam1-000-000388-0,7211084.404174587,328630.7955353707,682.8076782226562,HlangwineEP,2020-01-22,2020-01-22 10:39:46.022,10:39:46,47.023296666666674,29.929062277777778
2849,290388.024,Flight3_cam1-000-000389-0,7211071.3198265955,328639.63349415036,683.1835327148438,HlangwineEP,2020-01-22,2020-01-22 10:39:48.024,10:39:48,47.01996000000004,29.92967399999999
2850,290390.026,Flight3_cam1-000-000390-0,7211058.214061223,328648.36030157574,683.5489501953125,HlangwineEP,2020-01-22,2020-01-22 10:39:50.026,10:39:50,47.016623333333314,29.930285722222226
2851,290392.161,Flight3_cam1-000-000391-0,7211044.103310643,328657.9076290263,684.02001953125,HlangwineEP,2020-01-22,2020-01-22 10:39:52.161,10:39:52,47.01306499999996,29.93093808333334
2852,290394.564,Flight3_cam1-000-000392-0,7211028.370211786,328668.6227944228,684.6536254882812,HlangwineEP,2020-01-22,2020-01-22 10:39:54.564,10:39:54,47.00905999999998,29.93167233333334
2853,290396.032,Flight3_cam1-000-000393-0,7211018.467646856,328675.4797946755,685.049072265625,HlangwineEP,2020-01-22,2020-01-22 10:39:56.032,10:39:56,47.00661333333332,29.932120888888893
2854,290398.034,Flight3_cam1-000-000394-0,7211005.2839218825,328684.34119736345,685.53564453125,HlangwineEP,2020-01-22,2020-01-22 10:39:58.034,10:39:58,47.00327666666669,29.932732611111106
2855,290400.036,Flight3_cam1-000-000395-0,7210992.176804917,328693.2147512934,686.1240234375,HlangwineEP,2020-01-22,2020-01-22 10:40:00.036,10:40:00,46.99993999999997,29.93334433333334
2856,290402.572,Flight3_cam1-000-000396-0,7210975.364450514,328704.5135554696,686.9130859375,HlangwineEP,2020-01-22,2020-01-22 10:40:02.572,10:40:02,46.995713333333356,29.93411922222222
2857,290404.04,Flight3_cam1-000-000397-0,7210965.373011718,328711.19022653415,687.3814086914062,HlangwineEP,2020-01-22,2020-01-22 10:40:04.040,10:40:04,46.9932666666667,29.934567777777772
2858,290406.042,Flight3_cam1-000-000398-0,7210952.250461815,328719.9722764156,687.9501953125,HlangwineEP,2020-01-22,2020-01-22 10:40:06.042,10:40:06,46.98992999999997,29.935179500000004
2859,290408.044,Flight3_cam1-000-000399-0,7210939.113781117,328728.8657560449,688.5640258789062,HlangwineEP,2020-01-22,2020-01-22 10:40:08.044,10:40:08,46.986593333333346,29.93579122222222
2860,290410.179,Flight3_cam1-000-000400-0,7210925.022709843,328738.43959502375,689.2802124023438,HlangwineEP,2020-01-22,2020-01-22 10:40:10.179,10:40:10,46.983034999999994,29.936443583333336
2861,290412.582,Flight3_cam1-000-000401-0,7210909.284948286,328749.02135269565,690.0497436523438,HlangwineEP,2020-01-22,2020-01-22 10:40:12.582,10:40:12,46.97903000000001,29.937177833333333
2862,290414.05,Flight3_cam1-000-000402-0,7210899.245463974,328755.71587891073,690.4774169921875,HlangwineEP,2020-01-22,2020-01-22 10:40:14.050,10:40:14,46.97658333333335,29.937626388888887
2863,290416.052,Flight3_cam1-000-000403-0,7210886.101253635,328764.5597487974,691.0475463867188,HlangwineEP,2020-01-22,2020-01-22 10:40:16.052,10:40:16,46.973246666666626,29.93823811111112
2864,290418.054,Flight3_cam1-000-000404-0,7210872.909667011,328773.4502249595,691.5374755859375,HlangwineEP,2020-01-22,2020-01-22 10:40:18.054,10:40:18,46.96990999999999,29.938849833333336
2865,290420.59,Flight3_cam1-000-000405-0,7210855.971975674,328784.61195118167,692.210205078125,HlangwineEP,2020-01-22,2020-01-22 10:40:20.590,10:40:20,46.96568333333329,29.93962472222223
2866,290422.058,Flight3_cam1-000-000406-0,7210845.986776074,328791.2329026152,692.5752563476562,HlangwineEP,2020-01-22,2020-01-22 10:40:22.058,10:40:22,46.96323666666663,29.940073277777785
2867,290424.06,Flight3_cam1-000-000407-0,7210832.8707628995,328800.07090368227,692.9398803710938,HlangwineEP,2020-01-22,2020-01-22 10:40:24.060,10:40:24,46.959900000000005,29.940685
2868,290425.928,Flight3_cam1-000-000408-0,7210820.824670589,328808.33500812284,693.311767578125,HlangwineEP,2020-01-22,2020-01-22 10:40:25.928,10:40:25,46.956786666666645,29.941255777777783
2869,290428.064,Flight3_cam1-000-000409-0,7210806.545583609,328817.873201774,693.7471923828125,HlangwineEP,2020-01-22,2020-01-22 10:40:28.064,10:40:28,46.953226666666644,29.941908444444447
2870,290430.599,Flight3_cam1-000-000410-0,7210789.679853792,328829.2089545437,694.1024169921875,HlangwineEP,2020-01-22,2020-01-22 10:40:30.599,10:40:30,46.94900166666669,29.942683027777775
2871,290431.934,Flight3_cam1-000-000411-0,7210780.72683296,328835.28722499823,694.2785034179688,HlangwineEP,2020-01-22,2020-01-22 10:40:31.934,10:40:31,46.94677666666665,29.943090944444446
2872,290433.936,Flight3_cam1-000-000412-0,7210767.617743412,328844.0920482646,694.5689697265625,HlangwineEP,2020-01-22,2020-01-22 10:40:33.936,10:40:33,46.943440000000024,29.943702666666663
2873,290435.938,Flight3_cam1-000-000413-0,7210753.948668789,328853.3339725438,694.9092407226562,HlangwineEP,2020-01-22,2020-01-22 10:40:35.938,10:40:35,46.94010333333329,29.944314388888895
2874,290438.607,Flight3_cam1-000-000414-0,7210736.60233159,328864.9149307388,695.206298828125,HlangwineEP,2020-01-22,2020-01-22 10:40:38.607,10:40:38,46.93565499999997,29.945129916666673
2875,290439.942,Flight3_cam1-000-000415-0,7210727.657955886,328870.8707045972,695.3529052734375,HlangwineEP,2020-01-22,2020-01-22 10:40:39.942,10:40:39,46.93343000000003,29.94553783333333
2876,290441.944,Flight3_cam1-000-000416-0,7210714.572694695,328879.6904552488,695.6641845703125,HlangwineEP,2020-01-22,2020-01-22 10:40:41.944,10:40:41,46.9300933333333,29.94614955555556
2877,290443.946,Flight3_cam1-000-000417-0,7210701.375461401,328888.52923001803,695.9484252929688,HlangwineEP,2020-01-22,2020-01-22 10:40:43.946,10:40:43,46.92675666666667,29.946761277777778
2878,290446.082,Flight3_cam1-000-000418-0,7210688.949260345,328896.53162263497,696.022705078125,HlangwineEP,2020-01-22,2020-01-22 10:40:46.082,10:40:46,46.923196666666676,29.947413944444442
2879,290448.617,Flight3_cam1-000-000419-0,7210668.047270638,328909.3967141482,695.6361694335938,HlangwineEP,2020-01-22,2020-01-22 10:40:48.617,10:40:48,46.91897166666662,29.948188527777788
2880,290449.952,Flight3_cam1-000-000420-0,7210660.527178979,328914.2460815932,694.5515747070312,HlangwineEP,2020-01-22,2020-01-22 10:40:49.952,10:40:49,46.91674666666668,29.94859644444444
2881,290451.954,Flight3_cam1-000-000421-0,7210655.841859834,328917.49481097783,692.605224609375,HlangwineEP,2020-01-22,2020-01-22 10:40:51.954,10:40:51,46.913409999999956,29.949208166666676
2882,290453.956,Flight3_cam1-000-000422-0,7210653.261808798,328925.54776044394,690.552978515625,HlangwineEP,2020-01-22,2020-01-22 10:40:53.956,10:40:53,46.91007333333332,29.94981988888889
2883,290456.625,Flight3_cam1-000-000423-0,7210652.39041844,328940.0998701815,687.1541748046875,HlangwineEP,2020-01-22,2020-01-22 10:40:56.625,10:40:56,46.905625,29.950635416666668
2884,290457.96,Flight3_cam1-000-000424-0,7210651.847469728,328948.09122570115,685.1448974609375,HlangwineEP,2020-01-22,2020-01-22 10:40:57.960,10:40:57,46.90339999999996,29.951043333333338
2885,290459.962,Flight3_cam1-000-000425-0,7210650.9796387935,328960.07899674657,681.9745483398438,HlangwineEP,2020-01-22,2020-01-22 10:40:59.962,10:40:59,46.900063333333335,29.951655055555555
2886,290461.964,Flight3_cam1-000-000426-0,7210649.548683021,328972.97775776964,678.4234008789062,HlangwineEP,2020-01-22,2020-01-22 10:41:01.964,10:41:01,46.8967266666667,29.952266777777773
2887,290464.633,Flight3_cam1-000-000427-0,7210646.60921802,328989.76074917376,673.7129516601562,HlangwineEP,2020-01-22,2020-01-22 10:41:04.633,10:41:04,46.89227833333338,29.953082305555547
2888,290465.968,Flight3_cam1-000-000428-0,7210644.562465591,328998.6958393754,671.3192749023438,HlangwineEP,2020-01-22,2020-01-22 10:41:05.968,10:41:05,46.89005333333334,29.95349022222222
2889,290467.97,Flight3_cam1-000-000429-0,7210641.085228892,329013.0713742441,667.5332641601562,HlangwineEP,2020-01-22,2020-01-22 10:41:07.970,10:41:07,46.886716666666715,29.954101944444435
2890,290469.972,Flight3_cam1-000-000430-0,7210637.588256506,329027.5305393019,663.359375,HlangwineEP,2020-01-22,2020-01-22 10:41:09.972,10:41:09,46.88337999999999,29.95471366666667
2891,290472.107,Flight3_cam1-000-000431-0,7210633.891895732,329041.8871068716,658.4420166015625,HlangwineEP,2020-01-22,2020-01-22 10:41:12.107,10:41:12,46.879821666666636,29.955366027777785
2892,290474.51,Flight3_cam1-000-000432-0,7210630.091678936,329057.1427710152,652.8681640625,HlangwineEP,2020-01-22,2020-01-22 10:41:14.510,10:41:14,46.87581666666665,29.956100277777782
2893,290475.978,Flight3_cam1-000-000433-0,7210627.898843927,329066.1048066185,649.7860717773438,HlangwineEP,2020-01-22,2020-01-22 10:41:15.978,10:41:15,46.873369999999994,29.956548833333333
2894,290477.98,Flight3_cam1-000-000434-0,7210624.742982056,329079.4929135456,644.841552734375,HlangwineEP,2020-01-22,2020-01-22 10:41:17.980,10:41:17,46.87003333333337,29.95716055555555
2895,290479.982,Flight3_cam1-000-000435-0,7210622.972276019,329094.4987559857,639.4330444335938,HlangwineEP,2020-01-22,2020-01-22 10:41:19.982,10:41:19,46.866696666666634,29.957772277777785
2896,290482.651,Flight3_cam1-000-000436-0,7210623.7150253225,329115.3956724748,631.8524169921875,HlangwineEP,2020-01-22,2020-01-22 10:41:22.651,10:41:22,46.86224833333331,29.95858780555556
2897,290483.986,Flight3_cam1-000-000437-0,7210624.510480991,329123.54972585104,627.8823852539062,HlangwineEP,2020-01-22,2020-01-22 10:41:23.986,10:41:23,46.86002333333337,29.958995722222216
2898,290485.988,Flight3_cam1-000-000438-0,7210625.417214572,329132.9029815419,622.547607421875,HlangwineEP,2020-01-22,2020-01-22 10:41:25.988,10:41:25,46.85668666666665,29.959607444444448
2899,290487.99,Flight3_cam1-000-000439-0,7210626.192459552,329142.7673569111,617.824951171875,HlangwineEP,2020-01-22,2020-01-22 10:41:27.990,10:41:27,46.85335000000001,29.960219166666665
2900,290490.659,Flight3_cam1-000-000440-0,7210627.003351795,329150.5939060332,612.1358032226562,HlangwineEP,2020-01-22,2020-01-22 10:41:30.659,10:41:30,46.84890166666669,29.96103469444444
2901,290491.994,Flight3_cam1-000-000441-0,7210627.547533998,329151.94126492087,609.3484497070312,HlangwineEP,2020-01-22,2020-01-22 10:41:31.994,10:41:31,46.84667666666665,29.961442611111114
2902,290801.901,Flight3_cam1-001-000000-0,7210642.940814551,329143.6349504174,612.861572265625,HlangwineEP,2020-01-22,2020-01-22 10:46:41.901,10:46:41,46.33016499999998,30.05613641666667
2903,290803.236,Flight3_cam1-001-000001-0,7210639.951382501,329139.8307102064,615.869384765625,HlangwineEP,2020-01-22,2020-01-22 10:46:43.236,10:46:43,46.32794000000004,30.056544333333328
2904,290805.238,Flight3_cam1-001-000002-0,7210636.595276341,329132.8098602393,620.4940185546875,HlangwineEP,2020-01-22,2020-01-22 10:46:45.238,10:46:45,46.324603333333314,30.05715605555556
2905,290807.24,Flight3_cam1-001-000003-0,7210635.313256862,329124.99710309913,625.5196533203125,HlangwineEP,2020-01-22,2020-01-22 10:46:47.240,10:46:47,46.32126666666668,30.057767777777777
2906,290809.909,Flight3_cam1-001-000004-0,7210636.944489963,329115.4093760975,633.0574951171875,HlangwineEP,2020-01-22,2020-01-22 10:46:49.909,10:46:49,46.31681833333336,30.05858330555555
2907,290811.244,Flight3_cam1-001-000005-0,7210638.37279213,329111.2802316963,636.9691162109375,HlangwineEP,2020-01-22,2020-01-22 10:46:51.244,10:46:51,46.31459333333332,30.058991222222225
2908,290813.246,Flight3_cam1-001-000006-0,7210640.246957621,329105.6278278631,642.8905639648438,HlangwineEP,2020-01-22,2020-01-22 10:46:53.246,10:46:53,46.311256666666694,30.05960294444444
2909,290815.248,Flight3_cam1-001-000007-0,7210641.798320284,329100.1577091558,649.5259399414062,HlangwineEP,2020-01-22,2020-01-22 10:46:55.248,10:46:55,46.30791999999997,30.060214666666674
2910,290817.383,Flight3_cam1-001-000008-0,7210643.6776332725,329093.4944565842,656.6203002929688,HlangwineEP,2020-01-22,2020-01-22 10:46:57.383,10:46:57,46.304361666666715,30.06086702777777
2911,290819.786,Flight3_cam1-001-000009-0,7210648.717959631,329083.50019363663,664.1830444335938,HlangwineEP,2020-01-22,2020-01-22 10:46:59.786,10:46:59,46.30035666666663,30.061601277777786
2912,290821.521,Flight3_cam1-001-000010-0,7210655.950552193,329074.07164549315,669.5433959960938,HlangwineEP,2020-01-22,2020-01-22 10:47:01.521,10:47:01,46.29746499999999,30.06213141666667
2913,290823.256,Flight3_cam1-001-000011-0,7210665.020458214,329063.83854945505,675.1371459960938,HlangwineEP,2020-01-22,2020-01-22 10:47:03.256,10:47:03,46.29457333333335,30.062661555555554
2914,290825.258,Flight3_cam1-001-000012-0,7210675.0109039545,329053.9283652031,681.3998413085938,HlangwineEP,2020-01-22,2020-01-22 10:47:05.258,10:47:05,46.29123666666671,30.06327327777777
2915,290827.927,Flight3_cam1-001-000013-0,7210685.300311886,329044.32906416693,689.8224487304688,HlangwineEP,2020-01-22,2020-01-22 10:47:07.927,10:47:07,46.28678833333329,30.064088805555564
2916,290829.262,Flight3_cam1-001-000014-0,7210690.124008616,329038.54553999344,693.333984375,HlangwineEP,2020-01-22,2020-01-22 10:47:09.262,10:47:09,46.28456333333335,30.06449672222222
2917,290831.264,Flight3_cam1-001-000015-0,7210695.956022574,329028.2273571147,698.6229248046875,HlangwineEP,2020-01-22,2020-01-22 10:47:11.264,10:47:11,46.281226666666626,30.06510844444445
2918,290833.266,Flight3_cam1-001-000016-0,7210699.726091804,329015.94985026034,704.0963134765625,HlangwineEP,2020-01-22,2020-01-22 10:47:13.266,10:47:13,46.27788999999999,30.06572016666667
2919,290835.401,Flight3_cam1-001-000017-0,7210701.7053355,329000.1906354284,710.2005004882812,HlangwineEP,2020-01-22,2020-01-22 10:47:15.401,10:47:15,46.27433166666665,30.066372527777784
2920,290837.803,Flight3_cam1-001-000018-0,7210701.87345584,328983.01094889815,711.068115234375,HlangwineEP,2020-01-22,2020-01-22 10:47:17.803,10:47:17,46.27032833333331,30.06710647222223
2921,290839.272,Flight3_cam1-001-000019-0,7210701.839590762,328973.359500526,710.5963134765625,HlangwineEP,2020-01-22,2020-01-22 10:47:19.272,10:47:19,46.267880000000005,30.06755533333333
2922,290841.274,Flight3_cam1-001-000020-0,7210705.6958682705,328957.74171089934,710.4215087890625,HlangwineEP,2020-01-22,2020-01-22 10:47:21.274,10:47:21,46.26454333333337,30.06816705555555
2923,290843.409,Flight3_cam1-001-000021-0,7210712.685271136,328939.19284168864,710.428466796875,HlangwineEP,2020-01-22,2020-01-22 10:47:23.409,10:47:23,46.260985000000026,30.068819416666663
2924,290846.078,Flight3_cam1-001-000022-0,7210721.956070199,328917.6054620723,709.3854370117188,HlangwineEP,2020-01-22,2020-01-22 10:47:26.078,10:47:26,46.2565366666667,30.069634944444438
2925,290847.279,Flight3_cam1-001-000023-0,7210725.975922573,328908.40868126496,707.4815063476562,HlangwineEP,2020-01-22,2020-01-22 10:47:27.279,10:47:27,46.25453500000003,30.070001916666662
2926,290849.281,Flight3_cam1-001-000024-0,7210731.06321937,328896.1535161658,704.3068237304688,HlangwineEP,2020-01-22,2020-01-22 10:47:29.281,10:47:29,46.251198333333306,30.070613638888894
2927,290851.283,Flight3_cam1-001-000025-0,7210732.839122726,328887.18627600116,701.0664672851562,HlangwineEP,2020-01-22,2020-01-22 10:47:31.283,10:47:31,46.24786166666667,30.07122536111111
2928,290853.285,Flight3_cam1-001-000026-0,7210731.536777037,328880.18398805056,699.4022827148438,HlangwineEP,2020-01-22,2020-01-22 10:47:33.285,10:47:33,46.24452500000004,30.071837083333325
2929,290855.821,Flight3_cam1-001-000027-0,7210727.140727244,328874.0274992008,697.87890625,HlangwineEP,2020-01-22,2020-01-22 10:47:35.821,10:47:35,46.24029833333334,30.072611972222223
2930,290858.891,Flight3_cam1-001-000028-0,7210719.529002218,328876.05233348644,697.833740234375,HlangwineEP,2020-01-22,2020-01-22 10:47:38.891,10:47:38,46.23518166666666,30.073550027777777
2931,290859.291,Flight3_cam1-001-000029-0,7210718.626874814,328876.6808526574,697.8181762695312,HlangwineEP,2020-01-22,2020-01-22 10:47:39.291,10:47:39,46.23451499999996,30.07367225000001
2932,290861.293,Flight3_cam1-001-000030-0,7210716.51050438,328878.3562230803,698.26513671875,HlangwineEP,2020-01-22,2020-01-22 10:47:41.293,10:47:41,46.231178333333325,30.074283972222226
2933,290864.23,Flight3_cam1-001-000031-0,7210713.150462863,328881.43156369106,698.5770874023438,HlangwineEP,2020-01-22,2020-01-22 10:47:44.230,10:47:44,46.22628333333336,30.075181388888883
2934,290865.297,Flight3_cam1-001-000032-0,7210708.245663786,328884.90384334954,698.6173706054688,HlangwineEP,2020-01-22,2020-01-22 10:47:45.297,10:47:45,46.224504999999965,30.075507416666674
2935,290867.299,Flight3_cam1-001-000033-0,7210694.665933891,328894.0165409569,698.8358154296875,HlangwineEP,2020-01-22,2020-01-22 10:47:47.299,10:47:47,46.22116833333334,30.076119138888888
2936,290869.301,Flight3_cam1-001-000034-0,7210681.85961638,328902.12579532614,698.8294677734375,HlangwineEP,2020-01-22,2020-01-22 10:47:49.301,10:47:49,46.217831666666704,30.076730861111105
2937,290871.303,Flight3_cam1-001-000035-0,7210677.898386082,328904.54641099006,698.64501953125,HlangwineEP,2020-01-22,2020-01-22 10:47:51.303,10:47:51,46.21449499999998,30.077342583333337
2938,290873.839,Flight3_cam1-001-000036-0,7210675.800411282,328906.3670235987,698.6839599609375,HlangwineEP,2020-01-22,2020-01-22 10:47:53.839,10:47:53,46.21026833333337,30.078117472222218
2939,290875.307,Flight3_cam1-001-000037-0,7210670.163382182,328910.4252668696,698.9659423828125,HlangwineEP,2020-01-22,2020-01-22 10:47:55.307,10:47:55,46.20782166666672,30.078566027777768
2940,290877.176,Flight3_cam1-001-000038-0,7210658.835049347,328918.1023052378,699.4873046875,HlangwineEP,2020-01-22,2020-01-22 10:47:57.176,10:47:57,46.2047066666667,30.079137111111105
2941,290879.178,Flight3_cam1-001-000039-0,7210644.216453975,328927.68488324824,700.02294921875,HlangwineEP,2020-01-22,2020-01-22 10:47:59.178,10:47:59,46.201369999999976,30.079748833333337
2942,290881.313,Flight3_cam1-001-000040-0,7210630.431869546,328936.7815226591,700.474609375,HlangwineEP,2020-01-22,2020-01-22 10:48:01.313,10:48:01,46.197811666666624,30.080401194444452
2943,290883.849,Flight3_cam1-001-000041-0,7210613.888308903,328947.8759945629,700.8964233398438,HlangwineEP,2020-01-22,2020-01-22 10:48:03.849,10:48:03,46.19358500000002,30.08117608333333
2944,290885.184,Flight3_cam1-001-000042-0,7210605.085104944,328953.7671111913,701.1348876953125,HlangwineEP,2020-01-22,2020-01-22 10:48:05.184,10:48:05,46.19135999999999,30.081584000000003
2945,290887.186,Flight3_cam1-001-000043-0,7210592.052824957,328962.65062174556,701.4859619140625,HlangwineEP,2020-01-22,2020-01-22 10:48:07.186,10:48:07,46.188023333333355,30.08219572222222
2946,290889.188,Flight3_cam1-001-000044-0,7210578.534985177,328971.99663367873,701.7861938476562,HlangwineEP,2020-01-22,2020-01-22 10:48:09.188,10:48:09,46.18468666666663,30.08280744444445
2947,290891.857,Flight3_cam1-001-000045-0,7210561.3785785325,328983.61395946454,702.2809448242188,HlangwineEP,2020-01-22,2020-01-22 10:48:11.857,10:48:11,46.1802383333333,30.08362297222223
2948,290893.192,Flight3_cam1-001-000046-0,7210552.511452792,328989.6930617717,702.5440673828125,HlangwineEP,2020-01-22,2020-01-22 10:48:13.192,10:48:13,46.17801333333337,30.084030888888883
2949,290895.194,Flight3_cam1-001-000047-0,7210539.358438953,328998.4587500312,702.8673706054688,HlangwineEP,2020-01-22,2020-01-22 10:48:15.194,10:48:15,46.174676666666635,30.084642611111118
2950,290897.196,Flight3_cam1-001-000048-0,7210525.599551806,329007.5753677151,703.3209838867188,HlangwineEP,2020-01-22,2020-01-22 10:48:17.196,10:48:17,46.17134000000001,30.08525433333333
2951,290899.865,Flight3_cam1-001-000049-0,7210508.077790769,329019.20843747084,703.90283203125,HlangwineEP,2020-01-22,2020-01-22 10:48:19.865,10:48:19,46.16689166666668,30.08606986111111
2952,290901.2,Flight3_cam1-001-000050-0,7210499.136590106,329025.1730330343,704.2393188476562,HlangwineEP,2020-01-22,2020-01-22 10:48:21.200,10:48:21,46.16466666666665,30.08647777777778
2953,290903.202,Flight3_cam1-001-000051-0,7210486.028956604,329034.0653982931,704.6771240234375,HlangwineEP,2020-01-22,2020-01-22 10:48:23.202,10:48:23,46.161330000000014,30.087089499999998
2954,290905.204,Flight3_cam1-001-000052-0,7210472.895710359,329042.94528020365,705.0953979492188,HlangwineEP,2020-01-22,2020-01-22 10:48:25.204,10:48:25,46.15799333333329,30.08770122222223
2955,290907.339,Flight3_cam1-001-000053-0,7210458.672638223,329052.4788375072,705.619384765625,HlangwineEP,2020-01-22,2020-01-22 10:48:27.339,10:48:27,46.154435000000035,30.088353583333326
2956,290909.741,Flight3_cam1-001-000054-0,7210442.3770505795,329063.3896520162,706.2935180664062,HlangwineEP,2020-01-22,2020-01-22 10:48:29.741,10:48:29,46.1504316666667,30.08908752777777
2957,290911.21,Flight3_cam1-001-000055-0,7210432.925896963,329069.7873240298,706.6531982421875,HlangwineEP,2020-01-22,2020-01-22 10:48:31.210,10:48:31,46.1479833333333,30.089536388888895
2958,290913.212,Flight3_cam1-001-000056-0,7210419.76279446,329078.63941689243,707.2034301757812,HlangwineEP,2020-01-22,2020-01-22 10:48:33.212,10:48:33,46.14464666666667,30.090148111111112
2959,290915.214,Flight3_cam1-001-000057-0,7210406.1577614825,329087.80498290865,707.6775512695312,HlangwineEP,2020-01-22,2020-01-22 10:48:35.214,10:48:35,46.14131000000003,30.090759833333326
2960,290917.883,Flight3_cam1-001-000058-0,7210388.690668514,329099.63507629547,708.3528442382812,HlangwineEP,2020-01-22,2020-01-22 10:48:37.883,10:48:37,46.13686166666671,30.091575361111104
2961,290919.218,Flight3_cam1-001-000059-0,7210379.677213011,329105.60398199735,708.7101440429688,HlangwineEP,2020-01-22,2020-01-22 10:48:39.218,10:48:39,46.13463666666668,30.091983277777775
2962,290921.22,Flight3_cam1-001-000060-0,7210366.530076355,329114.5246444432,709.1692504882812,HlangwineEP,2020-01-22,2020-01-22 10:48:41.220,10:48:41,46.131300000000046,30.092594999999992
2963,290923.222,Flight3_cam1-001-000061-0,7210353.443179099,329123.46895952086,709.6334838867188,HlangwineEP,2020-01-22,2020-01-22 10:48:43.222,10:48:43,46.12796333333332,30.093206722222224
2964,290925.357,Flight3_cam1-001-000062-0,7210339.230893182,329132.97189293464,710.2523803710938,HlangwineEP,2020-01-22,2020-01-22 10:48:45.357,10:48:45,46.12440499999997,30.09385908333334
2965,290927.893,Flight3_cam1-001-000063-0,7210322.462773612,329144.30041683826,710.9697265625,HlangwineEP,2020-01-22,2020-01-22 10:48:47.893,10:48:47,46.120178333333364,30.094633972222216
2966,290929.227,Flight3_cam1-001-000064-0,7210313.546517202,329150.2990805529,711.4288330078125,HlangwineEP,2020-01-22,2020-01-22 10:48:49.227,10:48:49,46.11795499999998,30.095041583333337
2967,290931.229,Flight3_cam1-001-000065-0,7210300.359907879,329159.0447900767,712.0263671875,HlangwineEP,2020-01-22,2020-01-22 10:48:51.229,10:48:51,46.11461833333335,30.095653305555555
2968,290933.231,Flight3_cam1-001-000066-0,7210287.091405737,329168.0034413267,712.6226196289062,HlangwineEP,2020-01-22,2020-01-22 10:48:53.231,10:48:53,46.11128166666662,30.096265027777786
2969,290935.901,Flight3_cam1-001-000067-0,7210268.9839278795,329180.2215725477,713.5800170898438,HlangwineEP,2020-01-22,2020-01-22 10:48:55.901,10:48:55,46.10683166666664,30.097080861111117
2970,290937.235,Flight3_cam1-001-000068-0,7210260.505647332,329185.9396630122,714.0014038085938,HlangwineEP,2020-01-22,2020-01-22 10:48:57.235,10:48:57,46.10460833333336,30.097488472222217
2971,290939.237,Flight3_cam1-001-000069-0,7210247.529390428,329195.1600220032,714.65478515625,HlangwineEP,2020-01-22,2020-01-22 10:48:59.237,10:48:59,46.10127166666663,30.098100194444452
2972,290941.239,Flight3_cam1-001-000070-0,7210237.495522352,329207.3034727117,715.2095336914062,HlangwineEP,2020-01-22,2020-01-22 10:49:01.239,10:49:01,46.097935,30.098711916666666
2973,290943.909,Flight3_cam1-001-000071-0,7210235.366654374,329228.14681627875,715.4688110351562,HlangwineEP,2020-01-22,2020-01-22 10:49:03.909,10:49:03,46.09348500000002,30.099527749999996
2974,290945.243,Flight3_cam1-001-000072-0,7210239.102726543,329238.70448776986,715.4202880859375,HlangwineEP,2020-01-22,2020-01-22 10:49:05.243,10:49:05,46.09126166666664,30.09993536111112
2975,290947.245,Flight3_cam1-001-000073-0,7210246.902110064,329252.3190178198,715.2740478515625,HlangwineEP,2020-01-22,2020-01-22 10:49:07.245,10:49:07,46.087925000000006,30.100547083333332
2976,290949.247,Flight3_cam1-001-000074-0,7210253.623348016,329264.58881891036,715.1131591796875,HlangwineEP,2020-01-22,2020-01-22 10:49:09.247,10:49:09,46.08458833333338,30.10115880555555
2977,290951.383,Flight3_cam1-001-000075-0,7210262.7123728655,329277.2294105566,714.9833984375,HlangwineEP,2020-01-22,2020-01-22 10:49:11.383,10:49:11,46.08102833333338,30.101811472222213
2978,290953.785,Flight3_cam1-001-000076-0,7210279.493639694,329283.8205896303,714.4306640625,HlangwineEP,2020-01-22,2020-01-22 10:49:13.785,10:49:13,46.07702500000004,30.102545416666658
2979,290955.253,Flight3_cam1-001-000077-0,7210290.231121419,329280.7795387773,713.7725830078125,HlangwineEP,2020-01-22,2020-01-22 10:49:15.253,10:49:15,46.07457833333329,30.10299397222223
2980,290957.255,Flight3_cam1-001-000078-0,7210303.503367003,329271.7225266432,713.3153686523438,HlangwineEP,2020-01-22,2020-01-22 10:49:17.255,10:49:17,46.07124166666666,30.103605694444447
2981,290959.257,Flight3_cam1-001-000079-0,7210315.135618739,329263.1760990463,713.061279296875,HlangwineEP,2020-01-22,2020-01-22 10:49:19.257,10:49:19,46.067905000000025,30.10421741666666
2982,290961.793,Flight3_cam1-001-000080-0,7210330.010590134,329253.45530075394,712.6923828125,HlangwineEP,2020-01-22,2020-01-22 10:49:21.793,10:49:21,46.06367833333333,30.10499230555556
2983,290963.261,Flight3_cam1-001-000081-0,7210339.913029915,329246.96527034836,712.4086303710938,HlangwineEP,2020-01-22,2020-01-22 10:49:23.261,10:49:23,46.06123166666667,30.105440861111113
2984,290965.263,Flight3_cam1-001-000082-0,7210352.919046368,329238.2336696943,712.0797119140625,HlangwineEP,2020-01-22,2020-01-22 10:49:25.263,10:49:25,46.05789500000004,30.106052583333327
2985,290967.265,Flight3_cam1-001-000083-0,7210366.033381387,329229.52626832935,711.8302001953125,HlangwineEP,2020-01-22,2020-01-22 10:49:27.265,10:49:27,46.05455833333331,30.10666430555556
2986,290969.801,Flight3_cam1-001-000084-0,7210382.907239751,329218.1516310029,711.4432373046875,HlangwineEP,2020-01-22,2020-01-22 10:49:29.801,10:49:29,46.05033166666671,30.10743919444444
2987,290971.269,Flight3_cam1-001-000085-0,7210392.411150934,329211.78830891894,711.134765625,HlangwineEP,2020-01-22,2020-01-22 10:49:31.269,10:49:31,46.04788500000005,30.107887749999993
2988,290973.271,Flight3_cam1-001-000086-0,7210405.6088355575,329202.88750856736,710.642822265625,HlangwineEP,2020-01-22,2020-01-22 10:49:33.271,10:49:33,46.04454833333332,30.108499472222224
2989,290975.273,Flight3_cam1-001-000087-0,7210418.889273263,329193.97475671116,710.128662109375,HlangwineEP,2020-01-22,2020-01-22 10:49:35.273,10:49:35,46.04121166666669,30.10911119444444
2990,290977.275,Flight3_cam1-001-000088-0,7210432.193391138,329185.0411531298,709.6343383789062,HlangwineEP,2020-01-22,2020-01-22 10:49:37.275,10:49:37,46.03787499999996,30.109722916666673
2991,290979.811,Flight3_cam1-001-000089-0,7210449.1085797455,329173.5600071413,709.0958862304688,HlangwineEP,2020-01-22,2020-01-22 10:49:39.811,10:49:39,46.03364833333335,30.110497805555553
2992,290981.279,Flight3_cam1-001-000090-0,7210458.6307955235,329167.15757923154,708.773193359375,HlangwineEP,2020-01-22,2020-01-22 10:49:41.279,10:49:41,46.031201666666696,30.110946361111104
2993,290983.281,Flight3_cam1-001-000091-0,7210471.902871033,329158.2592457944,708.3274536132812,HlangwineEP,2020-01-22,2020-01-22 10:49:43.281,10:49:43,46.02786499999997,30.11155808333334
2994,290985.283,Flight3_cam1-001-000092-0,7210485.2021360975,329149.29678176553,707.8934326171875,HlangwineEP,2020-01-22,2020-01-22 10:49:45.283,10:49:45,46.024528333333336,30.112169805555556
2995,290987.819,Flight3_cam1-001-000093-0,7210502.146130478,329137.9408863741,707.391357421875,HlangwineEP,2020-01-22,2020-01-22 10:49:47.819,10:49:47,46.02030166666664,30.11294469444445
2996,290989.287,Flight3_cam1-001-000094-0,7210511.60304093,329131.5881862015,707.146484375,HlangwineEP,2020-01-22,2020-01-22 10:49:49.287,10:49:49,46.01785499999998,30.113393250000005
2997,290991.289,Flight3_cam1-001-000095-0,7210525.191457729,329122.4420864265,706.7911376953125,HlangwineEP,2020-01-22,2020-01-22 10:49:51.289,10:49:51,46.01451833333335,30.11400497222222
2998,290993.291,Flight3_cam1-001-000096-0,7210538.281112825,329113.5577178007,706.3494873046875,HlangwineEP,2020-01-22,2020-01-22 10:49:53.291,10:49:53,46.01118166666662,30.114616694444454
2999,290995.426,Flight3_cam1-001-000097-0,7210552.509140701,329103.9401548207,705.8469848632812,HlangwineEP,2020-01-22,2020-01-22 10:49:55.426,10:49:55,46.00762333333337,30.11526905555555
3000,290997.829,Flight3_cam1-001-000098-0,7210568.241612799,329093.41076607176,705.3939819335938,HlangwineEP,2020-01-22,2020-01-22 10:49:57.829,10:49:57,46.003618333333286,30.116003305555566
3001,290999.297,Flight3_cam1-001-000099-0,7210578.224528775,329086.74302382057,705.1314697265625,HlangwineEP,2020-01-22,2020-01-22 10:49:59.297,10:49:59,46.001171666666636,30.116451861111116
3002,291001.299,Flight3_cam1-001-000100-0,7210591.39829259,329077.8666800045,704.7181396484375,HlangwineEP,2020-01-22,2020-01-22 10:50:01.299,10:50:01,45.997835,30.117063583333334
3003,291003.301,Flight3_cam1-001-000101-0,7210604.602981928,329069.02283888776,704.2728881835938,HlangwineEP,2020-01-22,2020-01-22 10:50:03.301,10:50:03,45.99449833333337,30.11767530555555
3004,291005.837,Flight3_cam1-001-000102-0,7210621.398437462,329057.6900874409,703.7476196289062,HlangwineEP,2020-01-22,2020-01-22 10:50:05.837,10:50:05,45.990271666666665,30.118450194444446
3005,291007.305,Flight3_cam1-001-000103-0,7210630.861340616,329051.36776799394,703.44189453125,HlangwineEP,2020-01-22,2020-01-22 10:50:07.305,10:50:07,45.987825000000015,30.11889875
3006,291009.307,Flight3_cam1-001-000104-0,7210644.664218871,329042.1226509798,703.0328979492188,HlangwineEP,2020-01-22,2020-01-22 10:50:09.307,10:50:09,45.98448833333338,30.119510472222213
3007,291011.309,Flight3_cam1-001-000105-0,7210657.927134173,329033.20458614035,702.3359985351562,HlangwineEP,2020-01-22,2020-01-22 10:50:11.309,10:50:11,45.981151666666655,30.12012219444445
3008,291013.845,Flight3_cam1-001-000106-0,7210674.633064084,329021.7888705705,701.7247924804688,HlangwineEP,2020-01-22,2020-01-22 10:50:13.845,10:50:13,45.976925000000044,30.120897083333325
3009,291015.313,Flight3_cam1-001-000107-0,7210684.116323456,329015.49499929626,701.3798828125,HlangwineEP,2020-01-22,2020-01-22 10:50:15.313,10:50:15,45.974478333333295,30.121345638888897
3010,291017.315,Flight3_cam1-001-000108-0,7210697.769115965,329006.33583395474,700.7198486328125,HlangwineEP,2020-01-22,2020-01-22 10:50:17.315,10:50:17,45.97114166666666,30.12195736111111
3011,291019.183,Flight3_cam1-001-000109-0,7210709.857615696,328998.3280951035,700.2258911132812,HlangwineEP,2020-01-22,2020-01-22 10:50:19.183,10:50:19,45.9680283333333,30.122528138888896
3012,291021.319,Flight3_cam1-001-000110-0,7210724.102910671,328988.7854944855,699.6246337890625,HlangwineEP,2020-01-22,2020-01-22 10:50:21.319,10:50:21,45.9644683333333,30.123180805555563
3013,291023.855,Flight3_cam1-001-000111-0,7210740.919377929,328977.410904217,699.1563720703125,HlangwineEP,2020-01-22,2020-01-22 10:50:23.855,10:50:23,45.9602416666667,30.12395569444444
3014,291025.189,Flight3_cam1-001-000112-0,7210749.787500225,328971.36239638214,698.8272094726562,HlangwineEP,2020-01-22,2020-01-22 10:50:25.189,10:50:25,45.958018333333314,30.12436330555556
3015,291027.191,Flight3_cam1-001-000113-0,7210762.919766497,328962.4260449724,698.2977294921875,HlangwineEP,2020-01-22,2020-01-22 10:50:27.191,10:50:27,45.95468166666668,30.124975027777776
3016,291029.193,Flight3_cam1-001-000114-0,7210776.0438541975,328953.60278272803,697.8123168945312,HlangwineEP,2020-01-22,2020-01-22 10:50:29.193,10:50:29,45.951344999999954,30.12558675000001
3017,291031.863,Flight3_cam1-001-000115-0,7210793.946511322,328941.47366168187,697.0535278320312,HlangwineEP,2020-01-22,2020-01-22 10:50:31.863,10:50:31,45.94689499999998,30.126402583333338
3018,291033.197,Flight3_cam1-001-000116-0,7210802.826815772,328935.4792859135,696.7072143554688,HlangwineEP,2020-01-22,2020-01-22 10:50:33.197,10:50:33,45.94467166666669,30.12681019444444
3019,291035.199,Flight3_cam1-001-000117-0,7210815.937860424,328926.5676493848,696.181640625,HlangwineEP,2020-01-22,2020-01-22 10:50:35.199,10:50:35,45.94133499999996,30.127421916666673
3020,291037.201,Flight3_cam1-001-000118-0,7210829.148979058,328917.78515557264,695.6829223632812,HlangwineEP,2020-01-22,2020-01-22 10:50:37.201,10:50:37,45.93799833333333,30.12803363888889
3021,291039.871,Flight3_cam1-001-000119-0,7210847.047883674,328905.59565460635,694.9570922851562,HlangwineEP,2020-01-22,2020-01-22 10:50:39.871,10:50:39,45.933548333333356,30.128849472222218
3022,291041.205,Flight3_cam1-001-000120-0,7210855.993137456,328899.5955049972,694.5724487304688,HlangwineEP,2020-01-22,2020-01-22 10:50:41.205,10:50:41,45.93132499999997,30.12925708333334
3023,291043.207,Flight3_cam1-001-000121-0,7210869.116908473,328890.76542556944,693.9130249023438,HlangwineEP,2020-01-22,2020-01-22 10:50:43.207,10:50:43,45.92798833333334,30.129868805555553
3024,291045.209,Flight3_cam1-001-000122-0,7210882.39082575,328882.01330082945,693.2122192382812,HlangwineEP,2020-01-22,2020-01-22 10:50:45.209,10:50:45,45.92465166666671,30.13048052777777
3025,291047.345,Flight3_cam1-001-000123-0,7210896.502095014,328872.3107053027,692.5550537109375,HlangwineEP,2020-01-22,2020-01-22 10:50:47.345,10:50:47,45.92109166666671,30.131133194444438
3026,291049.747,Flight3_cam1-001-000124-0,7210912.262069679,328861.7147174341,691.9659423828125,HlangwineEP,2020-01-22,2020-01-22 10:50:49.747,10:50:49,45.917088333333375,30.131867138888882
3027,291051.215,Flight3_cam1-001-000125-0,7210922.185386405,328854.98471334786,691.6342163085938,HlangwineEP,2020-01-22,2020-01-22 10:50:51.215,10:50:51,45.914641666666625,30.132315694444454
3028,291053.217,Flight3_cam1-001-000126-0,7210935.243349804,328846.1279619393,691.0069580078125,HlangwineEP,2020-01-22,2020-01-22 10:50:53.217,10:50:53,45.91130499999999,30.132927416666668
3029,291055.219,Flight3_cam1-001-000127-0,7210948.42969583,328837.43777457887,690.5018920898438,HlangwineEP,2020-01-22,2020-01-22 10:50:55.219,10:50:55,45.907968333333365,30.133539138888885
3030,291057.888,Flight3_cam1-001-000128-0,7210966.448352987,328825.3014964829,689.7764282226562,HlangwineEP,2020-01-22,2020-01-22 10:50:57.888,10:50:57,45.903520000000036,30.13435466666666
3031,291059.223,Flight3_cam1-001-000129-0,7210975.385473551,328819.29752817145,689.48486328125,HlangwineEP,2020-01-22,2020-01-22 10:50:59.223,10:50:59,45.901295000000005,30.134762583333334
3032,291061.225,Flight3_cam1-001-000130-0,7210988.594927127,328810.43016768084,688.9775390625,HlangwineEP,2020-01-22,2020-01-22 10:51:01.225,10:51:01,45.89795833333337,30.135374305555548
3033,291063.227,Flight3_cam1-001-000131-0,7211001.815030389,328801.54733338003,688.3831787109375,HlangwineEP,2020-01-22,2020-01-22 10:51:03.227,10:51:03,45.894621666666644,30.135986027777783
3034,291065.363,Flight3_cam1-001-000132-0,7211016.002452668,328792.0561777682,687.6649169921875,HlangwineEP,2020-01-22,2020-01-22 10:51:05.363,10:51:05,45.891061666666644,30.13663869444445
3035,291067.765,Flight3_cam1-001-000133-0,7211032.114891302,328781.41321197466,686.8189697265625,HlangwineEP,2020-01-22,2020-01-22 10:51:07.765,10:51:07,45.88705833333331,30.137372638888895
3036,291069.233,Flight3_cam1-001-000134-0,7211041.9499775,328774.6327393829,686.2542114257812,HlangwineEP,2020-01-22,2020-01-22 10:51:09.233,10:51:09,45.88461166666666,30.13782119444445
3037,291071.235,Flight3_cam1-001-000135-0,7211055.04281604,328765.8382453373,685.5899658203125,HlangwineEP,2020-01-22,2020-01-22 10:51:11.235,10:51:11,45.881275000000024,30.138432916666662
3038,291073.237,Flight3_cam1-001-000136-0,7211068.068013989,328756.98813909036,685.3165283203125,HlangwineEP,2020-01-22,2020-01-22 10:51:13.237,10:51:13,45.8779383333333,30.139044638888898
3039,291075.906,Flight3_cam1-001-000137-0,7211085.929072744,328744.93065277394,684.9102172851562,HlangwineEP,2020-01-22,2020-01-22 10:51:15.906,10:51:15,45.87348999999997,30.139860166666672
3040,291077.241,Flight3_cam1-001-000138-0,7211094.889638966,328738.99270855164,684.6317749023438,HlangwineEP,2020-01-22,2020-01-22 10:51:17.241,10:51:17,45.87126500000004,30.14026808333333
3041,291079.243,Flight3_cam1-001-000139-0,7211107.956114616,328730.1185694927,684.0926513671875,HlangwineEP,2020-01-22,2020-01-22 10:51:19.243,10:51:19,45.8679283333333,30.14087980555556
3042,291081.245,Flight3_cam1-001-000140-0,7211121.122335696,328721.2420370927,683.3541259765625,HlangwineEP,2020-01-22,2020-01-22 10:51:21.245,10:51:21,45.864591666666676,30.141491527777777
3043,291083.914,Flight3_cam1-001-000141-0,7211138.997440804,328709.2611272957,683.0717163085938,HlangwineEP,2020-01-22,2020-01-22 10:51:23.914,10:51:23,45.86014333333335,30.142307055555552
3044,291085.249,Flight3_cam1-001-000142-0,7211147.9505212605,328703.252161123,683.081298828125,HlangwineEP,2020-01-22,2020-01-22 10:51:25.249,10:51:25,45.857918333333316,30.142714972222226
3045,291087.251,Flight3_cam1-001-000143-0,7211161.074958981,328694.2969077785,683.1930541992188,HlangwineEP,2020-01-22,2020-01-22 10:51:27.251,10:51:27,45.85458166666668,30.14332669444444
3046,291089.253,Flight3_cam1-001-000144-0,7211174.216845857,328685.36006939074,683.2471923828125,HlangwineEP,2020-01-22,2020-01-22 10:51:29.253,10:51:29,45.851244999999956,30.143938416666675
3047,291091.388,Flight3_cam1-001-000145-0,7211188.430830018,328675.8827690409,683.513671875,HlangwineEP,2020-01-22,2020-01-22 10:51:31.388,10:51:31,45.847686666666704,30.144590777777772
3048,291093.791,Flight3_cam1-001-000146-0,7211204.268950762,328665.2987569291,683.88232421875,HlangwineEP,2020-01-22,2020-01-22 10:51:33.791,10:51:33,45.843681666666626,30.145325027777787
3049,291095.259,Flight3_cam1-001-000147-0,7211214.220856208,328658.62825253967,684.1251831054688,HlangwineEP,2020-01-22,2020-01-22 10:51:35.259,10:51:35,45.84123499999997,30.14577358333334
3050,291097.261,Flight3_cam1-001-000148-0,7211227.603258394,328649.9363474604,684.4998168945312,HlangwineEP,2020-01-22,2020-01-22 10:51:37.261,10:51:37,45.837898333333335,30.146385305555555
3051,291099.263,Flight3_cam1-001-000149-0,7211242.662898464,328645.8270078134,685.0431518554688,HlangwineEP,2020-01-22,2020-01-22 10:51:39.263,10:51:39,45.8345616666667,30.146997027777772
3052,291101.932,Flight3_cam1-001-000150-0,7211260.005787939,328655.7086101942,685.9982299804688,HlangwineEP,2020-01-22,2020-01-22 10:51:41.932,10:51:41,45.83011333333338,30.147812555555547
3053,291103.267,Flight3_cam1-001-000151-0,7211265.30755013,328665.365556265,686.4139404296875,HlangwineEP,2020-01-22,2020-01-22 10:51:43.267,10:51:43,45.82788833333335,30.14822047222222
3054,291105.269,Flight3_cam1-001-000152-0,7211271.379002146,328680.2532225653,686.9917602539062,HlangwineEP,2020-01-22,2020-01-22 10:51:45.269,10:51:45,45.824551666666714,30.148832194444434
3055,291107.271,Flight3_cam1-001-000153-0,7211277.400758125,328693.2829324969,687.3001098632812,HlangwineEP,2020-01-22,2020-01-22 10:51:47.271,10:51:47,45.82121499999999,30.14944391666667
3056,291109.807,Flight3_cam1-001-000154-0,7211281.1229869425,328712.7576513698,687.840087890625,HlangwineEP,2020-01-22,2020-01-22 10:51:49.807,10:51:49,45.816988333333384,30.150218805555546
3057,291111.275,Flight3_cam1-001-000155-0,7211278.391836021,328723.5791533279,688.00634765625,HlangwineEP,2020-01-22,2020-01-22 10:51:51.275,10:51:51,45.81454166666663,30.15066736111112
3058,291113.277,Flight3_cam1-001-000156-0,7211268.912849812,328735.73542884924,687.9910888671875,HlangwineEP,2020-01-22,2020-01-22 10:51:53.277,10:51:53,45.811204999999994,30.151279083333336
3059,291115.279,Flight3_cam1-001-000157-0,7211256.030081678,328744.48170398886,687.910400390625,HlangwineEP,2020-01-22,2020-01-22 10:51:55.279,10:51:55,45.80786833333337,30.15189080555555
3060,291117.414,Flight3_cam1-001-000158-0,7211243.141505501,328752.5964632464,687.7571411132812,HlangwineEP,2020-01-22,2020-01-22 10:51:57.414,10:51:57,45.804310000000015,30.152543166666664
3061,291119.817,Flight3_cam1-001-000159-0,7211228.703039407,328762.32792480383,687.5828247070312,HlangwineEP,2020-01-22,2020-01-22 10:51:59.817,10:51:59,45.80030500000003,30.15327741666666
3062,291121.285,Flight3_cam1-001-000160-0,7211219.017375428,328769.0495875304,687.4766845703125,HlangwineEP,2020-01-22,2020-01-22 10:52:01.285,10:52:01,45.79785833333337,30.153725972222215
3063,291123.287,Flight3_cam1-001-000161-0,7211205.936681379,328778.1628997359,687.3779907226562,HlangwineEP,2020-01-22,2020-01-22 10:52:03.287,10:52:03,45.79452166666665,30.154337694444447
3064,291125.289,Flight3_cam1-001-000162-0,7211192.842268386,328787.193010392,687.2785034179688,HlangwineEP,2020-01-22,2020-01-22 10:52:05.289,10:52:05,45.79118500000001,30.154949416666664
3065,291127.825,Flight3_cam1-001-000163-0,7211176.069791373,328798.55584712967,687.1705322265625,HlangwineEP,2020-01-22,2020-01-22 10:52:07.825,10:52:07,45.78695833333332,30.15572430555556
3066,291129.293,Flight3_cam1-001-000164-0,7211166.776524661,328804.7886402502,687.1722412109375,HlangwineEP,2020-01-22,2020-01-22 10:52:09.293,10:52:09,45.78451166666666,30.156172861111113
3067,291131.295,Flight3_cam1-001-000165-0,7211153.116144277,328813.9073883502,687.1751098632812,HlangwineEP,2020-01-22,2020-01-22 10:52:11.295,10:52:11,45.781175000000026,30.15678458333333
3068,291133.297,Flight3_cam1-001-000166-0,7211140.011703707,328822.676269891,687.1515502929688,HlangwineEP,2020-01-22,2020-01-22 10:52:13.297,10:52:13,45.7778383333333,30.15739630555556
3069,291135.832,Flight3_cam1-001-000167-0,7211123.153020162,328834.1270021384,687.19482421875,HlangwineEP,2020-01-22,2020-01-22 10:52:15.832,10:52:15,45.773613333333344,30.158170888888886
3070,291137.301,Flight3_cam1-001-000168-0,7211113.723240242,328840.49456838716,687.3173828125,HlangwineEP,2020-01-22,2020-01-22 10:52:17.301,10:52:17,45.77116500000004,30.158619749999993
3071,291139.303,Flight3_cam1-001-000169-0,7211100.055390524,328849.7517650642,687.4808959960938,HlangwineEP,2020-01-22,2020-01-22 10:52:19.303,10:52:19,45.76782833333331,30.159231472222228
3072,291141.305,Flight3_cam1-001-000170-0,7211086.958004164,328858.5654289864,687.7316284179688,HlangwineEP,2020-01-22,2020-01-22 10:52:21.305,10:52:21,45.76449166666668,30.15984319444444
3073,291143.307,Flight3_cam1-001-000171-0,7211073.738592803,328867.4285139814,687.9781494140625,HlangwineEP,2020-01-22,2020-01-22 10:52:23.307,10:52:23,45.761155000000045,30.16045491666666
3074,291145.842,Flight3_cam1-001-000172-0,7211056.828749007,328878.9196054606,688.3370361328125,HlangwineEP,2020-01-22,2020-01-22 10:52:25.842,10:52:25,45.75692999999999,30.1612295
3075,291147.311,Flight3_cam1-001-000173-0,7211047.408443615,328885.3120913911,688.576171875,HlangwineEP,2020-01-22,2020-01-22 10:52:27.311,10:52:27,45.75448166666669,30.161678361111107
3076,291149.313,Flight3_cam1-001-000174-0,7211033.784895809,328894.37575502513,688.9601440429688,HlangwineEP,2020-01-22,2020-01-22 10:52:29.313,10:52:29,45.75114499999996,30.162290083333342
3077,291151.314,Flight3_cam1-001-000175-0,7211020.615910493,328903.21599966515,689.39208984375,HlangwineEP,2020-01-22,2020-01-22 10:52:31.314,10:52:31,45.74780999999998,30.162901500000004
3078,291153.85,Flight3_cam1-001-000176-0,7211003.754786901,328914.55582175974,689.8558349609375,HlangwineEP,2020-01-22,2020-01-22 10:52:33.850,10:52:33,45.74358333333337,30.16367638888888
3079,291155.318,Flight3_cam1-001-000177-0,7210994.380997261,328920.88249965,690.1405639648438,HlangwineEP,2020-01-22,2020-01-22 10:52:35.318,10:52:35,45.74113666666662,30.164124944444453
3080,291157.187,Flight3_cam1-001-000178-0,7210981.851016814,328929.27017790155,690.4119262695312,HlangwineEP,2020-01-22,2020-01-22 10:52:37.187,10:52:37,45.738021666666704,30.164696027777772
3081,291159.189,Flight3_cam1-001-000179-0,7210968.607141413,328938.08395879966,690.8023681640625,HlangwineEP,2020-01-22,2020-01-22 10:52:39.189,10:52:39,45.73468499999998,30.165307750000004
3082,291161.324,Flight3_cam1-001-000180-0,7210954.445931773,328947.7187826055,691.2540283203125,HlangwineEP,2020-01-22,2020-01-22 10:52:41.324,10:52:41,45.731126666666626,30.16596011111112
3083,291163.86,Flight3_cam1-001-000181-0,7210937.643907281,328959.1805926467,691.89013671875,HlangwineEP,2020-01-22,2020-01-22 10:52:43.860,10:52:43,45.72690000000002,30.166734999999996
3084,291165.195,Flight3_cam1-001-000182-0,7210928.68316859,328965.10993099504,692.17138671875,HlangwineEP,2020-01-22,2020-01-22 10:52:45.195,10:52:45,45.72467499999999,30.16714291666667
3085,291167.197,Flight3_cam1-001-000183-0,7210915.477924895,328973.9683547679,692.665283203125,HlangwineEP,2020-01-22,2020-01-22 10:52:47.197,10:52:47,45.72133833333336,30.167754638888884
3086,291169.199,Flight3_cam1-001-000184-0,7210902.392952133,328982.9305071339,693.2008056640625,HlangwineEP,2020-01-22,2020-01-22 10:52:49.199,10:52:49,45.71800166666663,30.16836636111112
3087,291171.868,Flight3_cam1-001-000185-0,7210884.418951683,328995.0081768834,693.9546508789062,HlangwineEP,2020-01-22,2020-01-22 10:52:51.868,10:52:51,45.71355333333331,30.169181888888893
3088,291173.203,Flight3_cam1-001-000186-0,7210875.444166391,329000.9473950311,694.308349609375,HlangwineEP,2020-01-22,2020-01-22 10:52:53.203,10:52:53,45.71132833333337,30.16958980555555
3089,291175.205,Flight3_cam1-001-000187-0,7210862.373167736,329009.8231221293,694.8924560546875,HlangwineEP,2020-01-22,2020-01-22 10:52:55.205,10:52:55,45.707991666666636,30.170201527777785
3090,291177.207,Flight3_cam1-001-000188-0,7210850.760283381,329017.630001067,695.3584594726562,HlangwineEP,2020-01-22,2020-01-22 10:52:57.207,10:52:57,45.70465500000001,30.17081325
3091,291179.876,Flight3_cam1-001-000189-0,7210850.760283381,329017.630001067,695.3584594726562,HlangwineEP,2020-01-22,2020-01-22 10:52:59.876,10:52:59,45.70020666666669,30.171628777777777
3092,291186.683,Flight3_cam1-001-000190-0,7210850.235299,329017.9836137037,695.3833618164062,HlangwineEP,2020-01-22,2020-01-22 10:53:06.683,10:53:06,45.68886166666663,30.17370869444445
3093,291189.352,Flight3_cam1-001-000191-0,7210768.386857297,329073.033866031,698.968017578125,HlangwineEP,2020-01-22,2020-01-22 10:53:09.352,10:53:09,45.68441333333331,30.174524222222228
3094,291190.687,Flight3_cam1-001-000192-0,7210760.005481977,329078.63140556484,699.3305053710938,HlangwineEP,2020-01-22,2020-01-22 10:53:10.687,10:53:10,45.68218833333337,30.17493213888888
3095,291194.024,Flight3_cam1-001-000193-0,7210737.305104338,329093.9261158699,700.2865600585938,HlangwineEP,2020-01-22,2020-01-22 10:53:14.024,10:53:14,45.67662666666671,30.175951777777772
3096,291194.691,Flight3_cam1-001-000194-0,7210733.044866492,329096.7149814762,700.45263671875,HlangwineEP,2020-01-22,2020-01-22 10:53:14.691,10:53:14,45.67551500000001,30.17615558333333
3097,291197.36,Flight3_cam1-001-000195-0,7210715.239181574,329108.76117292175,701.2348022460938,HlangwineEP,2020-01-22,2020-01-22 10:53:17.360,10:53:17,45.67106666666669,30.176971111111108
3098,291198.695,Flight3_cam1-001-000196-0,7210706.88369358,329114.48996919976,701.5675048828125,HlangwineEP,2020-01-22,2020-01-22 10:53:18.695,10:53:18,45.66884166666665,30.177379027777782
3099,291200.697,Flight3_cam1-001-000197-0,7210693.257740153,329123.73178909364,702.1843872070312,HlangwineEP,2020-01-22,2020-01-22 10:53:20.697,10:53:20,45.665505000000024,30.177990749999996
3100,291202.699,Flight3_cam1-001-000198-0,7210680.110569729,329132.56187399186,702.725830078125,HlangwineEP,2020-01-22,2020-01-22 10:53:22.699,10:53:22,45.6621683333333,30.17860247222223
3101,291204.834,Flight3_cam1-001-000199-0,7210665.912036033,329142.12396560353,703.376953125,HlangwineEP,2020-01-22,2020-01-22 10:53:24.834,10:53:24,45.658610000000046,30.179254833333324
3102,291207.237,Flight3_cam1-001-000200-0,7210650.287500389,329152.7571011329,703.9734497070312,HlangwineEP,2020-01-22,2020-01-22 10:53:27.237,10:53:27,45.65460499999996,30.17998908333334
3103,291208.705,Flight3_cam1-001-000201-0,7210640.248366049,329159.49559455394,704.3359375,HlangwineEP,2020-01-22,2020-01-22 10:53:28.705,10:53:28,45.652158333333304,30.180437638888893
3104,291210.707,Flight3_cam1-001-000202-0,7210627.060303247,329168.3389534482,704.9059448242188,HlangwineEP,2020-01-22,2020-01-22 10:53:30.707,10:53:30,45.64882166666668,30.18104936111111
3105,291212.709,Flight3_cam1-001-000203-0,7210613.817724666,329177.0976009377,705.3634033203125,HlangwineEP,2020-01-22,2020-01-22 10:53:32.709,10:53:32,45.64548500000004,30.181661083333324
3106,291215.245,Flight3_cam1-001-000204-0,7210597.028355433,329188.4525449909,705.8973388671875,HlangwineEP,2020-01-22,2020-01-22 10:53:35.245,10:53:35,45.64125833333334,30.182435972222223
3107,291216.713,Flight3_cam1-001-000205-0,7210587.530422224,329194.901925397,706.1799926757812,HlangwineEP,2020-01-22,2020-01-22 10:53:36.713,10:53:36,45.63881166666668,30.182884527777773
3108,291218.715,Flight3_cam1-001-000206-0,7210573.808092882,329204.0906587282,706.4605102539062,HlangwineEP,2020-01-22,2020-01-22 10:53:38.715,10:53:38,45.63547499999996,30.183496250000008
3109,291220.717,Flight3_cam1-001-000207-0,7210560.669514509,329212.98029369896,706.7371215820312,HlangwineEP,2020-01-22,2020-01-22 10:53:40.717,10:53:40,45.63213833333332,30.184107972222225
3110,291222.719,Flight3_cam1-001-000208-0,7210547.464244431,329221.93177373405,707.0679931640625,HlangwineEP,2020-01-22,2020-01-22 10:53:42.719,10:53:42,45.628801666666696,30.18471969444444
3111,291225.255,Flight3_cam1-001-000209-0,7210530.521798538,329233.18197084556,707.4503173828125,HlangwineEP,2020-01-22,2020-01-22 10:53:45.255,10:53:45,45.62457499999999,30.185494583333334
3112,291226.723,Flight3_cam1-001-000210-0,7210520.568857057,329239.8659932288,707.669189453125,HlangwineEP,2020-01-22,2020-01-22 10:53:46.723,10:53:46,45.622128333333336,30.185943138888888
3113,291228.725,Flight3_cam1-001-000211-0,7210507.492264278,329248.80585029256,707.8370361328125,HlangwineEP,2020-01-22,2020-01-22 10:53:48.725,10:53:48,45.6187916666667,30.186554861111105
3114,291230.727,Flight3_cam1-001-000212-0,7210494.350395221,329257.6851326566,707.9965209960938,HlangwineEP,2020-01-22,2020-01-22 10:53:50.727,10:53:50,45.615454999999976,30.187166583333337
3115,291233.262,Flight3_cam1-001-000213-0,7210477.507588532,329269.00837033114,708.1778564453125,HlangwineEP,2020-01-22,2020-01-22 10:53:53.262,10:53:53,45.61123000000002,30.187941166666665
3116,291234.731,Flight3_cam1-001-000214-0,7210468.018900771,329275.47175704886,708.3290405273438,HlangwineEP,2020-01-22,2020-01-22 10:53:54.731,10:53:54,45.608781666666616,30.188390027777785
3117,291236.733,Flight3_cam1-001-000215-0,7210454.451789638,329284.7769410497,708.5730590820312,HlangwineEP,2020-01-22,2020-01-22 10:53:56.733,10:53:56,45.60544499999999,30.189001750000003
3118,291238.735,Flight3_cam1-001-000216-0,7210441.355189966,329293.60430426366,708.6738891601562,HlangwineEP,2020-01-22,2020-01-22 10:53:58.735,10:53:58,45.602108333333355,30.18961347222222
3119,291240.737,Flight3_cam1-001-000217-0,7210428.232933953,329302.4448288453,708.6152954101562,HlangwineEP,2020-01-22,2020-01-22 10:54:00.737,10:54:00,45.59877166666663,30.19022519444445
3120,291243.272,Flight3_cam1-001-000218-0,7210411.256842449,329313.5864179592,708.7822875976562,HlangwineEP,2020-01-22,2020-01-22 10:54:03.272,10:54:03,45.59454666666667,30.190999777777776
3121,291244.741,Flight3_cam1-001-000219-0,7210401.195225061,329320.2474211799,708.903076171875,HlangwineEP,2020-01-22,2020-01-22 10:54:04.741,10:54:04,45.59209833333337,30.191448638888883
3122,291246.743,Flight3_cam1-001-000220-0,7210388.021368974,329329.30563299876,709.4025268554688,HlangwineEP,2020-01-22,2020-01-22 10:54:06.743,10:54:06,45.58876166666664,30.192060361111118
3123,291248.744,Flight3_cam1-001-000221-0,7210374.766300742,329338.1587261848,709.7106323242188,HlangwineEP,2020-01-22,2020-01-22 10:54:08.744,10:54:08,45.585426666666656,30.19267177777778
3124,291251.28,Flight3_cam1-001-000222-0,7210357.961598456,329349.4091831738,710.07763671875,HlangwineEP,2020-01-22,2020-01-22 10:54:11.280,10:54:11,45.58119999999995,30.193446666666677
3125,291252.748,Flight3_cam1-001-000223-0,7210348.533439402,329355.7267322148,710.2852172851562,HlangwineEP,2020-01-22,2020-01-22 10:54:12.748,10:54:12,45.578753333333296,30.193895222222228
3126,291254.75,Flight3_cam1-001-000224-0,7210335.176232636,329365.1506990806,710.5225830078125,HlangwineEP,2020-01-22,2020-01-22 10:54:14.750,10:54:14,45.57541666666667,30.194506944444445
3127,291256.752,Flight3_cam1-001-000225-0,7210325.683141912,329377.5493496425,710.7503051757812,HlangwineEP,2020-01-22,2020-01-22 10:54:16.752,10:54:16,45.572080000000035,30.195118666666662
3128,291258.754,Flight3_cam1-001-000226-0,7210323.131827779,329392.86787926394,710.8362426757812,HlangwineEP,2020-01-22,2020-01-22 10:54:18.754,10:54:18,45.56874333333331,30.195730388888894
3129,291261.29,Flight3_cam1-001-000227-0,7210330.047848875,329412.54006823956,710.8718872070312,HlangwineEP,2020-01-22,2020-01-22 10:54:21.290,10:54:21,45.564516666666705,30.19650527777777
3130,291262.625,Flight3_cam1-001-000228-0,7210335.499350024,329421.76341742795,710.8780517578125,HlangwineEP,2020-01-22,2020-01-22 10:54:22.625,10:54:22,45.56229166666667,30.196913194444445
3131,291264.627,Flight3_cam1-001-000229-0,7210342.100297496,329433.9692017498,710.717529296875,HlangwineEP,2020-01-22,2020-01-22 10:54:24.627,10:54:24,45.55895500000003,30.197524916666662
3132,291266.629,Flight3_cam1-001-000230-0,7210350.563522954,329446.05280094134,710.6504516601562,HlangwineEP,2020-01-22,2020-01-22 10:54:26.629,10:54:26,45.55561833333331,30.198136638888894
3133,291269.298,Flight3_cam1-001-000231-0,7210369.520797107,329453.12344304856,710.2786865234375,HlangwineEP,2020-01-22,2020-01-22 10:54:29.298,10:54:29,45.551169999999985,30.198952166666672
3134,291270.633,Flight3_cam1-001-000232-0,7210379.42098233,329449.884123154,710.069091796875,HlangwineEP,2020-01-22,2020-01-22 10:54:30.633,10:54:30,45.548945000000046,30.199360083333325
3135,291272.635,Flight3_cam1-001-000233-0,7210392.4534312105,329440.9208977948,709.7911376953125,HlangwineEP,2020-01-22,2020-01-22 10:54:32.635,10:54:32,45.54560833333332,30.19997180555556
3136,291274.637,Flight3_cam1-001-000234-0,7210402.900283623,329433.2379063626,709.224853515625,HlangwineEP,2020-01-22,2020-01-22 10:54:34.637,10:54:34,45.542271666666686,30.200583527777773
3137,291276.772,Flight3_cam1-001-000235-0,7210415.487865878,329424.6493896382,709.0272827148438,HlangwineEP,2020-01-22,2020-01-22 10:54:36.772,10:54:36,45.538713333333334,30.20123588888889
3138,291279.308,Flight3_cam1-001-000236-0,7210431.36882367,329414.31183400284,708.7177734375,HlangwineEP,2020-01-22,2020-01-22 10:54:39.308,10:54:39,45.53448666666664,30.202010777777783
3139,291280.643,Flight3_cam1-001-000237-0,7210440.252019174,329408.39568814915,708.4827270507812,HlangwineEP,2020-01-22,2020-01-22 10:54:40.643,10:54:40,45.5322616666667,30.20241869444444
3140,291282.645,Flight3_cam1-001-000238-0,7210453.177152263,329399.8750546394,707.8142700195312,HlangwineEP,2020-01-22,2020-01-22 10:54:42.645,10:54:42,45.52892499999997,30.20303041666667
3141,291284.647,Flight3_cam1-001-000239-0,7210466.241083436,329391.20450344554,707.2243041992188,HlangwineEP,2020-01-22,2020-01-22 10:54:44.647,10:54:44,45.52558833333334,30.20364213888889
3142,291287.316,Flight3_cam1-001-000240-0,7210483.754039626,329379.30448031076,706.478759765625,HlangwineEP,2020-01-22,2020-01-22 10:54:47.316,10:54:47,45.52114000000002,30.204457666666663
3143,291288.651,Flight3_cam1-001-000241-0,7210492.634244764,329373.2264663706,706.3502807617188,HlangwineEP,2020-01-22,2020-01-22 10:54:48.651,10:54:48,45.51891499999998,30.204865583333337
3144,291290.653,Flight3_cam1-001-000242-0,7210505.901379768,329364.415093413,705.9944458007812,HlangwineEP,2020-01-22,2020-01-22 10:54:50.653,10:54:50,45.51557833333335,30.205477305555554
3145,291292.655,Flight3_cam1-001-000243-0,7210519.001210418,329355.75393565476,706.171875,HlangwineEP,2020-01-22,2020-01-22 10:54:52.655,10:54:52,45.51224166666662,30.206089027777786
3146,291294.79,Flight3_cam1-001-000244-0,7210533.1710778,329346.28659515444,706.2870483398438,HlangwineEP,2020-01-22,2020-01-22 10:54:54.790,10:54:54,45.508683333333366,30.206741388888883
3147,291297.193,Flight3_cam1-001-000245-0,7210548.906485943,329335.60849639063,706.181884765625,HlangwineEP,2020-01-22,2020-01-22 10:54:57.193,10:54:57,45.50467833333329,30.207475638888898
3148,291298.661,Flight3_cam1-001-000246-0,7210558.933608212,329328.82189632225,706.009521484375,HlangwineEP,2020-01-22,2020-01-22 10:54:58.661,10:54:58,45.50223166666663,30.207924194444452
3149,291300.663,Flight3_cam1-001-000247-0,7210572.029320228,329319.994202827,705.700439453125,HlangwineEP,2020-01-22,2020-01-22 10:55:00.663,10:55:00,45.498895,30.20853591666667
3150,291302.665,Flight3_cam1-001-000248-0,7210585.264217168,329311.18389654206,705.2125854492188,HlangwineEP,2020-01-22,2020-01-22 10:55:02.665,10:55:02,45.49555833333337,30.209147638888883
3151,291305.334,Flight3_cam1-001-000249-0,7210603.076037787,329299.0043538641,704.7637939453125,HlangwineEP,2020-01-22,2020-01-22 10:55:05.334,10:55:05,45.49111000000004,30.209963166666657
3152,291306.669,Flight3_cam1-001-000250-0,7210611.996383965,329293.02917653625,704.6250610351562,HlangwineEP,2020-01-22,2020-01-22 10:55:06.669,10:55:06,45.48888500000001,30.21037108333333
3153,291308.671,Flight3_cam1-001-000251-0,7210625.141925941,329284.30103497615,704.5552368164062,HlangwineEP,2020-01-22,2020-01-22 10:55:08.671,10:55:08,45.48554833333338,30.21098280555555
3154,291310.673,Flight3_cam1-001-000252-0,7210638.274693459,329275.4004384297,703.9712524414062,HlangwineEP,2020-01-22,2020-01-22 10:55:10.673,10:55:10,45.48221166666665,30.21159452777778
3155,291313.876,Flight3_cam1-001-000253-0,7210659.742989376,329260.8878113657,703.0029296875,HlangwineEP,2020-01-22,2020-01-22 10:55:13.876,10:55:13,45.47687333333335,30.21257322222222
3156,291314.677,Flight3_cam1-001-000254-0,7210664.95421155,329257.37826183694,702.8480834960938,HlangwineEP,2020-01-22,2020-01-22 10:55:14.677,10:55:14,45.47553833333329,30.21281797222223
3157,291316.679,Flight3_cam1-001-000255-0,7210678.183259677,329248.63097960094,702.960693359375,HlangwineEP,2020-01-22,2020-01-22 10:55:16.679,10:55:16,45.47220166666666,30.213429694444446
3158,291318.681,Flight3_cam1-001-000256-0,7210691.41024958,329239.72920146806,703.002197265625,HlangwineEP,2020-01-22,2020-01-22 10:55:18.681,10:55:18,45.46886500000003,30.21404141666666
3159,291321.35,Flight3_cam1-001-000257-0,7210709.335461311,329227.7107298727,702.2164306640625,HlangwineEP,2020-01-22,2020-01-22 10:55:21.350,10:55:21,45.46441666666671,30.21485694444444
3160,291322.685,Flight3_cam1-001-000258-0,7210718.212491896,329221.6253225171,701.8878173828125,HlangwineEP,2020-01-22,2020-01-22 10:55:22.685,10:55:22,45.46219166666667,30.215264861111113
3161,291324.686,Flight3_cam1-001-000259-0,7210731.28525145,329212.83932899754,701.5638427734375,HlangwineEP,2020-01-22,2020-01-22 10:55:24.686,10:55:24,45.45885666666669,30.215876277777774
3162,291326.688,Flight3_cam1-001-000260-0,7210744.434878516,329204.046960359,701.2353515625,HlangwineEP,2020-01-22,2020-01-22 10:55:26.688,10:55:26,45.45551999999996,30.21648800000001
3163,291328.824,Flight3_cam1-001-000261-0,7210758.670876274,329194.5475858593,700.7738647460938,HlangwineEP,2020-01-22,2020-01-22 10:55:28.824,10:55:28,45.451959999999964,30.217140666666673
3164,291331.226,Flight3_cam1-001-000262-0,7210774.391069325,329183.83099246636,700.27587890625,HlangwineEP,2020-01-22,2020-01-22 10:55:31.226,10:55:31,45.44795666666663,30.217874611111117
3165,291332.694,Flight3_cam1-001-000263-0,7210784.444476441,329177.0116138264,699.9666137695312,HlangwineEP,2020-01-22,2020-01-22 10:55:32.694,10:55:32,45.44550999999997,30.21832316666667
3166,291334.696,Flight3_cam1-001-000264-0,7210797.547560876,329168.125483421,699.2762451171875,HlangwineEP,2020-01-22,2020-01-22 10:55:34.696,10:55:34,45.442173333333336,30.21893488888889
3167,291336.698,Flight3_cam1-001-000265-0,7210810.714956535,329159.32206563244,698.6205444335938,HlangwineEP,2020-01-22,2020-01-22 10:55:36.698,10:55:36,45.43883666666671,30.219546611111102
3168,291339.368,Flight3_cam1-001-000266-0,7210828.607279499,329147.25434090436,697.9676513671875,HlangwineEP,2020-01-22,2020-01-22 10:55:39.368,10:55:39,45.43438666666664,30.22036244444445
3169,291340.702,Flight3_cam1-001-000267-0,7210837.575247668,329141.1926045218,697.6220703125,HlangwineEP,2020-01-22,2020-01-22 10:55:40.702,10:55:40,45.43216333333335,30.220770055555555
3170,291342.704,Flight3_cam1-001-000268-0,7210850.699738087,329132.4417111963,697.0593872070312,HlangwineEP,2020-01-22,2020-01-22 10:55:42.704,10:55:42,45.42882666666662,30.221381777777786
3171,291344.706,Flight3_cam1-001-000269-0,7210863.903699799,329123.6190451607,696.6990966796875,HlangwineEP,2020-01-22,2020-01-22 10:55:44.706,10:55:44,45.42548999999999,30.221993500000004
3172,291347.376,Flight3_cam1-001-000270-0,7210881.859238885,329111.6037475193,696.0813598632812,HlangwineEP,2020-01-22,2020-01-22 10:55:47.376,10:55:47,45.42104000000002,30.22280933333333
3173,291348.71,Flight3_cam1-001-000271-0,7210890.831865336,329105.5322155517,695.73046875,HlangwineEP,2020-01-22,2020-01-22 10:55:48.710,10:55:48,45.41881666666663,30.223216944444452
3174,291350.712,Flight3_cam1-001-000272-0,7210903.960724948,329096.70573210693,695.2520751953125,HlangwineEP,2020-01-22,2020-01-22 10:55:50.712,10:55:50,45.41548,30.223828666666666
3175,291352.714,Flight3_cam1-001-000273-0,7210917.210123261,329087.9524998105,694.6106567382812,HlangwineEP,2020-01-22,2020-01-22 10:55:52.714,10:55:52,45.41214333333337,30.224440388888883
3176,291355.25,Flight3_cam1-001-000274-0,7210934.091942133,329076.57215446123,693.5568237304688,HlangwineEP,2020-01-22,2020-01-22 10:55:55.250,10:55:55,45.407916666666665,30.225215277777778
3177,291356.718,Flight3_cam1-001-000275-0,7210943.569621575,329070.186444719,693.2332153320312,HlangwineEP,2020-01-22,2020-01-22 10:55:56.718,10:55:56,45.40547000000001,30.225663833333332
3178,291358.72,Flight3_cam1-001-000276-0,7210957.228747809,329060.96356240904,692.7615966796875,HlangwineEP,2020-01-22,2020-01-22 10:55:58.720,10:55:58,45.40213333333338,30.226275555555546
3179,291360.722,Flight3_cam1-001-000277-0,7210970.1702769445,329052.00825827953,692.4176025390625,HlangwineEP,2020-01-22,2020-01-22 10:56:00.722,10:56:00,45.398796666666655,30.22688727777778
3180,291363.258,Flight3_cam1-001-000278-0,7210986.887004595,329040.7257584897,692.2152709960938,HlangwineEP,2020-01-22,2020-01-22 10:56:03.258,10:56:03,45.394570000000044,30.227662166666658
3181,291364.726,Flight3_cam1-001-000279-0,7210996.45204183,329034.3502533226,691.95166015625,HlangwineEP,2020-01-22,2020-01-22 10:56:04.726,10:56:04,45.392123333333295,30.22811072222223
3182,291366.728,Flight3_cam1-001-000280-0,7211010.195633318,329025.2391983869,691.4983520507812,HlangwineEP,2020-01-22,2020-01-22 10:56:06.728,10:56:06,45.38878666666666,30.228722444444447
3183,291368.73,Flight3_cam1-001-000281-0,7211023.344625549,329016.39256488276,691.1636962890625,HlangwineEP,2020-01-22,2020-01-22 10:56:08.730,10:56:08,45.385450000000034,30.22933416666666
3184,291371.266,Flight3_cam1-001-000282-0,7211040.214212496,329005.0463703923,690.6896362304688,HlangwineEP,2020-01-22,2020-01-22 10:56:11.266,10:56:11,45.381223333333324,30.23010905555556
3185,291373.401,Flight3_cam1-001-000283-0,7211054.407171819,328995.4734969214,690.3305053710938,HlangwineEP,2020-01-22,2020-01-22 10:56:13.401,10:56:13,45.37766499999998,30.23076141666667
3186,291374.736,Flight3_cam1-001-000284-0,7211062.838498486,328989.8012792455,690.154296875,HlangwineEP,2020-01-22,2020-01-22 10:56:14.736,10:56:14,45.37544000000004,30.231169333333327
3187,291376.738,Flight3_cam1-001-000285-0,7211076.560696105,328980.61058395775,689.8624267578125,HlangwineEP,2020-01-22,2020-01-22 10:56:16.738,10:56:16,45.372103333333314,30.231781055555558
3188,291378.74,Flight3_cam1-001-000286-0,7211089.752839159,328971.71865418233,689.6175537109375,HlangwineEP,2020-01-22,2020-01-22 10:56:18.740,10:56:18,45.36876666666668,30.232392777777775
3189,291381.276,Flight3_cam1-001-000287-0,7211106.523660976,328960.37053728086,689.4231567382812,HlangwineEP,2020-01-22,2020-01-22 10:56:21.276,10:56:21,45.36453999999998,30.23316766666667
3190,291382.744,Flight3_cam1-001-000288-0,7211116.026556206,328954.00782163657,689.3483276367188,HlangwineEP,2020-01-22,2020-01-22 10:56:22.744,10:56:22,45.36209333333332,30.233616222222224
3191,291384.746,Flight3_cam1-001-000289-0,7211129.686659169,328944.69517839915,689.17822265625,HlangwineEP,2020-01-22,2020-01-22 10:56:24.746,10:56:24,45.35875666666669,30.23422794444444
3192,291386.748,Flight3_cam1-001-000290-0,7211142.8769303765,328935.86626069166,688.9348754882812,HlangwineEP,2020-01-22,2020-01-22 10:56:26.748,10:56:26,45.35541999999997,30.234839666666673
3193,291389.284,Flight3_cam1-001-000291-0,7211159.612586111,328924.78271313687,688.8712768554688,HlangwineEP,2020-01-22,2020-01-22 10:56:29.284,10:56:29,45.351193333333356,30.23561455555555
3194,291390.752,Flight3_cam1-001-000292-0,7211169.1788259335,328918.3521811661,688.9873046875,HlangwineEP,2020-01-22,2020-01-22 10:56:30.752,10:56:30,45.3487466666667,30.236063111111104
3195,291392.754,Flight3_cam1-001-000293-0,7211182.780249141,328909.0643632271,689.0619506835938,HlangwineEP,2020-01-22,2020-01-22 10:56:32.754,10:56:32,45.34540999999997,30.23667483333334
3196,291394.756,Flight3_cam1-001-000294-0,7211195.9390909895,328900.14912224124,689.0277709960938,HlangwineEP,2020-01-22,2020-01-22 10:56:34.756,10:56:34,45.342073333333346,30.237286555555553
3197,291397.292,Flight3_cam1-001-000295-0,7211212.802983459,328888.7644581322,688.9086303710938,HlangwineEP,2020-01-22,2020-01-22 10:56:37.292,10:56:37,45.33784666666664,30.23806144444445
3198,291398.627,Flight3_cam1-001-000296-0,7211221.7277679015,328882.6141052947,688.906494140625,HlangwineEP,2020-01-22,2020-01-22 10:56:38.627,10:56:38,45.335621666666704,30.238469361111104
3199,291400.628,Flight3_cam1-001-000297-0,7211234.960346315,328873.8430659798,688.907958984375,HlangwineEP,2020-01-22,2020-01-22 10:56:40.628,10:56:40,45.332286666666626,30.239080777777787
3200,291402.63,Flight3_cam1-001-000298-0,7211248.148026308,328865.0049869127,689.1771850585938,HlangwineEP,2020-01-22,2020-01-22 10:56:42.630,10:56:42,45.32894999999999,30.239692500000004
3201,291404.766,Flight3_cam1-001-000299-0,7211262.243053897,328855.28445942467,689.4068603515625,HlangwineEP,2020-01-22,2020-01-22 10:56:44.766,10:56:44,45.32538999999999,30.240345166666668
3202,291407.168,Flight3_cam1-001-000300-0,7211277.97820011,328844.71783951594,690.0078125,HlangwineEP,2020-01-22,2020-01-22 10:56:47.168,10:56:47,45.321386666666655,30.241079111111112
3203,291408.636,Flight3_cam1-001-000301-0,7211287.947835382,328838.02653286187,690.41455078125,HlangwineEP,2020-01-22,2020-01-22 10:56:48.636,10:56:48,45.318940000000005,30.241527666666666
3204,291410.638,Flight3_cam1-001-000302-0,7211301.162629213,328829.2872729959,691.035888671875,HlangwineEP,2020-01-22,2020-01-22 10:56:50.638,10:56:50,45.31560333333337,30.242139388888884
3205,291412.64,Flight3_cam1-001-000303-0,7211315.20067595,328821.8666881528,691.3377075195312,HlangwineEP,2020-01-22,2020-01-22 10:56:52.640,10:56:52,45.312266666666645,30.242751111111115
3206,291415.844,Flight3_cam1-001-000304-0,7211338.401962326,328826.76254095795,691.7958374023438,HlangwineEP,2020-01-22,2020-01-22 10:56:55.844,10:56:55,45.3069266666667,30.243730111111105
3207,291416.644,Flight3_cam1-001-000305-0,7211342.600992645,328832.08965164464,691.8397827148438,HlangwineEP,2020-01-22,2020-01-22 10:56:56.644,10:56:56,45.305593333333384,30.243974555555546
3208,291418.646,Flight3_cam1-001-000306-0,7211349.254371703,328846.627345387,692.2711791992188,HlangwineEP,2020-01-22,2020-01-22 10:56:58.646,10:56:58,45.30225666666665,30.24458627777778
3209,291420.648,Flight3_cam1-001-000307-0,7211351.500048157,328853.7239846169,692.1795043945312,HlangwineEP,2020-01-22,2020-01-22 10:57:00.648,10:57:00,45.298920000000024,30.245197999999995
3210,291422.784,Flight3_cam1-001-000308-0,7211352.411712419,328857.682366116,692.0346069335938,HlangwineEP,2020-01-22,2020-01-22 10:57:02.784,10:57:02,45.295360000000024,30.245850666666662
3211,291425.186,Flight3_cam1-001-000309-0,7211351.098961522,328861.7823882681,692.226318359375,HlangwineEP,2020-01-22,2020-01-22 10:57:05.186,10:57:05,45.29135666666669,30.246584611111107
3212,291426.654,Flight3_cam1-001-000310-0,7211348.124087397,328866.2977443872,692.2572631835938,HlangwineEP,2020-01-22,2020-01-22 10:57:06.654,10:57:06,45.28891000000003,30.24703316666666
3213,291428.656,Flight3_cam1-001-000311-0,7211338.8492180575,328877.7887811206,692.3185424804688,HlangwineEP,2020-01-22,2020-01-22 10:57:08.656,10:57:08,45.2855733333333,30.247644888888896
3214,291430.658,Flight3_cam1-001-000312-0,7211325.018330768,328891.4149312757,692.2907104492188,HlangwineEP,2020-01-22,2020-01-22 10:57:10.658,10:57:10,45.28223666666668,30.24825661111111
3215,291433.328,Flight3_cam1-001-000313-0,7211301.081798695,328905.7889554446,692.169921875,HlangwineEP,2020-01-22,2020-01-22 10:57:13.328,10:57:13,45.2777866666667,30.24907244444444
3216,291434.929,Flight3_cam1-001-000314-0,7211285.664182892,328912.20332644996,692.2293090820312,HlangwineEP,2020-01-22,2020-01-22 10:57:14.929,10:57:14,45.275118333333324,30.249561638888892
3217,291436.664,Flight3_cam1-001-000315-0,7211268.8088541515,328918.66985335085,692.32421875,HlangwineEP,2020-01-22,2020-01-22 10:57:16.664,10:57:16,45.27222666666668,30.250091777777776
3218,291438.666,Flight3_cam1-001-000316-0,7211249.8978385385,328925.7455771066,692.3822631835938,HlangwineEP,2020-01-22,2020-01-22 10:57:18.666,10:57:18,45.268889999999956,30.250703500000007
3219,291441.336,Flight3_cam1-001-000317-0,7211225.296196322,328935.2314054319,692.3809814453125,HlangwineEP,2020-01-22,2020-01-22 10:57:21.336,10:57:21,45.26443999999998,30.251519333333338
3220,291442.67,Flight3_cam1-001-000318-0,7211214.029545489,328939.7860913024,692.390869140625,HlangwineEP,2020-01-22,2020-01-22 10:57:22.670,10:57:22,45.262216666666696,30.251926944444442
3221,291444.672,Flight3_cam1-001-000319-0,7211197.072080906,328947.2691421238,692.4990234375,HlangwineEP,2020-01-22,2020-01-22 10:57:24.672,10:57:24,45.25887999999996,30.252538666666673
3222,291446.674,Flight3_cam1-001-000320-0,7211182.235921918,328954.75118282926,692.4771728515625,HlangwineEP,2020-01-22,2020-01-22 10:57:26.674,10:57:26,45.255543333333335,30.25315038888889
3223,291449.343,Flight3_cam1-001-000321-0,7211163.817240031,328965.934314554,692.4508666992188,HlangwineEP,2020-01-22,2020-01-22 10:57:29.343,10:57:29,45.25109500000001,30.253965916666665
3224,291450.678,Flight3_cam1-001-000322-0,7211155.333762493,328971.46402054385,692.4331665039062,HlangwineEP,2020-01-22,2020-01-22 10:57:30.678,10:57:30,45.248869999999975,30.25437383333334
3225,291452.68,Flight3_cam1-001-000323-0,7211141.3162985835,328980.4006806923,692.338134765625,HlangwineEP,2020-01-22,2020-01-22 10:57:32.680,10:57:32,45.24553333333334,30.254985555555553
3226,291454.682,Flight3_cam1-001-000324-0,7211127.643461658,328989.1802299769,692.2705078125,HlangwineEP,2020-01-22,2020-01-22 10:57:34.682,10:57:34,45.242196666666715,30.25559727777777
3227,291457.351,Flight3_cam1-001-000325-0,7211108.24223398,329001.86655320553,692.2734985351562,HlangwineEP,2020-01-22,2020-01-22 10:57:37.351,10:57:37,45.23774833333329,30.256412805555563
3228,291458.686,Flight3_cam1-001-000326-0,7211097.048146917,329008.88971033075,692.2518310546875,HlangwineEP,2020-01-22,2020-01-22 10:57:38.686,10:57:38,45.235523333333354,30.25682072222222
3229,291460.688,Flight3_cam1-001-000327-0,7211080.923788938,329018.3906632176,692.223388671875,HlangwineEP,2020-01-22,2020-01-22 10:57:40.688,10:57:40,45.23218666666663,30.25743244444445
3230,291462.69,Flight3_cam1-001-000328-0,7211065.080359954,329027.33789700875,692.2183837890625,HlangwineEP,2020-01-22,2020-01-22 10:57:42.690,10:57:42,45.228849999999994,30.258044166666668
3231,291464.826,Flight3_cam1-001-000329-0,7211048.726044033,329036.80385781644,692.2893676757812,HlangwineEP,2020-01-22,2020-01-22 10:57:44.826,10:57:44,45.22529,30.258696833333335
3232,291467.228,Flight3_cam1-001-000330-0,7211030.200202752,329047.45849650714,692.3414306640625,HlangwineEP,2020-01-22,2020-01-22 10:57:47.228,10:57:47,45.221286666666664,30.25943077777778
3233,291468.696,Flight3_cam1-001-000331-0,7211018.993202314,329053.89524143934,692.31298828125,HlangwineEP,2020-01-22,2020-01-22 10:57:48.696,10:57:48,45.21884000000001,30.259879333333334
3234,291470.698,Flight3_cam1-001-000332-0,7211003.07792509,329063.6106519477,692.250244140625,HlangwineEP,2020-01-22,2020-01-22 10:57:50.698,10:57:50,45.21550333333337,30.260491055555548
3235,291472.7,Flight3_cam1-001-000333-0,7210988.322958875,329073.5394726688,692.2900390625,HlangwineEP,2020-01-22,2020-01-22 10:57:52.700,10:57:52,45.21216666666665,30.261102777777783
3236,291475.236,Flight3_cam1-001-000334-0,7210969.386096621,329086.64220555685,692.3140869140625,HlangwineEP,2020-01-22,2020-01-22 10:57:55.236,10:57:55,45.20794000000004,30.26187766666666
3237,291476.704,Flight3_cam1-001-000335-0,7210958.7640426075,329093.9969674243,692.3652954101562,HlangwineEP,2020-01-22,2020-01-22 10:57:56.704,10:57:56,45.20549333333329,30.26232622222223
3238,291478.706,Flight3_cam1-001-000336-0,7210943.7891696915,329104.1051053282,692.3969116210938,HlangwineEP,2020-01-22,2020-01-22 10:57:58.706,10:57:58,45.20215666666665,30.262937944444445
3239,291480.708,Flight3_cam1-001-000337-0,7210930.428334537,329112.73621955165,692.3579711914062,HlangwineEP,2020-01-22,2020-01-22 10:58:00.708,10:58:00,45.198820000000026,30.263549666666663
3240,291482.843,Flight3_cam1-001-000338-0,7210920.617807614,329118.6391316382,692.2254638671875,HlangwineEP,2020-01-22,2020-01-22 10:58:02.843,10:58:02,45.195261666666674,30.264202027777777
3241,291485.246,Flight3_cam1-001-000339-0,7210916.496789087,329120.1695203824,692.026123046875,HlangwineEP,2020-01-22,2020-01-22 10:58:05.246,10:58:05,45.19125666666669,30.264936277777775
3242,291486.714,Flight3_cam1-001-000340-0,7210915.402669832,329119.7640223539,691.9835815429688,HlangwineEP,2020-01-22,2020-01-22 10:58:06.714,10:58:06,45.18881000000003,30.26538483333333
3243,291488.716,Flight3_cam1-001-000341-0,7210913.774877436,329118.09781212354,691.9855346679688,HlangwineEP,2020-01-22,2020-01-22 10:58:08.716,10:58:08,45.185473333333306,30.26599655555556
3244,291490.718,Flight3_cam1-001-000342-0,7210911.378867203,329114.42018691194,691.94775390625,HlangwineEP,2020-01-22,2020-01-22 10:58:10.718,10:58:10,45.18213666666668,30.266608277777777
3245,291493.254,Flight3_cam1-001-000343-0,7210902.270357652,329102.2391576043,691.9905395507812,HlangwineEP,2020-01-22,2020-01-22 10:58:13.254,10:58:13,45.177909999999976,30.267383166666672
3246,291494.722,Flight3_cam1-001-000344-0,7210896.019181112,329092.9423013106,692.0316772460938,HlangwineEP,2020-01-22,2020-01-22 10:58:14.722,10:58:14,45.17546333333332,30.267831722222226
3247,291496.724,Flight3_cam1-001-000345-0,7210885.890987214,329078.3147417581,692.0927124023438,HlangwineEP,2020-01-22,2020-01-22 10:58:16.724,10:58:16,45.172126666666685,30.26844344444444
3248,291498.726,Flight3_cam1-001-000346-0,7210875.863511868,329064.3012502176,692.2352905273438,HlangwineEP,2020-01-22,2020-01-22 10:58:18.726,10:58:18,45.16878999999996,30.269055166666675
3249,291501.262,Flight3_cam1-001-000347-0,7210863.212878183,329046.910524887,692.1906127929688,HlangwineEP,2020-01-22,2020-01-22 10:58:21.262,10:58:21,45.164563333333355,30.269830055555552
3250,291502.73,Flight3_cam1-001-000348-0,7210856.0083826,329037.4684897034,692.248779296875,HlangwineEP,2020-01-22,2020-01-22 10:58:22.730,10:58:22,45.1621166666667,30.270278611111106
3251,291504.732,Flight3_cam1-001-000349-0,7210846.245823007,329024.7245217025,692.3067016601562,HlangwineEP,2020-01-22,2020-01-22 10:58:24.732,10:58:24,45.15877999999997,30.27089033333334
3252,291506.734,Flight3_cam1-001-000350-0,7210836.301209282,329011.63728959253,692.284912109375,HlangwineEP,2020-01-22,2020-01-22 10:58:26.734,10:58:26,45.15544333333334,30.271502055555555
3253,291508.736,Flight3_cam1-001-000351-0,7210826.620855622,328999.41220111435,692.3648681640625,HlangwineEP,2020-01-22,2020-01-22 10:58:28.736,10:58:28,45.15210666666671,30.272113777777772
3254,291511.272,Flight3_cam1-001-000352-0,7210814.440539356,328984.16426108417,692.3828735351562,HlangwineEP,2020-01-22,2020-01-22 10:58:31.272,10:58:31,45.14788,30.272888666666667
3255,291512.74,Flight3_cam1-001-000353-0,7210807.471708622,328975.73771938775,692.4906616210938,HlangwineEP,2020-01-22,2020-01-22 10:58:32.740,10:58:32,45.14543333333335,30.27333722222222
3256,291514.742,Flight3_cam1-001-000354-0,7210797.29815216,328963.6975778709,692.5753173828125,HlangwineEP,2020-01-22,2020-01-22 10:58:34.742,10:58:34,45.14209666666662,30.273948944444452
3257,291516.744,Flight3_cam1-001-000355-0,7210787.415366264,328952.07954801637,692.6070556640625,HlangwineEP,2020-01-22,2020-01-22 10:58:36.744,10:58:36,45.13875999999999,30.27456066666667
3258,291519.28,Flight3_cam1-001-000356-0,7210774.749984151,328937.1103365584,692.5909423828125,HlangwineEP,2020-01-22,2020-01-22 10:58:39.280,10:58:39,45.13453333333329,30.275335555555564
3259,291520.748,Flight3_cam1-001-000357-0,7210767.6457563285,328928.6341577646,692.6337890625,HlangwineEP,2020-01-22,2020-01-22 10:58:40.748,10:58:40,45.13208666666663,30.27578411111112
3260,291522.75,Flight3_cam1-001-000358-0,7210757.825916853,328916.85913805646,692.6678466796875,HlangwineEP,2020-01-22,2020-01-22 10:58:42.750,10:58:42,45.12875,30.276395833333332
3261,291525.152,Flight3_cam1-001-000359-0,7210745.349715574,328902.0860285685,692.6630249023438,HlangwineEP,2020-01-22,2020-01-22 10:58:45.152,10:58:45,45.12474666666667,30.27712977777778
3262,291527.688,Flight3_cam1-001-000360-0,7210732.1016324675,328886.68680132163,692.6507568359375,HlangwineEP,2020-01-22,2020-01-22 10:58:47.688,10:58:47,45.120519999999956,30.277904666666675
3263,291528.756,Flight3_cam1-001-000361-0,7210726.640846001,328880.32147169736,692.6336059570312,HlangwineEP,2020-01-22,2020-01-22 10:58:48.756,10:58:48,45.11874000000001,30.278230999999998
3264,291530.758,Flight3_cam1-001-000362-0,7210716.03157247,328868.07527375256,692.6038208007812,HlangwineEP,2020-01-22,2020-01-22 10:58:50.758,10:58:50,45.115403333333376,30.278842722222215
3265,291532.76,Flight3_cam1-001-000363-0,7210705.006227294,328855.0534432478,692.5175170898438,HlangwineEP,2020-01-22,2020-01-22 10:58:52.760,10:58:52,45.11206666666665,30.279454444444447
3266,291534.762,Flight3_cam1-001-000364-0,7210694.535794692,328842.1660254359,692.5537719726562,HlangwineEP,2020-01-22,2020-01-22 10:58:54.762,10:58:54,45.10873000000002,30.280066166666664
3267,291537.297,Flight3_cam1-001-000365-0,7210681.214786245,328825.7234159932,692.5908813476562,HlangwineEP,2020-01-22,2020-01-22 10:58:57.297,10:58:57,45.10450499999997,30.280840750000007
3268,291538.632,Flight3_cam1-001-000366-0,7210674.132673036,328817.0073282694,692.5794677734375,HlangwineEP,2020-01-22,2020-01-22 10:58:58.632,10:58:58,45.10228000000003,30.281248666666663
3269,291540.634,Flight3_cam1-001-000367-0,7210663.650872476,328804.40129006177,692.5096435546875,HlangwineEP,2020-01-22,2020-01-22 10:59:00.634,10:59:00,45.0989433333333,30.281860388888894
3270,291542.636,Flight3_cam1-001-000368-0,7210653.028326813,328791.91360872553,692.4299926757812,HlangwineEP,2020-01-22,2020-01-22 10:59:02.636,10:59:02,45.09560666666667,30.28247211111111
3271,291545.973,Flight3_cam1-001-000369-0,7210634.633300703,328770.5775011637,692.3572998046875,HlangwineEP,2020-01-22,2020-01-22 10:59:05.973,10:59:05,45.090045,30.28349175
3272,291548.642,Flight3_cam1-001-000370-0,7210619.1904119775,328752.67053160013,692.383544921875,HlangwineEP,2020-01-22,2020-01-22 10:59:08.642,10:59:08,45.08559666666668,30.284307277777778
3273,291550.644,Flight3_cam1-001-000371-0,7210607.917895571,328739.33513615234,692.3366088867188,HlangwineEP,2020-01-22,2020-01-22 10:59:10.644,10:59:10,45.08226000000005,30.28491899999999
3274,291552.646,Flight3_cam1-001-000372-0,7210597.072947454,328726.39420711796,692.3546142578125,HlangwineEP,2020-01-22,2020-01-22 10:59:12.646,10:59:12,45.07892333333332,30.285530722222227
3275,291554.648,Flight3_cam1-001-000373-0,7210586.554031977,328713.33570395014,692.3812255859375,HlangwineEP,2020-01-22,2020-01-22 10:59:14.648,10:59:14,45.07558666666669,30.28614244444444
3276,291557.317,Flight3_cam1-001-000374-0,7210572.44385893,328695.6991868789,692.4520263671875,HlangwineEP,2020-01-22,2020-01-22 10:59:17.317,10:59:17,45.071138333333366,30.28695797222222
3277,291558.652,Flight3_cam1-001-000375-0,7210565.225357208,328686.8706878736,692.525146484375,HlangwineEP,2020-01-22,2020-01-22 10:59:18.652,10:59:18,45.06891333333333,30.28736588888889
3278,291560.654,Flight3_cam1-001-000376-0,7210554.27145697,328673.86565538973,692.4871215820312,HlangwineEP,2020-01-22,2020-01-22 10:59:20.654,10:59:20,45.0655766666667,30.287977611111106
3279,291562.656,Flight3_cam1-001-000377-0,7210543.157941974,328660.9343745267,692.4591064453125,HlangwineEP,2020-01-22,2020-01-22 10:59:22.656,10:59:22,45.062239999999974,30.288589333333338
3280,291564.791,Flight3_cam1-001-000378-0,7210531.344178251,328646.79987167,692.4219970703125,HlangwineEP,2020-01-22,2020-01-22 10:59:24.791,10:59:24,45.05868166666662,30.289241694444453
3281,291567.194,Flight3_cam1-001-000379-0,7210518.330483086,328630.88997228816,692.3621215820312,HlangwineEP,2020-01-22,2020-01-22 10:59:27.194,10:59:27,45.05467666666664,30.28997594444445
3282,291568.662,Flight3_cam1-001-000380-0,7210510.012342464,328620.78985945496,692.3182373046875,HlangwineEP,2020-01-22,2020-01-22 10:59:28.662,10:59:28,45.05222999999998,30.290424500000004
3283,291570.664,Flight3_cam1-001-000381-0,7210499.047092626,328607.47423797136,692.4020385742188,HlangwineEP,2020-01-22,2020-01-22 10:59:30.664,10:59:30,45.04889333333335,30.29103622222222
3284,291572.666,Flight3_cam1-001-000382-0,7210487.957537405,328594.08195056586,692.513671875,HlangwineEP,2020-01-22,2020-01-22 10:59:32.666,10:59:32,45.04555666666662,30.291647944444453
3285,291575.335,Flight3_cam1-001-000383-0,7210472.421669323,328575.75576238753,692.5032348632812,HlangwineEP,2020-01-22,2020-01-22 10:59:35.335,10:59:35,45.0411083333333,30.29246347222223
3286,291576.67,Flight3_cam1-001-000384-0,7210464.537019052,328566.61075026426,692.5776977539062,HlangwineEP,2020-01-22,2020-01-22 10:59:36.670,10:59:36,45.03888333333336,30.292871388888884
3287,291578.672,Flight3_cam1-001-000385-0,7210452.951054631,328553.05695182603,692.5946655273438,HlangwineEP,2020-01-22,2020-01-22 10:59:38.672,10:59:38,45.03554666666663,30.29348311111112
3288,291582.409,Flight3_cam1-001-000386-0,7210435.1737642735,328545.79112086946,692.3076171875,HlangwineEP,2020-01-22,2020-01-22 10:59:42.409,10:59:42,45.02931833333336,30.29462497222222
3289,291582.809,Flight3_cam1-001-000387-0,7210433.096322448,328547.2403233828,692.3165283203125,HlangwineEP,2020-01-22,2020-01-22 10:59:42.809,10:59:42,45.028651666666654,30.294747194444447
3290,291586.413,Flight3_cam1-001-000388-0,7210428.549004224,328578.5304965152,692.5005493164062,HlangwineEP,2020-01-22,2020-01-22 10:59:46.413,10:59:46,45.022645,30.29584841666667
3291,291586.68,Flight3_cam1-001-000389-0,7210429.0744025,328581.2878548705,692.5801391601562,HlangwineEP,2020-01-22,2020-01-22 10:59:46.680,10:59:46,45.02220000000001,30.29593
3292,291588.682,Flight3_cam1-001-000390-0,7210435.9526333045,328604.68057584966,693.4212036132812,HlangwineEP,2020-01-22,2020-01-22 10:59:48.682,10:59:48,45.01886333333338,30.296541722222216
3293,291590.684,Flight3_cam1-001-000391-0,7210445.647002025,328627.4456341715,693.75537109375,HlangwineEP,2020-01-22,2020-01-22 10:59:50.684,10:59:50,45.01552666666665,30.297153444444447
3294,291592.686,Flight3_cam1-001-000392-0,7210458.803398754,328648.4809263981,693.4751586914062,HlangwineEP,2020-01-22,2020-01-22 10:59:52.686,10:59:52,45.01219000000002,30.297765166666665
3295,291595.355,Flight3_cam1-001-000393-0,7210476.083488479,328673.3300247184,693.1341552734375,HlangwineEP,2020-01-22,2020-01-22 10:59:55.355,10:59:55,45.007741666666696,30.29858069444444
3296,291596.69,Flight3_cam1-001-000394-0,7210484.776240714,328685.6529922549,692.9483642578125,HlangwineEP,2020-01-22,2020-01-22 10:59:56.690,10:59:56,45.005516666666665,30.298988611111113
3297,291598.692,Flight3_cam1-001-000395-0,7210497.117507891,328703.4256032433,692.7816772460938,HlangwineEP,2020-01-22,2020-01-22 10:59:58.692,10:59:58,45.00218000000003,30.299600333333327
3298,291600.694,Flight3_cam1-001-000396-0,7210509.376152776,328721.3959135699,692.755615234375,HlangwineEP,2020-01-22,2020-01-22 11:00:00.694,11:00:00,45.00231333333339,30.29946022222221
3299,291602.829,Flight3_cam1-001-000397-0,7210521.046619054,328738.68428534863,692.6522216796875,HlangwineEP,2020-01-22,2020-01-22 11:00:02.829,11:00:02,45.00943000000009,30.297799666666645
3300,291605.231,Flight3_cam1-001-000398-0,7210534.542558791,328758.35152391857,692.73583984375,HlangwineEP,2020-01-22,2020-01-22 11:00:05.231,11:00:05,45.01743666666676,30.295931444444424
3301,291606.7,Flight3_cam1-001-000399-0,7210541.932283701,328769.69720047654,692.818359375,HlangwineEP,2020-01-22,2020-01-22 11:00:06.700,11:00:06,45.02233333333337,30.29478888888888
3302,291608.702,Flight3_cam1-001-000400-0,7210551.623529971,328784.62953314616,692.7457275390625,HlangwineEP,2020-01-22,2020-01-22 11:00:08.702,11:00:08,45.02900666666663,30.293231777777788
3303,291610.704,Flight3_cam1-001-000401-0,7210561.627693148,328800.2467702192,690.70654296875,HlangwineEP,2020-01-22,2020-01-22 11:00:10.704,11:00:10,45.03568000000009,30.291674666666648
3304,291613.373,Flight3_cam1-001-000402-0,7210574.91037157,328821.11147233,686.855712890625,HlangwineEP,2020-01-22,2020-01-22 11:00:13.373,11:00:13,45.044576666666735,30.289598777777762
3305,291614.708,Flight3_cam1-001-000403-0,7210581.934949578,328832.2465184227,684.7460327148438,HlangwineEP,2020-01-22,2020-01-22 11:00:14.708,11:00:14,45.04902666666661,30.288560444444457
3306,291616.709,Flight3_cam1-001-000404-0,7210592.263461424,328848.3850881922,681.6154174804688,HlangwineEP,2020-01-22,2020-01-22 11:00:16.709,11:00:16,45.05569666666658,30.287004111111134
3307,291618.711,Flight3_cam1-001-000405-0,7210603.050930099,328865.2014236223,678.5802001953125,HlangwineEP,2020-01-22,2020-01-22 11:00:18.711,11:00:18,45.06237000000004,30.285446999999994
3308,291620.847,Flight3_cam1-001-000406-0,7210612.785326958,328880.4095126102,675.621826171875,HlangwineEP,2020-01-22,2020-01-22 11:00:20.847,11:00:20,45.06949000000003,30.28378566666666
3309,291623.249,Flight3_cam1-001-000407-0,7210622.510461293,328895.82621329906,671.7504272460938,HlangwineEP,2020-01-22,2020-01-22 11:00:23.249,11:00:23,45.077496666666704,30.28191744444444
3310,291624.717,Flight3_cam1-001-000408-0,7210628.006262146,328904.4293315144,669.3978271484375,HlangwineEP,2020-01-22,2020-01-22 11:00:24.717,11:00:24,45.08239000000001,30.280775666666663
3311,291626.719,Flight3_cam1-001-000409-0,7210634.848457454,328914.8873043753,666.0838623046875,HlangwineEP,2020-01-22,2020-01-22 11:00:26.719,11:00:26,45.08906333333328,30.27921855555557
3312,291628.721,Flight3_cam1-001-000410-0,7210638.709520173,328921.10369929887,662.6170654296875,HlangwineEP,2020-01-22,2020-01-22 11:00:28.721,11:00:28,45.09573666666673,30.27766144444443
3313,291631.391,Flight3_cam1-001-000411-0,7210641.218397742,328925.71138156805,658.2732543945312,HlangwineEP,2020-01-22,2020-01-22 11:00:31.391,11:00:31,45.10463666666668,30.275584777777777
3314,291632.725,Flight3_cam1-001-000412-0,7210642.789000818,328927.8870553842,656.1619873046875,HlangwineEP,2020-01-22,2020-01-22 11:00:32.725,11:00:32,45.10908333333325,30.274547222222242
3315,291634.727,Flight3_cam1-001-000413-0,7210648.467179183,328936.0408313058,656.1376953125,HlangwineEP,2020-01-22,2020-01-22 11:00:34.727,11:00:34,45.11575666666671,30.272990111111103
3316,291636.729,Flight3_cam1-001-000414-0,7210654.724383602,328945.23249320063,656.4248046875,HlangwineEP,2020-01-22,2020-01-22 11:00:36.729,11:00:36,45.12242999999997,30.271433000000005
3317,291638.731,Flight3_cam1-001-000415-0,7210663.293780263,328958.99231756886,656.5675659179688,HlangwineEP,2020-01-22,2020-01-22 11:00:38.731,11:00:38,45.12910333333343,30.269875888888865
3318,291641.267,Flight3_cam1-001-000416-0,7210676.989050407,328981.61541510455,656.9520874023438,HlangwineEP,2020-01-22,2020-01-22 11:00:41.267,11:00:41,45.13755666666664,30.26790344444445
3319,291644.871,Flight3_cam1-001-000417-0,7210676.692656482,329009.2087934385,655.0769653320312,HlangwineEP,2020-01-22,2020-01-22 11:00:44.871,11:00:44,45.14956999999995,30.265100333333347
3320,366026.574,Flight4_cam1-000-000000-0,7211573.764640238,327731.0160849773,646.8004150390625,HlangwineEP,2020-01-22,2020-01-23 07:40:26.574,07:40:26,79.6373716666666,25.618664033333353
3321,366027.909,Flight4_cam1-000-000001-0,7211567.7824540995,327726.9096085812,650.0555419921875,HlangwineEP,2020-01-22,2020-01-23 07:40:27.909,07:40:27,79.6325508333334,25.619769116666653
3322,366029.911,Flight4_cam1-000-000002-0,7211560.320511549,327718.84770234715,654.4074096679688,HlangwineEP,2020-01-22,2020-01-23 07:40:29.911,07:40:29,79.62532138888882,25.621426327777797
3323,366031.913,Flight4_cam1-000-000003-0,7211556.152363505,327707.51633156196,658.9540405273438,HlangwineEP,2020-01-22,2020-01-23 07:40:31.913,07:40:31,79.61809194444444,25.62308353888889
3324,366034.582,Flight4_cam1-000-000004-0,7211552.202340209,327689.7120421473,665.2905883789062,HlangwineEP,2020-01-22,2020-01-23 07:40:34.582,07:40:34,79.60845388888892,25.625292877777774
3325,366035.917,Flight4_cam1-000-000005-0,7211550.600172924,327679.39940623916,668.3410034179688,HlangwineEP,2020-01-22,2020-01-23 07:40:35.917,07:40:35,79.6036330555555,25.626397961111124
3326,366037.919,Flight4_cam1-000-000006-0,7211550.787553901,327664.04456310946,672.8068237304688,HlangwineEP,2020-01-22,2020-01-23 07:40:37.919,07:40:37,79.59640361111114,25.62805517222222
3327,366039.921,Flight4_cam1-000-000007-0,7211553.228791439,327648.1677377182,674.9469604492188,HlangwineEP,2020-01-22,2020-01-23 07:40:39.921,07:40:39,79.58917416666677,25.62971238333331
3328,366042.056,Flight4_cam1-000-000008-0,7211556.779254753,327631.601577817,675.0208740234375,HlangwineEP,2020-01-22,2020-01-23 07:40:42.056,07:40:42,79.58146444444452,25.631479688888874
3329,366044.592,Flight4_cam1-000-000009-0,7211561.166682465,327612.90060491627,674.9000244140625,HlangwineEP,2020-01-22,2020-01-23 07:40:44.592,07:40:44,79.57230666666666,25.633578933333336
3330,366045.927,Flight4_cam1-000-000010-0,7211563.771968512,327602.0455123064,674.8353881835938,HlangwineEP,2020-01-22,2020-01-23 07:40:45.927,07:40:45,79.56748583333325,25.634684016666686
3331,366047.929,Flight4_cam1-000-000011-0,7211567.653359098,327585.76669648336,674.7850952148438,HlangwineEP,2020-01-22,2020-01-23 07:40:47.929,07:40:47,79.56025638888889,25.63634122777778
3332,366049.931,Flight4_cam1-000-000012-0,7211571.016238691,327570.18131477595,674.7007446289062,HlangwineEP,2020-01-22,2020-01-23 07:40:49.931,07:40:49,79.55302694444451,25.637998438888875
3333,366052.6,Flight4_cam1-000-000013-0,7211574.062632679,327550.31041123904,674.6531982421875,HlangwineEP,2020-01-22,2020-01-23 07:40:52.600,07:40:52,79.54338888888898,25.640207777777757
3334,366053.935,Flight4_cam1-000-000014-0,7211575.184771666,327539.6664805746,674.6608276367188,HlangwineEP,2020-01-22,2020-01-23 07:40:53.935,07:40:53,79.53856805555557,25.64131286111111
3335,366055.937,Flight4_cam1-000-000015-0,7211576.673393728,327523.45300928934,674.7074584960938,HlangwineEP,2020-01-22,2020-01-23 07:40:55.937,07:40:55,79.53133861111121,25.6429700722222
3336,366057.939,Flight4_cam1-000-000016-0,7211578.167347215,327506.0840281244,674.7188720703125,HlangwineEP,2020-01-22,2020-01-23 07:40:57.939,07:40:57,79.52410916666662,25.644627283333342
3337,366060.074,Flight4_cam1-000-000017-0,7211579.287499454,327488.01086999505,674.7605590820312,HlangwineEP,2020-01-22,2020-01-23 07:41:00.074,07:41:00,79.51639944444437,25.646394588888906
3338,366062.477,Flight4_cam1-000-000018-0,7211579.893153837,327468.7451978287,674.7498779296875,HlangwineEP,2020-01-22,2020-01-23 07:41:02.477,07:41:02,79.5077219444444,25.6483837388889
3339,366063.945,Flight4_cam1-000-000019-0,7211579.386758881,327456.2524954194,674.7811279296875,HlangwineEP,2020-01-22,2020-01-23 07:41:03.945,07:41:03,79.50242083333332,25.649598916666672
3340,366065.947,Flight4_cam1-000-000020-0,7211577.786214064,327437.4088771845,674.837890625,HlangwineEP,2020-01-22,2020-01-23 07:41:05.947,07:41:05,79.49519138888894,25.651256127777764
3341,366067.949,Flight4_cam1-000-000021-0,7211577.33084232,327418.69069107494,674.7816772460938,HlangwineEP,2020-01-22,2020-01-23 07:41:07.949,07:41:07,79.48796194444436,25.652913338888908
3342,366070.618,Flight4_cam1-000-000022-0,7211577.6690668855,327392.7016019117,674.8377075195312,HlangwineEP,2020-01-22,2020-01-23 07:41:10.618,07:41:10,79.47832388888884,25.65512267777779
3343,366072.22,Flight4_cam1-000-000023-0,7211578.151913602,327375.32772825507,674.8606567382812,HlangwineEP,2020-01-22,2020-01-23 07:41:12.220,07:41:12,79.47253888888899,25.656448777777754
3344,366073.955,Flight4_cam1-000-000024-0,7211578.695723663,327356.8424363305,674.8825073242188,HlangwineEP,2020-01-22,2020-01-23 07:41:13.955,07:41:13,79.46627361111106,25.657884972222234
3345,366075.957,Flight4_cam1-000-000025-0,7211579.413264498,327333.37703745655,674.8309326171875,HlangwineEP,2020-01-22,2020-01-23 07:41:15.957,07:41:15,79.45904416666669,25.65954218333333
3346,366078.092,Flight4_cam1-000-000026-0,7211580.199661865,327309.31003649766,674.8314208984375,HlangwineEP,2020-01-22,2020-01-23 07:41:18.092,07:41:18,79.45133444444444,25.661309488888893
3347,366080.495,Flight4_cam1-000-000027-0,7211581.137548555,327282.27150090656,674.75048828125,HlangwineEP,2020-01-22,2020-01-23 07:41:20.495,07:41:20,79.44265694444447,25.663298638888886
3348,366082.096,Flight4_cam1-000-000028-0,7211581.768885706,327264.14676442696,674.7913818359375,HlangwineEP,2020-01-22,2020-01-23 07:41:22.096,07:41:22,79.43687555555549,25.66462391111113
3349,366083.965,Flight4_cam1-000-000029-0,7211582.504911472,327242.85188012494,674.7571411132812,HlangwineEP,2020-01-22,2020-01-23 07:41:23.965,07:41:23,79.4301263888888,25.6661710277778
3350,366085.967,Flight4_cam1-000-000030-0,7211583.154229334,327222.04352121335,674.6512451171875,HlangwineEP,2020-01-22,2020-01-23 07:41:25.967,07:41:25,79.42289694444443,25.66782823888889
3351,366088.503,Flight4_cam1-000-000031-0,7211583.942375276,327195.2255050383,674.6055297851562,HlangwineEP,2020-01-22,2020-01-23 07:41:28.503,07:41:28,79.41373916666657,25.669927483333353
3352,366089.971,Flight4_cam1-000-000032-0,7211584.323248938,327179.4627050947,674.568359375,HlangwineEP,2020-01-22,2020-01-23 07:41:29.971,07:41:29,79.4084380555555,25.671142661111126
3353,366091.973,Flight4_cam1-000-000033-0,7211584.8562621055,327157.1087285613,674.5994873046875,HlangwineEP,2020-01-22,2020-01-23 07:41:31.973,07:41:31,79.40120861111112,25.67279987222222
3354,366093.975,Flight4_cam1-000-000034-0,7211586.692863656,327133.60392402904,674.6962280273438,HlangwineEP,2020-01-22,2020-01-23 07:41:33.975,07:41:33,79.39397916666675,25.674457083333316
3355,366096.11,Flight4_cam1-000-000035-0,7211589.157968888,327108.77275707596,674.7279663085938,HlangwineEP,2020-01-22,2020-01-23 07:41:36.110,07:41:36,79.38626944444451,25.676224388888876
3356,366098.512,Flight4_cam1-000-000036-0,7211592.002112899,327080.5473653795,674.934814453125,HlangwineEP,2020-01-22,2020-01-23 07:41:38.512,07:41:38,79.3775955555556,25.6782127111111
3357,366099.981,Flight4_cam1-000-000037-0,7211593.793474441,327063.2066618847,675.0471801757812,HlangwineEP,2020-01-22,2020-01-23 07:41:39.981,07:41:39,79.37229083333324,25.679428716666692
3358,366101.983,Flight4_cam1-000-000038-0,7211596.627768235,327037.9985325444,675.203857421875,HlangwineEP,2020-01-22,2020-01-23 07:41:41.983,07:41:41,79.36506138888888,25.681085927777783
3359,366103.985,Flight4_cam1-000-000039-0,7211599.24593249,327013.4587186993,675.2725219726562,HlangwineEP,2020-01-22,2020-01-23 07:41:43.985,07:41:43,79.3578319444445,25.682743138888878
3360,366106.52,Flight4_cam1-000-000040-0,7211602.615306979,326982.05453365593,675.2196044921875,HlangwineEP,2020-01-22,2020-01-23 07:41:46.520,07:41:46,79.34867777777771,25.684841555555572
3361,366107.989,Flight4_cam1-000-000041-0,7211602.2347819805,326965.1454838009,675.130126953125,HlangwineEP,2020-01-22,2020-01-23 07:41:47.989,07:41:47,79.34337305555556,25.686057561111113
3362,366111.592,Flight4_cam1-000-000042-0,7211573.91386346,326941.7920987134,675.0591430664062,HlangwineEP,2020-01-22,2020-01-23 07:41:51.592,07:41:51,79.33036222222222,25.689040044444447
3363,366112.126,Flight4_cam1-000-000043-0,7211569.323554016,326940.57076765416,675.0429077148438,HlangwineEP,2020-01-22,2020-01-23 07:41:52.126,07:41:52,79.32843388888894,25.689482077777768
3364,366113.994,Flight4_cam1-000-000044-0,7211557.95859495,326938.79867343995,674.9185180664062,HlangwineEP,2020-01-22,2020-01-23 07:41:53.994,07:41:53,79.32168833333331,25.69102836666667
3365,366115.996,Flight4_cam1-000-000045-0,7211552.549344962,326939.7640508008,674.7806396484375,HlangwineEP,2020-01-22,2020-01-23 07:41:55.996,07:41:55,79.31445888888895,25.692685577777766
3366,366117.998,Flight4_cam1-000-000046-0,7211548.163669432,326941.09740344447,674.6712646484375,HlangwineEP,2020-01-22,2020-01-23 07:41:57.998,07:41:57,79.30722944444437,25.694342788888907
3367,366120.534,Flight4_cam1-000-000047-0,7211543.550855989,326942.7158878512,674.581787109375,HlangwineEP,2020-01-22,2020-01-23 07:42:00.534,07:42:00,79.29807166666673,25.69644203333332
3368,366122.403,Flight4_cam1-000-000048-0,7211540.85909231,326943.4354974631,674.5763549804688,HlangwineEP,2020-01-22,2020-01-23 07:42:02.403,07:42:02,79.29132250000004,25.69798914999999
3369,366124.004,Flight4_cam1-000-000049-0,7211536.848721093,326942.3711871269,674.5513916015625,HlangwineEP,2020-01-22,2020-01-23 07:42:04.004,07:42:04,79.28554111111106,25.699314422222233
3370,366126.006,Flight4_cam1-000-000050-0,7211525.44729639,326939.1874129677,674.61376953125,HlangwineEP,2020-01-22,2020-01-23 07:42:06.006,07:42:06,79.2783116666667,25.700971633333328
3371,366128.542,Flight4_cam1-000-000051-0,7211519.937135404,326937.6172657361,674.4680786132812,HlangwineEP,2020-01-22,2020-01-23 07:42:08.542,07:42:08,79.26915388888884,25.70307087777779
3372,366131.212,Flight4_cam1-000-000052-0,7211520.252192605,326938.01602849085,673.3892822265625,HlangwineEP,2020-01-22,2020-01-23 07:42:11.212,07:42:11,79.25951222222223,25.705281044444444
3373,366132.012,Flight4_cam1-000-000053-0,7211520.248688513,326938.17555993435,673.1155395507812,HlangwineEP,2020-01-22,2020-01-23 07:42:12.012,07:42:12,79.25662333333338,25.705943266666658
3374,366133.881,Flight4_cam1-000-000054-0,7211515.938394196,326940.8698367147,672.7017822265625,HlangwineEP,2020-01-22,2020-01-23 07:42:13.881,07:42:13,79.2498741666667,25.70749038333333
3375,366135.883,Flight4_cam1-000-000055-0,7211504.322543498,326948.59747234854,672.1699829101562,HlangwineEP,2020-01-22,2020-01-23 07:42:15.883,07:42:15,79.24264472222232,25.70914759444442
3376,366137.885,Flight4_cam1-000-000056-0,7211490.381193742,326957.99852374394,671.6056518554688,HlangwineEP,2020-01-22,2020-01-23 07:42:17.885,07:42:17,79.23541527777775,25.71080480555556
3377,366140.554,Flight4_cam1-000-000057-0,7211472.929912703,326969.8067724025,670.8272705078125,HlangwineEP,2020-01-22,2020-01-23 07:42:20.554,07:42:20,79.22577722222222,25.713014144444447
3378,366142.423,Flight4_cam1-000-000058-0,7211461.330801984,326977.3651568772,670.3121337890625,HlangwineEP,2020-01-22,2020-01-23 07:42:22.423,07:42:22,79.21902805555553,25.71456126111112
3379,366143.891,Flight4_cam1-000-000059-0,7211451.303383604,326984.0324598245,669.8271484375,HlangwineEP,2020-01-22,2020-01-23 07:42:23.891,07:42:23,79.21372694444443,25.71577643888889
3380,366145.893,Flight4_cam1-000-000060-0,7211438.268011328,326992.7830473952,669.1849365234375,HlangwineEP,2020-01-22,2020-01-23 07:42:25.893,07:42:25,79.20649750000007,25.717433649999986
3381,366148.562,Flight4_cam1-000-000061-0,7211420.569786395,327004.6845867172,668.407470703125,HlangwineEP,2020-01-22,2020-01-23 07:42:28.562,07:42:28,79.19685944444454,25.719642988888868
3382,366149.897,Flight4_cam1-000-000062-0,7211412.165326247,327010.3216816634,668.0037841796875,HlangwineEP,2020-01-22,2020-01-23 07:42:29.897,07:42:29,79.19203861111113,25.72074807222222
3383,366151.899,Flight4_cam1-000-000063-0,7211398.514575465,327019.56720436923,667.378173828125,HlangwineEP,2020-01-22,2020-01-23 07:42:31.899,07:42:31,79.18480916666675,25.722405283333313
3384,366153.901,Flight4_cam1-000-000064-0,7211385.4332349915,327028.4424695424,666.821044921875,HlangwineEP,2020-01-22,2020-01-23 07:42:33.901,07:42:33,79.17757972222218,25.724062494444453
3385,366156.036,Flight4_cam1-000-000065-0,7211371.245963293,327038.0243558783,666.2566528320312,HlangwineEP,2020-01-22,2020-01-23 07:42:36.036,07:42:36,79.16986999999993,25.725829800000017
3386,366158.572,Flight4_cam1-000-000066-0,7211354.355933769,327049.32804247795,665.4378662109375,HlangwineEP,2020-01-22,2020-01-23 07:42:38.572,07:42:38,79.16071222222229,25.727929044444434
3387,366159.907,Flight4_cam1-000-000067-0,7211345.8902843855,327054.9567894243,665.0262451171875,HlangwineEP,2020-01-22,2020-01-23 07:42:39.907,07:42:39,79.15589138888888,25.729034127777783
3388,366161.909,Flight4_cam1-000-000068-0,7211332.338162248,327064.0775122398,664.4530639648438,HlangwineEP,2020-01-22,2020-01-23 07:42:41.909,07:42:41,79.1486619444445,25.730691338888874
3389,366163.911,Flight4_cam1-000-000069-0,7211319.187302367,327072.84806688246,663.8966674804688,HlangwineEP,2020-01-22,2020-01-23 07:42:43.911,07:42:43,79.14143249999992,25.73234855000002
3390,366166.58,Flight4_cam1-000-000070-0,7211301.279476313,327084.9018031552,663.1551513671875,HlangwineEP,2020-01-22,2020-01-23 07:42:46.580,07:42:46,79.1317944444444,25.7345578888889
3391,366167.915,Flight4_cam1-000-000071-0,7211292.843602382,327090.55791921495,662.8013916015625,HlangwineEP,2020-01-22,2020-01-23 07:42:47.915,07:42:47,79.1269736111112,25.735662972222205
3392,366169.917,Flight4_cam1-000-000072-0,7211279.211557547,327099.85813034966,662.1725463867188,HlangwineEP,2020-01-22,2020-01-23 07:42:49.917,07:42:49,79.11974416666662,25.737320183333345
3393,366171.919,Flight4_cam1-000-000073-0,7211266.111505616,327108.7357282621,661.65234375,HlangwineEP,2020-01-22,2020-01-23 07:42:51.919,07:42:51,79.11251472222224,25.73897739444444
3394,366174.588,Flight4_cam1-000-000074-0,7211248.71772518,327120.37395947485,660.9552001953125,HlangwineEP,2020-01-22,2020-01-23 07:42:54.588,07:42:54,79.10287666666672,25.741186733333322
3395,366175.923,Flight4_cam1-000-000075-0,7211239.7103575785,327126.4311834349,660.679931640625,HlangwineEP,2020-01-22,2020-01-23 07:42:55.923,07:42:55,79.0980558333333,25.742291816666675
3396,366177.925,Flight4_cam1-000-000076-0,7211226.536351515,327135.3177257464,660.1917114257812,HlangwineEP,2020-01-22,2020-01-23 07:42:57.925,07:42:57,79.09082638888894,25.743949027777767
3397,366179.927,Flight4_cam1-000-000077-0,7211212.847825894,327144.6450520308,659.654052734375,HlangwineEP,2020-01-22,2020-01-23 07:42:59.927,07:42:59,79.08359694444437,25.74560623888891
3398,366182.062,Flight4_cam1-000-000078-0,7211198.791373558,327154.26057871955,659.1372680664062,HlangwineEP,2020-01-22,2020-01-23 07:43:02.062,07:43:02,79.07588722222232,25.747373544444425
3399,366184.464,Flight4_cam1-000-000079-0,7211183.070608827,327164.89633295836,658.570556640625,HlangwineEP,2020-01-22,2020-01-23 07:43:04.464,07:43:04,79.06721333333341,25.749361866666646
3400,366185.933,Flight4_cam1-000-000080-0,7211173.565500118,327171.26839001384,658.2466430664062,HlangwineEP,2020-01-22,2020-01-23 07:43:05.933,07:43:05,79.06190861111105,25.750577872222237
3401,366187.935,Flight4_cam1-000-000081-0,7211159.87561262,327180.43558077293,657.6818237304688,HlangwineEP,2020-01-22,2020-01-23 07:43:07.935,07:43:07,79.05467916666669,25.752235083333332
3402,366189.937,Flight4_cam1-000-000082-0,7211146.700425053,327189.27923481853,657.1361694335938,HlangwineEP,2020-01-22,2020-01-23 07:43:09.937,07:43:09,79.04744972222231,25.753892294444423
3403,366192.606,Flight4_cam1-000-000083-0,7211129.353065446,327201.0563568754,656.4515991210938,HlangwineEP,2020-01-22,2020-01-23 07:43:12.606,07:43:12,79.03781166666657,25.75610163333336
3404,366193.94,Flight4_cam1-000-000084-0,7211120.4322912125,327207.1343490818,656.1163330078125,HlangwineEP,2020-01-22,2020-01-23 07:43:13.940,07:43:13,79.03299444444444,25.75720588888889
3405,366195.942,Flight4_cam1-000-000085-0,7211107.298920495,327215.9650285129,655.6730346679688,HlangwineEP,2020-01-22,2020-01-23 07:43:15.942,07:43:15,79.02576500000008,25.758863099999985
3406,366197.944,Flight4_cam1-000-000086-0,7211093.536091642,327225.10712732316,655.1435546875,HlangwineEP,2020-01-22,2020-01-23 07:43:17.944,07:43:17,79.0185355555555,25.760520311111126
3407,366200.614,Flight4_cam1-000-000087-0,7211076.168260997,327236.80930096825,654.5234985351562,HlangwineEP,2020-01-22,2020-01-23 07:43:20.614,07:43:20,79.00889388888889,25.76273047777778
3408,366202.215,Flight4_cam1-000-000088-0,7211065.159506347,327244.1654958713,654.0961303710938,HlangwineEP,2020-01-22,2020-01-23 07:43:22.215,07:43:22,79.00311249999992,25.764055750000022
3409,366203.95,Flight4_cam1-000-000089-0,7211054.078469399,327251.5855954501,653.6909790039062,HlangwineEP,2020-01-22,2020-01-23 07:43:23.950,07:43:23,78.99684722222219,25.765491944444452
3410,366205.952,Flight4_cam1-000-000090-0,7211040.366389584,327260.86720845185,653.1690673828125,HlangwineEP,2020-01-22,2020-01-23 07:43:25.952,07:43:25,78.98961777777782,25.767149155555547
3411,366208.088,Flight4_cam1-000-000091-0,7211026.196581729,327270.4616470204,652.5619506835938,HlangwineEP,2020-01-22,2020-01-23 07:43:28.088,07:43:28,78.9819044444445,25.76891728888888
3412,366210.49,Flight4_cam1-000-000092-0,7211010.463082778,327281.10320180655,651.8204956054688,HlangwineEP,2020-01-22,2020-01-23 07:43:30.490,07:43:30,78.9732305555556,25.770905611111104
3413,366211.958,Flight4_cam1-000-000093-0,7211000.94350948,327287.3951594159,651.3590698242188,HlangwineEP,2020-01-22,2020-01-23 07:43:31.958,07:43:31,78.96792944444451,25.772120788888877
3414,366213.96,Flight4_cam1-000-000094-0,7210987.79949883,327296.2352295264,650.7124633789062,HlangwineEP,2020-01-22,2020-01-23 07:43:33.960,07:43:33,78.96069999999993,25.773778000000018
3415,366215.962,Flight4_cam1-000-000095-0,7210974.122982297,327305.4571802832,649.9859619140625,HlangwineEP,2020-01-22,2020-01-23 07:43:35.962,07:43:35,78.95347055555557,25.77543521111111
3416,366218.498,Flight4_cam1-000-000096-0,7210957.308338268,327316.82003022265,649.0183715820312,HlangwineEP,2020-01-22,2020-01-23 07:43:38.498,07:43:38,78.94431277777771,25.777534455555575
3417,366219.966,Flight4_cam1-000-000097-0,7210947.816340214,327323.278419318,648.5628051757812,HlangwineEP,2020-01-22,2020-01-23 07:43:39.966,07:43:39,78.93901166666662,25.778749633333344
3418,366221.968,Flight4_cam1-000-000098-0,7210934.668689836,327332.1923747555,647.8392944335938,HlangwineEP,2020-01-22,2020-01-23 07:43:41.968,07:43:41,78.93178222222225,25.78040684444444
3419,366223.97,Flight4_cam1-000-000099-0,7210921.013196049,327341.35511709435,647.0364379882812,HlangwineEP,2020-01-22,2020-01-23 07:43:43.970,07:43:43,78.92455277777789,25.782064055555534
3420,366226.506,Flight4_cam1-000-000100-0,7210904.177016008,327352.6660827644,645.8770141601562,HlangwineEP,2020-01-22,2020-01-23 07:43:46.506,07:43:46,78.91539500000003,25.784163299999996
3421,366227.974,Flight4_cam1-000-000101-0,7210894.695737304,327359.01149023394,645.2224731445312,HlangwineEP,2020-01-22,2020-01-23 07:43:47.974,07:43:47,78.91009388888894,25.785378477777765
3422,366229.976,Flight4_cam1-000-000102-0,7210881.536055039,327367.86316820106,644.2806396484375,HlangwineEP,2020-01-22,2020-01-23 07:43:49.976,07:43:49,78.90286444444436,25.78703568888891
3423,366231.978,Flight4_cam1-000-000103-0,7210867.927759593,327376.9908582941,643.3411254882812,HlangwineEP,2020-01-22,2020-01-23 07:43:51.978,07:43:51,78.895635,25.7886929
3424,366234.514,Flight4_cam1-000-000104-0,7210851.166712698,327388.3526413939,642.1419067382812,HlangwineEP,2020-01-22,2020-01-23 07:43:54.514,07:43:54,78.88647722222214,25.790792144444463
3425,366235.982,Flight4_cam1-000-000105-0,7210841.603229675,327394.739578526,641.5164184570312,HlangwineEP,2020-01-22,2020-01-23 07:43:55.982,07:43:55,78.88117611111105,25.792007322222236
3426,366237.984,Flight4_cam1-000-000106-0,7210828.372085715,327403.57381641946,640.6318969726562,HlangwineEP,2020-01-22,2020-01-23 07:43:57.984,07:43:57,78.87394666666668,25.79366453333333
3427,366239.986,Flight4_cam1-000-000107-0,7210815.258854483,327412.39836034714,639.6858520507812,HlangwineEP,2020-01-22,2020-01-23 07:43:59.986,07:43:59,78.86671722222232,25.795321744444422
3428,366242.122,Flight4_cam1-000-000108-0,7210801.093050154,327421.85865230823,638.6400146484375,HlangwineEP,2020-01-22,2020-01-23 07:44:02.122,07:44:02,78.85900388888899,25.797089877777758
3429,366244.524,Flight4_cam1-000-000109-0,7210784.831058761,327432.79281815025,637.454345703125,HlangwineEP,2020-01-22,2020-01-23 07:44:04.524,07:44:04,78.8503300000001,25.79907819999998
3430,366245.992,Flight4_cam1-000-000110-0,7210775.355093276,327439.1972048728,636.8306884765625,HlangwineEP,2020-01-22,2020-01-23 07:44:05.992,07:44:05,78.84502888888879,25.8002933777778
3431,366247.994,Flight4_cam1-000-000111-0,7210762.199570589,327448.02594373876,635.9243774414062,HlangwineEP,2020-01-22,2020-01-23 07:44:07.994,07:44:07,78.83779944444443,25.801950588888893
3432,366249.996,Flight4_cam1-000-000112-0,7210748.581956695,327457.32749657857,634.9746704101562,HlangwineEP,2020-01-22,2020-01-23 07:44:09.996,07:44:09,78.83057000000007,25.803607799999988
3433,366252.532,Flight4_cam1-000-000113-0,7210731.8595531415,327468.67442043463,633.7618408203125,HlangwineEP,2020-01-22,2020-01-23 07:44:12.532,07:44:12,78.82141222222221,25.80570704444445
3434,366254.0,Flight4_cam1-000-000114-0,7210722.328036201,327474.98121147713,633.1258544921875,HlangwineEP,2020-01-22,2020-01-23 07:44:14.000,07:44:14,78.81611111111111,25.806922222222223
3435,366256.002,Flight4_cam1-000-000115-0,7210709.174010308,327483.7813598993,632.346923828125,HlangwineEP,2020-01-22,2020-01-23 07:44:16.002,07:44:16,78.80888166666675,25.808579433333314
3436,366258.004,Flight4_cam1-000-000116-0,7210696.02540476,327492.7075776482,631.7208251953125,HlangwineEP,2020-01-22,2020-01-23 07:44:18.004,07:44:18,78.80165222222217,25.81023664444446
3437,366260.139,Flight4_cam1-000-000117-0,7210681.830646938,327502.23787007877,631.2368774414062,HlangwineEP,2020-01-22,2020-01-23 07:44:20.139,07:44:20,78.79394249999991,25.81200395000002
3438,366262.542,Flight4_cam1-000-000118-0,7210665.572304847,327513.2596280165,630.892578125,HlangwineEP,2020-01-22,2020-01-23 07:44:22.542,07:44:22,78.78526499999995,25.813993100000012
3439,366264.01,Flight4_cam1-000-000119-0,7210656.163366305,327519.78869363625,630.725830078125,HlangwineEP,2020-01-22,2020-01-23 07:44:24.010,07:44:24,78.77996388888886,25.815208277777785
3440,366265.879,Flight4_cam1-000-000120-0,7210645.410347001,327530.62154264026,630.5814208984375,HlangwineEP,2020-01-22,2020-01-23 07:44:25.879,07:44:25,78.77321472222218,25.816755394444456
3441,366267.88,Flight4_cam1-000-000121-0,7210637.749290377,327544.7204856552,630.7229614257812,HlangwineEP,2020-01-22,2020-01-23 07:44:27.880,07:44:27,78.76598888888888,25.818411777777783
3442,366270.55,Flight4_cam1-000-000122-0,7210634.013071152,327566.03103205265,631.3595581054688,HlangwineEP,2020-01-22,2020-01-23 07:44:30.550,07:44:30,78.75634722222227,25.820621944444433
3443,366272.418,Flight4_cam1-000-000123-0,7210633.803214731,327580.27552118315,631.8380126953125,HlangwineEP,2020-01-22,2020-01-23 07:44:32.418,07:44:32,78.74960166666665,25.822168233333336
3444,366273.886,Flight4_cam1-000-000124-0,7210633.283946187,327591.519612622,632.2303466796875,HlangwineEP,2020-01-22,2020-01-23 07:44:33.886,07:44:33,78.74430055555557,25.82338341111111
3445,366275.888,Flight4_cam1-000-000125-0,7210632.230103245,327606.46582180343,632.7965698242188,HlangwineEP,2020-01-22,2020-01-23 07:44:35.888,07:44:35,78.7370711111112,25.825040622222204
3446,366278.024,Flight4_cam1-000-000126-0,7210632.29807029,327623.40788625774,633.5120849609375,HlangwineEP,2020-01-22,2020-01-23 07:44:38.024,07:44:38,78.72935777777786,25.826808755555536
3447,366280.56,Flight4_cam1-000-000127-0,7210640.819822106,327637.0545204311,634.3678588867188,HlangwineEP,2020-01-22,2020-01-23 07:44:40.560,07:44:40,78.72020000000002,25.828908
3448,366282.161,Flight4_cam1-000-000128-0,7210651.069512263,327636.5758924797,634.8082885742188,HlangwineEP,2020-01-22,2020-01-23 07:44:42.161,07:44:42,78.71441861111104,25.83023327222224
3449,366283.896,Flight4_cam1-000-000129-0,7210662.90984921,327629.9656165136,635.1546020507812,HlangwineEP,2020-01-22,2020-01-23 07:44:43.896,07:44:43,78.70815333333331,25.831669466666675
3450,366285.898,Flight4_cam1-000-000130-0,7210674.426292688,327620.87749148835,635.3778686523438,HlangwineEP,2020-01-22,2020-01-23 07:44:45.898,07:44:45,78.70092388888895,25.833326677777766
3451,366288.568,Flight4_cam1-000-000131-0,7210689.191612018,327610.6050465758,635.6276245117188,HlangwineEP,2020-01-22,2020-01-23 07:44:48.568,07:44:48,78.69128222222213,25.83553684444447
3452,366289.902,Flight4_cam1-000-000132-0,7210696.742803698,327605.66879891156,635.7753295898438,HlangwineEP,2020-01-22,2020-01-23 07:44:49.902,07:44:49,78.686465,25.8366411
3453,366291.904,Flight4_cam1-000-000133-0,7210709.820349687,327597.23398644215,636.0234985351562,HlangwineEP,2020-01-22,2020-01-23 07:44:51.904,07:44:51,78.67923555555564,25.838298311111096
3454,366293.906,Flight4_cam1-000-000134-0,7210722.944582728,327588.67125274707,636.2578735351562,HlangwineEP,2020-01-22,2020-01-23 07:44:53.906,07:44:53,78.67200611111106,25.839955522222237
3455,366296.576,Flight4_cam1-000-000135-0,7210740.149691533,327577.0430714656,636.549560546875,HlangwineEP,2020-01-22,2020-01-23 07:44:56.576,07:44:56,78.66236444444445,25.84216568888889
3456,366297.91,Flight4_cam1-000-000136-0,7210749.12208025,327571.06958667445,636.7227783203125,HlangwineEP,2020-01-22,2020-01-23 07:44:57.910,07:44:57,78.65754722222232,25.843269944444422
3457,366299.912,Flight4_cam1-000-000137-0,7210762.173628699,327562.34441025526,636.966796875,HlangwineEP,2020-01-22,2020-01-23 07:44:59.912,07:44:59,78.65031777777774,25.844927155555563
3458,366301.914,Flight4_cam1-000-000138-0,7210775.865191714,327553.21393139585,637.2460327148438,HlangwineEP,2020-01-22,2020-01-23 07:45:01.914,07:45:01,78.64308833333338,25.846584366666658
3459,366304.05,Flight4_cam1-000-000139-0,7210790.20700858,327543.8126431522,637.5661010742188,HlangwineEP,2020-01-22,2020-01-23 07:45:04.050,07:45:04,78.63537500000005,25.84835249999999
3460,366306.586,Flight4_cam1-000-000140-0,7210807.089056481,327532.48740500293,637.8726196289062,HlangwineEP,2020-01-22,2020-01-23 07:45:06.586,07:45:06,78.6262172222222,25.850451744444452
3461,366307.92,Flight4_cam1-000-000141-0,7210815.518306317,327526.8483828454,638.05419921875,HlangwineEP,2020-01-22,2020-01-23 07:45:07.920,07:45:07,78.62140000000007,25.851555999999988
3462,366309.922,Flight4_cam1-000-000142-0,7210829.207033783,327517.6719209594,638.2764892578125,HlangwineEP,2020-01-22,2020-01-23 07:45:09.922,07:45:09,78.61417055555549,25.85321321111113
3463,366311.924,Flight4_cam1-000-000143-0,7210842.458359603,327508.77234787587,638.5745849609375,HlangwineEP,2020-01-22,2020-01-23 07:45:11.924,07:45:11,78.60694111111113,25.85487042222222
3464,366314.593,Flight4_cam1-000-000144-0,7210859.759329776,327497.11338608334,639.0176391601562,HlangwineEP,2020-01-22,2020-01-23 07:45:14.593,07:45:14,78.59730305555559,25.857079761111105
3465,366315.928,Flight4_cam1-000-000145-0,7210868.632034423,327491.06543552235,639.2205810546875,HlangwineEP,2020-01-22,2020-01-23 07:45:15.928,07:45:15,78.59248222222217,25.858184844444455
3466,366317.93,Flight4_cam1-000-000146-0,7210881.740651937,327482.1402269016,639.63330078125,HlangwineEP,2020-01-22,2020-01-23 07:45:17.930,07:45:17,78.58525277777781,25.85984205555555
3467,366319.932,Flight4_cam1-000-000147-0,7210895.46349919,327472.95075959456,640.0731811523438,HlangwineEP,2020-01-22,2020-01-23 07:45:19.932,07:45:19,78.57802333333345,25.86149926666664
3468,366322.068,Flight4_cam1-000-000148-0,7210909.575390058,327463.4241882721,640.4678955078125,HlangwineEP,2020-01-22,2020-01-23 07:45:22.068,07:45:22,78.5703099999999,25.863267400000023
3469,366324.603,Flight4_cam1-000-000149-0,7210926.369088576,327451.99839802354,640.9737548828125,HlangwineEP,2020-01-22,2020-01-23 07:45:24.603,07:45:24,78.56115583333333,25.865365816666667
3470,366325.938,Flight4_cam1-000-000150-0,7210934.859801958,327446.3383644812,641.2371215820312,HlangwineEP,2020-01-22,2020-01-23 07:45:25.938,07:45:25,78.55633499999992,25.86647090000002
3471,366327.94,Flight4_cam1-000-000151-0,7210948.657473712,327437.20989955426,641.7354736328125,HlangwineEP,2020-01-22,2020-01-23 07:45:27.940,07:45:27,78.54910555555556,25.868128111111112
3472,366329.942,Flight4_cam1-000-000152-0,7210961.895483911,327428.4005963064,642.2919921875,HlangwineEP,2020-01-22,2020-01-23 07:45:29.942,07:45:29,78.54187611111118,25.869785322222207
3473,366332.611,Flight4_cam1-000-000153-0,7210979.713687126,327416.28842542676,642.9519653320312,HlangwineEP,2020-01-22,2020-01-23 07:45:32.611,07:45:32,78.53223805555565,25.87199466111109
3474,366333.946,Flight4_cam1-000-000154-0,7210988.121547943,327410.6109168846,643.2745361328125,HlangwineEP,2020-01-22,2020-01-23 07:45:33.946,07:45:33,78.52741722222224,25.873099744444442
3475,366335.948,Flight4_cam1-000-000155-0,7211001.87455161,327401.32611369935,643.8397827148438,HlangwineEP,2020-01-22,2020-01-23 07:45:35.948,07:45:35,78.52018777777788,25.874756955555533
3476,366337.95,Flight4_cam1-000-000156-0,7211015.0785681605,327392.5222676192,644.4369506835938,HlangwineEP,2020-01-22,2020-01-23 07:45:37.950,07:45:37,78.5129583333333,25.876414166666677
3477,366340.085,Flight4_cam1-000-000157-0,7211029.14933865,327383.0557178082,644.9973754882812,HlangwineEP,2020-01-22,2020-01-23 07:45:40.085,07:45:40,78.50524861111104,25.878181472222238
3478,366342.488,Flight4_cam1-000-000158-0,7211044.887350374,327372.38358143816,645.6338500976562,HlangwineEP,2020-01-22,2020-01-23 07:45:42.488,07:45:42,78.49657111111108,25.88017062222223
3479,366343.956,Flight4_cam1-000-000159-0,7211054.406050774,327366.05364174466,646.0911254882812,HlangwineEP,2020-01-22,2020-01-23 07:45:43.956,07:45:43,78.49126999999999,25.881385800000004
3480,366345.958,Flight4_cam1-000-000160-0,7211068.106248373,327356.86920676846,646.6129760742188,HlangwineEP,2020-01-22,2020-01-23 07:45:45.958,07:45:45,78.48404055555562,25.8830430111111
3481,366347.96,Flight4_cam1-000-000161-0,7211081.209528509,327347.9860788687,647.1419677734375,HlangwineEP,2020-01-22,2020-01-23 07:45:47.960,07:45:47,78.47681111111105,25.88470022222224
3482,366350.629,Flight4_cam1-000-000162-0,7211098.998780699,327335.8168312203,647.9047241210938,HlangwineEP,2020-01-22,2020-01-23 07:45:50.629,07:45:50,78.4671730555555,25.886909561111125
3483,366352.231,Flight4_cam1-000-000163-0,7211109.447865495,327328.73757119395,648.332275390625,HlangwineEP,2020-01-22,2020-01-23 07:45:52.231,07:45:52,78.46138805555546,25.888235661111135
3484,366353.966,Flight4_cam1-000-000164-0,7211121.129056367,327320.9816089745,648.863037109375,HlangwineEP,2020-01-22,2020-01-23 07:45:53.966,07:45:53,78.45512277777773,25.88967185555557
3485,366355.968,Flight4_cam1-000-000165-0,7211134.316706497,327312.1042208123,649.4384155273438,HlangwineEP,2020-01-22,2020-01-23 07:45:55.968,07:45:55,78.44789333333337,25.89132906666666
3486,366358.103,Flight4_cam1-000-000166-0,7211148.555072678,327302.5414152217,650.0509643554688,HlangwineEP,2020-01-22,2020-01-23 07:45:58.103,07:45:58,78.44018361111111,25.893096372222224
3487,366360.506,Flight4_cam1-000-000167-0,7211164.277601526,327291.883605815,650.7601928710938,HlangwineEP,2020-01-22,2020-01-23 07:46:00.506,07:46:00,78.43150611111113,25.895085522222217
3488,366362.241,Flight4_cam1-000-000168-0,7211175.939580645,327284.137162691,651.2559204101562,HlangwineEP,2020-01-22,2020-01-23 07:46:02.241,07:46:02,78.42524083333342,25.89652171666665
3489,366363.976,Flight4_cam1-000-000169-0,7211187.59573173,327276.2763406129,651.7508544921875,HlangwineEP,2020-01-22,2020-01-23 07:46:03.976,07:46:03,78.41897555555548,25.89795791111113
3490,366365.978,Flight4_cam1-000-000170-0,7211200.702337811,327267.4367389772,652.2871704101562,HlangwineEP,2020-01-22,2020-01-23 07:46:05.978,07:46:05,78.41174611111111,25.899615122222222
3491,366368.514,Flight4_cam1-000-000171-0,7211217.355024747,327256.1858783541,653.0003662109375,HlangwineEP,2020-01-22,2020-01-23 07:46:08.514,07:46:08,78.40258833333326,25.90171436666669
3492,366369.982,Flight4_cam1-000-000172-0,7211226.79974121,327249.79790599435,653.327880859375,HlangwineEP,2020-01-22,2020-01-23 07:46:09.982,07:46:09,78.39728722222216,25.902929544444458
3493,366371.984,Flight4_cam1-000-000173-0,7211240.41674616,327240.6004008623,653.8660888671875,HlangwineEP,2020-01-22,2020-01-23 07:46:11.984,07:46:11,78.3900577777778,25.904586755555552
3494,366373.986,Flight4_cam1-000-000174-0,7211253.535235801,327231.68910606793,654.4404296875,HlangwineEP,2020-01-22,2020-01-23 07:46:13.986,07:46:13,78.38282833333344,25.906243966666647
3495,366376.121,Flight4_cam1-000-000175-0,7211267.677610852,327222.1224150225,655.0413818359375,HlangwineEP,2020-01-22,2020-01-23 07:46:16.121,07:46:16,78.37511861111118,25.90801127222221
3496,366378.524,Flight4_cam1-000-000176-0,7211283.495339905,327211.47451015154,655.750732421875,HlangwineEP,2020-01-22,2020-01-23 07:46:18.524,07:46:18,78.3664411111112,25.9100004222222
3497,366379.992,Flight4_cam1-000-000177-0,7211293.615427621,327204.7699216532,656.1489868164062,HlangwineEP,2020-01-22,2020-01-23 07:46:19.992,07:46:19,78.3611399999999,25.911215600000023
3498,366381.994,Flight4_cam1-000-000178-0,7211306.917307919,327195.9141206993,656.7119750976562,HlangwineEP,2020-01-22,2020-01-23 07:46:21.994,07:46:21,78.35391055555554,25.912872811111114
3499,366383.996,Flight4_cam1-000-000179-0,7211320.001704475,327187.09369201865,657.3402709960938,HlangwineEP,2020-01-22,2020-01-23 07:46:23.996,07:46:23,78.34668111111117,25.91453002222221
3500,366386.532,Flight4_cam1-000-000180-0,7211336.807855897,327175.69279222935,658.052490234375,HlangwineEP,2020-01-22,2020-01-23 07:46:26.532,07:46:26,78.33752333333331,25.91662926666667
3501,366388.0,Flight4_cam1-000-000181-0,7211346.32232456,327169.17549531837,658.4973754882812,HlangwineEP,2020-01-22,2020-01-23 07:46:28.000,07:46:28,78.33222222222223,25.917844444444444
3502,366390.002,Flight4_cam1-000-000182-0,7211360.038521508,327159.9304160301,659.1226806640625,HlangwineEP,2020-01-22,2020-01-23 07:46:30.002,07:46:30,78.32499277777787,25.919501655555536
3503,366392.004,Flight4_cam1-000-000183-0,7211373.1699086055,327151.074012314,659.6890258789062,HlangwineEP,2020-01-22,2020-01-23 07:46:32.004,07:46:32,78.31776333333329,25.92115886666668
3504,366394.139,Flight4_cam1-000-000184-0,7211387.388858244,327141.60995719733,660.3126831054688,HlangwineEP,2020-01-22,2020-01-23 07:46:34.139,07:46:34,78.31005361111103,25.92292617222224
3505,366396.541,Flight4_cam1-000-000185-0,7211403.161317304,327130.9584500307,661.0848999023438,HlangwineEP,2020-01-22,2020-01-23 07:46:36.541,07:46:36,78.30137972222214,25.924914494444465
3506,366397.876,Flight4_cam1-000-000186-0,7211412.082383899,327124.9518457196,661.5547485351562,HlangwineEP,2020-01-22,2020-01-23 07:46:37.876,07:46:37,78.29655888888894,25.92601957777777
3507,366400.012,Flight4_cam1-000-000187-0,7211426.314816086,327115.3335436768,662.1827392578125,HlangwineEP,2020-01-22,2020-01-23 07:46:40.012,07:46:40,78.28884555555561,25.9277877111111
3508,366402.014,Flight4_cam1-000-000188-0,7211439.516326955,327106.4827182055,662.7639770507812,HlangwineEP,2020-01-22,2020-01-23 07:46:42.014,07:46:42,78.28161611111102,25.929444922222242
3509,366404.549,Flight4_cam1-000-000189-0,7211456.434217866,327095.17006735527,663.4619750976562,HlangwineEP,2020-01-22,2020-01-23 07:46:44.549,07:46:44,78.27246194444446,25.931543338888886
3510,366405.884,Flight4_cam1-000-000190-0,7211465.405736001,327089.1393583187,663.8552856445312,HlangwineEP,2020-01-22,2020-01-23 07:46:45.884,07:46:45,78.26764111111105,25.93264842222224
3511,366407.886,Flight4_cam1-000-000191-0,7211478.510969594,327080.29218981153,664.4254760742188,HlangwineEP,2020-01-22,2020-01-23 07:46:47.886,07:46:47,78.26041166666668,25.93430563333333
3512,366409.888,Flight4_cam1-000-000192-0,7211491.633328605,327071.4194505235,664.9838256835938,HlangwineEP,2020-01-22,2020-01-23 07:46:49.888,07:46:49,78.2531822222223,25.935962844444425
3513,366412.557,Flight4_cam1-000-000193-0,7211509.492516516,327059.3960792575,665.7745361328125,HlangwineEP,2020-01-22,2020-01-23 07:46:52.557,07:46:52,78.24354416666678,25.93817218333331
3514,366413.892,Flight4_cam1-000-000194-0,7211518.421129221,327053.3255332123,666.170166015625,HlangwineEP,2020-01-22,2020-01-23 07:46:53.892,07:46:53,78.23872333333337,25.93927726666666
3515,366415.894,Flight4_cam1-000-000195-0,7211531.590992504,327044.4916146866,666.8093872070312,HlangwineEP,2020-01-22,2020-01-23 07:46:55.894,07:46:55,78.231493888889,25.940934477777752
3516,366417.896,Flight4_cam1-000-000196-0,7211544.721167894,327035.6239623742,667.433837890625,HlangwineEP,2020-01-22,2020-01-23 07:46:57.896,07:46:57,78.22426444444443,25.942591688888896
3517,366420.031,Flight4_cam1-000-000197-0,7211558.880436333,327025.9599974009,668.0365600585938,HlangwineEP,2020-01-22,2020-01-23 07:47:00.031,07:47:00,78.21655472222217,25.944358994444457
3518,366422.567,Flight4_cam1-000-000198-0,7211575.664097343,327014.669410018,668.8035278320312,HlangwineEP,2020-01-22,2020-01-23 07:47:02.567,07:47:02,78.20739694444453,25.946458238888873
3519,366423.902,Flight4_cam1-000-000199-0,7211584.758621152,327008.69482765195,669.2368774414062,HlangwineEP,2020-01-22,2020-01-23 07:47:03.902,07:47:03,78.20257611111111,25.947563322222223
3520,366425.904,Flight4_cam1-000-000200-0,7211597.907439809,326999.77461557783,669.8195190429688,HlangwineEP,2020-01-22,2020-01-23 07:47:05.904,07:47:05,78.19534666666675,25.949220533333317
3521,366427.906,Flight4_cam1-000-000201-0,7211611.003925268,326990.9021705764,670.3826904296875,HlangwineEP,2020-01-22,2020-01-23 07:47:07.906,07:47:07,78.18811722222216,25.95087774444446
3522,366430.575,Flight4_cam1-000-000202-0,7211628.790730713,326978.81868521415,671.151611328125,HlangwineEP,2020-01-22,2020-01-23 07:47:10.575,07:47:10,78.17847916666663,25.953087083333344
3523,366431.91,Flight4_cam1-000-000203-0,7211637.7111195,326972.7360702372,671.5247192382812,HlangwineEP,2020-01-22,2020-01-23 07:47:11.910,07:47:11,78.17365833333344,25.954192166666644
3524,366433.912,Flight4_cam1-000-000204-0,7211650.8823135905,326963.8755814956,672.0887451171875,HlangwineEP,2020-01-22,2020-01-23 07:47:13.912,07:47:13,78.16642888888886,25.95584937777779
3525,366435.914,Flight4_cam1-000-000205-0,7211664.0281761065,326955.09470591124,672.6461791992188,HlangwineEP,2020-01-22,2020-01-23 07:47:15.914,07:47:15,78.15919944444448,25.95750658888888
3526,366438.583,Flight4_cam1-000-000206-0,7211682.01013498,326943.2524417303,673.2957763671875,HlangwineEP,2020-01-22,2020-01-23 07:47:18.583,07:47:18,78.14956138888896,25.959715927777765
3527,366439.918,Flight4_cam1-000-000207-0,7211690.943230483,326937.2060102923,673.5634155273438,HlangwineEP,2020-01-22,2020-01-23 07:47:19.918,07:47:19,78.14474055555554,25.960821011111115
3528,366441.92,Flight4_cam1-000-000208-0,7211704.048558394,326928.33398800506,673.867919921875,HlangwineEP,2020-01-22,2020-01-23 07:47:21.920,07:47:21,78.13751111111118,25.96247822222221
3529,366443.922,Flight4_cam1-000-000209-0,7211717.155245999,326919.4549406339,674.0789184570312,HlangwineEP,2020-01-22,2020-01-23 07:47:23.922,07:47:23,78.1302816666666,25.96413543333335
3530,366446.057,Flight4_cam1-000-000210-0,7211731.366918614,326909.80953274586,674.2301635742188,HlangwineEP,2020-01-22,2020-01-23 07:47:26.057,07:47:26,78.12257194444456,25.965902738888865
3531,366448.593,Flight4_cam1-000-000211-0,7211748.159982739,326898.4498739983,674.3366088867188,HlangwineEP,2020-01-22,2020-01-23 07:47:28.593,07:47:28,78.1134141666667,25.968001983333327
3532,366449.928,Flight4_cam1-000-000212-0,7211757.160737788,326892.4392276365,674.3132934570312,HlangwineEP,2020-01-22,2020-01-23 07:47:29.928,07:47:29,78.10859333333329,25.969107066666677
3533,366451.93,Flight4_cam1-000-000213-0,7211770.365230211,326883.6730491095,674.2131958007812,HlangwineEP,2020-01-22,2020-01-23 07:47:31.930,07:47:31,78.10136388888893,25.97076427777777
3534,366453.932,Flight4_cam1-000-000214-0,7211783.543573689,326874.894602679,674.00732421875,HlangwineEP,2020-01-22,2020-01-23 07:47:33.932,07:47:33,78.09413444444455,25.972421488888866
3535,366456.601,Flight4_cam1-000-000215-0,7211801.27834365,326862.94763678906,673.7583618164062,HlangwineEP,2020-01-22,2020-01-23 07:47:36.601,07:47:36,78.08449638888881,25.974630827777798
3536,366457.936,Flight4_cam1-000-000216-0,7211810.16024009,326856.8674913491,673.67529296875,HlangwineEP,2020-01-22,2020-01-23 07:47:37.936,07:47:37,78.07967555555561,25.9757359111111
3537,366459.938,Flight4_cam1-000-000217-0,7211823.3313229345,326848.05641352374,673.5932006835938,HlangwineEP,2020-01-22,2020-01-23 07:47:39.938,07:47:39,78.07244611111103,25.977393122222242
3538,366461.94,Flight4_cam1-000-000218-0,7211836.683100427,326839.1755317416,673.465087890625,HlangwineEP,2020-01-22,2020-01-23 07:47:41.940,07:47:41,78.06521666666666,25.979050333333333
3539,366464.075,Flight4_cam1-000-000219-0,7211850.927061017,326829.612426864,673.2632446289062,HlangwineEP,2020-01-22,2020-01-23 07:47:44.075,07:47:44,78.05750694444441,25.980817638888897
3540,366466.611,Flight4_cam1-000-000220-0,7211867.805107709,326818.24419915385,673.1281127929688,HlangwineEP,2020-01-22,2020-01-23 07:47:46.611,07:47:46,78.04834916666677,25.982916883333314
3541,366467.946,Flight4_cam1-000-000221-0,7211877.174474711,326812.92727270076,673.0841674804688,HlangwineEP,2020-01-22,2020-01-23 07:47:47.946,07:47:47,78.04352833333336,25.984021966666663
3542,366469.948,Flight4_cam1-000-000222-0,7211892.680450014,326809.72679854,673.1614379882812,HlangwineEP,2020-01-22,2020-01-23 07:47:49.948,07:47:49,78.03629888888898,25.985679177777758
3543,366471.95,Flight4_cam1-000-000223-0,7211907.96205993,326814.0141855286,673.4933471679688,HlangwineEP,2020-01-22,2020-01-23 07:47:51.950,07:47:51,78.0290694444444,25.9873363888889
3544,366474.619,Flight4_cam1-000-000224-0,7211924.3252088,326828.92087627586,674.2367553710938,HlangwineEP,2020-01-22,2020-01-23 07:47:54.619,07:47:54,78.01943138888888,25.98954572777778
3545,366475.954,Flight4_cam1-000-000225-0,7211930.654040014,326836.456174528,674.5382690429688,HlangwineEP,2020-01-22,2020-01-23 07:47:55.954,07:47:55,78.01461055555546,25.990650811111134
3546,366477.956,Flight4_cam1-000-000226-0,7211939.854607627,326846.54797848914,674.9619750976562,HlangwineEP,2020-01-22,2020-01-23 07:47:57.956,07:47:57,78.0073811111111,25.992308022222225
3547,366479.958,Flight4_cam1-000-000227-0,7211947.876547146,326858.7977841699,675.5269775390625,HlangwineEP,2020-01-22,2020-01-23 07:47:59.958,07:47:59,78.00015166666672,25.99396523333332
3548,366482.093,Flight4_cam1-000-000228-0,7211947.599956816,326875.1585839212,675.9506225585938,HlangwineEP,2020-01-22,2020-01-23 07:48:02.093,07:48:02,77.99244194444448,25.995732538888884
3549,366484.495,Flight4_cam1-000-000229-0,7211934.916011192,326888.30715459725,675.9185791015625,HlangwineEP,2020-01-22,2020-01-23 07:48:04.495,07:48:04,77.98376805555557,25.997720861111105
3550,366485.963,Flight4_cam1-000-000230-0,7211924.965025054,326894.04191737034,675.7551879882812,HlangwineEP,2020-01-22,2020-01-23 07:48:05.963,07:48:05,77.97846694444449,25.99893603888888
3551,366487.965,Flight4_cam1-000-000231-0,7211913.377128905,326901.1261235003,675.5353393554688,HlangwineEP,2020-01-22,2020-01-23 07:48:07.965,07:48:07,77.97123749999992,26.000593250000023
3552,366489.967,Flight4_cam1-000-000232-0,7211902.227912228,326908.72158001934,675.4044189453125,HlangwineEP,2020-01-22,2020-01-23 07:48:09.967,07:48:09,77.96400805555555,26.002250461111114
3553,366492.503,Flight4_cam1-000-000233-0,7211886.576317681,326919.40428582835,675.2417602539062,HlangwineEP,2020-01-22,2020-01-23 07:48:12.503,07:48:12,77.9548502777777,26.004349705555576
3554,366493.971,Flight4_cam1-000-000234-0,7211876.860139114,326926.0328750289,675.1044311523438,HlangwineEP,2020-01-22,2020-01-23 07:48:13.971,07:48:13,77.9495491666666,26.00556488333335
3555,366495.973,Flight4_cam1-000-000235-0,7211863.9759756215,326934.9361206651,674.9474487304688,HlangwineEP,2020-01-22,2020-01-23 07:48:15.973,07:48:15,77.94231972222224,26.007222094444444
3556,366497.975,Flight4_cam1-000-000236-0,7211850.918882763,326943.793386701,674.73046875,HlangwineEP,2020-01-22,2020-01-23 07:48:17.975,07:48:17,77.93509027777787,26.008879305555535
3557,366500.511,Flight4_cam1-000-000237-0,7211834.169698821,326955.259403719,674.5228271484375,HlangwineEP,2020-01-22,2020-01-23 07:48:20.511,07:48:20,77.92593250000002,26.010978549999997
3558,366502.38,Flight4_cam1-000-000238-0,7211821.650709045,326963.7949831943,674.3724975585938,HlangwineEP,2020-01-22,2020-01-23 07:48:22.380,07:48:22,77.91918333333332,26.01252566666667
3559,366503.981,Flight4_cam1-000-000239-0,7211811.2002432365,326970.83342575026,674.2608032226562,HlangwineEP,2020-01-22,2020-01-23 07:48:23.981,07:48:23,77.91340194444435,26.01385093888891
3560,366505.983,Flight4_cam1-000-000240-0,7211798.019844903,326979.54297425546,674.0859375,HlangwineEP,2020-01-22,2020-01-23 07:48:25.983,07:48:25,77.90617249999998,26.015508150000006
3561,366508.119,Flight4_cam1-000-000241-0,7211783.853817193,326989.0871494353,673.8460083007812,HlangwineEP,2020-01-22,2020-01-23 07:48:28.119,07:48:28,77.89845916666665,26.017276283333338
3562,366510.521,Flight4_cam1-000-000242-0,7211768.038300483,326999.6949806077,673.5419311523438,HlangwineEP,2020-01-22,2020-01-23 07:48:30.521,07:48:30,77.88978527777776,26.019264605555563
3563,366512.256,Flight4_cam1-000-000243-0,7211756.464113991,327007.4499084509,673.2903442382812,HlangwineEP,2020-01-22,2020-01-23 07:48:32.256,07:48:32,77.88352000000003,26.020700799999993
3564,366513.991,Flight4_cam1-000-000244-0,7211744.941963317,327015.22601671924,672.9806518554688,HlangwineEP,2020-01-22,2020-01-23 07:48:33.991,07:48:33,77.8772547222223,26.022136994444427
3565,366515.993,Flight4_cam1-000-000245-0,7211731.884037629,327024.112823977,672.5980834960938,HlangwineEP,2020-01-22,2020-01-23 07:48:35.993,07:48:35,77.87002527777773,26.023794205555568
3566,366518.529,Flight4_cam1-000-000246-0,7211714.944949953,327035.27125545376,672.0845947265625,HlangwineEP,2020-01-22,2020-01-23 07:48:38.529,07:48:38,77.86086750000008,26.025893449999984
3567,366519.997,Flight4_cam1-000-000247-0,7211704.935976778,327041.9916650363,671.7830810546875,HlangwineEP,2020-01-22,2020-01-23 07:48:39.997,07:48:39,77.85556638888899,26.027108627777757
3568,366521.999,Flight4_cam1-000-000248-0,7211691.820508357,327050.9977940705,671.37890625,HlangwineEP,2020-01-22,2020-01-23 07:48:41.999,07:48:41,77.84833694444441,26.028765838888898
3569,366526.137,Flight4_cam1-000-000249-0,7211664.562854335,327069.51668831805,670.2452392578125,HlangwineEP,2020-01-22,2020-01-23 07:48:46.137,07:48:46,77.83339416666672,26.032191183333325
3570,366528.539,Flight4_cam1-000-000250-0,7211648.659704231,327080.02241933654,669.5037841796875,HlangwineEP,2020-01-22,2020-01-23 07:48:48.539,07:48:48,77.82472027777783,26.034179505555546
3571,366530.007,Flight4_cam1-000-000251-0,7211638.652315931,327086.7536170699,669.0237426757812,HlangwineEP,2020-01-22,2020-01-23 07:48:50.007,07:48:50,77.81941916666673,26.03539468333332
3572,366532.009,Flight4_cam1-000-000252-0,7211625.441295497,327095.6682928984,668.3206176757812,HlangwineEP,2020-01-22,2020-01-23 07:48:52.009,07:48:52,77.81218972222216,26.03705189444446
3573,366534.011,Flight4_cam1-000-000253-0,7211612.324274691,327104.48871393653,667.5158081054688,HlangwineEP,2020-01-22,2020-01-23 07:48:54.011,07:48:54,77.8049602777778,26.038709105555554
3574,366536.547,Flight4_cam1-000-000254-0,7211595.549513424,327115.88975737954,666.5679931640625,HlangwineEP,2020-01-22,2020-01-23 07:48:56.547,07:48:56,77.79580249999994,26.040808350000017
3575,366538.015,Flight4_cam1-000-000255-0,7211585.514360583,327122.6271845645,665.9530639648438,HlangwineEP,2020-01-22,2020-01-23 07:48:58.015,07:48:58,77.79050138888884,26.04202352777779
3576,366539.884,Flight4_cam1-000-000256-0,7211573.429336419,327130.6943168861,665.166748046875,HlangwineEP,2020-01-22,2020-01-23 07:48:59.884,07:48:59,77.78375222222216,26.04357064444446
3577,366541.886,Flight4_cam1-000-000257-0,7211560.362285757,327139.4909974403,664.3294677734375,HlangwineEP,2020-01-22,2020-01-23 07:49:01.886,07:49:01,77.77652277777779,26.045227855555552
3578,366544.555,Flight4_cam1-000-000258-0,7211542.561454922,327151.53281607985,663.1958618164062,HlangwineEP,2020-01-22,2020-01-23 07:49:04.555,07:49:04,77.76688472222226,26.047437194444438
3579,366545.89,Flight4_cam1-000-000259-0,7211533.582541258,327157.5977929719,662.5825805664062,HlangwineEP,2020-01-22,2020-01-23 07:49:05.890,07:49:05,77.76206388888885,26.048542277777788
3580,366547.892,Flight4_cam1-000-000260-0,7211520.404838597,327166.37134662026,661.7971801757812,HlangwineEP,2020-01-22,2020-01-23 07:49:07.892,07:49:07,77.75483444444448,26.050199488888882
3581,366549.894,Flight4_cam1-000-000261-0,7211507.244396117,327175.10073802574,660.9210815429688,HlangwineEP,2020-01-22,2020-01-23 07:49:09.894,07:49:09,77.7476050000001,26.051856699999977
3582,366552.029,Flight4_cam1-000-000262-0,7211493.075240449,327184.6473163536,660.0419311523438,HlangwineEP,2020-01-22,2020-01-23 07:49:12.029,07:49:12,77.73989527777786,26.05362400555554
3583,366554.565,Flight4_cam1-000-000263-0,7211476.294702104,327196.0337972243,659.01318359375,HlangwineEP,2020-01-22,2020-01-23 07:49:14.565,07:49:14,77.7307375,26.05572325
3584,366555.9,Flight4_cam1-000-000264-0,7211467.402996598,327202.07756137394,658.5592651367188,HlangwineEP,2020-01-22,2020-01-23 07:49:15.900,07:49:15,77.72591666666659,26.056828333333353
3585,366557.901,Flight4_cam1-000-000265-0,7211454.257789091,327210.98916648957,657.8613891601562,HlangwineEP,2020-01-22,2020-01-23 07:49:17.901,07:49:17,77.7186908333333,26.058484716666676
3586,366559.903,Flight4_cam1-000-000266-0,7211441.107792234,327219.8693881848,657.1622314453125,HlangwineEP,2020-01-22,2020-01-23 07:49:19.903,07:49:19,77.71146138888892,26.06014192777777
3587,366562.573,Flight4_cam1-000-000267-0,7211423.224365947,327231.91190236557,656.2007446289062,HlangwineEP,2020-01-22,2020-01-23 07:49:22.573,07:49:22,77.70181972222233,26.062352094444424
3588,366563.907,Flight4_cam1-000-000268-0,7211414.247609822,327237.8715329674,655.7388916015625,HlangwineEP,2020-01-22,2020-01-23 07:49:23.907,07:49:23,77.69700249999998,26.063456350000006
3589,366565.909,Flight4_cam1-000-000269-0,7211401.082607159,327246.6821793766,655.0706176757812,HlangwineEP,2020-01-22,2020-01-23 07:49:25.909,07:49:25,77.68977305555562,26.065113561111097
3590,366567.911,Flight4_cam1-000-000270-0,7211387.964112066,327255.46438909974,654.3511352539062,HlangwineEP,2020-01-22,2020-01-23 07:49:27.911,07:49:27,77.68254361111104,26.06677077222224
3591,366570.047,Flight4_cam1-000-000271-0,7211373.730812723,327265.00247999805,653.5715942382812,HlangwineEP,2020-01-22,2020-01-23 07:49:30.047,07:49:30,77.67483027777772,26.06853890555557
3592,366572.583,Flight4_cam1-000-000272-0,7211356.931878317,327276.4267421549,652.818603515625,HlangwineEP,2020-01-22,2020-01-23 07:49:32.583,07:49:32,77.66567250000006,26.070638149999986
3593,366573.917,Flight4_cam1-000-000273-0,7211347.999752188,327282.5474074186,652.4188232421875,HlangwineEP,2020-01-22,2020-01-23 07:49:33.917,07:49:33,77.66085527777773,26.071742405555568
3594,366575.919,Flight4_cam1-000-000274-0,7211334.900922442,327291.4654314901,651.8541259765625,HlangwineEP,2020-01-22,2020-01-23 07:49:35.919,07:49:35,77.65362583333336,26.073399616666663
3595,366577.921,Flight4_cam1-000-000275-0,7211321.732316086,327300.3483911961,651.27685546875,HlangwineEP,2020-01-22,2020-01-23 07:49:37.921,07:49:37,77.64639638888899,26.075056827777754
3596,366580.591,Flight4_cam1-000-000276-0,7211303.892044572,327312.38465472107,650.5205078125,HlangwineEP,2020-01-22,2020-01-23 07:49:40.591,07:49:40,77.63675472222218,26.077266994444457
3597,366582.459,Flight4_cam1-000-000277-0,7211291.237521263,327320.838935788,649.9417114257812,HlangwineEP,2020-01-22,2020-01-23 07:49:42.459,07:49:42,77.63000916666677,26.07881328333331
3598,366583.927,Flight4_cam1-000-000278-0,7211281.70035328,327327.24020672403,649.574951171875,HlangwineEP,2020-01-22,2020-01-23 07:49:43.927,07:49:43,77.62470805555547,26.08002846111113
3599,366585.929,Flight4_cam1-000-000279-0,7211268.547364837,327336.13300622,649.0458374023438,HlangwineEP,2020-01-22,2020-01-23 07:49:45.929,07:49:45,77.6174786111111,26.081685672222225
3600,366588.599,Flight4_cam1-000-000280-0,7211250.634040991,327348.1008452439,648.2752685546875,HlangwineEP,2020-01-22,2020-01-23 07:49:48.599,07:49:48,77.6078369444445,26.08389583888888
3601,366589.933,Flight4_cam1-000-000281-0,7211241.698636656,327354.10980323027,647.8745727539062,HlangwineEP,2020-01-22,2020-01-23 07:49:49.933,07:49:49,77.60301972222216,26.08500009444446
3602,366591.935,Flight4_cam1-000-000282-0,7211228.620355981,327363.085073281,647.3577880859375,HlangwineEP,2020-01-22,2020-01-23 07:49:51.935,07:49:51,77.5957902777778,26.086657305555555
3603,366593.937,Flight4_cam1-000-000283-0,7211215.467181036,327371.9890561801,646.8182983398438,HlangwineEP,2020-01-22,2020-01-23 07:49:53.937,07:49:53,77.58856083333342,26.088314516666646
3604,366596.073,Flight4_cam1-000-000284-0,7211201.28706288,327381.5515525497,646.2196655273438,HlangwineEP,2020-01-22,2020-01-23 07:49:56.073,07:49:56,77.58084750000009,26.090082649999978
3605,366598.475,Flight4_cam1-000-000285-0,7211185.552001887,327392.13467347086,645.6036987304688,HlangwineEP,2020-01-22,2020-01-23 07:49:58.475,07:49:58,77.5721736111112,26.092070972222203
3606,366599.943,Flight4_cam1-000-000286-0,7211175.538906792,327398.8886088701,645.210693359375,HlangwineEP,2020-01-22,2020-01-23 07:49:59.943,07:49:59,77.5668724999999,26.093286150000022
3607,366601.945,Flight4_cam1-000-000287-0,7211162.301737918,327407.81062806834,644.70947265625,HlangwineEP,2020-01-22,2020-01-23 07:50:01.945,07:50:01,77.55964305555554,26.094943361111117
3608,366603.947,Flight4_cam1-000-000288-0,7211149.170399837,327416.6528241965,644.2332763671875,HlangwineEP,2020-01-22,2020-01-23 07:50:03.947,07:50:03,77.55241361111118,26.09660057222221
3609,366606.616,Flight4_cam1-000-000289-0,7211131.233350104,327428.61902593577,643.5950317382812,HlangwineEP,2020-01-22,2020-01-23 07:50:06.616,07:50:06,77.54277555555564,26.098809911111093
3610,366607.951,Flight4_cam1-000-000290-0,7211122.2631114675,327434.6251132728,643.3072509765625,HlangwineEP,2020-01-22,2020-01-23 07:50:07.951,07:50:07,77.53795472222222,26.099914994444447
3611,366609.953,Flight4_cam1-000-000291-0,7211109.136900196,327443.43762589095,642.9017333984375,HlangwineEP,2020-01-22,2020-01-23 07:50:09.953,07:50:09,77.53072527777786,26.101572205555538
3612,366611.955,Flight4_cam1-000-000292-0,7211096.076989485,327452.3883228474,642.618408203125,HlangwineEP,2020-01-22,2020-01-23 07:50:11.955,07:50:11,77.52349583333329,26.10322941666668
3613,366614.091,Flight4_cam1-000-000293-0,7211081.836331433,327462.0155868507,642.283935546875,HlangwineEP,2020-01-22,2020-01-23 07:50:14.091,07:50:14,77.51578249999996,26.10499755000001
3614,366616.493,Flight4_cam1-000-000294-0,7211065.99097459,327472.5632225057,641.869140625,HlangwineEP,2020-01-22,2020-01-23 07:50:16.493,07:50:16,77.50710861111105,26.106985872222236
3615,366617.961,Flight4_cam1-000-000295-0,7211055.919344294,327479.3296237517,641.6046142578125,HlangwineEP,2020-01-22,2020-01-23 07:50:17.961,07:50:17,77.50180749999997,26.10820105000001
3616,366619.963,Flight4_cam1-000-000296-0,7211042.734730046,327488.15651850635,641.2977905273438,HlangwineEP,2020-01-22,2020-01-23 07:50:19.963,07:50:19,77.4945780555556,26.1098582611111
3617,366621.965,Flight4_cam1-000-000297-0,7211029.5817369,327497.0710043673,640.9841918945312,HlangwineEP,2020-01-22,2020-01-23 07:50:21.965,07:50:21,77.48734861111103,26.111515472222244
3618,366624.634,Flight4_cam1-000-000298-0,7211011.785648426,327509.20753611194,640.533203125,HlangwineEP,2020-01-22,2020-01-23 07:50:24.634,07:50:24,77.47771055555549,26.113724811111126
3619,366625.969,Flight4_cam1-000-000299-0,7211002.792440889,327515.2126424362,640.3563842773438,HlangwineEP,2020-01-22,2020-01-23 07:50:25.969,07:50:25,77.47288972222229,26.11482989444443
3620,366627.971,Flight4_cam1-000-000300-0,7210989.590367598,327523.9924176518,639.9847412109375,HlangwineEP,2020-01-22,2020-01-23 07:50:27.971,07:50:27,77.46566027777772,26.11648710555557
3621,366629.973,Flight4_cam1-000-000301-0,7210976.4087851,327532.8124970274,639.6576538085938,HlangwineEP,2020-01-22,2020-01-23 07:50:29.973,07:50:29,77.45843083333335,26.118144316666665
3622,366632.509,Flight4_cam1-000-000302-0,7210959.640480084,327544.14393985906,639.2705688476562,HlangwineEP,2020-01-22,2020-01-23 07:50:32.509,07:50:32,77.4492730555555,26.120243561111128
3623,366633.977,Flight4_cam1-000-000303-0,7210949.709430931,327550.95380568533,639.0178833007812,HlangwineEP,2020-01-22,2020-01-23 07:50:33.977,07:50:33,77.4439719444444,26.1214587388889
3624,366635.979,Flight4_cam1-000-000304-0,7210936.480006011,327559.8547266205,638.7218017578125,HlangwineEP,2020-01-22,2020-01-23 07:50:35.979,07:50:35,77.43674250000004,26.123115949999992
3625,366637.981,Flight4_cam1-000-000305-0,7210923.236553809,327568.6797671282,638.4319458007812,HlangwineEP,2020-01-22,2020-01-23 07:50:37.981,07:50:37,77.42951305555546,26.124773161111136
3626,366640.517,Flight4_cam1-000-000306-0,7210906.4034878295,327579.93808235123,638.0869140625,HlangwineEP,2020-01-22,2020-01-23 07:50:40.517,07:50:40,77.42035527777782,26.12687240555555
3627,366642.385,Flight4_cam1-000-000307-0,7210893.861724103,327588.51329176675,637.8937377929688,HlangwineEP,2020-01-22,2020-01-23 07:50:42.385,07:50:42,77.41360972222219,26.128418694444452
3628,366643.987,Flight4_cam1-000-000308-0,7210883.290296423,327595.5871082181,637.7570190429688,HlangwineEP,2020-01-22,2020-01-23 07:50:43.987,07:50:43,77.40782472222214,26.129744794444463
3629,366645.989,Flight4_cam1-000-000309-0,7210870.146301171,327604.4937051594,637.6445922851562,HlangwineEP,2020-01-22,2020-01-23 07:50:45.989,07:50:45,77.40059527777778,26.131402005555557
3630,366648.124,Flight4_cam1-000-000310-0,7210856.007543481,327613.99645932025,637.5335083007812,HlangwineEP,2020-01-22,2020-01-23 07:50:48.124,07:50:48,77.39288555555552,26.133169311111118
3631,366650.527,Flight4_cam1-000-000311-0,7210840.139245601,327624.57619615074,637.4686279296875,HlangwineEP,2020-01-22,2020-01-23 07:50:50.527,07:50:50,77.38420805555556,26.13515846111111
3632,366652.128,Flight4_cam1-000-000312-0,7210829.6148745995,327631.6638372835,637.4632568359375,HlangwineEP,2020-01-22,2020-01-23 07:50:52.128,07:50:52,77.37842666666658,26.136483733333353
3633,366653.997,Flight4_cam1-000-000313-0,7210816.966837008,327640.2172659816,637.4330444335938,HlangwineEP,2020-01-22,2020-01-23 07:50:53.997,07:50:53,77.3716775000001,26.13803084999998
3634,366655.999,Flight4_cam1-000-000314-0,7210803.78961865,327649.05556138325,637.4204711914062,HlangwineEP,2020-01-22,2020-01-23 07:50:55.999,07:50:55,77.36444805555553,26.13968806111112
3635,366658.535,Flight4_cam1-000-000315-0,7210787.141653574,327660.34131733736,637.3566284179688,HlangwineEP,2020-01-22,2020-01-23 07:50:58.535,07:50:58,77.35529027777788,26.141787305555535
3636,366660.003,Flight4_cam1-000-000316-0,7210777.137350211,327667.1131879878,637.380615234375,HlangwineEP,2020-01-22,2020-01-23 07:51:00.003,07:51:00,77.34998916666657,26.143002483333355
3637,366662.005,Flight4_cam1-000-000317-0,7210764.009107029,327676.0101237676,637.4481811523438,HlangwineEP,2020-01-22,2020-01-23 07:51:02.005,07:51:02,77.34275972222221,26.14465969444445
3638,366664.007,Flight4_cam1-000-000318-0,7210750.766655916,327684.92013694276,637.4696044921875,HlangwineEP,2020-01-22,2020-01-23 07:51:04.007,07:51:04,77.33553027777785,26.14631690555554
3639,366666.142,Flight4_cam1-000-000319-0,7210736.56708999,327694.5251029418,637.4464111328125,HlangwineEP,2020-01-22,2020-01-23 07:51:06.142,07:51:06,77.32782055555559,26.148084211111104
3640,366668.545,Flight4_cam1-000-000320-0,7210720.670298124,327704.9359148466,637.4208984375,HlangwineEP,2020-01-22,2020-01-23 07:51:08.545,07:51:08,77.31914305555563,26.150073361111097
3641,366670.013,Flight4_cam1-000-000321-0,7210710.695067848,327711.6635891716,637.4896850585938,HlangwineEP,2020-01-22,2020-01-23 07:51:10.013,07:51:10,77.31384194444453,26.15128853888887
3642,366672.015,Flight4_cam1-000-000322-0,7210697.846476555,327721.21781394794,637.5126953125,HlangwineEP,2020-01-22,2020-01-23 07:51:12.015,07:51:12,77.30661249999996,26.15294575000001
3643,366674.017,Flight4_cam1-000-000323-0,7210688.965071613,327734.29744570877,637.618408203125,HlangwineEP,2020-01-22,2020-01-23 07:51:14.017,07:51:14,77.2993830555556,26.154602961111106
3644,366676.552,Flight4_cam1-000-000324-0,7210689.3945487775,327753.9999626484,637.896484375,HlangwineEP,2020-01-22,2020-01-23 07:51:16.552,07:51:16,77.2902288888888,26.1567013777778
3645,366677.887,Flight4_cam1-000-000325-0,7210694.3109931685,327764.0278280454,638.0601196289062,HlangwineEP,2020-01-22,2020-01-23 07:51:17.887,07:51:17,77.2854080555556,26.1578064611111
3646,366680.023,Flight4_cam1-000-000326-0,7210702.906067623,327776.6476617564,638.1751708984375,HlangwineEP,2020-01-22,2020-01-23 07:51:20.023,07:51:20,77.27769472222228,26.159574594444432
3647,366681.891,Flight4_cam1-000-000327-0,7210709.161146884,327787.2989331932,638.3662109375,HlangwineEP,2020-01-22,2020-01-23 07:51:21.891,07:51:21,77.27094916666667,26.161120883333336
3648,366684.027,Flight4_cam1-000-000328-0,7210719.267834183,327799.9215310184,638.7305297851562,HlangwineEP,2020-01-22,2020-01-23 07:51:24.027,07:51:24,77.26323583333334,26.162889016666668
3649,366686.562,Flight4_cam1-000-000329-0,7210737.902864722,327804.97016468784,639.1925659179688,HlangwineEP,2020-01-22,2020-01-23 07:51:26.562,07:51:26,77.25408166666676,26.164987433333312
3650,366687.897,Flight4_cam1-000-000330-0,7210747.048054682,327801.7248938886,639.3612060546875,HlangwineEP,2020-01-22,2020-01-23 07:51:27.897,07:51:27,77.24926083333335,26.166092516666666
3651,366689.899,Flight4_cam1-000-000331-0,7210759.032979027,327793.3661537753,639.6312866210938,HlangwineEP,2020-01-22,2020-01-23 07:51:29.899,07:51:29,77.24203138888899,26.167749727777757
3652,366691.901,Flight4_cam1-000-000332-0,7210770.096832945,327785.1670657592,639.871337890625,HlangwineEP,2020-01-22,2020-01-23 07:51:31.901,07:51:31,77.2348019444444,26.169406938888898
3653,366694.57,Flight4_cam1-000-000333-0,7210785.504939959,327775.0515337861,640.1871337890625,HlangwineEP,2020-01-22,2020-01-23 07:51:34.570,07:51:34,77.22516388888887,26.171616277777783
3654,366695.905,Flight4_cam1-000-000334-0,7210794.1859902,327769.5256356599,640.3464965820312,HlangwineEP,2020-01-22,2020-01-23 07:51:35.905,07:51:35,77.22034305555546,26.172721361111133
3655,366697.907,Flight4_cam1-000-000335-0,7210807.545407221,327760.8078977975,640.63330078125,HlangwineEP,2020-01-22,2020-01-23 07:51:37.907,07:51:37,77.2131136111111,26.174378572222228
3656,366699.909,Flight4_cam1-000-000336-0,7210820.637660742,327752.00444476155,640.8634033203125,HlangwineEP,2020-01-22,2020-01-23 07:51:39.909,07:51:39,77.20588416666672,26.17603578333332
3657,366702.044,Flight4_cam1-000-000337-0,7210834.78033241,327742.44969464815,641.1742553710938,HlangwineEP,2020-01-22,2020-01-23 07:51:42.044,07:51:42,77.19817444444448,26.177803088888883
3658,366704.58,Flight4_cam1-000-000338-0,7210851.611761878,327731.17646054726,641.5811157226562,HlangwineEP,2020-01-22,2020-01-23 07:51:44.580,07:51:44,77.18901666666662,26.179902333333345
3659,366705.915,Flight4_cam1-000-000339-0,7210860.553955546,327725.2128415422,641.7846069335938,HlangwineEP,2020-01-22,2020-01-23 07:51:45.915,07:51:45,77.18419583333342,26.18100741666665
3660,366707.917,Flight4_cam1-000-000340-0,7210873.721245427,327716.44422480394,642.0829467773438,HlangwineEP,2020-01-22,2020-01-23 07:51:47.917,07:51:47,77.17696638888884,26.18266462777779
3661,366709.919,Flight4_cam1-000-000341-0,7210887.470339385,327707.2982986289,642.3865966796875,HlangwineEP,2020-01-22,2020-01-23 07:51:49.919,07:51:49,77.16973694444447,26.184321838888884
3662,366712.588,Flight4_cam1-000-000342-0,7210904.696008455,327695.69215070264,642.6624145507812,HlangwineEP,2020-01-22,2020-01-23 07:51:52.588,07:51:52,77.16009888888894,26.186531177777766
3663,366713.923,Flight4_cam1-000-000343-0,7210913.660592443,327689.66900100384,642.884765625,HlangwineEP,2020-01-22,2020-01-23 07:51:53.923,07:51:53,77.15527805555553,26.18763626111112
3664,366715.925,Flight4_cam1-000-000344-0,7210926.961755758,327680.7687181216,643.196533203125,HlangwineEP,2020-01-22,2020-01-23 07:51:55.925,07:51:55,77.14804861111116,26.18929347222221
3665,366717.927,Flight4_cam1-000-000345-0,7210940.092639016,327671.8948990789,643.4852294921875,HlangwineEP,2020-01-22,2020-01-23 07:51:57.927,07:51:57,77.14081916666657,26.190950683333355
3666,366720.596,Flight4_cam1-000-000346-0,7210957.880231217,327660.0513039674,643.779052734375,HlangwineEP,2020-01-22,2020-01-23 07:52:00.596,07:52:00,77.13118111111105,26.193160022222237
3667,366721.931,Flight4_cam1-000-000347-0,7210966.832934011,327654.00833472016,643.9674682617188,HlangwineEP,2020-01-22,2020-01-23 07:52:01.931,07:52:01,77.12636027777785,26.19426510555554
3668,366723.933,Flight4_cam1-000-000348-0,7210979.908630064,327645.1292172852,644.2703857421875,HlangwineEP,2020-01-22,2020-01-23 07:52:03.933,07:52:03,77.11913083333327,26.19592231666668
3669,366725.935,Flight4_cam1-000-000349-0,7210993.043438362,327636.3095220185,644.609375,HlangwineEP,2020-01-22,2020-01-23 07:52:05.935,07:52:05,77.1119013888889,26.197579527777776
3670,366728.07,Flight4_cam1-000-000350-0,7211007.269055517,327626.73823540483,644.9546508789062,HlangwineEP,2020-01-22,2020-01-23 07:52:08.070,07:52:08,77.10419166666665,26.19934683333334
3671,366730.606,Flight4_cam1-000-000351-0,7211024.20220975,327615.51624840754,645.35107421875,HlangwineEP,2020-01-22,2020-01-23 07:52:10.606,07:52:10,77.09503388888879,26.201446077777803
3672,366732.208,Flight4_cam1-000-000352-0,7211034.831083973,327608.45877166116,645.6375122070312,HlangwineEP,2020-01-22,2020-01-23 07:52:12.208,07:52:12,77.08924888888896,26.202772177777764
3673,366733.943,Flight4_cam1-000-000353-0,7211046.363865068,327600.5903591731,645.9462280273438,HlangwineEP,2020-01-22,2020-01-23 07:52:13.943,07:52:13,77.08298361111102,26.204208372222247
3674,366735.945,Flight4_cam1-000-000354-0,7211059.446760906,327591.75848251063,646.2771606445312,HlangwineEP,2020-01-22,2020-01-23 07:52:15.945,07:52:15,77.07575416666666,26.20586558333334
3675,366738.614,Flight4_cam1-000-000355-0,7211077.354470367,327579.6776762253,646.783447265625,HlangwineEP,2020-01-22,2020-01-23 07:52:18.614,07:52:18,77.06611611111111,26.208074922222224
3676,366739.949,Flight4_cam1-000-000356-0,7211086.423475839,327573.6043312114,646.992919921875,HlangwineEP,2020-01-22,2020-01-23 07:52:19.949,07:52:19,77.0612952777777,26.209180005555574
3677,366741.951,Flight4_cam1-000-000357-0,7211099.37602211,327564.7231042847,647.339111328125,HlangwineEP,2020-01-22,2020-01-23 07:52:21.951,07:52:21,77.05406583333334,26.21083721666667
3678,366743.953,Flight4_cam1-000-000358-0,7211112.452632189,327555.88992766343,647.7159423828125,HlangwineEP,2020-01-22,2020-01-23 07:52:23.953,07:52:23,77.04683638888898,26.21249442777776
3679,366746.622,Flight4_cam1-000-000359-0,7211130.509710424,327543.87729321327,648.2662963867188,HlangwineEP,2020-01-22,2020-01-23 07:52:26.622,07:52:26,77.03719833333344,26.214703766666645
3680,366747.957,Flight4_cam1-000-000360-0,7211139.507868671,327537.8465118661,648.506103515625,HlangwineEP,2020-01-22,2020-01-23 07:52:27.957,07:52:27,77.03237750000002,26.215808849999995
3681,366749.959,Flight4_cam1-000-000361-0,7211152.573816169,327529.06462260365,648.8548583984375,HlangwineEP,2020-01-22,2020-01-23 07:52:29.959,07:52:29,77.02514805555566,26.21746606111109
3682,366751.961,Flight4_cam1-000-000362-0,7211165.632693117,327520.2578561264,649.26708984375,HlangwineEP,2020-01-22,2020-01-23 07:52:31.961,07:52:31,77.01791861111109,26.21912327222223
3683,366754.096,Flight4_cam1-000-000363-0,7211179.7316710595,327510.70560450526,649.6497802734375,HlangwineEP,2020-01-22,2020-01-23 07:52:34.096,07:52:34,77.01020888888883,26.220890577777794
3684,366756.498,Flight4_cam1-000-000364-0,7211195.566253386,327500.06373105705,650.0557861328125,HlangwineEP,2020-01-22,2020-01-23 07:52:36.498,07:52:36,77.00153499999993,26.22287890000002
3685,366757.967,Flight4_cam1-000-000365-0,7211205.630301025,327493.3632913561,650.3323974609375,HlangwineEP,2020-01-22,2020-01-23 07:52:37.967,07:52:37,76.99623027777777,26.22409490555556
3686,366759.969,Flight4_cam1-000-000366-0,7211218.835752869,327484.46736691485,650.6751708984375,HlangwineEP,2020-01-22,2020-01-23 07:52:39.969,07:52:39,76.9890008333334,26.22575211666665
3687,366761.971,Flight4_cam1-000-000367-0,7211232.039343093,327475.5081899844,651.0467529296875,HlangwineEP,2020-01-22,2020-01-23 07:52:41.971,07:52:41,76.98177138888883,26.227409327777792
3688,366764.64,Flight4_cam1-000-000368-0,7211249.703391051,327463.44694498193,651.5576171875,HlangwineEP,2020-01-22,2020-01-23 07:52:44.640,07:52:44,76.97213333333329,26.229618666666678
3689,366765.975,Flight4_cam1-000-000369-0,7211258.648629671,327457.3933977124,651.802734375,HlangwineEP,2020-01-22,2020-01-23 07:52:45.975,07:52:45,76.96731250000009,26.23072374999998
3690,366767.976,Flight4_cam1-000-000370-0,7211271.886454543,327448.51163175073,652.1868286132812,HlangwineEP,2020-01-22,2020-01-23 07:52:47.976,07:52:47,76.96008666666658,26.232380133333354
3691,366769.978,Flight4_cam1-000-000371-0,7211285.140687821,327439.7374830922,652.5204467773438,HlangwineEP,2020-01-22,2020-01-23 07:52:49.978,07:52:49,76.95285722222222,26.234037344444445
3692,366772.114,Flight4_cam1-000-000372-0,7211299.295840111,327430.14419446635,652.8914184570312,HlangwineEP,2020-01-22,2020-01-23 07:52:52.114,07:52:52,76.9451438888889,26.235805477777777
3693,366774.516,Flight4_cam1-000-000373-0,7211315.631485606,327419.09393564134,653.3975830078125,HlangwineEP,2020-01-22,2020-01-23 07:52:54.516,07:52:54,76.93647,26.237793800000002
3694,366775.984,Flight4_cam1-000-000374-0,7211325.151450438,327412.69811677205,653.6900634765625,HlangwineEP,2020-01-22,2020-01-23 07:52:55.984,07:52:55,76.9311688888889,26.239008977777775
3695,366777.986,Flight4_cam1-000-000375-0,7211338.250743406,327403.91467472125,654.075439453125,HlangwineEP,2020-01-22,2020-01-23 07:52:57.986,07:52:57,76.92393944444454,26.240666188888866
3696,366779.988,Flight4_cam1-000-000376-0,7211351.468809402,327395.03281124146,654.4141235351562,HlangwineEP,2020-01-22,2020-01-23 07:52:59.988,07:52:59,76.91670999999997,26.24232340000001
3697,366782.524,Flight4_cam1-000-000377-0,7211368.280379295,327383.6941486385,654.8814697265625,HlangwineEP,2020-01-22,2020-01-23 07:53:02.524,07:53:02,76.90755222222232,26.244422644444423
3698,366783.992,Flight4_cam1-000-000378-0,7211378.2417198075,327376.92051642993,655.1489868164062,HlangwineEP,2020-01-22,2020-01-23 07:53:03.992,07:53:03,76.90225111111101,26.245637822222246
3699,366785.994,Flight4_cam1-000-000379-0,7211391.316597303,327368.011529316,655.513916015625,HlangwineEP,2020-01-22,2020-01-23 07:53:05.994,07:53:05,76.89502166666665,26.247295033333337
3700,366787.996,Flight4_cam1-000-000380-0,7211404.517916003,327359.19834669813,655.9815673828125,HlangwineEP,2020-01-22,2020-01-23 07:53:07.996,07:53:07,76.88779222222229,26.248952244444432
3701,366790.532,Flight4_cam1-000-000381-0,7211421.330910251,327347.88228432974,656.4242553710938,HlangwineEP,2020-01-22,2020-01-23 07:53:10.532,07:53:10,76.87863444444443,26.251051488888894
3702,366792.134,Flight4_cam1-000-000382-0,7211432.4157888815,327340.4989218622,656.770263671875,HlangwineEP,2020-01-22,2020-01-23 07:53:12.134,07:53:12,76.87284944444438,26.252377588888905
3703,366794.002,Flight4_cam1-000-000383-0,7211444.5710509345,327332.2922559395,657.15869140625,HlangwineEP,2020-01-22,2020-01-23 07:53:14.002,07:53:14,76.86610388888897,26.25392387777776
3704,366796.004,Flight4_cam1-000-000384-0,7211457.682168079,327323.3642959895,657.5979614257812,HlangwineEP,2020-01-22,2020-01-23 07:53:16.004,07:53:16,76.8588744444444,26.255581088888903
3705,366798.14,Flight4_cam1-000-000385-0,7211471.902303642,327313.7556753889,658.0852661132812,HlangwineEP,2020-01-22,2020-01-23 07:53:18.140,07:53:18,76.85116111111107,26.257349222222235
3706,366800.542,Flight4_cam1-000-000386-0,7211487.806089409,327303.1134755495,658.542724609375,HlangwineEP,2020-01-22,2020-01-23 07:53:20.542,07:53:20,76.84248722222218,26.259337544444456
3707,366802.144,Flight4_cam1-000-000387-0,7211498.883008722,327295.8047474908,658.8643798828125,HlangwineEP,2020-01-22,2020-01-23 07:53:22.144,07:53:22,76.83670222222233,26.26066364444442
3708,366804.012,Flight4_cam1-000-000388-0,7211511.035790126,327287.58214554616,659.2648315429688,HlangwineEP,2020-01-22,2020-01-23 07:53:24.012,07:53:24,76.82995666666672,26.262209933333324
3709,366806.014,Flight4_cam1-000-000389-0,7211524.147659937,327278.6814355118,659.7713623046875,HlangwineEP,2020-01-22,2020-01-23 07:53:26.014,07:53:26,76.82272722222214,26.263867144444465
3710,366808.55,Flight4_cam1-000-000390-0,7211540.948567288,327267.39017630764,660.4898071289062,HlangwineEP,2020-01-22,2020-01-23 07:53:28.550,07:53:28,76.8135694444445,26.265966388888877
3711,366810.018,Flight4_cam1-000-000391-0,7211550.941071276,327260.6526673703,660.9452514648438,HlangwineEP,2020-01-22,2020-01-23 07:53:30.018,07:53:30,76.8082683333334,26.26718156666665
3712,366812.02,Flight4_cam1-000-000392-0,7211564.040949738,327251.8108748152,661.5465087890625,HlangwineEP,2020-01-22,2020-01-23 07:53:32.020,07:53:32,76.80103888888883,26.268838777777795
3713,366814.022,Flight4_cam1-000-000393-0,7211577.343183612,327243.0805641699,662.2034912109375,HlangwineEP,2020-01-22,2020-01-23 07:53:34.022,07:53:34,76.79380944444446,26.270495988888886
3714,366816.024,Flight4_cam1-000-000394-0,7211591.137976777,327233.8742500547,662.9579467773438,HlangwineEP,2020-01-22,2020-01-23 07:53:36.024,07:53:36,76.7865800000001,26.27215319999998
3715,366818.56,Flight4_cam1-000-000395-0,7211607.382917009,327222.79844682745,663.7935791015625,HlangwineEP,2020-01-22,2020-01-23 07:53:38.560,07:53:38,76.77742222222224,26.274252444444443
3716,366819.895,Flight4_cam1-000-000396-0,7211616.287271653,327216.71773116395,664.2124633789062,HlangwineEP,2020-01-22,2020-01-23 07:53:39.895,07:53:39,76.77260138888883,26.275357527777793
3717,366821.897,Flight4_cam1-000-000397-0,7211629.319277606,327207.86486009246,664.9081420898438,HlangwineEP,2020-01-22,2020-01-23 07:53:41.897,07:53:41,76.76537194444447,26.277014738888887
3718,366823.899,Flight4_cam1-000-000398-0,7211642.982679436,327198.648974652,665.6911010742188,HlangwineEP,2020-01-22,2020-01-23 07:53:43.899,07:53:43,76.75814250000009,26.27867194999998
3719,366826.568,Flight4_cam1-000-000399-0,7211660.273046887,327186.9484378843,666.7655639648438,HlangwineEP,2020-01-22,2020-01-23 07:53:46.568,07:53:46,76.74850444444435,26.280881288888914
3720,366827.903,Flight4_cam1-000-000400-0,7211669.171700988,327180.890173716,667.3087768554688,HlangwineEP,2020-01-22,2020-01-23 07:53:47.903,07:53:47,76.74368361111115,26.281986372222214
3721,366829.905,Flight4_cam1-000-000401-0,7211682.293804422,327171.98006617837,668.1740112304688,HlangwineEP,2020-01-22,2020-01-23 07:53:49.905,07:53:49,76.73645416666658,26.283643583333358
3722,366831.907,Flight4_cam1-000-000402-0,7211695.951838915,327162.70771863277,669.0349731445312,HlangwineEP,2020-01-22,2020-01-23 07:53:51.907,07:53:51,76.7292247222222,26.28530079444445
3723,366834.042,Flight4_cam1-000-000403-0,7211710.215286979,327153.2671778883,669.9085693359375,HlangwineEP,2020-01-22,2020-01-23 07:53:54.042,07:53:54,76.72151499999995,26.287068100000013
3724,366836.578,Flight4_cam1-000-000404-0,7211726.6101846695,327142.4336305851,670.8732299804688,HlangwineEP,2020-01-22,2020-01-23 07:53:56.578,07:53:56,76.7123572222223,26.289167344444426
3725,366837.913,Flight4_cam1-000-000405-0,7211735.611625161,327136.4013355459,671.3414306640625,HlangwineEP,2020-01-22,2020-01-23 07:53:57.913,07:53:57,76.7075363888889,26.29027242777778
3726,366839.915,Flight4_cam1-000-000406-0,7211748.7718951255,327127.5583023533,672.0872192382812,HlangwineEP,2020-01-22,2020-01-23 07:53:59.915,07:53:59,76.70030694444452,26.29192963888887
3727,366841.916,Flight4_cam1-000-000407-0,7211762.3623556085,327118.2490804329,672.7952270507812,HlangwineEP,2020-01-22,2020-01-23 07:54:01.916,07:54:01,76.69308111111103,26.293586022222243
3728,366844.586,Flight4_cam1-000-000408-0,7211779.817329368,327106.6606023871,673.6493530273438,HlangwineEP,2020-01-22,2020-01-23 07:54:04.586,07:54:04,76.68343944444442,26.295796188888897
3729,366845.92,Flight4_cam1-000-000409-0,7211788.852103826,327100.63432247157,674.0325927734375,HlangwineEP,2020-01-22,2020-01-23 07:54:05.920,07:54:05,76.67862222222229,26.296900444444432
3730,366847.922,Flight4_cam1-000-000410-0,7211802.0417430885,327091.7421762796,674.549072265625,HlangwineEP,2020-01-22,2020-01-23 07:54:07.922,07:54:07,76.67139277777771,26.298557655555573
3731,366849.924,Flight4_cam1-000-000411-0,7211815.672096953,327082.4683036762,675.0870971679688,HlangwineEP,2020-01-22,2020-01-23 07:54:09.924,07:54:09,76.66416333333335,26.300214866666664
3732,366852.594,Flight4_cam1-000-000412-0,7211832.9261739515,327070.76107329695,675.7521362304688,HlangwineEP,2020-01-22,2020-01-23 07:54:12.594,07:54:12,76.65452166666674,26.302425033333318
3733,366853.928,Flight4_cam1-000-000413-0,7211841.947995613,327064.81089203455,676.0030517578125,HlangwineEP,2020-01-22,2020-01-23 07:54:13.928,07:54:13,76.6497044444444,26.3035292888889
3734,366855.93,Flight4_cam1-000-000414-0,7211855.016320266,327055.9628909449,676.4347534179688,HlangwineEP,2020-01-22,2020-01-23 07:54:15.930,07:54:15,76.64247500000003,26.305186499999994
3735,366857.932,Flight4_cam1-000-000415-0,7211868.677959718,327046.67018461786,676.793212890625,HlangwineEP,2020-01-22,2020-01-23 07:54:17.932,07:54:17,76.63524555555567,26.306843711111085
3736,366860.068,Flight4_cam1-000-000416-0,7211882.896720441,327037.10202655185,677.0565185546875,HlangwineEP,2020-01-22,2020-01-23 07:54:20.068,07:54:20,76.62753222222213,26.308611844444467
3737,366862.47,Flight4_cam1-000-000417-0,7211898.636422647,327026.4253755866,677.3335571289062,HlangwineEP,2020-01-22,2020-01-23 07:54:22.470,07:54:22,76.61885833333343,26.310600166666642
3738,366863.938,Flight4_cam1-000-000418-0,7211908.116167663,327020.05904088524,677.5088500976562,HlangwineEP,2020-01-22,2020-01-23 07:54:23.938,07:54:23,76.61355722222214,26.311815344444465
3739,366865.94,Flight4_cam1-000-000419-0,7211921.267780037,327011.2061935425,677.7501831054688,HlangwineEP,2020-01-22,2020-01-23 07:54:25.940,07:54:25,76.60632777777778,26.313472555555556
3740,366867.942,Flight4_cam1-000-000420-0,7211934.908062455,327002.0141675439,678.022216796875,HlangwineEP,2020-01-22,2020-01-23 07:54:27.942,07:54:27,76.59909833333342,26.31512976666665
3741,366870.612,Flight4_cam1-000-000421-0,7211952.395504411,326990.3750755803,678.374755859375,HlangwineEP,2020-01-22,2020-01-23 07:54:30.612,07:54:30,76.58945666666659,26.31733993333335
3742,366872.213,Flight4_cam1-000-000422-0,7211963.545047784,326982.881705395,678.5718383789062,HlangwineEP,2020-01-22,2020-01-23 07:54:32.213,07:54:32,76.58367527777783,26.318665205555547
3743,366873.948,Flight4_cam1-000-000423-0,7211974.566903995,326975.36541481514,678.72705078125,HlangwineEP,2020-01-22,2020-01-23 07:54:33.948,07:54:33,76.5774100000001,26.320101399999977
3744,366875.95,Flight4_cam1-000-000424-0,7211987.3190812105,326966.7263412924,679.0341186523438,HlangwineEP,2020-01-22,2020-01-23 07:54:35.950,07:54:35,76.57018055555552,26.32175861111112
3745,366878.086,Flight4_cam1-000-000425-0,7211998.782705149,326960.9664541894,679.0040283203125,HlangwineEP,2020-01-22,2020-01-23 07:54:38.086,07:54:38,76.5624672222222,26.323526744444454
3746,366880.488,Flight4_cam1-000-000426-0,7212015.565902991,326967.1775991174,679.1146240234375,HlangwineEP,2020-01-22,2020-01-23 07:54:40.488,07:54:40,76.55379333333329,26.325515066666675
3747,366881.956,Flight4_cam1-000-000427-0,7212015.617695982,326978.40385609865,678.9949951171875,HlangwineEP,2020-01-22,2020-01-23 07:54:41.956,07:54:41,76.54849222222221,26.326730244444448
3748,366883.958,Flight4_cam1-000-000428-0,7212006.232286377,326998.7943279954,678.9990844726562,HlangwineEP,2020-01-22,2020-01-23 07:54:43.958,07:54:43,76.54126277777785,26.328387455555543
3749,366885.96,Flight4_cam1-000-000429-0,7211993.202429825,327022.31261055655,679.0567626953125,HlangwineEP,2020-01-22,2020-01-23 07:54:45.960,07:54:45,76.53403333333327,26.330044666666684
3750,366887.962,Flight4_cam1-000-000430-0,7211981.71138514,327045.0380305416,678.8135986328125,HlangwineEP,2020-01-22,2020-01-23 07:54:47.962,07:54:47,76.52680388888889,26.33170187777778
3751,366889.964,Flight4_cam1-000-000431-0,7211971.032590778,327068.13297179365,677.1417236328125,HlangwineEP,2020-01-22,2020-01-23 07:54:49.964,07:54:49,76.51957444444453,26.33335908888887
3752,366892.633,Flight4_cam1-000-000432-0,7211957.708641694,327098.36364346585,675.5162963867188,HlangwineEP,2020-01-22,2020-01-23 07:54:52.633,07:54:52,76.50993638888899,26.335568427777755
3753,366893.968,Flight4_cam1-000-000433-0,7211951.139442129,327113.0658247501,674.4459838867188,HlangwineEP,2020-01-22,2020-01-23 07:54:53.968,07:54:53,76.50511555555559,26.336673511111105
3754,366895.97,Flight4_cam1-000-000434-0,7211942.02785348,327133.89298089023,672.7477416992188,HlangwineEP,2020-01-22,2020-01-23 07:54:55.970,07:54:55,76.49788611111121,26.3383307222222
3755,366897.972,Flight4_cam1-000-000435-0,7211933.177833306,327154.63664109085,671.0890502929688,HlangwineEP,2020-01-22,2020-01-23 07:54:57.972,07:54:57,76.49065666666664,26.33998793333334
3756,366900.108,Flight4_cam1-000-000436-0,7211923.755638525,327177.0847511444,669.2650146484375,HlangwineEP,2020-01-22,2020-01-23 07:55:00.108,07:55:00,76.48294333333331,26.341756066666672
3757,366902.51,Flight4_cam1-000-000437-0,7211912.404244255,327203.68033279385,667.433349609375,HlangwineEP,2020-01-22,2020-01-23 07:55:02.510,07:55:02,76.47426944444442,26.343744388888897
3758,366903.978,Flight4_cam1-000-000438-0,7211905.075899417,327220.73336420476,665.6554565429688,HlangwineEP,2020-01-22,2020-01-23 07:55:03.978,07:55:03,76.46896833333332,26.344959566666667
3759,366905.98,Flight4_cam1-000-000439-0,7211896.125460513,327242.1264881552,662.9193115234375,HlangwineEP,2020-01-22,2020-01-23 07:55:05.980,07:55:05,76.46173888888896,26.34661677777776
3760,366907.982,Flight4_cam1-000-000440-0,7211887.708898889,327262.61034607363,661.1284790039062,HlangwineEP,2020-01-22,2020-01-23 07:55:07.982,07:55:07,76.45450944444438,26.348273988888902
3761,366910.518,Flight4_cam1-000-000441-0,7211877.465046413,327287.4167262869,658.9216918945312,HlangwineEP,2020-01-22,2020-01-23 07:55:10.518,07:55:10,76.44535166666674,26.35037323333332
3762,366912.787,Flight4_cam1-000-000442-0,7211868.499447666,327309.2989435788,656.0686645507812,HlangwineEP,2020-01-22,2020-01-23 07:55:12.787,07:55:12,76.43715805555553,26.35225146111112
3763,366913.988,Flight4_cam1-000-000443-0,7211863.922415425,327320.70268211054,654.4951171875,HlangwineEP,2020-01-22,2020-01-23 07:55:13.988,07:55:13,76.43282111111107,26.353245622222232
3764,366915.99,Flight4_cam1-000-000444-0,7211856.190727314,327339.43928894214,651.8710327148438,HlangwineEP,2020-01-22,2020-01-23 07:55:15.990,07:55:15,76.4255916666667,26.354902833333327
3765,366918.526,Flight4_cam1-000-000445-0,7211845.724787287,327363.08676114306,648.6898193359375,HlangwineEP,2020-01-22,2020-01-23 07:55:18.526,07:55:18,76.41643388888885,26.35700207777779
3766,366919.994,Flight4_cam1-000-000446-0,7211838.7951667365,327377.9352506983,646.7332153320312,HlangwineEP,2020-01-22,2020-01-23 07:55:19.994,07:55:19,76.41113277777777,26.35821725555556
3767,366921.996,Flight4_cam1-000-000447-0,7211828.924312014,327398.44758942793,644.3153686523438,HlangwineEP,2020-01-22,2020-01-23 07:55:21.996,07:55:21,76.40390333333339,26.359874466666653
3768,366923.998,Flight4_cam1-000-000448-0,7211818.36815314,327420.2384372461,641.904052734375,HlangwineEP,2020-01-22,2020-01-23 07:55:23.998,07:55:23,76.39667388888881,26.361531677777794
3769,366926.133,Flight4_cam1-000-000449-0,7211806.598032171,327443.81808884407,639.0827026367188,HlangwineEP,2020-01-22,2020-01-23 07:55:26.133,07:55:26,76.38896416666677,26.36329898333331
3770,366928.536,Flight4_cam1-000-000450-0,7211788.390074283,327465.4213262561,636.4790649414062,HlangwineEP,2020-01-22,2020-01-23 07:55:28.536,07:55:28,76.38028666666659,26.36528813333335
3771,366930.004,Flight4_cam1-000-000451-0,7211775.21828444,327478.5737820086,634.8959350585938,HlangwineEP,2020-01-22,2020-01-23 07:55:30.004,07:55:30,76.37498555555551,26.366503311111124
3772,366932.006,Flight4_cam1-000-000452-0,7211756.970401317,327495.9503227927,633.0436401367188,HlangwineEP,2020-01-22,2020-01-23 07:55:32.006,07:55:32,76.36775611111113,26.36816052222222
3773,366934.008,Flight4_cam1-000-000453-0,7211738.84366744,327512.85437903,631.4815673828125,HlangwineEP,2020-01-22,2020-01-23 07:55:34.008,07:55:34,76.36052666666677,26.36981773333331
3774,366936.544,Flight4_cam1-000-000454-0,7211718.840787025,327531.3277313695,629.3245239257812,HlangwineEP,2020-01-22,2020-01-23 07:55:36.544,07:55:36,76.35136888888891,26.371916977777772
3775,366938.012,Flight4_cam1-000-000455-0,7211708.41433325,327541.1396524034,628.0576171875,HlangwineEP,2020-01-22,2020-01-23 07:55:38.012,07:55:38,76.34606777777783,26.373132155555545
3776,366940.014,Flight4_cam1-000-000456-0,7211695.338400986,327553.54792249075,626.2384643554688,HlangwineEP,2020-01-22,2020-01-23 07:55:40.014,07:55:40,76.33883833333326,26.374789366666686
3777,366942.016,Flight4_cam1-000-000457-0,7211682.538945838,327565.76324174064,624.2022705078125,HlangwineEP,2020-01-22,2020-01-23 07:55:42.016,07:55:42,76.33160888888888,26.37644657777778
3778,366944.552,Flight4_cam1-000-000458-0,7211665.924090909,327582.30939252954,621.7239990234375,HlangwineEP,2020-01-22,2020-01-23 07:55:44.552,07:55:44,76.32245111111102,26.378545822222243
3779,367234.172,Flight4_cam1-001-000000-0,7211611.219251039,327737.83109355427,584.102294921875,HlangwineEP,2020-01-22,2020-01-23 08:00:34.172,08:00:34,75.30887466666661,26.608984444444456
3780,367235.64,Flight4_cam1-001-000001-0,7211611.240973808,327735.2600295319,587.349609375,HlangwineEP,2020-01-22,2020-01-23 08:00:35.640,08:00:35,75.30495999999997,26.609800000000007
3781,367237.642,Flight4_cam1-001-000002-0,7211612.604724336,327730.16256241256,592.4930419921875,HlangwineEP,2020-01-22,2020-01-23 08:00:37.642,08:00:37,75.29962133333336,26.61091222222222
3782,367239.644,Flight4_cam1-001-000003-0,7211615.606325005,327723.4369226397,597.8055419921875,HlangwineEP,2020-01-22,2020-01-23 08:00:39.644,08:00:39,75.29428266666675,26.61202444444443
3783,367242.18,Flight4_cam1-001-000004-0,7211622.300349401,327712.1764563151,604.9229736328125,HlangwineEP,2020-01-22,2020-01-23 08:00:42.180,08:00:42,75.28752000000003,26.61343333333333
3784,367243.648,Flight4_cam1-001-000005-0,7211627.467457525,327704.46109512,609.176025390625,HlangwineEP,2020-01-22,2020-01-23 08:00:43.648,08:00:43,75.28360533333337,26.61424888888888
3785,367245.517,Flight4_cam1-001-000006-0,7211633.971596895,327694.7360474719,614.3203735351562,HlangwineEP,2020-01-22,2020-01-23 08:00:45.517,08:00:45,75.27862133333336,26.615287222222218
3786,367247.519,Flight4_cam1-001-000007-0,7211641.391488008,327683.6605698854,620.150146484375,HlangwineEP,2020-01-22,2020-01-23 08:00:47.519,08:00:47,75.27328266666674,26.61639944444443
3787,367249.654,Flight4_cam1-001-000008-0,7211649.299184835,327671.38860239706,626.26025390625,HlangwineEP,2020-01-22,2020-01-23 08:00:49.654,08:00:49,75.26758933333339,26.617585555555543
3788,367252.19,Flight4_cam1-001-000009-0,7211659.389295382,327654.0735606536,633.4312133789062,HlangwineEP,2020-01-22,2020-01-23 08:00:52.190,08:00:52,75.26082666666666,26.618994444444446
3789,367253.525,Flight4_cam1-001-000010-0,7211664.381766567,327644.5659481627,637.0177001953125,HlangwineEP,2020-01-22,2020-01-23 08:00:53.525,08:00:53,75.25726666666661,26.619736111111123
3790,367255.527,Flight4_cam1-001-000011-0,7211672.5645988565,327628.5909549629,642.7661743164062,HlangwineEP,2020-01-22,2020-01-23 08:00:55.527,08:00:55,75.251928,26.620848333333335
3791,367257.529,Flight4_cam1-001-000012-0,7211680.67657511,327612.91990672494,648.3618774414062,HlangwineEP,2020-01-22,2020-01-23 08:00:57.529,08:00:57,75.24658933333339,26.621960555555546
3792,367260.198,Flight4_cam1-001-000013-0,7211691.554537919,327592.3376692127,655.8250122070312,HlangwineEP,2020-01-22,2020-01-23 08:01:00.198,08:01:00,75.23947200000008,26.62344333333332
3793,367261.533,Flight4_cam1-001-000014-0,7211697.187660128,327582.0292939913,659.735595703125,HlangwineEP,2020-01-22,2020-01-23 08:01:01.533,08:01:01,75.23591200000001,26.624184999999997
3794,367263.535,Flight4_cam1-001-000015-0,7211705.419786327,327567.0153005019,665.4249877929688,HlangwineEP,2020-01-22,2020-01-23 08:01:03.535,08:01:03,75.23057333333341,26.62529722222221
3795,367265.537,Flight4_cam1-001-000016-0,7211713.970430912,327551.61507641873,671.2326049804688,HlangwineEP,2020-01-22,2020-01-23 08:01:05.537,08:01:05,75.22523466666664,26.62640944444445
3796,367268.206,Flight4_cam1-001-000017-0,7211724.700476825,327532.360658369,675.5343017578125,HlangwineEP,2020-01-22,2020-01-23 08:01:08.206,08:01:08,75.21811733333332,26.627892222222226
3797,367269.541,Flight4_cam1-001-000018-0,7211730.338308842,327522.25351119664,675.7591552734375,HlangwineEP,2020-01-22,2020-01-23 08:01:09.541,08:01:09,75.21455733333327,26.628633888888903
3798,367271.543,Flight4_cam1-001-000019-0,7211738.524576202,327507.1504094552,677.6051635742188,HlangwineEP,2020-01-22,2020-01-23 08:01:11.543,08:01:11,75.20921866666666,26.629746111111114
3799,367273.545,Flight4_cam1-001-000020-0,7211747.469773631,327491.018690605,680.0087890625,HlangwineEP,2020-01-22,2020-01-23 08:01:13.545,08:01:13,75.20388000000005,26.630858333333325
3800,367275.68,Flight4_cam1-001-000021-0,7211756.478129927,327474.6900436292,682.5598754882812,HlangwineEP,2020-01-22,2020-01-23 08:01:15.680,08:01:15,75.19818666666669,26.63204444444444
3801,367278.216,Flight4_cam1-001-000022-0,7211767.288778258,327454.9848564706,685.0711669921875,HlangwineEP,2020-01-22,2020-01-23 08:01:18.216,08:01:18,75.19142399999997,26.633453333333343
3802,367279.55,Flight4_cam1-001-000023-0,7211773.085554365,327444.3458182262,685.30078125,HlangwineEP,2020-01-22,2020-01-23 08:01:19.550,08:01:19,75.18786666666671,26.63419444444444
3803,367281.552,Flight4_cam1-001-000024-0,7211781.529873196,327428.6285311803,685.9498901367188,HlangwineEP,2020-01-22,2020-01-23 08:01:21.552,08:01:21,75.18252799999993,26.63530666666668
3804,367283.554,Flight4_cam1-001-000025-0,7211790.707510984,327412.4115840085,686.0150146484375,HlangwineEP,2020-01-22,2020-01-23 08:01:23.554,08:01:23,75.17718933333333,26.63641888888889
3805,367286.224,Flight4_cam1-001-000026-0,7211804.598282443,327391.48391634703,686.0396118164062,HlangwineEP,2020-01-22,2020-01-23 08:01:26.224,08:01:26,75.17006933333337,26.637902222222216
3806,367287.558,Flight4_cam1-001-000027-0,7211812.643262873,327379.8129555377,686.0103149414062,HlangwineEP,2020-01-22,2020-01-23 08:01:27.558,08:01:27,75.16651199999995,26.638643333333345
3807,367289.56,Flight4_cam1-001-000028-0,7211824.903532673,327361.4868771867,685.9888916015625,HlangwineEP,2020-01-22,2020-01-23 08:01:29.560,08:01:29,75.16117333333335,26.639755555555553
3808,367291.562,Flight4_cam1-001-000029-0,7211837.936527432,327341.80758092745,686.0171508789062,HlangwineEP,2020-01-22,2020-01-23 08:01:31.562,08:01:31,75.15583466666673,26.640867777777764
3809,367294.232,Flight4_cam1-001-000030-0,7211854.934166141,327315.9988073025,685.9735107421875,HlangwineEP,2020-01-22,2020-01-23 08:01:34.232,08:01:34,75.14871466666662,26.64235111111112
3810,367295.566,Flight4_cam1-001-000031-0,7211863.627953344,327302.37725522195,685.917724609375,HlangwineEP,2020-01-22,2020-01-23 08:01:35.566,08:01:35,75.14515733333336,26.64309222222222
3811,367297.568,Flight4_cam1-001-000032-0,7211876.328623618,327282.96109883033,685.937744140625,HlangwineEP,2020-01-22,2020-01-23 08:01:37.568,08:01:37,75.1398186666666,26.64420444444446
3812,367299.57,Flight4_cam1-001-000033-0,7211890.871392107,327265.3686971032,685.9345703125,HlangwineEP,2020-01-22,2020-01-23 08:01:39.570,08:01:39,75.13447999999998,26.64531666666667
3813,367301.706,Flight4_cam1-001-000034-0,7211910.715422673,327250.4198910864,685.8826293945312,HlangwineEP,2020-01-22,2020-01-23 08:01:41.706,08:01:41,75.128784,26.646503333333335
3814,367304.108,Flight4_cam1-001-000035-0,7211935.739881853,327235.87014504516,685.9474487304688,HlangwineEP,2020-01-22,2020-01-23 08:01:44.108,08:01:44,75.12237866666665,26.64783777777778
3815,367305.576,Flight4_cam1-001-000036-0,7211950.259960223,327227.56924002746,685.9762573242188,HlangwineEP,2020-01-22,2020-01-23 08:01:45.576,08:01:45,75.118464,26.648653333333332
3816,367307.578,Flight4_cam1-001-000037-0,7211969.718557041,327215.5420024907,685.9185180664062,HlangwineEP,2020-01-22,2020-01-23 08:01:47.578,08:01:47,75.1131253333334,26.649765555555543
3817,367309.58,Flight4_cam1-001-000038-0,7211989.046179796,327201.5017528123,685.8719482421875,HlangwineEP,2020-01-22,2020-01-23 08:01:49.580,08:01:49,75.10778666666663,26.650877777777787
3818,367312.25,Flight4_cam1-001-000039-0,7212012.065328183,327181.8086094682,685.7776489257812,HlangwineEP,2020-01-22,2020-01-23 08:01:52.250,08:01:52,75.10066666666667,26.652361111111112
3819,367313.584,Flight4_cam1-001-000040-0,7212023.100198232,327171.4248011047,685.7410888671875,HlangwineEP,2020-01-22,2020-01-23 08:01:53.584,08:01:53,75.0971093333334,26.653102222222206
3820,367315.586,Flight4_cam1-001-000041-0,7212038.2634586105,327157.1896857949,685.6622924804688,HlangwineEP,2020-01-22,2020-01-23 08:01:55.586,08:01:55,75.09177066666665,26.65421444444445
3821,367317.588,Flight4_cam1-001-000042-0,7212050.171549285,327146.32291590463,685.3816528320312,HlangwineEP,2020-01-22,2020-01-23 08:01:57.588,08:01:57,75.08643200000003,26.65532666666666
3822,367319.724,Flight4_cam1-001-000043-0,7212061.757961353,327136.3436268404,685.4432983398438,HlangwineEP,2020-01-22,2020-01-23 08:01:59.724,08:01:59,75.08073600000004,26.656513333333326
3823,367322.126,Flight4_cam1-001-000044-0,7212075.282949918,327125.2464738521,685.5054321289062,HlangwineEP,2020-01-22,2020-01-23 08:02:02.126,08:02:02,75.0743306666667,26.65784777777777
3824,367323.594,Flight4_cam1-001-000045-0,7212082.523213413,327119.4544062773,685.4209594726562,HlangwineEP,2020-01-22,2020-01-23 08:02:03.594,08:02:03,75.07041600000005,26.658663333333322
3825,367325.596,Flight4_cam1-001-000046-0,7212090.76469532,327113.12071092427,685.3267822265625,HlangwineEP,2020-01-22,2020-01-23 08:02:05.596,08:02:05,75.06507733333329,26.659775555555566
3826,367327.598,Flight4_cam1-001-000047-0,7212097.92492789,327109.3126267479,685.3410034179688,HlangwineEP,2020-01-22,2020-01-23 08:02:07.598,08:02:07,75.05973866666668,26.660887777777777
3827,367330.134,Flight4_cam1-001-000048-0,7212107.254323436,327105.9773971558,685.4347534179688,HlangwineEP,2020-01-22,2020-01-23 08:02:10.134,08:02:10,75.05297599999996,26.662296666666677
3828,367331.602,Flight4_cam1-001-000049-0,7212113.520307471,327104.7755327463,685.4843139648438,HlangwineEP,2020-01-22,2020-01-23 08:02:11.602,08:02:11,75.0490613333333,26.663112222222228
3829,367333.604,Flight4_cam1-001-000050-0,7212124.224049192,327104.59794415755,685.4871215820312,HlangwineEP,2020-01-22,2020-01-23 08:02:13.604,08:02:13,75.0437226666667,26.66422444444444
3830,367335.606,Flight4_cam1-001-000051-0,7212139.362559467,327105.39522807475,685.4482421875,HlangwineEP,2020-01-22,2020-01-23 08:02:15.606,08:02:15,75.03838399999992,26.665336666666683
3831,367338.142,Flight4_cam1-001-000052-0,7212159.376303075,327105.8793497436,685.59375,HlangwineEP,2020-01-22,2020-01-23 08:02:18.142,08:02:18,75.03162133333336,26.66674555555555
3832,367339.61,Flight4_cam1-001-000053-0,7212165.790443841,327106.2196634348,685.6548461914062,HlangwineEP,2020-01-22,2020-01-23 08:02:19.610,08:02:19,75.0277066666667,26.6675611111111
3833,367341.612,Flight4_cam1-001-000054-0,7212168.150511103,327107.273891611,685.5743408203125,HlangwineEP,2020-01-22,2020-01-23 08:02:21.612,08:02:21,75.02236799999994,26.668673333333345
3834,367343.614,Flight4_cam1-001-000055-0,7212170.440361271,327108.99557321426,685.4306640625,HlangwineEP,2020-01-22,2020-01-23 08:02:23.614,08:02:23,75.01702933333334,26.669785555555556
3835,367346.15,Flight4_cam1-001-000056-0,7212173.335381975,327111.16205410473,685.3863525390625,HlangwineEP,2020-01-22,2020-01-23 08:02:26.150,08:02:26,75.01026666666661,26.671194444444456
3836,367347.618,Flight4_cam1-001-000057-0,7212174.933574916,327112.2599414789,685.3690185546875,HlangwineEP,2020-01-22,2020-01-23 08:02:27.618,08:02:27,75.00635199999996,26.67201000000001
3837,367349.62,Flight4_cam1-001-000058-0,7212176.850552943,327113.2833270377,685.3646850585938,HlangwineEP,2020-01-22,2020-01-23 08:02:29.620,08:02:29,75.00101333333335,26.67312222222222
3838,367351.622,Flight4_cam1-001-000059-0,7212178.874197429,327114.1591095203,685.3582153320312,HlangwineEP,2020-01-22,2020-01-23 08:02:31.622,08:02:31,74.99567466666674,26.67423444444443
3839,367353.757,Flight4_cam1-001-000060-0,7212180.961095227,327114.9655637949,685.3053588867188,HlangwineEP,2020-01-22,2020-01-23 08:02:33.757,08:02:33,74.98998133333339,26.675420555555547
3840,367356.16,Flight4_cam1-001-000061-0,7212182.671683313,327116.906569851,685.24658203125,HlangwineEP,2020-01-22,2020-01-23 08:02:36.160,08:02:36,74.98357333333341,26.67675555555554
3841,367357.628,Flight4_cam1-001-000062-0,7212183.497932941,327118.2391168771,685.2962036132812,HlangwineEP,2020-01-22,2020-01-23 08:02:37.628,08:02:37,74.97965866666661,26.677571111111124
3842,367359.63,Flight4_cam1-001-000063-0,7212184.697448579,327120.2726764589,685.2996826171875,HlangwineEP,2020-01-22,2020-01-23 08:02:39.630,08:02:39,74.97431999999999,26.678683333333336
3843,367361.632,Flight4_cam1-001-000064-0,7212186.05402644,327122.2786792831,685.3353881835938,HlangwineEP,2020-01-22,2020-01-23 08:02:41.632,08:02:41,74.96898133333339,26.679795555555547
3844,367364.168,Flight4_cam1-001-000065-0,7212187.83021047,327124.77007840236,685.3434448242188,HlangwineEP,2020-01-22,2020-01-23 08:02:44.168,08:02:44,74.96221866666666,26.681204444444447
3845,367365.636,Flight4_cam1-001-000066-0,7212188.9924096055,327126.19350276503,685.3312377929688,HlangwineEP,2020-01-22,2020-01-23 08:02:45.636,08:02:45,74.95830400000001,26.682019999999998
3846,367367.638,Flight4_cam1-001-000067-0,7212190.628136585,327128.00263000285,685.323974609375,HlangwineEP,2020-01-22,2020-01-23 08:02:47.638,08:02:47,74.9529653333334,26.68313222222221
3847,367369.64,Flight4_cam1-001-000068-0,7212192.448232375,327129.8236536019,685.2883911132812,HlangwineEP,2020-01-22,2020-01-23 08:02:49.640,08:02:49,74.94762666666664,26.684244444444452
3848,367372.176,Flight4_cam1-001-000069-0,7212195.633581957,327132.6401926785,685.2655029296875,HlangwineEP,2020-01-22,2020-01-23 08:02:52.176,08:02:52,74.94086400000006,26.68565333333332
3849,367373.644,Flight4_cam1-001-000070-0,7212197.519406129,327134.1013438904,685.2611694335938,HlangwineEP,2020-01-22,2020-01-23 08:02:53.644,08:02:53,74.93694933333342,26.68646888888887
3850,367375.646,Flight4_cam1-001-000071-0,7212199.897186673,327135.83681359206,685.2761840820312,HlangwineEP,2020-01-22,2020-01-23 08:02:55.646,08:02:55,74.93161066666666,26.687581111111115
3851,367377.648,Flight4_cam1-001-000072-0,7212202.179574334,327137.58179885277,685.2743530273438,HlangwineEP,2020-01-22,2020-01-23 08:02:57.648,08:02:57,74.92627200000004,26.688693333333326
3852,367379.65,Flight4_cam1-001-000073-0,7212204.313207461,327139.4538602438,685.2732543945312,HlangwineEP,2020-01-22,2020-01-23 08:02:59.650,08:02:59,74.92093333333328,26.68980555555557
3853,367382.186,Flight4_cam1-001-000074-0,7212207.078831038,327141.8015604643,685.2396850585938,HlangwineEP,2020-01-22,2020-01-23 08:03:02.186,08:03:02,74.9141706666667,26.691214444444437
3854,367383.52,Flight4_cam1-001-000075-0,7212207.122937552,327141.7916577341,685.2931518554688,HlangwineEP,2020-01-22,2020-01-23 08:03:03.520,08:03:03,74.91061333333329,26.691955555555566
3855,367385.522,Flight4_cam1-001-000076-0,7212206.935797972,327141.7261864991,685.3212890625,HlangwineEP,2020-01-22,2020-01-23 08:03:05.522,08:03:05,74.90527466666668,26.693067777777777
3856,367387.524,Flight4_cam1-001-000077-0,7212206.80765255,327141.6707590882,685.3430786132812,HlangwineEP,2020-01-22,2020-01-23 08:03:07.524,08:03:07,74.89993600000007,26.694179999999985
3857,367390.194,Flight4_cam1-001-000078-0,7212206.885872286,327141.6694592913,685.2994995117188,HlangwineEP,2020-01-22,2020-01-23 08:03:10.194,08:03:10,74.89281599999995,26.695663333333343
3858,367391.528,Flight4_cam1-001-000079-0,7212206.970519466,327141.68299290724,685.2642211914062,HlangwineEP,2020-01-22,2020-01-23 08:03:11.528,08:03:11,74.88925866666669,26.69640444444444
3859,367393.53,Flight4_cam1-001-000080-0,7212207.031293658,327141.6170529148,685.337646484375,HlangwineEP,2020-01-22,2020-01-23 08:03:13.530,08:03:13,74.88391999999993,26.697516666666683
3860,367395.532,Flight4_cam1-001-000081-0,7212207.051622359,327141.6428354791,685.4366455078125,HlangwineEP,2020-01-22,2020-01-23 08:03:15.532,08:03:15,74.87858133333332,26.69862888888889
3861,367397.668,Flight4_cam1-001-000082-0,7212207.000869209,327141.60638002737,685.4458618164062,HlangwineEP,2020-01-22,2020-01-23 08:03:17.668,08:03:17,74.87288533333333,26.69981555555556
3862,367400.203,Flight4_cam1-001-000083-0,7212201.754917907,327142.80366948573,685.4482421875,HlangwineEP,2020-01-22,2020-01-23 08:03:20.203,08:03:20,74.8661253333334,26.701223888888876
3863,367401.538,Flight4_cam1-001-000084-0,7212192.148799095,327143.533113561,685.482177734375,HlangwineEP,2020-01-22,2020-01-23 08:03:21.538,08:03:21,74.86256533333334,26.701965555555557
3864,367403.941,Flight4_cam1-001-000085-0,7212173.576093734,327141.32713440154,685.5783081054688,HlangwineEP,2020-01-22,2020-01-23 08:03:23.941,08:03:23,74.85615733333336,26.70330055555555
3865,367405.542,Flight4_cam1-001-000086-0,7212165.537138209,327140.3012297634,685.5464477539062,HlangwineEP,2020-01-22,2020-01-23 08:03:25.542,08:03:25,74.85188799999996,26.704190000000008
3866,367407.544,Flight4_cam1-001-000087-0,7212163.468345987,327140.6321462088,685.5213012695312,HlangwineEP,2020-01-22,2020-01-23 08:03:27.544,08:03:27,74.84654933333336,26.70530222222222
3867,367409.546,Flight4_cam1-001-000088-0,7212163.6710182885,327140.7306561986,685.503173828125,HlangwineEP,2020-01-22,2020-01-23 08:03:29.546,08:03:29,74.84121066666674,26.70641444444443
3868,367412.215,Flight4_cam1-001-000089-0,7212164.022768417,327140.5825889892,685.50830078125,HlangwineEP,2020-01-22,2020-01-23 08:03:32.215,08:03:32,74.83409333333327,26.707897222222236
3869,367413.55,Flight4_cam1-001-000090-0,7212164.024036977,327140.60425878246,685.5218505859375,HlangwineEP,2020-01-22,2020-01-23 08:03:33.550,08:03:33,74.83053333333336,26.70863888888888
3870,367415.552,Flight4_cam1-001-000091-0,7212164.039699757,327140.75956013735,685.5599975585938,HlangwineEP,2020-01-22,2020-01-23 08:03:35.552,08:03:35,74.8251946666666,26.709751111111125
3871,367417.554,Flight4_cam1-001-000092-0,7212163.959637826,327140.7129643006,685.5994262695312,HlangwineEP,2020-01-22,2020-01-23 08:03:37.554,08:03:37,74.819856,26.710863333333336
3872,367419.689,Flight4_cam1-001-000093-0,7212163.746555576,327140.65554914623,685.60986328125,HlangwineEP,2020-01-22,2020-01-23 08:03:39.689,08:03:39,74.81416266666663,26.712049444444453
3873,367422.092,Flight4_cam1-001-000094-0,7212163.5980514,327140.62813522405,685.5823364257812,HlangwineEP,2020-01-22,2020-01-23 08:03:42.092,08:03:42,74.80775466666665,26.713384444444447
3874,367423.56,Flight4_cam1-001-000095-0,7212163.611589149,327140.6598079213,685.5657348632812,HlangwineEP,2020-01-22,2020-01-23 08:03:43.560,08:03:43,74.80384000000001,26.714199999999998
3875,367425.562,Flight4_cam1-001-000096-0,7212163.712046867,327140.73158097174,685.5848388671875,HlangwineEP,2020-01-22,2020-01-23 08:03:45.562,08:03:45,74.7985013333334,26.71531222222221
3876,367427.564,Flight4_cam1-001-000097-0,7212163.708557216,327140.78584939905,685.5817260742188,HlangwineEP,2020-01-22,2020-01-23 08:03:47.564,08:03:47,74.79316266666663,26.716424444444453
3877,367430.233,Flight4_cam1-001-000098-0,7212160.9031035695,327140.18265046104,685.5931396484375,HlangwineEP,2020-01-22,2020-01-23 08:03:50.233,08:03:50,74.78604533333332,26.717907222222227
3878,367431.568,Flight4_cam1-001-000099-0,7212158.693651323,327139.5377825139,685.6256103515625,HlangwineEP,2020-01-22,2020-01-23 08:03:51.568,08:03:51,74.78248533333326,26.718648888888904
3879,367433.57,Flight4_cam1-001-000100-0,7212156.291248842,327138.3441457836,685.6393432617188,HlangwineEP,2020-01-22,2020-01-23 08:03:53.570,08:03:53,74.77714666666665,26.719761111111115
3880,367435.572,Flight4_cam1-001-000101-0,7212154.829699781,327136.40799118776,685.6593017578125,HlangwineEP,2020-01-22,2020-01-23 08:03:55.572,08:03:55,74.77180800000005,26.720873333333326
3881,367437.707,Flight4_cam1-001-000102-0,7212154.709143488,327133.6852031515,685.6868896484375,HlangwineEP,2020-01-22,2020-01-23 08:03:57.707,08:03:57,74.76611466666668,26.72205944444444
3882,367440.11,Flight4_cam1-001-000103-0,7212156.534401026,327130.334753261,685.7731323242188,HlangwineEP,2020-01-22,2020-01-23 08:04:00.110,08:04:00,74.75970666666672,26.723394444444438
3883,367441.578,Flight4_cam1-001-000104-0,7212158.495885268,327128.56347058644,685.7582397460938,HlangwineEP,2020-01-22,2020-01-23 08:04:01.578,08:04:01,74.75579200000006,26.72420999999999
3884,367443.58,Flight4_cam1-001-000105-0,7212161.659154585,327127.0770911325,685.7135009765625,HlangwineEP,2020-01-22,2020-01-23 08:04:03.580,08:04:03,74.7504533333333,26.725322222222232
3885,367445.582,Flight4_cam1-001-000106-0,7212164.089858597,327126.9230620343,686.2261352539062,HlangwineEP,2020-01-22,2020-01-23 08:04:05.582,08:04:05,74.74511466666668,26.72643444444444
3886,367448.251,Flight4_cam1-001-000107-0,7212163.627720998,327127.22423933126,689.1115112304688,HlangwineEP,2020-01-22,2020-01-23 08:04:08.251,08:04:08,74.73799733333337,26.727917222222217
3887,367449.586,Flight4_cam1-001-000108-0,7212164.985271493,327128.95594942337,689.2991943359375,HlangwineEP,2020-01-22,2020-01-23 08:04:09.586,08:04:09,74.73443733333332,26.728658888888894
3888,367451.588,Flight4_cam1-001-000109-0,7212171.825936602,327136.0321130273,689.4179077148438,HlangwineEP,2020-01-22,2020-01-23 08:04:11.588,08:04:11,74.7290986666667,26.729771111111106
3889,367453.59,Flight4_cam1-001-000110-0,7212183.652273718,327147.89790316124,689.6087036132812,HlangwineEP,2020-01-22,2020-01-23 08:04:13.590,08:04:13,74.72375999999994,26.73088333333335
3890,367455.592,Flight4_cam1-001-000111-0,7212195.35430705,327159.3582783287,689.6959838867188,HlangwineEP,2020-01-22,2020-01-23 08:04:15.592,08:04:15,74.71842133333332,26.731995555555557
3891,367457.727,Flight4_cam1-001-000112-0,7212201.598970741,327165.4849447126,689.7062377929688,HlangwineEP,2020-01-22,2020-01-23 08:04:17.727,08:04:17,74.71272799999997,26.733181666666674
3892,367460.13,Flight4_cam1-001-000113-0,7212202.061158935,327166.23380445794,689.5447387695312,HlangwineEP,2020-01-22,2020-01-23 08:04:20.130,08:04:20,74.70631999999999,26.734516666666668
3893,367461.598,Flight4_cam1-001-000114-0,7212200.3342804955,327166.43110070186,689.5095825195312,HlangwineEP,2020-01-22,2020-01-23 08:04:21.598,08:04:21,74.70240533333335,26.735332222222222
3894,367463.6,Flight4_cam1-001-000115-0,7212193.535508024,327170.4886421132,689.36767578125,HlangwineEP,2020-01-22,2020-01-23 08:04:23.600,08:04:23,74.69706666666673,26.73644444444443
3895,367465.602,Flight4_cam1-001-000116-0,7212181.8188483175,327178.7087986725,689.113037109375,HlangwineEP,2020-01-22,2020-01-23 08:04:25.602,08:04:25,74.69172799999997,26.737556666666674
3896,367467.604,Flight4_cam1-001-000117-0,7212168.273816256,327188.5946617879,688.8572387695312,HlangwineEP,2020-01-22,2020-01-23 08:04:27.604,08:04:27,74.68638933333337,26.738668888888885
3897,367469.606,Flight4_cam1-001-000118-0,7212155.560315527,327197.5279201019,688.5447998046875,HlangwineEP,2020-01-22,2020-01-23 08:04:29.606,08:04:29,74.6810506666666,26.739781111111128
3898,367472.275,Flight4_cam1-001-000119-0,7212137.843483437,327209.5058545617,688.1900634765625,HlangwineEP,2020-01-22,2020-01-23 08:04:32.275,08:04:32,74.67393333333328,26.741263888888902
3899,367473.61,Flight4_cam1-001-000120-0,7212129.476030034,327215.1602091504,687.9818725585938,HlangwineEP,2020-01-22,2020-01-23 08:04:33.610,08:04:33,74.67037333333337,26.742005555555547
3900,367475.612,Flight4_cam1-001-000121-0,7212115.886579905,327224.2748809619,687.6800537109375,HlangwineEP,2020-01-22,2020-01-23 08:04:35.612,08:04:35,74.66503466666661,26.74311777777779
3901,367477.614,Flight4_cam1-001-000122-0,7212102.842946739,327233.0613695436,687.3772583007812,HlangwineEP,2020-01-22,2020-01-23 08:04:37.614,08:04:37,74.659696,26.74423
3902,367479.749,Flight4_cam1-001-000123-0,7212088.599472938,327242.6335478864,687.0071411132812,HlangwineEP,2020-01-22,2020-01-23 08:04:39.749,08:04:39,74.65400266666664,26.745416111111115
3903,367482.151,Flight4_cam1-001-000124-0,7212072.821159649,327253.24020388525,686.6015625,HlangwineEP,2020-01-22,2020-01-23 08:04:42.151,08:04:42,74.64759733333331,26.74675055555556
3904,367483.62,Flight4_cam1-001-000125-0,7212063.320899796,327259.68326029135,686.3433227539062,HlangwineEP,2020-01-22,2020-01-23 08:04:43.620,08:04:43,74.64368000000002,26.747566666666664
3905,367485.622,Flight4_cam1-001-000126-0,7212049.729729772,327268.7457390994,686.0426025390625,HlangwineEP,2020-01-22,2020-01-23 08:04:45.622,08:04:45,74.63834133333341,26.748678888888875
3906,367487.624,Flight4_cam1-001-000127-0,7212036.609961386,327277.60360655206,685.7172241210938,HlangwineEP,2020-01-22,2020-01-23 08:04:47.624,08:04:47,74.63300266666664,26.74979111111112
3907,367490.159,Flight4_cam1-001-000128-0,7212019.8771019885,327288.920886685,685.2927856445312,HlangwineEP,2020-01-22,2020-01-23 08:04:50.159,08:04:50,74.62624266666671,26.751199444444435
3908,367491.627,Flight4_cam1-001-000129-0,7212010.390770575,327295.2505888147,685.03564453125,HlangwineEP,2020-01-22,2020-01-23 08:04:51.627,08:04:51,74.62232800000007,26.75201499999999
3909,367493.629,Flight4_cam1-001-000130-0,7211996.620458536,327304.43256988865,684.6484375,HlangwineEP,2020-01-22,2020-01-23 08:04:53.629,08:04:53,74.6169893333333,26.75312722222223
3910,367495.631,Flight4_cam1-001-000131-0,7211983.439540315,327313.3736678653,684.2344970703125,HlangwineEP,2020-01-22,2020-01-23 08:04:55.631,08:04:55,74.61165066666669,26.75423944444444
3911,367498.167,Flight4_cam1-001-000132-0,7211966.595004557,327324.67762504367,683.6243896484375,HlangwineEP,2020-01-22,2020-01-23 08:04:58.167,08:04:58,74.60488799999996,26.75564833333334
3912,367499.635,Flight4_cam1-001-000133-0,7211957.13709469,327331.0732716252,683.2872924804688,HlangwineEP,2020-01-22,2020-01-23 08:04:59.635,08:04:59,74.60097333333331,26.756463888888895
3913,367501.637,Flight4_cam1-001-000134-0,7211943.994213333,327339.90355000435,682.781982421875,HlangwineEP,2020-01-22,2020-01-23 08:05:01.637,08:05:01,74.5956346666667,26.757576111111103
3914,367503.639,Flight4_cam1-001-000135-0,7211930.375224078,327349.09078167786,682.2413330078125,HlangwineEP,2020-01-22,2020-01-23 08:05:03.639,08:05:03,74.59029599999994,26.758688333333346
3915,367505.641,Flight4_cam1-001-000136-0,7211917.159896169,327357.98379807046,681.6659545898438,HlangwineEP,2020-01-22,2020-01-23 08:05:05.641,08:05:05,74.58495733333334,26.759800555555557
3916,367508.177,Flight4_cam1-001-000137-0,7211900.375601347,327369.3669523277,680.8916625976562,HlangwineEP,2020-01-22,2020-01-23 08:05:08.177,08:05:08,74.5781946666666,26.761209444444457
3917,367509.645,Flight4_cam1-001-000138-0,7211890.919045619,327375.77163772634,680.4259643554688,HlangwineEP,2020-01-22,2020-01-23 08:05:09.645,08:05:09,74.57427999999996,26.762025000000012
3918,367511.647,Flight4_cam1-001-000139-0,7211877.310137875,327384.9344481972,679.68310546875,HlangwineEP,2020-01-22,2020-01-23 08:05:11.647,08:05:11,74.56894133333334,26.76313722222222
3919,367513.649,Flight4_cam1-001-000140-0,7211864.119728369,327393.77327332296,678.9924926757812,HlangwineEP,2020-01-22,2020-01-23 08:05:13.649,08:05:13,74.56360266666674,26.76424944444443
3920,367516.185,Flight4_cam1-001-000141-0,7211847.316798199,327404.978929939,678.0563354492188,HlangwineEP,2020-01-22,2020-01-23 08:05:16.185,08:05:16,74.55684000000001,26.76565833333333
3921,367517.653,Flight4_cam1-001-000142-0,7211837.765096558,327411.34062573686,677.4742431640625,HlangwineEP,2020-01-22,2020-01-23 08:05:17.653,08:05:17,74.55292533333336,26.766473888888886
3922,367519.522,Flight4_cam1-001-000143-0,7211825.1312718075,327419.86592991627,676.644775390625,HlangwineEP,2020-01-22,2020-01-23 08:05:19.522,08:05:19,74.54794133333334,26.76751222222222
3923,367521.657,Flight4_cam1-001-000144-0,7211810.975447213,327429.5605579668,675.734130859375,HlangwineEP,2020-01-22,2020-01-23 08:05:21.657,08:05:21,74.54224799999999,26.768698333333337
3924,367524.193,Flight4_cam1-001-000145-0,7211794.130797999,327440.9065779749,674.6256103515625,HlangwineEP,2020-01-22,2020-01-23 08:05:24.193,08:05:24,74.53548533333326,26.770107222222236
3925,367525.528,Flight4_cam1-001-000146-0,7211785.14447236,327446.92018398107,674.0711059570312,HlangwineEP,2020-01-22,2020-01-23 08:05:25.528,08:05:25,74.53192533333336,26.770848888888885
3926,367527.53,Flight4_cam1-001-000147-0,7211771.992529981,327455.775281125,673.267822265625,HlangwineEP,2020-01-22,2020-01-23 08:05:27.530,08:05:27,74.5265866666666,26.771961111111125
3927,367529.532,Flight4_cam1-001-000148-0,7211758.90928542,327464.5580064415,672.4169921875,HlangwineEP,2020-01-22,2020-01-23 08:05:29.532,08:05:29,74.52124799999999,26.773073333333336
3928,367531.667,Flight4_cam1-001-000149-0,7211744.733042544,327474.13895511103,671.4943237304688,HlangwineEP,2020-01-22,2020-01-23 08:05:31.667,08:05:31,74.51555466666663,26.774259444444453
3929,367534.203,Flight4_cam1-001-000150-0,7211727.861145971,327485.32157214533,670.4951171875,HlangwineEP,2020-01-22,2020-01-23 08:05:34.203,08:05:34,74.50879200000006,26.77566833333332
3930,367535.538,Flight4_cam1-001-000151-0,7211718.878806505,327491.37568937696,669.909912109375,HlangwineEP,2020-01-22,2020-01-23 08:05:35.538,08:05:35,74.505232,26.77641
3931,367537.54,Flight4_cam1-001-000152-0,7211705.661060884,327500.3334492274,669.1038818359375,HlangwineEP,2020-01-22,2020-01-23 08:05:37.540,08:05:37,74.49989333333339,26.77752222222221
3932,367539.542,Flight4_cam1-001-000153-0,7211692.625678113,327509.2654604845,668.34228515625,HlangwineEP,2020-01-22,2020-01-23 08:05:39.542,08:05:39,74.49455466666663,26.778634444444453
3933,367542.211,Flight4_cam1-001-000154-0,7211674.74952098,327521.1939325057,667.2577514648438,HlangwineEP,2020-01-22,2020-01-23 08:05:42.211,08:05:42,74.4874373333333,26.780117222222227
3934,367543.546,Flight4_cam1-001-000155-0,7211665.678966077,327527.18932343146,666.69677734375,HlangwineEP,2020-01-22,2020-01-23 08:05:43.546,08:05:43,74.48387733333341,26.780858888888872
3935,367545.548,Flight4_cam1-001-000156-0,7211652.481582474,327535.99950766214,665.8867797851562,HlangwineEP,2020-01-22,2020-01-23 08:05:45.548,08:05:45,74.47853866666665,26.781971111111115
3936,367547.55,Flight4_cam1-001-000157-0,7211639.240113553,327544.7311736713,665.1416625976562,HlangwineEP,2020-01-22,2020-01-23 08:05:47.550,08:05:47,74.47320000000003,26.783083333333327
3937,367549.685,Flight4_cam1-001-000158-0,7211625.069212304,327554.3550602533,664.2819213867188,HlangwineEP,2020-01-22,2020-01-23 08:05:49.685,08:05:49,74.46750666666668,26.784269444444444
3938,367552.221,Flight4_cam1-001-000159-0,7211608.365110142,327565.7589638145,663.3031616210938,HlangwineEP,2020-01-22,2020-01-23 08:05:52.221,08:05:52,74.46074399999995,26.785678333333344
3939,367553.556,Flight4_cam1-001-000160-0,7211599.3988363715,327571.8377396829,662.7476806640625,HlangwineEP,2020-01-22,2020-01-23 08:05:53.556,08:05:53,74.45718400000005,26.78641999999999
3940,367555.558,Flight4_cam1-001-000161-0,7211586.305899156,327580.709093787,662.010986328125,HlangwineEP,2020-01-22,2020-01-23 08:05:55.558,08:05:55,74.45184533333328,26.787532222222232
3941,367557.56,Flight4_cam1-001-000162-0,7211573.222487892,327589.56594257883,661.2755737304688,HlangwineEP,2020-01-22,2020-01-23 08:05:57.560,08:05:57,74.44650666666668,26.788644444444444
3942,367560.229,Flight4_cam1-001-000163-0,7211555.483786188,327601.567501621,660.3037719726562,HlangwineEP,2020-01-22,2020-01-23 08:06:00.229,08:06:00,74.43938933333335,26.790127222222218
3943,367561.564,Flight4_cam1-001-000164-0,7211546.568866084,327607.6012751801,659.8370971679688,HlangwineEP,2020-01-22,2020-01-23 08:06:01.564,08:06:01,74.4358293333333,26.790868888888895
3944,367563.566,Flight4_cam1-001-000165-0,7211533.434879091,327616.53881476354,659.1381225585938,HlangwineEP,2020-01-22,2020-01-23 08:06:03.566,08:06:03,74.4304906666667,26.791981111111106
3945,367565.568,Flight4_cam1-001-000166-0,7211520.309451813,327625.40023995575,658.4146118164062,HlangwineEP,2020-01-22,2020-01-23 08:06:05.568,08:06:05,74.42515199999993,26.79309333333335
3946,367567.703,Flight4_cam1-001-000167-0,7211506.085886346,327634.8468538767,657.6011352539062,HlangwineEP,2020-01-22,2020-01-23 08:06:07.703,08:06:07,74.41945866666673,26.794279444444435
3947,367570.105,Flight4_cam1-001-000168-0,7211490.321286042,327645.46380379214,656.7216186523438,HlangwineEP,2020-01-22,2020-01-23 08:06:10.105,08:06:10,74.4130533333334,26.79561388888888
3948,367571.573,Flight4_cam1-001-000169-0,7211480.284185861,327652.2569431936,656.1766357421875,HlangwineEP,2020-01-22,2020-01-23 08:06:11.573,08:06:11,74.40913866666673,26.79642944444443
3949,367573.575,Flight4_cam1-001-000170-0,7211467.143646066,327661.16219881026,655.436767578125,HlangwineEP,2020-01-22,2020-01-23 08:06:13.575,08:06:13,74.40379999999998,26.797541666666675
3950,367575.577,Flight4_cam1-001-000171-0,7211453.963237405,327669.9271077303,654.7064819335938,HlangwineEP,2020-01-22,2020-01-23 08:06:15.577,08:06:15,74.39846133333336,26.798653888888882
3951,367578.247,Flight4_cam1-001-000172-0,7211436.102388602,327681.9121971467,653.854736328125,HlangwineEP,2020-01-22,2020-01-23 08:06:18.247,08:06:18,74.3913413333334,26.800137222222208
3952,367579.581,Flight4_cam1-001-000173-0,7211427.120707937,327687.9433187853,653.438232421875,HlangwineEP,2020-01-22,2020-01-23 08:06:19.581,08:06:19,74.387784,26.800878333333337
3953,367581.583,Flight4_cam1-001-000174-0,7211414.029457132,327696.7797521726,652.7970581054688,HlangwineEP,2020-01-22,2020-01-23 08:06:21.583,08:06:21,74.38244533333338,26.801990555555548
3954,367583.585,Flight4_cam1-001-000175-0,7211400.765431816,327705.6088987525,652.16455078125,HlangwineEP,2020-01-22,2020-01-23 08:06:23.585,08:06:23,74.37710666666662,26.803102777777788
3955,367585.721,Flight4_cam1-001-000176-0,7211386.528076936,327715.15952458413,651.5064697265625,HlangwineEP,2020-01-22,2020-01-23 08:06:25.721,08:06:25,74.37141066666662,26.804289444444453
3956,367588.123,Flight4_cam1-001-000177-0,7211370.860588644,327725.8572546091,650.7589721679688,HlangwineEP,2020-01-22,2020-01-23 08:06:28.123,08:06:28,74.36500533333329,26.8056238888889
3957,367589.591,Flight4_cam1-001-000178-0,7211360.828980094,327732.63273489464,650.2867431640625,HlangwineEP,2020-01-22,2020-01-23 08:06:29.591,08:06:29,74.36109066666663,26.806439444444454
3958,367591.593,Flight4_cam1-001-000179-0,7211347.648540327,327741.529800839,649.6961669921875,HlangwineEP,2020-01-22,2020-01-23 08:06:31.593,08:06:31,74.35575200000002,26.80755166666666
3959,367593.595,Flight4_cam1-001-000180-0,7211334.564632412,327750.40084118285,649.1156005859375,HlangwineEP,2020-01-22,2020-01-23 08:06:33.595,08:06:33,74.3504133333334,26.808663888888873
3960,367596.131,Flight4_cam1-001-000181-0,7211317.700494445,327761.7508765679,648.3899536132812,HlangwineEP,2020-01-22,2020-01-23 08:06:36.131,08:06:36,74.34365066666669,26.810072777777773
3961,367597.599,Flight4_cam1-001-000182-0,7211307.66813831,327768.5242751242,647.9954833984375,HlangwineEP,2020-01-22,2020-01-23 08:06:37.599,08:06:37,74.33973600000004,26.810888333333327
3962,367599.601,Flight4_cam1-001-000183-0,7211294.489761034,327777.3303311574,647.49267578125,HlangwineEP,2020-01-22,2020-01-23 08:06:39.601,08:06:39,74.33439733333327,26.812000555555567
3963,367601.603,Flight4_cam1-001-000184-0,7211281.329856137,327786.0862502952,647.0263061523438,HlangwineEP,2020-01-22,2020-01-23 08:06:41.603,08:06:41,74.32905866666667,26.81311277777778
3964,367604.273,Flight4_cam1-001-000185-0,7211263.4742698725,327798.1454072376,646.3743896484375,HlangwineEP,2020-01-22,2020-01-23 08:06:44.273,08:06:44,74.32193866666671,26.814596111111104
3965,367605.607,Flight4_cam1-001-000186-0,7211254.510219745,327804.1864742853,646.0218505859375,HlangwineEP,2020-01-22,2020-01-23 08:06:45.607,08:06:45,74.31838133333329,26.815337222222233
3966,367607.609,Flight4_cam1-001-000187-0,7211241.308106635,327813.0835816709,645.5241088867188,HlangwineEP,2020-01-22,2020-01-23 08:06:47.609,08:06:47,74.31304266666668,26.81644944444444
3967,367609.611,Flight4_cam1-001-000188-0,7211228.068128092,327821.9154758546,645.0487670898438,HlangwineEP,2020-01-22,2020-01-23 08:06:49.611,08:06:49,74.30770400000007,26.817561666666652
3968,367611.747,Flight4_cam1-001-000189-0,7211213.884264469,327831.54238953214,644.575439453125,HlangwineEP,2020-01-22,2020-01-23 08:06:51.747,08:06:51,74.30200800000007,26.818748333333318
3969,367614.149,Flight4_cam1-001-000190-0,7211198.205908707,327842.0528295088,644.0382690429688,HlangwineEP,2020-01-22,2020-01-23 08:06:54.149,08:06:54,74.29560266666674,26.820082777777763
3970,367615.617,Flight4_cam1-001-000191-0,7211188.240187233,327848.8770135755,643.71533203125,HlangwineEP,2020-01-22,2020-01-23 08:06:55.617,08:06:55,74.29168799999994,26.82089833333335
3971,367617.619,Flight4_cam1-001-000192-0,7211175.127251223,327857.73770620895,643.3712158203125,HlangwineEP,2020-01-22,2020-01-23 08:06:57.619,08:06:57,74.28634933333332,26.822010555555558
3972,367619.621,Flight4_cam1-001-000193-0,7211161.99805475,327866.57080583076,642.9635620117188,HlangwineEP,2020-01-22,2020-01-23 08:06:59.621,08:06:59,74.28101066666672,26.82312277777777
3973,367622.157,Flight4_cam1-001-000194-0,7211145.158951115,327877.9689028696,642.6542358398438,HlangwineEP,2020-01-22,2020-01-23 08:07:02.157,08:07:02,74.27424799999999,26.82453166666667
3974,367623.625,Flight4_cam1-001-000195-0,7211135.116396712,327884.72567410336,642.4512939453125,HlangwineEP,2020-01-22,2020-01-23 08:07:03.625,08:07:03,74.27033333333334,26.825347222222224
3975,367625.627,Flight4_cam1-001-000196-0,7211121.984199202,327893.6517320336,642.2333984375,HlangwineEP,2020-01-22,2020-01-23 08:07:05.627,08:07:05,74.26499466666672,26.82645944444443
3976,367627.629,Flight4_cam1-001-000197-0,7211108.782482872,327902.5627723237,642.1300659179688,HlangwineEP,2020-01-22,2020-01-23 08:07:07.629,08:07:07,74.25965599999996,26.827571666666675
3977,367629.631,Flight4_cam1-001-000198-0,7211095.556144195,327911.31126604055,642.0353393554688,HlangwineEP,2020-01-22,2020-01-23 08:07:09.631,08:07:09,74.25431733333335,26.828683888888886
3978,367632.167,Flight4_cam1-001-000199-0,7211078.730489638,327922.62241317297,641.9622802734375,HlangwineEP,2020-01-22,2020-01-23 08:07:12.167,08:07:12,74.24755466666663,26.830092777777786
3979,367633.635,Flight4_cam1-001-000200-0,7211068.769297243,327929.3774766265,641.968505859375,HlangwineEP,2020-01-22,2020-01-23 08:07:13.635,08:07:13,74.24363999999998,26.830908333333337
3980,367635.637,Flight4_cam1-001-000201-0,7211055.598573163,327938.2144698807,642.0289916992188,HlangwineEP,2020-01-22,2020-01-23 08:07:15.637,08:07:15,74.23830133333337,26.832020555555548
3981,367637.639,Flight4_cam1-001-000202-0,7211042.378636571,327947.07648760045,642.13818359375,HlangwineEP,2020-01-22,2020-01-23 08:07:17.639,08:07:17,74.23296266666661,26.83313277777779
3982,367640.175,Flight4_cam1-001-000203-0,7211025.54697746,327958.40094220196,642.2930908203125,HlangwineEP,2020-01-22,2020-01-23 08:07:20.175,08:07:20,74.22620000000003,26.83454166666666
3983,367641.643,Flight4_cam1-001-000204-0,7211015.5992042925,327965.1239750775,642.4022827148438,HlangwineEP,2020-01-22,2020-01-23 08:07:21.643,08:07:21,74.22228533333339,26.83535722222221
3984,367643.645,Flight4_cam1-001-000205-0,7211002.413435304,327973.9558864074,642.5676879882812,HlangwineEP,2020-01-22,2020-01-23 08:07:23.645,08:07:23,74.21694666666662,26.836469444444454
3985,367645.647,Flight4_cam1-001-000206-0,7210989.256580748,327982.8149959241,642.76806640625,HlangwineEP,2020-01-22,2020-01-23 08:07:25.647,08:07:25,74.21160800000001,26.837581666666665
3986,367647.649,Flight4_cam1-001-000207-0,7210976.19118615,327991.7253325308,642.947998046875,HlangwineEP,2020-01-22,2020-01-23 08:07:27.649,08:07:27,74.20626933333341,26.838693888888876
3987,367650.185,Flight4_cam1-001-000208-0,7210959.229060873,328002.9387963497,643.2066650390625,HlangwineEP,2020-01-22,2020-01-23 08:07:30.185,08:07:30,74.19950666666668,26.840102777777776
3988,367651.653,Flight4_cam1-001-000209-0,7210949.210693108,328009.62971804896,643.3804931640625,HlangwineEP,2020-01-22,2020-01-23 08:07:31.653,08:07:31,74.19559200000003,26.840918333333327
3989,367653.655,Flight4_cam1-001-000210-0,7210935.996569804,328018.5124075953,643.5546875,HlangwineEP,2020-01-22,2020-01-23 08:07:33.655,08:07:33,74.19025333333326,26.84203055555557
3990,367655.657,Flight4_cam1-001-000211-0,7210922.860964963,328027.35885002837,643.749267578125,HlangwineEP,2020-01-22,2020-01-23 08:07:35.657,08:07:35,74.18491466666666,26.843142777777782
3991,367658.193,Flight4_cam1-001-000212-0,7210906.049140904,328038.8296261532,644.009033203125,HlangwineEP,2020-01-22,2020-01-23 08:07:38.193,08:07:38,74.17815199999993,26.844551666666682
3992,367659.527,Flight4_cam1-001-000213-0,7210897.141502967,328044.84957520256,644.1055297851562,HlangwineEP,2020-01-22,2020-01-23 08:07:39.527,08:07:39,74.17459466666666,26.84529277777778
3993,367661.529,Flight4_cam1-001-000214-0,7210885.505379269,328055.47541594366,644.27392578125,HlangwineEP,2020-01-22,2020-01-23 08:07:41.529,08:07:41,74.16925600000006,26.84640499999999
3994,367663.531,Flight4_cam1-001-000215-0,7210879.626231348,328070.0193557071,644.5819091796875,HlangwineEP,2020-01-22,2020-01-23 08:07:43.531,08:07:43,74.16391733333329,26.847517222222233
3995,367666.201,Flight4_cam1-001-000216-0,7210884.754478004,328090.605031752,645.10546875,HlangwineEP,2020-01-22,2020-01-23 08:07:46.201,08:07:46,74.15679733333333,26.849000555555556
3996,367667.535,Flight4_cam1-001-000217-0,7210890.866840124,328099.8451335677,645.4122314453125,HlangwineEP,2020-01-22,2020-01-23 08:07:47.535,08:07:47,74.15324000000007,26.849741666666652
3997,367669.537,Flight4_cam1-001-000218-0,7210898.779985944,328111.93347857567,645.779296875,HlangwineEP,2020-01-22,2020-01-23 08:07:49.537,08:07:49,74.14790133333331,26.850853888888896
3998,367671.539,Flight4_cam1-001-000219-0,7210906.359523304,328123.6369153281,646.1785888671875,HlangwineEP,2020-01-22,2020-01-23 08:07:51.539,08:07:51,74.14256266666669,26.851966111111107
3999,367673.675,Flight4_cam1-001-000220-0,7210919.695661047,328133.2753771385,646.5264892578125,HlangwineEP,2020-01-22,2020-01-23 08:07:53.675,08:07:53,74.1368666666667,26.853152777777773
4000,367676.077,Flight4_cam1-001-000221-0,7210937.534092534,328131.66995410656,646.7250366210938,HlangwineEP,2020-01-22,2020-01-23 08:07:56.077,08:07:56,74.13046133333336,26.854487222222218
4001,367677.545,Flight4_cam1-001-000222-0,7210947.186532831,328125.7457041434,646.7232055664062,HlangwineEP,2020-01-22,2020-01-23 08:07:57.545,08:07:57,74.12654666666671,26.85530277777777
4002,367679.547,Flight4_cam1-001-000223-0,7210958.190828209,328117.17817021505,646.7981567382812,HlangwineEP,2020-01-22,2020-01-23 08:07:59.547,08:07:59,74.12120799999995,26.856415000000013
4003,367681.549,Flight4_cam1-001-000224-0,7210969.293138308,328109.4247799286,646.8929443359375,HlangwineEP,2020-01-22,2020-01-23 08:08:01.549,08:08:01,74.11586933333334,26.85752722222222
4004,367684.219,Flight4_cam1-001-000225-0,7210985.733588334,328098.76780535467,646.9298706054688,HlangwineEP,2020-01-22,2020-01-23 08:08:04.219,08:08:04,74.10874933333338,26.859010555555546
4005,367685.553,Flight4_cam1-001-000226-0,7210994.436266813,328093.06551540334,646.9583740234375,HlangwineEP,2020-01-22,2020-01-23 08:08:05.553,08:08:05,74.10519199999996,26.859751666666675
4006,367687.555,Flight4_cam1-001-000227-0,7211007.535442393,328084.40576308756,646.9641723632812,HlangwineEP,2020-01-22,2020-01-23 08:08:07.555,08:08:07,74.09985333333336,26.860863888888886
4007,367689.557,Flight4_cam1-001-000228-0,7211020.712233398,328075.6408706786,646.9931030273438,HlangwineEP,2020-01-22,2020-01-23 08:08:09.557,08:08:09,74.09451466666675,26.861976111111094
4008,367692.226,Flight4_cam1-001-000229-0,7211038.642287724,328063.6282635889,647.0433349609375,HlangwineEP,2020-01-22,2020-01-23 08:08:12.226,08:08:12,74.08739733333327,26.863458888888903
4009,367693.561,Flight4_cam1-001-000230-0,7211047.566529084,328057.6387297827,647.0770263671875,HlangwineEP,2020-01-22,2020-01-23 08:08:13.561,08:08:13,74.08383733333338,26.86420055555555
4010,367695.563,Flight4_cam1-001-000231-0,7211060.654980163,328048.9546027768,647.0927124023438,HlangwineEP,2020-01-22,2020-01-23 08:08:15.563,08:08:15,74.0784986666666,26.865312777777792
4011,367697.565,Flight4_cam1-001-000232-0,7211073.848174838,328040.1389735355,647.184326171875,HlangwineEP,2020-01-22,2020-01-23 08:08:17.565,08:08:17,74.07316,26.866425
4012,367700.234,Flight4_cam1-001-000233-0,7211091.668726757,328028.1667453074,647.2825317382812,HlangwineEP,2020-01-22,2020-01-23 08:08:20.234,08:08:20,74.06604266666668,26.867907777777777
4013,367701.569,Flight4_cam1-001-000234-0,7211100.589321393,328022.1536765074,647.3234252929688,HlangwineEP,2020-01-22,2020-01-23 08:08:21.569,08:08:21,74.06248266666663,26.868649444444454
4014,367703.571,Flight4_cam1-001-000235-0,7211113.731669152,328013.36128805566,647.3602294921875,HlangwineEP,2020-01-22,2020-01-23 08:08:23.571,08:08:23,74.05714400000001,26.869761666666665
4015,367705.573,Flight4_cam1-001-000236-0,7211126.971257752,328004.46136784134,647.4129028320312,HlangwineEP,2020-01-22,2020-01-23 08:08:25.573,08:08:25,74.0518053333334,26.870873888888873
4016,367707.708,Flight4_cam1-001-000237-0,7211141.233885182,327994.9835479498,647.5084838867188,HlangwineEP,2020-01-22,2020-01-23 08:08:27.708,08:08:27,74.04611200000005,26.87205999999999
4017,367710.111,Flight4_cam1-001-000238-0,7211157.02174452,327984.3575182522,647.6102294921875,HlangwineEP,2020-01-22,2020-01-23 08:08:30.111,08:08:30,74.03970400000007,26.873394999999988
4018,367711.579,Flight4_cam1-001-000239-0,7211167.205097994,327977.55558885826,647.6441040039062,HlangwineEP,2020-01-22,2020-01-23 08:08:31.579,08:08:31,74.03578933333327,26.87421055555557
4019,367713.581,Flight4_cam1-001-000240-0,7211180.362205201,327968.6985681756,647.7012329101562,HlangwineEP,2020-01-22,2020-01-23 08:08:33.581,08:08:33,74.03045066666665,26.875322777777782
4020,367715.583,Flight4_cam1-001-000241-0,7211193.529837087,327959.93566962023,647.8412475585938,HlangwineEP,2020-01-22,2020-01-23 08:08:35.583,08:08:35,74.02511200000005,26.87643499999999
4021,367718.252,Flight4_cam1-001-000242-0,7211211.46780863,327947.99574909155,647.9531860351562,HlangwineEP,2020-01-22,2020-01-23 08:08:38.252,08:08:38,74.01799466666672,26.877917777777764
4022,367719.587,Flight4_cam1-001-000243-0,7211220.453390384,327941.98025632056,648.0022583007812,HlangwineEP,2020-01-22,2020-01-23 08:08:39.587,08:08:39,74.01443466666667,26.878659444444445
4023,367721.589,Flight4_cam1-001-000244-0,7211233.613465129,327933.15772563865,648.1119384765625,HlangwineEP,2020-01-22,2020-01-23 08:08:41.589,08:08:41,74.00909600000006,26.879771666666656
4024,367723.591,Flight4_cam1-001-000245-0,7211246.701284582,327924.21938332776,648.2384033203125,HlangwineEP,2020-01-22,2020-01-23 08:08:43.591,08:08:43,74.0037573333333,26.880883888888896
4025,367725.726,Flight4_cam1-001-000246-0,7211260.945395056,327914.58536863234,648.3801879882812,HlangwineEP,2020-01-22,2020-01-23 08:08:45.726,08:08:45,73.99806399999994,26.882070000000013
4026,367728.129,Flight4_cam1-001-000247-0,7211276.771332083,327903.981307585,648.55908203125,HlangwineEP,2020-01-22,2020-01-23 08:08:48.129,08:08:48,73.99165599999996,26.883405000000007
4027,367729.597,Flight4_cam1-001-000248-0,7211286.792296734,327897.2055366751,648.699462890625,HlangwineEP,2020-01-22,2020-01-23 08:08:49.597,08:08:49,73.98774133333332,26.88422055555556
4028,367731.599,Flight4_cam1-001-000249-0,7211299.90446364,327888.3079387976,648.865966796875,HlangwineEP,2020-01-22,2020-01-23 08:08:51.599,08:08:51,73.9824026666667,26.88533277777777
4029,367733.601,Flight4_cam1-001-000250-0,7211313.110579092,327879.39845214924,649.0383911132812,HlangwineEP,2020-01-22,2020-01-23 08:08:53.601,08:08:53,73.97706399999994,26.886445000000013
4030,367736.27,Flight4_cam1-001-000251-0,7211330.930301566,327867.36589906993,649.2678833007812,HlangwineEP,2020-01-22,2020-01-23 08:08:56.270,08:08:56,73.96994666666662,26.887927777777787
4031,367737.605,Flight4_cam1-001-000252-0,7211339.868492595,327861.3648125266,649.3556518554688,HlangwineEP,2020-01-22,2020-01-23 08:08:57.605,08:08:57,73.96638666666672,26.888669444444435
4032,367739.607,Flight4_cam1-001-000253-0,7211353.043064106,327852.53219840676,649.5126342773438,HlangwineEP,2020-01-22,2020-01-23 08:08:59.607,08:08:59,73.96104799999996,26.889781666666675
4033,367741.609,Flight4_cam1-001-000254-0,7211366.158218548,327843.66558811424,649.6979370117188,HlangwineEP,2020-01-22,2020-01-23 08:09:01.609,08:09:01,73.95570933333335,26.890893888888886
4034,367744.145,Flight4_cam1-001-000255-0,7211382.916842774,327832.28839432274,650.0127563476562,HlangwineEP,2020-01-22,2020-01-23 08:09:04.145,08:09:04,73.94894666666661,26.89230277777779
4035,367745.613,Flight4_cam1-001-000256-0,7211392.963146057,327825.60589504766,650.2203979492188,HlangwineEP,2020-01-22,2020-01-23 08:09:05.613,08:09:05,73.94503199999997,26.89311833333334
4036,367747.615,Flight4_cam1-001-000257-0,7211406.157423694,327816.6755923664,650.582275390625,HlangwineEP,2020-01-22,2020-01-23 08:09:07.615,08:09:07,73.93969333333337,26.89423055555555
4037,367749.617,Flight4_cam1-001-000258-0,7211419.3692707885,327807.75603672385,650.9345092773438,HlangwineEP,2020-01-22,2020-01-23 08:09:09.617,08:09:09,73.9343546666666,26.895342777777792
4038,367751.619,Flight4_cam1-001-000259-0,7211432.596133448,327798.8341686481,651.3552856445312,HlangwineEP,2020-01-22,2020-01-23 08:09:11.619,08:09:11,73.92901599999999,26.896455000000003
4039,367754.155,Flight4_cam1-001-000260-0,7211449.342237385,327787.5033005759,651.9736938476562,HlangwineEP,2020-01-22,2020-01-23 08:09:14.155,08:09:14,73.92225333333326,26.897863888888903
4040,367755.623,Flight4_cam1-001-000261-0,7211459.376776123,327780.75538910204,652.375732421875,HlangwineEP,2020-01-22,2020-01-23 08:09:15.623,08:09:15,73.91833866666661,26.898679444444458
4041,367757.625,Flight4_cam1-001-000262-0,7211472.5737098595,327771.92695568135,652.9632568359375,HlangwineEP,2020-01-22,2020-01-23 08:09:17.625,08:09:17,73.91300000000001,26.899791666666665
4042,367759.627,Flight4_cam1-001-000263-0,7211485.718010401,327763.1523753411,653.5679931640625,HlangwineEP,2020-01-22,2020-01-23 08:09:19.627,08:09:19,73.9076613333334,26.900903888888877
4043,367762.162,Flight4_cam1-001-000264-0,7211502.405201014,327751.81705320126,654.350341796875,HlangwineEP,2020-01-22,2020-01-23 08:09:22.162,08:09:22,73.90090133333331,26.90231222222223
4044,367763.631,Flight4_cam1-001-000265-0,7211512.410650853,327745.01793475624,654.8453979492188,HlangwineEP,2020-01-22,2020-01-23 08:09:23.631,08:09:23,73.89698400000002,26.90312833333333
4045,367765.633,Flight4_cam1-001-000266-0,7211525.552287661,327736.1316649219,655.5975341796875,HlangwineEP,2020-01-22,2020-01-23 08:09:25.633,08:09:25,73.89164533333341,26.90424055555554
4046,367767.635,Flight4_cam1-001-000267-0,7211538.689569399,327727.2892401633,656.4090576171875,HlangwineEP,2020-01-22,2020-01-23 08:09:27.635,08:09:27,73.88630666666664,26.905352777777782
4047,367769.637,Flight4_cam1-001-000268-0,7211551.733772792,327718.3592632097,657.26171875,HlangwineEP,2020-01-22,2020-01-23 08:09:29.637,08:09:29,73.88096800000004,26.906464999999994
4048,367772.172,Flight4_cam1-001-000269-0,7211568.703061309,327707.1056642432,658.3292236328125,HlangwineEP,2020-01-22,2020-01-23 08:09:32.172,08:09:32,73.87420799999995,26.907873333333345
4049,367773.641,Flight4_cam1-001-000270-0,7211578.741756046,327700.4452211148,658.9794311523438,HlangwineEP,2020-01-22,2020-01-23 08:09:33.641,08:09:33,73.87029066666666,26.908689444444445
4050,367775.643,Flight4_cam1-001-000271-0,7211591.787447466,327691.6101687344,659.8341064453125,HlangwineEP,2020-01-22,2020-01-23 08:09:35.643,08:09:35,73.86495200000006,26.909801666666656
4051,367777.645,Flight4_cam1-001-000272-0,7211604.859453849,327682.69648179086,660.690185546875,HlangwineEP,2020-01-22,2020-01-23 08:09:37.645,08:09:37,73.85961333333329,26.9109138888889
4052,367780.18,Flight4_cam1-001-000273-0,7211621.647754453,327671.34483418765,661.7689208984375,HlangwineEP,2020-01-22,2020-01-23 08:09:40.180,08:09:40,73.85285333333336,26.91232222222222
4053,367781.648,Flight4_cam1-001-000274-0,7211631.699329715,327664.6287252509,662.44091796875,HlangwineEP,2020-01-22,2020-01-23 08:09:41.648,08:09:41,73.84893866666671,26.91313777777777
4054,367783.65,Flight4_cam1-001-000275-0,7211644.809889659,327655.7295404935,663.2922973632812,HlangwineEP,2020-01-22,2020-01-23 08:09:43.650,08:09:43,73.84359999999994,26.914250000000013
4055,367785.652,Flight4_cam1-001-000276-0,7211657.930133085,327646.9106307827,664.1286010742188,HlangwineEP,2020-01-22,2020-01-23 08:09:45.652,08:09:45,73.83826133333334,26.915362222222225
4056,367788.188,Flight4_cam1-001-000277-0,7211674.656087488,327635.66345004627,665.2872314453125,HlangwineEP,2020-01-22,2020-01-23 08:09:48.188,08:09:48,73.8314986666666,26.916771111111125
4057,367789.656,Flight4_cam1-001-000278-0,7211684.680797927,327628.9302794712,665.9283447265625,HlangwineEP,2020-01-22,2020-01-23 08:09:49.656,08:09:49,73.82758399999996,26.917586666666676
4058,367791.658,Flight4_cam1-001-000279-0,7211697.922420751,327620.0953880575,666.82666015625,HlangwineEP,2020-01-22,2020-01-23 08:09:51.658,08:09:51,73.82224533333334,26.918698888888887
4059,367793.527,Flight4_cam1-001-000280-0,7211709.995365119,327611.98565675,667.6107788085938,HlangwineEP,2020-01-22,2020-01-23 08:09:53.527,08:09:53,73.81726133333333,26.919737222222224
4060,367795.662,Flight4_cam1-001-000281-0,7211724.066982886,327602.3241081018,668.6033935546875,HlangwineEP,2020-01-22,2020-01-23 08:09:55.662,08:09:55,73.81156799999998,26.920923333333338
4061,367798.198,Flight4_cam1-001-000282-0,7211740.896614971,327590.8368461417,669.797119140625,HlangwineEP,2020-01-22,2020-01-23 08:09:58.198,08:09:58,73.8048053333334,26.92233222222221
4062,367799.533,Flight4_cam1-001-000283-0,7211749.8689316595,327584.83641200245,670.3641967773438,HlangwineEP,2020-01-22,2020-01-23 08:09:59.533,08:09:59,73.80124533333336,26.923073888888887
4063,367801.535,Flight4_cam1-001-000284-0,7211763.043066651,327575.98753718974,671.196533203125,HlangwineEP,2020-01-22,2020-01-23 08:10:01.535,08:10:01,73.79590666666674,26.924186111111098
4064,367803.537,Flight4_cam1-001-000285-0,7211776.145110646,327567.13563791686,672.0809326171875,HlangwineEP,2020-01-22,2020-01-23 08:10:03.537,08:10:03,73.79056799999998,26.92529833333334
4065,367806.206,Flight4_cam1-001-000286-0,7211793.99446865,327555.1616830175,673.2522583007812,HlangwineEP,2020-01-22,2020-01-23 08:10:06.206,08:10:06,73.78345066666665,26.926781111111115
4066,367807.541,Flight4_cam1-001-000287-0,7211802.94065576,327549.1603850549,673.8948364257812,HlangwineEP,2020-01-22,2020-01-23 08:10:07.541,08:10:07,73.7798906666666,26.927522777777792
4067,367809.543,Flight4_cam1-001-000288-0,7211816.148982054,327540.2450200814,674.7619018554688,HlangwineEP,2020-01-22,2020-01-23 08:10:09.543,08:10:09,73.77455199999999,26.928635000000003
4068,367811.545,Flight4_cam1-001-000289-0,7211829.349780065,327531.3477250828,675.6309204101562,HlangwineEP,2020-01-22,2020-01-23 08:10:11.545,08:10:11,73.76921333333338,26.929747222222215
4069,367814.214,Flight4_cam1-001-000290-0,7211847.127045296,327519.25122380827,676.8734130859375,HlangwineEP,2020-01-22,2020-01-23 08:10:14.214,08:10:14,73.76209600000006,26.93122999999999
4070,367815.549,Flight4_cam1-001-000291-0,7211856.026969163,327513.2245606488,677.4827270507812,HlangwineEP,2020-01-22,2020-01-23 08:10:15.549,08:10:15,73.758536,26.931971666666666
4071,367817.551,Flight4_cam1-001-000292-0,7211869.20786315,327504.320902116,678.3539428710938,HlangwineEP,2020-01-22,2020-01-23 08:10:17.551,08:10:17,73.7531973333334,26.933083888888877
4072,367819.553,Flight4_cam1-001-000293-0,7211882.389232481,327495.4101142768,679.2234497070312,HlangwineEP,2020-01-22,2020-01-23 08:10:19.553,08:10:19,73.74785866666663,26.93419611111112
4073,367821.688,Flight4_cam1-001-000294-0,7211896.67365309,327485.98198628647,680.1500854492188,HlangwineEP,2020-01-22,2020-01-23 08:10:21.688,08:10:21,73.74216533333328,26.935382222222234
4074,367824.224,Flight4_cam1-001-000295-0,7211913.484336693,327474.89644873084,681.2368774414062,HlangwineEP,2020-01-22,2020-01-23 08:10:24.224,08:10:24,73.7354026666667,26.936791111111106
4075,367825.559,Flight4_cam1-001-000296-0,7211922.324400624,327468.85694910324,681.7882080078125,HlangwineEP,2020-01-22,2020-01-23 08:10:25.559,08:10:25,73.73184266666665,26.937532777777783
4076,367827.561,Flight4_cam1-001-000297-0,7211935.374389169,327460.0100389012,682.6577758789062,HlangwineEP,2020-01-22,2020-01-23 08:10:27.561,08:10:27,73.72650400000003,26.938644999999994
4077,367829.563,Flight4_cam1-001-000298-0,7211948.56664722,327451.16272008244,683.4532470703125,HlangwineEP,2020-01-22,2020-01-23 08:10:29.563,08:10:29,73.72116533333327,26.939757222222234
4078,367832.232,Flight4_cam1-001-000299-0,7211966.5405487465,327439.1307820984,684.43310546875,HlangwineEP,2020-01-22,2020-01-23 08:10:32.232,08:10:32,73.71404799999996,26.94124000000001
4079,367833.567,Flight4_cam1-001-000300-0,7211975.523855999,327433.1364581253,684.8571166992188,HlangwineEP,2020-01-22,2020-01-23 08:10:33.567,08:10:33,73.71048800000005,26.941981666666656
4080,367835.569,Flight4_cam1-001-000301-0,7211988.714716343,327424.27829357225,685.5291137695312,HlangwineEP,2020-01-22,2020-01-23 08:10:35.569,08:10:35,73.7051493333333,26.9430938888889
4081,367837.571,Flight4_cam1-001-000302-0,7212001.826498259,327415.3246399915,686.2112426757812,HlangwineEP,2020-01-22,2020-01-23 08:10:37.571,08:10:37,73.69981066666668,26.944206111111107
4082,367840.24,Flight4_cam1-001-000303-0,7212019.623892558,327403.2359473666,686.9835205078125,HlangwineEP,2020-01-22,2020-01-23 08:10:40.240,08:10:40,73.69269333333337,26.945688888888885
4083,367841.575,Flight4_cam1-001-000304-0,7212028.620277427,327397.28675066645,687.3350830078125,HlangwineEP,2020-01-22,2020-01-23 08:10:41.575,08:10:41,73.6891333333333,26.946430555555562
4084,367843.577,Flight4_cam1-001-000305-0,7212041.782603136,327388.4675590877,687.8245849609375,HlangwineEP,2020-01-22,2020-01-23 08:10:43.577,08:10:43,73.6837946666667,26.947542777777773
4085,367845.579,Flight4_cam1-001-000306-0,7212054.97193802,327379.55397870264,688.2839965820312,HlangwineEP,2020-01-22,2020-01-23 08:10:45.579,08:10:45,73.67845599999993,26.948655000000016
4086,367847.714,Flight4_cam1-001-000307-0,7212069.287374971,327369.9574561309,688.7254638671875,HlangwineEP,2020-01-22,2020-01-23 08:10:47.714,08:10:47,73.67276266666673,26.9498411111111
4087,367850.116,Flight4_cam1-001-000308-0,7212084.982607579,327359.3429451175,689.26025390625,HlangwineEP,2020-01-22,2020-01-23 08:10:50.116,08:10:50,73.6663573333334,26.951175555555544
4088,367851.585,Flight4_cam1-001-000309-0,7212095.0861772355,327352.62916656345,689.5472412109375,HlangwineEP,2020-01-22,2020-01-23 08:10:51.585,08:10:51,73.66243999999995,26.95199166666668
4089,367853.587,Flight4_cam1-001-000310-0,7212108.181577827,327343.7257947414,689.8839111328125,HlangwineEP,2020-01-22,2020-01-23 08:10:53.587,08:10:53,73.65710133333334,26.95310388888889
4090,367855.588,Flight4_cam1-001-000311-0,7212121.313273091,327334.87324848876,690.2456665039062,HlangwineEP,2020-01-22,2020-01-23 08:10:55.588,08:10:55,73.65176533333337,26.95421555555555
4091,367858.258,Flight4_cam1-001-000312-0,7212139.201234717,327322.9152752058,690.75390625,HlangwineEP,2020-01-22,2020-01-23 08:10:58.258,08:10:58,73.64464533333341,26.955698888888872
4092,367859.592,Flight4_cam1-001-000313-0,7212148.110076367,327316.8109416914,690.98388671875,HlangwineEP,2020-01-22,2020-01-23 08:10:59.592,08:10:59,73.641088,26.95644
4093,367861.594,Flight4_cam1-001-000314-0,7212161.259134269,327307.84584311483,691.2883911132812,HlangwineEP,2020-01-22,2020-01-23 08:11:01.594,08:11:01,73.63574933333338,26.957552222222212
4094,367863.596,Flight4_cam1-001-000315-0,7212174.485872753,327299.0443457754,691.6339721679688,HlangwineEP,2020-01-22,2020-01-23 08:11:03.596,08:11:03,73.63041066666662,26.958664444444455
4095,367866.266,Flight4_cam1-001-000316-0,7212192.121513372,327287.1400673223,692.0452880859375,HlangwineEP,2020-01-22,2020-01-23 08:11:06.266,08:11:06,73.62329066666666,26.96014777777778
4096,367867.6,Flight4_cam1-001-000317-0,7212201.090816518,327281.0770786769,692.27783203125,HlangwineEP,2020-01-22,2020-01-23 08:11:07.600,08:11:07,73.6197333333334,26.960888888888874
4097,367869.602,Flight4_cam1-001-000318-0,7212214.3108426845,327272.2051159501,692.6170654296875,HlangwineEP,2020-01-22,2020-01-23 08:11:09.602,08:11:09,73.61439466666664,26.962001111111118
4098,367871.604,Flight4_cam1-001-000319-0,7212227.461679503,327263.37543816236,692.9736938476562,HlangwineEP,2020-01-22,2020-01-23 08:11:11.604,08:11:11,73.60905600000002,26.96311333333333
4099,367873.74,Flight4_cam1-001-000320-0,7212242.107288093,327254.4398790389,693.3692626953125,HlangwineEP,2020-01-22,2020-01-23 08:11:13.740,08:11:13,73.60336000000002,26.964299999999994
4100,367876.142,Flight4_cam1-001-000321-0,7212260.829384415,327251.69770765724,693.6641235351562,HlangwineEP,2020-01-22,2020-01-23 08:11:16.142,08:11:16,73.59695466666669,26.96563444444444
4101,367877.61,Flight4_cam1-001-000322-0,7212272.171620289,327256.1857918978,693.7412719726562,HlangwineEP,2020-01-22,2020-01-23 08:11:17.610,08:11:17,73.59304000000004,26.96644999999999
4102,367879.612,Flight4_cam1-001-000323-0,7212283.778868392,327267.50872684014,693.7393798828125,HlangwineEP,2020-01-22,2020-01-23 08:11:19.612,08:11:19,73.58770133333327,26.967562222222234
4103,367881.614,Flight4_cam1-001-000324-0,7212291.66189627,327279.07137806877,693.7161865234375,HlangwineEP,2020-01-22,2020-01-23 08:11:21.614,08:11:21,73.58236266666667,26.968674444444446
4104,367884.284,Flight4_cam1-001-000325-0,7212302.898746036,327293.0653995158,693.746337890625,HlangwineEP,2020-01-22,2020-01-23 08:11:24.284,08:11:24,73.57524266666671,26.970157777777768
4105,367885.618,Flight4_cam1-001-000326-0,7212307.860284731,327302.2837130063,693.7689819335938,HlangwineEP,2020-01-22,2020-01-23 08:11:25.618,08:11:25,73.57168533333329,26.970898888888897
4106,367887.62,Flight4_cam1-001-000327-0,7212308.153786803,327318.0452342126,693.6249389648438,HlangwineEP,2020-01-22,2020-01-23 08:11:27.620,08:11:27,73.56634666666669,26.972011111111108
4107,367889.622,Flight4_cam1-001-000328-0,7212299.129589874,327330.15211985045,693.3433837890625,HlangwineEP,2020-01-22,2020-01-23 08:11:29.622,08:11:29,73.56100800000007,26.97312333333332
4108,367891.758,Flight4_cam1-001-000329-0,7212284.976957178,327338.97069084423,693.1241455078125,HlangwineEP,2020-01-22,2020-01-23 08:11:31.758,08:11:31,73.55531200000007,26.974309999999985
4109,367894.16,Flight4_cam1-001-000330-0,7212271.350788508,327347.3763248544,692.8309936523438,HlangwineEP,2020-01-22,2020-01-23 08:11:34.160,08:11:34,73.54890666666674,26.97564444444443
4110,367895.628,Flight4_cam1-001-000331-0,7212262.88083359,327353.19016423984,692.6642456054688,HlangwineEP,2020-01-22,2020-01-23 08:11:35.628,08:11:35,73.54499199999994,26.976460000000014
4111,367897.63,Flight4_cam1-001-000332-0,7212251.022370171,327361.4744315464,692.4554443359375,HlangwineEP,2020-01-22,2020-01-23 08:11:37.630,08:11:37,73.53965333333332,26.977572222222225
4112,367899.632,Flight4_cam1-001-000333-0,7212238.530007699,327370.0296955714,692.2648315429688,HlangwineEP,2020-01-22,2020-01-23 08:11:39.632,08:11:39,73.53431466666672,26.978684444444436
4113,367902.168,Flight4_cam1-001-000334-0,7212222.093115589,327381.2742059065,691.9781494140625,HlangwineEP,2020-01-22,2020-01-23 08:11:42.168,08:11:42,73.52755199999999,26.980093333333336
4114,367903.636,Flight4_cam1-001-000335-0,7212212.064605372,327388.1033902093,691.7183837890625,HlangwineEP,2020-01-22,2020-01-23 08:11:43.636,08:11:43,73.52363733333334,26.980908888888887
4115,367905.638,Flight4_cam1-001-000336-0,7212199.184051864,327396.93339412066,691.3467407226562,HlangwineEP,2020-01-22,2020-01-23 08:11:45.638,08:11:45,73.51829866666674,26.9820211111111
4116,367907.64,Flight4_cam1-001-000337-0,7212186.1016597,327405.77967856417,691.0870971679688,HlangwineEP,2020-01-22,2020-01-23 08:11:47.640,08:11:47,73.51295999999996,26.983133333333342
4117,367910.176,Flight4_cam1-001-000338-0,7212169.3398074,327417.0725901056,690.7113647460938,HlangwineEP,2020-01-22,2020-01-23 08:11:50.176,08:11:50,73.5061973333334,26.98454222222221
4118,367911.644,Flight4_cam1-001-000339-0,7212159.413082721,327423.8452557053,690.5139770507812,HlangwineEP,2020-01-22,2020-01-23 08:11:51.644,08:11:51,73.50228266666674,26.98535777777776
4119,367913.646,Flight4_cam1-001-000340-0,7212146.381181572,327432.7096794463,690.2691040039062,HlangwineEP,2020-01-22,2020-01-23 08:11:53.646,08:11:53,73.49694399999998,26.986470000000004
4120,367915.648,Flight4_cam1-001-000341-0,7212133.246099668,327441.5330476804,690.0186157226562,HlangwineEP,2020-01-22,2020-01-23 08:11:55.648,08:11:55,73.49160533333337,26.987582222222215
4121,367917.65,Flight4_cam1-001-000342-0,7212120.161006011,327450.45028099057,689.7440185546875,HlangwineEP,2020-01-22,2020-01-23 08:11:57.650,08:11:57,73.48626666666661,26.98869444444446
4122,367920.186,Flight4_cam1-001-000343-0,7212103.357156836,327461.77000814065,689.3081665039062,HlangwineEP,2020-01-22,2020-01-23 08:12:00.186,08:12:00,73.47950400000003,26.990103333333327
4123,367921.654,Flight4_cam1-001-000344-0,7212093.315844077,327468.5177958231,689.0379028320312,HlangwineEP,2020-01-22,2020-01-23 08:12:01.654,08:12:01,73.47558933333339,26.990918888888878
4124,367923.656,Flight4_cam1-001-000345-0,7212080.10016831,327477.44398954615,688.5685424804688,HlangwineEP,2020-01-22,2020-01-23 08:12:03.656,08:12:03,73.47025066666663,26.99203111111112
4125,367925.658,Flight4_cam1-001-000346-0,7212066.8143527,327486.1864570236,688.0530395507812,HlangwineEP,2020-01-22,2020-01-23 08:12:05.658,08:12:05,73.46491200000001,26.993143333333332
4126,367928.194,Flight4_cam1-001-000347-0,7212049.829192365,327497.2929637912,687.3232421875,HlangwineEP,2020-01-22,2020-01-23 08:12:08.194,08:12:08,73.4581493333333,26.994552222222232
4127,367929.662,Flight4_cam1-001-000348-0,7212039.7472853,327504.0551275517,686.8548583984375,HlangwineEP,2020-01-22,2020-01-23 08:12:09.662,08:12:09,73.45423466666664,26.995367777777783
4128,367931.664,Flight4_cam1-001-000349-0,7212026.770754236,327513.02868856315,686.252197265625,HlangwineEP,2020-01-22,2020-01-23 08:12:11.664,08:12:11,73.44889600000003,26.996479999999995
4129,367933.532,Flight4_cam1-001-000350-0,7212014.772994339,327521.28687550325,685.6874389648438,HlangwineEP,2020-01-22,2020-01-23 08:12:13.532,08:12:13,73.44391466666666,26.99751777777778
4130,367935.668,Flight4_cam1-001-000351-0,7212000.673613563,327530.98300486617,684.8955078125,HlangwineEP,2020-01-22,2020-01-23 08:12:15.668,08:12:15,73.43821866666666,26.998704444444446
4131,367938.204,Flight4_cam1-001-000352-0,7211983.858574835,327542.28087815864,683.8563842773438,HlangwineEP,2020-01-22,2020-01-23 08:12:18.204,08:12:18,73.43145599999993,27.00011333333335
4132,367939.538,Flight4_cam1-001-000353-0,7211974.806526288,327548.250772526,683.2305908203125,HlangwineEP,2020-01-22,2020-01-23 08:12:19.538,08:12:19,73.42789866666666,27.000854444444446
4133,367941.54,Flight4_cam1-001-000354-0,7211961.743779512,327557.0128200472,682.3497924804688,HlangwineEP,2020-01-22,2020-01-23 08:12:21.540,08:12:21,73.42256000000006,27.001966666666654
4134,367943.542,Flight4_cam1-001-000355-0,7211948.595126327,327565.85119796847,681.4383544921875,HlangwineEP,2020-01-22,2020-01-23 08:12:23.542,08:12:23,73.4172213333333,27.003078888888897
4135,367946.212,Flight4_cam1-001-000356-0,7211930.714790309,327577.7757711391,680.1620483398438,HlangwineEP,2020-01-22,2020-01-23 08:12:26.212,08:12:26,73.41010133333334,27.004562222222223
4136,367947.546,Flight4_cam1-001-000357-0,7211921.856234398,327583.9206715969,679.4838256835938,HlangwineEP,2020-01-22,2020-01-23 08:12:27.546,08:12:27,73.40654400000008,27.00530333333332
4137,367949.548,Flight4_cam1-001-000358-0,7211908.803767755,327592.78646260407,678.4708862304688,HlangwineEP,2020-01-22,2020-01-23 08:12:29.548,08:12:29,73.40120533333331,27.00641555555556
4138,367951.55,Flight4_cam1-001-000359-0,7211895.6501584845,327601.64010960876,677.5131225585938,HlangwineEP,2020-01-22,2020-01-23 08:12:31.550,08:12:31,73.3958666666667,27.00752777777777
4139,367953.686,Flight4_cam1-001-000360-0,7211881.466523292,327611.19169646234,676.4794311523438,HlangwineEP,2020-01-22,2020-01-23 08:12:33.686,08:12:33,73.3901706666667,27.008714444444436
4140,367956.088,Flight4_cam1-001-000361-0,7211865.120841394,327622.08782242105,675.3462524414062,HlangwineEP,2020-01-22,2020-01-23 08:12:36.088,08:12:36,73.38376533333337,27.010048888888882
4141,367957.556,Flight4_cam1-001-000362-0,7211855.605759304,327628.42777765985,674.7011108398438,HlangwineEP,2020-01-22,2020-01-23 08:12:37.556,08:12:37,73.37985066666671,27.010864444444433
4142,367959.558,Flight4_cam1-001-000363-0,7211842.424320243,327637.13641216065,673.8052368164062,HlangwineEP,2020-01-22,2020-01-23 08:12:39.558,08:12:39,73.37451199999995,27.011976666666676
4143,367961.56,Flight4_cam1-001-000364-0,7211828.572233407,327646.1995034058,672.8969116210938,HlangwineEP,2020-01-22,2020-01-23 08:12:41.560,08:12:41,73.36917333333335,27.013088888888888
4144,367964.23,Flight4_cam1-001-000365-0,7211811.358988177,327657.96523913695,671.6818237304688,HlangwineEP,2020-01-22,2020-01-23 08:12:44.230,08:12:44,73.36205333333339,27.014572222222213
4145,367965.564,Flight4_cam1-001-000366-0,7211802.501455119,327664.08627319516,671.0841064453125,HlangwineEP,2020-01-22,2020-01-23 08:12:45.564,08:12:45,73.35849599999997,27.015313333333342
4146,367967.566,Flight4_cam1-001-000367-0,7211789.380839134,327673.0382125829,670.180419921875,HlangwineEP,2020-01-22,2020-01-23 08:12:47.566,08:12:47,73.35315733333336,27.01642555555555
4147,367969.568,Flight4_cam1-001-000368-0,7211776.333654998,327681.8618666837,669.3009643554688,HlangwineEP,2020-01-22,2020-01-23 08:12:49.568,08:12:49,73.3478186666666,27.017537777777793
4148,367971.704,Flight4_cam1-001-000369-0,7211762.137574665,327691.4371349772,668.45263671875,HlangwineEP,2020-01-22,2020-01-23 08:12:51.704,08:12:51,73.3421226666666,27.01872444444446
4149,367974.106,Flight4_cam1-001-000370-0,7211745.803156244,327702.4778094952,667.3598022460938,HlangwineEP,2020-01-22,2020-01-23 08:12:54.106,08:12:54,73.33571733333326,27.020058888888904
4150,367975.574,Flight4_cam1-001-000371-0,7211736.283110451,327708.8110786332,666.7267456054688,HlangwineEP,2020-01-22,2020-01-23 08:12:55.574,08:12:55,73.3318026666666,27.020874444444456
4151,367977.576,Flight4_cam1-001-000372-0,7211723.074814931,327717.553452815,665.8954467773438,HlangwineEP,2020-01-22,2020-01-23 08:12:57.576,08:12:57,73.326464,27.021986666666667
4152,367979.578,Flight4_cam1-001-000373-0,7211709.530440841,327726.7893750654,665.0166625976562,HlangwineEP,2020-01-22,2020-01-23 08:12:59.578,08:12:59,73.3211253333334,27.023098888888878
4153,367982.247,Flight4_cam1-001-000374-0,7211692.238662522,327738.5032927777,663.9122314453125,HlangwineEP,2020-01-22,2020-01-23 08:13:02.247,08:13:02,73.31400800000007,27.024581666666652
4154,367983.582,Flight4_cam1-001-000375-0,7211683.309931381,327744.53642889287,663.375244140625,HlangwineEP,2020-01-22,2020-01-23 08:13:03.582,08:13:03,73.31044800000002,27.02532333333333
4155,367985.584,Flight4_cam1-001-000376-0,7211670.251462661,327753.49712915684,662.5679931640625,HlangwineEP,2020-01-22,2020-01-23 08:13:05.584,08:13:05,73.3051093333334,27.02643555555554
4156,367987.586,Flight4_cam1-001-000377-0,7211657.104226397,327762.28790029266,661.7682495117188,HlangwineEP,2020-01-22,2020-01-23 08:13:07.586,08:13:07,73.29977066666665,27.027547777777784
4157,367989.722,Flight4_cam1-001-000378-0,7211642.9074403215,327771.8121770627,660.93798828125,HlangwineEP,2020-01-22,2020-01-23 08:13:09.722,08:13:09,73.29407466666665,27.02873444444445
4158,367992.124,Flight4_cam1-001-000379-0,7211626.616047163,327782.8744567905,659.9625244140625,HlangwineEP,2020-01-22,2020-01-23 08:13:12.124,08:13:12,73.28766933333331,27.030068888888895
4159,367993.592,Flight4_cam1-001-000380-0,7211617.089549417,327789.2602888464,659.386962890625,HlangwineEP,2020-01-22,2020-01-23 08:13:13.592,08:13:13,73.28375466666665,27.030884444444446
4160,367995.594,Flight4_cam1-001-000381-0,7211603.778110379,327797.9847281504,658.6209106445312,HlangwineEP,2020-01-22,2020-01-23 08:13:15.594,08:13:15,73.27841600000005,27.031996666666657
4161,367997.596,Flight4_cam1-001-000382-0,7211589.973563112,327807.07897728484,657.81787109375,HlangwineEP,2020-01-22,2020-01-23 08:13:17.596,08:13:17,73.27307733333329,27.0331088888889
4162,368000.265,Flight4_cam1-001-000383-0,7211572.751499161,327818.90564517665,656.8657836914062,HlangwineEP,2020-01-22,2020-01-23 08:13:20.265,08:13:20,73.26595999999996,27.034591666666675
4163,368001.6,Flight4_cam1-001-000384-0,7211563.759034915,327824.9950758717,656.3989868164062,HlangwineEP,2020-01-22,2020-01-23 08:13:21.600,08:13:21,73.26240000000007,27.03533333333332
4164,368003.602,Flight4_cam1-001-000385-0,7211550.635967933,327833.90253509977,655.7918701171875,HlangwineEP,2020-01-22,2020-01-23 08:13:23.602,08:13:23,73.2570613333333,27.036445555555563
4165,368005.604,Flight4_cam1-001-000386-0,7211537.555506033,327842.6665112742,655.128173828125,HlangwineEP,2020-01-22,2020-01-23 08:13:25.604,08:13:25,73.2517226666667,27.037557777777774
4166,368007.739,Flight4_cam1-001-000387-0,7211523.407605853,327852.2021186241,654.5927124023438,HlangwineEP,2020-01-22,2020-01-23 08:13:27.739,08:13:27,73.24602933333334,27.038743888888888
4167,368010.142,Flight4_cam1-001-000388-0,7211506.987227309,327863.196817718,654.0294189453125,HlangwineEP,2020-01-22,2020-01-23 08:13:30.142,08:13:30,73.23962133333336,27.040078888888885
4168,368011.61,Flight4_cam1-001-000389-0,7211497.499846267,327869.6201093972,653.759033203125,HlangwineEP,2020-01-22,2020-01-23 08:13:31.610,08:13:31,73.2357066666667,27.040894444444437
4169,368013.612,Flight4_cam1-001-000390-0,7211484.357185047,327878.4216412931,653.4231567382812,HlangwineEP,2020-01-22,2020-01-23 08:13:33.612,08:13:33,73.23036799999994,27.04200666666668
4170,368015.614,Flight4_cam1-001-000391-0,7211470.615291145,327887.5167307098,653.1550903320312,HlangwineEP,2020-01-22,2020-01-23 08:13:35.614,08:13:35,73.22502933333334,27.04311888888889
4171,368018.283,Flight4_cam1-001-000392-0,7211453.245586559,327899.21012642,652.8676147460938,HlangwineEP,2020-01-22,2020-01-23 08:13:38.283,08:13:38,73.21791200000001,27.044601666666665
4172,368019.618,Flight4_cam1-001-000393-0,7211444.373704411,327905.3692219275,652.6864624023438,HlangwineEP,2020-01-22,2020-01-23 08:13:39.618,08:13:39,73.21435199999996,27.045343333333342
4173,368021.62,Flight4_cam1-001-000394-0,7211431.293991556,327914.2522299824,652.6034545898438,HlangwineEP,2020-01-22,2020-01-23 08:13:41.620,08:13:41,73.20901333333335,27.046455555555553
4174,368023.622,Flight4_cam1-001-000395-0,7211418.1182220075,327923.08677762153,652.5614624023438,HlangwineEP,2020-01-22,2020-01-23 08:13:43.622,08:13:43,73.20367466666674,27.047567777777765
4175,368025.624,Flight4_cam1-001-000396-0,7211404.364006408,327932.22963814146,652.5989379882812,HlangwineEP,2020-01-22,2020-01-23 08:13:45.624,08:13:45,73.19833599999997,27.048680000000004
4176,368028.16,Flight4_cam1-001-000397-0,7211387.719786286,327943.53231029643,652.6337280273438,HlangwineEP,2020-01-22,2020-01-23 08:13:48.160,08:13:48,73.19157333333341,27.050088888888876
4177,368029.628,Flight4_cam1-001-000398-0,7211378.179166156,327949.88713533524,652.655029296875,HlangwineEP,2020-01-22,2020-01-23 08:13:49.628,08:13:49,73.18765866666661,27.05090444444446
4178,368031.63,Flight4_cam1-001-000399-0,7211365.0666328855,327958.71102548786,652.6746215820312,HlangwineEP,2020-01-22,2020-01-23 08:13:51.630,08:13:51,73.18231999999999,27.05201666666667
4179,368033.632,Flight4_cam1-001-000400-0,7211351.443564367,327968.0049788228,652.7139892578125,HlangwineEP,2020-01-22,2020-01-23 08:13:53.632,08:13:53,73.17698133333339,27.053128888888878
4180,368036.168,Flight4_cam1-001-000401-0,7211334.53150156,327979.4290428288,652.7420654296875,HlangwineEP,2020-01-22,2020-01-23 08:13:56.168,08:13:56,73.17021866666666,27.05453777777778
4181,368037.636,Flight4_cam1-001-000402-0,7211324.99549962,327985.8793948177,652.7849731445312,HlangwineEP,2020-01-22,2020-01-23 08:13:57.636,08:13:57,73.16630400000001,27.055353333333333
4182,368039.638,Flight4_cam1-001-000403-0,7211311.921838552,327994.70021329215,652.817626953125,HlangwineEP,2020-01-22,2020-01-23 08:13:59.638,08:13:59,73.1609653333334,27.056465555555544
4183,368041.64,Flight4_cam1-001-000404-0,7211298.424397804,328004.0637232488,652.81494140625,HlangwineEP,2020-01-22,2020-01-23 08:14:01.640,08:14:01,73.15562666666663,27.057577777777784
4184,368044.175,Flight4_cam1-001-000405-0,7211282.240455994,328015.0404456315,652.7849731445312,HlangwineEP,2020-01-22,2020-01-23 08:14:04.175,08:14:04,73.1488666666667,27.058986111111103
4185,368045.644,Flight4_cam1-001-000406-0,7211272.149013046,328021.69841818395,652.7593994140625,HlangwineEP,2020-01-22,2020-01-23 08:14:05.644,08:14:05,73.14494933333341,27.059802222222206
4186,368047.646,Flight4_cam1-001-000407-0,7211258.700008921,328030.44577341573,652.7186889648438,HlangwineEP,2020-01-22,2020-01-23 08:14:07.646,08:14:07,73.13961066666666,27.06091444444445
4187,368049.648,Flight4_cam1-001-000408-0,7211245.5018294435,328039.31534608896,652.631103515625,HlangwineEP,2020-01-22,2020-01-23 08:14:09.648,08:14:09,73.13427200000004,27.062026666666657
4188,368051.65,Flight4_cam1-001-000409-0,7211231.856502257,328048.6478637194,652.5731201171875,HlangwineEP,2020-01-22,2020-01-23 08:14:11.650,08:14:11,73.12893333333328,27.0631388888889
4189,368054.185,Flight4_cam1-001-000410-0,7211215.07342419,328059.9697022965,652.4366455078125,HlangwineEP,2020-01-22,2020-01-23 08:14:14.185,08:14:14,73.12217333333334,27.06454722222222
4190,368055.654,Flight4_cam1-001-000411-0,7211205.548517843,328066.38378537854,652.359130859375,HlangwineEP,2020-01-22,2020-01-23 08:14:15.654,08:14:15,73.11825600000006,27.065363333333323
4191,368057.656,Flight4_cam1-001-000412-0,7211192.502831764,328075.28465740476,652.2332153320312,HlangwineEP,2020-01-22,2020-01-23 08:14:17.656,08:14:17,73.11291733333329,27.066475555555567
4192,368059.658,Flight4_cam1-001-000413-0,7211178.792613808,328084.4520224516,652.1280517578125,HlangwineEP,2020-01-22,2020-01-23 08:14:19.658,08:14:19,73.10757866666668,27.067587777777774
4193,368062.193,Flight4_cam1-001-000414-0,7211161.998236604,328095.799352353,651.9142456054688,HlangwineEP,2020-01-22,2020-01-23 08:14:22.193,08:14:22,73.1008186666666,27.068996111111126
4194,368063.662,Flight4_cam1-001-000415-0,7211152.390102332,328102.13941522315,651.7816162109375,HlangwineEP,2020-01-22,2020-01-23 08:14:23.662,08:14:23,73.0969013333333,27.06981222222223
4195,368065.663,Flight4_cam1-001-000416-0,7211139.057801238,328110.92979215697,651.582275390625,HlangwineEP,2020-01-22,2020-01-23 08:14:25.663,08:14:25,73.09156533333334,27.07092388888889
4196,368067.665,Flight4_cam1-001-000417-0,7211125.883200489,328119.70876957383,651.4013061523438,HlangwineEP,2020-01-22,2020-01-23 08:14:27.665,08:14:27,73.08622666666673,27.0720361111111
4197,368070.201,Flight4_cam1-001-000418-0,7211109.0787409,328131.0089699158,651.1835327148438,HlangwineEP,2020-01-22,2020-01-23 08:14:30.201,08:14:30,73.079464,27.073445
4198,368071.536,Flight4_cam1-001-000419-0,7211100.103184328,328137.05279167707,651.0338745117188,HlangwineEP,2020-01-22,2020-01-23 08:14:31.536,08:14:31,73.07590399999995,27.07418666666668
4199,368073.538,Flight4_cam1-001-000420-0,7211086.977421094,328145.97841298964,650.863037109375,HlangwineEP,2020-01-22,2020-01-23 08:14:33.538,08:14:33,73.07056533333333,27.075298888888888
4200,368075.54,Flight4_cam1-001-000421-0,7211073.314849373,328155.2584224214,650.663330078125,HlangwineEP,2020-01-22,2020-01-23 08:14:35.540,08:14:35,73.06522666666673,27.0764111111111
4201,368077.675,Flight4_cam1-001-000422-0,7211059.122595059,328164.85707501153,650.4100341796875,HlangwineEP,2020-01-22,2020-01-23 08:14:37.675,08:14:37,73.05953333333336,27.077597222222217
4202,368080.211,Flight4_cam1-001-000423-0,7211042.489523485,328176.31108430494,650.160888671875,HlangwineEP,2020-01-22,2020-01-23 08:14:40.211,08:14:40,73.05277066666665,27.079006111111116
4203,368081.546,Flight4_cam1-001-000424-0,7211034.162592437,328182.0365994894,650.0347290039062,HlangwineEP,2020-01-22,2020-01-23 08:14:41.546,08:14:41,73.04921066666674,27.07974777777776
4204,368083.548,Flight4_cam1-001-000425-0,7211020.581077587,328191.26255447156,649.7932739257812,HlangwineEP,2020-01-22,2020-01-23 08:14:43.548,08:14:43,73.04387199999998,27.080860000000005
4205,368085.55,Flight4_cam1-001-000426-0,7211007.340243955,328200.18588970695,649.5842895507812,HlangwineEP,2020-01-22,2020-01-23 08:14:45.550,08:14:45,73.03853333333336,27.081972222222216
4206,368088.219,Flight4_cam1-001-000427-0,7210989.908081703,328211.72073231766,649.2822875976562,HlangwineEP,2020-01-22,2020-01-23 08:14:48.219,08:14:48,73.03141600000005,27.08345499999999
4207,368089.554,Flight4_cam1-001-000428-0,7210982.165572915,328219.2391883339,649.1444702148438,HlangwineEP,2020-01-22,2020-01-23 08:14:49.554,08:14:49,73.027856,27.084196666666667
4208,368091.556,Flight4_cam1-001-000429-0,7210976.204123903,328234.11790535424,649.18505859375,HlangwineEP,2020-01-22,2020-01-23 08:14:51.556,08:14:51,73.02251733333338,27.08530888888888
4209,368093.558,Flight4_cam1-001-000430-0,7210979.208807079,328250.6452560765,649.3468017578125,HlangwineEP,2020-01-22,2020-01-23 08:14:53.558,08:14:53,73.01717866666662,27.08642111111112
4210,368095.693,Flight4_cam1-001-000431-0,7210987.813350972,328264.3360138826,649.6615600585938,HlangwineEP,2020-01-22,2020-01-23 08:14:55.693,08:14:55,73.01148533333325,27.08760722222224
4211,368098.229,Flight4_cam1-001-000432-0,7210996.370271444,328278.2215125252,650.0221557617188,HlangwineEP,2020-01-22,2020-01-23 08:14:58.229,08:14:58,73.0047226666667,27.089016111111107
4212,368099.564,Flight4_cam1-001-000433-0,7211000.769632993,328285.49580644956,650.18017578125,HlangwineEP,2020-01-22,2020-01-23 08:14:59.564,08:14:59,73.00116266666663,27.089757777777784
4213,368101.566,Flight4_cam1-001-000434-0,7211012.626686655,328296.1888904467,650.480712890625,HlangwineEP,2020-01-22,2020-01-23 08:15:01.566,08:15:01,72.99582400000003,27.090869999999995
4214,368103.568,Flight4_cam1-001-000435-0,7211027.738353817,328298.1995597596,650.7279052734375,HlangwineEP,2020-01-22,2020-01-23 08:15:03.568,08:15:03,72.99048533333325,27.09198222222224
4215,368106.237,Flight4_cam1-001-000436-0,7211044.594817562,328289.1596471741,650.89208984375,HlangwineEP,2020-01-22,2020-01-23 08:15:06.237,08:15:06,72.98336799999994,27.093465000000013
4216,368107.572,Flight4_cam1-001-000437-0,7211051.940680904,328283.06916775985,651.0132446289062,HlangwineEP,2020-01-22,2020-01-23 08:15:07.572,08:15:07,72.97980800000005,27.094206666666658
4217,368109.574,Flight4_cam1-001-000438-0,7211058.902803228,328278.1334287062,651.0355224609375,HlangwineEP,2020-01-22,2020-01-23 08:15:09.574,08:15:09,72.97446933333327,27.0953188888889
4218,368111.576,Flight4_cam1-001-000439-0,7211071.55796656,328268.29567434924,651.07666015625,HlangwineEP,2020-01-22,2020-01-23 08:15:11.576,08:15:11,72.96913066666667,27.096431111111112
4219,368113.711,Flight4_cam1-001-000440-0,7211088.006856479,328249.5502431032,651.1438598632812,HlangwineEP,2020-01-22,2020-01-23 08:15:13.711,08:15:13,72.9634373333333,27.097617222222226
4220,368116.114,Flight4_cam1-001-000441-0,7211107.613345657,328225.1974596721,651.2403564453125,HlangwineEP,2020-01-22,2020-01-23 08:15:16.114,08:15:16,72.95702933333334,27.098952222222223
4221,368117.582,Flight4_cam1-001-000442-0,7211121.108193718,328208.67063258454,651.3294677734375,HlangwineEP,2020-01-22,2020-01-23 08:15:17.582,08:15:17,72.95311466666668,27.099767777777775
4222,368119.584,Flight4_cam1-001-000443-0,7211140.515775801,328185.32289346436,651.4987182617188,HlangwineEP,2020-01-22,2020-01-23 08:15:19.584,08:15:19,72.94777600000008,27.100879999999986
4223,368121.586,Flight4_cam1-001-000444-0,7211161.357841113,328160.6652396956,651.5952758789062,HlangwineEP,2020-01-22,2020-01-23 08:15:21.586,08:15:21,72.94243733333332,27.10199222222223
4224,368124.255,Flight4_cam1-001-000445-0,7211192.144099673,328126.7790764869,651.8499755859375,HlangwineEP,2020-01-22,2020-01-23 08:15:24.255,08:15:24,72.93531999999999,27.103475000000003
4225,368125.59,Flight4_cam1-001-000446-0,7211207.9216069635,328110.05042802496,651.9779052734375,HlangwineEP,2020-01-22,2020-01-23 08:15:25.590,08:15:25,72.93175999999994,27.10421666666668
4226,368127.592,Flight4_cam1-001-000447-0,7211230.749094916,328085.9491879862,652.1787109375,HlangwineEP,2020-01-22,2020-01-23 08:15:27.592,08:15:27,72.92642133333332,27.10532888888889
4227,368129.594,Flight4_cam1-001-000448-0,7211252.901451145,328062.21918419225,652.2740478515625,HlangwineEP,2020-01-22,2020-01-23 08:15:29.594,08:15:29,72.92108266666672,27.106441111111103
4228,368132.263,Flight4_cam1-001-000449-0,7211283.214815515,328028.95394240576,649.9674682617188,HlangwineEP,2020-01-22,2020-01-23 08:15:32.263,08:15:32,72.9139653333334,27.107923888888877
4229,368133.598,Flight4_cam1-001-000450-0,7211298.794185725,328011.8774520026,648.1458740234375,HlangwineEP,2020-01-22,2020-01-23 08:15:33.598,08:15:33,72.91040533333334,27.108665555555554
4230,368135.6,Flight4_cam1-001-000451-0,7211322.034521105,327986.70081172884,645.1192016601562,HlangwineEP,2020-01-22,2020-01-23 08:15:35.600,08:15:35,72.90506666666673,27.109777777777765
4231,368137.601,Flight4_cam1-001-000452-0,7211346.1785156615,327961.81988547486,641.912841796875,HlangwineEP,2020-01-22,2020-01-23 08:15:37.601,08:15:37,72.8997306666666,27.110889444444457
4232,368139.737,Flight4_cam1-001-000453-0,7211372.498362352,327935.8405960995,638.353515625,HlangwineEP,2020-01-22,2020-01-23 08:15:39.737,08:15:39,72.89403466666661,27.112076111111122
4233,368142.139,Flight4_cam1-001-000454-0,7211398.772433924,327911.27470350626,634.5787353515625,HlangwineEP,2020-01-22,2020-01-23 08:15:42.139,08:15:42,72.88762933333327,27.113410555555568
4234,368143.607,Flight4_cam1-001-000455-0,7211413.792111944,327897.2957367913,632.3792114257812,HlangwineEP,2020-01-22,2020-01-23 08:15:43.607,08:15:43,72.88371466666662,27.114226111111122
4235,368145.609,Flight4_cam1-001-000456-0,7211432.302892681,327879.8047336277,629.83251953125,HlangwineEP,2020-01-22,2020-01-23 08:15:45.609,08:15:45,72.87837600000002,27.11533833333333
4236,368147.611,Flight4_cam1-001-000457-0,7211450.330707228,327863.0947297093,627.7998657226562,HlangwineEP,2020-01-22,2020-01-23 08:15:47.611,08:15:47,72.8730373333334,27.11645055555554
4237,368150.281,Flight4_cam1-001-000458-0,7211476.847078053,327843.76397268486,624.3004760742188,HlangwineEP,2020-01-22,2020-01-23 08:15:50.281,08:15:50,72.86591733333329,27.1179338888889
4238,368151.615,Flight4_cam1-001-000459-0,7211490.389108255,327834.412113016,622.6026611328125,HlangwineEP,2020-01-22,2020-01-23 08:15:51.615,08:15:51,72.86236000000002,27.118674999999996
4239,368153.617,Flight4_cam1-001-000460-0,7211509.166900096,327818.56187125965,620.281005859375,HlangwineEP,2020-01-22,2020-01-23 08:15:53.617,08:15:53,72.85702133333326,27.119787222222236
4240,368155.619,Flight4_cam1-001-000461-0,7211527.242330868,327802.4786985236,618.0563354492188,HlangwineEP,2020-01-22,2020-01-23 08:15:55.619,08:15:55,72.85168266666665,27.120899444444447
4241,368158.155,Flight4_cam1-001-000462-0,7211544.997149374,327785.0838352102,614.1373901367188,HlangwineEP,2020-01-22,2020-01-23 08:15:58.155,08:15:58,72.84491999999993,27.122308333333347
4242,368159.623,Flight4_cam1-001-000463-0,7211552.06578652,327777.4475764192,611.7493286132812,HlangwineEP,2020-01-22,2020-01-23 08:15:59.623,08:15:59,72.84100533333329,27.1231238888889
4243,368161.625,Flight4_cam1-001-000464-0,7211562.777946999,327766.4568610651,608.1854248046875,HlangwineEP,2020-01-22,2020-01-23 08:16:01.625,08:16:01,72.83566666666667,27.12423611111111
4244,368163.627,Flight4_cam1-001-000465-0,7211572.87673975,327756.6079986488,604.6758422851562,HlangwineEP,2020-01-22,2020-01-23 08:16:03.627,08:16:03,72.83032800000007,27.12534833333332
4245,368165.629,Flight4_cam1-001-000466-0,7211585.2630249,327745.93500639993,601.385009765625,HlangwineEP,2020-01-22,2020-01-23 08:16:05.629,08:16:05,72.82498933333329,27.126460555555564
4246,368168.165,Flight4_cam1-001-000467-0,7211594.960136168,327738.991225768,596.6919555664062,HlangwineEP,2020-01-22,2020-01-23 08:16:08.165,08:16:08,72.81822666666673,27.127869444444432
4247,368169.633,Flight4_cam1-001-000468-0,7211598.244463369,327736.7541399072,594.2567749023438,HlangwineEP,2020-01-22,2020-01-23 08:16:09.633,08:16:09,72.81431200000007,27.128684999999983
4248,368171.635,Flight4_cam1-001-000469-0,7211602.140316685,327734.27434298524,591.1915893554688,HlangwineEP,2020-01-22,2020-01-23 08:16:11.635,08:16:11,72.80897333333331,27.129797222222226
4249,368173.637,Flight4_cam1-001-000470-0,7211603.590050718,327733.7384846598,588.2238159179688,HlangwineEP,2020-01-22,2020-01-23 08:16:13.637,08:16:13,72.8036346666667,27.130909444444438
4250,368176.173,Flight4_cam1-001-000471-0,7211605.489491399,327732.5288300491,585.1910400390625,HlangwineEP,2020-01-22,2020-01-23 08:16:16.173,08:16:16,72.79687199999998,27.132318333333338
4251,368545.206,Flight4_cam1-002-000000-0,7211583.51168169,327722.44091721124,590.3009643554688,HlangwineEP,2020-01-22,2020-01-23 08:22:25.206,08:22:25,71.812784,27.33733666666667
4252,368546.674,Flight4_cam1-002-000001-0,7211572.226706186,327722.0476989889,593.8355712890625,HlangwineEP,2020-01-22,2020-01-23 08:22:26.674,08:22:26,71.80886933333333,27.33815222222222
4253,368549.343,Flight4_cam1-002-000002-0,7211551.857506158,327724.92272439983,600.955810546875,HlangwineEP,2020-01-22,2020-01-23 08:22:29.343,08:22:29,71.80175200000002,27.339634999999998
4254,368550.678,Flight4_cam1-002-000003-0,7211542.160574254,327727.6382683354,604.6766967773438,HlangwineEP,2020-01-22,2020-01-23 08:22:30.678,08:22:30,71.79819199999996,27.340376666666675
4255,368553.214,Flight4_cam1-002-000004-0,7211524.759358337,327736.1591542575,611.7483520507812,HlangwineEP,2020-01-22,2020-01-23 08:22:33.214,08:22:33,71.7914293333334,27.341785555555543
4256,368554.682,Flight4_cam1-002-000005-0,7211515.993705543,327743.8462452792,615.6505126953125,HlangwineEP,2020-01-22,2020-01-23 08:22:34.682,08:22:34,71.78751466666674,27.342601111111094
4257,368556.684,Flight4_cam1-002-000006-0,7211504.083305772,327756.82323570026,620.208251953125,HlangwineEP,2020-01-22,2020-01-23 08:22:36.684,08:22:36,71.78217599999998,27.343713333333337
4258,368558.686,Flight4_cam1-002-000007-0,7211490.480166756,327771.8774621737,620.9249877929688,HlangwineEP,2020-01-22,2020-01-23 08:22:38.686,08:22:38,71.77683733333338,27.34482555555555
4259,368560.688,Flight4_cam1-002-000008-0,7211477.373968482,327786.22485321935,620.8541870117188,HlangwineEP,2020-01-22,2020-01-23 08:22:40.688,08:22:40,71.7714986666666,27.34593777777779
4260,368563.224,Flight4_cam1-002-000009-0,7211461.299059173,327803.35837602225,620.718994140625,HlangwineEP,2020-01-22,2020-01-23 08:22:43.224,08:22:43,71.76473600000004,27.34734666666666
4261,368564.692,Flight4_cam1-002-000010-0,7211451.0778908525,327813.3840935064,620.6969604492188,HlangwineEP,2020-01-22,2020-01-23 08:22:44.692,08:22:44,71.76082133333338,27.34816222222221
4262,368566.694,Flight4_cam1-002-000011-0,7211433.933206181,327829.84414522245,622.5311889648438,HlangwineEP,2020-01-22,2020-01-23 08:22:46.694,08:22:46,71.75548266666662,27.349274444444454
4263,368568.696,Flight4_cam1-002-000012-0,7211416.6663993215,327846.34640975506,626.1063842773438,HlangwineEP,2020-01-22,2020-01-23 08:22:48.696,08:22:48,71.750144,27.350386666666665
4264,368571.232,Flight4_cam1-002-000013-0,7211394.548974842,327867.27663917036,631.4288940429688,HlangwineEP,2020-01-22,2020-01-23 08:22:51.232,08:22:51,71.74338133333329,27.351795555555565
4265,368572.7,Flight4_cam1-002-000014-0,7211382.192595536,327878.9717088761,634.5751953125,HlangwineEP,2020-01-22,2020-01-23 08:22:52.700,08:22:52,71.73946666666664,27.352611111111116
4266,368574.702,Flight4_cam1-002-000015-0,7211364.917822914,327894.95927649736,637.0196533203125,HlangwineEP,2020-01-22,2020-01-23 08:22:54.702,08:22:54,71.73412800000003,27.353723333333328
4267,368576.704,Flight4_cam1-002-000016-0,7211347.3086582795,327911.3718024364,640.57958984375,HlangwineEP,2020-01-22,2020-01-23 08:22:56.704,08:22:56,71.72878933333327,27.35483555555557
4268,368578.706,Flight4_cam1-002-000017-0,7211330.377094825,327927.007856339,643.860107421875,HlangwineEP,2020-01-22,2020-01-23 08:22:58.706,08:22:58,71.72345066666665,27.355947777777782
4269,368581.241,Flight4_cam1-002-000018-0,7211308.556169834,327947.106805793,648.23779296875,HlangwineEP,2020-01-22,2020-01-23 08:23:01.241,08:23:01,71.71669066666672,27.3573561111111
4270,368582.71,Flight4_cam1-002-000019-0,7211296.22512855,327958.49686291907,650.6301879882812,HlangwineEP,2020-01-22,2020-01-23 08:23:02.710,08:23:02,71.71277333333327,27.358172222222233
4271,368584.712,Flight4_cam1-002-000020-0,7211278.608140161,327974.6815019264,651.7230834960938,HlangwineEP,2020-01-22,2020-01-23 08:23:04.712,08:23:04,71.70743466666667,27.359284444444445
4272,368586.714,Flight4_cam1-002-000021-0,7211261.855581228,327989.93605288735,651.681396484375,HlangwineEP,2020-01-22,2020-01-23 08:23:06.714,08:23:06,71.70209600000005,27.360396666666656
4273,368589.249,Flight4_cam1-002-000022-0,7211240.835877303,328009.1713899562,651.6195068359375,HlangwineEP,2020-01-22,2020-01-23 08:23:09.249,08:23:09,71.69533599999997,27.361805000000007
4274,368590.718,Flight4_cam1-002-000023-0,7211229.099784072,328019.80946640036,651.553466796875,HlangwineEP,2020-01-22,2020-01-23 08:23:10.718,08:23:10,71.69141866666669,27.362621111111107
4275,368592.72,Flight4_cam1-002-000024-0,7211212.352220491,328034.7287802497,651.5433959960938,HlangwineEP,2020-01-22,2020-01-23 08:23:12.720,08:23:12,71.68608000000008,27.363733333333318
4276,368594.722,Flight4_cam1-002-000025-0,7211194.4591319375,328050.2660432904,651.5818481445312,HlangwineEP,2020-01-22,2020-01-23 08:23:14.722,08:23:14,71.68074133333332,27.36484555555556
4277,368596.724,Flight4_cam1-002-000026-0,7211176.8806877425,328065.53447249683,651.5455932617188,HlangwineEP,2020-01-22,2020-01-23 08:23:16.724,08:23:16,71.6754026666667,27.36595777777777
4278,368599.126,Flight4_cam1-002-000027-0,7211154.592487158,328085.7499801244,651.6412963867188,HlangwineEP,2020-01-22,2020-01-23 08:23:19.126,08:23:19,71.66899733333337,27.367292222222215
4279,368600.594,Flight4_cam1-002-000028-0,7211140.069897978,328099.17764120264,651.6493530273438,HlangwineEP,2020-01-22,2020-01-23 08:23:20.594,08:23:20,71.66508266666672,27.36810777777777
4280,368602.729,Flight4_cam1-002-000029-0,7211120.281221962,328119.86875682167,651.5776977539062,HlangwineEP,2020-01-22,2020-01-23 08:23:22.729,08:23:22,71.65938933333335,27.369293888888883
4281,368604.598,Flight4_cam1-002-000030-0,7211104.6889719665,328138.32291724,651.5929565429688,HlangwineEP,2020-01-22,2020-01-23 08:23:24.598,08:23:24,71.65440533333334,27.37033222222222
4282,368607.267,Flight4_cam1-002-000031-0,7211083.7913365755,328163.78004234633,651.52734375,HlangwineEP,2020-01-22,2020-01-23 08:23:27.267,08:23:27,71.64728800000002,27.371814999999994
4283,368608.602,Flight4_cam1-002-000032-0,7211073.932273294,328176.0517619561,651.4566040039062,HlangwineEP,2020-01-22,2020-01-23 08:23:28.602,08:23:28,71.64372799999997,27.372556666666675
4284,368610.604,Flight4_cam1-002-000033-0,7211060.995614964,328192.4733214134,651.311767578125,HlangwineEP,2020-01-22,2020-01-23 08:23:30.604,08:23:30,71.63838933333335,27.373668888888883
4285,368612.606,Flight4_cam1-002-000034-0,7211049.527726602,328207.0634551997,651.274169921875,HlangwineEP,2020-01-22,2020-01-23 08:23:32.606,08:23:32,71.63305066666659,27.374781111111126
4286,368614.741,Flight4_cam1-002-000035-0,7211038.63608223,328220.69805860857,651.2540893554688,HlangwineEP,2020-01-22,2020-01-23 08:23:34.741,08:23:34,71.62735733333339,27.37596722222221
4287,368617.144,Flight4_cam1-002-000036-0,7211026.148247862,328236.6853774671,651.1942138671875,HlangwineEP,2020-01-22,2020-01-23 08:23:37.144,08:23:37,71.62094933333341,27.377302222222205
4288,368618.612,Flight4_cam1-002-000037-0,7211019.458494428,328248.7477737346,651.21435546875,HlangwineEP,2020-01-22,2020-01-23 08:23:38.612,08:23:38,71.61703466666661,27.378117777777792
4289,368620.614,Flight4_cam1-002-000038-0,7211010.778404752,328264.8028551029,651.2492065429688,HlangwineEP,2020-01-22,2020-01-23 08:23:40.614,08:23:40,71.611696,27.37923
4290,368622.616,Flight4_cam1-002-000039-0,7211006.855076317,328274.75935024896,651.138427734375,HlangwineEP,2020-01-22,2020-01-23 08:23:42.616,08:23:42,71.60635733333339,27.38034222222221
4291,368625.285,Flight4_cam1-002-000040-0,7211007.925180631,328276.1066978703,651.1581420898438,HlangwineEP,2020-01-22,2020-01-23 08:23:45.285,08:23:45,71.59924000000007,27.381824999999985
4292,368626.62,Flight4_cam1-002-000041-0,7211008.907397583,328275.3893955495,651.1547241210938,HlangwineEP,2020-01-22,2020-01-23 08:23:46.620,08:23:46,71.59568000000002,27.382566666666666
4293,368628.622,Flight4_cam1-002-000042-0,7211010.461819606,328273.6442207835,651.1232299804688,HlangwineEP,2020-01-22,2020-01-23 08:23:48.622,08:23:48,71.5903413333334,27.383678888888873
4294,368630.624,Flight4_cam1-002-000043-0,7211011.862044838,328271.8984818615,651.0360107421875,HlangwineEP,2020-01-22,2020-01-23 08:23:50.624,08:23:50,71.58500266666664,27.384791111111117
4295,368632.759,Flight4_cam1-002-000044-0,7211013.018717329,328270.4408776237,650.9179077148438,HlangwineEP,2020-01-22,2020-01-23 08:23:52.759,08:23:52,71.57930933333328,27.385977222222234
4296,368635.162,Flight4_cam1-002-000045-0,7211011.565713165,328271.22170381143,650.8768310546875,HlangwineEP,2020-01-22,2020-01-23 08:23:55.162,08:23:55,71.5729013333333,27.387312222222228
4297,368636.63,Flight4_cam1-002-000046-0,7211009.147529842,328272.775781165,650.8690185546875,HlangwineEP,2020-01-22,2020-01-23 08:23:56.630,08:23:56,71.56898666666666,27.38812777777778
4298,368638.632,Flight4_cam1-002-000047-0,7211003.595431002,328275.9423110012,650.81298828125,HlangwineEP,2020-01-22,2020-01-23 08:23:58.632,08:23:58,71.56364800000004,27.38923999999999
4299,368640.634,Flight4_cam1-002-000048-0,7210996.159126952,328279.6899548755,650.7496948242188,HlangwineEP,2020-01-22,2020-01-23 08:24:00.634,08:24:00,71.55830933333328,27.390352222222234
4300,368643.303,Flight4_cam1-002-000049-0,7210985.754092023,328286.0277006548,650.7092895507812,HlangwineEP,2020-01-22,2020-01-23 08:24:03.303,08:24:03,71.55119199999996,27.391835000000007
4301,368644.638,Flight4_cam1-002-000050-0,7210979.706821257,328290.0251458107,650.6951904296875,HlangwineEP,2020-01-22,2020-01-23 08:24:04.638,08:24:04,71.54763200000006,27.392576666666653
4302,368647.841,Flight4_cam1-002-000051-0,7210981.338166073,328293.5957757053,650.6527709960938,HlangwineEP,2020-01-22,2020-01-23 08:24:07.841,08:24:07,71.53909066666662,27.39435611111112
4303,368648.642,Flight4_cam1-002-000052-0,7210984.814216337,328294.81138435414,650.6546630859375,HlangwineEP,2020-01-22,2020-01-23 08:24:08.642,08:24:08,71.53695466666669,27.394801111111107
4304,368650.644,Flight4_cam1-002-000053-0,7210997.777934844,328301.1677506963,650.7501220703125,HlangwineEP,2020-01-22,2020-01-23 08:24:10.644,08:24:10,71.53161600000008,27.39591333333332
4305,368652.646,Flight4_cam1-002-000054-0,7211010.719462194,328308.0029633568,650.7473754882812,HlangwineEP,2020-01-22,2020-01-23 08:24:12.646,08:24:12,71.52627733333331,27.397025555555558
4306,368654.648,Flight4_cam1-002-000055-0,7211013.827619294,328309.6763258305,650.6963500976562,HlangwineEP,2020-01-22,2020-01-23 08:24:14.648,08:24:14,71.52093866666671,27.39813777777777
4307,368657.317,Flight4_cam1-002-000056-0,7211013.851991272,328309.3884957294,649.5775146484375,HlangwineEP,2020-01-22,2020-01-23 08:24:17.317,08:24:17,71.51382133333338,27.399620555555543
4308,368658.652,Flight4_cam1-002-000057-0,7211013.457980737,328309.3063926877,648.8171997070312,HlangwineEP,2020-01-22,2020-01-23 08:24:18.652,08:24:18,71.51026133333333,27.400362222222224
4309,368660.654,Flight4_cam1-002-000058-0,7211017.580243333,328306.4754982022,648.4711303710938,HlangwineEP,2020-01-22,2020-01-23 08:24:20.654,08:24:20,71.50492266666672,27.401474444444432
4310,368662.656,Flight4_cam1-002-000059-0,7211029.034707697,328298.90072723944,648.5189208984375,HlangwineEP,2020-01-22,2020-01-23 08:24:22.656,08:24:22,71.49958399999996,27.402586666666675
4311,368664.658,Flight4_cam1-002-000060-0,7211043.053561237,328289.41283917386,648.648193359375,HlangwineEP,2020-01-22,2020-01-23 08:24:24.658,08:24:24,71.49424533333335,27.403698888888886
4312,368667.327,Flight4_cam1-002-000061-0,7211060.627085835,328277.683030874,648.7890014648438,HlangwineEP,2020-01-22,2020-01-23 08:24:27.327,08:24:27,71.48712800000003,27.40518166666666
4313,368668.662,Flight4_cam1-002-000062-0,7211068.606337825,328272.29767815594,648.9006958007812,HlangwineEP,2020-01-22,2020-01-23 08:24:28.662,08:24:28,71.48356799999998,27.40592333333334
4314,368670.664,Flight4_cam1-002-000063-0,7211082.093641214,328263.17773159535,649.1111450195312,HlangwineEP,2020-01-22,2020-01-23 08:24:30.664,08:24:30,71.47822933333336,27.40703555555555
4315,368672.666,Flight4_cam1-002-000064-0,7211095.155005453,328254.3937527988,649.2723999023438,HlangwineEP,2020-01-22,2020-01-23 08:24:32.666,08:24:32,71.4728906666666,27.408147777777792
4316,368675.335,Flight4_cam1-002-000065-0,7211112.406933665,328242.77876765607,649.3829345703125,HlangwineEP,2020-01-22,2020-01-23 08:24:35.335,08:24:35,71.46577333333327,27.409630555555566
4317,368676.669,Flight4_cam1-002-000066-0,7211121.336316623,328236.74904515,649.4629516601562,HlangwineEP,2020-01-22,2020-01-23 08:24:36.669,08:24:36,71.46221600000001,27.410371666666663
4318,368678.671,Flight4_cam1-002-000067-0,7211134.471458806,328227.8840821625,649.60009765625,HlangwineEP,2020-01-22,2020-01-23 08:24:38.671,08:24:38,71.45687733333341,27.411483888888874
4319,368680.673,Flight4_cam1-002-000068-0,7211148.182436048,328218.6909206473,649.7088623046875,HlangwineEP,2020-01-22,2020-01-23 08:24:40.673,08:24:40,71.45153866666664,27.412596111111117
4320,368683.343,Flight4_cam1-002-000069-0,7211165.437668951,328207.05409727956,649.8430786132812,HlangwineEP,2020-01-22,2020-01-23 08:24:43.343,08:24:43,71.44441866666669,27.41407944444444
4321,368684.677,Flight4_cam1-002-000070-0,7211174.341409065,328201.0636416259,649.932861328125,HlangwineEP,2020-01-22,2020-01-23 08:24:44.677,08:24:44,71.44086133333327,27.41482055555557
4322,368686.679,Flight4_cam1-002-000071-0,7211187.462938789,328192.1814481362,650.09033203125,HlangwineEP,2020-01-22,2020-01-23 08:24:46.679,08:24:46,71.43552266666666,27.41593277777778
4323,368688.681,Flight4_cam1-002-000072-0,7211201.167516453,328183.07685234875,650.1767578125,HlangwineEP,2020-01-22,2020-01-23 08:24:48.681,08:24:48,71.43018400000005,27.41704499999999
4324,368690.817,Flight4_cam1-002-000073-0,7211214.889787153,328173.8718493486,650.3631591796875,HlangwineEP,2020-01-22,2020-01-23 08:24:50.817,08:24:50,71.42448800000005,27.418231666666657
4325,368693.219,Flight4_cam1-002-000074-0,7211231.104542576,328162.8689294517,650.5223388671875,HlangwineEP,2020-01-22,2020-01-23 08:24:53.219,08:24:53,71.41808266666672,27.419566111111102
4326,368694.687,Flight4_cam1-002-000075-0,7211240.589993555,328156.4481547412,650.6676635742188,HlangwineEP,2020-01-22,2020-01-23 08:24:54.687,08:24:54,71.41416800000006,27.420381666666653
4327,368696.689,Flight4_cam1-002-000076-0,7211253.7803291995,328147.5472072695,650.7860717773438,HlangwineEP,2020-01-22,2020-01-23 08:24:56.689,08:24:56,71.4088293333333,27.421493888888897
4328,368698.691,Flight4_cam1-002-000077-0,7211267.398654988,328138.3503766337,650.9259033203125,HlangwineEP,2020-01-22,2020-01-23 08:24:58.691,08:24:58,71.40349066666668,27.422606111111108
4329,368701.227,Flight4_cam1-002-000078-0,7211284.210001517,328127.0264857736,651.08984375,HlangwineEP,2020-01-22,2020-01-23 08:25:01.227,08:25:01,71.39672799999997,27.424015000000008
4330,368702.695,Flight4_cam1-002-000079-0,7211293.644273395,328120.59506111336,651.1871337890625,HlangwineEP,2020-01-22,2020-01-23 08:25:02.695,08:25:02,71.39281333333332,27.42483055555556
4331,368704.697,Flight4_cam1-002-000080-0,7211306.759043944,328111.6450279078,651.3356323242188,HlangwineEP,2020-01-22,2020-01-23 08:25:04.697,08:25:04,71.3874746666667,27.42594277777777
4332,368706.699,Flight4_cam1-002-000081-0,7211320.469400618,328102.5427158264,651.4463500976562,HlangwineEP,2020-01-22,2020-01-23 08:25:06.699,08:25:06,71.38213599999995,27.427055000000014
4333,368708.701,Flight4_cam1-002-000082-0,7211333.643933835,328093.67399572,651.5894165039062,HlangwineEP,2020-01-22,2020-01-23 08:25:08.701,08:25:08,71.37679733333333,27.42816722222222
4334,368711.237,Flight4_cam1-002-000083-0,7211350.571169166,328082.24279853964,651.7149047851562,HlangwineEP,2020-01-22,2020-01-23 08:25:11.237,08:25:11,71.37003466666661,27.429576111111125
4335,368712.705,Flight4_cam1-002-000084-0,7211360.064047499,328075.8698281925,651.7929077148438,HlangwineEP,2020-01-22,2020-01-23 08:25:12.705,08:25:12,71.36611999999995,27.430391666666676
4336,368714.707,Flight4_cam1-002-000085-0,7211373.786550818,328066.7072225282,651.94140625,HlangwineEP,2020-01-22,2020-01-23 08:25:14.707,08:25:14,71.36078133333335,27.431503888888887
4337,368716.709,Flight4_cam1-002-000086-0,7211386.987672657,328057.8654835515,652.1307983398438,HlangwineEP,2020-01-22,2020-01-23 08:25:16.709,08:25:16,71.35544266666673,27.432616111111095
4338,368719.245,Flight4_cam1-002-000087-0,7211403.813363469,328046.49191904406,652.2971801757812,HlangwineEP,2020-01-22,2020-01-23 08:25:19.245,08:25:19,71.34868000000002,27.434025
4339,368720.713,Flight4_cam1-002-000088-0,7211413.319342201,328040.0821510842,652.416259765625,HlangwineEP,2020-01-22,2020-01-23 08:25:20.713,08:25:20,71.34476533333337,27.43484055555555
4340,368722.715,Flight4_cam1-002-000089-0,7211426.366160478,328031.2904273656,652.5639038085938,HlangwineEP,2020-01-22,2020-01-23 08:25:22.715,08:25:22,71.3394266666666,27.435952777777793
4341,368724.717,Flight4_cam1-002-000090-0,7211440.014783375,328022.0253305048,652.6715698242188,HlangwineEP,2020-01-22,2020-01-23 08:25:24.717,08:25:24,71.334088,27.437065
4342,368727.253,Flight4_cam1-002-000091-0,7211456.901375879,328010.6675216132,652.8911743164062,HlangwineEP,2020-01-22,2020-01-23 08:25:27.253,08:25:27,71.32732533333326,27.438473888888904
4343,368728.721,Flight4_cam1-002-000092-0,7211466.4428993305,328004.3501301244,652.9132080078125,HlangwineEP,2020-01-22,2020-01-23 08:25:28.721,08:25:28,71.32341066666662,27.439289444444455
4344,368730.723,Flight4_cam1-002-000093-0,7211479.594884481,327995.53630288306,652.9967041015625,HlangwineEP,2020-01-22,2020-01-23 08:25:30.723,08:25:30,71.318072,27.440401666666666
4345,368732.725,Flight4_cam1-002-000094-0,7211493.282167611,327986.2432319255,653.214111328125,HlangwineEP,2020-01-22,2020-01-23 08:25:32.725,08:25:32,71.3127333333334,27.441513888888874
4346,368734.727,Flight4_cam1-002-000095-0,7211506.307539575,327977.3652707253,653.4766235351562,HlangwineEP,2020-01-22,2020-01-23 08:25:34.727,08:25:34,71.30739466666664,27.442626111111117
4347,368737.263,Flight4_cam1-002-000096-0,7211523.14425881,327966.0306972579,653.7877197265625,HlangwineEP,2020-01-22,2020-01-23 08:25:37.263,08:25:37,71.30063200000006,27.44403499999999
4348,368738.598,Flight4_cam1-002-000097-0,7211532.062239293,327960.00028475176,654.0172729492188,HlangwineEP,2020-01-22,2020-01-23 08:25:38.598,08:25:38,71.29707200000001,27.444776666666666
4349,368740.733,Flight4_cam1-002-000098-0,7211545.746518189,327950.7661138248,654.3196411132812,HlangwineEP,2020-01-22,2020-01-23 08:25:40.733,08:25:40,71.29137866666665,27.445962777777783
4350,368742.735,Flight4_cam1-002-000099-0,7211559.473655977,327941.5169659656,654.73779296875,HlangwineEP,2020-01-22,2020-01-23 08:25:42.735,08:25:42,71.28604000000004,27.44707499999999
4351,368745.271,Flight4_cam1-002-000100-0,7211576.249217865,327929.9794610051,655.2549438476562,HlangwineEP,2020-01-22,2020-01-23 08:25:45.271,08:25:45,71.27927733333331,27.448483888888894
4352,368746.606,Flight4_cam1-002-000101-0,7211584.689788631,327924.3424498564,655.49560546875,HlangwineEP,2020-01-22,2020-01-23 08:25:46.606,08:25:46,71.27571733333326,27.44922555555557
4353,368748.608,Flight4_cam1-002-000102-0,7211598.3492294345,327915.17508933577,656.018798828125,HlangwineEP,2020-01-22,2020-01-23 08:25:48.608,08:25:48,71.27037866666664,27.450337777777783
4354,368750.609,Flight4_cam1-002-000103-0,7211611.553733768,327906.3232348043,656.52392578125,HlangwineEP,2020-01-22,2020-01-23 08:25:50.609,08:25:50,71.26504266666667,27.451449444444442
4355,368752.745,Flight4_cam1-002-000104-0,7211625.777487889,327896.7881439097,657.0972900390625,HlangwineEP,2020-01-22,2020-01-23 08:25:52.745,08:25:52,71.25934666666669,27.452636111111108
4356,368755.147,Flight4_cam1-002-000105-0,7211641.580037301,327886.1121653377,657.7337646484375,HlangwineEP,2020-01-22,2020-01-23 08:25:55.147,08:25:55,71.25294133333334,27.453970555555554
4357,368756.615,Flight4_cam1-002-000106-0,7211651.56647771,327879.3044500031,658.1678466796875,HlangwineEP,2020-01-22,2020-01-23 08:25:56.615,08:25:56,71.2490266666667,27.454786111111105
4358,368758.617,Flight4_cam1-002-000107-0,7211664.731869729,327870.43935087894,658.8362426757812,HlangwineEP,2020-01-22,2020-01-23 08:25:58.617,08:25:58,71.24368799999993,27.455898333333348
4359,368760.619,Flight4_cam1-002-000108-0,7211677.852188762,327861.62698177935,659.4856567382812,HlangwineEP,2020-01-22,2020-01-23 08:26:00.619,08:26:00,71.23834933333332,27.45701055555556
4360,368763.289,Flight4_cam1-002-000109-0,7211695.768524447,327849.5427294041,660.3017578125,HlangwineEP,2020-01-22,2020-01-23 08:26:03.289,08:26:03,71.23122933333336,27.45849388888888
4361,368764.623,Flight4_cam1-002-000110-0,7211704.186781135,327843.837829867,660.69921875,HlangwineEP,2020-01-22,2020-01-23 08:26:04.623,08:26:04,71.22767199999994,27.45923500000001
4362,368766.625,Flight4_cam1-002-000111-0,7211717.903819541,327834.6691624542,661.3944091796875,HlangwineEP,2020-01-22,2020-01-23 08:26:06.625,08:26:06,71.22233333333334,27.46034722222222
4363,368768.627,Flight4_cam1-002-000112-0,7211731.028514026,327825.8764385681,662.0474853515625,HlangwineEP,2020-01-22,2020-01-23 08:26:08.627,08:26:08,71.21699466666672,27.461459444444433
4364,368770.763,Flight4_cam1-002-000113-0,7211745.179642703,327816.30689465726,662.7634887695312,HlangwineEP,2020-01-22,2020-01-23 08:26:10.763,08:26:10,71.21129866666674,27.4626461111111
4365,368773.165,Flight4_cam1-002-000114-0,7211760.8450635765,327805.65495515114,663.5982666015625,HlangwineEP,2020-01-22,2020-01-23 08:26:13.165,08:26:13,71.20489333333339,27.463980555555544
4366,368774.633,Flight4_cam1-002-000115-0,7211770.895942314,327798.88776383246,664.119140625,HlangwineEP,2020-01-22,2020-01-23 08:26:14.633,08:26:14,71.20097866666674,27.464796111111095
4367,368776.635,Flight4_cam1-002-000116-0,7211783.9804735,327790.1241257628,664.790283203125,HlangwineEP,2020-01-22,2020-01-23 08:26:16.635,08:26:16,71.19563999999998,27.46590833333334
4368,368778.637,Flight4_cam1-002-000117-0,7211797.157469766,327781.30941776,665.4566650390625,HlangwineEP,2020-01-22,2020-01-23 08:26:18.637,08:26:18,71.19030133333337,27.46702055555555
4369,368781.307,Flight4_cam1-002-000118-0,7211815.028816745,327769.2073901864,666.3910522460938,HlangwineEP,2020-01-22,2020-01-23 08:26:21.307,08:26:21,71.18318133333341,27.468503888888872
4370,368782.641,Flight4_cam1-002-000119-0,7211823.423461882,327763.53380502976,666.8384399414062,HlangwineEP,2020-01-22,2020-01-23 08:26:22.641,08:26:22,71.17962399999999,27.469245
4371,368784.643,Flight4_cam1-002-000120-0,7211837.118682079,327754.36169898836,667.5888061523438,HlangwineEP,2020-01-22,2020-01-23 08:26:24.643,08:26:24,71.17428533333339,27.470357222222212
4372,368786.645,Flight4_cam1-002-000121-0,7211850.241915626,327745.53747725865,668.303466796875,HlangwineEP,2020-01-22,2020-01-23 08:26:26.645,08:26:26,71.16894666666661,27.471469444444455
4373,368788.781,Flight4_cam1-002-000122-0,7211864.542680235,327736.1274846169,668.9562377929688,HlangwineEP,2020-01-22,2020-01-23 08:26:28.781,08:26:28,71.16325066666663,27.47265611111112
4374,368791.183,Flight4_cam1-002-000123-0,7211880.361871256,327725.34072836465,669.7257690429688,HlangwineEP,2020-01-22,2020-01-23 08:26:31.183,08:26:31,71.15684533333328,27.473990555555567
4375,368792.651,Flight4_cam1-002-000124-0,7211890.337639383,327718.54804430914,670.2555541992188,HlangwineEP,2020-01-22,2020-01-23 08:26:32.651,08:26:32,71.15293066666663,27.474806111111118
4376,368794.653,Flight4_cam1-002-000125-0,7211903.55985987,327709.82027549844,670.8849487304688,HlangwineEP,2020-01-22,2020-01-23 08:26:34.653,08:26:34,71.14759200000003,27.47591833333333
4377,368796.655,Flight4_cam1-002-000126-0,7211916.754678277,327701.2113642052,671.4949340820312,HlangwineEP,2020-01-22,2020-01-23 08:26:36.655,08:26:36,71.14225333333326,27.477030555555572
4378,368799.324,Flight4_cam1-002-000127-0,7211934.543765644,327689.086520956,672.4174194335938,HlangwineEP,2020-01-22,2020-01-23 08:26:39.324,08:26:39,71.13513599999995,27.478513333333346
4379,368800.659,Flight4_cam1-002-000128-0,7211943.548840257,327683.0028997676,672.840576171875,HlangwineEP,2020-01-22,2020-01-23 08:26:40.659,08:26:40,71.13157600000004,27.47925499999999
4380,368802.661,Flight4_cam1-002-000129-0,7211956.693418078,327673.98713750474,673.5639038085938,HlangwineEP,2020-01-22,2020-01-23 08:26:42.661,08:26:42,71.12623733333328,27.480367222222235
4381,368804.663,Flight4_cam1-002-000130-0,7211969.8900689725,327665.13282910286,674.2191162109375,HlangwineEP,2020-01-22,2020-01-23 08:26:44.663,08:26:44,71.12089866666666,27.481479444444446
4382,368806.665,Flight4_cam1-002-000131-0,7211982.984373292,327656.3532773348,674.9239501953125,HlangwineEP,2020-01-22,2020-01-23 08:26:46.665,08:26:46,71.11556000000006,27.482591666666654
4383,368809.201,Flight4_cam1-002-000132-0,7211999.842436898,327645.2209730176,675.776611328125,HlangwineEP,2020-01-22,2020-01-23 08:26:49.201,08:26:49,71.10879733333333,27.484000555555557
4384,368810.669,Flight4_cam1-002-000133-0,7212009.6477904245,327638.39354445494,676.2833251953125,HlangwineEP,2020-01-22,2020-01-23 08:26:50.669,08:26:50,71.10488266666668,27.48481611111111
4385,368812.671,Flight4_cam1-002-000134-0,7212022.750376324,327629.48163193907,676.928955078125,HlangwineEP,2020-01-22,2020-01-23 08:26:52.671,08:26:52,71.09954400000008,27.48592833333332
4386,368814.673,Flight4_cam1-002-000135-0,7212035.863503097,327620.6667994373,677.5996704101562,HlangwineEP,2020-01-22,2020-01-23 08:26:54.673,08:26:54,71.0942053333333,27.48704055555556
4387,368817.209,Flight4_cam1-002-000136-0,7212052.703718776,327609.348699505,678.3668823242188,HlangwineEP,2020-01-22,2020-01-23 08:26:57.209,08:26:57,71.08744266666673,27.48844944444443
4388,368818.677,Flight4_cam1-002-000137-0,7212062.7337139165,327602.6071995363,678.7990112304688,HlangwineEP,2020-01-22,2020-01-23 08:26:58.677,08:26:58,71.08352799999993,27.489265000000014
4389,368820.679,Flight4_cam1-002-000138-0,7212075.889647704,327593.6921622122,679.4407348632812,HlangwineEP,2020-01-22,2020-01-23 08:27:00.679,08:27:00,71.07818933333333,27.490377222222225
4390,368822.681,Flight4_cam1-002-000139-0,7212089.073757434,327584.80655261106,680.013916015625,HlangwineEP,2020-01-22,2020-01-23 08:27:02.681,08:27:02,71.07285066666671,27.491489444444433
4391,368824.683,Flight4_cam1-002-000140-0,7212102.319957671,327575.9170685517,680.62158203125,HlangwineEP,2020-01-22,2020-01-23 08:27:04.683,08:27:04,71.06751199999995,27.492601666666676
4392,368827.219,Flight4_cam1-002-000141-0,7212119.124789404,327564.6641968556,681.3295288085938,HlangwineEP,2020-01-22,2020-01-23 08:27:07.219,08:27:07,71.06074933333338,27.494010555555548
4393,368828.687,Flight4_cam1-002-000142-0,7212129.072587867,327557.96141980373,681.7334594726562,HlangwineEP,2020-01-22,2020-01-23 08:27:08.687,08:27:08,71.05683466666673,27.4948261111111
4394,368830.689,Flight4_cam1-002-000143-0,7212142.26333002,327549.1435672882,682.2653198242188,HlangwineEP,2020-01-22,2020-01-23 08:27:10.689,08:27:10,71.05149599999997,27.495938333333342
4395,368832.691,Flight4_cam1-002-000144-0,7212155.482840616,327540.2901543133,682.7598266601562,HlangwineEP,2020-01-22,2020-01-23 08:27:12.691,08:27:12,71.04615733333335,27.49705055555555
4396,368835.227,Flight4_cam1-002-000145-0,7212172.30467283,327528.83539063996,683.3473510742188,HlangwineEP,2020-01-22,2020-01-23 08:27:15.227,08:27:15,71.03939466666664,27.498459444444453
4397,368836.695,Flight4_cam1-002-000146-0,7212182.327853925,327522.08108401654,683.755126953125,HlangwineEP,2020-01-22,2020-01-23 08:27:16.695,08:27:16,71.03547999999998,27.499275000000004
4398,368838.697,Flight4_cam1-002-000147-0,7212195.527454935,327513.2327669761,684.2368774414062,HlangwineEP,2020-01-22,2020-01-23 08:27:18.697,08:27:18,71.03014133333338,27.500387222222216
4399,368840.699,Flight4_cam1-002-000148-0,7212208.618005402,327504.3173228168,684.6696166992188,HlangwineEP,2020-01-22,2020-01-23 08:27:20.699,08:27:20,71.0248026666666,27.501499444444455
4400,368842.701,Flight4_cam1-002-000149-0,7212221.801069092,327495.50689550175,685.1346435546875,HlangwineEP,2020-01-22,2020-01-23 08:27:22.701,08:27:22,71.019464,27.502611666666667
4401,368845.237,Flight4_cam1-002-000150-0,7212238.551020738,327484.23998079286,685.68359375,HlangwineEP,2020-01-22,2020-01-23 08:27:25.237,08:27:25,71.01270133333327,27.504020555555567
4402,368846.705,Flight4_cam1-002-000151-0,7212248.547346119,327477.509121647,686.000244140625,HlangwineEP,2020-01-22,2020-01-23 08:27:26.705,08:27:26,71.00878666666662,27.50483611111112
4403,368848.707,Flight4_cam1-002-000152-0,7212261.788376238,327468.54763821105,686.4672241210938,HlangwineEP,2020-01-22,2020-01-23 08:27:28.707,08:27:28,71.00344800000002,27.50594833333333
4404,368850.709,Flight4_cam1-002-000153-0,7212274.9654550245,327459.66421324457,686.9692993164062,HlangwineEP,2020-01-22,2020-01-23 08:27:30.709,08:27:30,70.9981093333334,27.50706055555554
4405,368853.245,Flight4_cam1-002-000154-0,7212291.766424153,327448.34338248556,687.6011962890625,HlangwineEP,2020-01-22,2020-01-23 08:27:33.245,08:27:33,70.99134666666669,27.50846944444444
4406,368854.713,Flight4_cam1-002-000155-0,7212301.728858696,327441.6608389069,687.9217529296875,HlangwineEP,2020-01-22,2020-01-23 08:27:34.713,08:27:34,70.98743200000003,27.509284999999995
4407,368856.715,Flight4_cam1-002-000156-0,7212314.770242024,327432.8171392791,688.334228515625,HlangwineEP,2020-01-22,2020-01-23 08:27:36.715,08:27:36,70.98209333333327,27.510397222222235
4408,368858.717,Flight4_cam1-002-000157-0,7212327.88945842,327423.9188643561,688.7847290039062,HlangwineEP,2020-01-22,2020-01-23 08:27:38.717,08:27:38,70.97675466666665,27.511509444444446
4409,368861.253,Flight4_cam1-002-000158-0,7212344.744464353,327412.4667660664,689.3465576171875,HlangwineEP,2020-01-22,2020-01-23 08:27:41.253,08:27:41,70.96999199999993,27.51291833333335
4410,368862.721,Flight4_cam1-002-000159-0,7212354.201976447,327406.13719963946,689.61767578125,HlangwineEP,2020-01-22,2020-01-23 08:27:42.721,08:27:42,70.96607733333329,27.5137338888889
4411,368864.723,Flight4_cam1-002-000160-0,7212367.966074729,327396.89873325976,690.0551147460938,HlangwineEP,2020-01-22,2020-01-23 08:27:44.723,08:27:44,70.96073866666667,27.51484611111111
4412,368866.725,Flight4_cam1-002-000161-0,7212380.39633563,327388.63954651705,690.2645874023438,HlangwineEP,2020-01-22,2020-01-23 08:27:46.725,08:27:46,70.95540000000007,27.51595833333332
4413,368870.862,Flight4_cam1-002-000162-0,7212392.562546616,327403.4142780575,689.3405151367188,HlangwineEP,2020-01-22,2020-01-23 08:27:50.862,08:27:50,70.94436799999994,27.51825666666668
4414,368872.731,Flight4_cam1-002-000163-0,7212401.890196313,327415.73056394444,688.8583374023438,HlangwineEP,2020-01-22,2020-01-23 08:27:52.731,08:27:52,70.93938399999992,27.519295000000017
4415,368874.733,Flight4_cam1-002-000164-0,7212411.277363755,327427.25305567763,688.210205078125,HlangwineEP,2020-01-22,2020-01-23 08:27:54.733,08:27:54,70.93404533333332,27.520407222222225
4416,368876.735,Flight4_cam1-002-000165-0,7212420.474338949,327438.61363515846,687.61328125,HlangwineEP,2020-01-22,2020-01-23 08:27:56.735,08:27:56,70.9287066666667,27.521519444444436
4417,368879.27,Flight4_cam1-002-000166-0,7212428.437596381,327456.08506017993,686.785888671875,HlangwineEP,2020-01-22,2020-01-23 08:27:59.270,08:27:59,70.92194666666661,27.522927777777788
4418,368880.605,Flight4_cam1-002-000167-0,7212427.11842382,327466.264983371,686.3836669921875,HlangwineEP,2020-01-22,2020-01-23 08:28:00.605,08:28:00,70.91838666666672,27.523669444444433
4419,368883.942,Flight4_cam1-002-000168-0,7212408.442936853,327484.2767859514,685.671142578125,HlangwineEP,2020-01-22,2020-01-23 08:28:03.942,08:28:03,70.90948800000005,27.52552333333332
4420,368884.609,Flight4_cam1-002-000169-0,7212404.260602234,327486.55120726407,685.6045532226562,HlangwineEP,2020-01-22,2020-01-23 08:28:04.609,08:28:04,70.90770933333334,27.525893888888888
4421,368886.745,Flight4_cam1-002-000170-0,7212392.717300661,327493.9000415222,685.488525390625,HlangwineEP,2020-01-22,2020-01-23 08:28:06.745,08:28:06,70.90201333333334,27.527080555555553
4422,368889.147,Flight4_cam1-002-000171-0,7212378.805135237,327503.7621746778,685.2939453125,HlangwineEP,2020-01-22,2020-01-23 08:28:09.147,08:28:09,70.89560800000001,27.528415
4423,368890.615,Flight4_cam1-002-000172-0,7212369.503995266,327510.2454187803,685.1934204101562,HlangwineEP,2020-01-22,2020-01-23 08:28:10.615,08:28:10,70.89169333333336,27.52923055555555
4424,368893.818,Flight4_cam1-002-000173-0,7212348.611348219,327524.5785503947,684.856201171875,HlangwineEP,2020-01-22,2020-01-23 08:28:13.818,08:28:13,70.88315199999992,27.531010000000016
4425,368894.619,Flight4_cam1-002-000174-0,7212343.370062218,327528.15298048325,684.7684936523438,HlangwineEP,2020-01-22,2020-01-23 08:28:14.619,08:28:14,70.88101599999999,27.531455000000005
4426,368897.288,Flight4_cam1-002-000175-0,7212325.517909722,327540.19323936326,684.6318359375,HlangwineEP,2020-01-22,2020-01-23 08:28:17.288,08:28:17,70.87389866666666,27.53293777777778
4427,368898.623,Flight4_cam1-002-000176-0,7212316.595577812,327546.22100505565,684.5023803710938,HlangwineEP,2020-01-22,2020-01-23 08:28:18.623,08:28:18,70.87033866666661,27.533679444444456
4428,368900.625,Flight4_cam1-002-000177-0,7212303.538059352,327554.95969418006,684.2977905273438,HlangwineEP,2020-01-22,2020-01-23 08:28:20.625,08:28:20,70.865,27.534791666666667
4429,368902.894,Flight4_cam1-002-000178-0,7212288.303679214,327565.3305373779,684.1141967773438,HlangwineEP,2020-01-22,2020-01-23 08:28:22.894,08:28:22,70.85894933333341,27.536052222222207
4430,368905.563,Flight4_cam1-002-000179-0,7212270.9286942445,327576.90067357593,683.8681030273438,HlangwineEP,2020-01-22,2020-01-23 08:28:25.563,08:28:25,70.85183199999994,27.537535000000013
4431,368906.631,Flight4_cam1-002-000180-0,7212263.639553594,327581.79090400663,683.8302612304688,HlangwineEP,2020-01-22,2020-01-23 08:28:26.631,08:28:26,70.84898400000002,27.53812833333333
4432,368908.633,Flight4_cam1-002-000181-0,7212250.614713399,327590.6438968483,683.6671752929688,HlangwineEP,2020-01-22,2020-01-23 08:28:28.633,08:28:28,70.84364533333341,27.53924055555554
4433,368910.635,Flight4_cam1-002-000182-0,7212237.556034326,327599.63730825833,683.4268188476562,HlangwineEP,2020-01-22,2020-01-23 08:28:30.635,08:28:30,70.83830666666664,27.540352777777784
4434,368912.637,Flight4_cam1-002-000183-0,7212224.327997111,327608.4982366349,683.096923828125,HlangwineEP,2020-01-22,2020-01-23 08:28:32.637,08:28:32,70.83296800000004,27.54146499999999
4435,368915.306,Flight4_cam1-002-000184-0,7212206.432187865,327620.605438074,682.6602172851562,HlangwineEP,2020-01-22,2020-01-23 08:28:35.306,08:28:35,70.82585066666671,27.54294777777777
4436,368916.641,Flight4_cam1-002-000185-0,7212197.530938059,327626.58659554075,682.4118041992188,HlangwineEP,2020-01-22,2020-01-23 08:28:36.641,08:28:36,70.82229066666666,27.543689444444446
4437,368918.643,Flight4_cam1-002-000186-0,7212184.3882119395,327635.36727212917,682.0515747070312,HlangwineEP,2020-01-22,2020-01-23 08:28:38.643,08:28:38,70.81695200000004,27.544801666666658
4438,368920.645,Flight4_cam1-002-000187-0,7212171.240097394,327644.2727025601,681.6730346679688,HlangwineEP,2020-01-22,2020-01-23 08:28:40.645,08:28:40,70.81161333333328,27.5459138888889
4439,368923.314,Flight4_cam1-002-000188-0,7212153.367862422,327656.29737624584,681.0289306640625,HlangwineEP,2020-01-22,2020-01-23 08:28:43.314,08:28:43,70.80449599999997,27.547396666666675
4440,368924.649,Flight4_cam1-002-000189-0,7212144.361539099,327662.3665402591,680.6868896484375,HlangwineEP,2020-01-22,2020-01-23 08:28:44.649,08:28:44,70.80093600000006,27.54813833333332
4441,368926.651,Flight4_cam1-002-000190-0,7212131.149385797,327671.25083482545,680.2132568359375,HlangwineEP,2020-01-22,2020-01-23 08:28:46.651,08:28:46,70.7955973333333,27.549250555555563
4442,368928.653,Flight4_cam1-002-000191-0,7212117.948631401,327680.0127415785,679.6068725585938,HlangwineEP,2020-01-22,2020-01-23 08:28:48.653,08:28:48,70.79025866666669,27.550362777777774
4443,368930.788,Flight4_cam1-002-000192-0,7212103.785051027,327689.532189829,679.0570068359375,HlangwineEP,2020-01-22,2020-01-23 08:28:50.788,08:28:50,70.78456533333333,27.551548888888888
4444,368933.191,Flight4_cam1-002-000193-0,7212088.016448071,327700.1673592745,678.3557739257812,HlangwineEP,2020-01-22,2020-01-23 08:28:53.191,08:28:53,70.77815733333335,27.552883888888886
4445,368934.659,Flight4_cam1-002-000194-0,7212077.937485319,327706.91974387196,677.8707275390625,HlangwineEP,2020-01-22,2020-01-23 08:28:54.659,08:28:54,70.77424266666671,27.553699444444437
4446,368936.661,Flight4_cam1-002-000195-0,7212064.910538116,327715.76388846675,677.2553100585938,HlangwineEP,2020-01-22,2020-01-23 08:28:56.661,08:28:56,70.76890399999995,27.55481166666668
4447,368938.663,Flight4_cam1-002-000196-0,7212051.741387219,327724.5745962929,676.597900390625,HlangwineEP,2020-01-22,2020-01-23 08:28:58.663,08:28:58,70.76356533333333,27.555923888888888
4448,368941.332,Flight4_cam1-002-000197-0,7212033.761754263,327736.57390624343,675.6363525390625,HlangwineEP,2020-01-22,2020-01-23 08:29:01.332,08:29:01,70.75644800000002,27.557406666666665
4449,368942.667,Flight4_cam1-002-000198-0,7212024.68603161,327742.5480565373,675.1758422851562,HlangwineEP,2020-01-22,2020-01-23 08:29:02.667,08:29:02,70.75288799999996,27.558148333333342
4450,368944.669,Flight4_cam1-002-000199-0,7212011.615232081,327751.4108448297,674.5493774414062,HlangwineEP,2020-01-22,2020-01-23 08:29:04.669,08:29:04,70.74754933333335,27.559260555555554
4451,368946.671,Flight4_cam1-002-000200-0,7211998.609961659,327760.32761614525,673.84228515625,HlangwineEP,2020-01-22,2020-01-23 08:29:06.671,08:29:06,70.74221066666674,27.56037277777776
4452,368949.34,Flight4_cam1-002-000201-0,7211980.798452903,327772.2837276363,672.9180297851562,HlangwineEP,2020-01-22,2020-01-23 08:29:09.340,08:29:09,70.73509333333327,27.56185555555557
4453,368950.675,Flight4_cam1-002-000202-0,7211971.898049451,327778.2999031487,672.44189453125,HlangwineEP,2020-01-22,2020-01-23 08:29:10.675,08:29:10,70.73153333333336,27.562597222222216
4454,368952.677,Flight4_cam1-002-000203-0,7211958.897602404,327787.2175397717,671.76318359375,HlangwineEP,2020-01-22,2020-01-23 08:29:12.677,08:29:12,70.7261946666666,27.56370944444446
4455,368954.679,Flight4_cam1-002-000204-0,7211945.692564331,327796.06135261594,671.1127319335938,HlangwineEP,2020-01-22,2020-01-23 08:29:14.679,08:29:14,70.720856,27.564821666666667
4456,368956.681,Flight4_cam1-002-000205-0,7211932.398167877,327804.83125517616,670.5264892578125,HlangwineEP,2020-01-22,2020-01-23 08:29:16.681,08:29:16,70.71551733333338,27.56593388888888
4457,368959.216,Flight4_cam1-002-000206-0,7211915.741375737,327816.2954361177,669.6979370117188,HlangwineEP,2020-01-22,2020-01-23 08:29:19.216,08:29:19,70.7087573333333,27.56734222222223
4458,368960.685,Flight4_cam1-002-000207-0,7211905.775390745,327823.1211328936,669.2404174804688,HlangwineEP,2020-01-22,2020-01-23 08:29:20.685,08:29:20,70.70484,27.568158333333333
4459,368962.687,Flight4_cam1-002-000208-0,7211892.651960162,327831.94021146704,668.6788330078125,HlangwineEP,2020-01-22,2020-01-23 08:29:22.687,08:29:22,70.6995013333334,27.56927055555554
4460,368964.689,Flight4_cam1-002-000209-0,7211879.524276009,327840.793684489,668.043701171875,HlangwineEP,2020-01-22,2020-01-23 08:29:24.689,08:29:24,70.69416266666663,27.570382777777784
4461,368967.224,Flight4_cam1-002-000210-0,7211862.6568337325,327852.17904834007,667.36328125,HlangwineEP,2020-01-22,2020-01-23 08:29:27.224,08:29:27,70.6874026666667,27.571791111111104
4462,368968.692,Flight4_cam1-002-000211-0,7211852.581136888,327858.89057551534,666.9949951171875,HlangwineEP,2020-01-22,2020-01-23 08:29:28.692,08:29:28,70.68348800000005,27.572606666666655
4463,368970.694,Flight4_cam1-002-000212-0,7211839.383669589,327867.6928739251,666.4332885742188,HlangwineEP,2020-01-22,2020-01-23 08:29:30.694,08:29:30,70.6781493333333,27.573718888888898
4464,368972.696,Flight4_cam1-002-000213-0,7211826.144174321,327876.56615086214,665.8355712890625,HlangwineEP,2020-01-22,2020-01-23 08:29:32.696,08:29:32,70.67281066666668,27.57483111111111
4465,368974.698,Flight4_cam1-002-000214-0,7211813.0961583285,327885.39520574035,665.3042602539062,HlangwineEP,2020-01-22,2020-01-23 08:29:34.698,08:29:34,70.66747200000007,27.57594333333332
4466,368977.234,Flight4_cam1-002-000215-0,7211796.324698018,327896.6204108377,664.60595703125,HlangwineEP,2020-01-22,2020-01-23 08:29:37.234,08:29:37,70.66070933333334,27.57735222222222
4467,368978.702,Flight4_cam1-002-000216-0,7211786.356968948,327903.3703924022,664.1161499023438,HlangwineEP,2020-01-22,2020-01-23 08:29:38.702,08:29:38,70.6567946666667,27.57816777777777
4468,368980.704,Flight4_cam1-002-000217-0,7211773.264027055,327912.40768914926,663.5628662109375,HlangwineEP,2020-01-22,2020-01-23 08:29:40.704,08:29:40,70.65145599999992,27.579280000000015
4469,368982.706,Flight4_cam1-002-000218-0,7211760.053334485,327921.26225988765,663.01318359375,HlangwineEP,2020-01-22,2020-01-23 08:29:42.706,08:29:42,70.64611733333332,27.580392222222226
4470,368985.242,Flight4_cam1-002-000219-0,7211743.291298248,327932.6073103226,662.3407592773438,HlangwineEP,2020-01-22,2020-01-23 08:29:45.242,08:29:45,70.63935466666659,27.581801111111126
4471,368986.71,Flight4_cam1-002-000220-0,7211733.373063222,327939.4028412815,661.8951416015625,HlangwineEP,2020-01-22,2020-01-23 08:29:46.710,08:29:46,70.63543999999995,27.582616666666677
4472,368988.712,Flight4_cam1-002-000221-0,7211720.249653106,327948.3409064915,661.3738403320312,HlangwineEP,2020-01-22,2020-01-23 08:29:48.712,08:29:48,70.63010133333333,27.58372888888889
4473,368990.714,Flight4_cam1-002-000222-0,7211707.098099485,327957.23494889855,660.870361328125,HlangwineEP,2020-01-22,2020-01-23 08:29:50.714,08:29:50,70.62476266666673,27.5848411111111
4474,368992.716,Flight4_cam1-002-000223-0,7211693.980011789,327966.0277325789,660.3982543945312,HlangwineEP,2020-01-22,2020-01-23 08:29:52.716,08:29:52,70.61942399999997,27.585953333333343
4475,368995.252,Flight4_cam1-002-000224-0,7211677.122341369,327977.4402547177,659.8173828125,HlangwineEP,2020-01-22,2020-01-23 08:29:55.252,08:29:55,70.61266133333339,27.58736222222221
4476,368996.72,Flight4_cam1-002-000225-0,7211667.142851362,327984.13017880474,659.518310546875,HlangwineEP,2020-01-22,2020-01-23 08:29:56.720,08:29:56,70.60874666666675,27.588177777777762
4477,368998.722,Flight4_cam1-002-000226-0,7211654.045785831,327992.9897405481,659.1948852539062,HlangwineEP,2020-01-22,2020-01-23 08:29:58.722,08:29:58,70.60340799999997,27.589290000000005
4478,369000.724,Flight4_cam1-002-000227-0,7211640.735481208,328001.79467708594,658.9022827148438,HlangwineEP,2020-01-22,2020-01-23 08:30:00.724,08:30:00,70.59806933333337,27.590402222222217
4479,369003.26,Flight4_cam1-002-000228-0,7211623.756957274,328013.1880939227,658.5289916992188,HlangwineEP,2020-01-22,2020-01-23 08:30:03.260,08:30:03,70.59130666666664,27.591811111111117
4480,369004.728,Flight4_cam1-002-000229-0,7211613.719929985,328019.95862569206,658.34814453125,HlangwineEP,2020-01-22,2020-01-23 08:30:04.728,08:30:04,70.587392,27.592626666666668
4481,369006.73,Flight4_cam1-002-000230-0,7211600.568761557,328028.8338224613,658.1421508789062,HlangwineEP,2020-01-22,2020-01-23 08:30:06.730,08:30:06,70.58205333333339,27.59373888888888
4482,369008.732,Flight4_cam1-002-000231-0,7211587.399010766,328037.55663897167,658.0302124023438,HlangwineEP,2020-01-22,2020-01-23 08:30:08.732,08:30:08,70.57671466666662,27.594851111111122
4483,369010.734,Flight4_cam1-002-000232-0,7211574.158564119,328046.37935457693,657.8438110351562,HlangwineEP,2020-01-22,2020-01-23 08:30:10.734,08:30:10,70.57137600000001,27.59596333333333
4484,369013.137,Flight4_cam1-002-000233-0,7211557.970292797,328057.3776264058,657.6510009765625,HlangwineEP,2020-01-22,2020-01-23 08:30:13.137,08:30:13,70.56496800000004,27.597298333333327
4485,369014.605,Flight4_cam1-002-000234-0,7211548.522455694,328063.88969683123,657.622314453125,HlangwineEP,2020-01-22,2020-01-23 08:30:14.605,08:30:14,70.56105333333339,27.59811388888888
4486,369016.607,Flight4_cam1-002-000235-0,7211535.431287235,328072.8313764784,657.6260375976562,HlangwineEP,2020-01-22,2020-01-23 08:30:16.607,08:30:16,70.55571466666662,27.599226111111122
4487,369018.609,Flight4_cam1-002-000236-0,7211521.8165023625,328081.9784965054,657.6047973632812,HlangwineEP,2020-01-22,2020-01-23 08:30:18.609,08:30:18,70.55037600000001,27.600338333333333
4488,369021.278,Flight4_cam1-002-000237-0,7211504.435689267,328093.6672159179,657.5753784179688,HlangwineEP,2020-01-22,2020-01-23 08:30:21.278,08:30:21,70.54325866666669,27.601821111111107
4489,369022.613,Flight4_cam1-002-000238-0,7211495.269000177,328099.5626477981,657.5470581054688,HlangwineEP,2020-01-22,2020-01-23 08:30:22.613,08:30:22,70.53969866666664,27.602562777777784
4490,369024.615,Flight4_cam1-002-000239-0,7211481.972751364,328108.27772695175,657.5537109375,HlangwineEP,2020-01-22,2020-01-23 08:30:24.615,08:30:24,70.53436000000002,27.603674999999996
4491,369026.617,Flight4_cam1-002-000240-0,7211468.2934875935,328117.4521804705,657.57177734375,HlangwineEP,2020-01-22,2020-01-23 08:30:26.617,08:30:26,70.52902133333326,27.60478722222224
4492,369029.286,Flight4_cam1-002-000241-0,7211451.06185784,328129.21633751603,657.616943359375,HlangwineEP,2020-01-22,2020-01-23 08:30:29.286,08:30:29,70.52190399999995,27.606270000000013
4493,369030.621,Flight4_cam1-002-000242-0,7211442.175069048,328135.3347941027,657.6336059570312,HlangwineEP,2020-01-22,2020-01-23 08:30:30.621,08:30:30,70.51834400000004,27.607011666666658
4494,369032.623,Flight4_cam1-002-000243-0,7211428.979026074,328144.2457147824,657.6173706054688,HlangwineEP,2020-01-22,2020-01-23 08:30:32.623,08:30:32,70.51300533333328,27.6081238888889
4495,369034.625,Flight4_cam1-002-000244-0,7211415.750654055,328153.1393888098,657.4234008789062,HlangwineEP,2020-01-22,2020-01-23 08:30:34.625,08:30:34,70.50766666666667,27.609236111111112
4496,369037.294,Flight4_cam1-002-000245-0,7211397.887219431,328165.013143447,657.1744995117188,HlangwineEP,2020-01-22,2020-01-23 08:30:37.294,08:30:37,70.50054933333335,27.610718888888886
4497,369038.629,Flight4_cam1-002-000246-0,7211388.935593092,328171.01941368874,657.1244506835938,HlangwineEP,2020-01-22,2020-01-23 08:30:38.629,08:30:38,70.49698933333329,27.611460555555563
4498,369040.63,Flight4_cam1-002-000247-0,7211375.852147169,328179.8704338009,657.0281372070312,HlangwineEP,2020-01-22,2020-01-23 08:30:40.630,08:30:40,70.49165333333332,27.612572222222227
4499,369042.632,Flight4_cam1-002-000248-0,7211362.797168762,328188.69877544115,656.8858032226562,HlangwineEP,2020-01-22,2020-01-23 08:30:42.632,08:30:42,70.48631466666671,27.613684444444434
4500,369044.768,Flight4_cam1-002-000249-0,7211348.4475064445,328198.2558301935,656.7239990234375,HlangwineEP,2020-01-22,2020-01-23 08:30:44.768,08:30:44,70.48061866666671,27.6148711111111
4501,369047.17,Flight4_cam1-002-000250-0,7211332.088990243,328209.3291394651,656.6104736328125,HlangwineEP,2020-01-22,2020-01-23 08:30:47.170,08:30:47,70.47421333333338,27.616205555555545
4502,369048.638,Flight4_cam1-002-000251-0,7211322.602362571,328215.7899040055,656.4594116210938,HlangwineEP,2020-01-22,2020-01-23 08:30:48.638,08:30:48,70.47029866666674,27.6170211111111
4503,369050.64,Flight4_cam1-002-000252-0,7211309.579749472,328224.75258495146,656.2099609375,HlangwineEP,2020-01-22,2020-01-23 08:30:50.640,08:30:50,70.46495999999996,27.61813333333334
4504,369052.642,Flight4_cam1-002-000253-0,7211296.316205049,328233.6027685278,656.0409545898438,HlangwineEP,2020-01-22,2020-01-23 08:30:52.642,08:30:52,70.45962133333336,27.61924555555555
4505,369055.312,Flight4_cam1-002-000254-0,7211278.536595451,328245.6618832792,655.7719116210938,HlangwineEP,2020-01-22,2020-01-23 08:30:55.312,08:30:55,70.4525013333334,27.620728888888877
4506,369056.646,Flight4_cam1-002-000255-0,7211269.562450007,328251.66995888867,655.6034545898438,HlangwineEP,2020-01-22,2020-01-23 08:30:56.646,08:30:56,70.44894399999998,27.621470000000006
4507,369058.648,Flight4_cam1-002-000256-0,7211256.285388425,328260.5134311124,655.303955078125,HlangwineEP,2020-01-22,2020-01-23 08:30:58.648,08:30:58,70.44360533333337,27.622582222222213
4508,369060.65,Flight4_cam1-002-000257-0,7211243.033310979,328269.4209715839,655.0366821289062,HlangwineEP,2020-01-22,2020-01-23 08:31:00.650,08:31:00,70.4382666666666,27.623694444444457
4509,369062.786,Flight4_cam1-002-000258-0,7211228.766375532,328278.90781748376,654.7701416015625,HlangwineEP,2020-01-22,2020-01-23 08:31:02.786,08:31:02,70.4325706666666,27.624881111111122
4510,369065.188,Flight4_cam1-002-000259-0,7211212.493512021,328289.89216541994,654.3363647460938,HlangwineEP,2020-01-22,2020-01-23 08:31:05.188,08:31:05,70.42616533333327,27.626215555555568
4511,369066.656,Flight4_cam1-002-000260-0,7211203.069447463,328296.2809748034,654.1098022460938,HlangwineEP,2020-01-22,2020-01-23 08:31:06.656,08:31:06,70.42225066666663,27.62703111111112
4512,369068.658,Flight4_cam1-002-000261-0,7211189.910902625,328305.1397017337,653.8897705078125,HlangwineEP,2020-01-22,2020-01-23 08:31:08.658,08:31:08,70.41691200000001,27.62814333333333
4513,369070.66,Flight4_cam1-002-000262-0,7211176.287235042,328314.3361478675,653.65869140625,HlangwineEP,2020-01-22,2020-01-23 08:31:10.660,08:31:10,70.41157333333341,27.62925555555554
4514,369073.33,Flight4_cam1-002-000263-0,7211159.025227356,328325.9678129861,653.4013671875,HlangwineEP,2020-01-22,2020-01-23 08:31:13.330,08:31:13,70.4044533333333,27.6307388888889
4515,369074.664,Flight4_cam1-002-000264-0,7211150.143513376,328331.9818547307,653.2108764648438,HlangwineEP,2020-01-22,2020-01-23 08:31:14.664,08:31:14,70.40089600000003,27.631479999999993
4516,369076.666,Flight4_cam1-002-000265-0,7211136.996648254,328340.89820976584,652.9951171875,HlangwineEP,2020-01-22,2020-01-23 08:31:16.666,08:31:16,70.39555733333326,27.632592222222236
4517,369078.668,Flight4_cam1-002-000266-0,7211123.881606776,328349.81565738923,652.781005859375,HlangwineEP,2020-01-22,2020-01-23 08:31:18.668,08:31:18,70.39021866666666,27.633704444444447
4518,369080.804,Flight4_cam1-002-000267-0,7211109.568770751,328359.4026606544,652.511962890625,HlangwineEP,2020-01-22,2020-01-23 08:31:20.804,08:31:20,70.38452266666665,27.634891111111113
4519,369083.206,Flight4_cam1-002-000268-0,7211093.246349288,328370.2183925373,652.1649780273438,HlangwineEP,2020-01-22,2020-01-23 08:31:23.206,08:31:23,70.37811733333332,27.63622555555556
4520,369084.674,Flight4_cam1-002-000269-0,7211083.733676238,328376.61200475565,651.9906616210938,HlangwineEP,2020-01-22,2020-01-23 08:31:24.674,08:31:24,70.37420266666668,27.63704111111111
4521,369086.676,Flight4_cam1-002-000270-0,7211070.683615178,328385.51804773475,651.836669921875,HlangwineEP,2020-01-22,2020-01-23 08:31:26.676,08:31:26,70.36886400000006,27.63815333333332
4522,369088.678,Flight4_cam1-002-000271-0,7211063.604796253,328394.02273857396,651.7276000976562,HlangwineEP,2020-01-22,2020-01-23 08:31:28.678,08:31:28,70.3635253333333,27.639265555555564
4523,369091.347,Flight4_cam1-002-000272-0,7211072.096732229,328409.1131387551,652.2103881835938,HlangwineEP,2020-01-22,2020-01-23 08:31:31.347,08:31:31,70.35640799999997,27.640748333333338
4524,369092.682,Flight4_cam1-002-000273-0,7211078.081034483,328418.0569364461,652.57177734375,HlangwineEP,2020-01-22,2020-01-23 08:31:32.682,08:31:32,70.35284800000008,27.641489999999983
4525,369094.684,Flight4_cam1-002-000274-0,7211085.481820207,328430.3806057983,652.9077758789062,HlangwineEP,2020-01-22,2020-01-23 08:31:34.684,08:31:34,70.3475093333333,27.642602222222227
4526,369096.686,Flight4_cam1-002-000275-0,7211092.627452815,328443.0273169264,653.3038330078125,HlangwineEP,2020-01-22,2020-01-23 08:31:36.686,08:31:36,70.3421706666667,27.643714444444438
4527,369098.688,Flight4_cam1-002-000276-0,7211102.216645051,328455.88664010854,653.6685180664062,HlangwineEP,2020-01-22,2020-01-23 08:31:38.688,08:31:38,70.33683199999993,27.64482666666668
4528,369101.357,Flight4_cam1-002-000277-0,7211120.871760506,328462.395203304,654.1697387695312,HlangwineEP,2020-01-22,2020-01-23 08:31:41.357,08:31:41,70.32971466666662,27.646309444444455
4529,369102.692,Flight4_cam1-002-000278-0,7211130.378582491,328459.7197288245,654.3379516601562,HlangwineEP,2020-01-22,2020-01-23 08:31:42.692,08:31:42,70.32615466666672,27.6470511111111
4530,369104.694,Flight4_cam1-002-000279-0,7211142.556589682,328451.7664779017,654.5555419921875,HlangwineEP,2020-01-22,2020-01-23 08:31:44.694,08:31:44,70.32081599999995,27.648163333333343
4531,369106.696,Flight4_cam1-002-000280-0,7211153.626033656,328443.27458494226,654.6512451171875,HlangwineEP,2020-01-22,2020-01-23 08:31:46.696,08:31:46,70.31547733333335,27.649275555555555
4532,369108.698,Flight4_cam1-002-000281-0,7211165.170969077,328435.41610954585,654.8869018554688,HlangwineEP,2020-01-22,2020-01-23 08:31:48.698,08:31:48,70.31013866666673,27.650387777777762
4533,369111.234,Flight4_cam1-002-000282-0,7211181.004856834,328424.95436959306,655.1727905273438,HlangwineEP,2020-01-22,2020-01-23 08:31:51.234,08:31:51,70.30337600000001,27.651796666666666
4534,369112.702,Flight4_cam1-002-000283-0,7211190.244811602,328418.8219336367,655.3421020507812,HlangwineEP,2020-01-22,2020-01-23 08:31:52.702,08:31:52,70.29946133333335,27.652612222222217
4535,369114.704,Flight4_cam1-002-000284-0,7211203.348360555,328410.1012397531,655.6210327148438,HlangwineEP,2020-01-22,2020-01-23 08:31:54.704,08:31:54,70.2941226666666,27.65372444444446
4536,369116.706,Flight4_cam1-002-000285-0,7211217.031830553,328401.03578186175,655.9721069335938,HlangwineEP,2020-01-22,2020-01-23 08:31:56.706,08:31:56,70.28878399999999,27.654836666666668
4537,369119.242,Flight4_cam1-002-000286-0,7211233.765967915,328389.8200054373,656.3468017578125,HlangwineEP,2020-01-22,2020-01-23 08:31:59.242,08:31:59,70.28202133333326,27.65624555555557
4538,369120.71,Flight4_cam1-002-000287-0,7211243.271646382,328383.50818782684,656.5693359375,HlangwineEP,2020-01-22,2020-01-23 08:32:00.710,08:32:00,70.27810666666662,27.657061111111123
4539,369122.712,Flight4_cam1-002-000288-0,7211256.403831996,328374.7789988723,656.8455200195312,HlangwineEP,2020-01-22,2020-01-23 08:32:02.712,08:32:02,70.272768,27.658173333333334
4540,369124.714,Flight4_cam1-002-000289-0,7211269.992364516,328365.60899391194,657.1447143554688,HlangwineEP,2020-01-22,2020-01-23 08:32:04.714,08:32:04,70.2674293333334,27.65928555555554
4541,369126.716,Flight4_cam1-002-000290-0,7211283.084373352,328356.72246512823,657.4649658203125,HlangwineEP,2020-01-22,2020-01-23 08:32:06.716,08:32:06,70.26209066666662,27.660397777777785
4542,369129.252,Flight4_cam1-002-000291-0,7211299.771695325,328345.4978835721,657.8424682617188,HlangwineEP,2020-01-22,2020-01-23 08:32:09.252,08:32:09,70.25532800000006,27.661806666666656
4543,369130.72,Flight4_cam1-002-000292-0,7211309.301649801,328339.1709181973,658.0654907226562,HlangwineEP,2020-01-22,2020-01-23 08:32:10.720,08:32:10,70.2514133333334,27.662622222222208
4544,369132.722,Flight4_cam1-002-000293-0,7211322.427484993,328330.26219466137,658.3455810546875,HlangwineEP,2020-01-22,2020-01-23 08:32:12.722,08:32:12,70.24607466666664,27.66373444444445
4545,369134.724,Flight4_cam1-002-000294-0,7211336.063652677,328321.0123940903,658.6185302734375,HlangwineEP,2020-01-22,2020-01-23 08:32:14.724,08:32:14,70.24073600000004,27.66484666666666
4546,369137.26,Flight4_cam1-002-000295-0,7211352.956091242,328309.72594616655,658.8792724609375,HlangwineEP,2020-01-22,2020-01-23 08:32:17.260,08:32:17,70.23397333333331,27.666255555555562
4547,369138.728,Flight4_cam1-002-000296-0,7211362.3763470575,328303.38177041407,659.0536499023438,HlangwineEP,2020-01-22,2020-01-23 08:32:18.728,08:32:18,70.23005866666666,27.667071111111113
4548,369140.73,Flight4_cam1-002-000297-0,7211375.446026562,328294.5415034215,659.3582153320312,HlangwineEP,2020-01-22,2020-01-23 08:32:20.730,08:32:20,70.22472000000005,27.668183333333324
4549,369142.732,Flight4_cam1-002-000298-0,7211389.225808446,328285.3938874014,659.6336669921875,HlangwineEP,2020-01-22,2020-01-23 08:32:22.732,08:32:22,70.21938133333329,27.669295555555564
4550,369144.734,Flight4_cam1-002-000299-0,7211402.505312644,328276.561383198,659.88720703125,HlangwineEP,2020-01-22,2020-01-23 08:32:24.734,08:32:24,70.21404266666667,27.670407777777775
4551,369147.27,Flight4_cam1-002-000300-0,7211419.335125453,328265.17388718907,660.1051025390625,HlangwineEP,2020-01-22,2020-01-23 08:32:27.270,08:32:27,70.20727999999995,27.671816666666675
4552,369148.738,Flight4_cam1-002-000301-0,7211428.834003379,328258.71566122305,660.2306518554688,HlangwineEP,2020-01-22,2020-01-23 08:32:28.738,08:32:28,70.2033653333333,27.67263222222223
4553,369150.74,Flight4_cam1-002-000302-0,7211442.527387155,328249.48002267873,660.3806762695312,HlangwineEP,2020-01-22,2020-01-23 08:32:30.740,08:32:30,70.19802666666669,27.673744444444438
4554,369152.742,Flight4_cam1-002-000303-0,7211455.695050885,328240.58809031313,660.5272827148438,HlangwineEP,2020-01-22,2020-01-23 08:32:32.742,08:32:32,70.19268799999993,27.67485666666668
4555,369155.278,Flight4_cam1-002-000304-0,7211472.60256272,328229.2383024684,660.69482421875,HlangwineEP,2020-01-22,2020-01-23 08:32:35.278,08:32:35,70.18592533333336,27.67626555555555
4556,369156.612,Flight4_cam1-002-000305-0,7211481.601272672,328223.23241822154,660.7254638671875,HlangwineEP,2020-01-22,2020-01-23 08:32:36.612,08:32:36,70.18236799999994,27.677006666666678
4557,369158.614,Flight4_cam1-002-000306-0,7211494.709938841,328214.4759021741,660.8336791992188,HlangwineEP,2020-01-22,2020-01-23 08:32:38.614,08:32:38,70.17702933333334,27.67811888888889
4558,369160.616,Flight4_cam1-002-000307-0,7211507.875018518,328205.57568093564,660.9277954101562,HlangwineEP,2020-01-22,2020-01-23 08:32:40.616,08:32:40,70.17169066666672,27.6792311111111
4559,369162.752,Flight4_cam1-002-000308-0,7211522.070147115,328196.01215088717,661.0264282226562,HlangwineEP,2020-01-22,2020-01-23 08:32:42.752,08:32:42,70.16599466666672,27.680417777777766
4560,369165.154,Flight4_cam1-002-000309-0,7211537.775984985,328185.3658133738,661.2466430664062,HlangwineEP,2020-01-22,2020-01-23 08:32:45.154,08:32:45,70.15958933333339,27.68175222222221
4561,369166.622,Flight4_cam1-002-000310-0,7211547.816924864,328178.5180962503,661.3580322265625,HlangwineEP,2020-01-22,2020-01-23 08:32:46.622,08:32:46,70.15567466666674,27.682567777777763
4562,369168.624,Flight4_cam1-002-000311-0,7211560.961158422,328169.6236571977,661.479736328125,HlangwineEP,2020-01-22,2020-01-23 08:32:48.624,08:32:48,70.15033599999997,27.683680000000006
4563,369170.626,Flight4_cam1-002-000312-0,7211574.111729287,328160.91286720725,661.57177734375,HlangwineEP,2020-01-22,2020-01-23 08:32:50.626,08:32:50,70.14499733333336,27.684792222222217
4564,369173.295,Flight4_cam1-002-000313-0,7211592.029375527,328148.69704885676,661.7697143554688,HlangwineEP,2020-01-22,2020-01-23 08:32:53.295,08:32:53,70.13788000000004,27.68627499999999
4565,369174.63,Flight4_cam1-002-000314-0,7211601.005362419,328142.59917647776,661.8402099609375,HlangwineEP,2020-01-22,2020-01-23 08:32:54.630,08:32:54,70.13431999999999,27.68701666666667
4566,369176.632,Flight4_cam1-002-000315-0,7211614.099383334,328133.6865561343,662.037353515625,HlangwineEP,2020-01-22,2020-01-23 08:32:56.632,08:32:56,70.12898133333339,27.68812888888888
4567,369178.634,Flight4_cam1-002-000316-0,7211627.194718083,328124.94608556875,662.1946411132812,HlangwineEP,2020-01-22,2020-01-23 08:32:58.634,08:32:58,70.12364266666661,27.689241111111123
4568,369180.769,Flight4_cam1-002-000317-0,7211641.445616957,328115.4228180258,662.3989868164062,HlangwineEP,2020-01-22,2020-01-23 08:33:00.769,08:33:00,70.11794933333341,27.690427222222205
4569,369183.172,Flight4_cam1-002-000318-0,7211657.287689172,328104.80562534195,662.577880859375,HlangwineEP,2020-01-22,2020-01-23 08:33:03.172,08:33:03,70.11154133333328,27.691762222222234
4570,369184.64,Flight4_cam1-002-000319-0,7211667.371556426,328098.04448105546,662.7066650390625,HlangwineEP,2020-01-22,2020-01-23 08:33:04.640,08:33:04,70.10762666666663,27.692577777777785
4571,369186.642,Flight4_cam1-002-000320-0,7211680.56296555,328089.12376232,662.925048828125,HlangwineEP,2020-01-22,2020-01-23 08:33:06.642,08:33:06,70.10228800000002,27.693689999999997
4572,369188.644,Flight4_cam1-002-000321-0,7211693.639167932,328080.26085721294,663.0922241210938,HlangwineEP,2020-01-22,2020-01-23 08:33:08.644,08:33:08,70.09694933333341,27.694802222222208
4573,369191.313,Flight4_cam1-002-000322-0,7211711.5075880755,328068.2862593487,663.4158325195312,HlangwineEP,2020-01-22,2020-01-23 08:33:11.313,08:33:11,70.08983199999994,27.696285000000014
4574,369192.648,Flight4_cam1-002-000323-0,7211720.407660264,328062.2643623211,663.6027221679688,HlangwineEP,2020-01-22,2020-01-23 08:33:12.648,08:33:12,70.08627200000004,27.69702666666666
4575,369194.65,Flight4_cam1-002-000324-0,7211733.557457768,328053.3492331146,663.8118896484375,HlangwineEP,2020-01-22,2020-01-23 08:33:14.650,08:33:14,70.08093333333328,27.698138888888902
4576,369196.652,Flight4_cam1-002-000325-0,7211746.764654524,328044.5352715296,664.0469970703125,HlangwineEP,2020-01-22,2020-01-23 08:33:16.652,08:33:16,70.07559466666666,27.699251111111113
4577,369199.321,Flight4_cam1-002-000326-0,7211764.641929853,328032.48968400434,664.371826171875,HlangwineEP,2020-01-22,2020-01-23 08:33:19.321,08:33:19,70.06847733333335,27.700733888888887
4578,369200.656,Flight4_cam1-002-000327-0,7211773.008210197,328026.7954853883,664.5228881835938,HlangwineEP,2020-01-22,2020-01-23 08:33:20.656,08:33:20,70.06491733333328,27.701475555555565
4579,369202.658,Flight4_cam1-002-000328-0,7211786.697138682,328017.5385391386,664.798583984375,HlangwineEP,2020-01-22,2020-01-23 08:33:22.658,08:33:22,70.05957866666668,27.702587777777776
4580,369204.66,Flight4_cam1-002-000329-0,7211799.953911363,328008.62264995056,665.0941162109375,HlangwineEP,2020-01-22,2020-01-23 08:33:24.660,08:33:24,70.05424000000006,27.703699999999987
4581,369207.329,Flight4_cam1-002-000330-0,7211817.754594386,327996.592242761,665.392333984375,HlangwineEP,2020-01-22,2020-01-23 08:33:27.329,08:33:27,70.0471226666666,27.705182777777793
4582,369208.664,Flight4_cam1-002-000331-0,7211826.193435761,327990.86778145767,665.568115234375,HlangwineEP,2020-01-22,2020-01-23 08:33:28.664,08:33:28,70.0435626666667,27.705924444444438
4583,369210.666,Flight4_cam1-002-000332-0,7211839.836252223,327981.68311849213,665.8651733398438,HlangwineEP,2020-01-22,2020-01-23 08:33:30.666,08:33:30,70.03822399999993,27.70703666666668
4584,369212.668,Flight4_cam1-002-000333-0,7211852.979663862,327972.825681363,666.222900390625,HlangwineEP,2020-01-22,2020-01-23 08:33:32.668,08:33:32,70.03288533333333,27.708148888888893
4585,369214.803,Flight4_cam1-002-000334-0,7211867.240740397,327963.2614397757,666.5429077148438,HlangwineEP,2020-01-22,2020-01-23 08:33:34.803,08:33:34,70.02719199999996,27.709335000000006
4586,369217.206,Flight4_cam1-002-000335-0,7211883.016342312,327952.62256675144,666.9263916015625,HlangwineEP,2020-01-22,2020-01-23 08:33:37.206,08:33:37,70.02078399999999,27.710670000000004
4587,369218.674,Flight4_cam1-002-000336-0,7211892.481511409,327946.2634979719,667.1754760742188,HlangwineEP,2020-01-22,2020-01-23 08:33:38.674,08:33:38,70.01686933333333,27.711485555555555
4588,369220.676,Flight4_cam1-002-000337-0,7211906.167166356,327937.1226997681,667.5640869140625,HlangwineEP,2020-01-22,2020-01-23 08:33:40.676,08:33:40,70.01153066666673,27.712597777777766
4589,369222.678,Flight4_cam1-002-000338-0,7211919.378730978,327928.24397790164,667.9716796875,HlangwineEP,2020-01-22,2020-01-23 08:33:42.678,08:33:42,70.00619199999996,27.713710000000006
4590,369225.347,Flight4_cam1-002-000339-0,7211937.272922371,327916.1287904611,668.5772705078125,HlangwineEP,2020-01-22,2020-01-23 08:33:45.347,08:33:45,69.99907466666664,27.715192777777784
4591,369226.682,Flight4_cam1-002-000340-0,7211945.722379486,327910.46965474286,668.847412109375,HlangwineEP,2020-01-22,2020-01-23 08:33:46.682,08:33:46,69.99551466666674,27.71593444444443
4592,369228.684,Flight4_cam1-002-000341-0,7211959.489292266,327901.3071836553,669.3020629882812,HlangwineEP,2020-01-22,2020-01-23 08:33:48.684,08:33:48,69.99017599999998,27.717046666666672
4593,369230.686,Flight4_cam1-002-000342-0,7211972.557990549,327892.40704359504,669.7540283203125,HlangwineEP,2020-01-22,2020-01-23 08:33:50.686,08:33:50,69.98483733333337,27.71815888888888
4594,369232.688,Flight4_cam1-002-000343-0,7211985.651508435,327883.53872451594,670.2645263671875,HlangwineEP,2020-01-22,2020-01-23 08:33:52.688,08:33:52,69.9794986666666,27.719271111111123
4595,369235.223,Flight4_cam1-002-000344-0,7212002.477436224,327872.1925787474,670.9644775390625,HlangwineEP,2020-01-22,2020-01-23 08:33:55.223,08:33:55,69.97273866666667,27.720679444444443
4596,369236.692,Flight4_cam1-002-000345-0,7212012.55835375,327865.46668387356,671.3414306640625,HlangwineEP,2020-01-22,2020-01-23 08:33:56.692,08:33:56,69.96882133333338,27.721495555555546
4597,369238.694,Flight4_cam1-002-000346-0,7212025.713139543,327856.50922090793,671.927001953125,HlangwineEP,2020-01-22,2020-01-23 08:33:58.694,08:33:58,69.96348266666662,27.72260777777779
4598,369240.696,Flight4_cam1-002-000347-0,7212038.900947654,327847.75275806186,672.5216064453125,HlangwineEP,2020-01-22,2020-01-23 08:34:00.696,08:34:00,69.958144,27.723719999999997
4599,369243.365,Flight4_cam1-002-000348-0,7212056.796504153,327835.71202187455,673.3053588867188,HlangwineEP,2020-01-22,2020-01-23 08:34:03.365,08:34:03,69.95102666666669,27.725202777777774
4600,369244.7,Flight4_cam1-002-000349-0,7212065.179502981,327830.0026692757,673.6822509765625,HlangwineEP,2020-01-22,2020-01-23 08:34:04.700,08:34:04,69.94746666666664,27.72594444444445
4601,369246.702,Flight4_cam1-002-000350-0,7212078.803952929,327820.78001185623,674.2908325195312,HlangwineEP,2020-01-22,2020-01-23 08:34:06.702,08:34:06,69.94212800000003,27.727056666666662
4602,369248.704,Flight4_cam1-002-000351-0,7212092.007834224,327811.9453939691,674.8533325195312,HlangwineEP,2020-01-22,2020-01-23 08:34:08.704,08:34:08,69.93678933333327,27.728168888888902
4603,369251.373,Flight4_cam1-002-000352-0,7212109.898856435,327799.94561641954,675.6506958007812,HlangwineEP,2020-01-22,2020-01-23 08:34:11.373,08:34:11,69.92967199999994,27.72965166666668
4604,369252.707,Flight4_cam1-002-000353-0,7212118.327680068,327794.31286769774,675.9545288085938,HlangwineEP,2020-01-22,2020-01-23 08:34:12.707,08:34:12,69.92611466666668,27.730392777777773
4605,369254.709,Flight4_cam1-002-000354-0,7212131.936723597,327785.09990299464,676.5055541992188,HlangwineEP,2020-01-22,2020-01-23 08:34:14.709,08:34:14,69.92077600000007,27.731504999999984
4606,369256.711,Flight4_cam1-002-000355-0,7212145.038308676,327776.1718696477,676.9503784179688,HlangwineEP,2020-01-22,2020-01-23 08:34:16.711,08:34:16,69.9154373333333,27.732617222222228
4607,369258.713,Flight4_cam1-002-000356-0,7212158.170895595,327767.28594777803,677.3897094726562,HlangwineEP,2020-01-22,2020-01-23 08:34:18.713,08:34:18,69.9100986666667,27.73372944444444
4608,369261.249,Flight4_cam1-002-000357-0,7212175.051254445,327756.0822678263,677.8278198242188,HlangwineEP,2020-01-22,2020-01-23 08:34:21.249,08:34:21,69.90333599999997,27.73513833333334
4609,369262.717,Flight4_cam1-002-000358-0,7212184.693489835,327749.723619702,678.0322265625,HlangwineEP,2020-01-22,2020-01-23 08:34:22.717,08:34:22,69.89942133333332,27.73595388888889
4610,369264.719,Flight4_cam1-002-000359-0,7212198.339963159,327740.47257297626,678.352294921875,HlangwineEP,2020-01-22,2020-01-23 08:34:24.719,08:34:24,69.89408266666672,27.7370661111111
4611,369266.721,Flight4_cam1-002-000360-0,7212211.445670895,327731.4755270055,678.5241088867188,HlangwineEP,2020-01-22,2020-01-23 08:34:26.721,08:34:26,69.88874399999995,27.738178333333344
4612,369269.257,Flight4_cam1-002-000361-0,7212228.288579827,327720.1686054752,678.7274780273438,HlangwineEP,2020-01-22,2020-01-23 08:34:29.257,08:34:29,69.88198133333339,27.739587222222212
4613,369270.725,Flight4_cam1-002-000362-0,7212237.821405553,327713.8094829642,678.7977294921875,HlangwineEP,2020-01-22,2020-01-23 08:34:30.725,08:34:30,69.87806666666673,27.740402777777764
4614,369272.727,Flight4_cam1-002-000363-0,7212251.542837866,327704.5892356093,678.904296875,HlangwineEP,2020-01-22,2020-01-23 08:34:32.727,08:34:32,69.87272799999997,27.741515000000007
4615,369274.729,Flight4_cam1-002-000364-0,7212264.7178777205,327695.70651850814,678.9898681640625,HlangwineEP,2020-01-22,2020-01-23 08:34:34.729,08:34:34,69.86738933333335,27.742627222222218
4616,369277.265,Flight4_cam1-002-000365-0,7212281.553976959,327684.3765447553,679.008544921875,HlangwineEP,2020-01-22,2020-01-23 08:34:37.265,08:34:37,69.86062666666663,27.744036111111118
4617,369278.733,Flight4_cam1-002-000366-0,7212290.986895693,327677.94663817855,679.024169921875,HlangwineEP,2020-01-22,2020-01-23 08:34:38.733,08:34:38,69.85671199999999,27.74485166666667
4618,369280.735,Flight4_cam1-002-000367-0,7212304.08503911,327669.0775969649,678.92578125,HlangwineEP,2020-01-22,2020-01-23 08:34:40.735,08:34:40,69.85137333333337,27.74596388888888
4619,369282.737,Flight4_cam1-002-000368-0,7212317.725989662,327659.8860413033,678.8484497070312,HlangwineEP,2020-01-22,2020-01-23 08:34:42.737,08:34:42,69.84603466666661,27.747076111111124
4620,369285.407,Flight4_cam1-002-000369-0,7212335.128173592,327648.1742984084,678.7957153320312,HlangwineEP,2020-01-22,2020-01-23 08:34:45.407,08:34:45,69.83891466666665,27.74855944444445
4621,369286.741,Flight4_cam1-002-000370-0,7212344.158330116,327642.1290171272,678.7584838867188,HlangwineEP,2020-01-22,2020-01-23 08:34:46.741,08:34:46,69.83535733333339,27.749300555555543
4622,369288.743,Flight4_cam1-002-000371-0,7212357.288724255,327633.2651817036,678.65771484375,HlangwineEP,2020-01-22,2020-01-23 08:34:48.743,08:34:48,69.83001866666662,27.750412777777786
4623,369290.745,Flight4_cam1-002-000372-0,7212370.893855156,327623.9578462542,678.6249389648438,HlangwineEP,2020-01-22,2020-01-23 08:34:50.745,08:34:50,69.82468000000001,27.751524999999997
4624,369292.747,Flight4_cam1-002-000373-0,7212384.020493542,327615.0874062433,678.5833740234375,HlangwineEP,2020-01-22,2020-01-23 08:34:52.747,08:34:52,69.8193413333334,27.75263722222221
4625,369295.283,Flight4_cam1-002-000374-0,7212400.897443738,327603.683456632,678.5302124023438,HlangwineEP,2020-01-22,2020-01-23 08:34:55.283,08:34:55,69.81257866666668,27.75404611111111
4626,369296.618,Flight4_cam1-002-000375-0,7212409.890659265,327597.6771460185,678.51708984375,HlangwineEP,2020-01-22,2020-01-23 08:34:56.618,08:34:56,69.80901866666662,27.754787777777786
4627,369298.62,Flight4_cam1-002-000376-0,7212423.043161455,327588.89006110514,678.4743041992188,HlangwineEP,2020-01-22,2020-01-23 08:34:58.620,08:34:58,69.80368000000001,27.755899999999997
4628,369300.622,Flight4_cam1-002-000377-0,7212436.239867311,327580.0344147718,678.4692993164062,HlangwineEP,2020-01-22,2020-01-23 08:35:00.622,08:35:00,69.7983413333334,27.757012222222208
4629,369303.291,Flight4_cam1-002-000378-0,7212454.127276569,327567.9003416194,678.478515625,HlangwineEP,2020-01-22,2020-01-23 08:35:03.291,08:35:03,69.79122399999993,27.758495000000014
4630,369304.626,Flight4_cam1-002-000379-0,7212462.5581291,327562.243858677,678.4022827148438,HlangwineEP,2020-01-22,2020-01-23 08:35:04.626,08:35:04,69.78766400000004,27.75923666666666
4631,369306.628,Flight4_cam1-002-000380-0,7212476.239786695,327552.97472487495,678.1904296875,HlangwineEP,2020-01-22,2020-01-23 08:35:06.628,08:35:06,69.78232533333326,27.760348888888903
4632,369308.63,Flight4_cam1-002-000381-0,7212489.39842983,327544.2100683802,677.7683715820312,HlangwineEP,2020-01-22,2020-01-23 08:35:08.630,08:35:08,69.77698666666666,27.761461111111114
4633,369311.299,Flight4_cam1-002-000382-0,7212505.946806453,327542.3265429684,676.884033203125,HlangwineEP,2020-01-22,2020-01-23 08:35:11.299,08:35:11,69.76986933333333,27.762943888888888
4634,369314.902,Flight4_cam1-002-000383-0,7212522.379021753,327564.60307483637,674.9586181640625,HlangwineEP,2020-01-22,2020-01-23 08:35:14.902,08:35:14,69.76026133333333,27.764945555555556
4635,369316.638,Flight4_cam1-002-000384-0,7212530.25432419,327574.8742179319,674.0303344726562,HlangwineEP,2020-01-22,2020-01-23 08:35:16.638,08:35:16,69.75563200000006,27.765909999999987
4636,369318.64,Flight4_cam1-002-000385-0,7212539.178829752,327585.6651297482,672.9969482421875,HlangwineEP,2020-01-22,2020-01-23 08:35:18.640,08:35:18,69.7502933333333,27.76702222222223
4637,369320.642,Flight4_cam1-002-000386-0,7212546.803133156,327598.46358016017,672.0687866210938,HlangwineEP,2020-01-22,2020-01-23 08:35:20.642,08:35:20,69.74495466666669,27.768134444444442
4638,369323.311,Flight4_cam1-002-000387-0,7212544.535524659,327619.19831924717,671.31201171875,HlangwineEP,2020-01-22,2020-01-23 08:35:23.311,08:35:23,69.73783733333337,27.769617222222216
4639,369324.645,Flight4_cam1-002-000388-0,7212537.29320761,327626.98220040364,671.3492431640625,HlangwineEP,2020-01-22,2020-01-23 08:35:24.645,08:35:24,69.73427999999996,27.770358333333345
4640,369326.647,Flight4_cam1-002-000389-0,7212524.219804423,327635.16885638074,671.6869506835938,HlangwineEP,2020-01-22,2020-01-23 08:35:26.647,08:35:26,69.72894133333334,27.771470555555553
4641,369328.649,Flight4_cam1-002-000390-0,7212512.516462161,327642.47174499085,671.990478515625,HlangwineEP,2020-01-22,2020-01-23 08:35:28.649,08:35:28,69.72360266666674,27.772582777777764
4642,369330.785,Flight4_cam1-002-000391-0,7212500.514474532,327650.5095016421,672.3964233398438,HlangwineEP,2020-01-22,2020-01-23 08:35:30.785,08:35:30,69.71790666666674,27.77376944444443
4643,369333.187,Flight4_cam1-002-000392-0,7212486.640577335,327660.18182191765,672.8073120117188,HlangwineEP,2020-01-22,2020-01-23 08:35:33.187,08:35:33,69.7115013333334,27.775103888888875
4644,369334.655,Flight4_cam1-002-000393-0,7212477.166686812,327666.7585450888,673.103515625,HlangwineEP,2020-01-22,2020-01-23 08:35:34.655,08:35:34,69.70758666666659,27.77591944444446
4645,369336.657,Flight4_cam1-002-000394-0,7212464.2416085005,327675.55055662995,673.5079345703125,HlangwineEP,2020-01-22,2020-01-23 08:35:36.657,08:35:36,69.70224799999998,27.77703166666667
4646,369338.659,Flight4_cam1-002-000395-0,7212451.236279494,327684.39702640416,673.9090576171875,HlangwineEP,2020-01-22,2020-01-23 08:35:38.659,08:35:38,69.69690933333337,27.77814388888888
4647,369341.329,Flight4_cam1-002-000396-0,7212433.555098496,327696.4481866643,674.44775390625,HlangwineEP,2020-01-22,2020-01-23 08:35:41.329,08:35:41,69.68978933333327,27.77962722222224
4648,369342.663,Flight4_cam1-002-000397-0,7212424.645027643,327702.47396985476,674.7206420898438,HlangwineEP,2020-01-22,2020-01-23 08:35:42.663,08:35:42,69.686232,27.780368333333335
4649,369344.665,Flight4_cam1-002-000398-0,7212411.544416563,327711.37820756226,675.0703735351562,HlangwineEP,2020-01-22,2020-01-23 08:35:44.665,08:35:44,69.68089333333339,27.781480555555543
4650,369346.667,Flight4_cam1-002-000399-0,7212398.5275673475,327720.3582754489,675.4672241210938,HlangwineEP,2020-01-22,2020-01-23 08:35:46.667,08:35:46,69.67555466666663,27.782592777777786
4651,369348.803,Flight4_cam1-002-000400-0,7212384.300580867,327729.909908222,675.8934326171875,HlangwineEP,2020-01-22,2020-01-23 08:35:48.803,08:35:48,69.66985866666663,27.783779444444452
4652,369351.205,Flight4_cam1-002-000401-0,7212368.570337269,327740.5549131075,676.327392578125,HlangwineEP,2020-01-22,2020-01-23 08:35:51.205,08:35:51,69.6634533333333,27.785113888888898
4653,369352.673,Flight4_cam1-002-000402-0,7212358.626538447,327747.23653348896,676.5303955078125,HlangwineEP,2020-01-22,2020-01-23 08:35:52.673,08:35:52,69.65953866666663,27.78592944444445
4654,369354.675,Flight4_cam1-002-000403-0,7212345.579834875,327756.1390032081,676.7577514648438,HlangwineEP,2020-01-22,2020-01-23 08:35:54.675,08:35:54,69.65420000000003,27.78704166666666
4655,369356.677,Flight4_cam1-002-000404-0,7212332.40081191,327764.89865163236,677.0260009765625,HlangwineEP,2020-01-22,2020-01-23 08:35:56.677,08:35:56,69.64886133333327,27.788153888888903
4656,369359.347,Flight4_cam1-002-000405-0,7212314.522665208,327776.938227725,677.1898193359375,HlangwineEP,2020-01-22,2020-01-23 08:35:59.347,08:35:59,69.64174133333331,27.789637222222225
4657,369360.681,Flight4_cam1-002-000406-0,7212305.573240024,327783.05403442495,677.22900390625,HlangwineEP,2020-01-22,2020-01-23 08:36:00.681,08:36:00,69.63818400000005,27.790378333333322
4658,369362.683,Flight4_cam1-002-000407-0,7212292.438946352,327791.9824967444,677.1800537109375,HlangwineEP,2020-01-22,2020-01-23 08:36:02.683,08:36:02,69.63284533333328,27.791490555555566
4659,369364.685,Flight4_cam1-002-000408-0,7212279.247360915,327800.7620682416,677.1392822265625,HlangwineEP,2020-01-22,2020-01-23 08:36:04.685,08:36:04,69.62750666666668,27.792602777777777
4660,369367.354,Flight4_cam1-002-000409-0,7212261.388371856,327812.6928780456,677.027099609375,HlangwineEP,2020-01-22,2020-01-23 08:36:07.354,08:36:07,69.62038933333335,27.79408555555555
4661,369368.689,Flight4_cam1-002-000410-0,7212252.349684149,327818.7526138665,676.9019775390625,HlangwineEP,2020-01-22,2020-01-23 08:36:08.689,08:36:08,69.6168293333333,27.794827222222228
4662,369370.691,Flight4_cam1-002-000411-0,7212239.2332239635,327827.68879183504,676.6006469726562,HlangwineEP,2020-01-22,2020-01-23 08:36:10.691,08:36:10,69.61149066666668,27.79593944444444
4663,369372.693,Flight4_cam1-002-000412-0,7212226.126684703,327836.6510589976,676.333740234375,HlangwineEP,2020-01-22,2020-01-23 08:36:12.693,08:36:12,69.60615199999992,27.797051666666682
4664,369374.695,Flight4_cam1-002-000413-0,7212212.9422029685,327845.5853302484,675.951171875,HlangwineEP,2020-01-22,2020-01-23 08:36:14.695,08:36:14,69.60081333333332,27.798163888888894
4665,369377.231,Flight4_cam1-002-000414-0,7212196.210767127,327856.853882528,675.3785400390625,HlangwineEP,2020-01-22,2020-01-23 08:36:17.231,08:36:17,69.59405066666659,27.799572777777794
4666,369378.699,Flight4_cam1-002-000415-0,7212186.086521544,327863.50310167455,675.0487060546875,HlangwineEP,2020-01-22,2020-01-23 08:36:18.699,08:36:18,69.59013599999994,27.800388333333345
4667,369380.701,Flight4_cam1-002-000416-0,7212172.856083689,327872.29626974126,674.541748046875,HlangwineEP,2020-01-22,2020-01-23 08:36:20.701,08:36:20,69.58479733333333,27.801500555555556
4668,369382.703,Flight4_cam1-002-000417-0,7212159.790870114,327881.1644477144,674.0588989257812,HlangwineEP,2020-01-22,2020-01-23 08:36:22.703,08:36:22,69.57945866666672,27.802612777777767
4669,369385.372,Flight4_cam1-002-000418-0,7212141.987809155,327893.1714478163,673.392822265625,HlangwineEP,2020-01-22,2020-01-23 08:36:25.372,08:36:25,69.5723413333334,27.80409555555554
4670,369386.707,Flight4_cam1-002-000419-0,7212133.020476978,327899.19411959336,673.1083374023438,HlangwineEP,2020-01-22,2020-01-23 08:36:26.707,08:36:26,69.56878133333335,27.80483722222222
4671,369388.709,Flight4_cam1-002-000420-0,7212119.747544993,327908.0862337939,672.717041015625,HlangwineEP,2020-01-22,2020-01-23 08:36:28.709,08:36:28,69.56344266666673,27.80594944444443
4672,369390.711,Flight4_cam1-002-000421-0,7212106.656837615,327916.8716839885,672.1952514648438,HlangwineEP,2020-01-22,2020-01-23 08:36:30.711,08:36:30,69.55810399999997,27.807061666666673
4673,369392.713,Flight4_cam1-002-000422-0,7212093.508236727,327925.66868099215,671.7504272460938,HlangwineEP,2020-01-22,2020-01-23 08:36:32.713,08:36:32,69.55276533333337,27.80817388888888
4674,369395.249,Flight4_cam1-002-000423-0,7212076.716918171,327936.97629770916,671.2410278320312,HlangwineEP,2020-01-22,2020-01-23 08:36:35.249,08:36:35,69.54600266666664,27.809582777777784
4675,369396.717,Flight4_cam1-002-000424-0,7212066.841960289,327943.70240695373,670.9515380859375,HlangwineEP,2020-01-22,2020-01-23 08:36:36.717,08:36:36,69.54208799999999,27.810398333333335
4676,369398.719,Flight4_cam1-002-000425-0,7212053.630597327,327952.4967932163,670.5468139648438,HlangwineEP,2020-01-22,2020-01-23 08:36:38.719,08:36:38,69.53674933333338,27.811510555555547
4677,369400.721,Flight4_cam1-002-000426-0,7212040.420527867,327961.4025674273,670.2279052734375,HlangwineEP,2020-01-22,2020-01-23 08:36:40.721,08:36:40,69.53141066666662,27.81262277777779
4678,369403.257,Flight4_cam1-002-000427-0,7212023.650183188,327972.7736840711,669.89697265625,HlangwineEP,2020-01-22,2020-01-23 08:36:43.257,08:36:43,69.52464800000004,27.814031666666658
4679,369404.725,Flight4_cam1-002-000428-0,7212013.538515667,327979.4307213101,669.7230224609375,HlangwineEP,2020-01-22,2020-01-23 08:36:44.725,08:36:44,69.5207333333334,27.81484722222221
4680,369406.727,Flight4_cam1-002-000429-0,7212000.338982873,327988.510949703,669.4390258789062,HlangwineEP,2020-01-22,2020-01-23 08:36:46.727,08:36:46,69.51539466666664,27.815959444444452
4681,369408.729,Flight4_cam1-002-000430-0,7211987.268685298,327997.38068093784,669.200439453125,HlangwineEP,2020-01-22,2020-01-23 08:36:48.729,08:36:48,69.51005600000002,27.817071666666664
4682,369410.731,Flight4_cam1-002-000431-0,7211974.172124206,328006.2539526601,668.9553833007812,HlangwineEP,2020-01-22,2020-01-23 08:36:50.731,08:36:50,69.50471733333326,27.818183888888903
4683,369413.267,Flight4_cam1-002-000432-0,7211959.176934227,328016.48954320716,668.9039306640625,HlangwineEP,2020-01-22,2020-01-23 08:36:53.267,08:36:53,69.49795466666669,27.819592777777775
4684,369414.735,Flight4_cam1-002-000433-0,7211952.8692597635,328021.0872152122,668.700439453125,HlangwineEP,2020-01-22,2020-01-23 08:36:54.735,08:36:54,69.49404000000004,27.820408333333326
4685,369418.739,Flight4_cam1-002-000434-0,7211917.871928878,328028.1207593384,667.8533325195312,HlangwineEP,2020-01-22,2020-01-23 08:36:58.739,08:36:58,69.48336266666666,27.822632777777777
4686,369421.275,Flight4_cam1-002-000435-0,7211899.4747356735,328020.73272352153,667.4071044921875,HlangwineEP,2020-01-22,2020-01-23 08:37:01.275,08:37:01,69.47659999999993,27.82404166666668
4687,369422.743,Flight4_cam1-002-000436-0,7211890.562948171,328011.732980681,667.199462890625,HlangwineEP,2020-01-22,2020-01-23 08:37:02.743,08:37:02,69.47268533333329,27.82485722222223
4688,369424.745,Flight4_cam1-002-000437-0,7211879.547006063,327996.6385210295,667.2225341796875,HlangwineEP,2020-01-22,2020-01-23 08:37:04.745,08:37:04,69.46734666666669,27.825969444444443
4689,369426.747,Flight4_cam1-002-000438-0,7211867.256085362,327979.5106940299,667.3292236328125,HlangwineEP,2020-01-22,2020-01-23 08:37:06.747,08:37:06,69.46200800000007,27.82708166666665
4690,369428.749,Flight4_cam1-002-000439-0,7211852.210496195,327963.02499229775,667.33544921875,HlangwineEP,2020-01-22,2020-01-23 08:37:08.749,08:37:08,69.45666933333331,27.828193888888894
4691,369431.151,Flight4_cam1-002-000440-0,7211831.868121242,327942.07381450443,666.8117065429688,HlangwineEP,2020-01-22,2020-01-23 08:37:11.151,08:37:11,69.45026399999996,27.82952833333334
4692,369432.619,Flight4_cam1-002-000441-0,7211819.382123382,327929.5502826689,664.6708374023438,HlangwineEP,2020-01-22,2020-01-23 08:37:12.619,08:37:12,69.44634933333332,27.83034388888889
4693,369434.621,Flight4_cam1-002-000442-0,7211802.347267259,327912.80294440506,660.7095947265625,HlangwineEP,2020-01-22,2020-01-23 08:37:14.621,08:37:14,69.44101066666671,27.831456111111102
4694,369436.623,Flight4_cam1-002-000443-0,7211784.578553814,327895.7266057021,656.236083984375,HlangwineEP,2020-01-22,2020-01-23 08:37:16.623,08:37:16,69.43567199999994,27.832568333333345
4695,369439.292,Flight4_cam1-002-000444-0,7211761.973086242,327873.91154055216,650.828369140625,HlangwineEP,2020-01-22,2020-01-23 08:37:19.292,08:37:19,69.42855466666663,27.83405111111112
4696,369440.627,Flight4_cam1-002-000445-0,7211750.419751931,327862.74415444175,648.1998901367188,HlangwineEP,2020-01-22,2020-01-23 08:37:20.627,08:37:20,69.42499466666672,27.834792777777764
4697,369442.629,Flight4_cam1-002-000446-0,7211733.616445022,327846.42796234647,644.0482788085938,HlangwineEP,2020-01-22,2020-01-23 08:37:22.629,08:37:22,69.41965599999996,27.835905000000007
4698,369444.631,Flight4_cam1-002-000447-0,7211716.604079531,327830.15054766275,639.9126586914062,HlangwineEP,2020-01-22,2020-01-23 08:37:24.631,08:37:24,69.41431733333334,27.83701722222222
4699,369447.3,Flight4_cam1-002-000448-0,7211696.202864958,327810.5392839038,634.8289184570312,HlangwineEP,2020-01-22,2020-01-23 08:37:27.300,08:37:27,69.40720000000003,27.838499999999993
4700,369448.635,Flight4_cam1-002-000449-0,7211686.141775904,327800.7401749825,632.1243896484375,HlangwineEP,2020-01-22,2020-01-23 08:37:28.635,08:37:28,69.40363999999998,27.839241666666673
4701,369450.637,Flight4_cam1-002-000450-0,7211672.313403638,327786.73389010376,628.2698364257812,HlangwineEP,2020-01-22,2020-01-23 08:37:30.637,08:37:30,69.39830133333336,27.84035388888888
4702,369452.639,Flight4_cam1-002-000451-0,7211660.472555556,327771.86306768056,624.7793579101562,HlangwineEP,2020-01-22,2020-01-23 08:37:32.639,08:37:32,69.3929626666666,27.841466111111124
4703,369454.775,Flight4_cam1-002-000452-0,7211648.492323143,327754.7262022563,621.3391723632812,HlangwineEP,2020-01-22,2020-01-23 08:37:34.775,08:37:34,69.3872666666666,27.84265277777779
4704,369457.177,Flight4_cam1-002-000453-0,7211635.014865674,327734.83812380524,618.1874389648438,HlangwineEP,2020-01-22,2020-01-23 08:37:37.177,08:37:37,69.38086133333327,27.843987222222236
4705,369458.645,Flight4_cam1-002-000454-0,7211626.823242884,327723.3309264382,616.6194458007812,HlangwineEP,2020-01-22,2020-01-23 08:37:38.645,08:37:38,69.37694666666661,27.844802777777787
4706,369460.647,Flight4_cam1-002-000455-0,7211617.209632471,327712.0225744068,614.0261840820312,HlangwineEP,2020-01-22,2020-01-23 08:37:40.647,08:37:40,69.37160800000001,27.845914999999998
4707,369462.649,Flight4_cam1-002-000456-0,7211612.28827961,327711.54131928814,610.5611572265625,HlangwineEP,2020-01-22,2020-01-23 08:37:42.649,08:37:42,69.36626933333339,27.84702722222221
4708,369465.318,Flight4_cam1-002-000457-0,7211608.027779918,327716.16950152046,604.9974365234375,HlangwineEP,2020-01-22,2020-01-23 08:37:45.318,08:37:45,69.35915199999992,27.848510000000015
4709,369466.653,Flight4_cam1-002-000458-0,7211606.773815331,327718.25480068487,602.0796508789062,HlangwineEP,2020-01-22,2020-01-23 08:37:46.653,08:37:46,69.35559200000003,27.84925166666666
4710,369826.743,Flight4_cam1-003-000000-0,7211609.223018897,327735.7482492297,574.2764892578125,HlangwineEP,2020-01-22,2020-01-23 08:43:46.743,08:43:46,68.39535199999996,28.049301666666675
4711,369828.078,Flight4_cam1-003-000001-0,7211609.223018897,327735.7482492297,574.2764892578125,HlangwineEP,2020-01-22,2020-01-23 08:43:48.078,08:43:48,68.39179200000005,28.05004333333332
4712,369830.08,Flight4_cam1-003-000002-0,7211609.223018897,327735.7482492297,574.2764892578125,HlangwineEP,2020-01-22,2020-01-23 08:43:50.080,08:43:50,68.3864533333333,28.051155555555564
4713,369832.082,Flight4_cam1-003-000003-0,7211609.223018897,327735.7482492297,574.2764892578125,HlangwineEP,2020-01-22,2020-01-23 08:43:52.082,08:43:52,68.38111466666668,28.052267777777775
4714,369834.751,Flight4_cam1-003-000004-0,7211609.223018897,327735.7482492297,574.2764892578125,HlangwineEP,2020-01-22,2020-01-23 08:43:54.751,08:43:54,68.37399733333336,28.05375055555555
4715,369836.086,Flight4_cam1-003-000005-0,7211609.223018897,327735.7482492297,574.2764892578125,HlangwineEP,2020-01-22,2020-01-23 08:43:56.086,08:43:56,68.3704373333333,28.054492222222226
4716,369838.088,Flight4_cam1-003-000006-0,7211609.223018897,327735.7482492297,574.2764892578125,HlangwineEP,2020-01-22,2020-01-23 08:43:58.088,08:43:58,68.3650986666667,28.055604444444437
4717,369840.09,Flight4_cam1-003-000007-0,7211609.223018897,327735.7482492297,574.2764892578125,HlangwineEP,2020-01-22,2020-01-23 08:44:00.090,08:44:00,68.35975999999994,28.05671666666668
4718,369842.092,Flight4_cam1-003-000008-0,7211609.223018897,327735.7482492297,574.2764892578125,HlangwineEP,2020-01-22,2020-01-23 08:44:02.092,08:44:02,68.35442133333332,28.057828888888892
4719,369844.494,Flight4_cam1-003-000009-0,7211609.223018897,327735.7482492297,574.2764892578125,HlangwineEP,2020-01-22,2020-01-23 08:44:04.494,08:44:04,68.34801599999999,28.059163333333338
4720,369846.096,Flight4_cam1-003-000010-0,7211609.223018897,327735.7482492297,574.2764892578125,HlangwineEP,2020-01-22,2020-01-23 08:44:06.096,08:44:06,68.34374399999994,28.060053333333343
4721,369848.098,Flight4_cam1-003-000011-0,7211609.223018897,327735.7482492297,574.2764892578125,HlangwineEP,2020-01-22,2020-01-23 08:44:08.098,08:44:08,68.33840533333334,28.061165555555554
4722,369850.1,Flight4_cam1-003-000012-0,7211609.223018897,327735.7482492297,574.2764892578125,HlangwineEP,2020-01-22,2020-01-23 08:44:10.100,08:44:10,68.33306666666672,28.062277777777766
4723,369852.636,Flight4_cam1-003-000013-0,7211609.223018897,327735.7482492297,574.2764892578125,HlangwineEP,2020-01-22,2020-01-23 08:44:12.636,08:44:12,68.32630400000001,28.063686666666666
4724,369855.572,Flight4_cam1-003-000014-0,7211609.223018897,327735.7482492297,574.2764892578125,HlangwineEP,2020-01-22,2020-01-23 08:44:15.572,08:44:15,68.3184746666667,28.06531777777777
4725,369856.106,Flight4_cam1-003-000015-0,7211609.223018897,327735.7482492297,574.2764892578125,HlangwineEP,2020-01-22,2020-01-23 08:44:16.106,08:44:16,68.31705066666659,28.06561444444446
4726,369858.108,Flight4_cam1-003-000016-0,7211609.223018897,327735.7482492297,574.2764892578125,HlangwineEP,2020-01-22,2020-01-23 08:44:18.108,08:44:18,68.31171199999999,28.06672666666667
4727,369860.644,Flight4_cam1-003-000017-0,7211609.223018897,327735.7482492297,574.2764892578125,HlangwineEP,2020-01-22,2020-01-23 08:44:20.644,08:44:20,68.30494933333341,28.06813555555554
4728,369862.646,Flight4_cam1-003-000018-0,7211609.223018897,327735.7482492297,574.2764892578125,HlangwineEP,2020-01-22,2020-01-23 08:44:22.646,08:44:22,68.29961066666664,28.069247777777782
4729,369864.114,Flight4_cam1-003-000019-0,7211609.223018897,327735.7482492297,574.2764892578125,HlangwineEP,2020-01-22,2020-01-23 08:44:24.114,08:44:24,68.29569599999999,28.070063333333334
4730,369866.116,Flight4_cam1-003-000020-0,7211609.223018897,327735.7482492297,574.2764892578125,HlangwineEP,2020-01-22,2020-01-23 08:44:26.116,08:44:26,68.29035733333339,28.071175555555545
4731,369868.118,Flight4_cam1-003-000021-0,7211609.223018897,327735.7482492297,574.2764892578125,HlangwineEP,2020-01-22,2020-01-23 08:44:28.118,08:44:28,68.28501866666662,28.072287777777788
4732,369870.52,Flight4_cam1-003-000022-0,7211609.223018897,327735.7482492297,574.2764892578125,HlangwineEP,2020-01-22,2020-01-23 08:44:30.520,08:44:30,68.27861333333328,28.073622222222234
4733,369872.122,Flight4_cam1-003-000023-0,7211609.223018897,327735.7482492297,574.2764892578125,HlangwineEP,2020-01-22,2020-01-23 08:44:32.122,08:44:32,68.2743413333334,28.074512222222207
4734,369874.124,Flight4_cam1-003-000024-0,7211609.223018897,327735.7482492297,574.2764892578125,HlangwineEP,2020-01-22,2020-01-23 08:44:34.124,08:44:34,68.26900266666664,28.07562444444445
4735,369876.126,Flight4_cam1-003-000025-0,7211609.223018897,327735.7482492297,574.2764892578125,HlangwineEP,2020-01-22,2020-01-23 08:44:36.126,08:44:36,68.26366400000003,28.076736666666662
4736,369878.662,Flight4_cam1-003-000026-0,7211609.223018897,327735.7482492297,574.2764892578125,HlangwineEP,2020-01-22,2020-01-23 08:44:38.662,08:44:38,68.2569013333333,28.07814555555556
4737,369880.13,Flight4_cam1-003-000027-0,7211609.223018897,327735.7482492297,574.2764892578125,HlangwineEP,2020-01-22,2020-01-23 08:44:40.130,08:44:40,68.25298666666666,28.078961111111113
4738,369882.132,Flight4_cam1-003-000028-0,7211609.223018897,327735.7482492297,574.2764892578125,HlangwineEP,2020-01-22,2020-01-23 08:44:42.132,08:44:42,68.24764800000004,28.080073333333324
4739,369884.134,Flight4_cam1-003-000029-0,7211609.223018897,327735.7482492297,574.2764892578125,HlangwineEP,2020-01-22,2020-01-23 08:44:44.134,08:44:44,68.24230933333328,28.081185555555567
4740,369886.136,Flight4_cam1-003-000030-0,7211609.223018897,327735.7482492297,574.2764892578125,HlangwineEP,2020-01-22,2020-01-23 08:44:46.136,08:44:46,68.23697066666666,28.082297777777775
4741,369888.538,Flight4_cam1-003-000031-0,7211609.223018897,327735.7482492297,574.2764892578125,HlangwineEP,2020-01-22,2020-01-23 08:44:48.538,08:44:48,68.23056533333333,28.08363222222222
4742,369890.006,Flight4_cam1-003-000032-0,7211609.223018897,327735.7482492297,574.2764892578125,HlangwineEP,2020-01-22,2020-01-23 08:44:50.006,08:44:50,68.22665066666669,28.084447777777775
4743,369892.008,Flight4_cam1-003-000033-0,7211609.223018897,327735.7482492297,574.2764892578125,HlangwineEP,2020-01-22,2020-01-23 08:44:52.008,08:44:52,68.22131200000007,28.085559999999983
4744,369894.01,Flight4_cam1-003-000034-0,7211609.223018897,327735.7482492297,574.2764892578125,HlangwineEP,2020-01-22,2020-01-23 08:44:54.010,08:44:54,68.21597333333331,28.086672222222226
4745,369896.679,Flight4_cam1-003-000035-0,7211609.223018897,327735.7482492297,574.2764892578125,HlangwineEP,2020-01-22,2020-01-23 08:44:56.679,08:44:56,68.20885599999998,28.088155
4746,369898.014,Flight4_cam1-003-000036-0,7211609.223018897,327735.7482492297,574.2764892578125,HlangwineEP,2020-01-22,2020-01-23 08:44:58.014,08:44:58,68.20529599999993,28.08889666666668
4747,369900.016,Flight4_cam1-003-000037-0,7211609.223018897,327735.7482492297,574.2764892578125,HlangwineEP,2020-01-22,2020-01-23 08:45:00.016,08:45:00,68.19995733333332,28.09000888888889
4748,369902.018,Flight4_cam1-003-000038-0,7211609.223018897,327735.7482492297,574.2764892578125,HlangwineEP,2020-01-22,2020-01-23 08:45:02.018,08:45:02,68.19461866666671,28.0911211111111
4749,369904.687,Flight4_cam1-003-000039-0,7211609.223018897,327735.7482492297,574.2764892578125,HlangwineEP,2020-01-22,2020-01-23 08:45:04.687,08:45:04,68.1875013333334,28.092603888888874
4750,369906.022,Flight4_cam1-003-000040-0,7211609.223018897,327735.7482492297,574.2764892578125,HlangwineEP,2020-01-22,2020-01-23 08:45:06.022,08:45:06,68.18394133333334,28.093345555555555
4751,369908.024,Flight4_cam1-003-000041-0,7211609.223018897,327735.7482492297,574.2764892578125,HlangwineEP,2020-01-22,2020-01-23 08:45:08.024,08:45:08,68.17860266666673,28.094457777777762
4752,369910.026,Flight4_cam1-003-000042-0,7211609.223018897,327735.7482492297,574.2764892578125,HlangwineEP,2020-01-22,2020-01-23 08:45:10.026,08:45:10,68.17326399999996,28.095570000000006
4753,369912.695,Flight4_cam1-003-000043-0,7211609.223018897,327735.7482492297,574.2764892578125,HlangwineEP,2020-01-22,2020-01-23 08:45:12.695,08:45:12,68.16614666666665,28.097052777777783
4754,369914.03,Flight4_cam1-003-000044-0,7211609.223018897,327735.7482492297,574.2764892578125,HlangwineEP,2020-01-22,2020-01-23 08:45:14.030,08:45:14,68.16258666666658,28.09779444444446
4755,369916.032,Flight4_cam1-003-000045-0,7211609.223018897,327735.7482492297,574.2764892578125,HlangwineEP,2020-01-22,2020-01-23 08:45:16.032,08:45:16,68.15724799999998,28.09890666666667
4756,369918.034,Flight4_cam1-003-000046-0,7211609.223018897,327735.7482492297,574.2764892578125,HlangwineEP,2020-01-22,2020-01-23 08:45:18.034,08:45:18,68.15190933333338,28.10001888888888
4757,369920.169,Flight4_cam1-003-000047-0,7211609.223018897,327735.7482492297,574.2764892578125,HlangwineEP,2020-01-22,2020-01-23 08:45:20.169,08:45:20,68.14621600000001,28.101204999999997
4758,369922.572,Flight4_cam1-003-000048-0,7211609.223018897,327735.7482492297,574.2764892578125,HlangwineEP,2020-01-22,2020-01-23 08:45:22.572,08:45:22,68.13980800000004,28.10253999999999
4759,369925.108,Flight4_cam1-003-000049-0,7211609.223018897,327735.7482492297,574.2764892578125,HlangwineEP,2020-01-22,2020-01-23 08:45:25.108,08:45:25,68.13304533333331,28.103948888888894
4760,369926.042,Flight4_cam1-003-000050-0,7211609.223018897,327735.7482492297,574.2764892578125,HlangwineEP,2020-01-22,2020-01-23 08:45:26.042,08:45:26,68.13055466666663,28.104467777777785
4761,369928.044,Flight4_cam1-003-000051-0,7211609.223018897,327735.7482492297,574.2764892578125,HlangwineEP,2020-01-22,2020-01-23 08:45:28.044,08:45:28,68.12521600000001,28.105579999999996
4762,369930.046,Flight4_cam1-003-000052-0,7211609.223018897,327735.7482492297,574.2764892578125,HlangwineEP,2020-01-22,2020-01-23 08:45:30.046,08:45:30,68.1198773333334,28.106692222222208
4763,369932.048,Flight4_cam1-003-000053-0,7211609.223018897,327735.7482492297,574.2764892578125,HlangwineEP,2020-01-22,2020-01-23 08:45:32.048,08:45:32,68.11453866666665,28.10780444444445
4764,369934.717,Flight4_cam1-003-000054-0,7211609.223018897,327735.7482492297,574.2764892578125,HlangwineEP,2020-01-22,2020-01-23 08:45:34.717,08:45:34,68.10742133333332,28.109287222222225
4765,369936.052,Flight4_cam1-003-000055-0,7211609.223018897,327735.7482492297,574.2764892578125,HlangwineEP,2020-01-22,2020-01-23 08:45:36.052,08:45:36,68.10386133333327,28.110028888888902
4766,369938.054,Flight4_cam1-003-000056-0,7211609.223018897,327735.7482492297,574.2764892578125,HlangwineEP,2020-01-22,2020-01-23 08:45:38.054,08:45:38,68.09852266666665,28.111141111111113
4767,369940.056,Flight4_cam1-003-000057-0,7211609.223018897,327735.7482492297,574.2764892578125,HlangwineEP,2020-01-22,2020-01-23 08:45:40.056,08:45:40,68.09318400000005,28.112253333333324
4768,369942.058,Flight4_cam1-003-000058-0,7211609.223018897,327735.7482492297,574.2764892578125,HlangwineEP,2020-01-22,2020-01-23 08:45:42.058,08:45:42,68.08784533333328,28.113365555555568
4769,369944.594,Flight4_cam1-003-000059-0,7211609.223018897,327735.7482492297,574.2764892578125,HlangwineEP,2020-01-22,2020-01-23 08:45:44.594,08:45:44,68.08108266666672,28.114774444444436
4770,369946.062,Flight4_cam1-003-000060-0,7211609.223018897,327735.7482492297,574.2764892578125,HlangwineEP,2020-01-22,2020-01-23 08:45:46.062,08:45:46,68.07716800000006,28.115589999999987
4771,369948.064,Flight4_cam1-003-000061-0,7211609.223018897,327735.7482492297,574.2764892578125,HlangwineEP,2020-01-22,2020-01-23 08:45:48.064,08:45:48,68.0718293333333,28.11670222222223
4772,369950.066,Flight4_cam1-003-000062-0,7211609.223018897,327735.7482492297,574.2764892578125,HlangwineEP,2020-01-22,2020-01-23 08:45:50.066,08:45:50,68.06649066666668,28.11781444444444
4773,369952.735,Flight4_cam1-003-000063-0,7211609.223018897,327735.7482492297,574.2764892578125,HlangwineEP,2020-01-22,2020-01-23 08:45:52.735,08:45:52,68.05937333333337,28.119297222222215
4774,369954.07,Flight4_cam1-003-000064-0,7211609.223018897,327735.7482492297,574.2764892578125,HlangwineEP,2020-01-22,2020-01-23 08:45:54.070,08:45:54,68.05581333333332,28.120038888888892
4775,369956.072,Flight4_cam1-003-000065-0,7211609.223018897,327735.7482492297,574.2764892578125,HlangwineEP,2020-01-22,2020-01-23 08:45:56.072,08:45:56,68.0504746666667,28.121151111111104
4776,369958.074,Flight4_cam1-003-000066-0,7211609.223018897,327735.7482492297,574.2764892578125,HlangwineEP,2020-01-22,2020-01-23 08:45:58.074,08:45:58,68.04513599999994,28.122263333333347
4777,369960.076,Flight4_cam1-003-000067-0,7211609.223018897,327735.7482492297,574.2764892578125,HlangwineEP,2020-01-22,2020-01-23 08:46:00.076,08:46:00,68.03979733333333,28.123375555555555
4778,369962.611,Flight4_cam1-003-000068-0,7211609.223018897,327735.7482492297,574.2764892578125,HlangwineEP,2020-01-22,2020-01-23 08:46:02.611,08:46:02,68.0330373333334,28.124783888888874
4779,369964.08,Flight4_cam1-003-000069-0,7211609.223018897,327735.7482492297,574.2764892578125,HlangwineEP,2020-01-22,2020-01-23 08:46:04.080,08:46:04,68.02911999999995,28.12560000000001
4780,369966.082,Flight4_cam1-003-000070-0,7211609.223018897,327735.7482492297,574.2764892578125,HlangwineEP,2020-01-22,2020-01-23 08:46:06.082,08:46:06,68.02378133333335,28.12671222222222
4781,369968.084,Flight4_cam1-003-000071-0,7211609.223018897,327735.7482492297,574.2764892578125,HlangwineEP,2020-01-22,2020-01-23 08:46:08.084,08:46:08,68.01844266666674,28.12782444444443
4782,369970.753,Flight4_cam1-003-000072-0,7211609.223018897,327735.7482492297,574.2764892578125,HlangwineEP,2020-01-22,2020-01-23 08:46:10.753,08:46:10,68.01132533333326,28.129307222222238
4783,369972.088,Flight4_cam1-003-000073-0,7211609.223018897,327735.7482492297,574.2764892578125,HlangwineEP,2020-01-22,2020-01-23 08:46:12.088,08:46:12,68.00776533333337,28.130048888888883
4784,369974.09,Flight4_cam1-003-000074-0,7211609.223018897,327735.7482492297,574.2764892578125,HlangwineEP,2020-01-22,2020-01-23 08:46:14.090,08:46:14,68.0024266666666,28.131161111111126
4785,369976.092,Flight4_cam1-003-000075-0,7211609.223018897,327735.7482492297,574.2764892578125,HlangwineEP,2020-01-22,2020-01-23 08:46:16.092,08:46:16,67.99708799999999,28.132273333333334
4786,369978.093,Flight4_cam1-003-000076-0,7211609.223018897,327735.7482492297,574.2764892578125,HlangwineEP,2020-01-22,2020-01-23 08:46:18.093,08:46:18,67.99175200000002,28.133384999999997
4787,369980.629,Flight4_cam1-003-000077-0,7211609.223018897,327735.7482492297,574.2764892578125,HlangwineEP,2020-01-22,2020-01-23 08:46:20.629,08:46:20,67.98498933333329,28.134793888888897
4788,369982.364,Flight4_cam1-003-000078-0,7211609.223018897,327735.7482492297,574.2764892578125,HlangwineEP,2020-01-22,2020-01-23 08:46:22.364,08:46:22,67.98036266666666,28.13575777777778
4789,369984.099,Flight4_cam1-003-000079-0,7211609.223018897,327735.7482492297,574.2764892578125,HlangwineEP,2020-01-22,2020-01-23 08:46:24.099,08:46:24,67.97573600000003,28.13672166666666
4790,369986.101,Flight4_cam1-003-000080-0,7211609.223018897,327735.7482492297,574.2764892578125,HlangwineEP,2020-01-22,2020-01-23 08:46:26.101,08:46:26,67.97039733333327,28.137833888888903
4791,369988.637,Flight4_cam1-003-000081-0,7211609.223018897,327735.7482492297,574.2764892578125,HlangwineEP,2020-01-22,2020-01-23 08:46:28.637,08:46:28,67.96363466666669,28.13924277777777
4792,369990.105,Flight4_cam1-003-000082-0,7211609.223018897,327735.7482492297,574.2764892578125,HlangwineEP,2020-01-22,2020-01-23 08:46:30.105,08:46:30,67.95972000000005,28.14005833333332
4793,369992.107,Flight4_cam1-003-000083-0,7211609.223018897,327735.7482492297,574.2764892578125,HlangwineEP,2020-01-22,2020-01-23 08:46:32.107,08:46:32,67.95438133333329,28.141170555555565
4794,369994.109,Flight4_cam1-003-000084-0,7211609.223018897,327735.7482492297,574.2764892578125,HlangwineEP,2020-01-22,2020-01-23 08:46:34.109,08:46:34,67.94904266666667,28.142282777777776
4795,369996.645,Flight4_cam1-003-000085-0,7211609.223018897,327735.7482492297,574.2764892578125,HlangwineEP,2020-01-22,2020-01-23 08:46:36.645,08:46:36,67.94227999999995,28.143691666666676
4796,369998.113,Flight4_cam1-003-000086-0,7211609.223018897,327735.7482492297,574.2764892578125,HlangwineEP,2020-01-22,2020-01-23 08:46:38.113,08:46:38,67.9383653333333,28.144507222222227
4797,370000.115,Flight4_cam1-003-000087-0,7211609.223018897,327735.7482492297,574.2764892578125,HlangwineEP,2020-01-22,2020-01-23 08:46:40.115,08:46:40,67.93302666666669,28.14561944444444
4798,370002.117,Flight4_cam1-003-000088-0,7211609.223018897,327735.7482492297,574.2764892578125,HlangwineEP,2020-01-22,2020-01-23 08:46:42.117,08:46:42,67.92768799999993,28.146731666666682
4799,370004.653,Flight4_cam1-003-000089-0,7211609.223018897,327735.7482492297,574.2764892578125,HlangwineEP,2020-01-22,2020-01-23 08:46:44.653,08:46:44,67.92092533333336,28.14814055555555
4800,370006.121,Flight4_cam1-003-000090-0,7211609.223018897,327735.7482492297,574.2764892578125,HlangwineEP,2020-01-22,2020-01-23 08:46:46.121,08:46:46,67.91701066666671,28.1489561111111
4801,370008.123,Flight4_cam1-003-000091-0,7211609.223018897,327735.7482492297,574.2764892578125,HlangwineEP,2020-01-22,2020-01-23 08:46:48.123,08:46:48,67.91167199999994,28.150068333333344
4802,370010.125,Flight4_cam1-003-000092-0,7211609.223018897,327735.7482492297,574.2764892578125,HlangwineEP,2020-01-22,2020-01-23 08:46:50.125,08:46:50,67.90633333333334,28.151180555555555
4803,370012.661,Flight4_cam1-003-000093-0,7211609.223018897,327735.7482492297,574.2764892578125,HlangwineEP,2020-01-22,2020-01-23 08:46:52.661,08:46:52,67.8995706666666,28.152589444444455
4804,370014.129,Flight4_cam1-003-000094-0,7211609.223018897,327735.7482492297,574.2764892578125,HlangwineEP,2020-01-22,2020-01-23 08:46:54.129,08:46:54,67.89565599999996,28.15340500000001
4805,370016.131,Flight4_cam1-003-000095-0,7211609.223018897,327735.7482492297,574.2764892578125,HlangwineEP,2020-01-22,2020-01-23 08:46:56.131,08:46:56,67.89031733333334,28.154517222222218
4806,370018.133,Flight4_cam1-003-000096-0,7211609.223018897,327735.7482492297,574.2764892578125,HlangwineEP,2020-01-22,2020-01-23 08:46:58.133,08:46:58,67.88497866666674,28.15562944444443
4807,370020.135,Flight4_cam1-003-000097-0,7211609.223018897,327735.7482492297,574.2764892578125,HlangwineEP,2020-01-22,2020-01-23 08:47:00.135,08:47:00,67.87963999999997,28.156741666666672
4808,370022.538,Flight4_cam1-003-000098-0,7211609.223018897,327735.7482492297,574.2764892578125,HlangwineEP,2020-01-22,2020-01-23 08:47:02.538,08:47:02,67.873232,28.158076666666666
4809,370024.139,Flight4_cam1-003-000099-0,7211609.223018897,327735.7482492297,574.2764892578125,HlangwineEP,2020-01-22,2020-01-23 08:47:04.139,08:47:04,67.8689626666666,28.158966111111123
4810,370026.008,Flight4_cam1-003-000100-0,7211609.223018897,327735.7482492297,574.2764892578125,HlangwineEP,2020-01-22,2020-01-23 08:47:06.008,08:47:06,67.86397866666674,28.16000444444443
4811,370028.01,Flight4_cam1-003-000101-0,7211609.223018897,327735.7482492297,574.2764892578125,HlangwineEP,2020-01-22,2020-01-23 08:47:08.010,08:47:08,67.85863999999998,28.161116666666672
4812,370030.679,Flight4_cam1-003-000102-0,7211609.223018897,327735.7482492297,574.2764892578125,HlangwineEP,2020-01-22,2020-01-23 08:47:10.679,08:47:10,67.85152266666665,28.162599444444446
4813,370032.548,Flight4_cam1-003-000103-0,7211609.223018897,327735.7482492297,574.2764892578125,HlangwineEP,2020-01-22,2020-01-23 08:47:12.548,08:47:12,67.84653866666665,28.163637777777783
4814,370034.016,Flight4_cam1-003-000104-0,7211609.223018897,327735.7482492297,574.2764892578125,HlangwineEP,2020-01-22,2020-01-23 08:47:14.016,08:47:14,67.84262399999999,28.164453333333334
4815,370036.018,Flight4_cam1-003-000105-0,7211609.223018897,327735.7482492297,574.2764892578125,HlangwineEP,2020-01-22,2020-01-23 08:47:16.018,08:47:16,67.83728533333338,28.165565555555546
4816,370038.687,Flight4_cam1-003-000106-0,7211609.223018897,327735.7482492297,574.2764892578125,HlangwineEP,2020-01-22,2020-01-23 08:47:18.687,08:47:18,67.83016800000006,28.16704833333332
4817,370040.022,Flight4_cam1-003-000107-0,7211609.223018897,327735.7482492297,574.2764892578125,HlangwineEP,2020-01-22,2020-01-23 08:47:20.022,08:47:20,67.82660800000001,28.167789999999997
4818,370042.024,Flight4_cam1-003-000108-0,7211609.223018897,327735.7482492297,574.2764892578125,HlangwineEP,2020-01-22,2020-01-23 08:47:22.024,08:47:22,67.82126933333339,28.168902222222208
4819,370044.026,Flight4_cam1-003-000109-0,7211609.223018897,327735.7482492297,574.2764892578125,HlangwineEP,2020-01-22,2020-01-23 08:47:24.026,08:47:24,67.81593066666663,28.17001444444445
4820,370046.161,Flight4_cam1-003-000110-0,7211609.223018897,327735.7482492297,574.2764892578125,HlangwineEP,2020-01-22,2020-01-23 08:47:26.161,08:47:26,67.81023733333328,28.17120055555557
4821,370048.563,Flight4_cam1-003-000111-0,7211609.223018897,327735.7482492297,574.2764892578125,HlangwineEP,2020-01-22,2020-01-23 08:47:28.563,08:47:28,67.80383199999993,28.172535000000014
4822,370050.032,Flight4_cam1-003-000112-0,7211609.223018897,327735.7482492297,574.2764892578125,HlangwineEP,2020-01-22,2020-01-23 08:47:30.032,08:47:30,67.79991466666665,28.173351111111113
4823,370052.033,Flight4_cam1-003-000113-0,7211609.223018897,327735.7482492297,574.2764892578125,HlangwineEP,2020-01-22,2020-01-23 08:47:32.033,08:47:32,67.79457866666668,28.174462777777777
4824,370054.035,Flight4_cam1-003-000114-0,7211609.223018897,327735.7482492297,574.2764892578125,HlangwineEP,2020-01-22,2020-01-23 08:47:34.035,08:47:34,67.78924000000006,28.175574999999984
4825,370056.705,Flight4_cam1-003-000115-0,7211609.223018897,327735.7482492297,574.2764892578125,HlangwineEP,2020-01-22,2020-01-23 08:47:36.705,08:47:36,67.78211999999995,28.177058333333342
4826,370058.039,Flight4_cam1-003-000116-0,7211609.223018897,327735.7482492297,574.2764892578125,HlangwineEP,2020-01-22,2020-01-23 08:47:38.039,08:47:38,67.77856266666669,28.17779944444444
4827,370060.041,Flight4_cam1-003-000117-0,7211609.223018897,327735.7482492297,574.2764892578125,HlangwineEP,2020-01-22,2020-01-23 08:47:40.041,08:47:40,67.77322399999993,28.178911666666682
4828,370062.043,Flight4_cam1-003-000118-0,7211609.223018897,327735.7482492297,574.2764892578125,HlangwineEP,2020-01-22,2020-01-23 08:47:42.043,08:47:42,67.76788533333331,28.18002388888889
4829,370064.713,Flight4_cam1-003-000119-0,7211609.223018897,327735.7482492297,574.2764892578125,HlangwineEP,2020-01-22,2020-01-23 08:47:44.713,08:47:44,67.76076533333337,28.181507222222216
4830,370066.047,Flight4_cam1-003-000120-0,7211609.223018897,327735.7482492297,574.2764892578125,HlangwineEP,2020-01-22,2020-01-23 08:47:46.047,08:47:46,67.75720799999995,28.182248333333344
4831,370068.049,Flight4_cam1-003-000121-0,7211609.223018897,327735.7482492297,574.2764892578125,HlangwineEP,2020-01-22,2020-01-23 08:47:48.049,08:47:48,67.75186933333333,28.183360555555556
4832,370070.051,Flight4_cam1-003-000122-0,7211609.223018897,327735.7482492297,574.2764892578125,HlangwineEP,2020-01-22,2020-01-23 08:47:50.051,08:47:50,67.74653066666673,28.184472777777763
4833,370072.053,Flight4_cam1-003-000123-0,7211609.223018897,327735.7482492297,574.2764892578125,HlangwineEP,2020-01-22,2020-01-23 08:47:52.053,08:47:52,67.74119199999996,28.185585000000007
4834,370074.589,Flight4_cam1-003-000124-0,7211609.223018897,327735.7482492297,574.2764892578125,HlangwineEP,2020-01-22,2020-01-23 08:47:54.589,08:47:54,67.7344293333334,28.18699388888888
4835,370076.057,Flight4_cam1-003-000125-0,7211609.223018897,327735.7482492297,574.2764892578125,HlangwineEP,2020-01-22,2020-01-23 08:47:56.057,08:47:56,67.73051466666674,28.18780944444443
4836,370078.059,Flight4_cam1-003-000126-0,7211609.223018897,327735.7482492297,574.2764892578125,HlangwineEP,2020-01-22,2020-01-23 08:47:58.059,08:47:58,67.72517599999998,28.188921666666673
4837,370080.061,Flight4_cam1-003-000127-0,7211609.223018897,327735.7482492297,574.2764892578125,HlangwineEP,2020-01-22,2020-01-23 08:48:00.061,08:48:00,67.71983733333337,28.19003388888888
4838,370082.731,Flight4_cam1-003-000128-0,7211609.223018897,327735.7482492297,574.2764892578125,HlangwineEP,2020-01-22,2020-01-23 08:48:02.731,08:48:02,67.71271733333326,28.191517222222238
4839,370084.065,Flight4_cam1-003-000129-0,7211609.223018897,327735.7482492297,574.2764892578125,HlangwineEP,2020-01-22,2020-01-23 08:48:04.065,08:48:04,67.70916,28.192258333333335
4840,370086.067,Flight4_cam1-003-000130-0,7211609.223018897,327735.7482492297,574.2764892578125,HlangwineEP,2020-01-22,2020-01-23 08:48:06.067,08:48:06,67.70382133333338,28.193370555555546
4841,370088.069,Flight4_cam1-003-000131-0,7211609.223018897,327735.7482492297,574.2764892578125,HlangwineEP,2020-01-22,2020-01-23 08:48:08.069,08:48:08,67.69848266666662,28.194482777777786
4842,370090.739,Flight4_cam1-003-000132-0,7211609.223018897,327735.7482492297,574.2764892578125,HlangwineEP,2020-01-22,2020-01-23 08:48:10.739,08:48:10,67.69136266666666,28.19596611111111
4843,370092.474,Flight4_cam1-003-000133-0,7211609.223018897,327735.7482492297,574.2764892578125,HlangwineEP,2020-01-22,2020-01-23 08:48:12.474,08:48:12,67.68673600000002,28.196929999999995
4844,370094.075,Flight4_cam1-003-000134-0,7211609.223018897,327735.7482492297,574.2764892578125,HlangwineEP,2020-01-22,2020-01-23 08:48:14.075,08:48:14,67.68246666666663,28.197819444444452
4845,370096.077,Flight4_cam1-003-000135-0,7211609.223018897,327735.7482492297,574.2764892578125,HlangwineEP,2020-01-22,2020-01-23 08:48:16.077,08:48:16,67.67712800000002,28.19893166666666
4846,370098.079,Flight4_cam1-003-000136-0,7211609.223018897,327735.7482492297,574.2764892578125,HlangwineEP,2020-01-22,2020-01-23 08:48:18.079,08:48:18,67.67178933333327,28.200043888888903
4847,370100.482,Flight4_cam1-003-000137-0,7211609.223018897,327735.7482492297,574.2764892578125,HlangwineEP,2020-01-22,2020-01-23 08:48:20.482,08:48:20,67.66538133333329,28.2013788888889
4848,370102.083,Flight4_cam1-003-000138-0,7211609.223018897,327735.7482492297,574.2764892578125,HlangwineEP,2020-01-22,2020-01-23 08:48:22.083,08:48:22,67.66111200000005,28.202268333333326
4849,370104.085,Flight4_cam1-003-000139-0,7211609.223018897,327735.7482492297,574.2764892578125,HlangwineEP,2020-01-22,2020-01-23 08:48:24.085,08:48:24,67.65577333333327,28.20338055555557
4850,370106.087,Flight4_cam1-003-000140-0,7211609.223018897,327735.7482492297,574.2764892578125,HlangwineEP,2020-01-22,2020-01-23 08:48:26.087,08:48:26,67.65043466666667,28.204492777777777
4851,370108.756,Flight4_cam1-003-000141-0,7211609.223018897,327735.7482492297,574.2764892578125,HlangwineEP,2020-01-22,2020-01-23 08:48:28.756,08:48:28,67.64331733333334,28.20597555555555
4852,370110.091,Flight4_cam1-003-000142-0,7211609.223018897,327735.7482492297,574.2764892578125,HlangwineEP,2020-01-22,2020-01-23 08:48:30.091,08:48:30,67.63975733333329,28.20671722222223
4853,370112.093,Flight4_cam1-003-000143-0,7211609.223018897,327735.7482492297,574.2764892578125,HlangwineEP,2020-01-22,2020-01-23 08:48:32.093,08:48:32,67.63441866666668,28.207829444444442
4854,370114.095,Flight4_cam1-003-000144-0,7211609.223018897,327735.7482492297,574.2764892578125,HlangwineEP,2020-01-22,2020-01-23 08:48:34.095,08:48:34,67.62908000000007,28.20894166666665
4855,370116.097,Flight4_cam1-003-000145-0,7211609.223018897,327735.7482492297,574.2764892578125,HlangwineEP,2020-01-22,2020-01-23 08:48:36.097,08:48:36,67.62374133333331,28.210053888888893
4856,370118.633,Flight4_cam1-003-000146-0,7211609.223018897,327735.7482492297,574.2764892578125,HlangwineEP,2020-01-22,2020-01-23 08:48:38.633,08:48:38,67.61697866666674,28.21146277777776
4857,370120.101,Flight4_cam1-003-000147-0,7211609.223018897,327735.7482492297,574.2764892578125,HlangwineEP,2020-01-22,2020-01-23 08:48:40.101,08:48:40,67.61306399999994,28.212278333333348
4858,370122.103,Flight4_cam1-003-000148-0,7211609.223018897,327735.7482492297,574.2764892578125,HlangwineEP,2020-01-22,2020-01-23 08:48:42.103,08:48:42,67.60772533333332,28.213390555555556
4859,370124.105,Flight4_cam1-003-000149-0,7211609.223018897,327735.7482492297,574.2764892578125,HlangwineEP,2020-01-22,2020-01-23 08:48:44.105,08:48:44,67.60238666666672,28.214502777777767
4860,370126.641,Flight4_cam1-003-000150-0,7211609.223018897,327735.7482492297,574.2764892578125,HlangwineEP,2020-01-22,2020-01-23 08:48:46.641,08:48:46,67.59562399999999,28.215911666666667
4861,370128.109,Flight4_cam1-003-000151-0,7211609.223018897,327735.7482492297,574.2764892578125,HlangwineEP,2020-01-22,2020-01-23 08:48:48.109,08:48:48,67.59170933333334,28.21672722222222
4862,370130.111,Flight4_cam1-003-000152-0,7211609.223018897,327735.7482492297,574.2764892578125,HlangwineEP,2020-01-22,2020-01-23 08:48:50.111,08:48:50,67.58637066666674,28.21783944444443
4863,370132.113,Flight4_cam1-003-000153-0,7211609.223018897,327735.7482492297,574.2764892578125,HlangwineEP,2020-01-22,2020-01-23 08:48:52.113,08:48:52,67.58103199999996,28.218951666666673
4864,370134.649,Flight4_cam1-003-000154-0,7211609.223018897,327735.7482492297,574.2764892578125,HlangwineEP,2020-01-22,2020-01-23 08:48:54.649,08:48:54,67.57426933333339,28.22036055555554
4865,370136.117,Flight4_cam1-003-000155-0,7211609.223018897,327735.7482492297,574.2764892578125,HlangwineEP,2020-01-22,2020-01-23 08:48:56.117,08:48:56,67.57035466666659,28.221176111111127
4866,370138.119,Flight4_cam1-003-000156-0,7211609.223018897,327735.7482492297,574.2764892578125,HlangwineEP,2020-01-22,2020-01-23 08:48:58.119,08:48:58,67.56501599999999,28.222288333333335
4867,370140.121,Flight4_cam1-003-000157-0,7211609.223018897,327735.7482492297,574.2764892578125,HlangwineEP,2020-01-22,2020-01-23 08:49:00.121,08:49:00,67.55967733333337,28.223400555555546
4868,370142.123,Flight4_cam1-003-000158-0,7211609.223018897,327735.7482492297,574.2764892578125,HlangwineEP,2020-01-22,2020-01-23 08:49:02.123,08:49:02,67.55433866666661,28.22451277777779
4869,370144.525,Flight4_cam1-003-000159-0,7211609.223018897,327735.7482492297,574.2764892578125,HlangwineEP,2020-01-22,2020-01-23 08:49:04.525,08:49:04,67.54793333333328,28.225847222222235
4870,370146.127,Flight4_cam1-003-000160-0,7211609.223018897,327735.7482492297,574.2764892578125,HlangwineEP,2020-01-22,2020-01-23 08:49:06.127,08:49:06,67.54366133333339,28.22673722222221
4871,370148.129,Flight4_cam1-003-000161-0,7211609.223018897,327735.7482492297,574.2764892578125,HlangwineEP,2020-01-22,2020-01-23 08:49:08.129,08:49:08,67.53832266666663,28.227849444444452
4872,370150.131,Flight4_cam1-003-000162-0,7211609.223018897,327735.7482492297,574.2764892578125,HlangwineEP,2020-01-22,2020-01-23 08:49:10.131,08:49:10,67.53298400000001,28.228961666666663
4873,370152.667,Flight4_cam1-003-000163-0,7211609.223018897,327735.7482492297,574.2764892578125,HlangwineEP,2020-01-22,2020-01-23 08:49:12.667,08:49:12,67.5262213333333,28.230370555555563
4874,370154.135,Flight4_cam1-003-000164-0,7211609.223018897,327735.7482492297,574.2764892578125,HlangwineEP,2020-01-22,2020-01-23 08:49:14.135,08:49:14,67.52230666666664,28.231186111111118
4875,370156.137,Flight4_cam1-003-000165-0,7211609.223018897,327735.7482492297,574.2764892578125,HlangwineEP,2020-01-22,2020-01-23 08:49:16.137,08:49:16,67.51696800000003,28.232298333333326
4876,370158.139,Flight4_cam1-003-000166-0,7211609.223018897,327735.7482492297,574.2764892578125,HlangwineEP,2020-01-22,2020-01-23 08:49:18.139,08:49:18,67.51162933333326,28.23341055555557
4877,370160.141,Flight4_cam1-003-000167-0,7211609.223018897,327735.7482492297,574.2764892578125,HlangwineEP,2020-01-22,2020-01-23 08:49:20.141,08:49:20,67.50629066666666,28.23452277777778
4878,370162.543,Flight4_cam1-003-000168-0,7211609.223018897,327735.7482492297,574.2764892578125,HlangwineEP,2020-01-22,2020-01-23 08:49:22.543,08:49:22,67.49988533333332,28.235857222222226
4879,370164.011,Flight4_cam1-003-000169-0,7211609.223018897,327735.7482492297,574.2764892578125,HlangwineEP,2020-01-22,2020-01-23 08:49:24.011,08:49:24,67.49597066666666,28.236672777777777
4880,370166.013,Flight4_cam1-003-000170-0,7211609.223018897,327735.7482492297,574.2764892578125,HlangwineEP,2020-01-22,2020-01-23 08:49:26.013,08:49:26,67.49063200000006,28.237784999999988
4881,370168.015,Flight4_cam1-003-000171-0,7211609.223018897,327735.7482492297,574.2764892578125,HlangwineEP,2020-01-22,2020-01-23 08:49:28.015,08:49:28,67.48529333333329,28.23889722222223
4882,370170.685,Flight4_cam1-003-000172-0,7211609.223018897,327735.7482492297,574.2764892578125,HlangwineEP,2020-01-22,2020-01-23 08:49:30.685,08:49:30,67.47817333333333,28.240380555555554
4883,370172.286,Flight4_cam1-003-000173-0,7211609.223018897,327735.7482492297,574.2764892578125,HlangwineEP,2020-01-22,2020-01-23 08:49:32.286,08:49:32,67.47390399999993,28.24127000000001
4884,370174.021,Flight4_cam1-003-000174-0,7211609.223018897,327735.7482492297,574.2764892578125,HlangwineEP,2020-01-22,2020-01-23 08:49:34.021,08:49:34,67.46927733333331,28.242233888888894
4885,370176.023,Flight4_cam1-003-000175-0,7211609.223018897,327735.7482492297,574.2764892578125,HlangwineEP,2020-01-22,2020-01-23 08:49:36.023,08:49:36,67.4639386666667,28.243346111111105
4886,370178.159,Flight4_cam1-003-000176-0,7211609.223018897,327735.7482492297,574.2764892578125,HlangwineEP,2020-01-22,2020-01-23 08:49:38.159,08:49:38,67.4582426666667,28.24453277777777
4887,370180.561,Flight4_cam1-003-000177-0,7211609.223018897,327735.7482492297,574.2764892578125,HlangwineEP,2020-01-22,2020-01-23 08:49:40.561,08:49:40,67.45183733333337,28.245867222222216
4888,370182.029,Flight4_cam1-003-000178-0,7211609.223018897,327735.7482492297,574.2764892578125,HlangwineEP,2020-01-22,2020-01-23 08:49:42.029,08:49:42,67.44792266666671,28.246682777777767
4889,370184.031,Flight4_cam1-003-000179-0,7211609.223018897,327735.7482492297,574.2764892578125,HlangwineEP,2020-01-22,2020-01-23 08:49:44.031,08:49:44,67.44258399999995,28.24779500000001
4890,370186.033,Flight4_cam1-003-000180-0,7211609.223018897,327735.7482492297,574.2764892578125,HlangwineEP,2020-01-22,2020-01-23 08:49:46.033,08:49:46,67.43724533333334,28.24890722222222
4891,370188.702,Flight4_cam1-003-000181-0,7211609.223018897,327735.7482492297,574.2764892578125,HlangwineEP,2020-01-22,2020-01-23 08:49:48.702,08:49:48,67.43012800000002,28.250389999999996
4892,370190.037,Flight4_cam1-003-000182-0,7211609.223018897,327735.7482492297,574.2764892578125,HlangwineEP,2020-01-22,2020-01-23 08:49:50.037,08:49:50,67.42656799999997,28.251131666666673
4893,370192.039,Flight4_cam1-003-000183-0,7211609.223018897,327735.7482492297,574.2764892578125,HlangwineEP,2020-01-22,2020-01-23 08:49:52.039,08:49:52,67.42122933333336,28.252243888888884
4894,370194.041,Flight4_cam1-003-000184-0,7211609.223018897,327735.7482492297,574.2764892578125,HlangwineEP,2020-01-22,2020-01-23 08:49:54.041,08:49:54,67.4158906666666,28.253356111111124
4895,370196.043,Flight4_cam1-003-000185-0,7211609.223018897,327735.7482492297,574.2764892578125,HlangwineEP,2020-01-22,2020-01-23 08:49:56.043,08:49:56,67.41055199999998,28.254468333333335
4896,370198.579,Flight4_cam1-003-000186-0,7211609.223018897,327735.7482492297,574.2764892578125,HlangwineEP,2020-01-22,2020-01-23 08:49:58.579,08:49:58,67.40378933333326,28.25587722222224
4897,370200.047,Flight4_cam1-003-000187-0,7211609.223018897,327735.7482492297,574.2764892578125,HlangwineEP,2020-01-22,2020-01-23 08:50:00.047,08:50:00,67.3998746666666,28.25669277777779
4898,370202.049,Flight4_cam1-003-000188-0,7211609.223018897,327735.7482492297,574.2764892578125,HlangwineEP,2020-01-22,2020-01-23 08:50:02.049,08:50:02,67.394536,28.257804999999998
4899,370204.051,Flight4_cam1-003-000189-0,7211609.223018897,327735.7482492297,574.2764892578125,HlangwineEP,2020-01-22,2020-01-23 08:50:04.051,08:50:04,67.38919733333339,28.25891722222221
4900,370206.72,Flight4_cam1-003-000190-0,7211609.223018897,327735.7482492297,574.2764892578125,HlangwineEP,2020-01-22,2020-01-23 08:50:06.720,08:50:06,67.38208000000007,28.260399999999983
4901,370208.055,Flight4_cam1-003-000191-0,7211609.223018897,327735.7482492297,574.2764892578125,HlangwineEP,2020-01-22,2020-01-23 08:50:08.055,08:50:08,67.37852000000001,28.261141666666663
4902,370210.057,Flight4_cam1-003-000192-0,7211609.223018897,327735.7482492297,574.2764892578125,HlangwineEP,2020-01-22,2020-01-23 08:50:10.057,08:50:10,67.3731813333334,28.26225388888887
4903,370212.059,Flight4_cam1-003-000193-0,7211609.223018897,327735.7482492297,574.2764892578125,HlangwineEP,2020-01-22,2020-01-23 08:50:12.059,08:50:12,67.36784266666665,28.263366111111115
4904,370214.728,Flight4_cam1-003-000194-0,7211609.223018897,327735.7482492297,574.2764892578125,HlangwineEP,2020-01-22,2020-01-23 08:50:14.728,08:50:14,67.36072533333332,28.264848888888892
4905,370216.063,Flight4_cam1-003-000195-0,7211609.223018897,327735.7482492297,574.2764892578125,HlangwineEP,2020-01-22,2020-01-23 08:50:16.063,08:50:16,67.35716533333327,28.26559055555557
4906,370218.065,Flight4_cam1-003-000196-0,7211609.223018897,327735.7482492297,574.2764892578125,HlangwineEP,2020-01-22,2020-01-23 08:50:18.065,08:50:18,67.35182666666665,28.26670277777778
4907,370220.067,Flight4_cam1-003-000197-0,7211609.223018897,327735.7482492297,574.2764892578125,HlangwineEP,2020-01-22,2020-01-23 08:50:20.067,08:50:20,67.34648800000005,28.267814999999988
4908,370222.069,Flight4_cam1-003-000198-0,7211609.223018897,327735.7482492297,574.2764892578125,HlangwineEP,2020-01-22,2020-01-23 08:50:22.069,08:50:22,67.34114933333328,28.26892722222223
4909,370224.605,Flight4_cam1-003-000199-0,7211609.223018897,327735.7482492297,574.2764892578125,HlangwineEP,2020-01-22,2020-01-23 08:50:24.605,08:50:24,67.33438666666672,28.2703361111111
4910,370226.073,Flight4_cam1-003-000200-0,7211609.223018897,327735.7482492297,574.2764892578125,HlangwineEP,2020-01-22,2020-01-23 08:50:26.073,08:50:26,67.33047200000007,28.271151666666654
4911,370228.075,Flight4_cam1-003-000201-0,7211609.223018897,327735.7482492297,574.2764892578125,HlangwineEP,2020-01-22,2020-01-23 08:50:28.075,08:50:28,67.3251333333333,28.272263888888894
4912,370230.077,Flight4_cam1-003-000202-0,7211609.223018897,327735.7482492297,574.2764892578125,HlangwineEP,2020-01-22,2020-01-23 08:50:30.077,08:50:30,67.3197946666667,28.273376111111105
4913,370232.746,Flight4_cam1-003-000203-0,7211609.223018897,327735.7482492297,574.2764892578125,HlangwineEP,2020-01-22,2020-01-23 08:50:32.746,08:50:32,67.31267733333337,28.27485888888888
4914,370234.081,Flight4_cam1-003-000204-0,7211609.223018897,327735.7482492297,574.2764892578125,HlangwineEP,2020-01-22,2020-01-23 08:50:34.081,08:50:34,67.30911733333332,28.27560055555556
4915,370236.083,Flight4_cam1-003-000205-0,7211609.223018897,327735.7482492297,574.2764892578125,HlangwineEP,2020-01-22,2020-01-23 08:50:36.083,08:50:36,67.3037786666667,28.276712777777767
4916,370238.085,Flight4_cam1-003-000206-0,7211609.223018897,327735.7482492297,574.2764892578125,HlangwineEP,2020-01-22,2020-01-23 08:50:38.085,08:50:38,67.29843999999994,28.27782500000001
4917,370240.087,Flight4_cam1-003-000207-0,7211609.223018897,327735.7482492297,574.2764892578125,HlangwineEP,2020-01-22,2020-01-23 08:50:40.087,08:50:40,67.29310133333334,28.278937222222222
4918,370242.623,Flight4_cam1-003-000208-0,7211609.223018897,327735.7482492297,574.2764892578125,HlangwineEP,2020-01-22,2020-01-23 08:50:42.623,08:50:42,67.28633866666661,28.280346111111122
4919,370244.091,Flight4_cam1-003-000209-0,7211609.223018897,327735.7482492297,574.2764892578125,HlangwineEP,2020-01-22,2020-01-23 08:50:44.091,08:50:44,67.28242399999996,28.281161666666677
4920,370246.093,Flight4_cam1-003-000210-0,7211609.223018897,327735.7482492297,574.2764892578125,HlangwineEP,2020-01-22,2020-01-23 08:50:46.093,08:50:46,67.27708533333335,28.282273888888884
4921,370248.095,Flight4_cam1-003-000211-0,7211609.223018897,327735.7482492297,574.2764892578125,HlangwineEP,2020-01-22,2020-01-23 08:50:48.095,08:50:48,67.27174666666674,28.283386111111096
4922,370250.63,Flight4_cam1-003-000212-0,7211609.223018897,327735.7482492297,574.2764892578125,HlangwineEP,2020-01-22,2020-01-23 08:50:50.630,08:50:50,67.26498666666666,28.284794444444447
4923,370252.366,Flight4_cam1-003-000213-0,7211609.223018897,327735.7482492297,574.2764892578125,HlangwineEP,2020-01-22,2020-01-23 08:50:52.366,08:50:52,67.26035733333339,28.28575888888888
4924,370254.101,Flight4_cam1-003-000214-0,7211609.223018897,327735.7482492297,574.2764892578125,HlangwineEP,2020-01-22,2020-01-23 08:50:54.101,08:50:54,67.25573066666661,28.28672277777779
4925,370256.103,Flight4_cam1-003-000215-0,7211609.223018897,327735.7482492297,574.2764892578125,HlangwineEP,2020-01-22,2020-01-23 08:50:56.103,08:50:56,67.25039199999999,28.287835
4926,370258.105,Flight4_cam1-003-000216-0,7211609.223018897,327735.7482492297,574.2764892578125,HlangwineEP,2020-01-22,2020-01-23 08:50:58.105,08:50:58,67.24505333333337,28.288947222222212
4927,370260.507,Flight4_cam1-003-000217-0,7211609.223018897,327735.7482492297,574.2764892578125,HlangwineEP,2020-01-22,2020-01-23 08:51:00.507,08:51:00,67.23864800000004,28.290281666666658
4928,370262.509,Flight4_cam1-003-000218-0,7211609.223018897,327735.7482492297,574.2764892578125,HlangwineEP,2020-01-22,2020-01-23 08:51:02.509,08:51:02,67.23330933333328,28.2913938888889
4929,370264.11,Flight4_cam1-003-000219-0,7211609.223018897,327735.7482492297,574.2764892578125,HlangwineEP,2020-01-22,2020-01-23 08:51:04.110,08:51:04,67.22904000000004,28.292283333333327
4930,370266.112,Flight4_cam1-003-000220-0,7211609.223018897,327735.7482492297,574.2764892578125,HlangwineEP,2020-01-22,2020-01-23 08:51:06.112,08:51:06,67.22370133333327,28.29339555555557
4931,370268.648,Flight4_cam1-003-000221-0,7211609.222743258,327735.7479743992,574.2764892578125,HlangwineEP,2020-01-22,2020-01-23 08:51:08.648,08:51:08,67.2169386666667,28.294804444444438
4932,370270.116,Flight4_cam1-003-000222-0,7211609.222743258,327735.7479743992,574.2764892578125,HlangwineEP,2020-01-22,2020-01-23 08:51:10.116,08:51:10,67.21302400000005,28.29561999999999
4933,370272.118,Flight4_cam1-003-000223-0,7211609.222743258,327735.7479743992,574.2764892578125,HlangwineEP,2020-01-22,2020-01-23 08:51:12.118,08:51:12,67.20768533333329,28.296732222222232
4934,370274.12,Flight4_cam1-003-000224-0,7211609.222743258,327735.7479743992,574.2764892578125,HlangwineEP,2020-01-22,2020-01-23 08:51:14.120,08:51:14,67.20234666666667,28.297844444444443
4935,370276.656,Flight4_cam1-003-000225-0,7211609.222743258,327735.7479743992,574.2764892578125,HlangwineEP,2020-01-22,2020-01-23 08:51:16.656,08:51:16,67.19558399999995,28.299253333333343
4936,370278.124,Flight4_cam1-003-000226-0,7211609.222743258,327735.7479743992,574.2764892578125,HlangwineEP,2020-01-22,2020-01-23 08:51:18.124,08:51:18,67.19166933333331,28.300068888888894
4937,370280.126,Flight4_cam1-003-000227-0,7211609.222743258,327735.7479743992,574.2764892578125,HlangwineEP,2020-01-22,2020-01-23 08:51:20.126,08:51:20,67.18633066666669,28.301181111111106
4938,370282.128,Flight4_cam1-003-000228-0,7211609.222743258,327735.7479743992,574.2764892578125,HlangwineEP,2020-01-22,2020-01-23 08:51:22.128,08:51:22,67.18099199999993,28.30229333333335
4939,370284.13,Flight4_cam1-003-000229-0,7211609.222743258,327735.7479743992,574.2764892578125,HlangwineEP,2020-01-22,2020-01-23 08:51:24.130,08:51:24,67.17565333333332,28.303405555555557
4940,370286.533,Flight4_cam1-003-000230-0,7211609.222743258,327735.7479743992,574.2764892578125,HlangwineEP,2020-01-22,2020-01-23 08:51:26.533,08:51:26,67.16924533333335,28.304740555555554
4941,370288.134,Flight4_cam1-003-000231-0,7211609.222743258,327735.7479743992,574.2764892578125,HlangwineEP,2020-01-22,2020-01-23 08:51:28.134,08:51:28,67.16497599999994,28.30563000000001
4942,370290.136,Flight4_cam1-003-000232-0,7211609.222743258,327735.7479743992,574.2764892578125,HlangwineEP,2020-01-22,2020-01-23 08:51:30.136,08:51:30,67.15963733333334,28.306742222222223
4943,370292.138,Flight4_cam1-003-000233-0,7211609.222743258,327735.7479743992,574.2764892578125,HlangwineEP,2020-01-22,2020-01-23 08:51:32.138,08:51:32,67.15429866666673,28.30785444444443
4944,370294.674,Flight4_cam1-003-000234-0,7211609.222743258,327735.7479743992,574.2764892578125,HlangwineEP,2020-01-22,2020-01-23 08:51:34.674,08:51:34,67.147536,28.309263333333334
4945,370296.142,Flight4_cam1-003-000235-0,7211609.222743258,327735.7479743992,574.2764892578125,HlangwineEP,2020-01-22,2020-01-23 08:51:36.142,08:51:36,67.14362133333336,28.310078888888885
4946,370298.144,Flight4_cam1-003-000236-0,7211609.222743258,327735.7479743992,574.2764892578125,HlangwineEP,2020-01-22,2020-01-23 08:51:38.144,08:51:38,67.13828266666674,28.311191111111096
4947,370300.146,Flight4_cam1-003-000237-0,7211609.222743258,327735.7479743992,574.2764892578125,HlangwineEP,2020-01-22,2020-01-23 08:51:40.146,08:51:40,67.13294399999998,28.312303333333336
4948,370302.682,Flight4_cam1-003-000238-0,7211609.222743258,327735.7479743992,574.2764892578125,HlangwineEP,2020-01-22,2020-01-23 08:51:42.682,08:51:42,67.1261813333334,28.313712222222208
4949,370304.017,Flight4_cam1-003-000239-0,7211609.222743258,327735.7479743992,574.2764892578125,HlangwineEP,2020-01-22,2020-01-23 08:51:44.017,08:51:44,67.12262133333336,28.314453888888885
4950,370306.82,Flight4_cam1-003-000240-0,7211609.222743258,327735.7479743992,574.2764892578125,HlangwineEP,2020-01-22,2020-01-23 08:51:46.820,08:51:46,67.11514666666665,28.316011111111116
4951,370308.021,Flight4_cam1-003-000241-0,7211609.222743258,327735.7479743992,574.2764892578125,HlangwineEP,2020-01-22,2020-01-23 08:51:48.021,08:51:48,67.11194399999998,28.31667833333334
4952,370310.023,Flight4_cam1-003-000242-0,7211609.222743258,327735.7479743992,574.2764892578125,HlangwineEP,2020-01-22,2020-01-23 08:51:50.023,08:51:50,67.10660533333336,28.317790555555547
4953,370312.025,Flight4_cam1-003-000243-0,7211609.222743258,327735.7479743992,574.2764892578125,HlangwineEP,2020-01-22,2020-01-23 08:51:52.025,08:51:52,67.1012666666666,28.31890277777779
4954,370314.027,Flight4_cam1-003-000244-0,7211609.222743258,327735.7479743992,574.2764892578125,HlangwineEP,2020-01-22,2020-01-23 08:51:54.027,08:51:54,67.09592799999999,28.320015
4955,370316.696,Flight4_cam1-003-000245-0,7211609.222743258,327735.7479743992,574.2764892578125,HlangwineEP,2020-01-22,2020-01-23 08:51:56.696,08:51:56,67.08881066666667,28.321497777777775
4956,370318.031,Flight4_cam1-003-000246-0,7211609.222743258,327735.7479743992,574.2764892578125,HlangwineEP,2020-01-22,2020-01-23 08:51:58.031,08:51:58,67.08525066666662,28.322239444444453
4957,370320.033,Flight4_cam1-003-000247-0,7211609.222743258,327735.7479743992,574.2764892578125,HlangwineEP,2020-01-22,2020-01-23 08:52:00.033,08:52:00,67.07991200000001,28.323351666666664
4958,370322.035,Flight4_cam1-003-000248-0,7211609.222743258,327735.7479743992,574.2764892578125,HlangwineEP,2020-01-22,2020-01-23 08:52:02.035,08:52:02,67.0745733333334,28.324463888888875
4959,370324.037,Flight4_cam1-003-000249-0,7211609.222743258,327735.7479743992,574.2764892578125,HlangwineEP,2020-01-22,2020-01-23 08:52:04.037,08:52:04,67.06923466666663,28.32557611111112
4960,370326.572,Flight4_cam1-003-000250-0,7211609.222743258,327735.7479743992,574.2764892578125,HlangwineEP,2020-01-22,2020-01-23 08:52:06.572,08:52:06,67.0624746666667,28.326984444444435
4961,370328.041,Flight4_cam1-003-000251-0,7211609.222743258,327735.7479743992,574.2764892578125,HlangwineEP,2020-01-22,2020-01-23 08:52:08.041,08:52:08,67.05855733333325,28.32780055555557
4962,370330.043,Flight4_cam1-003-000252-0,7211609.222743258,327735.7479743992,574.2764892578125,HlangwineEP,2020-01-22,2020-01-23 08:52:10.043,08:52:10,67.05321866666665,28.32891277777778
4963,370332.045,Flight4_cam1-003-000253-0,7211609.222743258,327735.7479743992,574.2764892578125,HlangwineEP,2020-01-22,2020-01-23 08:52:12.045,08:52:12,67.04788000000005,28.330024999999992
4964,370334.714,Flight4_cam1-003-000254-0,7211609.222743258,327735.7479743992,574.2764892578125,HlangwineEP,2020-01-22,2020-01-23 08:52:14.714,08:52:14,67.04076266666672,28.331507777777766
4965,370336.048,Flight4_cam1-003-000255-0,7211609.222743258,327735.7479743992,574.2764892578125,HlangwineEP,2020-01-22,2020-01-23 08:52:16.048,08:52:16,67.0372053333333,28.332248888888895
4966,370338.05,Flight4_cam1-003-000256-0,7211609.222743258,327735.7479743992,574.2764892578125,HlangwineEP,2020-01-22,2020-01-23 08:52:18.050,08:52:18,67.0318666666667,28.333361111111106
4967,370340.052,Flight4_cam1-003-000257-0,7211609.222743258,327735.7479743992,574.2764892578125,HlangwineEP,2020-01-22,2020-01-23 08:52:20.052,08:52:20,67.02652799999993,28.334473333333346
4968,370342.054,Flight4_cam1-003-000258-0,7211609.222743258,327735.7479743992,574.2764892578125,HlangwineEP,2020-01-22,2020-01-23 08:52:22.054,08:52:22,67.02118933333333,28.335585555555557
4969,370344.59,Flight4_cam1-003-000259-0,7211609.222743258,327735.7479743992,574.2764892578125,HlangwineEP,2020-01-22,2020-01-23 08:52:24.590,08:52:24,67.0144266666666,28.336994444444457
4970,370346.058,Flight4_cam1-003-000260-0,7211609.222743258,327735.7479743992,574.2764892578125,HlangwineEP,2020-01-22,2020-01-23 08:52:26.058,08:52:26,67.01051199999995,28.33781000000001
4971,370348.06,Flight4_cam1-003-000261-0,7211609.222743258,327735.7479743992,574.2764892578125,HlangwineEP,2020-01-22,2020-01-23 08:52:28.060,08:52:28,67.00517333333333,28.33892222222222
4972,370350.062,Flight4_cam1-003-000262-0,7211609.222743258,327735.7479743992,574.2764892578125,HlangwineEP,2020-01-22,2020-01-23 08:52:30.062,08:52:30,66.99983466666673,28.34003444444443
4973,370352.732,Flight4_cam1-003-000263-0,7211609.222743258,327735.7479743992,574.2764892578125,HlangwineEP,2020-01-22,2020-01-23 08:52:32.732,08:52:32,66.99271466666661,28.34151777777779
4974,370354.066,Flight4_cam1-003-000264-0,7211609.222743258,327735.7479743992,574.2764892578125,HlangwineEP,2020-01-22,2020-01-23 08:52:34.066,08:52:34,66.98915733333335,28.342258888888885
4975,370356.068,Flight4_cam1-003-000265-0,7211609.222743258,327735.7479743992,574.2764892578125,HlangwineEP,2020-01-22,2020-01-23 08:52:36.068,08:52:36,66.9838186666666,28.343371111111125
4976,370358.07,Flight4_cam1-003-000266-0,7211609.222743258,327735.7479743992,574.2764892578125,HlangwineEP,2020-01-22,2020-01-23 08:52:38.070,08:52:38,66.97847999999998,28.344483333333336
4977,370360.74,Flight4_cam1-003-000267-0,7211609.222743258,327735.7479743992,574.2764892578125,HlangwineEP,2020-01-22,2020-01-23 08:52:40.740,08:52:40,66.97136000000002,28.345966666666662
4978,370362.341,Flight4_cam1-003-000268-0,7211609.222743258,327735.7479743992,574.2764892578125,HlangwineEP,2020-01-22,2020-01-23 08:52:42.341,08:52:42,66.96709066666662,28.34685611111112
4979,370364.076,Flight4_cam1-003-000269-0,7211609.222743258,327735.7479743992,574.2764892578125,HlangwineEP,2020-01-22,2020-01-23 08:52:44.076,08:52:44,66.962464,28.34782
4980,370366.078,Flight4_cam1-003-000270-0,7211609.222743258,327735.7479743992,574.2764892578125,HlangwineEP,2020-01-22,2020-01-23 08:52:46.078,08:52:46,66.95712533333338,28.34893222222221
4981,370368.08,Flight4_cam1-003-000271-0,7211609.222743258,327735.7479743992,574.2764892578125,HlangwineEP,2020-01-22,2020-01-23 08:52:48.080,08:52:48,66.95178666666662,28.350044444444453
4982,370370.616,Flight4_cam1-003-000272-0,7211609.222743258,327735.7479743992,574.2764892578125,HlangwineEP,2020-01-22,2020-01-23 08:52:50.616,08:52:50,66.94502400000005,28.35145333333332
4983,370372.084,Flight4_cam1-003-000273-0,7211609.222743258,327735.7479743992,574.2764892578125,HlangwineEP,2020-01-22,2020-01-23 08:52:52.084,08:52:52,66.9411093333334,28.352268888888872
4984,370374.086,Flight4_cam1-003-000274-0,7211609.222743258,327735.7479743992,574.2764892578125,HlangwineEP,2020-01-22,2020-01-23 08:52:54.086,08:52:54,66.93577066666664,28.353381111111116
4985,370376.088,Flight4_cam1-003-000275-0,7211609.222743258,327735.7479743992,574.2764892578125,HlangwineEP,2020-01-22,2020-01-23 08:52:56.088,08:52:56,66.93043200000002,28.354493333333327
4986,370378.758,Flight4_cam1-003-000276-0,7211609.222743258,327735.7479743992,574.2764892578125,HlangwineEP,2020-01-22,2020-01-23 08:52:58.758,08:52:58,66.92331200000007,28.355976666666653
4987,370380.092,Flight4_cam1-003-000277-0,7211609.222743258,327735.7479743992,574.2764892578125,HlangwineEP,2020-01-22,2020-01-23 08:53:00.092,08:53:00,66.91975466666665,28.35671777777778
4988,370382.094,Flight4_cam1-003-000278-0,7211609.222743258,327735.7479743992,574.2764892578125,HlangwineEP,2020-01-22,2020-01-23 08:53:02.094,08:53:02,66.91441600000005,28.35782999999999
4989,370384.096,Flight4_cam1-003-000279-0,7211609.222743258,327735.7479743992,574.2764892578125,HlangwineEP,2020-01-22,2020-01-23 08:53:04.096,08:53:04,66.90907733333327,28.358942222222232
4990,370386.765,Flight4_cam1-003-000280-0,7211609.222743258,327735.7479743992,574.2764892578125,HlangwineEP,2020-01-22,2020-01-23 08:53:06.765,08:53:06,66.90195999999996,28.360425000000006
4991,370388.1,Flight4_cam1-003-000281-0,7211609.222743258,327735.7479743992,574.2764892578125,HlangwineEP,2020-01-22,2020-01-23 08:53:08.100,08:53:08,66.89840000000007,28.361166666666655
4992,370390.102,Flight4_cam1-003-000282-0,7211609.222743258,327735.7479743992,574.2764892578125,HlangwineEP,2020-01-22,2020-01-23 08:53:10.102,08:53:10,66.89306133333329,28.362278888888895
4993,370392.104,Flight4_cam1-003-000283-0,7211609.222743258,327735.7479743992,574.2764892578125,HlangwineEP,2020-01-22,2020-01-23 08:53:12.104,08:53:12,66.88772266666669,28.363391111111106
4994,370394.106,Flight4_cam1-003-000284-0,7211609.222743258,327735.7479743992,574.2764892578125,HlangwineEP,2020-01-22,2020-01-23 08:53:14.106,08:53:14,66.88238399999992,28.36450333333335
4995,370396.508,Flight4_cam1-003-000285-0,7211609.222743258,327735.7479743992,574.2764892578125,HlangwineEP,2020-01-22,2020-01-23 08:53:16.508,08:53:16,66.87597866666674,28.365837777777763
4996,370398.11,Flight4_cam1-003-000286-0,7211609.222743258,327735.7479743992,574.2764892578125,HlangwineEP,2020-01-22,2020-01-23 08:53:18.110,08:53:18,66.8717066666667,28.36672777777777
4997,370400.112,Flight4_cam1-003-000287-0,7211609.222743258,327735.7479743992,574.2764892578125,HlangwineEP,2020-01-22,2020-01-23 08:53:20.112,08:53:20,66.86636799999994,28.36784000000001
4998,370402.114,Flight4_cam1-003-000288-0,7211609.222743258,327735.7479743992,574.2764892578125,HlangwineEP,2020-01-22,2020-01-23 08:53:22.114,08:53:22,66.86102933333333,28.368952222222223
4999,370404.65,Flight4_cam1-003-000289-0,7211609.222743258,327735.7479743992,574.2764892578125,HlangwineEP,2020-01-22,2020-01-23 08:53:24.650,08:53:24,66.8542666666666,28.370361111111123
5000,370406.118,Flight4_cam1-003-000290-0,7211609.222743258,327735.7479743992,574.2764892578125,HlangwineEP,2020-01-22,2020-01-23 08:53:26.118,08:53:26,66.85035199999996,28.371176666666678
5001,370408.12,Flight4_cam1-003-000291-0,7211609.222743258,327735.7479743992,574.2764892578125,HlangwineEP,2020-01-22,2020-01-23 08:53:28.120,08:53:28,66.84501333333334,28.372288888888885
5002,370410.122,Flight4_cam1-003-000292-0,7211609.222743258,327735.7479743992,574.2764892578125,HlangwineEP,2020-01-22,2020-01-23 08:53:30.122,08:53:30,66.83967466666674,28.373401111111097
5003,370412.658,Flight4_cam1-003-000293-0,7211609.222743258,327735.7479743992,574.2764892578125,HlangwineEP,2020-01-22,2020-01-23 08:53:32.658,08:53:32,66.83291200000001,28.374809999999997
5004,370414.126,Flight4_cam1-003-000294-0,7211609.222743258,327735.7479743992,574.2764892578125,HlangwineEP,2020-01-22,2020-01-23 08:53:34.126,08:53:34,66.82899733333336,28.37562555555555
5005,370416.128,Flight4_cam1-003-000295-0,7211609.222743258,327735.7479743992,574.2764892578125,HlangwineEP,2020-01-22,2020-01-23 08:53:36.128,08:53:36,66.82365866666659,28.37673777777779
5006,370418.13,Flight4_cam1-003-000296-0,7211609.222743258,327735.7479743992,574.2764892578125,HlangwineEP,2020-01-22,2020-01-23 08:53:38.130,08:53:38,66.81831999999999,28.377850000000002
5007,370420.132,Flight4_cam1-003-000297-0,7211609.222743258,327735.7479743992,574.2764892578125,HlangwineEP,2020-01-22,2020-01-23 08:53:40.132,08:53:40,66.81298133333337,28.378962222222214
5008,370422.534,Flight4_cam1-003-000298-0,7211609.222743258,327735.7479743992,574.2764892578125,HlangwineEP,2020-01-22,2020-01-23 08:53:42.534,08:53:42,66.80657600000004,28.38029666666666
5009,370424.136,Flight4_cam1-003-000299-0,7211609.222743258,327735.7479743992,574.2764892578125,HlangwineEP,2020-01-22,2020-01-23 08:53:44.136,08:53:44,66.802304,28.381186666666665
5010,370426.138,Flight4_cam1-003-000300-0,7211609.222743258,327735.7479743992,574.2764892578125,HlangwineEP,2020-01-22,2020-01-23 08:53:46.138,08:53:46,66.79696533333339,28.382298888888876
5011,370428.14,Flight4_cam1-003-000301-0,7211609.222743258,327735.7479743992,574.2764892578125,HlangwineEP,2020-01-22,2020-01-23 08:53:48.140,08:53:48,66.79162666666663,28.38341111111112
5012,370430.676,Flight4_cam1-003-000302-0,7211609.222743258,327735.7479743992,574.2764892578125,HlangwineEP,2020-01-22,2020-01-23 08:53:50.676,08:53:50,66.78486400000006,28.384819999999987
5013,370432.144,Flight4_cam1-003-000303-0,7211609.222743258,327735.7479743992,574.2764892578125,HlangwineEP,2020-01-22,2020-01-23 08:53:52.144,08:53:52,66.78094933333341,28.385635555555538
5014,370434.146,Flight4_cam1-003-000304-0,7211609.222743258,327735.7479743992,574.2764892578125,HlangwineEP,2020-01-22,2020-01-23 08:53:54.146,08:53:54,66.77561066666664,28.38674777777778
5015,370436.148,Flight4_cam1-003-000305-0,7211609.222743258,327735.7479743992,574.2764892578125,HlangwineEP,2020-01-22,2020-01-23 08:53:56.148,08:53:56,66.77027200000003,28.387859999999993
5016,370438.15,Flight4_cam1-003-000306-0,7211609.222743258,327735.7479743992,574.2764892578125,HlangwineEP,2020-01-22,2020-01-23 08:53:58.150,08:53:58,66.76493333333327,28.388972222222236
5017,370440.552,Flight4_cam1-003-000307-0,7211609.222743258,327735.7479743992,574.2764892578125,HlangwineEP,2020-01-22,2020-01-23 08:54:00.552,08:54:00,66.75852799999993,28.39030666666668
5018,370442.287,Flight4_cam1-003-000308-0,7211609.222743258,327735.7479743992,574.2764892578125,HlangwineEP,2020-01-22,2020-01-23 08:54:02.287,08:54:02,66.7539013333333,28.39127055555556
5019,370444.022,Flight4_cam1-003-000309-0,7211609.222743258,327735.7479743992,574.2764892578125,HlangwineEP,2020-01-22,2020-01-23 08:54:04.022,08:54:04,66.74927466666668,28.392234444444444
5020,370446.024,Flight4_cam1-003-000310-0,7211609.222743258,327735.7479743992,574.2764892578125,HlangwineEP,2020-01-22,2020-01-23 08:54:06.024,08:54:06,66.74393600000006,28.393346666666652
5021,370448.694,Flight4_cam1-003-000311-0,7211609.222743258,327735.7479743992,574.2764892578125,HlangwineEP,2020-01-22,2020-01-23 08:54:08.694,08:54:08,66.73681599999995,28.39483000000001
5022,370450.028,Flight4_cam1-003-000312-0,7211609.222743258,327735.7479743992,574.2764892578125,HlangwineEP,2020-01-22,2020-01-23 08:54:10.028,08:54:10,66.73325866666669,28.395571111111106
5023,370452.03,Flight4_cam1-003-000313-0,7211609.222743258,327735.7479743992,574.2764892578125,HlangwineEP,2020-01-22,2020-01-23 08:54:12.030,08:54:12,66.72791999999993,28.39668333333335
5024,370454.032,Flight4_cam1-003-000314-0,7211609.222743258,327735.7479743992,574.2764892578125,HlangwineEP,2020-01-22,2020-01-23 08:54:14.032,08:54:14,66.72258133333331,28.397795555555557
5025,370456.168,Flight4_cam1-003-000315-0,7211609.222743258,327735.7479743992,574.2764892578125,HlangwineEP,2020-01-22,2020-01-23 08:54:16.168,08:54:16,66.71688533333332,28.398982222222227
5026,370458.57,Flight4_cam1-003-000316-0,7211609.222743258,327735.7479743992,574.2764892578125,HlangwineEP,2020-01-22,2020-01-23 08:54:18.570,08:54:18,66.71047999999998,28.40031666666667
5027,370460.038,Flight4_cam1-003-000317-0,7211609.222743258,327735.7479743992,574.2764892578125,HlangwineEP,2020-01-22,2020-01-23 08:54:20.038,08:54:20,66.70656533333333,28.401132222222223
5028,370462.04,Flight4_cam1-003-000318-0,7211609.222743258,327735.7479743992,574.2764892578125,HlangwineEP,2020-01-22,2020-01-23 08:54:22.040,08:54:22,66.70122666666671,28.40224444444443
5029,370464.042,Flight4_cam1-003-000319-0,7211609.222743258,327735.7479743992,574.2764892578125,HlangwineEP,2020-01-22,2020-01-23 08:54:24.042,08:54:24,66.69588799999995,28.403356666666674
5030,370466.711,Flight4_cam1-003-000320-0,7211609.222743258,327735.7479743992,574.2764892578125,HlangwineEP,2020-01-22,2020-01-23 08:54:26.711,08:54:26,66.68877066666664,28.40483944444445
5031,370468.046,Flight4_cam1-003-000321-0,7211609.222743258,327735.7479743992,574.2764892578125,HlangwineEP,2020-01-22,2020-01-23 08:54:28.046,08:54:28,66.68521066666673,28.405581111111097
5032,370470.048,Flight4_cam1-003-000322-0,7211609.222743258,327735.7479743992,574.2764892578125,HlangwineEP,2020-01-22,2020-01-23 08:54:30.048,08:54:30,66.67987199999997,28.40669333333334
5033,370472.05,Flight4_cam1-003-000323-0,7211609.222743258,327735.7479743992,574.2764892578125,HlangwineEP,2020-01-22,2020-01-23 08:54:32.050,08:54:32,66.67453333333336,28.407805555555548
5034,370474.052,Flight4_cam1-003-000324-0,7211609.222743258,327735.7479743992,574.2764892578125,HlangwineEP,2020-01-22,2020-01-23 08:54:34.052,08:54:34,66.6691946666666,28.40891777777779
5035,370476.588,Flight4_cam1-003-000325-0,7211609.222743258,327735.7479743992,574.2764892578125,HlangwineEP,2020-01-22,2020-01-23 08:54:36.588,08:54:36,66.66243200000002,28.41032666666666
5036,370478.056,Flight4_cam1-003-000326-0,7211609.222743258,327735.7479743992,574.2764892578125,HlangwineEP,2020-01-22,2020-01-23 08:54:38.056,08:54:38,66.65851733333338,28.411142222222214
5037,370480.058,Flight4_cam1-003-000327-0,7211609.222743258,327735.7479743992,574.2764892578125,HlangwineEP,2020-01-22,2020-01-23 08:54:40.058,08:54:40,66.65317866666662,28.412254444444454
5038,370482.06,Flight4_cam1-003-000328-0,7211609.222743258,327735.7479743992,574.2764892578125,HlangwineEP,2020-01-22,2020-01-23 08:54:42.060,08:54:42,66.64784,28.413366666666665
5039,370484.729,Flight4_cam1-003-000329-0,7211609.222743258,327735.7479743992,574.2764892578125,HlangwineEP,2020-01-22,2020-01-23 08:54:44.729,08:54:44,66.64072266666669,28.41484944444444
5040,370486.064,Flight4_cam1-003-000330-0,7211609.222743258,327735.7479743992,574.2764892578125,HlangwineEP,2020-01-22,2020-01-23 08:54:46.064,08:54:46,66.63716266666663,28.41559111111112
5041,370488.066,Flight4_cam1-003-000331-0,7211609.222743258,327735.7479743992,574.2764892578125,HlangwineEP,2020-01-22,2020-01-23 08:54:48.066,08:54:48,66.63182400000002,28.416703333333327
5042,370490.068,Flight4_cam1-003-000332-0,7211609.222743258,327735.7479743992,574.2764892578125,HlangwineEP,2020-01-22,2020-01-23 08:54:50.068,08:54:50,66.62648533333325,28.41781555555557
5043,370492.07,Flight4_cam1-003-000333-0,7211609.222743258,327735.7479743992,574.2764892578125,HlangwineEP,2020-01-22,2020-01-23 08:54:52.070,08:54:52,66.62114666666665,28.418927777777782
5044,370494.606,Flight4_cam1-003-000334-0,7211609.222743258,327735.7479743992,574.2764892578125,HlangwineEP,2020-01-22,2020-01-23 08:54:54.606,08:54:54,66.61438399999992,28.42033666666668
5045,370496.074,Flight4_cam1-003-000335-0,7211609.222743258,327735.7479743992,574.2764892578125,HlangwineEP,2020-01-22,2020-01-23 08:54:56.074,08:54:56,66.61046933333327,28.421152222222233
5046,370498.076,Flight4_cam1-003-000336-0,7211609.222743258,327735.7479743992,574.2764892578125,HlangwineEP,2020-01-22,2020-01-23 08:54:58.076,08:54:58,66.60513066666667,28.422264444444444
5047,370500.078,Flight4_cam1-003-000337-0,7211609.222743258,327735.7479743992,574.2764892578125,HlangwineEP,2020-01-22,2020-01-23 08:55:00.078,08:55:00,66.59979200000005,28.423376666666655
5048,370502.747,Flight4_cam1-003-000338-0,7211609.222743258,327735.7479743992,574.2764892578125,HlangwineEP,2020-01-22,2020-01-23 08:55:02.747,08:55:02,66.59267466666674,28.42485944444443
5049,370504.082,Flight4_cam1-003-000339-0,7211609.222743258,327735.7479743992,574.2764892578125,HlangwineEP,2020-01-22,2020-01-23 08:55:04.082,08:55:04,66.58911466666667,28.425601111111106
5050,370506.084,Flight4_cam1-003-000340-0,7211609.222743258,327735.7479743992,574.2764892578125,HlangwineEP,2020-01-22,2020-01-23 08:55:06.084,08:55:06,66.58377600000007,28.426713333333318
5051,370508.086,Flight4_cam1-003-000341-0,7211609.222743258,327735.7479743992,574.2764892578125,HlangwineEP,2020-01-22,2020-01-23 08:55:08.086,08:55:08,66.5784373333333,28.42782555555556
5052,370510.088,Flight4_cam1-003-000342-0,7211609.222743258,327735.7479743992,574.2764892578125,HlangwineEP,2020-01-22,2020-01-23 08:55:10.088,08:55:10,66.5730986666667,28.428937777777772
5053,370512.49,Flight4_cam1-003-000343-0,7211609.222743258,327735.7479743992,574.2764892578125,HlangwineEP,2020-01-22,2020-01-23 08:55:12.490,08:55:12,66.56669333333336,28.430272222222218
5054,370514.092,Flight4_cam1-003-000344-0,7211609.222743258,327735.7479743992,574.2764892578125,HlangwineEP,2020-01-22,2020-01-23 08:55:14.092,08:55:14,66.56242133333332,28.431162222222223
5055,370516.094,Flight4_cam1-003-000345-0,7211609.222743258,327735.7479743992,574.2764892578125,HlangwineEP,2020-01-22,2020-01-23 08:55:16.094,08:55:16,66.55708266666672,28.432274444444435
5056,370518.096,Flight4_cam1-003-000346-0,7211609.222743258,327735.7479743992,574.2764892578125,HlangwineEP,2020-01-22,2020-01-23 08:55:18.096,08:55:18,66.55174399999994,28.433386666666678
5057,370520.765,Flight4_cam1-003-000347-0,7211609.222743258,327735.7479743992,574.2764892578125,HlangwineEP,2020-01-22,2020-01-23 08:55:20.765,08:55:20,66.54462666666663,28.434869444444452
5058,370522.5,Flight4_cam1-003-000348-0,7211609.222743258,327735.7479743992,574.2764892578125,HlangwineEP,2020-01-22,2020-01-23 08:55:22.500,08:55:22,66.53999999999999,28.435833333333335
5059,370524.102,Flight4_cam1-003-000349-0,7211609.222743258,327735.7479743992,574.2764892578125,HlangwineEP,2020-01-22,2020-01-23 08:55:24.102,08:55:24,66.53572799999996,28.43672333333334
5060,370526.104,Flight4_cam1-003-000350-0,7211609.222743258,327735.7479743992,574.2764892578125,HlangwineEP,2020-01-22,2020-01-23 08:55:26.104,08:55:26,66.53038933333335,28.43783555555555
5061,370528.773,Flight4_cam1-003-000351-0,7211609.222743258,327735.7479743992,574.2764892578125,HlangwineEP,2020-01-22,2020-01-23 08:55:28.773,08:55:28,66.52327200000003,28.439318333333325
5062,370530.108,Flight4_cam1-003-000352-0,7211609.222743258,327735.7479743992,574.2764892578125,HlangwineEP,2020-01-22,2020-01-23 08:55:30.108,08:55:30,66.51971199999997,28.440060000000003
5063,370533.311,Flight4_cam1-003-000353-0,7211609.222743258,327735.7479743992,574.2764892578125,HlangwineEP,2020-01-22,2020-01-23 08:55:33.311,08:55:33,66.5111706666667,28.441839444444437
5064,370534.112,Flight4_cam1-003-000354-0,7211609.222743258,327735.7479743992,574.2764892578125,HlangwineEP,2020-01-22,2020-01-23 08:55:34.112,08:55:34,66.50903466666661,28.442284444444457
5065,370536.114,Flight4_cam1-003-000355-0,7211609.222743258,327735.7479743992,574.2764892578125,HlangwineEP,2020-01-22,2020-01-23 08:55:36.114,08:55:36,66.50369599999999,28.44339666666667
5066,370538.116,Flight4_cam1-003-000356-0,7211609.222743258,327735.7479743992,574.2764892578125,HlangwineEP,2020-01-22,2020-01-23 08:55:38.116,08:55:38,66.49835733333339,28.444508888888876
5067,370541.853,Flight4_cam1-003-000357-0,7211609.222743258,327735.7479743992,574.2764892578125,HlangwineEP,2020-01-22,2020-01-23 08:55:41.853,08:55:41,66.48839199999999,28.446585000000002
5068,370542.253,Flight4_cam1-003-000358-0,7211609.222743258,327735.7479743992,574.2764892578125,HlangwineEP,2020-01-22,2020-01-23 08:55:42.253,08:55:42,66.48732533333326,28.446807222222237
5069,370544.121,Flight4_cam1-003-000359-0,7211609.222743258,327735.7479743992,574.2764892578125,HlangwineEP,2020-01-22,2020-01-23 08:55:44.121,08:55:44,66.48234400000004,28.44784499999999
5070,370546.123,Flight4_cam1-003-000360-0,7211609.222743258,327735.7479743992,574.2764892578125,HlangwineEP,2020-01-22,2020-01-23 08:55:46.123,08:55:46,66.47700533333327,28.448957222222234
5071,370548.659,Flight4_cam1-003-000361-0,7211609.222743258,327735.7479743992,574.2764892578125,HlangwineEP,2020-01-22,2020-01-23 08:55:48.659,08:55:48,66.4702426666667,28.4503661111111
5072,370550.127,Flight4_cam1-003-000362-0,7211609.222743258,327735.7479743992,574.2764892578125,HlangwineEP,2020-01-22,2020-01-23 08:55:50.127,08:55:50,66.46632800000006,28.451181666666656
5073,370554.265,Flight4_cam1-003-000363-0,7211609.222743258,327735.7479743992,574.2764892578125,HlangwineEP,2020-01-22,2020-01-23 08:55:54.265,08:55:54,66.45529333333329,28.453480555555565
5074,370556.133,Flight4_cam1-003-000364-0,7211609.222743258,327735.7479743992,574.2764892578125,HlangwineEP,2020-01-22,2020-01-23 08:55:56.133,08:55:56,66.45031200000007,28.45451833333332
5075,370558.135,Flight4_cam1-003-000365-0,7211609.222743258,327735.7479743992,574.2764892578125,HlangwineEP,2020-01-22,2020-01-23 08:55:58.135,08:55:58,66.44497333333331,28.45563055555556
5076,370560.137,Flight4_cam1-003-000366-0,7211609.222743258,327735.7479743992,574.2764892578125,HlangwineEP,2020-01-22,2020-01-23 08:56:00.137,08:56:00,66.43963466666669,28.45674277777777
5077,370562.139,Flight4_cam1-003-000367-0,7211609.222743258,327735.7479743992,574.2764892578125,HlangwineEP,2020-01-22,2020-01-23 08:56:02.139,08:56:02,66.43429599999993,28.457855000000013
5078,370564.675,Flight4_cam1-003-000368-0,7211609.222743258,327735.7479743992,574.2764892578125,HlangwineEP,2020-01-22,2020-01-23 08:56:04.675,08:56:04,66.42753333333336,28.45926388888888
5079,370566.143,Flight4_cam1-003-000369-0,7211609.222743258,327735.7479743992,574.2764892578125,HlangwineEP,2020-01-22,2020-01-23 08:56:06.143,08:56:06,66.42361866666671,28.460079444444435
5080,370568.145,Flight4_cam1-003-000370-0,7211609.222743258,327735.7479743992,574.2764892578125,HlangwineEP,2020-01-22,2020-01-23 08:56:08.145,08:56:08,66.41827999999995,28.46119166666668
5081,370570.147,Flight4_cam1-003-000371-0,7211609.222743258,327735.7479743992,574.2764892578125,HlangwineEP,2020-01-22,2020-01-23 08:56:10.147,08:56:10,66.41294133333334,28.462303888888886
5082,370572.149,Flight4_cam1-003-000372-0,7211609.222743258,327735.7479743992,574.2764892578125,HlangwineEP,2020-01-22,2020-01-23 08:56:12.149,08:56:12,66.40760266666673,28.463416111111098
5083,370574.552,Flight4_cam1-003-000373-0,7211609.222743258,327735.7479743992,574.2764892578125,HlangwineEP,2020-01-22,2020-01-23 08:56:14.552,08:56:14,66.4011946666666,28.464751111111124
5084,370576.153,Flight4_cam1-003-000374-0,7211609.222743258,327735.7479743992,574.2764892578125,HlangwineEP,2020-01-22,2020-01-23 08:56:16.153,08:56:16,66.39692533333336,28.465640555555552
5085,370578.022,Flight4_cam1-003-000375-0,7211609.222743258,327735.7479743992,574.2764892578125,HlangwineEP,2020-01-22,2020-01-23 08:56:18.022,08:56:18,66.39194133333334,28.466678888888886
5086,370580.157,Flight4_cam1-003-000376-0,7211609.222743258,327735.7479743992,574.2764892578125,HlangwineEP,2020-01-22,2020-01-23 08:56:20.157,08:56:20,66.38624799999998,28.467865000000003
5087,370582.693,Flight4_cam1-003-000377-0,7211609.222743258,327735.7479743992,574.2764892578125,HlangwineEP,2020-01-22,2020-01-23 08:56:22.693,08:56:22,66.37948533333325,28.469273888888903
5088,370584.161,Flight4_cam1-003-000378-0,7211609.222743258,327735.7479743992,574.2764892578125,HlangwineEP,2020-01-22,2020-01-23 08:56:24.161,08:56:24,66.3755706666666,28.470089444444458
5089,370586.03,Flight4_cam1-003-000379-0,7211609.222743258,327735.7479743992,574.2764892578125,HlangwineEP,2020-01-22,2020-01-23 08:56:26.030,08:56:26,66.37058666666658,28.47112777777779
5090,370588.032,Flight4_cam1-003-000380-0,7211609.222743258,327735.7479743992,574.2764892578125,HlangwineEP,2020-01-22,2020-01-23 08:56:28.032,08:56:28,66.36524799999998,28.472240000000003
5091,370590.167,Flight4_cam1-003-000381-0,7211609.222743258,327735.7479743992,574.2764892578125,HlangwineEP,2020-01-22,2020-01-23 08:56:30.167,08:56:30,66.35955466666663,28.47342611111112
5092,370592.57,Flight4_cam1-003-000382-0,7211609.222743258,327735.7479743992,574.2764892578125,HlangwineEP,2020-01-22,2020-01-23 08:56:32.570,08:56:32,66.35314666666665,28.474761111111114
5093,370594.038,Flight4_cam1-003-000383-0,7211609.222743258,327735.7479743992,574.2764892578125,HlangwineEP,2020-01-22,2020-01-23 08:56:34.038,08:56:34,66.349232,28.475576666666665
5094,370596.04,Flight4_cam1-003-000384-0,7211609.222743258,327735.7479743992,574.2764892578125,HlangwineEP,2020-01-22,2020-01-23 08:56:36.040,08:56:36,66.34389333333338,28.476688888888877
5095,370598.042,Flight4_cam1-003-000385-0,7211609.222743258,327735.7479743992,574.2764892578125,HlangwineEP,2020-01-22,2020-01-23 08:56:38.042,08:56:38,66.33855466666662,28.47780111111112
5096,370600.711,Flight4_cam1-003-000386-0,7211609.222743258,327735.7479743992,574.2764892578125,HlangwineEP,2020-01-22,2020-01-23 08:56:40.711,08:56:40,66.3314373333333,28.479283888888894
5097,370602.313,Flight4_cam1-003-000387-0,7211609.222743258,327735.7479743992,574.2764892578125,HlangwineEP,2020-01-22,2020-01-23 08:56:42.313,08:56:42,66.32716533333327,28.480173888888903
5098,370604.048,Flight4_cam1-003-000388-0,7211609.222743258,327735.7479743992,574.2764892578125,HlangwineEP,2020-01-22,2020-01-23 08:56:44.048,08:56:44,66.32253866666665,28.481137777777782
5099,370607.117,Flight4_cam1-003-000389-0,7211609.222743258,327735.7479743992,574.2764892578125,HlangwineEP,2020-01-22,2020-01-23 08:56:47.117,08:56:47,66.31435466666659,28.482842777777794
5100,370608.052,Flight4_cam1-003-000390-0,7211609.222743258,327735.7479743992,574.2764892578125,HlangwineEP,2020-01-22,2020-01-23 08:56:48.052,08:56:48,66.31186133333327,28.483362222222237
5101,370610.054,Flight4_cam1-003-000391-0,7211609.222743258,327735.7479743992,574.2764892578125,HlangwineEP,2020-01-22,2020-01-23 08:56:50.054,08:56:50,66.30652266666665,28.484474444444448
5102,370612.056,Flight4_cam1-003-000392-0,7211609.222743258,327735.7479743992,574.2764892578125,HlangwineEP,2020-01-22,2020-01-23 08:56:52.056,08:56:52,66.30118400000005,28.485586666666656
5103,370614.057,Flight4_cam1-003-000393-0,7211609.222743258,327735.7479743992,574.2764892578125,HlangwineEP,2020-01-22,2020-01-23 08:56:54.057,08:56:54,66.29584800000008,28.48669833333332
5104,370616.727,Flight4_cam1-003-000394-0,7211609.222743258,327735.7479743992,574.2764892578125,HlangwineEP,2020-01-22,2020-01-23 08:56:56.727,08:56:56,66.28872799999996,28.488181666666673
5105,370618.061,Flight4_cam1-003-000395-0,7211609.222743258,327735.7479743992,574.2764892578125,HlangwineEP,2020-01-22,2020-01-23 08:56:58.061,08:56:58,66.2851706666667,28.48892277777777
5106,370620.063,Flight4_cam1-003-000396-0,7211609.222743258,327735.7479743992,574.2764892578125,HlangwineEP,2020-01-22,2020-01-23 08:57:00.063,08:57:00,66.27983199999993,28.490035000000013
5107,370622.065,Flight4_cam1-003-000397-0,7211609.222743258,327735.7479743992,574.2764892578125,HlangwineEP,2020-01-22,2020-01-23 08:57:02.065,08:57:02,66.27449333333333,28.491147222222224
5108,370624.067,Flight4_cam1-003-000398-0,7211609.222743258,327735.7479743992,574.2764892578125,HlangwineEP,2020-01-22,2020-01-23 08:57:04.067,08:57:04,66.26915466666671,28.492259444444432
5109,370626.603,Flight4_cam1-003-000399-0,7211609.222743258,327735.7479743992,574.2764892578125,HlangwineEP,2020-01-22,2020-01-23 08:57:06.603,08:57:06,66.26239199999999,28.493668333333336
5110,370628.071,Flight4_cam1-003-000400-0,7211609.222743258,327735.7479743992,574.2764892578125,HlangwineEP,2020-01-22,2020-01-23 08:57:08.071,08:57:08,66.25847733333335,28.494483888888887
5111,370630.073,Flight4_cam1-003-000401-0,7211609.222743258,327735.7479743992,574.2764892578125,HlangwineEP,2020-01-22,2020-01-23 08:57:10.073,08:57:10,66.25313866666673,28.495596111111098
5112,370632.075,Flight4_cam1-003-000402-0,7211609.222743258,327735.7479743992,574.2764892578125,HlangwineEP,2020-01-22,2020-01-23 08:57:12.075,08:57:12,66.24779999999997,28.49670833333334
5113,370634.745,Flight4_cam1-003-000403-0,7211609.222743258,327735.7479743992,574.2764892578125,HlangwineEP,2020-01-22,2020-01-23 08:57:14.745,08:57:14,66.24068000000001,28.498191666666663
5114,370636.079,Flight4_cam1-003-000404-0,7211609.222743258,327735.7479743992,574.2764892578125,HlangwineEP,2020-01-22,2020-01-23 08:57:16.079,08:57:16,66.2371226666666,28.498932777777792
5115,370638.081,Flight4_cam1-003-000405-0,7211609.222743258,327735.7479743992,574.2764892578125,HlangwineEP,2020-01-22,2020-01-23 08:57:18.081,08:57:18,66.23178399999998,28.500045000000004
5116,370640.083,Flight4_cam1-003-000406-0,7211609.222743258,327735.7479743992,574.2764892578125,HlangwineEP,2020-01-22,2020-01-23 08:57:20.083,08:57:20,66.22644533333337,28.501157222222215
5117,370937.311,Flight4_cam1-004-000000-0,7211609.222743258,327735.7479743992,574.2764892578125,HlangwineEP,2020-01-22,2020-01-23 09:02:17.311,09:02:17,65.58640511111113,28.62737910555555
5118,370938.646,Flight4_cam1-004-000001-0,7211609.222743258,327735.7479743992,574.2764892578125,HlangwineEP,2020-01-22,2020-01-23 09:02:18.646,09:02:18,65.58432844444442,28.627742522222224
5119,370940.648,Flight4_cam1-004-000002-0,7211609.222743258,327735.7479743992,574.2764892578125,HlangwineEP,2020-01-22,2020-01-23 09:02:20.648,09:02:20,65.58121422222224,28.628287511111107
5120,370942.65,Flight4_cam1-004-000003-0,7211609.222743258,327735.7479743992,574.2764892578125,HlangwineEP,2020-01-22,2020-01-23 09:02:22.650,09:02:22,65.57809999999996,28.628832500000005
5121,370945.319,Flight4_cam1-004-000004-0,7211609.222743258,327735.7479743992,574.2764892578125,HlangwineEP,2020-01-22,2020-01-23 09:02:25.319,09:02:25,65.57394822222219,28.629559061111117
5122,370946.654,Flight4_cam1-004-000005-0,7211609.222743258,327735.7479743992,574.2764892578125,HlangwineEP,2020-01-22,2020-01-23 09:02:26.654,09:02:26,65.57187155555559,28.62992247777777
5123,370948.656,Flight4_cam1-004-000006-0,7211609.222743258,327735.7479743992,574.2764892578125,HlangwineEP,2020-01-22,2020-01-23 09:02:28.656,09:02:28,65.56875733333331,28.630467466666673
5124,370950.658,Flight4_cam1-004-000007-0,7211609.222743258,327735.7479743992,574.2764892578125,HlangwineEP,2020-01-22,2020-01-23 09:02:30.658,09:02:30,65.56564311111111,28.631012455555556
5125,370952.66,Flight4_cam1-004-000008-0,7211609.222743258,327735.7479743992,574.2764892578125,HlangwineEP,2020-01-22,2020-01-23 09:02:32.660,09:02:32,65.56252888888892,28.631557444444436
5126,370955.062,Flight4_cam1-004-000009-0,7211609.222743258,327735.7479743992,574.2764892578125,HlangwineEP,2020-01-22,2020-01-23 09:02:35.062,09:02:35,65.55879244444448,28.632211322222215
5127,370956.664,Flight4_cam1-004-000010-0,7211609.222743258,327735.7479743992,574.2764892578125,HlangwineEP,2020-01-22,2020-01-23 09:02:36.664,09:02:36,65.55630044444446,28.63264742222222
5128,370958.666,Flight4_cam1-004-000011-0,7211609.222743258,327735.7479743992,574.2764892578125,HlangwineEP,2020-01-22,2020-01-23 09:02:38.666,09:02:38,65.55318622222218,28.633192411111118
5129,370960.668,Flight4_cam1-004-000012-0,7211609.222743258,327735.7479743992,574.2764892578125,HlangwineEP,2020-01-22,2020-01-23 09:02:40.668,09:02:40,65.55007199999999,28.6337374
5130,370963.337,Flight4_cam1-004-000013-0,7211609.222743258,327735.7479743992,574.2764892578125,HlangwineEP,2020-01-22,2020-01-23 09:02:43.337,09:02:43,65.54592022222222,28.63446396111111
5131,370964.672,Flight4_cam1-004-000014-0,7211609.222743258,327735.7479743992,574.2764892578125,HlangwineEP,2020-01-22,2020-01-23 09:02:44.672,09:02:44,65.54384355555553,28.634827377777782
5132,370966.674,Flight4_cam1-004-000015-0,7211609.222743258,327735.7479743992,574.2764892578125,HlangwineEP,2020-01-22,2020-01-23 09:02:46.674,09:02:46,65.54072933333333,28.635372366666665
5133,370968.676,Flight4_cam1-004-000016-0,7211609.222743258,327735.7479743992,574.2764892578125,HlangwineEP,2020-01-22,2020-01-23 09:02:48.676,09:02:48,65.53761511111114,28.63591735555555
5134,370970.678,Flight4_cam1-004-000017-0,7211609.222743258,327735.7479743992,574.2764892578125,HlangwineEP,2020-01-22,2020-01-23 09:02:50.678,09:02:50,65.53450088888886,28.63646234444445
5135,370973.08,Flight4_cam1-004-000018-0,7211609.222743258,327735.7479743992,574.2764892578125,HlangwineEP,2020-01-22,2020-01-23 09:02:53.080,09:02:53,65.53076444444442,28.637116222222225
5136,370974.682,Flight4_cam1-004-000019-0,7211609.222743258,327735.7479743992,574.2764892578125,HlangwineEP,2020-01-22,2020-01-23 09:02:54.682,09:02:54,65.52827244444448,28.637552322222213
5137,370976.684,Flight4_cam1-004-000020-0,7211609.222743258,327735.7479743992,574.2764892578125,HlangwineEP,2020-01-22,2020-01-23 09:02:56.684,09:02:56,65.5251582222222,28.638097311111114
5138,370978.686,Flight4_cam1-004-000021-0,7211791.818217883,328039.76893905515,649.2357788085938,HlangwineEP,2020-01-22,2020-01-23 09:02:58.686,09:02:58,65.52204400000002,28.638642299999997
5139,370981.222,Flight4_cam1-004-000022-0,7211807.214223705,328061.99872316164,649.2172241210938,HlangwineEP,2020-01-22,2020-01-23 09:03:01.222,09:03:01,65.5180991111111,28.639332655555556
5140,370982.69,Flight4_cam1-004-000023-0,7211816.308061382,328075.09605609375,649.2019653320312,HlangwineEP,2020-01-22,2020-01-23 09:03:02.690,09:03:02,65.51581555555555,28.639732277777778
5141,370984.692,Flight4_cam1-004-000024-0,7211828.098725012,328092.30556253344,649.2233276367188,HlangwineEP,2020-01-22,2020-01-23 09:03:04.692,09:03:04,65.51270133333335,28.64027726666666
5142,370986.694,Flight4_cam1-004-000025-0,7211840.126079958,328109.8194689646,649.2019653320312,HlangwineEP,2020-01-22,2020-01-23 09:03:06.694,09:03:06,65.50958711111109,28.64082225555556
5143,370988.696,Flight4_cam1-004-000026-0,7211852.018123178,328126.9499251124,649.1613159179688,HlangwineEP,2020-01-22,2020-01-23 09:03:08.696,09:03:08,65.5064728888889,28.641367244444442
5144,370991.098,Flight4_cam1-004-000027-0,7211866.010858903,328147.1562498732,649.1365966796875,HlangwineEP,2020-01-22,2020-01-23 09:03:11.098,09:03:11,65.50273644444445,28.64202112222222
5145,370993.233,Flight4_cam1-004-000028-0,7211877.537380415,328163.7764471237,649.07421875,HlangwineEP,2020-01-22,2020-01-23 09:03:13.233,09:03:13,65.49941533333332,28.642602316666668
5146,370994.702,Flight4_cam1-004-000029-0,7211885.686971553,328175.5545277804,649.0506591796875,HlangwineEP,2020-01-22,2020-01-23 09:03:14.702,09:03:14,65.49713022222224,28.64300221111111
5147,370996.704,Flight4_cam1-004-000030-0,7211897.664337312,328192.4813557457,648.9755249023438,HlangwineEP,2020-01-22,2020-01-23 09:03:16.704,09:03:16,65.49401599999996,28.643547200000008
5148,370999.239,Flight4_cam1-004-000031-0,7211914.312618278,328215.4023884282,648.8333740234375,HlangwineEP,2020-01-22,2020-01-23 09:03:19.239,09:03:19,65.49007266666666,28.644237283333332
5149,371000.708,Flight4_cam1-004-000032-0,7211924.652386161,328229.58510391496,648.7642822265625,HlangwineEP,2020-01-22,2020-01-23 09:03:20.708,09:03:20,65.48778755555558,28.644637177777774
5150,371002.71,Flight4_cam1-004-000033-0,7211938.034762669,328247.90756168903,648.662109375,HlangwineEP,2020-01-22,2020-01-23 09:03:22.710,09:03:22,65.4846733333333,28.64518216666667
5151,371004.712,Flight4_cam1-004-000034-0,7211950.747830797,328265.1032962523,648.6070556640625,HlangwineEP,2020-01-22,2020-01-23 09:03:24.712,09:03:24,65.48155911111111,28.645727155555555
5152,371006.714,Flight4_cam1-004-000035-0,7211963.546924744,328280.59687273763,648.53173828125,HlangwineEP,2020-01-22,2020-01-23 09:03:26.714,09:03:26,65.47844488888892,28.64627214444444
5153,371009.116,Flight4_cam1-004-000036-0,7211980.401889751,328290.8437013688,648.4334106445312,HlangwineEP,2020-01-22,2020-01-23 09:03:29.116,09:03:29,65.47470844444447,28.646926022222218
5154,371010.717,Flight4_cam1-004-000037-0,7211993.964390619,328287.36041130533,648.243408203125,HlangwineEP,2020-01-22,2020-01-23 09:03:30.717,09:03:30,65.472218,28.64736185
5155,371012.719,Flight4_cam1-004-000038-0,7212002.084869118,328273.1462326873,647.984375,HlangwineEP,2020-01-22,2020-01-23 09:03:32.719,09:03:32,65.4691037777778,28.647906838888883
5156,371015.122,Flight4_cam1-004-000039-0,7211992.403853318,328254.9577711283,647.915771484375,HlangwineEP,2020-01-22,2020-01-23 09:03:35.122,09:03:35,65.46536577777782,28.64856098888888
5157,371016.723,Flight4_cam1-004-000040-0,7211978.7259486485,328242.062557695,648.115234375,HlangwineEP,2020-01-22,2020-01-23 09:03:36.723,09:03:36,65.46287533333333,28.648996816666667
5158,371018.725,Flight4_cam1-004-000041-0,7211962.820103621,328225.8972400173,648.2862548828125,HlangwineEP,2020-01-22,2020-01-23 09:03:38.725,09:03:38,65.45976111111115,28.64954180555555
5159,371020.727,Flight4_cam1-004-000042-0,7211947.827840492,328209.60617162543,648.5283813476562,HlangwineEP,2020-01-22,2020-01-23 09:03:40.727,09:03:40,65.45664688888887,28.650086794444448
5160,371023.263,Flight4_cam1-004-000043-0,7211931.132583864,328191.4197596102,648.5189819335938,HlangwineEP,2020-01-22,2020-01-23 09:03:43.263,09:03:43,65.45270200000003,28.650777149999993
5161,371024.598,Flight4_cam1-004-000044-0,7211923.627121507,328183.48174570117,648.4642333984375,HlangwineEP,2020-01-22,2020-01-23 09:03:44.598,09:03:44,65.45062533333333,28.651140566666665
5162,371026.6,Flight4_cam1-004-000045-0,7211914.270809691,328173.88279401476,648.4306640625,HlangwineEP,2020-01-22,2020-01-23 09:03:46.600,09:03:46,65.44751111111114,28.65168555555555
5163,371028.602,Flight4_cam1-004-000046-0,7211905.352975597,328164.5255399649,648.456787109375,HlangwineEP,2020-01-22,2020-01-23 09:03:48.602,09:03:48,65.44439688888886,28.652230544444446
5164,371031.271,Flight4_cam1-004-000047-0,7211891.092379772,328149.24988827336,648.5789794921875,HlangwineEP,2020-01-22,2020-01-23 09:03:51.271,09:03:51,65.4402451111111,28.652957105555558
5165,371032.606,Flight4_cam1-004-000048-0,7211883.569317464,328141.0031746683,648.5864868164062,HlangwineEP,2020-01-22,2020-01-23 09:03:52.606,09:03:52,65.4381684444444,28.65332052222223
5166,371034.608,Flight4_cam1-004-000049-0,7211872.759234839,328129.0021707292,648.6270141601562,HlangwineEP,2020-01-22,2020-01-23 09:03:54.608,09:03:54,65.4350542222222,28.653865511111114
5167,371036.61,Flight4_cam1-004-000050-0,7211862.662528009,328117.583581186,648.6045532226562,HlangwineEP,2020-01-22,2020-01-23 09:03:56.610,09:03:56,65.43194000000003,28.654410499999997
5168,371038.612,Flight4_cam1-004-000051-0,7211853.138390502,328106.539707285,648.6207885742188,HlangwineEP,2020-01-22,2020-01-23 09:03:58.612,09:03:58,65.42882577777775,28.654955488888895
5169,371041.148,Flight4_cam1-004-000052-0,7211840.796992181,328092.205012611,648.648681640625,HlangwineEP,2020-01-22,2020-01-23 09:04:01.148,09:04:01,65.42488088888891,28.65564584444444
5170,371042.616,Flight4_cam1-004-000053-0,7211833.212104553,328083.29307110637,648.6503295898438,HlangwineEP,2020-01-22,2020-01-23 09:04:02.616,09:04:02,65.42259733333336,28.65604546666666
5171,371044.618,Flight4_cam1-004-000054-0,7211823.193398233,328071.31180251134,648.6764526367188,HlangwineEP,2020-01-22,2020-01-23 09:04:04.618,09:04:04,65.41948311111108,28.65659045555556
5172,371046.62,Flight4_cam1-004-000055-0,7211813.09261824,328059.3140127972,648.7831420898438,HlangwineEP,2020-01-22,2020-01-23 09:04:06.620,09:04:06,65.4163688888889,28.657135444444442
5173,371049.289,Flight4_cam1-004-000056-0,7211798.272385434,328041.66725374956,648.9215698242188,HlangwineEP,2020-01-22,2020-01-23 09:04:09.289,09:04:09,65.41221711111112,28.657862005555554
5174,371050.624,Flight4_cam1-004-000057-0,7211790.715969174,328032.775130218,648.8558349609375,HlangwineEP,2020-01-22,2020-01-23 09:04:10.624,09:04:10,65.41014044444442,28.658225422222227
5175,371053.026,Flight4_cam1-004-000058-0,7211777.054619767,328016.532223613,649.0140991210938,HlangwineEP,2020-01-22,2020-01-23 09:04:13.026,09:04:13,65.40640399999998,28.658879300000002
5176,371054.628,Flight4_cam1-004-000059-0,7211767.5416084435,328005.1839059898,648.9572143554688,HlangwineEP,2020-01-22,2020-01-23 09:04:14.628,09:04:14,65.40391199999996,28.659315400000008
5177,371057.297,Flight4_cam1-004-000060-0,7211751.13129982,327985.7536562242,648.929443359375,HlangwineEP,2020-01-22,2020-01-23 09:04:17.297,09:04:17,65.39976022222218,28.660041961111116
5178,371058.632,Flight4_cam1-004-000061-0,7211742.731372396,327976.0867669021,648.79736328125,HlangwineEP,2020-01-22,2020-01-23 09:04:18.632,09:04:18,65.39768355555557,28.660405377777774
5179,371060.634,Flight4_cam1-004-000062-0,7211730.285068905,327961.69054856146,648.6751098632812,HlangwineEP,2020-01-22,2020-01-23 09:04:20.634,09:04:20,65.3945693333333,28.660950366666672
5180,371062.636,Flight4_cam1-004-000063-0,7211717.747187624,327947.24109521636,648.7399291992188,HlangwineEP,2020-01-22,2020-01-23 09:04:22.636,09:04:22,65.39145511111111,28.661495355555555
5181,371065.305,Flight4_cam1-004-000064-0,7211701.538067103,327928.0807084597,648.653076171875,HlangwineEP,2020-01-22,2020-01-23 09:04:25.305,09:04:25,65.38730333333334,28.662221916666663
5182,371066.64,Flight4_cam1-004-000065-0,7211694.020069898,327919.26081126375,648.6732788085938,HlangwineEP,2020-01-22,2020-01-23 09:04:26.640,09:04:26,65.38522666666664,28.662585333333336
5183,371068.642,Flight4_cam1-004-000066-0,7211681.477626935,327904.7057328429,648.7326049804688,HlangwineEP,2020-01-22,2020-01-23 09:04:28.642,09:04:28,65.38211244444446,28.66313032222222
5184,371070.644,Flight4_cam1-004-000067-0,7211668.678341915,327889.7714680617,648.7837524414062,HlangwineEP,2020-01-22,2020-01-23 09:04:30.644,09:04:30,65.37899822222226,28.663675311111103
5185,371072.646,Flight4_cam1-004-000068-0,7211655.0966384355,327873.568585552,648.7374877929688,HlangwineEP,2020-01-22,2020-01-23 09:04:32.646,09:04:32,65.37588399999999,28.664220300000004
5186,371075.181,Flight4_cam1-004-000069-0,7211637.5783130815,327852.6209291633,648.7918090820312,HlangwineEP,2020-01-22,2020-01-23 09:04:35.181,09:04:35,65.37194066666669,28.66491038333333
5187,371076.65,Flight4_cam1-004-000070-0,7211627.243555522,327840.33014980255,648.7916870117188,HlangwineEP,2020-01-22,2020-01-23 09:04:36.650,09:04:36,65.36965555555551,28.665310277777785
5188,371078.652,Flight4_cam1-004-000071-0,7211613.531590854,327823.90411085146,648.886474609375,HlangwineEP,2020-01-22,2020-01-23 09:04:38.652,09:04:38,65.36654133333333,28.665855266666668
5189,371080.654,Flight4_cam1-004-000072-0,7211599.51420985,327807.30636173306,648.9674682617188,HlangwineEP,2020-01-22,2020-01-23 09:04:40.654,09:04:40,65.36342711111114,28.66640025555555
5190,371083.323,Flight4_cam1-004-000073-0,7211580.097524645,327784.6132723552,648.8679809570312,HlangwineEP,2020-01-22,2020-01-23 09:04:43.323,09:04:43,65.35927533333337,28.66712681666666
5191,371084.657,Flight4_cam1-004-000074-0,7211570.744327497,327773.91557351383,648.9595336914062,HlangwineEP,2020-01-22,2020-01-23 09:04:44.657,09:04:44,65.3572002222222,28.667489961111112
5192,371086.659,Flight4_cam1-004-000075-0,7211555.6485435795,327756.23473025364,649.1063842773438,HlangwineEP,2020-01-22,2020-01-23 09:04:46.659,09:04:46,65.35408600000002,28.668034949999996
5193,371088.661,Flight4_cam1-004-000076-0,7211540.869393894,327738.62026038964,649.185546875,HlangwineEP,2020-01-22,2020-01-23 09:04:48.661,09:04:48,65.35097177777774,28.668579938888893
5194,371090.663,Flight4_cam1-004-000077-0,7211525.853013489,327720.3913121136,649.3139038085938,HlangwineEP,2020-01-22,2020-01-23 09:04:50.663,09:04:50,65.34785755555555,28.669124927777776
5195,371093.066,Flight4_cam1-004-000078-0,7211506.512224571,327697.29780115036,649.4083251953125,HlangwineEP,2020-01-22,2020-01-23 09:04:53.066,09:04:53,65.34411955555557,28.669779077777775
5196,371094.667,Flight4_cam1-004-000079-0,7211493.608439962,327681.8210580975,649.4075317382812,HlangwineEP,2020-01-22,2020-01-23 09:04:54.667,09:04:54,65.34162911111109,28.67021490555556
5197,371096.669,Flight4_cam1-004-000080-0,7211477.614311435,327663.1061998037,649.4464111328125,HlangwineEP,2020-01-22,2020-01-23 09:04:56.669,09:04:56,65.3385148888889,28.670759894444444
5198,371098.671,Flight4_cam1-004-000081-0,7211462.290943517,327645.0651529551,649.4723510742188,HlangwineEP,2020-01-22,2020-01-23 09:04:58.671,09:04:58,65.3354006666667,28.671304883333327
5199,371101.341,Flight4_cam1-004-000082-0,7211442.784095425,327622.4409685359,649.32470703125,HlangwineEP,2020-01-22,2020-01-23 09:05:01.341,09:05:01,65.33124733333331,28.67203171666667
5200,371102.675,Flight4_cam1-004-000083-0,7211434.578533497,327612.87410194846,649.1771240234375,HlangwineEP,2020-01-22,2020-01-23 09:05:02.675,09:05:02,65.32917222222224,28.67239486111111
5201,371104.677,Flight4_cam1-004-000084-0,7211423.151751887,327599.69188646635,649.064208984375,HlangwineEP,2020-01-22,2020-01-23 09:05:04.677,09:05:04,65.32605799999996,28.672939850000006
5202,371106.679,Flight4_cam1-004-000085-0,7211412.098730755,327586.7506512621,648.973876953125,HlangwineEP,2020-01-22,2020-01-23 09:05:06.679,09:05:06,65.32294377777777,28.67348483888889
5203,371109.349,Flight4_cam1-004-000086-0,7211397.601374315,327569.7163358818,648.8507080078125,HlangwineEP,2020-01-22,2020-01-23 09:05:09.349,09:05:09,65.31879044444446,28.674211672222217
5204,371110.683,Flight4_cam1-004-000087-0,7211391.068819064,327561.9568527128,648.7562255859375,HlangwineEP,2020-01-22,2020-01-23 09:05:10.683,09:05:10,65.3167153333333,28.67457481666667
5205,371112.819,Flight4_cam1-004-000088-0,7211379.512452154,327548.12040739285,648.6688842773438,HlangwineEP,2020-01-22,2020-01-23 09:05:12.819,09:05:12,65.31339266666663,28.675156283333337
5206,371114.687,Flight4_cam1-004-000089-0,7211368.540770025,327534.9620213298,648.5560913085938,HlangwineEP,2020-01-22,2020-01-23 09:05:14.687,09:05:14,65.31048688888892,28.675664794444437
5207,371117.223,Flight4_cam1-004-000090-0,7211353.635944844,327517.1778163753,648.59228515625,HlangwineEP,2020-01-22,2020-01-23 09:05:17.223,09:05:17,65.30654200000001,28.67635515
5208,371118.691,Flight4_cam1-004-000091-0,7211346.825433992,327507.2029115777,646.9535522460938,HlangwineEP,2020-01-22,2020-01-23 09:05:18.691,09:05:18,65.30425844444446,28.67675477222222
5209,371121.361,Flight4_cam1-004-000092-0,7211359.7190989405,327490.26498896035,644.8658447265625,HlangwineEP,2020-01-22,2020-01-23 09:05:21.361,09:05:21,65.30010511111115,28.67748160555555
5210,371122.695,Flight4_cam1-004-000093-0,7211374.23573901,327492.1535346354,643.391357421875,HlangwineEP,2020-01-22,2020-01-23 09:05:22.695,09:05:22,65.29802999999998,28.677844750000002
5211,371124.697,Flight4_cam1-004-000094-0,7211399.689511229,327502.3447712023,639.673583984375,HlangwineEP,2020-01-22,2020-01-23 09:05:24.697,09:05:24,65.2949157777778,28.678389738888885
5212,371126.699,Flight4_cam1-004-000095-0,7211424.641507251,327517.58520209463,635.258056640625,HlangwineEP,2020-01-22,2020-01-23 09:05:26.699,09:05:26,65.29180155555552,28.678934727777783
5213,371128.701,Flight4_cam1-004-000096-0,7211448.384988032,327534.4123030293,631.1050415039062,HlangwineEP,2020-01-22,2020-01-23 09:05:28.701,09:05:28,65.28868733333333,28.679479716666666
5214,371131.104,Flight4_cam1-004-000097-0,7211474.843356453,327557.362027997,624.8809814453125,HlangwineEP,2020-01-22,2020-01-23 09:05:31.104,09:05:31,65.28494933333334,28.680133866666665
5215,371132.705,Flight4_cam1-004-000098-0,7211489.396577051,327572.72160270327,621.0072021484375,HlangwineEP,2020-01-22,2020-01-23 09:05:32.705,09:05:32,65.28245888888887,28.680569694444447
5216,371134.707,Flight4_cam1-004-000099-0,7211504.937598994,327592.0527859753,616.0386352539062,HlangwineEP,2020-01-22,2020-01-23 09:05:34.707,09:05:34,65.27934466666667,28.68111468333333
5217,371136.709,Flight4_cam1-004-000100-0,7211518.803823982,327610.02209965524,611.4376831054688,HlangwineEP,2020-01-22,2020-01-23 09:05:36.709,09:05:36,65.27623044444448,28.681659672222214
5218,371139.245,Flight4_cam1-004-000101-0,7211533.180220395,327632.88024414075,605.685302734375,HlangwineEP,2020-01-22,2020-01-23 09:05:39.245,09:05:39,65.27228555555556,28.682350027777776
5219,371140.713,Flight4_cam1-004-000102-0,7211543.144142119,327647.28896655876,602.3116455078125,HlangwineEP,2020-01-22,2020-01-23 09:05:40.713,09:05:40,65.27000200000002,28.682749649999998
5220,371142.715,Flight4_cam1-004-000103-0,7211558.291939182,327668.3047667749,598.017822265625,HlangwineEP,2020-01-22,2020-01-23 09:05:42.715,09:05:42,65.26688777777774,28.683294638888896
5221,371144.717,Flight4_cam1-004-000104-0,7211573.493485006,327688.1306560987,593.4889526367188,HlangwineEP,2020-01-22,2020-01-23 09:05:44.717,09:05:44,65.26377355555555,28.68383962777778
5222,371146.719,Flight4_cam1-004-000105-0,7211584.816412485,327703.612318511,589.162841796875,HlangwineEP,2020-01-22,2020-01-23 09:05:46.719,09:05:46,65.26065933333336,28.684384616666662
5223,371149.121,Flight4_cam1-004-000106-0,7211594.534291122,327716.37025696674,584.6806030273438,HlangwineEP,2020-01-22,2020-01-23 09:05:49.121,09:05:49,65.25692288888891,28.68503849444444
5224,371150.723,Flight4_cam1-004-000107-0,7211598.604315093,327722.2135665781,582.9699096679688,HlangwineEP,2020-01-22,2020-01-23 09:05:50.723,09:05:50,65.25443088888889,28.685474594444443
