,GPSTime,Imagef,Northing,Easting,Altitude,Site,Date,DateTime,Time,RH,AirTemp
0,112199.92,cam1-001-000000-0,7372233.498053389,340896.3477725863,380.1554870605469,LetabaExclosure,2020-12-07,2020-12-07 09:09:59.920,09:09:59,73.9501,25.38164377777778
1,112201.388,cam1-001-000001-0,7372235.489769668,340903.3048328178,383.39501953125,LetabaExclosure,2020-12-07,2020-12-07 09:10:01.388,09:10:01,73.94826499999999,25.382063788888892
2,112203.39,cam1-001-000002-0,7372238.061749412,340913.68654531986,385.64361572265625,LetabaExclosure,2020-12-07,2020-12-07 09:10:03.390,09:10:03,73.9457625,25.382636583333333
3,112205.392,cam1-001-000003-0,7372240.451329987,340924.2912803759,387.69598388671875,LetabaExclosure,2020-12-07,2020-12-07 09:10:05.392,09:10:05,73.94326,25.38320937777778
4,112207.928,cam1-001-000004-0,7372245.610568013,340936.7597070673,390.11224365234375,LetabaExclosure,2020-12-07,2020-12-07 09:10:07.928,09:10:07,73.94009,25.383934955555556
5,112209.396,cam1-001-000005-0,7372249.18406442,340942.8056295231,390.46075439453125,LetabaExclosure,2020-12-07,2020-12-07 09:10:09.396,09:10:09,73.93825500000001,25.384354966666667
6,112211.398,cam1-001-000006-0,7372253.275284773,340949.8761133392,390.6114196777344,LetabaExclosure,2020-12-07,2020-12-07 09:10:11.398,09:10:11,73.9357525,25.38492776111111
7,112213.4,cam1-001-000007-0,7372256.553438654,340956.10850775824,390.47723388671875,LetabaExclosure,2020-12-07,2020-12-07 09:10:13.400,09:10:13,73.93325000000002,25.385500555555556
8,112215.402,cam1-001-000008-0,7372258.254074303,340960.2567906053,390.3590087890625,LetabaExclosure,2020-12-07,2020-12-07 09:10:15.402,09:10:15,73.9307475,25.38607335
9,112217.938,cam1-001-000009-0,7372260.108263113,340963.72465469793,390.4537353515625,LetabaExclosure,2020-12-07,2020-12-07 09:10:17.938,09:10:17,73.92757750000001,25.386798927777775
10,112219.272,cam1-001-000010-0,7372261.823797889,340966.1744387416,390.5055847167969,LetabaExclosure,2020-12-07,2020-12-07 09:10:19.272,09:10:19,73.92591,25.3871806
11,112221.274,cam1-001-000011-0,7372264.548641949,340970.4482889034,390.4602355957031,LetabaExclosure,2020-12-07,2020-12-07 09:10:21.274,09:10:21,73.9234075,25.387753394444445
12,112223.41,cam1-001-000012-0,7372270.28612281,340979.18868627644,390.315185546875,LetabaExclosure,2020-12-07,2020-12-07 09:10:23.410,09:10:23,73.9207375,25.388364527777778
13,112225.946,cam1-001-000013-0,7372282.23292068,340993.2532779164,390.2000732421875,LetabaExclosure,2020-12-07,2020-12-07 09:10:25.946,09:10:25,73.9175675,25.389090105555557
14,112227.28,cam1-001-000014-0,7372290.499728514,341003.3331039562,390.25177001953125,LetabaExclosure,2020-12-07,2020-12-07 09:10:27.280,09:10:27,73.91590000000001,25.38947177777778
15,112229.282,cam1-001-000015-0,7372303.829519644,341016.7046379206,390.5944519042969,LetabaExclosure,2020-12-07,2020-12-07 09:10:29.282,09:10:29,73.91339749999999,25.390044572222223
16,112231.284,cam1-001-000016-0,7372317.765146157,341029.38536361395,390.8165588378906,LetabaExclosure,2020-12-07,2020-12-07 09:10:31.284,09:10:31,73.910895,25.390617366666667
17,112233.286,cam1-001-000017-0,7372334.909818587,341040.92553192296,390.8059997558594,LetabaExclosure,2020-12-07,2020-12-07 09:10:33.286,09:10:33,73.9083925,25.39119016111111
18,112235.956,cam1-001-000018-0,7372360.600741291,341053.8102230304,390.6511535644531,LetabaExclosure,2020-12-07,2020-12-07 09:10:35.956,09:10:35,73.90505499999999,25.39195407777778
19,112237.29,cam1-001-000019-0,7372373.650868261,341060.52512483386,390.642822265625,LetabaExclosure,2020-12-07,2020-12-07 09:10:37.290,09:10:37,73.90338750000001,25.392335749999997
20,112239.292,cam1-001-000020-0,7372392.481476016,341070.21175721416,390.71441650390625,LetabaExclosure,2020-12-07,2020-12-07 09:10:39.292,09:10:39,73.900885,25.392908544444445
21,112241.294,cam1-001-000021-0,7372411.682369471,341080.2660583117,390.6902160644531,LetabaExclosure,2020-12-07,2020-12-07 09:10:41.294,09:10:41,73.89838250000001,25.393481338888886
22,112243.964,cam1-001-000022-0,7372437.525492727,341095.5111607416,390.58233642578125,LetabaExclosure,2020-12-07,2020-12-07 09:10:43.964,09:10:43,73.895045,25.394245255555557
23,112245.298,cam1-001-000023-0,7372451.268531697,341103.32208046236,390.50408935546875,LetabaExclosure,2020-12-07,2020-12-07 09:10:45.298,09:10:45,73.89337750000001,25.394626927777775
24,112247.3,cam1-001-000024-0,7372472.334684391,341115.06814251526,390.4361267089844,LetabaExclosure,2020-12-07,2020-12-07 09:10:47.300,09:10:47,73.890875,25.395199722222223
25,112249.302,cam1-001-000025-0,7372493.364311989,341126.946065823,390.47772216796875,LetabaExclosure,2020-12-07,2020-12-07 09:10:49.302,09:10:49,73.8883725,25.395772516666668
26,112251.304,cam1-001-000026-0,7372514.356318992,341139.1723894193,390.6695861816406,LetabaExclosure,2020-12-07,2020-12-07 09:10:51.304,09:10:51,73.88587,25.396345311111112
27,112253.974,cam1-001-000027-0,7372543.579615119,341155.7737084051,390.9795227050781,LetabaExclosure,2020-12-07,2020-12-07 09:10:53.974,09:10:53,73.8825325,25.39710922777778
28,112255.308,cam1-001-000028-0,7372558.005702583,341164.10070982226,391.074462890625,LetabaExclosure,2020-12-07,2020-12-07 09:10:55.308,09:10:55,73.880865,25.3974909
29,112257.31,cam1-001-000029-0,7372579.084554261,341176.36064337497,391.15234375,LetabaExclosure,2020-12-07,2020-12-07 09:10:57.310,09:10:57,73.87836250000001,25.398063694444446
30,112259.312,cam1-001-000030-0,7372599.958570801,341188.3382727613,391.1734619140625,LetabaExclosure,2020-12-07,2020-12-07 09:10:59.312,09:10:59,73.87586,25.39863648888889
31,112261.314,cam1-001-000031-0,7372621.73583272,341200.57867709955,391.1592712402344,LetabaExclosure,2020-12-07,2020-12-07 09:11:01.314,09:11:01,73.87335750000001,25.399209283333334
32,112263.983,cam1-001-000032-0,7372649.128953632,341216.6427840813,390.957763671875,LetabaExclosure,2020-12-07,2020-12-07 09:11:03.983,09:11:03,73.87002125000001,25.399972913888888
33,112265.318,cam1-001-000033-0,7372663.51488786,341224.1906277051,390.81683349609375,LetabaExclosure,2020-12-07,2020-12-07 09:11:05.318,09:11:05,73.8683525,25.400354872222223
34,112267.32,cam1-001-000034-0,7372685.827413861,341235.0534314783,390.74139404296875,LetabaExclosure,2020-12-07,2020-12-07 09:11:07.320,09:11:07,73.86585,25.400927666666668
35,112269.322,cam1-001-000035-0,7372707.947416788,341249.3371864478,390.7916564941406,LetabaExclosure,2020-12-07,2020-12-07 09:11:09.322,09:11:09,73.8633475,25.401500461111112
36,112271.458,cam1-001-000036-0,7372729.480734972,341269.3821271734,391.2231140136719,LetabaExclosure,2020-12-07,2020-12-07 09:11:11.458,09:11:11,73.86067750000001,25.402111594444445
37,112273.993,cam1-001-000037-0,7372755.130995341,341291.20156053535,391.6252746582031,LetabaExclosure,2020-12-07,2020-12-07 09:11:13.993,09:11:13,73.85750875,25.40283688611111
38,112275.328,cam1-001-000038-0,7372768.077652557,341302.39644967136,391.74908447265625,LetabaExclosure,2020-12-07,2020-12-07 09:11:15.328,09:11:15,73.85584000000001,25.403218844444442
39,112277.33,cam1-001-000039-0,7372787.492551395,341317.94984602055,391.8837890625,LetabaExclosure,2020-12-07,2020-12-07 09:11:17.330,09:11:17,73.8533375,25.40379163888889
40,112279.332,cam1-001-000040-0,7372807.568070853,341332.68422654027,391.8333740234375,LetabaExclosure,2020-12-07,2020-12-07 09:11:19.332,09:11:19,73.850835,25.40436443333333
41,112282.001,cam1-001-000041-0,7372834.315032652,341348.05398206285,391.88592529296875,LetabaExclosure,2020-12-07,2020-12-07 09:11:22.001,09:11:22,73.84749875,25.405128063888892
42,112283.336,cam1-001-000042-0,7372847.012557456,341351.252179068,391.9391174316406,LetabaExclosure,2020-12-07,2020-12-07 09:11:23.336,09:11:23,73.84583,25.40551002222222
43,112285.338,cam1-001-000043-0,7372865.252903421,341352.11103367934,391.8023681640625,LetabaExclosure,2020-12-07,2020-12-07 09:11:25.338,09:11:25,73.8433275,25.406082816666668
44,112287.34,cam1-001-000044-0,7372880.981607286,341355.45849079196,391.26513671875,LetabaExclosure,2020-12-07,2020-12-07 09:11:27.340,09:11:27,73.84082500000001,25.40665561111111
45,112289.342,cam1-001-000045-0,7372897.887414483,341361.3912510505,391.2442626953125,LetabaExclosure,2020-12-07,2020-12-07 09:11:29.342,09:11:29,73.8383225,25.407228405555557
46,112292.011,cam1-001-000046-0,7372903.389565491,341364.98585112876,390.0802307128906,LetabaExclosure,2020-12-07,2020-12-07 09:11:32.011,09:11:32,73.83498625,25.40799203611111
47,112293.346,cam1-001-000047-0,7372910.4975115815,341369.3557786513,390.2917785644531,LetabaExclosure,2020-12-07,2020-12-07 09:11:33.346,09:11:33,73.83331749999999,25.408373994444446
48,112296.683,cam1-001-000048-0,7372910.683984369,341374.35173925455,390.3896484375,LetabaExclosure,2020-12-07,2020-12-07 09:11:36.683,09:11:36,73.82914625,25.409328747222222
49,112297.483,cam1-001-000049-0,7372908.904157437,341375.6948870716,390.4101257324219,LetabaExclosure,2020-12-07,2020-12-07 09:11:37.483,09:11:37,73.82814625000002,25.40955763611111
50,112299.352,cam1-001-000050-0,7372902.007016616,341384.35955882224,390.39691162109375,LetabaExclosure,2020-12-07,2020-12-07 09:11:39.352,09:11:39,73.82581,25.41009237777778
51,112301.354,cam1-001-000051-0,7372891.733059733,341397.93981401704,390.5481872558594,LetabaExclosure,2020-12-07,2020-12-07 09:11:41.354,09:11:41,73.8233075,25.410665172222224
52,112303.356,cam1-001-000052-0,7372881.156303242,341410.6409323864,390.5585021972656,LetabaExclosure,2020-12-07,2020-12-07 09:11:43.356,09:11:43,73.82080500000001,25.41123796666667
53,112305.892,cam1-001-000053-0,7372868.260132165,341426.608613668,390.5422058105469,LetabaExclosure,2020-12-07,2020-12-07 09:11:45.892,09:11:45,73.817635,25.411963544444447
54,112307.36,cam1-001-000054-0,7372860.8276250735,341436.2295555392,390.5150146484375,LetabaExclosure,2020-12-07,2020-12-07 09:11:47.360,09:11:47,73.8158,25.412383555555557
55,112309.362,cam1-001-000055-0,7372850.978750691,341448.72030610737,390.5312805175781,LetabaExclosure,2020-12-07,2020-12-07 09:11:49.362,09:11:49,73.8132975,25.412956349999998
56,112311.364,cam1-001-000056-0,7372841.057907306,341461.0503171281,390.5827941894531,LetabaExclosure,2020-12-07,2020-12-07 09:11:51.364,09:11:51,73.810795,25.413529144444446
57,112313.499,cam1-001-000057-0,7372830.669652181,341474.53483594395,390.72161865234375,LetabaExclosure,2020-12-07,2020-12-07 09:11:53.499,09:11:53,73.80812625,25.414139991666666
58,112315.902,cam1-001-000058-0,7372818.815695758,341489.7182678924,390.8237609863281,LetabaExclosure,2020-12-07,2020-12-07 09:11:55.902,09:11:55,73.8051225,25.41482751666667
59,112317.37,cam1-001-000059-0,7372811.302830737,341499.2143288966,390.9644470214844,LetabaExclosure,2020-12-07,2020-12-07 09:11:57.370,09:11:57,73.80328750000001,25.415247527777776
60,112319.372,cam1-001-000060-0,7372801.142309686,341511.7394152444,391.10711669921875,LetabaExclosure,2020-12-07,2020-12-07 09:11:59.372,09:11:59,73.800785,25.415820322222224
61,112321.374,cam1-001-000061-0,7372791.299208531,341524.2189230691,391.1668395996094,LetabaExclosure,2020-12-07,2020-12-07 09:12:01.374,09:12:01,73.79828250000001,25.416393116666665
62,112323.91,cam1-001-000062-0,7372778.802048933,341540.00270497694,391.4459228515625,LetabaExclosure,2020-12-07,2020-12-07 09:12:03.910,09:12:03,73.7951125,25.417118694444447
63,112325.378,cam1-001-000063-0,7372771.162736821,341549.3498061118,391.7541198730469,LetabaExclosure,2020-12-07,2020-12-07 09:12:05.378,09:12:05,73.7932775,25.417538705555554
64,112327.38,cam1-001-000064-0,7372761.401008372,341561.7261697465,391.9992370605469,LetabaExclosure,2020-12-07,2020-12-07 09:12:07.380,09:12:07,73.790775,25.418111500000002
65,112329.382,cam1-001-000065-0,7372751.446111212,341574.163356788,392.1786804199219,LetabaExclosure,2020-12-07,2020-12-07 09:12:09.382,09:12:09,73.7882725,25.418684294444443
66,112331.918,cam1-001-000066-0,7372738.895341674,341590.091412558,392.1648864746094,LetabaExclosure,2020-12-07,2020-12-07 09:12:11.918,09:12:11,73.7851025,25.419409872222225
67,112333.386,cam1-001-000067-0,7372731.428536742,341599.49298375985,391.8853454589844,LetabaExclosure,2020-12-07,2020-12-07 09:12:13.386,09:12:13,73.78326750000001,25.419829883333332
68,112335.388,cam1-001-000068-0,7372721.430317341,341611.77981427347,391.50634765625,LetabaExclosure,2020-12-07,2020-12-07 09:12:15.388,09:12:15,73.78076499999999,25.42040267777778
69,112337.39,cam1-001-000069-0,7372711.604649728,341624.2130337572,391.1220397949219,LetabaExclosure,2020-12-07,2020-12-07 09:12:17.390,09:12:17,73.7782625,25.42097547222222
70,112339.392,cam1-001-000070-0,7372701.807329221,341636.60441364726,390.9297180175781,LetabaExclosure,2020-12-07,2020-12-07 09:12:19.392,09:12:19,73.77575999999999,25.42154826666667
71,112341.928,cam1-001-000071-0,7372689.148991501,341652.4992009647,390.8936767578125,LetabaExclosure,2020-12-07,2020-12-07 09:12:21.928,09:12:21,73.77259000000001,25.422273844444444
72,112343.396,cam1-001-000072-0,7372681.762590194,341661.9988164169,390.974365234375,LetabaExclosure,2020-12-07,2020-12-07 09:12:23.396,09:12:23,73.77075500000001,25.422693855555554
73,112345.398,cam1-001-000073-0,7372671.98546149,341674.4021658136,391.10980224609375,LetabaExclosure,2020-12-07,2020-12-07 09:12:25.398,09:12:25,73.7682525,25.423266650000002
74,112347.4,cam1-001-000074-0,7372662.016854068,341686.81708688,391.2051086425781,LetabaExclosure,2020-12-07,2020-12-07 09:12:27.400,09:12:27,73.76575000000001,25.423839444444443
75,112349.402,cam1-001-000075-0,7372651.984577793,341699.1801516524,391.3500671386719,LetabaExclosure,2020-12-07,2020-12-07 09:12:29.402,09:12:29,73.7632475,25.42441223888889
76,112351.938,cam1-001-000076-0,7372639.965611337,341715.11670198204,391.53216552734375,LetabaExclosure,2020-12-07,2020-12-07 09:12:31.938,09:12:31,73.76007750000001,25.425137816666666
77,112353.406,cam1-001-000077-0,7372632.728329638,341724.49301625334,391.5793151855469,LetabaExclosure,2020-12-07,2020-12-07 09:12:33.406,09:12:33,73.7582425,25.42555782777778
78,112355.408,cam1-001-000078-0,7372622.754821024,341736.8523719325,391.45330810546875,LetabaExclosure,2020-12-07,2020-12-07 09:12:35.408,09:12:35,73.75574,25.42613062222222
79,112357.276,cam1-001-000079-0,7372613.238765648,341748.78775890445,391.27215576171875,LetabaExclosure,2020-12-07,2020-12-07 09:12:37.276,09:12:37,73.753405,25.426665077777777
80,112359.278,cam1-001-000080-0,7372603.444095392,341761.2853865931,391.00653076171875,LetabaExclosure,2020-12-07,2020-12-07 09:12:39.278,09:12:39,73.7509025,25.427237872222225
81,112361.947,cam1-001-000081-0,7372590.620559718,341777.63174601074,390.93927001953125,LetabaExclosure,2020-12-07,2020-12-07 09:12:41.947,09:12:41,73.74756625,25.42800150277778
82,112363.282,cam1-001-000082-0,7372584.095221257,341786.0049264382,390.95697021484375,LetabaExclosure,2020-12-07,2020-12-07 09:12:43.282,09:12:43,73.7458975,25.428383461111114
83,112365.284,cam1-001-000083-0,7372573.978466108,341798.7679804943,390.9803161621094,LetabaExclosure,2020-12-07,2020-12-07 09:12:45.284,09:12:45,73.743395,25.428956255555555
84,112367.286,cam1-001-000084-0,7372564.279190708,341811.1527566699,390.9691162109375,LetabaExclosure,2020-12-07,2020-12-07 09:12:47.286,09:12:47,73.74089250000002,25.42952905
85,112369.955,cam1-001-000085-0,7372551.527218441,341827.6748768524,391.05499267578125,LetabaExclosure,2020-12-07,2020-12-07 09:12:49.955,09:12:49,73.73755625,25.430292680555556
86,112371.29,cam1-001-000086-0,7372544.899283498,341836.0942370187,391.1156005859375,LetabaExclosure,2020-12-07,2020-12-07 09:12:51.290,09:12:51,73.7358875,25.43067463888889
87,112373.292,cam1-001-000087-0,7372535.068060217,341848.5863915037,391.1009521484375,LetabaExclosure,2020-12-07,2020-12-07 09:12:53.292,09:12:53,73.733385,25.431247433333333
88,112375.294,cam1-001-000088-0,7372524.6985637285,341861.5991655189,391.0975341796875,LetabaExclosure,2020-12-07,2020-12-07 09:12:55.294,09:12:55,73.7308825,25.431820227777777
89,112377.296,cam1-001-000089-0,7372514.74503665,341874.0439215672,391.1199645996094,LetabaExclosure,2020-12-07,2020-12-07 09:12:57.296,09:12:57,73.72838,25.43239302222222
90,112379.965,cam1-001-000090-0,7372501.243614829,341890.9667655589,391.2112121582031,LetabaExclosure,2020-12-07,2020-12-07 09:12:59.965,09:12:59,73.72504375000001,25.43315665277778
91,112381.3,cam1-001-000091-0,7372495.023627872,341898.85579307354,391.201171875,LetabaExclosure,2020-12-07,2020-12-07 09:13:01.300,09:13:01,73.723375,25.43353861111111
92,112383.302,cam1-001-000092-0,7372484.946520066,341911.7727039949,391.20306396484375,LetabaExclosure,2020-12-07,2020-12-07 09:13:03.302,09:13:03,73.72087250000001,25.434111405555555
93,112385.304,cam1-001-000093-0,7372475.180600816,341924.16301018634,391.3298034667969,LetabaExclosure,2020-12-07,2020-12-07 09:13:05.304,09:13:05,73.71837,25.434684200000003
94,112387.306,cam1-001-000094-0,7372465.412361205,341936.6760776106,391.44940185546875,LetabaExclosure,2020-12-07,2020-12-07 09:13:07.306,09:13:07,73.7158675,25.435256994444444
95,112389.975,cam1-001-000095-0,7372452.115255171,341953.74249414104,391.51824951171875,LetabaExclosure,2020-12-07,2020-12-07 09:13:09.975,09:13:09,73.71253125,25.436020625
96,112391.31,cam1-001-000096-0,7372445.471086346,341962.19430385757,391.5168762207031,LetabaExclosure,2020-12-07,2020-12-07 09:13:11.310,09:13:11,73.7108625,25.436402583333333
97,112393.312,cam1-001-000097-0,7372435.564962539,341974.60366482474,391.5486145019531,LetabaExclosure,2020-12-07,2020-12-07 09:13:13.312,09:13:13,73.70836,25.43697537777778
98,112395.314,cam1-001-000098-0,7372425.659632074,341987.0469241659,391.52996826171875,LetabaExclosure,2020-12-07,2020-12-07 09:13:15.314,09:13:15,73.70585750000001,25.437548172222222
99,112397.449,cam1-001-000099-0,7372415.034989928,342000.4521878023,391.4925537109375,LetabaExclosure,2020-12-07,2020-12-07 09:13:17.449,09:13:17,73.70318875000001,25.43815901944444
100,112399.985,cam1-001-000100-0,7372402.373559974,342016.32825705584,391.5551452636719,LetabaExclosure,2020-12-07,2020-12-07 09:13:19.985,09:13:19,73.70001875,25.438884597222224
101,112401.32,cam1-001-000101-0,7372395.801102362,342024.774864757,391.52197265625,LetabaExclosure,2020-12-07,2020-12-07 09:13:21.320,09:13:21,73.69834999999999,25.43926655555556
102,112403.322,cam1-001-000102-0,7372386.018217209,342037.2937654123,391.52447509765625,LetabaExclosure,2020-12-07,2020-12-07 09:13:23.322,09:13:23,73.6958475,25.43983935
103,112405.324,cam1-001-000103-0,7372376.17517554,342049.74107973103,391.5869445800781,LetabaExclosure,2020-12-07,2020-12-07 09:13:25.324,09:13:25,73.69334500000001,25.440412144444444
104,112407.993,cam1-001-000104-0,7372362.811747003,342066.65208862163,391.62457275390625,LetabaExclosure,2020-12-07,2020-12-07 09:13:27.993,09:13:27,73.69000875,25.441175775
105,112409.328,cam1-001-000105-0,7372356.108132534,342075.13097800774,391.65252685546875,LetabaExclosure,2020-12-07,2020-12-07 09:13:29.328,09:13:29,73.68834000000001,25.441557733333333
106,112411.33,cam1-001-000106-0,7372346.280217078,342087.65595128736,391.6195068359375,LetabaExclosure,2020-12-07,2020-12-07 09:13:31.330,09:13:31,73.6858375,25.442130527777778
107,112413.332,cam1-001-000107-0,7372336.455042699,342100.20021837414,391.59375,LetabaExclosure,2020-12-07,2020-12-07 09:13:33.332,09:13:33,73.68333500000001,25.442703322222222
108,112415.467,cam1-001-000108-0,7372325.986409127,342113.8396112737,391.6014404296875,LetabaExclosure,2020-12-07,2020-12-07 09:13:35.467,09:13:35,73.68066625,25.443314169444445
109,112418.003,cam1-001-000109-0,7372313.448296992,342129.8423576226,391.5621643066406,LetabaExclosure,2020-12-07,2020-12-07 09:13:38.003,09:13:38,73.67749625,25.44403974722222
110,112419.338,cam1-001-000110-0,7372306.867767809,342138.37887947477,391.5002746582031,LetabaExclosure,2020-12-07,2020-12-07 09:13:39.338,09:13:39,73.6758275,25.444421705555555
111,112421.34,cam1-001-000111-0,7372297.159709031,342150.88176489127,391.4253234863281,LetabaExclosure,2020-12-07,2020-12-07 09:13:41.340,09:13:41,73.673325,25.4449945
112,112423.342,cam1-001-000112-0,7372287.344514672,342163.17576485995,391.3888854980469,LetabaExclosure,2020-12-07,2020-12-07 09:13:43.342,09:13:43,73.6708225,25.445567294444444
113,112426.011,cam1-001-000113-0,7372273.943189671,342179.9543232132,391.36492919921875,LetabaExclosure,2020-12-07,2020-12-07 09:13:46.011,09:13:46,73.66748625000001,25.446330925
114,112427.346,cam1-001-000114-0,7372267.253956761,342188.32636866916,391.4697570800781,LetabaExclosure,2020-12-07,2020-12-07 09:13:47.346,09:13:47,73.6658175,25.446712883333333
115,112429.348,cam1-001-000115-0,7372257.454329802,342200.73318916373,391.63140869140625,LetabaExclosure,2020-12-07,2020-12-07 09:13:49.348,09:13:49,73.66331500000001,25.447285677777778
116,112431.35,cam1-001-000116-0,7372247.707145052,342213.13859193615,391.78985595703125,LetabaExclosure,2020-12-07,2020-12-07 09:13:51.350,09:13:51,73.66081249999999,25.447858472222226
117,112434.019,cam1-001-000117-0,7372234.54881629,342230.2015437547,391.9958190917969,LetabaExclosure,2020-12-07,2020-12-07 09:13:54.019,09:13:54,73.65747625,25.44862210277778
118,112435.354,cam1-001-000118-0,7372228.277431327,342238.13744871214,391.9837341308594,LetabaExclosure,2020-12-07,2020-12-07 09:13:55.354,09:13:55,73.6558075,25.449004061111115
119,112437.356,cam1-001-000119-0,7372217.927158531,342250.9557577878,391.9311218261719,LetabaExclosure,2020-12-07,2020-12-07 09:13:57.356,09:13:57,73.653305,25.449576855555556
120,112439.358,cam1-001-000120-0,7372208.160376528,342263.4028592126,391.9349060058594,LetabaExclosure,2020-12-07,2020-12-07 09:13:59.358,09:13:59,73.65080250000001,25.450149649999997
121,112441.36,cam1-001-000121-0,7372198.369787266,342275.82566536806,391.9704284667969,LetabaExclosure,2020-12-07,2020-12-07 09:14:01.360,09:14:01,73.6483,25.450722444444445
122,112443.896,cam1-001-000122-0,7372185.6300861295,342291.9616938826,392.0464782714844,LetabaExclosure,2020-12-07,2020-12-07 09:14:03.896,09:14:03,73.64513000000001,25.45144802222222
123,112445.364,cam1-001-000123-0,7372178.180771625,342301.57208594086,392.0726623535156,LetabaExclosure,2020-12-07,2020-12-07 09:14:05.364,09:14:05,73.643295,25.451868033333334
124,112447.366,cam1-001-000124-0,7372168.363217324,342314.19908215606,392.03289794921875,LetabaExclosure,2020-12-07,2020-12-07 09:14:07.366,09:14:07,73.6407925,25.452440827777778
125,112449.368,cam1-001-000125-0,7372158.482126813,342326.708789901,391.9584045410156,LetabaExclosure,2020-12-07,2020-12-07 09:14:09.368,09:14:09,73.63829,25.453013622222223
126,112452.037,cam1-001-000126-0,7372145.007582744,342343.8230994513,391.9505310058594,LetabaExclosure,2020-12-07,2020-12-07 09:14:12.037,09:14:12,73.63495375000001,25.453777252777776
127,112453.372,cam1-001-000127-0,7372138.741200117,342351.816528778,391.92913818359375,LetabaExclosure,2020-12-07,2020-12-07 09:14:13.372,09:14:13,73.633285,25.45415921111111
128,112455.374,cam1-001-000128-0,7372128.375737726,342364.7839026677,391.9177551269531,LetabaExclosure,2020-12-07,2020-12-07 09:14:15.374,09:14:15,73.63078250000001,25.454732005555556
129,112457.376,cam1-001-000129-0,7372118.586411584,342377.1942484848,391.9620666503906,LetabaExclosure,2020-12-07,2020-12-07 09:14:17.376,09:14:17,73.62828,25.4553048
130,112459.911,cam1-001-000130-0,7372106.095429218,342393.05520712456,391.9922180175781,LetabaExclosure,2020-12-07,2020-12-07 09:14:19.911,09:14:19,73.62511125000002,25.456030091666666
131,112461.38,cam1-001-000131-0,7372099.104681031,342401.9339371703,391.9919128417969,LetabaExclosure,2020-12-07,2020-12-07 09:14:21.380,09:14:21,73.62327499999999,25.45645038888889
132,112463.382,cam1-001-000132-0,7372088.961080313,342414.82334822806,392.0057678222656,LetabaExclosure,2020-12-07,2020-12-07 09:14:23.382,09:14:23,73.6207725,25.457023183333334
133,112465.384,cam1-001-000133-0,7372079.143575773,342427.19998564885,391.9613342285156,LetabaExclosure,2020-12-07,2020-12-07 09:14:25.384,09:14:25,73.61827,25.45759597777778
134,112467.386,cam1-001-000134-0,7372069.377835644,342439.5788213598,391.9713134765625,LetabaExclosure,2020-12-07,2020-12-07 09:14:27.386,09:14:27,73.6157675,25.458168772222223
135,112469.921,cam1-001-000135-0,7372057.004064681,342455.61433857155,391.9526062011719,LetabaExclosure,2020-12-07,2020-12-07 09:14:29.921,09:14:29,73.61259875,25.45889406388889
136,112471.39,cam1-001-000136-0,7372049.624870751,342465.0603314802,391.84857177734375,LetabaExclosure,2020-12-07,2020-12-07 09:14:31.390,09:14:31,73.6107625,25.45931436111111
137,112473.391,cam1-001-000137-0,7372039.907482207,342477.40605114127,391.7375183105469,LetabaExclosure,2020-12-07,2020-12-07 09:14:33.391,09:14:33,73.60826125,25.459886869444446
138,112475.393,cam1-001-000138-0,7372030.111583873,342489.68587071646,391.68524169921875,LetabaExclosure,2020-12-07,2020-12-07 09:14:35.393,09:14:35,73.60575875,25.460459663888887
139,112477.395,cam1-001-000139-0,7372020.41374903,342502.37709111616,391.7437744140625,LetabaExclosure,2020-12-07,2020-12-07 09:14:37.395,09:14:37,73.60325625,25.461032458333335
140,112479.931,cam1-001-000140-0,7372007.530393684,342514.3775549516,391.98504638671875,LetabaExclosure,2020-12-07,2020-12-07 09:14:39.931,09:14:39,73.60008625,25.46175803611111
141,112481.399,cam1-001-000141-0,7372003.799714807,342515.31653241586,392.09490966796875,LetabaExclosure,2020-12-07,2020-12-07 09:14:41.399,09:14:41,73.59825124999999,25.462178047222224
142,112485.003,cam1-001-000142-0,7371997.854048692,342506.45671437326,392.0516357421875,LetabaExclosure,2020-12-07,2020-12-07 09:14:45.003,09:14:45,73.59374625000001,25.463209191666667
143,112485.403,cam1-001-000143-0,7371995.990193883,342504.32322067616,392.0062255859375,LetabaExclosure,2020-12-07,2020-12-07 09:14:45.403,09:14:45,73.59324624999999,25.463323636111113
144,112487.405,cam1-001-000144-0,7371984.588816743,342491.4413667214,391.5610046386719,LetabaExclosure,2020-12-07,2020-12-07 09:14:47.405,09:14:47,73.59074375,25.463896430555554
145,112489.407,cam1-001-000145-0,7371973.187121403,342477.63011164905,391.31768798828125,LetabaExclosure,2020-12-07,2020-12-07 09:14:49.407,09:14:49,73.58824125,25.464469225000002
146,112491.409,cam1-001-000146-0,7371962.915645482,342464.5383725487,390.9789733886719,LetabaExclosure,2020-12-07,2020-12-07 09:14:51.409,09:14:51,73.58573875,25.465042019444443
147,112493.945,cam1-001-000147-0,7371950.077635676,342448.51502772584,390.8609619140625,LetabaExclosure,2020-12-07,2020-12-07 09:14:53.945,09:14:53,73.58256875,25.465767597222225
148,112495.413,cam1-001-000148-0,7371942.769563887,342439.5497806393,390.8968505859375,LetabaExclosure,2020-12-07,2020-12-07 09:14:55.413,09:14:55,73.58073375000001,25.466187608333335
149,112497.282,cam1-001-000149-0,7371937.4930892605,342425.8031465319,390.9338684082031,LetabaExclosure,2020-12-07,2020-12-07 09:14:57.282,09:14:57,73.5783975,25.46672235
150,112499.417,cam1-001-000150-0,7371939.326464455,342420.7438200832,390.71026611328125,LetabaExclosure,2020-12-07,2020-12-07 09:14:59.417,09:14:59,73.57572875,25.467333197222224
151,112501.953,cam1-001-000151-0,7371943.101692713,342416.1647855567,391.4586486816406,LetabaExclosure,2020-12-07,2020-12-07 09:15:01.953,09:15:01,73.57255875000001,25.468058775
152,112503.421,cam1-001-000152-0,7371948.683578773,342407.58277110767,391.54742431640625,LetabaExclosure,2020-12-07,2020-12-07 09:15:03.421,09:15:03,73.57072375,25.468478786111113
153,112505.29,cam1-001-000153-0,7371958.239490176,342394.55131348356,391.31878662109375,LetabaExclosure,2020-12-07,2020-12-07 09:15:05.290,09:15:05,73.56838750000001,25.469013527777776
154,112507.292,cam1-001-000154-0,7371968.875789447,342381.8795940229,391.3890686035156,LetabaExclosure,2020-12-07,2020-12-07 09:15:07.292,09:15:07,73.565885,25.469586322222224
155,112509.294,cam1-001-000155-0,7371978.961154524,342369.3205321109,391.34698486328125,LetabaExclosure,2020-12-07,2020-12-07 09:15:09.294,09:15:09,73.5633825,25.470159116666665
156,112511.963,cam1-001-000156-0,7371992.155473348,342352.40023662534,390.8145446777344,LetabaExclosure,2020-12-07,2020-12-07 09:15:11.963,09:15:11,73.56004625,25.47092274722222
157,112513.298,cam1-001-000157-0,7371998.744382993,342343.9904891077,390.60614013671875,LetabaExclosure,2020-12-07,2020-12-07 09:15:13.298,09:15:13,73.5583775,25.471304705555553
158,112515.3,cam1-001-000158-0,7372008.511073146,342331.426075535,390.4201354980469,LetabaExclosure,2020-12-07,2020-12-07 09:15:15.300,09:15:15,73.555875,25.4718775
159,112517.302,cam1-001-000159-0,7372018.305929146,342318.78773578303,390.344970703125,LetabaExclosure,2020-12-07,2020-12-07 09:15:17.302,09:15:17,73.55337250000001,25.472450294444442
160,112519.304,cam1-001-000160-0,7372028.271027852,342306.18681031466,390.34149169921875,LetabaExclosure,2020-12-07,2020-12-07 09:15:19.304,09:15:19,73.55087,25.47302308888889
161,112521.973,cam1-001-000161-0,7372041.816380402,342289.00330147287,390.4210205078125,LetabaExclosure,2020-12-07,2020-12-07 09:15:21.973,09:15:21,73.54753375,25.473786719444444
162,112523.308,cam1-001-000162-0,7372048.588792654,342280.58293274615,390.54278564453125,LetabaExclosure,2020-12-07,2020-12-07 09:15:23.308,09:15:23,73.54586499999999,25.47416867777778
163,112525.31,cam1-001-000163-0,7372058.51720378,342268.2054897117,390.69927978515625,LetabaExclosure,2020-12-07,2020-12-07 09:15:25.310,09:15:25,73.5433625,25.47474147222222
164,112527.312,cam1-001-000164-0,7372068.364680326,342255.7503997572,390.7380065917969,LetabaExclosure,2020-12-07,2020-12-07 09:15:27.312,09:15:27,73.54086,25.47531426666667
165,112529.981,cam1-001-000165-0,7372081.740515681,342238.92012931965,390.82330322265625,LetabaExclosure,2020-12-07,2020-12-07 09:15:29.981,09:15:29,73.53752375,25.476077897222222
166,112531.316,cam1-001-000166-0,7372088.385954871,342230.5840174117,390.7460632324219,LetabaExclosure,2020-12-07,2020-12-07 09:15:31.316,09:15:31,73.535855,25.476459855555557
167,112533.318,cam1-001-000167-0,7372098.140610585,342218.20554352005,390.6089172363281,LetabaExclosure,2020-12-07,2020-12-07 09:15:33.318,09:15:33,73.5333525,25.47703265
168,112535.32,cam1-001-000168-0,7372108.017902099,342205.68881909887,390.5236511230469,LetabaExclosure,2020-12-07,2020-12-07 09:15:35.320,09:15:35,73.53085,25.477605444444446
169,112537.322,cam1-001-000169-0,7372117.935261216,342193.1876508506,390.60223388671875,LetabaExclosure,2020-12-07,2020-12-07 09:15:37.322,09:15:37,73.52834750000001,25.47817823888889
170,112539.991,cam1-001-000170-0,7372131.29776817,342176.19032960804,390.7065734863281,LetabaExclosure,2020-12-07,2020-12-07 09:15:39.991,09:15:39,73.52501125,25.478941869444444
171,112541.326,cam1-001-000171-0,7372137.992363123,342167.80977977475,390.66455078125,LetabaExclosure,2020-12-07,2020-12-07 09:15:41.326,09:15:41,73.5233425,25.47932382777778
172,112543.328,cam1-001-000172-0,7372147.718711039,342155.3030364092,390.59820556640625,LetabaExclosure,2020-12-07,2020-12-07 09:15:43.328,09:15:43,73.52084,25.47989662222222
173,112545.33,cam1-001-000173-0,7372157.380210666,342142.7490664987,390.482421875,LetabaExclosure,2020-12-07,2020-12-07 09:15:45.330,09:15:45,73.5183375,25.48046941666667
174,112547.465,cam1-001-000174-0,7372167.985394499,342129.17490159126,390.51220703125,LetabaExclosure,2020-12-07,2020-12-07 09:15:47.465,09:15:47,73.51566875,25.481080263888888
175,112549.867,cam1-001-000175-0,7372179.961474844,342114.1353618854,390.6177673339844,LetabaExclosure,2020-12-07,2020-12-07 09:15:49.867,09:15:49,73.51266625000001,25.481767502777778
176,112551.336,cam1-001-000176-0,7372187.424906124,342104.6218403954,390.69573974609375,LetabaExclosure,2020-12-07,2020-12-07 09:15:51.336,09:15:51,73.51083000000001,25.4821878
177,112553.338,cam1-001-000177-0,7372197.265095712,342092.294169224,390.744873046875,LetabaExclosure,2020-12-07,2020-12-07 09:15:53.338,09:15:53,73.5083275,25.482760594444446
178,112555.34,cam1-001-000178-0,7372207.06239279,342080.1233802525,390.71368408203125,LetabaExclosure,2020-12-07,2020-12-07 09:15:55.340,09:15:55,73.505825,25.483333388888887
179,112558.009,cam1-001-000179-0,7372220.21836011,342063.35129767127,390.68975830078125,LetabaExclosure,2020-12-07,2020-12-07 09:15:58.009,09:15:58,73.50248875,25.484097019444444
180,112559.344,cam1-001-000180-0,7372226.793014241,342054.8579923743,390.690673828125,LetabaExclosure,2020-12-07,2020-12-07 09:15:59.344,09:15:59,73.50082,25.484478977777776
181,112561.346,cam1-001-000181-0,7372236.508578869,342042.2111080489,390.6554870605469,LetabaExclosure,2020-12-07,2020-12-07 09:16:01.346,09:16:01,73.4983175,25.485051772222224
182,112563.348,cam1-001-000182-0,7372246.370284479,342029.5682916248,390.64520263671875,LetabaExclosure,2020-12-07,2020-12-07 09:16:03.348,09:16:03,73.49581500000001,25.485624566666665
183,112566.017,cam1-001-000183-0,7372259.875930654,342012.56762848777,390.7643127441406,LetabaExclosure,2020-12-07,2020-12-07 09:16:06.017,09:16:06,73.49247874999999,25.486388197222226
184,112567.352,cam1-001-000184-0,7372266.581747199,342004.12893659226,390.7825927734375,LetabaExclosure,2020-12-07,2020-12-07 09:16:07.352,09:16:07,73.49081000000001,25.486770155555554
185,112569.353,cam1-001-000185-0,7372276.40657009,341991.5595705968,390.79071044921875,LetabaExclosure,2020-12-07,2020-12-07 09:16:09.353,09:16:09,73.48830875,25.48734266388889
186,112571.355,cam1-001-000186-0,7372286.352912861,341979.0888303918,390.87420654296875,LetabaExclosure,2020-12-07,2020-12-07 09:16:11.355,09:16:11,73.48580625000001,25.487915458333333
187,112573.491,cam1-001-000187-0,7372297.093464001,341965.717888737,390.8714599609375,LetabaExclosure,2020-12-07,2020-12-07 09:16:13.491,09:16:13,73.48313625000002,25.488526591666666
188,112575.893,cam1-001-000188-0,7372308.790367736,341950.6536554238,390.7269287109375,LetabaExclosure,2020-12-07,2020-12-07 09:16:15.893,09:16:15,73.48013375000001,25.489213830555556
189,112577.361,cam1-001-000189-0,7372316.217184395,341941.1188916749,390.61846923828125,LetabaExclosure,2020-12-07,2020-12-07 09:16:17.361,09:16:17,73.47829875,25.489633841666667
190,112579.363,cam1-001-000190-0,7372326.119325517,341928.4570620775,390.6065673828125,LetabaExclosure,2020-12-07,2020-12-07 09:16:19.363,09:16:19,73.47579625,25.49020663611111
191,112581.365,cam1-001-000191-0,7372336.067636516,341915.7213576817,390.625732421875,LetabaExclosure,2020-12-07,2020-12-07 09:16:21.365,09:16:21,73.47329375,25.490779430555556
192,112584.035,cam1-001-000192-0,7372349.643667527,341898.55259861774,390.81317138671875,LetabaExclosure,2020-12-07,2020-12-07 09:16:24.035,09:16:24,73.46995625,25.491543347222223
193,112585.369,cam1-001-000193-0,7372356.295466525,341890.0502751188,390.922119140625,LetabaExclosure,2020-12-07,2020-12-07 09:16:25.369,09:16:25,73.46828875,25.491925019444448
194,112587.371,cam1-001-000194-0,7372365.983195009,341877.47473843663,391.0964050292969,LetabaExclosure,2020-12-07,2020-12-07 09:16:27.371,09:16:27,73.46578625000001,25.49249781388889
195,112589.373,cam1-001-000195-0,7372375.738134088,341864.9363677635,391.1487731933594,LetabaExclosure,2020-12-07,2020-12-07 09:16:29.373,09:16:29,73.46328374999999,25.493070608333337
196,112591.509,cam1-001-000196-0,7372386.248982546,341851.50739227515,391.161865234375,LetabaExclosure,2020-12-07,2020-12-07 09:16:31.509,09:16:31,73.46061375,25.49368174166667
197,112593.911,cam1-001-000197-0,7372397.961879992,341836.55886269524,391.1183776855469,LetabaExclosure,2020-12-07,2020-12-07 09:16:33.911,09:16:33,73.45761125000001,25.494368980555553
198,112595.379,cam1-001-000198-0,7372405.4802848585,341827.22968156403,391.1407165527344,LetabaExclosure,2020-12-07,2020-12-07 09:16:35.379,09:16:35,73.45577625,25.494788991666667
199,112597.381,cam1-001-000199-0,7372415.253698646,341814.87325018673,391.0581359863281,LetabaExclosure,2020-12-07,2020-12-07 09:16:37.381,09:16:37,73.45327375000001,25.49536178611111
200,112599.383,cam1-001-000200-0,7372424.933590231,341802.5331081834,390.96685791015625,LetabaExclosure,2020-12-07,2020-12-07 09:16:39.383,09:16:39,73.45077125,25.495934580555556
201,112601.919,cam1-001-000201-0,7372437.508594002,341786.7178550033,391.02142333984375,LetabaExclosure,2020-12-07,2020-12-07 09:16:41.919,09:16:41,73.44760125,25.49666015833333
202,112603.387,cam1-001-000202-0,7372444.972302608,341777.3540314804,391.0704040527344,LetabaExclosure,2020-12-07,2020-12-07 09:16:43.387,09:16:43,73.44576625,25.497080169444445
203,112605.389,cam1-001-000203-0,7372454.76977403,341764.9254676492,391.0754699707031,LetabaExclosure,2020-12-07,2020-12-07 09:16:45.389,09:16:45,73.44326375000001,25.49765296388889
204,112607.391,cam1-001-000204-0,7372464.506541718,341752.42644048564,391.0910949707031,LetabaExclosure,2020-12-07,2020-12-07 09:16:47.391,09:16:47,73.44076125,25.498225758333334
205,112609.527,cam1-001-000205-0,7372475.181039823,341738.95195418,391.09686279296875,LetabaExclosure,2020-12-07,2020-12-07 09:16:49.527,09:16:49,73.43809125,25.498836891666667
206,112611.929,cam1-001-000206-0,7372487.048804019,341723.92484517745,391.0926818847656,LetabaExclosure,2020-12-07,2020-12-07 09:16:51.929,09:16:51,73.43508874999999,25.499524130555557
207,112613.397,cam1-001-000207-0,7372494.488027852,341714.43966447946,391.093505859375,LetabaExclosure,2020-12-07,2020-12-07 09:16:53.397,09:16:53,73.43325375,25.499944141666667
208,112615.399,cam1-001-000208-0,7372504.181012886,341701.99379827373,391.09210205078125,LetabaExclosure,2020-12-07,2020-12-07 09:16:55.399,09:16:55,73.43075125,25.50051693611111
209,112617.401,cam1-001-000209-0,7372513.989547514,341689.4706495796,390.9723815917969,LetabaExclosure,2020-12-07,2020-12-07 09:16:57.401,09:16:57,73.42824875000001,25.501089730555556
210,112619.937,cam1-001-000210-0,7372526.81291692,341673.4403873564,390.8523254394531,LetabaExclosure,2020-12-07,2020-12-07 09:16:59.937,09:16:59,73.42507875,25.501815308333335
211,112621.405,cam1-001-000211-0,7372534.308101885,341664.05275890534,390.9228820800781,LetabaExclosure,2020-12-07,2020-12-07 09:17:01.405,09:17:01,73.42324375,25.502235319444445
212,112623.407,cam1-001-000212-0,7372544.163974376,341651.55842056917,390.9808044433594,LetabaExclosure,2020-12-07,2020-12-07 09:17:03.407,09:17:03,73.42074124999999,25.50280811388889
213,112625.409,cam1-001-000213-0,7372554.0350368675,341638.99374075665,390.9852600097656,LetabaExclosure,2020-12-07,2020-12-07 09:17:05.409,09:17:05,73.41823875,25.503380908333334
214,112627.545,cam1-001-000214-0,7372564.709119812,341625.49011073366,391.0657958984375,LetabaExclosure,2020-12-07,2020-12-07 09:17:07.545,09:17:07,73.41556875,25.503992041666667
215,112629.947,cam1-001-000215-0,7372576.4901699815,341610.4944478356,391.2021179199219,LetabaExclosure,2020-12-07,2020-12-07 09:17:09.947,09:17:09,73.41256625,25.504679280555557
216,112631.415,cam1-001-000216-0,7372583.933955327,341601.1150611548,391.24761962890625,LetabaExclosure,2020-12-07,2020-12-07 09:17:11.415,09:17:11,73.41073125000001,25.505099291666664
217,112633.417,cam1-001-000217-0,7372593.797415873,341588.6272607835,391.0721740722656,LetabaExclosure,2020-12-07,2020-12-07 09:17:13.417,09:17:13,73.40822875,25.50567208611111
218,112635.286,cam1-001-000218-0,7372603.123861474,341576.65093734895,391.0035095214844,LetabaExclosure,2020-12-07,2020-12-07 09:17:15.286,09:17:15,73.40589250000001,25.506206827777778
219,112637.955,cam1-001-000219-0,7372616.124847271,341560.35727024206,391.03533935546875,LetabaExclosure,2020-12-07,2020-12-07 09:17:17.955,09:17:17,73.40255625,25.506970458333335
220,112639.29,cam1-001-000220-0,7372622.651809686,341551.9335806074,391.06256103515625,LetabaExclosure,2020-12-07,2020-12-07 09:17:19.290,09:17:19,73.40088750000001,25.507352416666667
221,112641.425,cam1-001-000221-0,7372633.20944245,341538.5249482818,391.0299987792969,LetabaExclosure,2020-12-07,2020-12-07 09:17:21.425,09:17:21,73.39821875,25.50796326388889
222,112643.294,cam1-001-000222-0,7372642.1138940975,341527.146195129,391.04876708984375,LetabaExclosure,2020-12-07,2020-12-07 09:17:23.294,09:17:23,73.39588250000001,25.508498005555555
223,112645.963,cam1-001-000223-0,7372655.4365083715,341510.1010175901,391.0579833984375,LetabaExclosure,2020-12-07,2020-12-07 09:17:25.963,09:17:25,73.39254625,25.509261636111113
224,112647.298,cam1-001-000224-0,7372662.134480706,341501.6052524926,391.0701599121094,LetabaExclosure,2020-12-07,2020-12-07 09:17:27.298,09:17:27,73.3908775,25.509643594444444
225,112649.3,cam1-001-000225-0,7372671.945724312,341488.9824406982,391.0993347167969,LetabaExclosure,2020-12-07,2020-12-07 09:17:29.300,09:17:29,73.388375,25.51021638888889
226,112651.302,cam1-001-000226-0,7372681.8326243665,341476.41759899247,391.15771484375,LetabaExclosure,2020-12-07,2020-12-07 09:17:31.302,09:17:31,73.3858725,25.510789183333333
227,112653.437,cam1-001-000227-0,7372692.581678592,341463.09712070145,391.2520751953125,LetabaExclosure,2020-12-07,2020-12-07 09:17:33.437,09:17:33,73.38320374999999,25.511400030555556
228,112655.973,cam1-001-000228-0,7372704.943373773,341447.1515862765,391.1561279296875,LetabaExclosure,2020-12-07,2020-12-07 09:17:35.973,09:17:35,73.38003375000001,25.51212560833333
229,112657.308,cam1-001-000229-0,7372711.486810256,341438.82595308655,391.0578308105469,LetabaExclosure,2020-12-07,2020-12-07 09:17:37.308,09:17:37,73.378365,25.512507566666667
230,112659.31,cam1-001-000230-0,7372721.3334249705,341426.288397638,390.87188720703125,LetabaExclosure,2020-12-07,2020-12-07 09:17:39.310,09:17:39,73.37586250000001,25.51308036111111
231,112661.312,cam1-001-000231-0,7372731.4713260215,341413.30319548305,391.26898193359375,LetabaExclosure,2020-12-07,2020-12-07 09:17:41.312,09:17:41,73.37335999999999,25.513653155555556
232,112663.981,cam1-001-000232-0,7372744.597485752,341396.77689797606,391.8087158203125,LetabaExclosure,2020-12-07,2020-12-07 09:17:43.981,09:17:43,73.37002375,25.514416786111113
233,112665.315,cam1-001-000233-0,7372751.164079344,341388.24504761386,391.9773254394531,LetabaExclosure,2020-12-07,2020-12-07 09:17:45.315,09:17:45,73.36835625,25.514798458333335
234,112667.317,cam1-001-000234-0,7372760.911652759,341375.6070617691,391.97723388671875,LetabaExclosure,2020-12-07,2020-12-07 09:17:47.317,09:17:47,73.36585375000001,25.515371252777776
235,112669.319,cam1-001-000235-0,7372770.766149217,341363.29624316934,391.8403015136719,LetabaExclosure,2020-12-07,2020-12-07 09:17:49.319,09:17:49,73.36335125,25.515944047222224
236,112671.455,cam1-001-000236-0,7372781.459428307,341349.82237952517,391.7451171875,LetabaExclosure,2020-12-07,2020-12-07 09:17:51.455,09:17:51,73.36068125,25.516555180555557
237,112673.991,cam1-001-000237-0,7372794.158918078,341333.8115868598,391.7149353027344,LetabaExclosure,2020-12-07,2020-12-07 09:17:53.991,09:17:53,73.35751125000002,25.51728075833333
238,112675.325,cam1-001-000238-0,7372800.909254581,341325.2968876542,391.68212890625,LetabaExclosure,2020-12-07,2020-12-07 09:17:55.325,09:17:55,73.35584375,25.517662430555553
239,112677.327,cam1-001-000239-0,7372810.6893644575,341312.93039029697,391.5723876953125,LetabaExclosure,2020-12-07,2020-12-07 09:17:57.327,09:17:57,73.35334125,25.518235225
240,112679.329,cam1-001-000240-0,7372821.092937524,341299.8176650669,391.5964050292969,LetabaExclosure,2020-12-07,2020-12-07 09:17:59.329,09:17:59,73.35083875000001,25.518808019444442
241,112681.999,cam1-001-000241-0,7372831.46373025,341286.657566485,391.4825134277344,LetabaExclosure,2020-12-07,2020-12-07 09:18:01.999,09:18:01,73.34750125000001,25.51957193611111
242,112683.333,cam1-001-000242-0,7372832.425905246,341285.01289786666,391.51861572265625,LetabaExclosure,2020-12-07,2020-12-07 09:18:03.333,09:18:03,73.34583375000001,25.51995360833333
243,112686.136,cam1-001-000243-0,7372825.247162553,341281.8235835105,391.1114196777344,LetabaExclosure,2020-12-07,2020-12-07 09:18:06.136,09:18:06,73.34233,25.520755577777777
244,112687.337,cam1-001-000244-0,7372818.120944782,341275.6729091762,390.8075256347656,LetabaExclosure,2020-12-07,2020-12-07 09:18:07.337,09:18:07,73.34082875,25.521099197222224
245,112689.339,cam1-001-000245-0,7372804.698780397,341262.5093202289,390.7704162597656,LetabaExclosure,2020-12-07,2020-12-07 09:18:09.339,09:18:09,73.33832625,25.52167199166667
246,112691.341,cam1-001-000246-0,7372792.051056723,341250.64203772857,390.8528747558594,LetabaExclosure,2020-12-07,2020-12-07 09:18:11.341,09:18:11,73.33582375,25.522244786111113
247,112693.343,cam1-001-000247-0,7372780.0075385645,341238.95925416803,391.1468200683594,LetabaExclosure,2020-12-07,2020-12-07 09:18:13.343,09:18:13,73.33332125000001,25.522817580555554
248,112696.013,cam1-001-000248-0,7372763.740630404,341223.81882372696,391.4872741699219,LetabaExclosure,2020-12-07,2020-12-07 09:18:16.013,09:18:16,73.32998375,25.523581497222224
249,112697.347,cam1-001-000249-0,7372755.319855654,341217.0798528263,391.8325500488281,LetabaExclosure,2020-12-07,2020-12-07 09:18:17.347,09:18:17,73.32831625000001,25.523963169444443
250,112699.349,cam1-001-000250-0,7372743.4163547605,341216.07145119424,391.7430725097656,LetabaExclosure,2020-12-07,2020-12-07 09:18:19.349,09:18:19,73.32581375,25.52453596388889
251,112701.351,cam1-001-000251-0,7372742.149279574,341217.43669269956,391.52728271484375,LetabaExclosure,2020-12-07,2020-12-07 09:18:21.351,09:18:21,73.32331125,25.52510875833333
252,112703.62,cam1-001-000252-0,7372737.255674476,341222.98088542523,391.807373046875,LetabaExclosure,2020-12-07,2020-12-07 09:18:23.620,09:18:23,73.320475,25.525757944444443
253,112705.355,cam1-001-000253-0,7372728.41684138,341233.2282562647,391.592041015625,LetabaExclosure,2020-12-07,2020-12-07 09:18:25.355,09:18:25,73.31830625,25.52625434722222
254,112707.357,cam1-001-000254-0,7372716.9710400645,341247.39017312817,391.60394287109375,LetabaExclosure,2020-12-07,2020-12-07 09:18:27.357,09:18:27,73.31580375,25.52682714166667
255,112709.359,cam1-001-000255-0,7372706.736603793,341260.366924987,391.5970153808594,LetabaExclosure,2020-12-07,2020-12-07 09:18:29.359,09:18:29,73.31330125000001,25.52739993611111
256,112712.029,cam1-001-000256-0,7372692.987038007,341277.5772956123,392.0497741699219,LetabaExclosure,2020-12-07,2020-12-07 09:18:32.029,09:18:32,73.30996375000001,25.528163852777777
257,112713.363,cam1-001-000257-0,7372686.769096593,341285.59945379547,392.23333740234375,LetabaExclosure,2020-12-07,2020-12-07 09:18:33.363,09:18:33,73.30829625000001,25.528545525
258,112715.365,cam1-001-000258-0,7372676.817374688,341298.5261246379,392.1703796386719,LetabaExclosure,2020-12-07,2020-12-07 09:18:35.365,09:18:35,73.30579374999999,25.529118319444446
259,112717.367,cam1-001-000259-0,7372667.04409313,341310.9092488921,392.0516662597656,LetabaExclosure,2020-12-07,2020-12-07 09:18:37.367,09:18:37,73.30329125,25.529691113888887
260,112719.503,cam1-001-000260-0,7372656.639682001,341324.3072262432,391.8917541503906,LetabaExclosure,2020-12-07,2020-12-07 09:18:39.503,09:18:39,73.30062125,25.53030224722222
261,112721.905,cam1-001-000261-0,7372645.023510533,341339.2181545523,391.7652587890625,LetabaExclosure,2020-12-07,2020-12-07 09:18:41.905,09:18:41,73.29761875,25.53098948611111
262,112723.373,cam1-001-000262-0,7372637.9904743815,341348.14996573713,391.7152404785156,LetabaExclosure,2020-12-07,2020-12-07 09:18:43.373,09:18:43,73.29578375,25.531409497222224
263,112725.375,cam1-001-000263-0,7372627.884169795,341361.08912227454,391.6769104003906,LetabaExclosure,2020-12-07,2020-12-07 09:18:45.375,09:18:45,73.29328125,25.531982291666665
264,112727.377,cam1-001-000264-0,7372618.152204071,341373.66927804926,391.623779296875,LetabaExclosure,2020-12-07,2020-12-07 09:18:47.377,09:18:47,73.29077875000002,25.53255508611111
265,112729.913,cam1-001-000265-0,7372605.650619298,341389.59531637165,391.671630859375,LetabaExclosure,2020-12-07,2020-12-07 09:18:49.913,09:18:49,73.28760875,25.53328066388889
266,112731.381,cam1-001-000266-0,7372598.677561991,341398.6306656344,391.65228271484375,LetabaExclosure,2020-12-07,2020-12-07 09:18:51.381,09:18:51,73.28577375,25.533700675
267,112733.383,cam1-001-000267-0,7372588.394339902,341411.6062232298,391.5773010253906,LetabaExclosure,2020-12-07,2020-12-07 09:18:53.383,09:18:53,73.28327125,25.534273469444447
268,112735.385,cam1-001-000268-0,7372578.376764852,341423.86566743045,391.5751953125,LetabaExclosure,2020-12-07,2020-12-07 09:18:55.385,09:18:55,73.28076875000001,25.534846263888888
269,112737.921,cam1-001-000269-0,7372565.6442422755,341439.7436296529,391.4421691894531,LetabaExclosure,2020-12-07,2020-12-07 09:18:57.921,09:18:57,73.27759875,25.535571841666666
270,112739.389,cam1-001-000270-0,7372558.438958094,341448.5815253669,391.43170166015625,LetabaExclosure,2020-12-07,2020-12-07 09:18:59.389,09:18:59,73.27576375000001,25.535991852777777
271,112741.391,cam1-001-000271-0,7372548.476519019,341461.75722653297,391.6001892089844,LetabaExclosure,2020-12-07,2020-12-07 09:19:01.391,09:19:01,73.27326125,25.536564647222225
272,112743.393,cam1-001-000272-0,7372539.076330264,341474.35339409404,391.66619873046875,LetabaExclosure,2020-12-07,2020-12-07 09:19:03.393,09:19:03,73.27075875000001,25.537137441666665
273,112745.529,cam1-001-000273-0,7372528.499815181,341487.67459288833,391.52154541015625,LetabaExclosure,2020-12-07,2020-12-07 09:19:05.529,09:19:05,73.26808875,25.537748575
274,112747.931,cam1-001-000274-0,7372516.712206073,341502.4252409408,391.5191955566406,LetabaExclosure,2020-12-07,2020-12-07 09:19:07.931,09:19:07,73.26508625000001,25.53843581388889
275,112749.399,cam1-001-000275-0,7372509.6464517135,341511.2019358258,391.55010986328125,LetabaExclosure,2020-12-07,2020-12-07 09:19:09.399,09:19:09,73.26325125,25.538855825000002
276,112751.401,cam1-001-000276-0,7372499.416201647,341524.0628643419,391.6408996582031,LetabaExclosure,2020-12-07,2020-12-07 09:19:11.401,09:19:11,73.26074875,25.539428619444443
277,112753.403,cam1-001-000277-0,7372489.6798658455,341536.65628266777,391.7699890136719,LetabaExclosure,2020-12-07,2020-12-07 09:19:13.403,09:19:13,73.25824625,25.54000141388889
278,112755.939,cam1-001-000278-0,7372476.822378321,341552.7471079893,391.8398742675781,LetabaExclosure,2020-12-07,2020-12-07 09:19:15.939,09:19:15,73.25507625,25.540726991666666
279,112757.407,cam1-001-000279-0,7372469.662411115,341561.7744408905,391.8381652832031,LetabaExclosure,2020-12-07,2020-12-07 09:19:17.407,09:19:17,73.25324124999999,25.54114700277778
280,112759.409,cam1-001-000280-0,7372459.47256683,341574.9425805257,391.790283203125,LetabaExclosure,2020-12-07,2020-12-07 09:19:19.409,09:19:19,73.25073875,25.54171979722222
281,112761.411,cam1-001-000281-0,7372449.833013307,341587.49281994556,391.8285217285156,LetabaExclosure,2020-12-07,2020-12-07 09:19:21.411,09:19:21,73.24823625,25.542292591666666
282,112763.546,cam1-001-000282-0,7372439.297003908,341600.9569607801,391.8130187988281,LetabaExclosure,2020-12-07,2020-12-07 09:19:23.546,09:19:23,73.2455675,25.54290343888889
283,112765.949,cam1-001-000283-0,7372427.40499761,341616.08999523136,391.8338623046875,LetabaExclosure,2020-12-07,2020-12-07 09:19:25.949,09:19:25,73.24256375000002,25.54359096388889
284,112767.417,cam1-001-000284-0,7372420.264149523,341625.06301904086,391.8460388183594,LetabaExclosure,2020-12-07,2020-12-07 09:19:27.417,09:19:27,73.24072875,25.544010975
285,112769.419,cam1-001-000285-0,7372410.071433302,341638.04796974827,391.8839416503906,LetabaExclosure,2020-12-07,2020-12-07 09:19:29.419,09:19:29,73.23822625000001,25.544583769444444
286,112771.421,cam1-001-000286-0,7372400.438482763,341650.4848583604,391.8532409667969,LetabaExclosure,2020-12-07,2020-12-07 09:19:31.421,09:19:31,73.23572375,25.545156563888888
287,112773.957,cam1-001-000287-0,7372388.169786828,341666.4176368223,391.9678649902344,LetabaExclosure,2020-12-07,2020-12-07 09:19:33.957,09:19:33,73.23255375000001,25.545882141666667
288,112775.291,cam1-001-000288-0,7372381.477055548,341674.895010432,392.05804443359375,LetabaExclosure,2020-12-07,2020-12-07 09:19:35.291,09:19:35,73.23088625000001,25.54626381388889
289,112777.293,cam1-001-000289-0,7372371.578348729,341687.39944471733,392.12371826171875,LetabaExclosure,2020-12-07,2020-12-07 09:19:37.293,09:19:37,73.22838374999999,25.546836608333336
290,112779.295,cam1-001-000290-0,7372361.731135404,341699.9394807068,392.019287109375,LetabaExclosure,2020-12-07,2020-12-07 09:19:39.295,09:19:39,73.22588125,25.547409402777777
291,112781.564,cam1-001-000291-0,7372350.290498277,341714.43918789853,391.9820251464844,LetabaExclosure,2020-12-07,2020-12-07 09:19:41.564,09:19:41,73.223045,25.54805858888889
292,112783.967,cam1-001-000292-0,7372338.443951102,341729.53789810307,392.1671447753906,LetabaExclosure,2020-12-07,2020-12-07 09:19:43.967,09:19:43,73.22004125,25.54874611388889
293,112785.301,cam1-001-000293-0,7372331.582990747,341738.04871990037,392.1973571777344,LetabaExclosure,2020-12-07,2020-12-07 09:19:45.301,09:19:45,73.21837375,25.549127786111114
294,112787.303,cam1-001-000294-0,7372321.676227303,341750.51055368467,392.1991882324219,LetabaExclosure,2020-12-07,2020-12-07 09:19:47.303,09:19:47,73.21587125,25.549700580555555
295,112789.305,cam1-001-000295-0,7372312.023589228,341762.9961529356,392.0554504394531,LetabaExclosure,2020-12-07,2020-12-07 09:19:49.305,09:19:49,73.21336875000001,25.550273375
296,112791.975,cam1-001-000296-0,7372298.791237396,341779.6612373488,391.8432922363281,LetabaExclosure,2020-12-07,2020-12-07 09:19:51.975,09:19:51,73.21003125,25.551037291666667
297,112793.309,cam1-001-000297-0,7372292.134949907,341787.9489125078,391.8042297363281,LetabaExclosure,2020-12-07,2020-12-07 09:19:53.309,09:19:53,73.20836375,25.55141896388889
298,112795.311,cam1-001-000298-0,7372282.504886694,341800.32284377574,391.8484191894531,LetabaExclosure,2020-12-07,2020-12-07 09:19:55.311,09:19:55,73.20586125,25.551991758333333
299,112797.313,cam1-001-000299-0,7372272.801860521,341812.7679761206,391.8038635253906,LetabaExclosure,2020-12-07,2020-12-07 09:19:57.313,09:19:57,73.20335875,25.552564552777778
300,112799.983,cam1-001-000300-0,7372259.389917752,341829.80231518106,391.7527770996094,LetabaExclosure,2020-12-07,2020-12-07 09:19:59.983,09:19:59,73.20002125,25.55332846944444
301,112801.317,cam1-001-000301-0,7372252.721132851,341838.1890819969,391.7364196777344,LetabaExclosure,2020-12-07,2020-12-07 09:20:01.317,09:20:01,73.19835375000001,25.553710141666667
302,112803.319,cam1-001-000302-0,7372242.7919803355,341850.54615167575,391.7939147949219,LetabaExclosure,2020-12-07,2020-12-07 09:20:03.319,09:20:03,73.19585125,25.55428293611111
303,112805.321,cam1-001-000303-0,7372232.913865067,341863.01190464606,391.8704528808594,LetabaExclosure,2020-12-07,2020-12-07 09:20:05.321,09:20:05,73.19334875000001,25.554855730555555
304,112807.457,cam1-001-000304-0,7372222.346089674,341876.6335328657,391.906494140625,LetabaExclosure,2020-12-07,2020-12-07 09:20:07.457,09:20:07,73.19067875,25.55546686388889
305,112809.993,cam1-001-000305-0,7372209.5484262835,341892.45307414175,391.95281982421875,LetabaExclosure,2020-12-07,2020-12-07 09:20:09.993,09:20:09,73.18750875,25.556192441666667
306,112811.327,cam1-001-000306-0,7372202.907103377,341900.9549723334,391.9967956542969,LetabaExclosure,2020-12-07,2020-12-07 09:20:11.327,09:20:11,73.18584125,25.55657411388889
307,112813.329,cam1-001-000307-0,7372193.188394807,341913.5672382057,392.1463317871094,LetabaExclosure,2020-12-07,2020-12-07 09:20:13.329,09:20:13,73.18333875,25.557146908333333
308,112815.331,cam1-001-000308-0,7372183.389232524,341926.0628092573,392.1630859375,LetabaExclosure,2020-12-07,2020-12-07 09:20:15.331,09:20:15,73.18083625,25.557719702777778
309,112818.0,cam1-001-000309-0,7372170.14911579,341942.99928478955,392.2802429199219,LetabaExclosure,2020-12-07,2020-12-07 09:20:18.000,09:20:18,73.17750000000001,25.558483333333335
310,112819.335,cam1-001-000310-0,7372163.60040978,341951.4539769992,392.349853515625,LetabaExclosure,2020-12-07,2020-12-07 09:20:19.335,09:20:19,73.17583125,25.55886529166667
311,112821.337,cam1-001-000311-0,7372153.607159493,341963.95170910616,392.3203430175781,LetabaExclosure,2020-12-07,2020-12-07 09:20:21.337,09:20:21,73.17332875000001,25.55943808611111
312,112823.339,cam1-001-000312-0,7372143.782390688,341976.44399137003,392.1981201171875,LetabaExclosure,2020-12-07,2020-12-07 09:20:23.339,09:20:23,73.17082624999999,25.56001088055556
313,112825.475,cam1-001-000313-0,7372133.087897187,341989.89311109215,391.927001953125,LetabaExclosure,2020-12-07,2020-12-07 09:20:25.475,09:20:25,73.16815625,25.560622013888892
314,112828.01,cam1-001-000314-0,7372120.360313504,342005.7964323434,391.83746337890625,LetabaExclosure,2020-12-07,2020-12-07 09:20:28.010,09:20:28,73.16498750000001,25.561347305555554
315,112829.345,cam1-001-000315-0,7372113.683534424,342014.3251254783,391.8763427734375,LetabaExclosure,2020-12-07,2020-12-07 09:20:29.345,09:20:29,73.16331875,25.56172926388889
316,112831.347,cam1-001-000316-0,7372103.749308729,342026.74851939594,391.967529296875,LetabaExclosure,2020-12-07,2020-12-07 09:20:31.347,09:20:31,73.16081625000001,25.56230205833333
317,112833.349,cam1-001-000317-0,7372094.016263744,342039.10631996416,392.1673278808594,LetabaExclosure,2020-12-07,2020-12-07 09:20:33.349,09:20:33,73.15831375,25.562874852777778
318,112836.018,cam1-001-000318-0,7372080.829974789,342055.8972629696,392.3939514160156,LetabaExclosure,2020-12-07,2020-12-07 09:20:36.018,09:20:36,73.1549775,25.56363848333333
319,112837.353,cam1-001-000319-0,7372074.301878821,342064.2671752107,392.49224853515625,LetabaExclosure,2020-12-07,2020-12-07 09:20:37.353,09:20:37,73.15330875,25.564020441666667
320,112839.355,cam1-001-000320-0,7372064.602355829,342076.6433072825,392.6015625,LetabaExclosure,2020-12-07,2020-12-07 09:20:39.355,09:20:39,73.15080625,25.56459323611111
321,112841.357,cam1-001-000321-0,7372054.822291164,342089.1083157479,392.5997314453125,LetabaExclosure,2020-12-07,2020-12-07 09:20:41.357,09:20:41,73.14830375,25.565166030555556
322,112843.492,cam1-001-000322-0,7372044.095097385,342102.43441067263,392.579345703125,LetabaExclosure,2020-12-07,2020-12-07 09:20:43.492,09:20:43,73.145635,25.56577687777778
323,112846.028,cam1-001-000323-0,7372031.538224844,342118.23227911704,392.6172180175781,LetabaExclosure,2020-12-07,2020-12-07 09:20:46.028,09:20:46,73.142465,25.566502455555558
324,112847.363,cam1-001-000324-0,7372024.904384907,342126.77195097733,392.75506591796875,LetabaExclosure,2020-12-07,2020-12-07 09:20:47.363,09:20:47,73.14079625000001,25.56688441388889
325,112849.365,cam1-001-000325-0,7372015.050018707,342139.39787069836,392.9974365234375,LetabaExclosure,2020-12-07,2020-12-07 09:20:49.365,09:20:49,73.13829375,25.567457208333334
326,112851.367,cam1-001-000326-0,7372005.1874124855,342151.8563901669,392.9753723144531,LetabaExclosure,2020-12-07,2020-12-07 09:20:51.367,09:20:51,73.13579125000001,25.56803000277778
327,112853.903,cam1-001-000327-0,7371992.543038583,342167.8939429788,392.9767150878906,LetabaExclosure,2020-12-07,2020-12-07 09:20:53.903,09:20:53,73.13262125,25.568755580555557
328,112855.371,cam1-001-000328-0,7371985.071559271,342177.31535471726,393.01708984375,LetabaExclosure,2020-12-07,2020-12-07 09:20:55.371,09:20:55,73.13078625,25.569175591666667
329,112857.373,cam1-001-000329-0,7371975.114875039,342189.9345063942,392.93450927734375,LetabaExclosure,2020-12-07,2020-12-07 09:20:57.373,09:20:57,73.12828375,25.56974838611111
330,112859.375,cam1-001-000330-0,7371965.391855413,342202.4683696862,392.77093505859375,LetabaExclosure,2020-12-07,2020-12-07 09:20:59.375,09:20:59,73.12578125,25.570321180555556
331,112862.044,cam1-001-000331-0,7371952.422533831,342219.46185961016,392.4654846191406,LetabaExclosure,2020-12-07,2020-12-07 09:21:02.044,09:21:02,73.12244500000001,25.57108481111111
332,112863.379,cam1-001-000332-0,7371946.158524182,342228.0556531212,392.1802978515625,LetabaExclosure,2020-12-07,2020-12-07 09:21:03.379,09:21:03,73.12077625,25.571466769444445
333,112865.381,cam1-001-000333-0,7371935.905641841,342240.3335407496,392.1188659667969,LetabaExclosure,2020-12-07,2020-12-07 09:21:05.381,09:21:05,73.11827375000001,25.572039563888886
334,112867.383,cam1-001-000334-0,7371925.759594811,342252.7292608359,392.2967834472656,LetabaExclosure,2020-12-07,2020-12-07 09:21:07.383,09:21:07,73.11577125,25.572612358333334
335,112869.518,cam1-001-000335-0,7371914.98543717,342266.2613273113,392.39581298828125,LetabaExclosure,2020-12-07,2020-12-07 09:21:09.518,09:21:09,73.11310250000001,25.573223205555554
336,112871.921,cam1-001-000336-0,7371903.180559769,342281.25772832765,392.57489013671875,LetabaExclosure,2020-12-07,2020-12-07 09:21:11.921,09:21:11,73.11009875,25.573910730555557
337,112873.389,cam1-001-000337-0,7371895.588045057,342290.7756572618,392.6551513671875,LetabaExclosure,2020-12-07,2020-12-07 09:21:13.389,09:21:13,73.10826375,25.574330741666664
338,112875.391,cam1-001-000338-0,7371885.879875242,342303.037314417,392.6660461425781,LetabaExclosure,2020-12-07,2020-12-07 09:21:15.391,09:21:15,73.10576125,25.574903536111112
339,112877.393,cam1-001-000339-0,7371876.525085164,342315.5262033474,392.7358093261719,LetabaExclosure,2020-12-07,2020-12-07 09:21:17.393,09:21:17,73.10325875000001,25.575476330555553
340,112879.929,cam1-001-000340-0,7371864.271952188,342329.4204026173,392.7934265136719,LetabaExclosure,2020-12-07,2020-12-07 09:21:19.929,09:21:19,73.10008875,25.576201908333335
341,112883.666,cam1-001-000341-0,7371856.089482127,342330.3992427001,392.5646057128906,LetabaExclosure,2020-12-07,2020-12-07 09:21:23.666,09:21:23,73.09541750000001,25.577271105555553
342,112885.401,cam1-001-000342-0,7371852.671785068,342325.5942091295,392.6192321777344,LetabaExclosure,2020-12-07,2020-12-07 09:21:25.401,09:21:25,73.09324875,25.577767508333334
343,112887.403,cam1-001-000343-0,7371842.4374054475,342314.15563210193,392.1585693359375,LetabaExclosure,2020-12-07,2020-12-07 09:21:27.403,09:21:27,73.09074625,25.57834030277778
344,112889.405,cam1-001-000344-0,7371831.305227051,342300.9621055753,391.6763916015625,LetabaExclosure,2020-12-07,2020-12-07 09:21:29.405,09:21:29,73.08824375,25.578913097222223
345,112891.407,cam1-001-000345-0,7371820.3823113125,342287.3516359016,391.4042663574219,LetabaExclosure,2020-12-07,2020-12-07 09:21:31.407,09:21:31,73.08574125,25.579485891666668
346,112893.943,cam1-001-000346-0,7371807.16656783,342270.90023373987,391.085693359375,LetabaExclosure,2020-12-07,2020-12-07 09:21:33.943,09:21:33,73.08257125,25.580211469444443
347,112895.411,cam1-001-000347-0,7371799.826597543,342261.83083265636,390.9144592285156,LetabaExclosure,2020-12-07,2020-12-07 09:21:35.411,09:21:35,73.08073625000002,25.580631480555553
348,112897.413,cam1-001-000348-0,7371790.346253597,342249.0714307818,390.9308776855469,LetabaExclosure,2020-12-07,2020-12-07 09:21:37.413,09:21:37,73.07823375,25.581204275
349,112899.415,cam1-001-000349-0,7371791.41916959,342239.249729209,390.7022705078125,LetabaExclosure,2020-12-07,2020-12-07 09:21:39.415,09:21:39,73.07573125,25.581777069444442
350,112901.951,cam1-001-000350-0,7371794.3025808595,342237.7478770445,391.4275207519531,LetabaExclosure,2020-12-07,2020-12-07 09:21:41.951,09:21:41,73.07256125,25.582502647222224
351,112903.419,cam1-001-000351-0,7371798.06797309,342231.48697606416,391.89495849609375,LetabaExclosure,2020-12-07,2020-12-07 09:21:43.419,09:21:43,73.07072625,25.58292265833333
352,112905.421,cam1-001-000352-0,7371807.313819841,342217.6250059239,392.06500244140625,LetabaExclosure,2020-12-07,2020-12-07 09:21:45.421,09:21:45,73.06822375,25.58349545277778
353,112907.289,cam1-001-000353-0,7371817.454078731,342205.1079986184,391.7878112792969,LetabaExclosure,2020-12-07,2020-12-07 09:21:47.289,09:21:47,73.06588875,25.584029908333335
354,112909.425,cam1-001-000354-0,7371828.503308872,342191.6487013812,391.563232421875,LetabaExclosure,2020-12-07,2020-12-07 09:21:49.425,09:21:49,73.06321875,25.584641041666668
355,112911.96,cam1-001-000355-0,7371841.111405879,342175.5258556459,391.42144775390625,LetabaExclosure,2020-12-07,2020-12-07 09:21:51.960,09:21:51,73.06004999999999,25.585366333333337
356,112913.295,cam1-001-000356-0,7371847.34220547,342167.56319315475,391.34320068359375,LetabaExclosure,2020-12-07,2020-12-07 09:21:53.295,09:21:53,73.05838125000001,25.585748291666665
357,112915.297,cam1-001-000357-0,7371857.5175524,342154.7023165573,391.25262451171875,LetabaExclosure,2020-12-07,2020-12-07 09:21:55.297,09:21:55,73.05587874999999,25.586321086111113
358,112917.299,cam1-001-000358-0,7371867.235622158,342142.08608585526,391.2705383300781,LetabaExclosure,2020-12-07,2020-12-07 09:21:57.299,09:21:57,73.05337625,25.586893880555554
359,112919.968,cam1-001-000359-0,7371880.618499745,342124.68728955404,391.2512512207031,LetabaExclosure,2020-12-07,2020-12-07 09:21:59.968,09:21:59,73.05004000000001,25.58765751111111
360,112921.303,cam1-001-000360-0,7371887.026155722,342116.6400976469,391.2548828125,LetabaExclosure,2020-12-07,2020-12-07 09:22:01.303,09:22:01,73.04837125,25.588039469444446
361,112923.305,cam1-001-000361-0,7371897.464019997,342103.61916409107,391.4251708984375,LetabaExclosure,2020-12-07,2020-12-07 09:22:03.305,09:22:03,73.04586875000001,25.588612263888887
362,112925.307,cam1-001-000362-0,7371907.49070086,342090.7425638864,391.528076171875,LetabaExclosure,2020-12-07,2020-12-07 09:22:05.307,09:22:05,73.04336625,25.589185058333335
363,112927.443,cam1-001-000363-0,7371918.438269995,342077.2143338856,391.52032470703125,LetabaExclosure,2020-12-07,2020-12-07 09:22:07.443,09:22:07,73.04069625000001,25.589796191666668
364,112929.978,cam1-001-000364-0,7371931.110934516,342061.5128554615,391.655029296875,LetabaExclosure,2020-12-07,2020-12-07 09:22:09.978,09:22:09,73.0375275,25.590521483333333
365,112931.313,cam1-001-000365-0,7371937.765419448,342053.00747196184,391.8930358886719,LetabaExclosure,2020-12-07,2020-12-07 09:22:11.313,09:22:11,73.03585875,25.590903441666665
366,112933.315,cam1-001-000366-0,7371947.509891534,342040.36844076484,391.906005859375,LetabaExclosure,2020-12-07,2020-12-07 09:22:13.315,09:22:13,73.03335625,25.591476236111113
367,112935.317,cam1-001-000367-0,7371957.3028339045,342027.962485891,391.7646789550781,LetabaExclosure,2020-12-07,2020-12-07 09:22:15.317,09:22:15,73.03085375,25.592049030555554
368,112937.986,cam1-001-000368-0,7371970.765202323,342010.8989180275,391.72198486328125,LetabaExclosure,2020-12-07,2020-12-07 09:22:17.986,09:22:17,73.0275175,25.59281266111111
369,112939.321,cam1-001-000369-0,7371977.096934659,342003.0006788247,391.7208251953125,LetabaExclosure,2020-12-07,2020-12-07 09:22:19.321,09:22:19,73.02584875000001,25.593194619444443
370,112941.323,cam1-001-000370-0,7371987.375021042,341990.0070748841,391.7470703125,LetabaExclosure,2020-12-07,2020-12-07 09:22:21.323,09:22:21,73.02334625,25.59376741388889
371,112943.325,cam1-001-000371-0,7371997.163075177,341977.5345540033,391.80169677734375,LetabaExclosure,2020-12-07,2020-12-07 09:22:23.325,09:22:23,73.02084375000001,25.594340208333332
372,112945.46,cam1-001-000372-0,7372007.570171243,341964.0372320587,391.7076416015625,LetabaExclosure,2020-12-07,2020-12-07 09:22:25.460,09:22:25,73.018175,25.59495105555556
373,112947.996,cam1-001-000373-0,7372020.2875123825,341948.04592353257,391.48651123046875,LetabaExclosure,2020-12-07,2020-12-07 09:22:27.996,09:22:27,73.015005,25.595676633333333
374,112949.331,cam1-001-000374-0,7372026.888711352,341939.5708518758,391.3890686035156,LetabaExclosure,2020-12-07,2020-12-07 09:22:29.331,09:22:29,73.01333625,25.59605859166667
375,112951.333,cam1-001-000375-0,7372036.785781972,341927.018073388,391.4287109375,LetabaExclosure,2020-12-07,2020-12-07 09:22:31.333,09:22:31,73.01083375,25.59663138611111
376,112953.335,cam1-001-000376-0,7372046.789768565,341914.6155367257,391.4908447265625,LetabaExclosure,2020-12-07,2020-12-07 09:22:33.335,09:22:33,73.00833125,25.597204180555558
377,112956.004,cam1-001-000377-0,7372060.202725053,341897.7622618467,391.3531494140625,LetabaExclosure,2020-12-07,2020-12-07 09:22:36.004,09:22:36,73.00499500000001,25.59796781111111
378,112957.339,cam1-001-000378-0,7372066.291445507,341889.891305071,391.2920837402344,LetabaExclosure,2020-12-07,2020-12-07 09:22:37.339,09:22:37,73.00332625,25.598349769444447
379,112959.341,cam1-001-000379-0,7372076.353319541,341876.99866828474,391.2835388183594,LetabaExclosure,2020-12-07,2020-12-07 09:22:39.341,09:22:39,73.00082375000001,25.598922563888888
380,112961.343,cam1-001-000380-0,7372086.18825871,341864.56079920183,391.3780822753906,LetabaExclosure,2020-12-07,2020-12-07 09:22:41.343,09:22:41,72.99832125000002,25.599495358333332
381,112964.012,cam1-001-000381-0,7372099.472557776,341847.66733091127,391.3859558105469,LetabaExclosure,2020-12-07,2020-12-07 09:22:44.012,09:22:44,72.994985,25.60025898888889
382,112965.347,cam1-001-000382-0,7372105.692295922,341839.7715527619,391.4148254394531,LetabaExclosure,2020-12-07,2020-12-07 09:22:45.347,09:22:45,72.99331625,25.60064094722222
383,112967.349,cam1-001-000383-0,7372115.8585118735,341826.52731122193,391.3443298339844,LetabaExclosure,2020-12-07,2020-12-07 09:22:47.349,09:22:47,72.99081375,25.60121374166667
384,112969.351,cam1-001-000384-0,7372125.620382228,341813.86140889244,391.2177429199219,LetabaExclosure,2020-12-07,2020-12-07 09:22:49.351,09:22:49,72.98831125000001,25.60178653611111
385,112971.486,cam1-001-000385-0,7372136.34136456,341800.38897960563,391.3076477050781,LetabaExclosure,2020-12-07,2020-12-07 09:22:51.486,09:22:51,72.9856425,25.602397383333333
386,112974.022,cam1-001-000386-0,7372149.010086687,341784.2202857062,391.4173583984375,LetabaExclosure,2020-12-07,2020-12-07 09:22:54.022,09:22:54,72.9824725,25.60312296111111
387,112975.357,cam1-001-000387-0,7372155.402854917,341776.3109485666,391.41009521484375,LetabaExclosure,2020-12-07,2020-12-07 09:22:55.357,09:22:55,72.98080374999999,25.603504919444447
388,112977.359,cam1-001-000388-0,7372165.670760483,341763.2407890442,391.3956298828125,LetabaExclosure,2020-12-07,2020-12-07 09:22:57.359,09:22:57,72.97830125,25.604077713888888
389,112979.361,cam1-001-000389-0,7372175.406405915,341750.63429121376,391.3520202636719,LetabaExclosure,2020-12-07,2020-12-07 09:22:59.361,09:22:59,72.97579875,25.604650508333336
390,112982.03,cam1-001-000390-0,7372188.908866566,341733.37177532265,391.4078063964844,LetabaExclosure,2020-12-07,2020-12-07 09:23:02.030,09:23:02,72.9724625,25.60541413888889
391,112983.365,cam1-001-000391-0,7372195.15895076,341725.5451825183,391.38629150390625,LetabaExclosure,2020-12-07,2020-12-07 09:23:03.365,09:23:03,72.97079375,25.605796097222225
392,112985.367,cam1-001-000392-0,7372205.305632289,341712.66018892766,391.3524169921875,LetabaExclosure,2020-12-07,2020-12-07 09:23:05.367,09:23:05,72.96829125000001,25.606368891666666
393,112987.369,cam1-001-000393-0,7372215.182288732,341700.1270577069,391.2276306152344,LetabaExclosure,2020-12-07,2020-12-07 09:23:07.369,09:23:07,72.96578875,25.606941686111114
394,112989.504,cam1-001-000394-0,7372225.906480083,341686.81813250255,391.1862487792969,LetabaExclosure,2020-12-07,2020-12-07 09:23:09.504,09:23:09,72.96312,25.607552533333333
395,112991.907,cam1-001-000395-0,7372237.671897528,341671.9956305303,391.24932861328125,LetabaExclosure,2020-12-07,2020-12-07 09:23:11.907,09:23:11,72.96011625,25.608240058333337
396,112993.375,cam1-001-000396-0,7372244.646969896,341663.1444089861,391.2302551269531,LetabaExclosure,2020-12-07,2020-12-07 09:23:13.375,09:23:13,72.95828125,25.608660069444444
397,112995.377,cam1-001-000397-0,7372254.871646726,341650.20560792286,391.4242248535156,LetabaExclosure,2020-12-07,2020-12-07 09:23:15.377,09:23:15,72.95577875000001,25.609232863888888
398,112997.379,cam1-001-000398-0,7372264.694746567,341637.7742804615,391.438720703125,LetabaExclosure,2020-12-07,2020-12-07 09:23:17.379,09:23:17,72.95327625,25.609805658333332
399,112999.914,cam1-001-000399-0,7372277.052399147,341621.84318994137,391.3790588378906,LetabaExclosure,2020-12-07,2020-12-07 09:23:19.914,09:23:19,72.9501075,25.61053095
400,113001.383,cam1-001-000400-0,7372284.041316259,341612.7645581234,391.33221435546875,LetabaExclosure,2020-12-07,2020-12-07 09:23:21.383,09:23:21,72.94827125,25.61095124722222
401,113003.385,cam1-001-000401-0,7372294.177365901,341599.76103223907,391.2072448730469,LetabaExclosure,2020-12-07,2020-12-07 09:23:23.385,09:23:23,72.94576875000001,25.611524041666666
402,113005.387,cam1-001-000402-0,7372303.923884911,341587.30674258375,391.2104187011719,LetabaExclosure,2020-12-07,2020-12-07 09:23:25.387,09:23:25,72.94326625,25.61209683611111
403,113007.922,cam1-001-000403-0,7372316.573625072,341571.55828873825,391.2398986816406,LetabaExclosure,2020-12-07,2020-12-07 09:23:27.922,09:23:27,72.9400975,25.61282212777778
404,113009.391,cam1-001-000404-0,7372323.562708136,341562.60967395856,391.330810546875,LetabaExclosure,2020-12-07,2020-12-07 09:23:29.391,09:23:29,72.93826125,25.613242425
405,113011.393,cam1-001-000405-0,7372333.752581376,341549.69648263545,391.36798095703125,LetabaExclosure,2020-12-07,2020-12-07 09:23:31.393,09:23:31,72.93575875,25.613815219444444
406,113013.395,cam1-001-000406-0,7372343.642421308,341537.3362858446,391.2648010253906,LetabaExclosure,2020-12-07,2020-12-07 09:23:33.395,09:23:33,72.93325625,25.61438801388889
407,113015.93,cam1-001-000407-0,7372356.101341594,341521.2849934518,391.4917297363281,LetabaExclosure,2020-12-07,2020-12-07 09:23:35.930,09:23:35,72.93008750000001,25.615113305555553
408,113017.399,cam1-001-000408-0,7372363.109506601,341512.38406402257,391.5864562988281,LetabaExclosure,2020-12-07,2020-12-07 09:23:37.399,09:23:37,72.92825125,25.61553360277778
409,113019.401,cam1-001-000409-0,7372372.990334254,341499.99130171887,391.4993591308594,LetabaExclosure,2020-12-07,2020-12-07 09:23:39.401,09:23:39,72.92574875000001,25.61610639722222
410,113021.402,cam1-001-000410-0,7372383.210018713,341486.805605512,391.51934814453125,LetabaExclosure,2020-12-07,2020-12-07 09:23:41.402,09:23:41,72.9232475,25.616678905555556
411,113023.538,cam1-001-000411-0,7372394.022567635,341473.34545864305,391.6820068359375,LetabaExclosure,2020-12-07,2020-12-07 09:23:43.538,09:23:43,72.92057750000001,25.61729003888889
412,113025.94,cam1-001-000412-0,7372406.064532187,341458.38594838046,391.6941833496094,LetabaExclosure,2020-12-07,2020-12-07 09:23:45.940,09:23:45,72.917575,25.61797727777778
413,113027.408,cam1-001-000413-0,7372413.068854839,341449.3408179864,391.6679382324219,LetabaExclosure,2020-12-07,2020-12-07 09:23:47.408,09:23:47,72.91574000000001,25.618397288888886
414,113029.41,cam1-001-000414-0,7372423.248969793,341436.28523732856,391.6161193847656,LetabaExclosure,2020-12-07,2020-12-07 09:23:49.410,09:23:49,72.9132375,25.618970083333334
415,113031.412,cam1-001-000415-0,7372433.018494578,341423.92625444394,391.5509338378906,LetabaExclosure,2020-12-07,2020-12-07 09:23:51.412,09:23:51,72.910735,25.619542877777775
416,113033.948,cam1-001-000416-0,7372445.5106672365,341408.0659959032,391.1922912597656,LetabaExclosure,2020-12-07,2020-12-07 09:23:53.948,09:23:53,72.90756499999999,25.620268455555557
417,113035.416,cam1-001-000417-0,7372452.508030127,341399.07427146274,391.1097717285156,LetabaExclosure,2020-12-07,2020-12-07 09:23:55.416,09:23:55,72.90573,25.620688466666667
418,113037.418,cam1-001-000418-0,7372462.351411076,341386.5799426493,390.9766540527344,LetabaExclosure,2020-12-07,2020-12-07 09:23:57.418,09:23:57,72.9032275,25.621261261111112
419,113039.42,cam1-001-000419-0,7372472.466530684,341373.62790509016,391.0985412597656,LetabaExclosure,2020-12-07,2020-12-07 09:23:59.420,09:23:59,72.90072500000001,25.621834055555556
420,113041.556,cam1-001-000420-0,7372482.993773159,341360.26265023253,391.3873596191406,LetabaExclosure,2020-12-07,2020-12-07 09:24:01.556,09:24:01,72.89805500000001,25.62244518888889
421,113043.958,cam1-001-000421-0,7372494.644693676,341345.24345616804,391.471923828125,LetabaExclosure,2020-12-07,2020-12-07 09:24:03.958,09:24:03,72.8950525,25.623132427777776
422,113045.426,cam1-001-000422-0,7372501.645378325,341336.3841956352,391.5309143066406,LetabaExclosure,2020-12-07,2020-12-07 09:24:05.426,09:24:05,72.89321749999999,25.62355243888889
423,113047.428,cam1-001-000423-0,7372511.819795914,341323.7280963111,391.4536437988281,LetabaExclosure,2020-12-07,2020-12-07 09:24:07.428,09:24:07,72.890715,25.624125233333334
424,113049.43,cam1-001-000424-0,7372521.573451238,341311.29907589866,391.3219299316406,LetabaExclosure,2020-12-07,2020-12-07 09:24:09.430,09:24:09,72.88821250000001,25.624698027777775
425,113051.966,cam1-001-000425-0,7372533.749309196,341295.60915941827,391.2914733886719,LetabaExclosure,2020-12-07,2020-12-07 09:24:11.966,09:24:11,72.8850425,25.625423605555557
426,113053.301,cam1-001-000426-0,7372540.5415718425,341286.98186179355,391.25787353515625,LetabaExclosure,2020-12-07,2020-12-07 09:24:13.301,09:24:13,72.88337374999999,25.62580556388889
427,113055.303,cam1-001-000427-0,7372550.444810342,341274.35104767233,391.2713928222656,LetabaExclosure,2020-12-07,2020-12-07 09:24:15.303,09:24:15,72.88087125,25.626378358333334
428,113057.305,cam1-001-000428-0,7372560.885667943,341261.3287881705,391.32586669921875,LetabaExclosure,2020-12-07,2020-12-07 09:24:17.305,09:24:17,72.87836875,25.626951152777774
429,113059.974,cam1-001-000429-0,7372574.147494452,341244.56150136504,391.3209533691406,LetabaExclosure,2020-12-07,2020-12-07 09:24:19.974,09:24:19,72.8750325,25.627714783333335
430,113061.309,cam1-001-000430-0,7372580.901763843,341236.0640938992,391.3218688964844,LetabaExclosure,2020-12-07,2020-12-07 09:24:21.309,09:24:21,72.87336375000001,25.628096741666663
431,113063.311,cam1-001-000431-0,7372590.526172081,341223.5249211432,391.3982849121094,LetabaExclosure,2020-12-07,2020-12-07 09:24:23.311,09:24:23,72.87086125,25.62866953611111
432,113065.313,cam1-001-000432-0,7372600.2291761255,341211.0728973448,391.64013671875,LetabaExclosure,2020-12-07,2020-12-07 09:24:25.313,09:24:25,72.86835875000001,25.629242330555552
433,113067.448,cam1-001-000433-0,7372610.777297307,341197.52954561077,391.9915771484375,LetabaExclosure,2020-12-07,2020-12-07 09:24:27.448,09:24:27,72.86569,25.62985317777778
434,113069.984,cam1-001-000434-0,7372623.409530316,341181.29946875916,391.9584655761719,LetabaExclosure,2020-12-07,2020-12-07 09:24:29.984,09:24:29,72.86252,25.630578755555554
435,113071.319,cam1-001-000435-0,7372630.210757009,341173.17978152557,391.94561767578125,LetabaExclosure,2020-12-07,2020-12-07 09:24:31.319,09:24:31,72.86085125,25.63096071388889
436,113073.321,cam1-001-000436-0,7372640.059799131,341160.7188216379,392.2289123535156,LetabaExclosure,2020-12-07,2020-12-07 09:24:33.321,09:24:33,72.85834875,25.631533508333334
437,113075.323,cam1-001-000437-0,7372650.176858795,341147.62527018145,392.0805969238281,LetabaExclosure,2020-12-07,2020-12-07 09:24:35.323,09:24:35,72.85584625,25.63210630277778
438,113077.992,cam1-001-000438-0,7372660.116313178,341135.8055318657,391.99853515625,LetabaExclosure,2020-12-07,2020-12-07 09:24:37.992,09:24:37,72.85251000000001,25.632869933333332
439,113079.327,cam1-001-000439-0,7372661.143437023,341133.9522528555,392.002685546875,LetabaExclosure,2020-12-07,2020-12-07 09:24:39.327,09:24:39,72.85084125,25.633251891666667
440,113081.729,cam1-001-000440-0,7372655.932553329,341131.2074109198,392.2470703125,LetabaExclosure,2020-12-07,2020-12-07 09:24:41.729,09:24:41,72.84783875,25.633939130555557
441,113083.331,cam1-001-000441-0,7372646.981338093,341123.6289555519,392.11883544921875,LetabaExclosure,2020-12-07,2020-12-07 09:24:43.331,09:24:43,72.84583624999999,25.634397480555556
442,113085.333,cam1-001-000442-0,7372633.865089304,341110.31040853634,391.6814270019531,LetabaExclosure,2020-12-07,2020-12-07 09:24:45.333,09:24:45,72.84333375,25.634970275
443,113087.335,cam1-001-000443-0,7372621.267404572,341098.2849591779,391.4446105957031,LetabaExclosure,2020-12-07,2020-12-07 09:24:47.335,09:24:47,72.84083125,25.635543069444445
444,113090.004,cam1-001-000444-0,7372605.2065726295,341083.6015236102,390.8500671386719,LetabaExclosure,2020-12-07,2020-12-07 09:24:50.004,09:24:50,72.837495,25.6363067
445,113091.339,cam1-001-000445-0,7372597.218157953,341076.29621224594,390.68798828125,LetabaExclosure,2020-12-07,2020-12-07 09:24:51.339,09:24:51,72.83582625,25.636688658333334
446,113093.341,cam1-001-000446-0,7372584.7404648755,341065.400258225,390.7162780761719,LetabaExclosure,2020-12-07,2020-12-07 09:24:53.341,09:24:53,72.83332375,25.63726145277778
447,113095.343,cam1-001-000447-0,7372572.381327415,341064.01596861496,390.6684265136719,LetabaExclosure,2020-12-07,2020-12-07 09:24:55.343,09:24:55,72.83082125000001,25.63783424722222
448,113097.345,cam1-001-000448-0,7372570.733477244,341065.2427055861,390.81243896484375,LetabaExclosure,2020-12-07,2020-12-07 09:24:57.345,09:24:57,72.82831875000001,25.638407041666667
449,113099.747,cam1-001-000449-0,7372566.495283529,341071.17389702296,391.6152038574219,LetabaExclosure,2020-12-07,2020-12-07 09:24:59.747,09:24:59,72.82531625,25.639094280555558
450,113101.349,cam1-001-000450-0,7372558.424658935,341080.9015147766,391.80560302734375,LetabaExclosure,2020-12-07,2020-12-07 09:25:01.349,09:25:01,72.82331375,25.639552630555556
451,113103.351,cam1-001-000451-0,7372546.866373455,341094.94069869735,391.9404602050781,LetabaExclosure,2020-12-07,2020-12-07 09:25:03.351,09:25:03,72.82081125,25.640125424999997
452,113105.353,cam1-001-000452-0,7372536.625663404,341107.7803848907,392.106201171875,LetabaExclosure,2020-12-07,2020-12-07 09:25:05.353,09:25:05,72.81830875,25.640698219444445
453,113108.022,cam1-001-000453-0,7372523.119275462,341124.8512978048,392.3316345214844,LetabaExclosure,2020-12-07,2020-12-07 09:25:08.022,09:25:08,72.81497250000001,25.64146185
454,113109.357,cam1-001-000454-0,7372516.585440189,341132.73554334324,392.32037353515625,LetabaExclosure,2020-12-07,2020-12-07 09:25:09.357,09:25:09,72.81330375,25.641843808333334
455,113111.358,cam1-001-000455-0,7372506.343685007,341145.6107177272,392.211669921875,LetabaExclosure,2020-12-07,2020-12-07 09:25:11.358,09:25:11,72.81080250000001,25.642416316666665
456,113113.36,cam1-001-000456-0,7372496.597870775,341158.1408377065,392.0802001953125,LetabaExclosure,2020-12-07,2020-12-07 09:25:13.360,09:25:13,72.8083,25.64298911111111
457,113115.496,cam1-001-000457-0,7372486.126587505,341171.72408227436,392.00732421875,LetabaExclosure,2020-12-07,2020-12-07 09:25:15.496,09:25:15,72.80563000000001,25.643600244444443
458,113118.032,cam1-001-000458-0,7372473.619095169,341187.7638976201,391.79998779296875,LetabaExclosure,2020-12-07,2020-12-07 09:25:18.032,09:25:18,72.80246,25.644325822222225
459,113119.366,cam1-001-000459-0,7372467.302382238,341195.73905608687,391.73638916015625,LetabaExclosure,2020-12-07,2020-12-07 09:25:19.366,09:25:19,72.80079250000001,25.644707494444443
460,113121.368,cam1-001-000460-0,7372457.107426529,341208.7764386112,391.64678955078125,LetabaExclosure,2020-12-07,2020-12-07 09:25:21.368,09:25:21,72.79829,25.64528028888889
461,113123.37,cam1-001-000461-0,7372447.311585868,341221.2055222738,391.5831604003906,LetabaExclosure,2020-12-07,2020-12-07 09:25:23.370,09:25:23,72.7957875,25.645853083333332
462,113126.04,cam1-001-000462-0,7372433.94409798,341238.05225390615,391.5023498535156,LetabaExclosure,2020-12-07,2020-12-07 09:25:26.040,09:25:26,72.79245000000002,25.646617
463,113127.374,cam1-001-000463-0,7372427.771945214,341246.02639170305,391.5448303222656,LetabaExclosure,2020-12-07,2020-12-07 09:25:27.374,09:25:27,72.7907825,25.64699867222222
464,113129.376,cam1-001-000464-0,7372417.569730422,341259.0032571578,391.6423034667969,LetabaExclosure,2020-12-07,2020-12-07 09:25:29.376,09:25:29,72.78828,25.64757146666667
465,113131.378,cam1-001-000465-0,7372407.679804384,341271.48806768854,391.7590026855469,LetabaExclosure,2020-12-07,2020-12-07 09:25:31.378,09:25:31,72.78577750000001,25.64814426111111
466,113133.514,cam1-001-000466-0,7372396.985942496,341285.0246545697,392.1731872558594,LetabaExclosure,2020-12-07,2020-12-07 09:25:33.514,09:25:33,72.78310750000001,25.648755394444443
467,113135.916,cam1-001-000467-0,7372385.277342822,341300.1231808341,392.4770202636719,LetabaExclosure,2020-12-07,2020-12-07 09:25:35.916,09:25:35,72.780105,25.649442633333333
468,113137.384,cam1-001-000468-0,7372378.285972958,341309.07812556904,392.6153564453125,LetabaExclosure,2020-12-07,2020-12-07 09:25:37.384,09:25:37,72.77826999999999,25.649862644444447
469,113139.386,cam1-001-000469-0,7372367.972792154,341322.2012318154,392.6695556640625,LetabaExclosure,2020-12-07,2020-12-07 09:25:39.386,09:25:39,72.7757675,25.650435438888888
470,113141.388,cam1-001-000470-0,7372358.094329903,341334.753144894,392.5922546386719,LetabaExclosure,2020-12-07,2020-12-07 09:25:41.388,09:25:41,72.773265,25.651008233333336
471,113143.924,cam1-001-000471-0,7372345.332970778,341350.7773108587,392.4966735839844,LetabaExclosure,2020-12-07,2020-12-07 09:25:43.924,09:25:43,72.770095,25.65173381111111
472,113145.392,cam1-001-000472-0,7372338.320280898,341359.75734604936,392.4939880371094,LetabaExclosure,2020-12-07,2020-12-07 09:25:45.392,09:25:45,72.76826,25.652153822222225
473,113147.394,cam1-001-000473-0,7372328.225140598,341372.73838186415,392.65625,LetabaExclosure,2020-12-07,2020-12-07 09:25:47.394,09:25:47,72.7657575,25.652726616666666
474,113149.396,cam1-001-000474-0,7372318.353063926,341385.23893543426,392.6866455078125,LetabaExclosure,2020-12-07,2020-12-07 09:25:49.396,09:25:49,72.76325500000002,25.65329941111111
475,113151.532,cam1-001-000475-0,7372307.889642437,341398.67600449413,392.62139892578125,LetabaExclosure,2020-12-07,2020-12-07 09:25:51.532,09:25:51,72.76058499999999,25.653910544444447
476,113153.934,cam1-001-000476-0,7372296.387405233,341413.5197916792,392.69207763671875,LetabaExclosure,2020-12-07,2020-12-07 09:25:53.934,09:25:53,72.75758250000001,25.65459778333333
477,113155.402,cam1-001-000477-0,7372289.224449089,341422.8539191802,392.66851806640625,LetabaExclosure,2020-12-07,2020-12-07 09:25:55.402,09:25:55,72.7557475,25.655017794444444
478,113157.404,cam1-001-000478-0,7372279.635279952,341434.9865095378,392.68853759765625,LetabaExclosure,2020-12-07,2020-12-07 09:25:57.404,09:25:57,72.753245,25.655590588888888
479,113159.406,cam1-001-000479-0,7372270.2323093675,341447.26898814377,392.5597839355469,LetabaExclosure,2020-12-07,2020-12-07 09:25:59.406,09:25:59,72.7507425,25.656163383333332
480,113161.942,cam1-001-000480-0,7372257.696823401,341463.0766892841,392.4718322753906,LetabaExclosure,2020-12-07,2020-12-07 09:26:01.942,09:26:01,72.7475725,25.65688896111111
481,113163.41,cam1-001-000481-0,7372250.514259044,341472.06673983694,392.3719482421875,LetabaExclosure,2020-12-07,2020-12-07 09:26:03.410,09:26:03,72.7457375,25.65730897222222
482,113165.412,cam1-001-000482-0,7372240.229329526,341485.0033191175,392.5612487792969,LetabaExclosure,2020-12-07,2020-12-07 09:26:05.412,09:26:05,72.74323500000001,25.657881766666666
483,113167.414,cam1-001-000483-0,7372230.349704286,341497.5168767259,392.6192321777344,LetabaExclosure,2020-12-07,2020-12-07 09:26:07.414,09:26:07,72.7407325,25.658454561111114
484,113169.95,cam1-001-000484-0,7372217.910773782,341513.5840163067,392.68572998046875,LetabaExclosure,2020-12-07,2020-12-07 09:26:09.950,09:26:09,72.73756250000001,25.65918013888889
485,113171.418,cam1-001-000485-0,7372210.957385802,341522.51097642945,392.71844482421875,LetabaExclosure,2020-12-07,2020-12-07 09:26:11.418,09:26:11,72.7357275,25.659600150000003
486,113173.42,cam1-001-000486-0,7372200.7278444525,341535.32967568154,392.647216796875,LetabaExclosure,2020-12-07,2020-12-07 09:26:13.420,09:26:13,72.733225,25.660172944444444
487,113175.422,cam1-001-000487-0,7372190.977745792,341547.6779572113,392.4181823730469,LetabaExclosure,2020-12-07,2020-12-07 09:26:15.422,09:26:15,72.7307225,25.66074573888889
488,113177.558,cam1-001-000488-0,7372180.350749398,341560.8916088598,392.231689453125,LetabaExclosure,2020-12-07,2020-12-07 09:26:17.558,09:26:17,72.7280525,25.661356872222225
489,113179.96,cam1-001-000489-0,7372168.599667141,341575.8272706332,392.04986572265625,LetabaExclosure,2020-12-07,2020-12-07 09:26:19.960,09:26:19,72.72505,25.66204411111111
490,113181.428,cam1-001-000490-0,7372161.54650726,341584.78232557845,392.0044860839844,LetabaExclosure,2020-12-07,2020-12-07 09:26:21.428,09:26:21,72.723215,25.66246412222222
491,113183.43,cam1-001-000491-0,7372151.412839976,341597.72479095985,391.98614501953125,LetabaExclosure,2020-12-07,2020-12-07 09:26:23.430,09:26:23,72.7207125,25.663036916666666
492,113185.432,cam1-001-000492-0,7372141.52656095,341610.18274826213,392.0882263183594,LetabaExclosure,2020-12-07,2020-12-07 09:26:25.432,09:26:25,72.71821,25.66360971111111
493,113187.968,cam1-001-000493-0,7372129.046604955,341626.21387937886,392.2141418457031,LetabaExclosure,2020-12-07,2020-12-07 09:26:27.968,09:26:27,72.71504000000002,25.664335288888886
494,113189.303,cam1-001-000494-0,7372122.451883124,341634.6714993055,392.22601318359375,LetabaExclosure,2020-12-07,2020-12-07 09:26:29.303,09:26:29,72.71337125000001,25.66471724722222
495,113191.305,cam1-001-000495-0,7372112.634707553,341647.1310710489,392.1816711425781,LetabaExclosure,2020-12-07,2020-12-07 09:26:31.305,09:26:31,72.71086875000002,25.665290041666665
496,113193.307,cam1-001-000496-0,7372102.787326617,341659.5201603479,392.1020812988281,LetabaExclosure,2020-12-07,2020-12-07 09:26:33.307,09:26:33,72.70836625,25.66586283611111
497,113195.442,cam1-001-000497-0,7372092.028919784,341672.90202170855,392.0749816894531,LetabaExclosure,2020-12-07,2020-12-07 09:26:35.442,09:26:35,72.70569750000001,25.666473683333333
498,113197.978,cam1-001-000498-0,7372079.213465929,341689.03115105897,392.0492858886719,LetabaExclosure,2020-12-07,2020-12-07 09:26:37.978,09:26:37,72.7025275,25.66719926111111
499,113199.313,cam1-001-000499-0,7372072.619483761,341697.6802379957,392.0256042480469,LetabaExclosure,2020-12-07,2020-12-07 09:26:39.313,09:26:39,72.70085875000001,25.667581219444443
500,113201.315,cam1-001-000500-0,7372062.775799546,341710.32528834546,392.098876953125,LetabaExclosure,2020-12-07,2020-12-07 09:26:41.315,09:26:41,72.69835625,25.668154013888888
501,113203.316,cam1-001-000501-0,7372052.841934643,341722.8864343376,392.2700500488281,LetabaExclosure,2020-12-07,2020-12-07 09:26:43.316,09:26:43,72.695855,25.668726522222222
502,113205.986,cam1-001-000502-0,7372039.433995614,341740.12125784706,392.2691650390625,LetabaExclosure,2020-12-07,2020-12-07 09:26:45.986,09:26:45,72.6925175,25.66949043888889
503,113207.32,cam1-001-000503-0,7372032.794523878,341748.5380634015,392.3079528808594,LetabaExclosure,2020-12-07,2020-12-07 09:26:47.320,09:26:47,72.69085,25.66987211111111
504,113209.322,cam1-001-000504-0,7372022.997115662,341761.085588426,392.2851867675781,LetabaExclosure,2020-12-07,2020-12-07 09:26:49.322,09:26:49,72.6883475,25.670444905555556
505,113211.324,cam1-001-000505-0,7372013.113717148,341773.62840099056,392.2966613769531,LetabaExclosure,2020-12-07,2020-12-07 09:26:51.324,09:26:51,72.68584500000001,25.671017699999997
506,113213.994,cam1-001-000506-0,7371999.60659588,341790.6885333186,392.2397766113281,LetabaExclosure,2020-12-07,2020-12-07 09:26:53.994,09:26:53,72.6825075,25.671781616666667
507,113215.328,cam1-001-000507-0,7371993.0123139275,341799.15573270194,392.2040710449219,LetabaExclosure,2020-12-07,2020-12-07 09:26:55.328,09:26:55,72.68084,25.672163288888886
508,113217.33,cam1-001-000508-0,7371983.170492515,341811.6075661664,392.2037048339844,LetabaExclosure,2020-12-07,2020-12-07 09:26:57.330,09:26:57,72.6783375,25.672736083333334
509,113219.332,cam1-001-000509-0,7371973.285393343,341824.12991054205,392.2221374511719,LetabaExclosure,2020-12-07,2020-12-07 09:26:59.332,09:26:59,72.675835,25.673308877777774
510,113221.468,cam1-001-000510-0,7371962.606778894,341837.77801468247,392.2909851074219,LetabaExclosure,2020-12-07,2020-12-07 09:27:01.468,09:27:01,72.67316500000001,25.673920011111107
511,113224.004,cam1-001-000511-0,7371949.711225974,341853.82704690204,392.4161376953125,LetabaExclosure,2020-12-07,2020-12-07 09:27:04.004,09:27:04,72.669995,25.67464558888889
512,113225.338,cam1-001-000512-0,7371942.972640287,341862.26042922074,392.5268249511719,LetabaExclosure,2020-12-07,2020-12-07 09:27:05.338,09:27:05,72.6683275,25.67502726111111
513,113227.34,cam1-001-000513-0,7371933.049279388,341874.8005527661,392.58978271484375,LetabaExclosure,2020-12-07,2020-12-07 09:27:07.340,09:27:07,72.66582500000001,25.675600055555556
514,113229.342,cam1-001-000514-0,7371923.232290994,341887.4628253514,392.760009765625,LetabaExclosure,2020-12-07,2020-12-07 09:27:09.342,09:27:09,72.66332249999999,25.67617285
515,113232.012,cam1-001-000515-0,7371909.848150259,341904.5888651338,392.7709045410156,LetabaExclosure,2020-12-07,2020-12-07 09:27:12.012,09:27:12,72.659985,25.676936766666667
516,113233.346,cam1-001-000516-0,7371903.231788097,341913.08993337234,392.7453308105469,LetabaExclosure,2020-12-07,2020-12-07 09:27:13.346,09:27:13,72.6583175,25.67731843888889
517,113235.348,cam1-001-000517-0,7371893.505377255,341925.5230438629,392.63836669921875,LetabaExclosure,2020-12-07,2020-12-07 09:27:15.348,09:27:15,72.655815,25.677891233333334
518,113237.35,cam1-001-000518-0,7371883.722087814,341937.8598460127,392.62896728515625,LetabaExclosure,2020-12-07,2020-12-07 09:27:17.350,09:27:17,72.6533125,25.67846402777778
519,113239.486,cam1-001-000519-0,7371873.185136363,341951.3126917283,392.668212890625,LetabaExclosure,2020-12-07,2020-12-07 09:27:19.486,09:27:19,72.6506425,25.67907516111111
520,113242.022,cam1-001-000520-0,7371860.730195873,341967.12943744205,392.6934509277344,LetabaExclosure,2020-12-07,2020-12-07 09:27:22.022,09:27:22,72.6474725,25.679800738888886
521,113243.356,cam1-001-000521-0,7371854.053772189,341975.5596005784,392.7376708984375,LetabaExclosure,2020-12-07,2020-12-07 09:27:23.356,09:27:23,72.64580500000001,25.68018241111111
522,113245.358,cam1-001-000522-0,7371844.219174084,341988.0840311133,392.8467102050781,LetabaExclosure,2020-12-07,2020-12-07 09:27:25.358,09:27:25,72.64330250000002,25.680755205555553
523,113247.36,cam1-001-000523-0,7371834.455049813,342000.53472263494,392.9574279785156,LetabaExclosure,2020-12-07,2020-12-07 09:27:27.360,09:27:27,72.6408,25.681328
524,113250.03,cam1-001-000524-0,7371820.905444006,342017.46574175474,393.0889587402344,LetabaExclosure,2020-12-07,2020-12-07 09:27:30.030,09:27:30,72.6374625,25.682091916666668
525,113251.364,cam1-001-000525-0,7371814.28578357,342025.8687880559,393.2167663574219,LetabaExclosure,2020-12-07,2020-12-07 09:27:31.364,09:27:31,72.635795,25.68247358888889
526,113253.366,cam1-001-000526-0,7371804.537699452,342038.22348889796,393.3236999511719,LetabaExclosure,2020-12-07,2020-12-07 09:27:33.366,09:27:33,72.63329250000001,25.68304638333333
527,113255.368,cam1-001-000527-0,7371794.676285475,342050.6513341981,393.32720947265625,LetabaExclosure,2020-12-07,2020-12-07 09:27:35.368,09:27:35,72.63079,25.68361917777778
528,113257.504,cam1-001-000528-0,7371784.039637306,342064.32065847144,393.4819641113281,LetabaExclosure,2020-12-07,2020-12-07 09:27:37.504,09:27:37,72.62812,25.68423031111111
529,113259.906,cam1-001-000529-0,7371772.111518592,342079.54037052684,393.61865234375,LetabaExclosure,2020-12-07,2020-12-07 09:27:39.906,09:27:39,72.6251175,25.68491755
530,113261.374,cam1-001-000530-0,7371764.685568796,342088.94483454624,393.6082458496094,LetabaExclosure,2020-12-07,2020-12-07 09:27:41.374,09:27:41,72.6232825,25.68533756111111
531,113263.376,cam1-001-000531-0,7371754.737482837,342101.11896552786,393.4123229980469,LetabaExclosure,2020-12-07,2020-12-07 09:27:43.376,09:27:43,72.62078,25.685910355555556
532,113265.378,cam1-001-000532-0,7371745.111070704,342113.34163373907,393.2647399902344,LetabaExclosure,2020-12-07,2020-12-07 09:27:45.378,09:27:45,72.6182775,25.686483149999997
533,113267.914,cam1-001-000533-0,7371732.73598974,342129.25114794954,393.1409606933594,LetabaExclosure,2020-12-07,2020-12-07 09:27:47.914,09:27:47,72.6151075,25.68720872777778
534,113269.382,cam1-001-000534-0,7371725.12223167,342138.85384514363,393.22918701171875,LetabaExclosure,2020-12-07,2020-12-07 09:27:49.382,09:27:49,72.61327250000001,25.68762873888889
535,113271.384,cam1-001-000535-0,7371714.856068856,342147.7462988241,393.2494201660156,LetabaExclosure,2020-12-07,2020-12-07 09:27:51.384,09:27:51,72.61077,25.688201533333334
536,113273.386,cam1-001-000536-0,7371709.974275604,342148.7050060013,392.9723815917969,LetabaExclosure,2020-12-07,2020-12-07 09:27:53.386,09:27:53,72.60826750000001,25.68877432777778
537,113276.055,cam1-001-000537-0,7371706.269458516,342142.7331656782,392.51666259765625,LetabaExclosure,2020-12-07,2020-12-07 09:27:56.055,09:27:56,72.60493125,25.689537958333332
538,113277.39,cam1-001-000538-0,7371700.645993976,342136.09966170543,392.340576171875,LetabaExclosure,2020-12-07,2020-12-07 09:27:57.390,09:27:57,72.6032625,25.689919916666668
539,113279.392,cam1-001-000539-0,7371689.5445234915,342123.3562119175,391.9139099121094,LetabaExclosure,2020-12-07,2020-12-07 09:27:59.392,09:27:59,72.60076,25.690492711111112
540,113281.394,cam1-001-000540-0,7371679.231379627,342110.4106270794,391.42303466796875,LetabaExclosure,2020-12-07,2020-12-07 09:28:01.394,09:28:01,72.5982575,25.691065505555557
541,113283.396,cam1-001-000541-0,7371669.172516523,342097.62459360255,391.2276916503906,LetabaExclosure,2020-12-07,2020-12-07 09:28:03.396,09:28:03,72.59575500000001,25.691638299999997
542,113285.932,cam1-001-000542-0,7371656.1009660475,342081.5162196981,391.23712158203125,LetabaExclosure,2020-12-07,2020-12-07 09:28:05.932,09:28:05,72.592585,25.692363877777776
543,113287.4,cam1-001-000543-0,7371648.317429893,342071.8904611706,391.4009094238281,LetabaExclosure,2020-12-07,2020-12-07 09:28:07.400,09:28:07,72.59075000000001,25.692783888888886
544,113289.402,cam1-001-000544-0,7371644.777639791,342057.91596308723,391.79803466796875,LetabaExclosure,2020-12-07,2020-12-07 09:28:09.402,09:28:09,72.5882475,25.693356683333334
545,113292.872,cam1-001-000545-0,7371648.555545688,342054.0652085575,391.7695617675781,LetabaExclosure,2020-12-07,2020-12-07 09:28:12.872,09:28:12,72.58391,25.69434948888889
546,113293.406,cam1-001-000546-0,7371649.571742863,342052.61507875856,391.75164794921875,LetabaExclosure,2020-12-07,2020-12-07 09:28:13.406,09:28:13,72.5832425,25.694502272222223
547,113295.408,cam1-001-000547-0,7371657.733339191,342040.0816315033,391.6871032714844,LetabaExclosure,2020-12-07,2020-12-07 09:28:15.408,09:28:15,72.58074,25.695075066666664
548,113297.41,cam1-001-000548-0,7371667.948059369,342026.3710686823,391.7552185058594,LetabaExclosure,2020-12-07,2020-12-07 09:28:17.410,09:28:17,72.5782375,25.695647861111112
549,113299.412,cam1-001-000549-0,7371678.405666447,342013.56490736996,392.050537109375,LetabaExclosure,2020-12-07,2020-12-07 09:28:19.412,09:28:19,72.57573500000001,25.696220655555553
550,113301.948,cam1-001-000550-0,7371691.19635557,341997.02486077923,392.3242492675781,LetabaExclosure,2020-12-07,2020-12-07 09:28:21.948,09:28:21,72.572565,25.696946233333335
551,113303.416,cam1-001-000551-0,7371698.337226257,341987.8139092302,392.3658447265625,LetabaExclosure,2020-12-07,2020-12-07 09:28:23.416,09:28:23,72.57073000000001,25.697366244444442
552,113305.418,cam1-001-000552-0,7371708.73216778,341974.56761077273,392.2396545410156,LetabaExclosure,2020-12-07,2020-12-07 09:28:25.418,09:28:25,72.56822749999999,25.69793903888889
553,113307.42,cam1-001-000553-0,7371718.549525811,341962.0781103673,392.1761169433594,LetabaExclosure,2020-12-07,2020-12-07 09:28:27.420,09:28:27,72.565725,25.69851183333333
554,113309.956,cam1-001-000554-0,7371731.210873163,341945.8172836638,392.0962829589844,LetabaExclosure,2020-12-07,2020-12-07 09:28:29.956,09:28:29,72.56255499999999,25.699237411111113
555,113311.424,cam1-001-000555-0,7371738.376691945,341936.95556473226,392.0380859375,LetabaExclosure,2020-12-07,2020-12-07 09:28:31.424,09:28:31,72.56072,25.69965742222222
556,113313.426,cam1-001-000556-0,7371748.651579553,341924.01708802395,391.9559020996094,LetabaExclosure,2020-12-07,2020-12-07 09:28:33.426,09:28:33,72.5582175,25.700230216666668
557,113315.428,cam1-001-000557-0,7371758.53997825,341911.4877175285,391.9468078613281,LetabaExclosure,2020-12-07,2020-12-07 09:28:35.428,09:28:35,72.555715,25.700803011111113
558,113317.964,cam1-001-000558-0,7371771.204197507,341895.57051909727,392.117919921875,LetabaExclosure,2020-12-07,2020-12-07 09:28:37.964,09:28:37,72.552545,25.70152858888889
559,113319.432,cam1-001-000559-0,7371778.283814486,341886.71914607077,392.33746337890625,LetabaExclosure,2020-12-07,2020-12-07 09:28:39.432,09:28:39,72.55071,25.7019486
560,113321.434,cam1-001-000560-0,7371788.257891154,341873.8149972262,392.3003234863281,LetabaExclosure,2020-12-07,2020-12-07 09:28:41.434,09:28:41,72.5482075,25.702521394444442
561,113323.436,cam1-001-000561-0,7371797.972456918,341861.48280827946,392.25927734375,LetabaExclosure,2020-12-07,2020-12-07 09:28:43.436,09:28:43,72.545705,25.70309418888889
562,113325.972,cam1-001-000562-0,7371810.455157537,341845.4274736857,392.1869201660156,LetabaExclosure,2020-12-07,2020-12-07 09:28:45.972,09:28:45,72.54253500000002,25.703819766666665
563,113328.507,cam1-001-000563-0,7371822.980468787,341829.53085182153,392.06182861328125,LetabaExclosure,2020-12-07,2020-12-07 09:28:48.507,09:28:48,72.53936625,25.704545058333334
564,113329.308,cam1-001-000564-0,7371826.95066222,341824.6134957535,391.9642333984375,LetabaExclosure,2020-12-07,2020-12-07 09:28:49.308,09:28:49,72.538365,25.704774233333335
565,113331.31,cam1-001-000565-0,7371836.761177229,341812.3153834335,391.7236633300781,LetabaExclosure,2020-12-07,2020-12-07 09:28:51.310,09:28:51,72.53586250000001,25.705347027777776
566,113333.446,cam1-001-000566-0,7371847.229134725,341798.90702060243,391.6947937011719,LetabaExclosure,2020-12-07,2020-12-07 09:28:53.446,09:28:53,72.53319250000001,25.70595816111111
567,113335.982,cam1-001-000567-0,7371859.976204803,341783.01572336745,391.7821960449219,LetabaExclosure,2020-12-07,2020-12-07 09:28:55.982,09:28:55,72.5300225,25.70668373888889
568,113337.316,cam1-001-000568-0,7371866.58205636,341774.6412929059,391.7836608886719,LetabaExclosure,2020-12-07,2020-12-07 09:28:57.316,09:28:57,72.52835499999999,25.707065411111113
569,113339.318,cam1-001-000569-0,7371876.216129525,341762.2729578461,391.8448791503906,LetabaExclosure,2020-12-07,2020-12-07 09:28:59.318,09:28:59,72.5258525,25.707638205555554
570,113341.32,cam1-001-000570-0,7371885.938973576,341750.0911818738,391.8937072753906,LetabaExclosure,2020-12-07,2020-12-07 09:29:01.320,09:29:01,72.52335,25.708211000000002
571,113343.99,cam1-001-000571-0,7371899.221144533,341732.8811829479,391.86865234375,LetabaExclosure,2020-12-07,2020-12-07 09:29:03.990,09:29:03,72.52001249999999,25.70897491666667
572,113345.324,cam1-001-000572-0,7371905.879289931,341724.3658305623,391.9317626953125,LetabaExclosure,2020-12-07,2020-12-07 09:29:05.324,09:29:05,72.51834500000001,25.709356588888888
573,113347.326,cam1-001-000573-0,7371915.893861197,341711.8879038147,391.9390869140625,LetabaExclosure,2020-12-07,2020-12-07 09:29:07.326,09:29:07,72.5158425,25.709929383333332
574,113349.328,cam1-001-000574-0,7371925.685204349,341699.2004081963,391.9885559082031,LetabaExclosure,2020-12-07,2020-12-07 09:29:09.328,09:29:09,72.51334000000001,25.710502177777776
575,113351.997,cam1-001-000575-0,7371939.265404468,341682.11177569046,392.0295104980469,LetabaExclosure,2020-12-07,2020-12-07 09:29:11.997,09:29:11,72.51000375,25.711265808333334
576,113353.332,cam1-001-000576-0,7371945.547391578,341674.05910364276,392.0477600097656,LetabaExclosure,2020-12-07,2020-12-07 09:29:13.332,09:29:13,72.508335,25.711647766666665
577,113355.334,cam1-001-000577-0,7371955.741871875,341660.92284451367,392.0634460449219,LetabaExclosure,2020-12-07,2020-12-07 09:29:15.334,09:29:15,72.5058325,25.71222056111111
578,113357.336,cam1-001-000578-0,7371965.521492691,341648.3236898143,392.0398864746094,LetabaExclosure,2020-12-07,2020-12-07 09:29:17.336,09:29:17,72.50333,25.712793355555554
579,113360.005,cam1-001-000579-0,7371978.463868152,341631.7864656658,392.04754638671875,LetabaExclosure,2020-12-07,2020-12-07 09:29:20.005,09:29:20,72.49999375,25.71355698611111
580,113361.34,cam1-001-000580-0,7371985.135715833,341623.28678585123,392.03704833984375,LetabaExclosure,2020-12-07,2020-12-07 09:29:21.340,09:29:21,72.49832500000001,25.713938944444443
581,113363.342,cam1-001-000581-0,7371995.448198587,341610.3207664655,392.0052185058594,LetabaExclosure,2020-12-07,2020-12-07 09:29:23.342,09:29:23,72.4958225,25.71451173888889
582,113365.344,cam1-001-000582-0,7372005.340719432,341597.8786443713,391.9967041015625,LetabaExclosure,2020-12-07,2020-12-07 09:29:25.344,09:29:25,72.49332000000001,25.715084533333332
583,113367.48,cam1-001-000583-0,7372015.922674471,341584.34432897356,392.0082702636719,LetabaExclosure,2020-12-07,2020-12-07 09:29:27.480,09:29:27,72.49065,25.715695666666665
584,113370.015,cam1-001-000584-0,7372028.549844077,341568.278318168,392.0528564453125,LetabaExclosure,2020-12-07,2020-12-07 09:29:30.015,09:29:30,72.48748125,25.716420958333334
585,113371.35,cam1-001-000585-0,7372034.841310411,341560.2969260295,392.0813903808594,LetabaExclosure,2020-12-07,2020-12-07 09:29:31.350,09:29:31,72.4858125,25.71680291666667
586,113373.352,cam1-001-000586-0,7372045.08962404,341547.3377176679,392.11383056640625,LetabaExclosure,2020-12-07,2020-12-07 09:29:33.352,09:29:33,72.48331,25.71737571111111
587,113375.354,cam1-001-000587-0,7372054.812263444,341534.8194730722,392.14898681640625,LetabaExclosure,2020-12-07,2020-12-07 09:29:35.354,09:29:35,72.4808075,25.717948505555558
588,113378.023,cam1-001-000588-0,7372068.333480615,341517.8112510743,392.0073547363281,LetabaExclosure,2020-12-07,2020-12-07 09:29:38.023,09:29:38,72.47747125000001,25.71871213611111
589,113379.358,cam1-001-000589-0,7372074.625413907,341509.8332559425,391.8993225097656,LetabaExclosure,2020-12-07,2020-12-07 09:29:39.358,09:29:39,72.47580250000001,25.719094094444443
590,113381.36,cam1-001-000590-0,7372084.836816821,341496.7824421235,391.7829895019531,LetabaExclosure,2020-12-07,2020-12-07 09:29:41.360,09:29:41,72.47330000000001,25.719666888888888
591,113383.362,cam1-001-000591-0,7372094.512816713,341484.30624680314,391.7037048339844,LetabaExclosure,2020-12-07,2020-12-07 09:29:43.362,09:29:43,72.47079750000002,25.720239683333332
592,113385.497,cam1-001-000592-0,7372105.05260032,341471.0435471098,391.6679382324219,LetabaExclosure,2020-12-07,2020-12-07 09:29:45.497,09:29:45,72.46812875,25.720850530555555
593,113388.033,cam1-001-000593-0,7372117.457246532,341455.1111595924,391.7459716796875,LetabaExclosure,2020-12-07,2020-12-07 09:29:48.033,09:29:48,72.46495875000001,25.72157610833333
594,113389.368,cam1-001-000594-0,7372123.708051261,341447.24640783155,391.8384094238281,LetabaExclosure,2020-12-07,2020-12-07 09:29:49.368,09:29:49,72.46329,25.721958066666666
595,113391.37,cam1-001-000595-0,7372133.915302798,341434.5285748715,391.98724365234375,LetabaExclosure,2020-12-07,2020-12-07 09:29:51.370,09:29:51,72.46078750000001,25.72253086111111
596,113393.372,cam1-001-000596-0,7372143.700647602,341422.30001709424,392.0282897949219,LetabaExclosure,2020-12-07,2020-12-07 09:29:53.372,09:29:53,72.458285,25.723103655555555
597,113396.041,cam1-001-000597-0,7372156.970029369,341405.2422803632,391.9674377441406,LetabaExclosure,2020-12-07,2020-12-07 09:29:56.041,09:29:56,72.45494875,25.72386728611111
598,113397.376,cam1-001-000598-0,7372163.265506119,341397.2261683445,391.9100646972656,LetabaExclosure,2020-12-07,2020-12-07 09:29:57.376,09:29:57,72.45327999999999,25.724249244444444
599,113399.378,cam1-001-000599-0,7372173.53236712,341384.07889226614,391.82452392578125,LetabaExclosure,2020-12-07,2020-12-07 09:29:59.378,09:29:59,72.4507775,25.724822038888888
600,113401.38,cam1-001-000600-0,7372183.454271645,341371.6191192262,391.7374267578125,LetabaExclosure,2020-12-07,2020-12-07 09:30:01.380,09:30:01,72.448275,25.725394833333333
601,113403.515,cam1-001-000601-0,7372194.103162999,341358.15163326805,391.734130859375,LetabaExclosure,2020-12-07,2020-12-07 09:30:03.515,09:30:03,72.44560625,25.726005680555556
602,113405.918,cam1-001-000602-0,7372206.083917493,341343.15412017854,391.7995910644531,LetabaExclosure,2020-12-07,2020-12-07 09:30:05.918,09:30:05,72.44260249999999,25.726693205555556
603,113407.386,cam1-001-000603-0,7372213.582122359,341333.6428243554,391.80072021484375,LetabaExclosure,2020-12-07,2020-12-07 09:30:07.386,09:30:07,72.4407675,25.727113216666666
604,113409.388,cam1-001-000604-0,7372223.441500438,341321.16708695464,391.857666015625,LetabaExclosure,2020-12-07,2020-12-07 09:30:09.388,09:30:09,72.438265,25.727686011111114
605,113411.39,cam1-001-000605-0,7372233.1995344665,341308.81803430704,391.8799743652344,LetabaExclosure,2020-12-07,2020-12-07 09:30:11.390,09:30:11,72.43576250000001,25.728258805555555
606,113414.059,cam1-001-000606-0,7372246.41553643,341291.8824098322,391.7737121582031,LetabaExclosure,2020-12-07,2020-12-07 09:30:14.059,09:30:14,72.43242625,25.72902243611111
607,113415.394,cam1-001-000607-0,7372252.754069937,341283.90541927906,391.7372741699219,LetabaExclosure,2020-12-07,2020-12-07 09:30:15.394,09:30:15,72.4307575,25.729404394444444
608,113417.396,cam1-001-000608-0,7372263.00761268,341270.90946255205,391.6770324707031,LetabaExclosure,2020-12-07,2020-12-07 09:30:17.396,09:30:17,72.42825500000001,25.72997718888889
609,113419.398,cam1-001-000609-0,7372272.954541449,341258.461418292,391.7743225097656,LetabaExclosure,2020-12-07,2020-12-07 09:30:19.398,09:30:19,72.4257525,25.730549983333333
610,113421.934,cam1-001-000610-0,7372285.634062716,341242.54726106697,391.9148254394531,LetabaExclosure,2020-12-07,2020-12-07 09:30:21.934,09:30:21,72.4225825,25.731275561111108
611,113423.402,cam1-001-000611-0,7372292.693445474,341233.5237406028,391.9670715332031,LetabaExclosure,2020-12-07,2020-12-07 09:30:23.402,09:30:23,72.4207475,25.731695572222222
612,113425.404,cam1-001-000612-0,7372302.918864536,341220.42069679906,391.8302307128906,LetabaExclosure,2020-12-07,2020-12-07 09:30:25.404,09:30:25,72.41824500000001,25.732268366666666
613,113427.406,cam1-001-000613-0,7372312.642544916,341208.13868732756,391.90948486328125,LetabaExclosure,2020-12-07,2020-12-07 09:30:27.406,09:30:27,72.4157425,25.73284116111111
614,113429.541,cam1-001-000614-0,7372323.377159139,341194.1904734599,391.9237976074219,LetabaExclosure,2020-12-07,2020-12-07 09:30:29.541,09:30:29,72.41307375000001,25.733452008333334
615,113431.944,cam1-001-000615-0,7372335.118168686,341179.64006714174,392.0742492675781,LetabaExclosure,2020-12-07,2020-12-07 09:30:31.944,09:30:31,72.41007,25.734139533333334
616,113433.412,cam1-001-000616-0,7372342.2724489765,341170.703786493,392.19952392578125,LetabaExclosure,2020-12-07,2020-12-07 09:30:33.412,09:30:33,72.408235,25.734559544444444
617,113435.414,cam1-001-000617-0,7372352.204735439,341157.68077536323,392.34246826171875,LetabaExclosure,2020-12-07,2020-12-07 09:30:35.414,09:30:35,72.4057325,25.73513233888889
618,113437.416,cam1-001-000618-0,7372361.98300037,341144.98265070457,392.523681640625,LetabaExclosure,2020-12-07,2020-12-07 09:30:37.416,09:30:37,72.40323000000001,25.735705133333333
619,113439.952,cam1-001-000619-0,7372374.522560623,341129.1128019019,392.3015441894531,LetabaExclosure,2020-12-07,2020-12-07 09:30:39.952,09:30:39,72.40006,25.73643071111111
620,113441.42,cam1-001-000620-0,7372381.489085536,341120.0844231002,392.230224609375,LetabaExclosure,2020-12-07,2020-12-07 09:30:41.420,09:30:41,72.39822500000001,25.736850722222222
621,113443.422,cam1-001-000621-0,7372391.668416,341107.0656639425,392.1687927246094,LetabaExclosure,2020-12-07,2020-12-07 09:30:43.422,09:30:43,72.39572249999999,25.737423516666667
622,113445.424,cam1-001-000622-0,7372401.38405644,341094.5460101113,391.9756164550781,LetabaExclosure,2020-12-07,2020-12-07 09:30:45.424,09:30:45,72.39322,25.73799631111111
623,113447.559,cam1-001-000623-0,7372411.861321816,341081.27588740824,391.7408142089844,LetabaExclosure,2020-12-07,2020-12-07 09:30:47.559,09:30:47,72.39055125000002,25.73860715833333
624,113449.961,cam1-001-000624-0,7372423.415808609,341066.263363234,391.6947021484375,LetabaExclosure,2020-12-07,2020-12-07 09:30:49.961,09:30:49,72.38754875000001,25.73929439722222
625,113451.43,cam1-001-000625-0,7372430.448145,341057.52204952866,391.8526611328125,LetabaExclosure,2020-12-07,2020-12-07 09:30:51.430,09:30:51,72.38571250000001,25.73971469444444
626,113453.432,cam1-001-000626-0,7372440.891391782,341044.8561499116,391.8055114746094,LetabaExclosure,2020-12-07,2020-12-07 09:30:53.432,09:30:53,72.38321,25.74028748888889
627,113455.434,cam1-001-000627-0,7372450.720595584,341032.3650465773,391.5813903808594,LetabaExclosure,2020-12-07,2020-12-07 09:30:55.434,09:30:55,72.38070750000001,25.74086028333333
628,113457.969,cam1-001-000628-0,7372463.386308889,341016.05640392617,391.5680236816406,LetabaExclosure,2020-12-07,2020-12-07 09:30:57.969,09:30:57,72.37753875,25.741585575
629,113459.438,cam1-001-000629-0,7372470.4347977685,341007.16921136016,391.7204284667969,LetabaExclosure,2020-12-07,2020-12-07 09:30:59.438,09:30:59,72.3757025,25.74200587222222
630,113461.44,cam1-001-000630-0,7372480.679903757,340994.09272546717,391.7043151855469,LetabaExclosure,2020-12-07,2020-12-07 09:31:01.440,09:31:01,72.3732,25.742578666666667
631,113463.308,cam1-001-000631-0,7372488.414705932,340984.5634780061,391.651123046875,LetabaExclosure,2020-12-07,2020-12-07 09:31:03.308,09:31:03,72.370865,25.743113122222223
632,113465.443,cam1-001-000632-0,7372489.944404666,340981.73014719074,391.75921630859375,LetabaExclosure,2020-12-07,2020-12-07 09:31:05.443,09:31:05,72.36819625,25.743723969444442
633,113467.712,cam1-001-000633-0,7372483.711429298,340978.2423781265,391.9800109863281,LetabaExclosure,2020-12-07,2020-12-07 09:31:07.712,09:31:07,72.36536000000001,25.744373155555554
634,113469.314,cam1-001-000634-0,7372474.265443107,340969.64585258416,391.75799560546875,LetabaExclosure,2020-12-07,2020-12-07 09:31:09.314,09:31:09,72.3633575,25.744831505555556
635,113471.316,cam1-001-000635-0,7372461.57792467,340957.199285144,391.4786682128906,LetabaExclosure,2020-12-07,2020-12-07 09:31:11.316,09:31:11,72.360855,25.7454043
636,113473.318,cam1-001-000636-0,7372449.030917494,340945.45308515534,391.2184143066406,LetabaExclosure,2020-12-07,2020-12-07 09:31:13.318,09:31:13,72.35835250000001,25.745977094444445
637,113475.987,cam1-001-000637-0,7372432.431979649,340930.3894873074,390.7524719238281,LetabaExclosure,2020-12-07,2020-12-07 09:31:15.987,09:31:15,72.35501625,25.746740725
638,113477.322,cam1-001-000638-0,7372424.373928497,340923.13796580606,390.6007385253906,LetabaExclosure,2020-12-07,2020-12-07 09:31:17.322,09:31:17,72.3533475,25.747122683333334
639,113479.324,cam1-001-000639-0,7372411.843372286,340913.2370874827,390.67291259765625,LetabaExclosure,2020-12-07,2020-12-07 09:31:19.324,09:31:19,72.350845,25.747695477777775
640,113481.326,cam1-001-000640-0,7372400.712933014,340912.51397505065,390.54632568359375,LetabaExclosure,2020-12-07,2020-12-07 09:31:21.326,09:31:21,72.3483425,25.748268272222223
641,113485.597,cam1-001-000641-0,7372394.882137762,340920.15166981716,391.1593322753906,LetabaExclosure,2020-12-07,2020-12-07 09:31:25.597,09:31:25,72.34300375000001,25.749490252777775
642,113487.332,cam1-001-000642-0,7372385.601419987,340931.1637989376,391.5264587402344,LetabaExclosure,2020-12-07,2020-12-07 09:31:27.332,09:31:27,72.34083500000001,25.749986655555553
643,113489.334,cam1-001-000643-0,7372374.442302221,340944.539645795,392.1209716796875,LetabaExclosure,2020-12-07,2020-12-07 09:31:29.334,09:31:29,72.33833249999999,25.75055945
644,113491.336,cam1-001-000644-0,7372363.911681276,340957.41474316316,392.4925842285156,LetabaExclosure,2020-12-07,2020-12-07 09:31:31.336,09:31:31,72.33583,25.75113224444444
645,113494.005,cam1-001-000645-0,7372350.094845557,340974.4695661853,392.7018127441406,LetabaExclosure,2020-12-07,2020-12-07 09:31:34.005,09:31:34,72.33249375,25.751895875000002
646,113495.34,cam1-001-000646-0,7372343.489664417,340982.88580165105,392.7298583984375,LetabaExclosure,2020-12-07,2020-12-07 09:31:35.340,09:31:35,72.330825,25.75227783333333
647,113497.342,cam1-001-000647-0,7372334.711815229,340994.314176059,393.3518981933594,LetabaExclosure,2020-12-07,2020-12-07 09:31:37.342,09:31:37,72.3283225,25.75285062777778
648,113499.344,cam1-001-000648-0,7372333.0226482395,340996.05827371497,393.0716552734375,LetabaExclosure,2020-12-07,2020-12-07 09:31:39.344,09:31:39,72.32582000000001,25.75342342222222
649,113502.013,cam1-001-000649-0,7372333.6922633415,340995.23032521515,389.9038391113281,LetabaExclosure,2020-12-07,2020-12-07 09:31:42.013,09:31:42,72.32248374999999,25.75418705277778
650,113503.348,cam1-001-000650-0,7372332.37367735,340995.2285047823,387.8056945800781,LetabaExclosure,2020-12-07,2020-12-07 09:31:43.348,09:31:43,72.32081500000001,25.75456901111111
651,113505.35,cam1-001-000651-0,7372328.918326463,340993.9819035921,384.3655700683594,LetabaExclosure,2020-12-07,2020-12-07 09:31:45.350,09:31:45,72.31831249999999,25.755141805555557
652,113507.619,cam1-001-000652-0,7372325.854329737,340989.442378497,379.4538879394531,LetabaExclosure,2020-12-07,2020-12-07 09:31:47.619,09:31:47,72.31547624999999,25.755790991666668
653,113509.354,cam1-001-000653-0,7372323.943984458,340983.1408861709,373.7554931640625,LetabaExclosure,2020-12-07,2020-12-07 09:31:49.354,09:31:49,72.3133075,25.756287394444445
654,113511.356,cam1-001-000654-0,7372321.0607934445,340972.5946826754,368.2117004394531,LetabaExclosure,2020-12-07,2020-12-07 09:31:51.356,09:31:51,72.310805,25.75686018888889
655,113513.358,cam1-001-000655-0,7372318.351095616,340963.1198402089,362.95233154296875,LetabaExclosure,2020-12-07,2020-12-07 09:31:53.358,09:31:53,72.30830250000001,25.75743298333333
656,113516.027,cam1-001-000656-0,7372313.043026886,340953.38623620046,356.4631042480469,LetabaExclosure,2020-12-07,2020-12-07 09:31:56.027,09:31:56,72.30496625,25.758196613888888
657,113517.629,cam1-001-000657-0,7372307.17616631,340949.6409141419,352.4759216308594,LetabaExclosure,2020-12-07,2020-12-07 09:31:57.629,09:31:57,72.30296375,25.75865496388889
658,113519.364,cam1-001-000658-0,7372301.207747252,340945.88174044515,348.52740478515625,LetabaExclosure,2020-12-07,2020-12-07 09:31:59.364,09:31:59,72.30079500000001,25.759151366666668
659,113521.366,cam1-001-000659-0,7372293.5924536465,340941.24883787066,343.4197998046875,LetabaExclosure,2020-12-07,2020-12-07 09:32:01.366,09:32:01,72.29829250000002,25.75972416111111
660,113523.501,cam1-001-000660-0,7372286.139471062,340935.97915639123,337.998046875,LetabaExclosure,2020-12-07,2020-12-07 09:32:03.501,09:32:03,72.29562375,25.760335008333335
661,113526.037,cam1-001-000661-0,7372277.522534225,340928.5077195112,331.9456787109375,LetabaExclosure,2020-12-07,2020-12-07 09:32:06.037,09:32:06,72.29245375,25.76106058611111
662,113527.639,cam1-001-000662-0,7372271.563271813,340924.13483516255,328.8128356933594,LetabaExclosure,2020-12-07,2020-12-07 09:32:07.639,09:32:07,72.29045125,25.76151893611111
663,113529.374,cam1-001-000663-0,7372265.1594214635,340919.52273084305,325.7394104003906,LetabaExclosure,2020-12-07,2020-12-07 09:32:09.374,09:32:09,72.28828250000001,25.762015338888887
664,113531.376,cam1-001-000664-0,7372258.225190982,340914.3652029543,322.9579162597656,LetabaExclosure,2020-12-07,2020-12-07 09:32:11.376,09:32:11,72.28578,25.762588133333335
665,113534.045,cam1-001-000665-0,7372249.171921391,340907.5630856217,319.4432373046875,LetabaExclosure,2020-12-07,2020-12-07 09:32:14.045,09:32:14,72.28244375,25.76335176388889
666,113535.38,cam1-001-000666-0,7372244.795750051,340903.7323433665,318.087158203125,LetabaExclosure,2020-12-07,2020-12-07 09:32:15.380,09:32:15,72.28077499999999,25.763733722222224
667,113537.382,cam1-001-000667-0,7372239.356726741,340897.7843712668,316.451904296875,LetabaExclosure,2020-12-07,2020-12-07 09:32:17.382,09:32:17,72.2782725,25.764306516666664
668,113539.784,cam1-001-000668-0,7372240.269182136,340888.6545627929,314.7295227050781,LetabaExclosure,2020-12-07,2020-12-07 09:32:19.784,09:32:19,72.27527,25.764993755555555
669,113541.386,cam1-001-000669-0,7372244.583839476,340882.93471867824,313.1194763183594,LetabaExclosure,2020-12-07,2020-12-07 09:32:21.386,09:32:21,72.2732675,25.765452105555553
670,113543.388,cam1-001-000670-0,7372252.446797902,340877.18649039714,310.1471252441406,LetabaExclosure,2020-12-07,2020-12-07 09:32:23.388,09:32:23,72.270765,25.7660249
671,113545.39,cam1-001-000671-0,7372259.754921112,340873.3170368951,306.97149658203125,LetabaExclosure,2020-12-07,2020-12-07 09:32:25.390,09:32:25,72.2682625,25.766597694444442
672,113547.925,cam1-001-000672-0,7372267.548096354,340867.9877607592,303.349609375,LetabaExclosure,2020-12-07,2020-12-07 09:32:27.925,09:32:27,72.26509375,25.76732298611111
673,113549.394,cam1-001-000673-0,7372271.666918496,340864.27948756085,301.3130798339844,LetabaExclosure,2020-12-07,2020-12-07 09:32:29.394,09:32:29,72.26325750000001,25.76774328333333
674,113551.396,cam1-001-000674-0,7372276.734280976,340859.71352250094,298.5474548339844,LetabaExclosure,2020-12-07,2020-12-07 09:32:31.396,09:32:31,72.26075500000002,25.768316077777776
675,113553.397,cam1-001-000675-0,7372280.5629726965,340855.3542778508,295.68817138671875,LetabaExclosure,2020-12-07,2020-12-07 09:32:33.397,09:32:33,72.25825375000001,25.76888858611111
676,113555.533,cam1-001-000676-0,7372283.663401881,340851.09175026277,293.4590759277344,LetabaExclosure,2020-12-07,2020-12-07 09:32:35.533,09:32:35,72.25558375000001,25.769499719444443
677,113557.935,cam1-001-000677-0,7372285.35754537,340847.1535629774,291.8992919921875,LetabaExclosure,2020-12-07,2020-12-07 09:32:37.935,09:32:37,72.25258125,25.770186958333333
678,113559.403,cam1-001-000678-0,7372285.654846028,340845.41253410943,290.8145751953125,LetabaExclosure,2020-12-07,2020-12-07 09:32:39.403,09:32:39,72.25074624999999,25.770606969444447
679,113561.405,cam1-001-000679-0,7372285.822600506,340843.465745299,289.4021301269531,LetabaExclosure,2020-12-07,2020-12-07 09:32:41.405,09:32:41,72.24824375,25.771179763888888
680,113563.407,cam1-001-000680-0,7372285.685057207,340842.60931304493,288.23651123046875,LetabaExclosure,2020-12-07,2020-12-07 09:32:43.407,09:32:43,72.24574125,25.771752558333336
681,113565.943,cam1-001-000681-0,7372284.580189828,340841.79673294176,287.4575500488281,LetabaExclosure,2020-12-07,2020-12-07 09:32:45.943,09:32:45,72.24257125,25.77247813611111
682,113567.545,cam1-001-000682-0,7372283.493739356,340841.5797234243,287.2106628417969,LetabaExclosure,2020-12-07,2020-12-07 09:32:47.545,09:32:47,72.24056875000001,25.77293648611111
683,113569.413,cam1-001-000683-0,7372281.7534815855,340840.6795967568,286.9589538574219,LetabaExclosure,2020-12-07,2020-12-07 09:32:49.413,09:32:49,72.23823375,25.773470941666666
684,113571.415,cam1-001-000684-0,7372281.735280861,340840.6429008321,286.6509704589844,LetabaExclosure,2020-12-07,2020-12-07 09:32:51.415,09:32:51,72.23573125000001,25.77404373611111
685,113573.551,cam1-001-000685-0,7372281.871518347,340840.9201690344,286.35931396484375,LetabaExclosure,2020-12-07,2020-12-07 09:32:53.551,09:32:53,72.23306124999999,25.774654869444447
686,113575.953,cam1-001-000686-0,7372281.872650759,340840.9199986403,286.35235595703125,LetabaExclosure,2020-12-07,2020-12-07 09:32:55.953,09:32:55,72.23005875000001,25.77534210833333
687,113577.555,cam1-001-000687-0,7372281.872622147,340840.9193016688,286.3547058105469,LetabaExclosure,2020-12-07,2020-12-07 09:32:57.555,09:32:57,72.22805625000001,25.775800458333332
688,113579.423,cam1-001-000688-0,7372281.872872799,340840.91909572086,286.3550720214844,LetabaExclosure,2020-12-07,2020-12-07 09:32:59.423,09:32:59,72.22572125,25.77633491388889
689,113581.425,cam1-001-000689-0,7372281.872879796,340840.91909896675,286.3550720214844,LetabaExclosure,2020-12-07,2020-12-07 09:33:01.425,09:33:01,72.22321875,25.776907708333333
690,113583.961,cam1-001-000690-0,7372281.872887827,340840.91910647985,286.3550720214844,LetabaExclosure,2020-12-07,2020-12-07 09:33:03.961,09:33:03,72.22004875,25.777633286111108
691,113585.429,cam1-001-000691-0,7372281.872880416,340840.9190993736,286.3550720214844,LetabaExclosure,2020-12-07,2020-12-07 09:33:05.429,09:33:05,72.21821375,25.778053297222222
692,113587.431,cam1-001-000692-0,7372281.872969115,340840.9191720863,286.3551025390625,LetabaExclosure,2020-12-07,2020-12-07 09:33:07.431,09:33:07,72.21571125000001,25.778626091666666
693,113589.433,cam1-001-000693-0,7372281.872969115,340840.9191720863,286.3551025390625,LetabaExclosure,2020-12-07,2020-12-07 09:33:09.433,09:33:09,72.21320874999999,25.77919888611111
694,113591.569,cam1-001-000694-0,7372281.872969115,340840.9191720863,286.3551025390625,LetabaExclosure,2020-12-07,2020-12-07 09:33:11.569,09:33:11,72.21053875,25.779810019444444
695,113593.971,cam1-001-000695-0,7372281.872969115,340840.9191720863,286.3551025390625,LetabaExclosure,2020-12-07,2020-12-07 09:33:13.971,09:33:13,72.20753624999999,25.780497258333334
696,113595.439,cam1-001-000696-0,7372281.872969115,340840.9191720863,286.3551025390625,LetabaExclosure,2020-12-07,2020-12-07 09:33:15.439,09:33:15,72.20570125,25.780917269444444
697,113597.441,cam1-001-000697-0,7372281.872969115,340840.9191720863,286.3551025390625,LetabaExclosure,2020-12-07,2020-12-07 09:33:17.441,09:33:17,72.20319875,25.78149006388889
698,113599.443,cam1-001-000698-0,7372281.872969115,340840.9191720863,286.3551025390625,LetabaExclosure,2020-12-07,2020-12-07 09:33:19.443,09:33:19,72.20069625000001,25.782062858333333
699,113601.979,cam1-001-000699-0,7372281.872969115,340840.9191720863,286.3551025390625,LetabaExclosure,2020-12-07,2020-12-07 09:33:21.979,09:33:21,72.19752625,25.78278843611111
700,113603.447,cam1-001-000700-0,7372281.872969115,340840.9191720863,286.3551025390625,LetabaExclosure,2020-12-07,2020-12-07 09:33:23.447,09:33:23,72.19569125,25.783208447222222
701,113605.449,cam1-001-000701-0,7372281.872969115,340840.9191720863,286.3551025390625,LetabaExclosure,2020-12-07,2020-12-07 09:33:25.449,09:33:25,72.19318875,25.783781241666663
702,113607.451,cam1-001-000702-0,7372281.872969115,340840.9191720863,286.3551025390625,LetabaExclosure,2020-12-07,2020-12-07 09:33:27.451,09:33:27,72.19068625,25.78435403611111
703,113609.987,cam1-001-000703-0,7372281.872969115,340840.9191720863,286.3551025390625,LetabaExclosure,2020-12-07,2020-12-07 09:33:29.987,09:33:29,72.18751625000002,25.785079613888886
704,113611.322,cam1-001-000704-0,7372281.872969115,340840.9191720863,286.3551025390625,LetabaExclosure,2020-12-07,2020-12-07 09:33:31.322,09:33:31,72.18584750000001,25.78546157222222
705,113613.324,cam1-001-000705-0,7372281.872969115,340840.9191720863,286.3551025390625,LetabaExclosure,2020-12-07,2020-12-07 09:33:33.324,09:33:33,72.18334500000002,25.786034366666666
706,113615.326,cam1-001-000706-0,7372281.872969115,340840.9191720863,286.3551025390625,LetabaExclosure,2020-12-07,2020-12-07 09:33:35.326,09:33:35,72.1808425,25.78660716111111
707,113617.461,cam1-001-000707-0,7372281.872969115,340840.9191720863,286.3551025390625,LetabaExclosure,2020-12-07,2020-12-07 09:33:37.461,09:33:37,72.17817375000001,25.787218008333333
708,113619.997,cam1-001-000708-0,7372281.872969115,340840.9191720863,286.3551025390625,LetabaExclosure,2020-12-07,2020-12-07 09:33:39.997,09:33:39,72.17500375,25.787943586111112
709,113621.332,cam1-001-000709-0,7372281.872969115,340840.9191720863,286.3551025390625,LetabaExclosure,2020-12-07,2020-12-07 09:33:41.332,09:33:41,72.17333500000001,25.788325544444444
710,113623.334,cam1-001-000710-0,7372281.872969115,340840.9191720863,286.3551025390625,LetabaExclosure,2020-12-07,2020-12-07 09:33:43.334,09:33:43,72.1708325,25.788898338888888
711,113625.336,cam1-001-000711-0,7372281.872969115,340840.9191720863,286.3551025390625,LetabaExclosure,2020-12-07,2020-12-07 09:33:45.336,09:33:45,72.16833000000001,25.789471133333333
712,113628.005,cam1-001-000712-0,7372281.872969115,340840.9191720863,286.3551025390625,LetabaExclosure,2020-12-07,2020-12-07 09:33:48.005,09:33:48,72.16499375,25.79023476388889
713,113629.34,cam1-001-000713-0,7372281.872969115,340840.9191720863,286.3551025390625,LetabaExclosure,2020-12-07,2020-12-07 09:33:49.340,09:33:49,72.163325,25.79061672222222
714,113631.342,cam1-001-000714-0,7372281.872969115,340840.9191720863,286.3551025390625,LetabaExclosure,2020-12-07,2020-12-07 09:33:51.342,09:33:51,72.1608225,25.791189516666666
715,113633.344,cam1-001-000715-0,7372281.872969115,340840.9191720863,286.3551025390625,LetabaExclosure,2020-12-07,2020-12-07 09:33:53.344,09:33:53,72.15832,25.79176231111111
716,113636.013,cam1-001-000716-0,7372281.872969115,340840.9191720863,286.3551025390625,LetabaExclosure,2020-12-07,2020-12-07 09:33:56.013,09:33:56,72.15498375,25.792525941666668
717,113637.614,cam1-001-000717-0,7372281.872969115,340840.9191720863,286.3551025390625,LetabaExclosure,2020-12-07,2020-12-07 09:33:57.614,09:33:57,72.15298250000001,25.792984005555557
718,113639.35,cam1-001-000718-0,7372281.872969115,340840.9191720863,286.3551025390625,LetabaExclosure,2020-12-07,2020-12-07 09:33:59.350,09:33:59,72.1508125,25.793480694444447
719,113641.352,cam1-001-000719-0,7372281.872969115,340840.9191720863,286.3551025390625,LetabaExclosure,2020-12-07,2020-12-07 09:34:01.352,09:34:01,72.14831000000001,25.79405348888889
720,113643.487,cam1-001-000720-0,7372281.872969115,340840.9191720863,286.3551025390625,LetabaExclosure,2020-12-07,2020-12-07 09:34:03.487,09:34:03,72.14564125000001,25.794664336111108
721,113646.023,cam1-001-000721-0,7372281.872969115,340840.9191720863,286.3551025390625,LetabaExclosure,2020-12-07,2020-12-07 09:34:06.023,09:34:06,72.14247125,25.79538991388889
722,113647.624,cam1-001-000722-0,7372281.872969115,340840.9191720863,286.3551025390625,LetabaExclosure,2020-12-07,2020-12-07 09:34:07.624,09:34:07,72.14047000000001,25.795847977777775
723,113649.359,cam1-001-000723-0,7372281.872969115,340840.9191720863,286.3551025390625,LetabaExclosure,2020-12-07,2020-12-07 09:34:09.359,09:34:09,72.13830125000001,25.796344380555553
724,113651.361,cam1-001-000724-0,7372281.872969115,340840.9191720863,286.3551025390625,LetabaExclosure,2020-12-07,2020-12-07 09:34:11.361,09:34:11,72.13579874999999,25.796917175
725,113654.031,cam1-001-000725-0,7372281.872969115,340840.9191720863,286.3551025390625,LetabaExclosure,2020-12-07,2020-12-07 09:34:14.031,09:34:14,72.13246125,25.797681091666668
726,113655.365,cam1-001-000726-0,7372281.872969115,340840.9191720863,286.3551025390625,LetabaExclosure,2020-12-07,2020-12-07 09:34:15.365,09:34:15,72.13079375,25.79806276388889
727,113657.367,cam1-001-000727-0,7372281.872969115,340840.9191720863,286.3551025390625,LetabaExclosure,2020-12-07,2020-12-07 09:34:17.367,09:34:17,72.12829125,25.79863555833333
728,113659.369,cam1-001-000728-0,7372281.872969115,340840.9191720863,286.3551025390625,LetabaExclosure,2020-12-07,2020-12-07 09:34:19.369,09:34:19,72.12578875,25.79920835277778
729,113662.039,cam1-001-000729-0,7372281.872969115,340840.9191720863,286.3551025390625,LetabaExclosure,2020-12-07,2020-12-07 09:34:22.039,09:34:22,72.12245125,25.799972269444446
730,113663.373,cam1-001-000730-0,7372281.872969115,340840.9191720863,286.3551025390625,LetabaExclosure,2020-12-07,2020-12-07 09:34:23.373,09:34:23,72.12078375,25.800353941666668
731,113665.375,cam1-001-000731-0,7372281.872969115,340840.9191720863,286.3551025390625,LetabaExclosure,2020-12-07,2020-12-07 09:34:25.375,09:34:25,72.11828125000001,25.800926736111112
732,113667.377,cam1-001-000732-0,7372281.872969115,340840.9191720863,286.3551025390625,LetabaExclosure,2020-12-07,2020-12-07 09:34:27.377,09:34:27,72.11577875000002,25.801499530555553
733,113669.513,cam1-001-000733-0,7372281.872969115,340840.9191720863,286.3551025390625,LetabaExclosure,2020-12-07,2020-12-07 09:34:29.513,09:34:29,72.11310875,25.80211066388889
734,113671.915,cam1-001-000734-0,7372281.872969115,340840.9191720863,286.3551025390625,LetabaExclosure,2020-12-07,2020-12-07 09:34:31.915,09:34:31,72.11010625000002,25.802797902777776
735,113673.383,cam1-001-000735-0,7372281.872969115,340840.9191720863,286.3551025390625,LetabaExclosure,2020-12-07,2020-12-07 09:34:33.383,09:34:33,72.10827125,25.80321791388889
736,113675.385,cam1-001-000736-0,7372281.872969115,340840.9191720863,286.3551025390625,LetabaExclosure,2020-12-07,2020-12-07 09:34:35.385,09:34:35,72.10576875000001,25.80379070833333
737,113677.387,cam1-001-000737-0,7372281.872969115,340840.9191720863,286.3551025390625,LetabaExclosure,2020-12-07,2020-12-07 09:34:37.387,09:34:37,72.10326625,25.80436350277778
738,113680.057,cam1-001-000738-0,7372281.872969115,340840.9191720863,286.3551025390625,LetabaExclosure,2020-12-07,2020-12-07 09:34:40.057,09:34:40,72.09992875,25.805127419444442
739,113681.391,cam1-001-000739-0,7372281.872969115,340840.9191720863,286.3551025390625,LetabaExclosure,2020-12-07,2020-12-07 09:34:41.391,09:34:41,72.09826125,25.805509091666668
740,113683.393,cam1-001-000740-0,7372281.872969115,340840.9191720863,286.3551025390625,LetabaExclosure,2020-12-07,2020-12-07 09:34:43.393,09:34:43,72.09575875,25.80608188611111
741,113685.395,cam1-001-000741-0,7372281.872969115,340840.9191720863,286.3551025390625,LetabaExclosure,2020-12-07,2020-12-07 09:34:45.395,09:34:45,72.09325625,25.806654680555557
742,113688.065,cam1-001-000742-0,7372281.872969115,340840.9191720863,286.3551025390625,LetabaExclosure,2020-12-07,2020-12-07 09:34:48.065,09:34:48,72.08991875,25.807418597222224
743,113689.399,cam1-001-000743-0,7372281.872969115,340840.9191720863,286.3551025390625,LetabaExclosure,2020-12-07,2020-12-07 09:34:49.399,09:34:49,72.08825125,25.807800269444446
744,113691.401,cam1-001-000744-0,7372281.872969115,340840.9191720863,286.3551025390625,LetabaExclosure,2020-12-07,2020-12-07 09:34:51.401,09:34:51,72.08574875000001,25.808373063888887
745,113693.403,cam1-001-000745-0,7372281.872969115,340840.9191720863,286.3551025390625,LetabaExclosure,2020-12-07,2020-12-07 09:34:53.403,09:34:53,72.08324625,25.808945858333335
746,113695.539,cam1-001-000746-0,7372281.872969115,340840.9191720863,286.3551025390625,LetabaExclosure,2020-12-07,2020-12-07 09:34:55.539,09:34:55,72.08057625,25.809556991666668
747,113697.941,cam1-001-000747-0,7372281.872969115,340840.9191720863,286.3551025390625,LetabaExclosure,2020-12-07,2020-12-07 09:34:57.941,09:34:57,72.07757375,25.810244230555558
748,113699.409,cam1-001-000748-0,7372281.872969115,340840.9191720863,286.3551025390625,LetabaExclosure,2020-12-07,2020-12-07 09:34:59.409,09:34:59,72.07573875,25.810664241666665
749,113701.411,cam1-001-000749-0,7372281.872969115,340840.9191720863,286.3551025390625,LetabaExclosure,2020-12-07,2020-12-07 09:35:01.411,09:35:01,72.07323625000001,25.81123703611111
750,113703.413,cam1-001-000750-0,7372281.872969115,340840.9191720863,286.3551025390625,LetabaExclosure,2020-12-07,2020-12-07 09:35:03.413,09:35:03,72.07073375,25.811809830555553
751,113705.949,cam1-001-000751-0,7372281.872969115,340840.9191720863,286.3551025390625,LetabaExclosure,2020-12-07,2020-12-07 09:35:05.949,09:35:05,72.06756375,25.812535408333332
752,113707.551,cam1-001-000752-0,7372281.872969115,340840.9191720863,286.3551025390625,LetabaExclosure,2020-12-07,2020-12-07 09:35:07.551,09:35:07,72.06556124999999,25.812993758333334
753,113709.419,cam1-001-000753-0,7372281.872969115,340840.9191720863,286.3551025390625,LetabaExclosure,2020-12-07,2020-12-07 09:35:09.419,09:35:09,72.06322625000001,25.813528213888887
754,113711.421,cam1-001-000754-0,7372281.872969115,340840.9191720863,286.3551025390625,LetabaExclosure,2020-12-07,2020-12-07 09:35:11.421,09:35:11,72.06072375,25.814101008333335
755,113713.557,cam1-001-000755-0,7372281.872969115,340840.9191720863,286.3551025390625,LetabaExclosure,2020-12-07,2020-12-07 09:35:13.557,09:35:13,72.05805375,25.814712141666668
756,113715.959,cam1-001-000756-0,7372281.872969115,340840.9191720863,286.3551025390625,LetabaExclosure,2020-12-07,2020-12-07 09:35:15.959,09:35:15,72.05505125,25.815399380555554
757,113717.561,cam1-001-000757-0,7372281.872969115,340840.9191720863,286.3551025390625,LetabaExclosure,2020-12-07,2020-12-07 09:35:17.561,09:35:17,72.05304875,25.815857730555557
758,113719.429,cam1-001-000758-0,7372281.872969115,340840.9191720863,286.3551025390625,LetabaExclosure,2020-12-07,2020-12-07 09:35:19.429,09:35:19,72.05071375,25.816392186111113
759,113721.431,cam1-001-000759-0,7372281.872969115,340840.9191720863,286.3551025390625,LetabaExclosure,2020-12-07,2020-12-07 09:35:21.431,09:35:21,72.04821125000001,25.816964980555554
760,113723.967,cam1-001-000760-0,7372281.872953886,340840.91914654826,286.3551025390625,LetabaExclosure,2020-12-07,2020-12-07 09:35:23.967,09:35:23,72.04504125,25.817690558333332
761,113725.435,cam1-001-000761-0,7372281.872953886,340840.91914654826,286.3551025390625,LetabaExclosure,2020-12-07,2020-12-07 09:35:25.435,09:35:25,72.04320625000001,25.818110569444443
762,113727.437,cam1-001-000762-0,7372281.872953886,340840.91914654826,286.3551025390625,LetabaExclosure,2020-12-07,2020-12-07 09:35:27.437,09:35:27,72.04070374999999,25.81868336388889
763,113729.439,cam1-001-000763-0,7372281.872953886,340840.91914654826,286.3551025390625,LetabaExclosure,2020-12-07,2020-12-07 09:35:29.439,09:35:29,72.03820125,25.81925615833333
764,113731.975,cam1-001-000764-0,7372281.872953886,340840.91914654826,286.3551025390625,LetabaExclosure,2020-12-07,2020-12-07 09:35:31.975,09:35:31,72.03503124999999,25.819981736111114
765,113733.443,cam1-001-000765-0,7372281.872953886,340840.91914654826,286.3551025390625,LetabaExclosure,2020-12-07,2020-12-07 09:35:33.443,09:35:33,72.03319625,25.82040174722222
766,113735.445,cam1-001-000766-0,7372281.872953886,340840.91914654826,286.3551025390625,LetabaExclosure,2020-12-07,2020-12-07 09:35:35.445,09:35:35,72.03069375,25.82097454166667
767,113737.447,cam1-001-000767-0,7372281.872953886,340840.91914654826,286.3551025390625,LetabaExclosure,2020-12-07,2020-12-07 09:35:37.447,09:35:37,72.02819125,25.82154733611111
768,113739.582,cam1-001-000768-0,7372281.872953886,340840.91914654826,286.3551025390625,LetabaExclosure,2020-12-07,2020-12-07 09:35:39.582,09:35:39,72.02552250000001,25.822158183333332
769,113741.985,cam1-001-000769-0,7372281.872953886,340840.91914654826,286.3551025390625,LetabaExclosure,2020-12-07,2020-12-07 09:35:41.985,09:35:41,72.02251875,25.822845708333332
770,113743.319,cam1-001-000770-0,7372281.872953886,340840.91914654826,286.3551025390625,LetabaExclosure,2020-12-07,2020-12-07 09:35:43.319,09:35:43,72.02085124999999,25.823227380555554
771,113745.321,cam1-001-000771-0,7372281.872953886,340840.91914654826,286.3551025390625,LetabaExclosure,2020-12-07,2020-12-07 09:35:45.321,09:35:45,72.01834875,25.823800175
772,113747.323,cam1-001-000772-0,7372281.872953886,340840.91914654826,286.3551025390625,LetabaExclosure,2020-12-07,2020-12-07 09:35:47.323,09:35:47,72.01584625,25.824372969444447
773,113749.993,cam1-001-000773-0,7372281.872953886,340840.91914654826,286.3551025390625,LetabaExclosure,2020-12-07,2020-12-07 09:35:49.993,09:35:49,72.01250875,25.82513688611111
774,113751.327,cam1-001-000774-0,7372281.872953886,340840.91914654826,286.3551025390625,LetabaExclosure,2020-12-07,2020-12-07 09:35:51.327,09:35:51,72.01084125,25.825518558333336
775,113753.329,cam1-001-000775-0,7372281.872953886,340840.91914654826,286.3551025390625,LetabaExclosure,2020-12-07,2020-12-07 09:35:53.329,09:35:53,72.00833875000001,25.826091352777777
776,113755.331,cam1-001-000776-0,7372281.872953886,340840.91914654826,286.3551025390625,LetabaExclosure,2020-12-07,2020-12-07 09:35:55.331,09:35:55,72.00583625,25.826664147222225
777,113757.467,cam1-001-000777-0,7372281.872953886,340840.91914654826,286.3551025390625,LetabaExclosure,2020-12-07,2020-12-07 09:35:57.467,09:35:57,72.00316624999999,25.827275280555558
778,113760.003,cam1-001-000778-0,7372281.872953886,340840.91914654826,286.3551025390625,LetabaExclosure,2020-12-07,2020-12-07 09:36:00.003,09:36:00,71.99999625000001,25.828000858333333
779,113761.337,cam1-001-000779-0,7372281.872953886,340840.91914654826,286.3551025390625,LetabaExclosure,2020-12-07,2020-12-07 09:36:01.337,09:36:01,71.99832875,25.828382530555555
780,113763.339,cam1-001-000780-0,7372281.872953886,340840.91914654826,286.3551025390625,LetabaExclosure,2020-12-07,2020-12-07 09:36:03.339,09:36:03,71.99582625,25.828955325000003
781,113765.341,cam1-001-000781-0,7372281.872953886,340840.91914654826,286.3551025390625,LetabaExclosure,2020-12-07,2020-12-07 09:36:05.341,09:36:05,71.99332375,25.829528119444443
782,113768.011,cam1-001-000782-0,7372281.872953886,340840.91914654826,286.3551025390625,LetabaExclosure,2020-12-07,2020-12-07 09:36:08.011,09:36:08,71.98998625,25.83029203611111
783,113769.345,cam1-001-000783-0,7372281.872953886,340840.91914654826,286.3551025390625,LetabaExclosure,2020-12-07,2020-12-07 09:36:09.345,09:36:09,71.98831875,25.830673708333332
784,113771.347,cam1-001-000784-0,7372281.872953886,340840.91914654826,286.3551025390625,LetabaExclosure,2020-12-07,2020-12-07 09:36:11.347,09:36:11,71.98581625000001,25.831246502777777
785,113773.349,cam1-001-000785-0,7372281.872953886,340840.91914654826,286.3551025390625,LetabaExclosure,2020-12-07,2020-12-07 09:36:13.349,09:36:13,71.98331375,25.83181929722222
786,113776.019,cam1-001-000786-0,7372281.872953886,340840.91914654826,286.3551025390625,LetabaExclosure,2020-12-07,2020-12-07 09:36:16.019,09:36:16,71.97997625,25.83258321388889
787,113777.62,cam1-001-000787-0,7372281.872953886,340840.91914654826,286.3551025390625,LetabaExclosure,2020-12-07,2020-12-07 09:36:17.620,09:36:17,71.97797500000001,25.833041277777777
788,113779.355,cam1-001-000788-0,7372281.872953886,340840.91914654826,286.3551025390625,LetabaExclosure,2020-12-07,2020-12-07 09:36:19.355,09:36:19,71.97580625,25.833537680555555
789,113781.357,cam1-001-000789-0,7372281.872953886,340840.91914654826,286.3551025390625,LetabaExclosure,2020-12-07,2020-12-07 09:36:21.357,09:36:21,71.97330375,25.834110475
790,113783.493,cam1-001-000790-0,7372281.872953886,340840.91914654826,286.3551025390625,LetabaExclosure,2020-12-07,2020-12-07 09:36:23.493,09:36:23,71.97063375,25.834721608333332
791,113786.029,cam1-001-000791-0,7372281.872953886,340840.91914654826,286.3551025390625,LetabaExclosure,2020-12-07,2020-12-07 09:36:26.029,09:36:26,71.96746375000001,25.83544718611111
792,113787.363,cam1-001-000792-0,7372281.872953886,340840.91914654826,286.3551025390625,LetabaExclosure,2020-12-07,2020-12-07 09:36:27.363,09:36:27,71.96579625000001,25.835828858333333
793,113789.365,cam1-001-000793-0,7372281.872953886,340840.91914654826,286.3551025390625,LetabaExclosure,2020-12-07,2020-12-07 09:36:29.365,09:36:29,71.96329374999999,25.836401652777777
794,113791.367,cam1-001-000794-0,7372281.872953886,340840.91914654826,286.3551025390625,LetabaExclosure,2020-12-07,2020-12-07 09:36:31.367,09:36:31,71.96079125,25.83697444722222
795,113794.036,cam1-001-000795-0,7372281.872953886,340840.91914654826,286.3551025390625,LetabaExclosure,2020-12-07,2020-12-07 09:36:34.036,09:36:34,71.95745500000001,25.837738077777775
796,113795.371,cam1-001-000796-0,7372281.872953886,340840.91914654826,286.3551025390625,LetabaExclosure,2020-12-07,2020-12-07 09:36:35.371,09:36:35,71.95578625,25.83812003611111
797,113797.373,cam1-001-000797-0,7372281.872953886,340840.91914654826,286.3551025390625,LetabaExclosure,2020-12-07,2020-12-07 09:36:37.373,09:36:37,71.95328375,25.83869283055556
798,113799.375,cam1-001-000798-0,7372281.872953886,340840.91914654826,286.3551025390625,LetabaExclosure,2020-12-07,2020-12-07 09:36:39.375,09:36:39,71.95078125,25.839265625
799,113801.511,cam1-001-000799-0,7372281.872953886,340840.91914654826,286.3551025390625,LetabaExclosure,2020-12-07,2020-12-07 09:36:41.511,09:36:41,71.94811125000001,25.839876758333332
800,113803.913,cam1-001-000800-0,7372281.872953886,340840.91914654826,286.3551025390625,LetabaExclosure,2020-12-07,2020-12-07 09:36:43.913,09:36:43,71.94510875,25.840563997222223
801,113805.381,cam1-001-000801-0,7372281.872953886,340840.91914654826,286.3551025390625,LetabaExclosure,2020-12-07,2020-12-07 09:36:45.381,09:36:45,71.94327375000002,25.84098400833333
802,113807.383,cam1-001-000802-0,7372281.872953886,340840.91914654826,286.3551025390625,LetabaExclosure,2020-12-07,2020-12-07 09:36:47.383,09:36:47,71.94077125,25.841556802777777
803,113809.385,cam1-001-000803-0,7372281.872953886,340840.91914654826,286.3551025390625,LetabaExclosure,2020-12-07,2020-12-07 09:36:49.385,09:36:49,71.93826875,25.842129597222222
804,113812.054,cam1-001-000804-0,7372281.872953886,340840.91914654826,286.3551025390625,LetabaExclosure,2020-12-07,2020-12-07 09:36:52.054,09:36:52,71.9349325,25.84289322777778
805,113813.389,cam1-001-000805-0,7372281.872953886,340840.91914654826,286.3551025390625,LetabaExclosure,2020-12-07,2020-12-07 09:36:53.389,09:36:53,71.93326375000001,25.84327518611111
806,113815.391,cam1-001-000806-0,7372281.872953886,340840.91914654826,286.3551025390625,LetabaExclosure,2020-12-07,2020-12-07 09:36:55.391,09:36:55,71.93076125,25.843847980555555
807,113817.393,cam1-001-000807-0,7372281.872953886,340840.91914654826,286.3551025390625,LetabaExclosure,2020-12-07,2020-12-07 09:36:57.393,09:36:57,71.92825875000001,25.844420775
808,113819.528,cam1-001-000808-0,7372281.872953886,340840.91914654826,286.3551025390625,LetabaExclosure,2020-12-07,2020-12-07 09:36:59.528,09:36:59,71.92559,25.845031622222223
809,113821.931,cam1-001-000809-0,7372281.872953886,340840.91914654826,286.3551025390625,LetabaExclosure,2020-12-07,2020-12-07 09:37:01.931,09:37:01,71.92258625000001,25.84571914722222
810,113823.399,cam1-001-000810-0,7372281.872953886,340840.91914654826,286.3551025390625,LetabaExclosure,2020-12-07,2020-12-07 09:37:03.399,09:37:03,71.92075125,25.846139158333333
811,113825.401,cam1-001-000811-0,7372281.872953886,340840.91914654826,286.3551025390625,LetabaExclosure,2020-12-07,2020-12-07 09:37:05.401,09:37:05,71.91824875,25.846711952777778
812,113827.403,cam1-001-000812-0,7372281.872953886,340840.91914654826,286.3551025390625,LetabaExclosure,2020-12-07,2020-12-07 09:37:07.403,09:37:07,71.91574625,25.847284747222222
813,113830.072,cam1-001-000813-0,7372281.872953886,340840.91914654826,286.3551025390625,LetabaExclosure,2020-12-07,2020-12-07 09:37:10.072,09:37:10,71.91241000000001,25.848048377777776
814,113831.407,cam1-001-000814-0,7372281.872953886,340840.91914654826,286.3551025390625,LetabaExclosure,2020-12-07,2020-12-07 09:37:11.407,09:37:11,71.91074125,25.84843033611111
815,113833.409,cam1-001-000815-0,7372281.872953886,340840.91914654826,286.3551025390625,LetabaExclosure,2020-12-07,2020-12-07 09:37:13.409,09:37:13,71.90823875000001,25.849003130555555
816,113835.411,cam1-001-000816-0,7372281.872953886,340840.91914654826,286.3551025390625,LetabaExclosure,2020-12-07,2020-12-07 09:37:15.411,09:37:15,71.90573625000002,25.849575924999996
817,113837.546,cam1-001-000817-0,7372281.872953886,340840.91914654826,286.3551025390625,LetabaExclosure,2020-12-07,2020-12-07 09:37:17.546,09:37:17,71.9030675,25.850186772222223
818,113839.949,cam1-001-000818-0,7372281.872953886,340840.91914654826,286.3551025390625,LetabaExclosure,2020-12-07,2020-12-07 09:37:19.949,09:37:19,71.90006375000002,25.85087429722222
819,113841.417,cam1-001-000819-0,7372281.872953886,340840.91914654826,286.3551025390625,LetabaExclosure,2020-12-07,2020-12-07 09:37:21.417,09:37:21,71.89822875,25.851294308333333
820,113843.419,cam1-001-000820-0,7372281.872953886,340840.91914654826,286.3551025390625,LetabaExclosure,2020-12-07,2020-12-07 09:37:23.419,09:37:23,71.89572625000001,25.851867102777774
821,113845.421,cam1-001-000821-0,7372281.872953886,340840.91914654826,286.3551025390625,LetabaExclosure,2020-12-07,2020-12-07 09:37:25.421,09:37:25,71.89322375,25.852439897222222
822,113847.957,cam1-001-000822-0,7372281.872953886,340840.91914654826,286.3551025390625,LetabaExclosure,2020-12-07,2020-12-07 09:37:27.957,09:37:27,71.89005375,25.853165474999997
823,113849.425,cam1-001-000823-0,7372281.872953886,340840.91914654826,286.3551025390625,LetabaExclosure,2020-12-07,2020-12-07 09:37:29.425,09:37:29,71.88821875,25.85358548611111
824,113851.427,cam1-001-000824-0,7372281.872953886,340840.91914654826,286.3551025390625,LetabaExclosure,2020-12-07,2020-12-07 09:37:31.427,09:37:31,71.88571625,25.854158280555552
825,113853.429,cam1-001-000825-0,7372281.872953886,340840.91914654826,286.3551025390625,LetabaExclosure,2020-12-07,2020-12-07 09:37:33.429,09:37:33,71.88321375,25.854731075
826,113855.564,cam1-001-000826-0,7372281.872953886,340840.91914654826,286.3551025390625,LetabaExclosure,2020-12-07,2020-12-07 09:37:35.564,09:37:35,71.880545,25.85534192222222
827,113857.967,cam1-001-000827-0,7372281.874829011,340840.923668075,286.3513488769531,LetabaExclosure,2020-12-07,2020-12-07 09:37:37.967,09:37:37,71.87754125,25.856029447222223
828,113859.435,cam1-001-000828-0,7372281.874824736,340840.9236736527,286.351318359375,LetabaExclosure,2020-12-07,2020-12-07 09:37:39.435,09:37:39,71.87570625000001,25.856449458333334
829,113861.437,cam1-001-000829-0,7372281.8748248555,340840.9236735645,286.351318359375,LetabaExclosure,2020-12-07,2020-12-07 09:37:41.437,09:37:41,71.87320375,25.857022252777778
830,113863.439,cam1-001-000830-0,7372281.874824958,340840.92367348686,286.351318359375,LetabaExclosure,2020-12-07,2020-12-07 09:37:43.439,09:37:43,71.87070125000001,25.857595047222222
831,113865.975,cam1-001-000831-0,7372281.87482191,340840.92367522453,286.351318359375,LetabaExclosure,2020-12-07,2020-12-07 09:37:45.975,09:37:45,71.86753125,25.858320625
832,113867.576,cam1-001-000832-0,7372281.87482372,340840.9236743415,286.351318359375,LetabaExclosure,2020-12-07,2020-12-07 09:37:47.576,09:37:47,71.86553,25.85877868888889
833,113869.445,cam1-001-000833-0,7372281.874824736,340840.9236736534,286.351318359375,LetabaExclosure,2020-12-07,2020-12-07 09:37:49.445,09:37:49,71.86319375,25.859313430555556
834,113871.447,cam1-001-000834-0,7372281.8748248555,340840.9236735645,286.351318359375,LetabaExclosure,2020-12-07,2020-12-07 09:37:51.447,09:37:51,71.86069125,25.859886225
835,113873.983,cam1-001-000835-0,7372281.874822051,340840.9236751264,286.351318359375,LetabaExclosure,2020-12-07,2020-12-07 09:37:53.983,09:37:53,71.85752125,25.860611802777775
836,113875.451,cam1-001-000836-0,7372281.874824448,340840.9236738569,286.351318359375,LetabaExclosure,2020-12-07,2020-12-07 09:37:55.451,09:37:55,71.85568625,25.86103181388889
837,113877.453,cam1-001-000837-0,7372281.874824598,340840.9236737509,286.351318359375,LetabaExclosure,2020-12-07,2020-12-07 09:37:57.453,09:37:57,71.85318375000001,25.86160460833333
838,113879.321,cam1-001-000838-0,7372281.874825092,340840.92367329274,286.351318359375,LetabaExclosure,2020-12-07,2020-12-07 09:37:59.321,09:37:59,71.85084875000001,25.862139063888886
839,113881.457,cam1-001-000839-0,7372281.873892942,340840.9217822821,286.3517150878906,LetabaExclosure,2020-12-07,2020-12-07 09:38:01.457,09:38:01,71.84817875,25.86275019722222
840,113883.993,cam1-001-000840-0,7372281.873094261,340840.92252983607,286.35101318359375,LetabaExclosure,2020-12-07,2020-12-07 09:38:03.993,09:38:03,71.84500875,25.863475775
841,113885.327,cam1-001-000841-0,7372281.872631477,340840.922065873,286.3519592285156,LetabaExclosure,2020-12-07,2020-12-07 09:38:05.327,09:38:05,71.84334125,25.863857447222223
842,113887.329,cam1-001-000842-0,7372281.831447678,340840.75732004986,286.9481201171875,LetabaExclosure,2020-12-07,2020-12-07 09:38:07.329,09:38:07,71.84083875,25.864430241666664
843,113889.331,cam1-001-000843-0,7372281.654386507,340840.5884783588,289.79986572265625,LetabaExclosure,2020-12-07,2020-12-07 09:38:09.331,09:38:09,71.83833625,25.865003036111112
844,113892.0,cam1-001-000844-0,7372281.672126433,340840.9600455904,294.5056457519531,LetabaExclosure,2020-12-07,2020-12-07 09:38:12.000,09:38:12,71.83500000000001,25.865766666666666
845,113893.335,cam1-001-000845-0,7372281.221779695,340840.45724753954,298.83355712890625,LetabaExclosure,2020-12-07,2020-12-07 09:38:13.335,09:38:13,71.83333125,25.866148625
846,113895.337,cam1-001-000846-0,7372280.603985706,340836.03894950036,304.9455871582031,LetabaExclosure,2020-12-07,2020-12-07 09:38:15.337,09:38:15,71.83082875000001,25.866721419444445
847,113898.807,cam1-001-000847-0,7372291.71905702,340828.96629449097,315.7225341796875,LetabaExclosure,2020-12-07,2020-12-07 09:38:18.807,09:38:18,71.82649125,25.867714225
848,113899.341,cam1-001-000848-0,7372294.193827199,340829.3592644142,317.4012451171875,LetabaExclosure,2020-12-07,2020-12-07 09:38:19.341,09:38:19,71.82582375,25.867867008333334
849,113901.343,cam1-001-000849-0,7372302.226221563,340833.8531237856,323.6470642089844,LetabaExclosure,2020-12-07,2020-12-07 09:38:21.343,09:38:21,71.82332125,25.868439802777775
850,113903.345,cam1-001-000850-0,7372308.67572704,340840.5264367561,330.0605773925781,LetabaExclosure,2020-12-07,2020-12-07 09:38:23.345,09:38:23,71.82081875,25.869012597222223
851,113905.347,cam1-001-000851-0,7372314.488432759,340848.53296290606,336.3313293457031,LetabaExclosure,2020-12-07,2020-12-07 09:38:25.347,09:38:25,71.81831625000001,25.869585391666664
852,113908.016,cam1-001-000852-0,7372322.0401902,340859.69681046833,345.0224609375,LetabaExclosure,2020-12-07,2020-12-07 09:38:28.016,09:38:28,71.81498,25.87034902222222
853,113909.351,cam1-001-000853-0,7372325.94319772,340864.8533776472,348.918212890625,LetabaExclosure,2020-12-07,2020-12-07 09:38:29.351,09:38:29,71.81331125000001,25.870730980555553
854,113911.353,cam1-001-000854-0,7372333.369075799,340871.40339668625,354.92486572265625,LetabaExclosure,2020-12-07,2020-12-07 09:38:31.353,09:38:31,71.81080874999999,25.871303775
855,113913.355,cam1-001-000855-0,7372343.950224871,340876.7920540404,361.5245666503906,LetabaExclosure,2020-12-07,2020-12-07 09:38:33.355,09:38:33,71.80830625,25.871876569444442
856,113916.024,cam1-001-000856-0,7372360.666597211,340885.57450774655,370.5343322753906,LetabaExclosure,2020-12-07,2020-12-07 09:38:36.024,09:38:36,71.80497,25.8726402
857,113917.359,cam1-001-000857-0,7372369.523457406,340890.63045149983,375.0551452636719,LetabaExclosure,2020-12-07,2020-12-07 09:38:37.359,09:38:37,71.80330125,25.87302215833333
858,113919.361,cam1-001-000858-0,7372380.015542357,340897.184970016,382.8455810546875,LetabaExclosure,2020-12-07,2020-12-07 09:38:39.361,09:38:39,71.80079875,25.87359495277778
859,113921.363,cam1-001-000859-0,7372386.860558159,340901.9095267003,387.8498229980469,LetabaExclosure,2020-12-07,2020-12-07 09:38:41.363,09:38:41,71.79829625,25.87416774722222
860,113923.498,cam1-001-000860-0,7372391.840777976,340905.62203750026,388.7644958496094,LetabaExclosure,2020-12-07,2020-12-07 09:38:43.498,09:38:43,71.7956275,25.874778594444447
861,113926.034,cam1-001-000861-0,7372395.060883424,340907.9166640702,388.6009216308594,LetabaExclosure,2020-12-07,2020-12-07 09:38:46.034,09:38:46,71.7924575,25.87550417222222
862,113927.369,cam1-001-000862-0,7372394.571678867,340907.6574620343,387.6997375488281,LetabaExclosure,2020-12-07,2020-12-07 09:38:47.369,09:38:47,71.79078874999999,25.875886130555557
863,113929.371,cam1-001-000863-0,7372400.000927236,340910.46345295606,389.1618957519531,LetabaExclosure,2020-12-07,2020-12-07 09:38:49.371,09:38:49,71.78828625,25.876458924999998
864,113933.108,cam1-001-000864-0,7372399.766676124,340916.63322107046,390.03302001953125,LetabaExclosure,2020-12-07,2020-12-07 09:38:53.108,09:38:53,71.78361500000001,25.87752812222222
865,113933.375,cam1-001-000865-0,7372398.941319292,340917.53125193645,390.0845031738281,LetabaExclosure,2020-12-07,2020-12-07 09:38:53.375,09:38:53,71.78328125,25.877604513888887
866,113935.377,cam1-001-000866-0,7372391.213159968,340927.77979250875,390.26568603515625,LetabaExclosure,2020-12-07,2020-12-07 09:38:55.377,09:38:55,71.78077875000001,25.87817730833333
867,113937.379,cam1-001-000867-0,7372381.120638166,340940.89801370166,390.5531921386719,LetabaExclosure,2020-12-07,2020-12-07 09:38:57.379,09:38:57,71.77827625,25.878750102777776
868,113939.381,cam1-001-000868-0,7372370.874331265,340953.35761780257,390.66668701171875,LetabaExclosure,2020-12-07,2020-12-07 09:38:59.381,09:38:59,71.77577375000001,25.87932289722222
869,113942.05,cam1-001-000869-0,7372357.003842002,340970.19883276813,390.4444885253906,LetabaExclosure,2020-12-07,2020-12-07 09:39:02.050,09:39:02,71.7724375,25.880086527777777
870,113943.385,cam1-001-000870-0,7372350.258332182,340978.53677523334,390.3278503417969,LetabaExclosure,2020-12-07,2020-12-07 09:39:03.385,09:39:03,71.77076875000002,25.88046848611111
871,113945.387,cam1-001-000871-0,7372340.663538946,340991.08445551957,390.23016357421875,LetabaExclosure,2020-12-07,2020-12-07 09:39:05.387,09:39:05,71.76826625,25.881041280555557
872,113947.389,cam1-001-000872-0,7372331.170073121,341003.79320170975,390.31475830078125,LetabaExclosure,2020-12-07,2020-12-07 09:39:07.389,09:39:07,71.76576375,25.881614074999998
873,113949.524,cam1-001-000873-0,7372320.673659876,341017.4644956043,390.2345886230469,LetabaExclosure,2020-12-07,2020-12-07 09:39:09.524,09:39:09,71.76309499999999,25.88222492222222
874,113951.927,cam1-001-000874-0,7372308.834386375,341032.49707695143,390.04827880859375,LetabaExclosure,2020-12-07,2020-12-07 09:39:11.927,09:39:11,71.76009125,25.88291244722222
875,113953.395,cam1-001-000875-0,7372301.308772737,341041.89615653595,389.93231201171875,LetabaExclosure,2020-12-07,2020-12-07 09:39:13.395,09:39:13,71.75825625,25.883332458333335
876,113955.397,cam1-001-000876-0,7372291.461256594,341054.3008718204,389.83966064453125,LetabaExclosure,2020-12-07,2020-12-07 09:39:15.397,09:39:15,71.75575375000001,25.883905252777776
877,113957.399,cam1-001-000877-0,7372281.872465523,341066.6890573756,389.8081359863281,LetabaExclosure,2020-12-07,2020-12-07 09:39:17.399,09:39:17,71.75325124999999,25.884478047222224
878,113959.935,cam1-001-000878-0,7372269.509785557,341082.61468963616,389.8135681152344,LetabaExclosure,2020-12-07,2020-12-07 09:39:19.935,09:39:19,71.75008125000001,25.885203625
879,113961.403,cam1-001-000879-0,7372262.250198066,341092.09772970574,389.8266296386719,LetabaExclosure,2020-12-07,2020-12-07 09:39:21.403,09:39:21,71.74824625,25.885623636111113
880,113963.405,cam1-001-000880-0,7372252.496681815,341104.6065187446,389.9738464355469,LetabaExclosure,2020-12-07,2020-12-07 09:39:23.405,09:39:23,71.74574375,25.886196430555554
881,113965.407,cam1-001-000881-0,7372242.4932059795,341117.0342413538,389.957275390625,LetabaExclosure,2020-12-07,2020-12-07 09:39:25.407,09:39:25,71.74324125,25.886769225000002
882,113967.542,cam1-001-000882-0,7372231.567419036,341130.2472506909,390.16253662109375,LetabaExclosure,2020-12-07,2020-12-07 09:39:27.542,09:39:27,71.7405725,25.88738007222222
883,113969.945,cam1-001-000883-0,7372219.889586035,341145.6438901896,390.8291015625,LetabaExclosure,2020-12-07,2020-12-07 09:39:29.945,09:39:29,71.73756875,25.888067597222225
884,113971.413,cam1-001-000884-0,7372212.459109824,341155.40270473226,391.1281433105469,LetabaExclosure,2020-12-07,2020-12-07 09:39:31.413,09:39:31,71.73573375000001,25.88848760833333
885,113973.415,cam1-001-000885-0,7372202.513858196,341167.93907738896,391.054931640625,LetabaExclosure,2020-12-07,2020-12-07 09:39:33.415,09:39:33,71.73323125000002,25.889060402777776
886,113975.417,cam1-001-000886-0,7372192.487475403,341180.1050828486,390.7973937988281,LetabaExclosure,2020-12-07,2020-12-07 09:39:35.417,09:39:35,71.73072875,25.88963319722222
887,113977.953,cam1-001-000887-0,7372179.745695409,341196.00351643155,390.64544677734375,LetabaExclosure,2020-12-07,2020-12-07 09:39:37.953,09:39:37,71.72755875000001,25.890358775
888,113979.421,cam1-001-000888-0,7372172.583328911,341205.4841669088,390.5082092285156,LetabaExclosure,2020-12-07,2020-12-07 09:39:39.421,09:39:39,71.72572375,25.89077878611111
889,113981.423,cam1-001-000889-0,7372162.963041987,341218.10459676385,390.3751525878906,LetabaExclosure,2020-12-07,2020-12-07 09:39:41.423,09:39:41,71.72322125000001,25.891351580555554
890,113983.425,cam1-001-000890-0,7372153.21502592,341230.7409685434,390.1111755371094,LetabaExclosure,2020-12-07,2020-12-07 09:39:43.425,09:39:43,71.72071875,25.891924375
891,113985.961,cam1-001-000891-0,7372140.545852129,341246.38728528767,389.6823425292969,LetabaExclosure,2020-12-07,2020-12-07 09:39:45.961,09:39:45,71.71754875,25.892649952777777
892,113987.429,cam1-001-000892-0,7372133.189996386,341255.75218283583,389.5693664550781,LetabaExclosure,2020-12-07,2020-12-07 09:39:47.429,09:39:47,71.71571374999999,25.89306996388889
893,113989.431,cam1-001-000893-0,7372123.514247561,341268.2717926367,389.495849609375,LetabaExclosure,2020-12-07,2020-12-07 09:39:49.431,09:39:49,71.71321125,25.893642758333332
894,113991.433,cam1-001-000894-0,7372113.638583239,341280.8661869492,389.4472961425781,LetabaExclosure,2020-12-07,2020-12-07 09:39:51.433,09:39:51,71.71070875,25.89421555277778
895,113993.568,cam1-001-000895-0,7372102.875785915,341294.3633278994,389.42266845703125,LetabaExclosure,2020-12-07,2020-12-07 09:39:53.568,09:39:53,71.70804,25.8948264
896,113995.97,cam1-001-000896-0,7372090.640853682,341309.0111722235,389.5499572753906,LetabaExclosure,2020-12-07,2020-12-07 09:39:55.970,09:39:55,71.7050375,25.89551363888889
897,113997.439,cam1-001-000897-0,7372083.195499259,341318.3841778248,389.70611572265625,LetabaExclosure,2020-12-07,2020-12-07 09:39:57.439,09:39:57,71.70320125,25.89593393611111
898,113999.441,cam1-001-000898-0,7372073.544661389,341331.003670254,389.8028869628906,LetabaExclosure,2020-12-07,2020-12-07 09:39:59.441,09:39:59,71.70069875,25.896506730555558
899,114001.443,cam1-001-000899-0,7372063.8157023825,341343.5186798499,389.8422546386719,LetabaExclosure,2020-12-07,2020-12-07 09:40:01.443,09:40:01,71.69819625000001,25.897079525
900,114003.978,cam1-001-000900-0,7372051.186477152,341359.52393380203,389.75408935546875,LetabaExclosure,2020-12-07,2020-12-07 09:40:03.978,09:40:03,71.6950275,25.897804816666667
901,114005.447,cam1-001-000901-0,7372043.674606321,341368.99169049086,389.76019287109375,LetabaExclosure,2020-12-07,2020-12-07 09:40:05.447,09:40:05,71.69319125,25.898225113888888
902,114007.449,cam1-001-000902-0,7372033.797264342,341381.425818092,389.7316589355469,LetabaExclosure,2020-12-07,2020-12-07 09:40:07.449,09:40:07,71.69068875,25.898797908333332
903,114009.451,cam1-001-000903-0,7372023.961230577,341393.89394184423,389.6927795410156,LetabaExclosure,2020-12-07,2020-12-07 09:40:09.451,09:40:09,71.68818625,25.899370702777777
904,114011.986,cam1-001-000904-0,7372011.3408970395,341409.7854054222,389.6304016113281,LetabaExclosure,2020-12-07,2020-12-07 09:40:11.986,09:40:11,71.6850175,25.900095994444445
905,114013.455,cam1-001-000905-0,7372003.882192635,341419.0713655527,389.6317138671875,LetabaExclosure,2020-12-07,2020-12-07 09:40:13.455,09:40:13,71.68318125,25.900516291666666
906,114015.323,cam1-001-000906-0,7371994.879276348,341430.289309841,389.6139221191406,LetabaExclosure,2020-12-07,2020-12-07 09:40:15.323,09:40:15,71.68084625,25.90105074722222
907,114017.325,cam1-001-000907-0,7371985.236595681,341442.6024265866,389.759033203125,LetabaExclosure,2020-12-07,2020-12-07 09:40:17.325,09:40:17,71.67834375000001,25.901623541666666
908,114019.46,cam1-001-000908-0,7371974.803326729,341456.10279511765,390.0347900390625,LetabaExclosure,2020-12-07,2020-12-07 09:40:19.460,09:40:19,71.675675,25.90223438888889
909,114021.996,cam1-001-000909-0,7371961.916104711,341472.17376255087,390.46875,LetabaExclosure,2020-12-07,2020-12-07 09:40:21.996,09:40:21,71.672505,25.902959966666664
910,114023.331,cam1-001-000910-0,7371955.2478535175,341480.7272547139,390.7055969238281,LetabaExclosure,2020-12-07,2020-12-07 09:40:23.331,09:40:23,71.67083625,25.903341925
911,114025.333,cam1-001-000911-0,7371945.328926241,341493.4127861251,390.90240478515625,LetabaExclosure,2020-12-07,2020-12-07 09:40:25.333,09:40:25,71.66833375,25.903914719444444
912,114027.335,cam1-001-000912-0,7371935.199855482,341505.6327825295,391.00018310546875,LetabaExclosure,2020-12-07,2020-12-07 09:40:27.335,09:40:27,71.66583125,25.90448751388889
913,114030.004,cam1-001-000913-0,7371921.909742635,341522.6444016156,391.0582275390625,LetabaExclosure,2020-12-07,2020-12-07 09:40:30.004,09:40:30,71.662495,25.905251144444446
914,114031.339,cam1-001-000914-0,7371915.343674694,341531.215179459,391.11663818359375,LetabaExclosure,2020-12-07,2020-12-07 09:40:31.339,09:40:31,71.66082625,25.905633102777777
915,114033.341,cam1-001-000915-0,7371905.4800228765,341543.98546495393,391.03912353515625,LetabaExclosure,2020-12-07,2020-12-07 09:40:33.341,09:40:33,71.65832375000001,25.906205897222222
916,114035.343,cam1-001-000916-0,7371895.3649908155,341556.4078636153,390.9004821777344,LetabaExclosure,2020-12-07,2020-12-07 09:40:35.343,09:40:35,71.65582125000002,25.906778691666663
917,114038.012,cam1-001-000917-0,7371881.771154618,341573.4168919426,390.712646484375,LetabaExclosure,2020-12-07,2020-12-07 09:40:38.012,09:40:38,71.652485,25.907542322222223
918,114039.347,cam1-001-000918-0,7371875.12866241,341581.73178916867,390.5076904296875,LetabaExclosure,2020-12-07,2020-12-07 09:40:39.347,09:40:39,71.65081625,25.90792428055555
919,114041.349,cam1-001-000919-0,7371865.662182331,341594.27670170297,390.2329406738281,LetabaExclosure,2020-12-07,2020-12-07 09:40:41.349,09:40:41,71.64831375,25.908497075
920,114043.351,cam1-001-000920-0,7371855.864058628,341606.5816042364,389.8874816894531,LetabaExclosure,2020-12-07,2020-12-07 09:40:43.351,09:40:43,71.64581125000001,25.909069869444444
921,114046.02,cam1-001-000921-0,7371842.491872164,341623.3101279915,389.6795654296875,LetabaExclosure,2020-12-07,2020-12-07 09:40:46.020,09:40:46,71.64247499999999,25.9098335
922,114047.355,cam1-001-000922-0,7371835.8750344915,341631.6468145937,389.67138671875,LetabaExclosure,2020-12-07,2020-12-07 09:40:47.355,09:40:47,71.64080625000001,25.910215458333333
923,114049.357,cam1-001-000923-0,7371826.287918992,341644.0169687007,389.7012023925781,LetabaExclosure,2020-12-07,2020-12-07 09:40:49.357,09:40:49,71.63830374999999,25.910788252777778
924,114051.359,cam1-001-000924-0,7371816.563595796,341656.4281223231,389.7956237792969,LetabaExclosure,2020-12-07,2020-12-07 09:40:51.359,09:40:51,71.63580125,25.911361047222222
925,114054.028,cam1-001-000925-0,7371803.117323884,341673.41380341863,389.96112060546875,LetabaExclosure,2020-12-07,2020-12-07 09:40:54.028,09:40:54,71.632465,25.91212467777778
926,114055.363,cam1-001-000926-0,7371796.413871176,341681.92574178206,390.0411682128906,LetabaExclosure,2020-12-07,2020-12-07 09:40:55.363,09:40:55,71.63079625,25.91250663611111
927,114057.365,cam1-001-000927-0,7371786.595182468,341694.4562730704,390.1143493652344,LetabaExclosure,2020-12-07,2020-12-07 09:40:57.365,09:40:57,71.62829375,25.913079430555555
928,114059.367,cam1-001-000928-0,7371776.905451324,341706.924135739,390.2176513671875,LetabaExclosure,2020-12-07,2020-12-07 09:40:59.367,09:40:59,71.62579125,25.913652225
929,114061.502,cam1-001-000929-0,7371766.508004329,341720.5094042744,390.13751220703125,LetabaExclosure,2020-12-07,2020-12-07 09:41:01.502,09:41:01,71.62312250000001,25.91426307222222
930,114063.905,cam1-001-000930-0,7371754.673985913,341735.6073973689,390.0110778808594,LetabaExclosure,2020-12-07,2020-12-07 09:41:03.905,09:41:03,71.62011875,25.914950597222223
931,114065.373,cam1-001-000931-0,7371747.141162604,341745.06108786096,389.9775695800781,LetabaExclosure,2020-12-07,2020-12-07 09:41:05.373,09:41:05,71.61828374999999,25.915370608333333
932,114067.375,cam1-001-000932-0,7371737.128674561,341757.56314557785,389.8613586425781,LetabaExclosure,2020-12-07,2020-12-07 09:41:07.375,09:41:07,71.61578125,25.915943402777778
933,114069.377,cam1-001-000933-0,7371727.339915894,341769.95257218194,389.80096435546875,LetabaExclosure,2020-12-07,2020-12-07 09:41:09.377,09:41:09,71.61327875,25.91651619722222
934,114072.046,cam1-001-000934-0,7371714.447325859,341786.8308247776,389.91168212890625,LetabaExclosure,2020-12-07,2020-12-07 09:41:12.046,09:41:12,71.6099425,25.917279827777776
935,114073.381,cam1-001-000935-0,7371707.981703798,341795.2407020766,390.010009765625,LetabaExclosure,2020-12-07,2020-12-07 09:41:13.381,09:41:13,71.60827375000001,25.917661786111108
936,114075.383,cam1-001-000936-0,7371698.080341624,341807.78912429337,390.0741882324219,LetabaExclosure,2020-12-07,2020-12-07 09:41:15.383,09:41:15,71.60577125,25.918234580555556
937,114077.385,cam1-001-000937-0,7371688.18776415,341820.1371134309,389.9974365234375,LetabaExclosure,2020-12-07,2020-12-07 09:41:17.385,09:41:17,71.60326875000001,25.918807374999997
938,114080.054,cam1-001-000938-0,7371674.926693641,341837.0193241326,390.0146484375,LetabaExclosure,2020-12-07,2020-12-07 09:41:20.054,09:41:20,71.5999325,25.919571005555557
939,114081.389,cam1-001-000939-0,7371668.217287807,341845.5590326784,390.0500793457031,LetabaExclosure,2020-12-07,2020-12-07 09:41:21.389,09:41:21,71.59826375,25.919952963888885
940,114083.391,cam1-001-000940-0,7371658.21630181,341858.07105886686,390.0565185546875,LetabaExclosure,2020-12-07,2020-12-07 09:41:23.391,09:41:23,71.59576125,25.920525758333333
941,114085.393,cam1-001-000941-0,7371648.229114052,341870.5854971417,390.109375,LetabaExclosure,2020-12-07,2020-12-07 09:41:25.393,09:41:25,71.59325875,25.921098552777774
942,114087.528,cam1-001-000942-0,7371637.752505383,341884.1731100541,390.2588806152344,LetabaExclosure,2020-12-07,2020-12-07 09:41:27.528,09:41:27,71.59058999999999,25.9217094
943,114089.931,cam1-001-000943-0,7371625.844030924,341899.1931361216,390.3236999511719,LetabaExclosure,2020-12-07,2020-12-07 09:41:29.931,09:41:29,71.58758625,25.922396924999997
944,114091.399,cam1-001-000944-0,7371618.1999871265,341908.5721786551,390.33990478515625,LetabaExclosure,2020-12-07,2020-12-07 09:41:31.399,09:41:31,71.58575125,25.92281693611111
945,114093.401,cam1-001-000945-0,7371608.219273269,341920.9459902767,390.4569091796875,LetabaExclosure,2020-12-07,2020-12-07 09:41:33.401,09:41:33,71.58324875000001,25.923389730555556
946,114095.403,cam1-001-000946-0,7371598.620388973,341933.47938329173,390.6619873046875,LetabaExclosure,2020-12-07,2020-12-07 09:41:35.403,09:41:35,71.58074624999999,25.923962525
947,114098.072,cam1-001-000947-0,7371585.2945984965,341950.378149847,390.98773193359375,LetabaExclosure,2020-12-07,2020-12-07 09:41:38.072,09:41:38,71.57741,25.924726155555554
948,114099.407,cam1-001-000948-0,7371578.724759779,341958.6774200083,391.2152404785156,LetabaExclosure,2020-12-07,2020-12-07 09:41:39.407,09:41:39,71.57574125,25.92510811388889
949,114101.409,cam1-001-000949-0,7371568.099091421,341966.20403288666,390.85247802734375,LetabaExclosure,2020-12-07,2020-12-07 09:41:41.409,09:41:41,71.57323875,25.925680908333334
950,114103.411,cam1-001-000950-0,7371563.943874101,341964.72979879193,390.55712890625,LetabaExclosure,2020-12-07,2020-12-07 09:41:43.411,09:41:43,71.57073625000001,25.926253702777775
951,114106.213,cam1-001-000951-0,7371559.026039403,341956.6986207702,390.2744140625,LetabaExclosure,2020-12-07,2020-12-07 09:41:46.213,09:41:46,71.56723375,25.92705538611111
952,114107.415,cam1-001-000952-0,7371553.015488159,341950.0776428797,390.1834411621094,LetabaExclosure,2020-12-07,2020-12-07 09:41:47.415,09:41:47,71.56573125000001,25.927399291666664
953,114109.417,cam1-001-000953-0,7371541.624814512,341936.99395170424,389.8551330566406,LetabaExclosure,2020-12-07,2020-12-07 09:41:49.417,09:41:49,71.56322875000001,25.92797208611111
954,114111.419,cam1-001-000954-0,7371531.690264847,341923.8519751525,389.7761535644531,LetabaExclosure,2020-12-07,2020-12-07 09:41:51.419,09:41:51,71.56072625000002,25.928544880555553
955,114113.421,cam1-001-000955-0,7371521.986306453,341910.6966795487,389.7709045410156,LetabaExclosure,2020-12-07,2020-12-07 09:41:53.421,09:41:53,71.55822375,25.929117675
956,114115.956,cam1-001-000956-0,7371508.784400122,341894.8307612398,389.71490478515625,LetabaExclosure,2020-12-07,2020-12-07 09:41:55.956,09:41:55,71.555055,25.92984296666667
957,114117.424,cam1-001-000957-0,7371500.907574888,341885.0588032808,389.6791687011719,LetabaExclosure,2020-12-07,2020-12-07 09:41:57.424,09:41:57,71.55322000000001,25.930262977777776
958,114119.426,cam1-001-000958-0,7371500.285042118,341872.41563583876,389.1413879394531,LetabaExclosure,2020-12-07,2020-12-07 09:41:59.426,09:41:59,71.55071749999999,25.930835772222224
959,114123.43,cam1-001-000959-0,7371506.494625038,341865.94768750406,389.60174560546875,LetabaExclosure,2020-12-07,2020-12-07 09:42:03.430,09:42:03,71.54571250000001,25.93198136111111
960,114125.432,cam1-001-000960-0,7371514.554864209,341852.6783546088,389.60382080078125,LetabaExclosure,2020-12-07,2020-12-07 09:42:05.432,09:42:05,71.54321,25.932554155555554
961,114127.434,cam1-001-000961-0,7371525.501595734,341838.9681789592,389.282958984375,LetabaExclosure,2020-12-07,2020-12-07 09:42:07.434,09:42:07,71.54070750000001,25.93312695
962,114129.436,cam1-001-000962-0,7371535.993718024,341826.7195662414,389.1351013183594,LetabaExclosure,2020-12-07,2020-12-07 09:42:09.436,09:42:09,71.538205,25.933699744444443
963,114131.972,cam1-001-000963-0,7371548.595312419,341810.6621153701,388.9602355957031,LetabaExclosure,2020-12-07,2020-12-07 09:42:11.972,09:42:11,71.53503500000001,25.93442532222222
964,114133.44,cam1-001-000964-0,7371555.650242142,341801.62855499564,388.87445068359375,LetabaExclosure,2020-12-07,2020-12-07 09:42:13.440,09:42:13,71.5332,25.93484533333333
965,114135.442,cam1-001-000965-0,7371565.84605447,341788.6263189799,388.7814025878906,LetabaExclosure,2020-12-07,2020-12-07 09:42:15.442,09:42:15,71.5306975,25.935418127777776
966,114137.444,cam1-001-000966-0,7371575.681196695,341776.0667869508,388.6627502441406,LetabaExclosure,2020-12-07,2020-12-07 09:42:17.444,09:42:17,71.528195,25.93599092222222
967,114139.446,cam1-001-000967-0,7371585.492948592,341763.61867875676,388.6151123046875,LetabaExclosure,2020-12-07,2020-12-07 09:42:19.446,09:42:19,71.5256925,25.936563716666665
968,114141.982,cam1-001-000968-0,7371597.892995807,341747.511420934,388.54150390625,LetabaExclosure,2020-12-07,2020-12-07 09:42:21.982,09:42:21,71.5225225,25.937289294444444
969,114143.45,cam1-001-000969-0,7371604.921845405,341738.58644255775,388.5616455078125,LetabaExclosure,2020-12-07,2020-12-07 09:42:23.450,09:42:23,71.52068750000001,25.937709305555554
970,114145.452,cam1-001-000970-0,7371615.268901525,341725.5954636288,388.67523193359375,LetabaExclosure,2020-12-07,2020-12-07 09:42:25.452,09:42:25,71.518185,25.938282100000002
971,114147.454,cam1-001-000971-0,7371625.144915871,341713.0969728336,388.6463317871094,LetabaExclosure,2020-12-07,2020-12-07 09:42:27.454,09:42:27,71.51568250000001,25.938854894444443
972,114149.99,cam1-001-000972-0,7371637.798571757,341697.1233567386,388.5631103515625,LetabaExclosure,2020-12-07,2020-12-07 09:42:29.990,09:42:29,71.5125125,25.93958047222222
973,114151.458,cam1-001-000973-0,7371644.838105453,341688.0380182973,388.5037536621094,LetabaExclosure,2020-12-07,2020-12-07 09:42:31.458,09:42:31,71.5106775,25.940000483333332
974,114153.46,cam1-001-000974-0,7371655.074066432,341675.1256890283,388.55084228515625,LetabaExclosure,2020-12-07,2020-12-07 09:42:33.460,09:42:33,71.508175,25.94057327777778
975,114155.329,cam1-001-000975-0,7371664.157034053,341663.71261458076,388.6676330566406,LetabaExclosure,2020-12-07,2020-12-07 09:42:35.329,09:42:35,71.50583875000001,25.941108019444442
976,114157.464,cam1-001-000976-0,7371674.6966585545,341650.18364678154,389.009521484375,LetabaExclosure,2020-12-07,2020-12-07 09:42:37.464,09:42:37,71.50317,25.94171886666667
977,114160.0,cam1-001-000977-0,7371687.388175467,341634.0092253897,389.32012939453125,LetabaExclosure,2020-12-07,2020-12-07 09:42:40.000,09:42:40,71.5,25.942444444444444
978,114161.335,cam1-001-000978-0,7371694.152953594,341625.40676245507,389.3847961425781,LetabaExclosure,2020-12-07,2020-12-07 09:42:41.335,09:42:41,71.49833124999999,25.94282640277778
979,114163.337,cam1-001-000979-0,7371704.042517572,341612.8473125919,389.1940612792969,LetabaExclosure,2020-12-07,2020-12-07 09:42:43.337,09:42:43,71.49582875,25.94339919722222
980,114165.339,cam1-001-000980-0,7371713.943008266,341600.4108269975,388.9247741699219,LetabaExclosure,2020-12-07,2020-12-07 09:42:45.339,09:42:45,71.49332625,25.94397199166667
981,114168.008,cam1-001-000981-0,7371727.175288649,341583.58185688744,388.6011962890625,LetabaExclosure,2020-12-07,2020-12-07 09:42:48.008,09:42:48,71.48999,25.944735622222222
982,114169.343,cam1-001-000982-0,7371733.7170866635,341574.9906539268,388.5997314453125,LetabaExclosure,2020-12-07,2020-12-07 09:42:49.343,09:42:49,71.48832125000001,25.945117580555554
983,114171.345,cam1-001-000983-0,7371743.567220813,341562.48570960434,388.4941101074219,LetabaExclosure,2020-12-07,2020-12-07 09:42:51.345,09:42:51,71.48581875,25.945690374999998
984,114173.347,cam1-001-000984-0,7371753.492440042,341550.0660184528,388.34857177734375,LetabaExclosure,2020-12-07,2020-12-07 09:42:53.347,09:42:53,71.48331625000002,25.946263169444443
985,114175.482,cam1-001-000985-0,7371764.002340495,341536.5871840918,388.2176208496094,LetabaExclosure,2020-12-07,2020-12-07 09:42:55.482,09:42:55,71.4806475,25.946874016666666
986,114177.885,cam1-001-000986-0,7371775.797622673,341521.5282862194,388.21746826171875,LetabaExclosure,2020-12-07,2020-12-07 09:42:57.885,09:42:57,71.47764375000001,25.947561541666666
987,114179.353,cam1-001-000987-0,7371783.289896979,341511.95490307524,388.21807861328125,LetabaExclosure,2020-12-07,2020-12-07 09:42:59.353,09:42:59,71.47580875,25.947981552777776
988,114181.355,cam1-001-000988-0,7371793.222566973,341499.4907245338,388.27294921875,LetabaExclosure,2020-12-07,2020-12-07 09:43:01.355,09:43:01,71.47330625000001,25.94855434722222
989,114183.357,cam1-001-000989-0,7371803.122528998,341486.86330946814,388.32415771484375,LetabaExclosure,2020-12-07,2020-12-07 09:43:03.357,09:43:03,71.47080375,25.94912714166667
990,114186.026,cam1-001-000990-0,7371816.527390946,341469.65992883407,388.4411315917969,LetabaExclosure,2020-12-07,2020-12-07 09:43:06.026,09:43:06,71.4674675,25.949890772222222
991,114187.361,cam1-001-000991-0,7371823.255319091,341461.22396934935,388.5802307128906,LetabaExclosure,2020-12-07,2020-12-07 09:43:07.361,09:43:07,71.46579874999999,25.950272730555557
992,114189.363,cam1-001-000992-0,7371833.237492666,341448.721884427,388.6260681152344,LetabaExclosure,2020-12-07,2020-12-07 09:43:09.363,09:43:09,71.46329625,25.950845525
993,114191.365,cam1-001-000993-0,7371842.9987372495,341436.1834145842,388.6626892089844,LetabaExclosure,2020-12-07,2020-12-07 09:43:11.365,09:43:11,71.46079375,25.951418319444446
994,114194.034,cam1-001-000994-0,7371856.105262836,341419.0655479887,388.655029296875,LetabaExclosure,2020-12-07,2020-12-07 09:43:14.034,09:43:14,71.4574575,25.95218195
995,114195.369,cam1-001-000995-0,7371862.803457482,341410.6653485758,388.5774230957031,LetabaExclosure,2020-12-07,2020-12-07 09:43:15.369,09:43:15,71.45578875,25.952563908333335
996,114197.371,cam1-001-000996-0,7371872.623447889,341398.3182880605,388.5471496582031,LetabaExclosure,2020-12-07,2020-12-07 09:43:17.371,09:43:17,71.45328625,25.953136702777776
997,114199.373,cam1-001-000997-0,7371882.417412826,341385.8717041467,388.58868408203125,LetabaExclosure,2020-12-07,2020-12-07 09:43:19.373,09:43:19,71.45078375,25.953709497222224
998,114201.508,cam1-001-000998-0,7371893.00464203,341372.4570907094,388.6437072753906,LetabaExclosure,2020-12-07,2020-12-07 09:43:21.508,09:43:21,71.448115,25.954320344444444
999,114203.91,cam1-001-000999-0,7371904.738062417,341357.6163180034,388.6692199707031,LetabaExclosure,2020-12-07,2020-12-07 09:43:23.910,09:43:23,71.4451125,25.955007583333334
1000,114205.379,cam1-001-001000-0,7371912.148525968,341348.2142526144,388.7426452636719,LetabaExclosure,2020-12-07,2020-12-07 09:43:25.379,09:43:25,71.44327625,25.955427880555554
1001,114207.381,cam1-001-001001-0,7371921.871489827,341335.73231644457,388.8458251953125,LetabaExclosure,2020-12-07,2020-12-07 09:43:27.381,09:43:27,71.44077375,25.956000675
1002,114209.383,cam1-001-001002-0,7371931.8816966545,341323.4413089303,388.8851623535156,LetabaExclosure,2020-12-07,2020-12-07 09:43:29.383,09:43:29,71.43827125,25.956573469444443
1003,114212.052,cam1-001-001003-0,7371945.216847125,341306.4572102826,388.91632080078125,LetabaExclosure,2020-12-07,2020-12-07 09:43:32.052,09:43:32,71.43493500000001,25.957337099999997
1004,114213.386,cam1-001-001004-0,7371951.693694878,341297.87110060186,388.7680358886719,LetabaExclosure,2020-12-07,2020-12-07 09:43:33.386,09:43:33,71.4332675,25.957718772222222
1005,114215.388,cam1-001-001005-0,7371961.550718423,341285.27760390576,388.674072265625,LetabaExclosure,2020-12-07,2020-12-07 09:43:35.388,09:43:35,71.430765,25.958291566666666
1006,114217.39,cam1-001-001006-0,7371971.388277553,341272.79554811644,388.787353515625,LetabaExclosure,2020-12-07,2020-12-07 09:43:37.390,09:43:37,71.4282625,25.95886436111111
1007,114220.06,cam1-001-001007-0,7371984.640547292,341256.0592367413,388.97332763671875,LetabaExclosure,2020-12-07,2020-12-07 09:43:40.060,09:43:40,71.424925,25.959628277777774
1008,114221.394,cam1-001-001008-0,7371991.428947004,341247.788093759,388.9861145019531,LetabaExclosure,2020-12-07,2020-12-07 09:43:41.394,09:43:41,71.4232575,25.96000995
1009,114223.396,cam1-001-001009-0,7372001.238756031,341235.40429362457,389.208984375,LetabaExclosure,2020-12-07,2020-12-07 09:43:43.396,09:43:43,71.42075500000001,25.96058274444444
1010,114225.398,cam1-001-001010-0,7372010.841285051,341222.8470683198,389.4474182128906,LetabaExclosure,2020-12-07,2020-12-07 09:43:45.398,09:43:45,71.4182525,25.96115553888889
1011,114227.534,cam1-001-001011-0,7372021.568222258,341209.15150127944,389.7364196777344,LetabaExclosure,2020-12-07,2020-12-07 09:43:47.534,09:43:47,71.4155825,25.961766672222222
1012,114229.936,cam1-001-001012-0,7372033.497339874,341194.047455961,389.6878967285156,LetabaExclosure,2020-12-07,2020-12-07 09:43:49.936,09:43:49,71.41258,25.962453911111112
1013,114231.404,cam1-001-001013-0,7372040.936230907,341184.6859504737,389.5216369628906,LetabaExclosure,2020-12-07,2020-12-07 09:43:51.404,09:43:51,71.410745,25.96287392222222
1014,114233.406,cam1-001-001014-0,7372050.78684601,341172.22697876144,389.267578125,LetabaExclosure,2020-12-07,2020-12-07 09:43:53.406,09:43:53,71.4082425,25.963446716666667
1015,114235.408,cam1-001-001015-0,7372060.685129959,341159.616876681,388.88250732421875,LetabaExclosure,2020-12-07,2020-12-07 09:43:55.408,09:43:55,71.40574000000001,25.964019511111108
1016,114238.078,cam1-001-001016-0,7372074.019031118,341142.3855145304,388.49658203125,LetabaExclosure,2020-12-07,2020-12-07 09:43:58.078,09:43:58,71.40240250000001,25.964783427777775
1017,114239.412,cam1-001-001017-0,7372080.618770061,341133.8176944369,388.4272766113281,LetabaExclosure,2020-12-07,2020-12-07 09:43:59.412,09:43:59,71.40073500000001,25.965165099999997
1018,114241.414,cam1-001-001018-0,7372090.715835178,341121.30873652606,388.5705261230469,LetabaExclosure,2020-12-07,2020-12-07 09:44:01.414,09:44:01,71.39823249999999,25.965737894444445
1019,114243.416,cam1-001-001019-0,7372100.581463129,341108.85217505204,388.7209167480469,LetabaExclosure,2020-12-07,2020-12-07 09:44:03.416,09:44:03,71.39573,25.96631068888889
1020,114245.552,cam1-001-001020-0,7372111.083762161,341095.43098691944,388.6722106933594,LetabaExclosure,2020-12-07,2020-12-07 09:44:05.552,09:44:05,71.39306,25.96692182222222
1021,114247.954,cam1-001-001021-0,7372122.749795998,341080.56595158763,388.6918029785156,LetabaExclosure,2020-12-07,2020-12-07 09:44:07.954,09:44:07,71.39005750000001,25.96760906111111
1022,114249.422,cam1-001-001022-0,7372130.301142152,341071.2297394902,388.9082946777344,LetabaExclosure,2020-12-07,2020-12-07 09:44:09.422,09:44:09,71.3882225,25.968029072222222
1023,114251.424,cam1-001-001023-0,7372140.041055956,341058.7186891872,389.2420349121094,LetabaExclosure,2020-12-07,2020-12-07 09:44:11.424,09:44:11,71.38572,25.968601866666667
1024,114253.426,cam1-001-001024-0,7372149.779926225,341046.2245012091,389.4957580566406,LetabaExclosure,2020-12-07,2020-12-07 09:44:13.426,09:44:13,71.3832175,25.96917466111111
1025,114255.962,cam1-001-001025-0,7372162.341265241,341030.36263379274,389.5650634765625,LetabaExclosure,2020-12-07,2020-12-07 09:44:15.962,09:44:15,71.3800475,25.969900238888886
1026,114257.43,cam1-001-001026-0,7372169.830664303,341020.8998887152,389.5522155761719,LetabaExclosure,2020-12-07,2020-12-07 09:44:17.430,09:44:17,71.37821250000002,25.970320249999997
1027,114259.432,cam1-001-001027-0,7372179.663268125,341008.3779279434,389.47601318359375,LetabaExclosure,2020-12-07,2020-12-07 09:44:19.432,09:44:19,71.37571,25.970893044444445
1028,114261.434,cam1-001-001028-0,7372189.557930383,340996.03937990766,389.3931579589844,LetabaExclosure,2020-12-07,2020-12-07 09:44:21.434,09:44:21,71.3732075,25.971465838888886
1029,114263.436,cam1-001-001029-0,7372199.411381314,340983.5790963442,389.28240966796875,LetabaExclosure,2020-12-07,2020-12-07 09:44:23.436,09:44:23,71.370705,25.972038633333334
1030,114265.972,cam1-001-001030-0,7372212.049417527,340967.6686533524,389.3439025878906,LetabaExclosure,2020-12-07,2020-12-07 09:44:25.972,09:44:25,71.367535,25.97276421111111
1031,114267.44,cam1-001-001031-0,7372219.641901407,340958.0388193319,389.2391662597656,LetabaExclosure,2020-12-07,2020-12-07 09:44:27.440,09:44:27,71.3657,25.973184222222223
1032,114269.442,cam1-001-001032-0,7372229.37263995,340945.7081911464,389.0614318847656,LetabaExclosure,2020-12-07,2020-12-07 09:44:29.442,09:44:29,71.36319750000001,25.973757016666664
1033,114271.444,cam1-001-001033-0,7372239.233943345,340933.28701453056,389.0284729003906,LetabaExclosure,2020-12-07,2020-12-07 09:44:31.444,09:44:31,71.36069499999999,25.97432981111111
1034,114273.98,cam1-001-001034-0,7372251.584121598,340916.9042234143,389.02325439453125,LetabaExclosure,2020-12-07,2020-12-07 09:44:33.980,09:44:33,71.35752500000001,25.975055388888887
1035,114275.448,cam1-001-001035-0,7372258.945003977,340907.27969393163,388.93902587890625,LetabaExclosure,2020-12-07,2020-12-07 09:44:35.448,09:44:35,71.35569,25.9754754
1036,114277.45,cam1-001-001036-0,7372268.791139752,340894.8383990972,388.89093017578125,LetabaExclosure,2020-12-07,2020-12-07 09:44:37.450,09:44:37,71.3531875,25.97604819444444
1037,114279.452,cam1-001-001037-0,7372278.79836862,340882.2334678583,388.7944030761719,LetabaExclosure,2020-12-07,2020-12-07 09:44:39.452,09:44:39,71.350685,25.97662098888889
1038,114281.454,cam1-001-001038-0,7372288.667169934,340869.7223822605,388.900146484375,LetabaExclosure,2020-12-07,2020-12-07 09:44:41.454,09:44:41,71.34818250000001,25.97719378333333
1039,114283.99,cam1-001-001039-0,7372301.311373418,340853.70515219064,389.0381774902344,LetabaExclosure,2020-12-07,2020-12-07 09:44:43.990,09:44:43,71.3450125,25.977919361111113
1040,114285.458,cam1-001-001040-0,7372308.772128471,340844.11473844765,389.2411193847656,LetabaExclosure,2020-12-07,2020-12-07 09:44:45.458,09:44:45,71.34317750000001,25.97833937222222
1041,114287.46,cam1-001-001041-0,7372317.347748749,340833.39697465836,389.2352600097656,LetabaExclosure,2020-12-07,2020-12-07 09:44:47.460,09:44:47,71.34067499999999,25.978912166666667
1042,114289.462,cam1-001-001042-0,7372319.883187038,340830.0650023181,389.3840637207031,LetabaExclosure,2020-12-07,2020-12-07 09:44:49.462,09:44:49,71.3381725,25.979484961111112
1043,114291.998,cam1-001-001043-0,7372313.580104187,340827.08981238515,389.6703796386719,LetabaExclosure,2020-12-07,2020-12-07 09:44:51.998,09:44:51,71.33500249999999,25.98021053888889
1044,114293.466,cam1-001-001044-0,7372304.332292454,340819.1303863225,389.4609375,LetabaExclosure,2020-12-07,2020-12-07 09:44:53.466,09:44:53,71.3331675,25.98063055
1045,114295.335,cam1-001-001045-0,7372292.564389631,340807.22926234826,389.3948974609375,LetabaExclosure,2020-12-07,2020-12-07 09:44:55.335,09:44:55,71.33083124999999,25.981165291666667
1046,114297.337,cam1-001-001046-0,7372280.352819421,340794.94033405685,389.705810546875,LetabaExclosure,2020-12-07,2020-12-07 09:44:57.337,09:44:57,71.32832875,25.98173808611111
1047,114299.339,cam1-001-001047-0,7372267.456390416,340783.5938018812,389.9091796875,LetabaExclosure,2020-12-07,2020-12-07 09:44:59.339,09:44:59,71.32582624999999,25.982310880555556
1048,114302.008,cam1-001-001048-0,7372251.755243788,340769.24683291896,390.17645263671875,LetabaExclosure,2020-12-07,2020-12-07 09:45:02.008,09:45:02,71.32249,25.98307451111111
1049,114303.343,cam1-001-001049-0,7372243.332597356,340762.0641811951,390.4485778808594,LetabaExclosure,2020-12-07,2020-12-07 09:45:03.343,09:45:03,71.32082125000001,25.98345646944444
1050,114305.345,cam1-001-001050-0,7372231.134679098,340760.62510078197,390.19146728515625,LetabaExclosure,2020-12-07,2020-12-07 09:45:05.345,09:45:05,71.31831875,25.98402926388889
1051,114309.615,cam1-001-001051-0,7372225.554137658,340767.19409756444,390.09783935546875,LetabaExclosure,2020-12-07,2020-12-07 09:45:09.615,09:45:09,71.31298124999999,25.985250958333335
1052,114311.35,cam1-001-001052-0,7372216.550948309,340777.82807607105,389.851318359375,LetabaExclosure,2020-12-07,2020-12-07 09:45:11.350,09:45:11,71.3108125,25.985747361111112
1053,114313.352,cam1-001-001053-0,7372205.293567761,340791.4737185717,390.06793212890625,LetabaExclosure,2020-12-07,2020-12-07 09:45:13.352,09:45:13,71.30831,25.986320155555553
1054,114315.354,cam1-001-001054-0,7372194.557565264,340804.7382703374,390.204833984375,LetabaExclosure,2020-12-07,2020-12-07 09:45:15.354,09:45:15,71.3058075,25.98689295
1055,114318.024,cam1-001-001055-0,7372180.728963149,340821.9066197978,390.3045349121094,LetabaExclosure,2020-12-07,2020-12-07 09:45:18.024,09:45:18,71.30247,25.98765686666667
1056,114319.358,cam1-001-001056-0,7372174.085118577,340830.34989861725,390.4491882324219,LetabaExclosure,2020-12-07,2020-12-07 09:45:19.358,09:45:19,71.30080250000002,25.988038538888887
1057,114321.36,cam1-001-001057-0,7372164.376849946,340842.99921906856,390.4457702636719,LetabaExclosure,2020-12-07,2020-12-07 09:45:21.360,09:45:21,71.2983,25.98861133333333
1058,114323.362,cam1-001-001058-0,7372154.882538103,340855.6119876624,390.47027587890625,LetabaExclosure,2020-12-07,2020-12-07 09:45:23.362,09:45:23,71.2957975,25.989184127777776
1059,114325.498,cam1-001-001059-0,7372144.693048998,340869.30312794924,390.312255859375,LetabaExclosure,2020-12-07,2020-12-07 09:45:25.498,09:45:25,71.2931275,25.989795261111112
1060,114327.9,cam1-001-001060-0,7372133.03047129,340884.32190050883,390.0986022949219,LetabaExclosure,2020-12-07,2020-12-07 09:45:27.900,09:45:27,71.290125,25.9904825
1061,114329.368,cam1-001-001061-0,7372125.665338999,340894.08279105177,389.8647155761719,LetabaExclosure,2020-12-07,2020-12-07 09:45:29.368,09:45:29,71.28829,25.99090251111111
1062,114331.37,cam1-001-001062-0,7372115.9403123185,340906.52756417124,389.657470703125,LetabaExclosure,2020-12-07,2020-12-07 09:45:31.370,09:45:31,71.28578750000001,25.991475305555554
1063,114333.372,cam1-001-001063-0,7372106.146095807,340918.97933932045,389.5870666503906,LetabaExclosure,2020-12-07,2020-12-07 09:45:33.372,09:45:33,71.28328499999999,25.9920481
1064,114336.042,cam1-001-001064-0,7372092.967100613,340935.88130921137,389.5111083984375,LetabaExclosure,2020-12-07,2020-12-07 09:45:36.042,09:45:36,71.2799475,25.992812016666665
1065,114337.376,cam1-001-001065-0,7372086.363963829,340944.36871173495,389.45220947265625,LetabaExclosure,2020-12-07,2020-12-07 09:45:37.376,09:45:37,71.27828,25.99319368888889
1066,114339.378,cam1-001-001066-0,7372076.565625165,340956.9216120343,389.48358154296875,LetabaExclosure,2020-12-07,2020-12-07 09:45:39.378,09:45:39,71.2757775,25.99376648333333
1067,114341.38,cam1-001-001067-0,7372067.016722964,340969.28056257777,389.4752502441406,LetabaExclosure,2020-12-07,2020-12-07 09:45:41.380,09:45:41,71.273275,25.99433927777778
1068,114343.516,cam1-001-001068-0,7372056.279196681,340982.7788080659,389.4787292480469,LetabaExclosure,2020-12-07,2020-12-07 09:45:43.516,09:45:43,71.270605,25.994950411111112
1069,114345.918,cam1-001-001069-0,7372044.199948192,340998.2064979742,389.568603515625,LetabaExclosure,2020-12-07,2020-12-07 09:45:45.918,09:45:45,71.2676025,25.99563765
1070,114347.386,cam1-001-001070-0,7372037.326189024,341007.1016299821,389.6243591308594,LetabaExclosure,2020-12-07,2020-12-07 09:45:47.386,09:45:47,71.26576750000001,25.99605766111111
1071,114349.388,cam1-001-001071-0,7372027.699630083,341019.5701558066,389.67950439453125,LetabaExclosure,2020-12-07,2020-12-07 09:45:49.388,09:45:49,71.26326499999999,25.996630455555557
1072,114351.39,cam1-001-001072-0,7372017.5354450205,341032.45835365175,389.7297668457031,LetabaExclosure,2020-12-07,2020-12-07 09:45:51.390,09:45:51,71.2607625,25.99720325
1073,114354.06,cam1-001-001073-0,7372004.486647287,341048.7399557567,389.7749938964844,LetabaExclosure,2020-12-07,2020-12-07 09:45:54.060,09:45:54,71.25742500000001,25.997967166666665
1074,114355.394,cam1-001-001074-0,7371997.9504303355,341057.2233741154,389.7772216796875,LetabaExclosure,2020-12-07,2020-12-07 09:45:55.394,09:45:55,71.2557575,25.998348838888887
1075,114357.396,cam1-001-001075-0,7371988.087374246,341069.78823041107,389.7351989746094,LetabaExclosure,2020-12-07,2020-12-07 09:45:57.396,09:45:57,71.25325500000001,25.99892163333333
1076,114359.398,cam1-001-001076-0,7371978.192838166,341082.35507551127,389.6258239746094,LetabaExclosure,2020-12-07,2020-12-07 09:45:59.398,09:45:59,71.2507525,25.999494427777776
1077,114361.534,cam1-001-001077-0,7371967.472867494,341096.0293487918,389.5830993652344,LetabaExclosure,2020-12-07,2020-12-07 09:46:01.534,09:46:01,71.24808250000001,26.00010556111111
1078,114363.936,cam1-001-001078-0,7371954.882762254,341111.55514616886,389.568359375,LetabaExclosure,2020-12-07,2020-12-07 09:46:03.936,09:46:03,71.24508,26.0007928
1079,114365.404,cam1-001-001079-0,7371947.971706843,341120.42570452054,389.5224304199219,LetabaExclosure,2020-12-07,2020-12-07 09:46:05.404,09:46:05,71.243245,26.00121281111111
1080,114367.406,cam1-001-001080-0,7371938.285647747,341132.91030769644,389.49700927734375,LetabaExclosure,2020-12-07,2020-12-07 09:46:07.406,09:46:07,71.2407425,26.001785605555554
1081,114369.408,cam1-001-001081-0,7371928.173238102,341145.72647986945,389.5278625488281,LetabaExclosure,2020-12-07,2020-12-07 09:46:09.408,09:46:09,71.23824,26.0023584
1082,114371.944,cam1-001-001082-0,7371916.076394488,341160.87461378553,389.65740966796875,LetabaExclosure,2020-12-07,2020-12-07 09:46:11.944,09:46:11,71.23507,26.003083977777777
1083,114373.412,cam1-001-001083-0,7371908.913186889,341170.26807951793,389.7090759277344,LetabaExclosure,2020-12-07,2020-12-07 09:46:13.412,09:46:13,71.23323500000001,26.003503988888887
1084,114375.414,cam1-001-001084-0,7371899.291835544,341182.6072379602,389.64984130859375,LetabaExclosure,2020-12-07,2020-12-07 09:46:15.414,09:46:15,71.2307325,26.004076783333332
1085,114377.416,cam1-001-001085-0,7371889.600338971,341194.6297440615,389.4917297363281,LetabaExclosure,2020-12-07,2020-12-07 09:46:17.416,09:46:17,71.22823000000001,26.004649577777776
1086,114379.952,cam1-001-001086-0,7371877.302175416,341210.4600130693,389.4454040527344,LetabaExclosure,2020-12-07,2020-12-07 09:46:19.952,09:46:19,71.22506,26.005375155555555
1087,114381.42,cam1-001-001087-0,7371869.887762971,341219.85785020835,389.5169982910156,LetabaExclosure,2020-12-07,2020-12-07 09:46:21.420,09:46:21,71.223225,26.005795166666665
1088,114383.422,cam1-001-001088-0,7371859.931906754,341232.32500655134,389.67822265625,LetabaExclosure,2020-12-07,2020-12-07 09:46:23.422,09:46:23,71.2207225,26.006367961111113
1089,114385.424,cam1-001-001089-0,7371850.221222416,341244.7088972187,389.91375732421875,LetabaExclosure,2020-12-07,2020-12-07 09:46:25.424,09:46:25,71.21822,26.006940755555554
1090,114387.56,cam1-001-001090-0,7371839.734622352,341258.14074490016,390.2919006347656,LetabaExclosure,2020-12-07,2020-12-07 09:46:27.560,09:46:27,71.21555000000001,26.007551888888887
1091,114389.962,cam1-001-001091-0,7371827.813105156,341273.2771067065,390.6646728515625,LetabaExclosure,2020-12-07,2020-12-07 09:46:29.962,09:46:29,71.2125475,26.008239127777777
1092,114391.43,cam1-001-001092-0,7371820.286138897,341282.86165196035,390.8668518066406,LetabaExclosure,2020-12-07,2020-12-07 09:46:31.430,09:46:31,71.21071250000001,26.008659138888888
1093,114393.432,cam1-001-001093-0,7371810.122733641,341295.5034585366,391.0608825683594,LetabaExclosure,2020-12-07,2020-12-07 09:46:33.432,09:46:33,71.20821000000001,26.009231933333332
1094,114395.434,cam1-001-001094-0,7371800.426567945,341308.015784022,390.9380187988281,LetabaExclosure,2020-12-07,2020-12-07 09:46:35.434,09:46:35,71.20570750000002,26.009804727777777
1095,114397.97,cam1-001-001095-0,7371788.043382632,341323.9203069672,390.5595397949219,LetabaExclosure,2020-12-07,2020-12-07 09:46:37.970,09:46:37,71.2025375,26.010530305555555
1096,114399.438,cam1-001-001096-0,7371780.741907264,341333.2237312804,390.2464294433594,LetabaExclosure,2020-12-07,2020-12-07 09:46:39.438,09:46:39,71.2007025,26.010950316666666
1097,114401.44,cam1-001-001097-0,7371771.00982616,341345.4637391494,389.9749450683594,LetabaExclosure,2020-12-07,2020-12-07 09:46:41.440,09:46:41,71.1982,26.01152311111111
1098,114403.442,cam1-001-001098-0,7371761.2718186695,341357.77384202933,389.8726806640625,LetabaExclosure,2020-12-07,2020-12-07 09:46:43.442,09:46:43,71.19569750000001,26.012095905555555
1099,114405.577,cam1-001-001099-0,7371750.697626481,341371.1675440116,389.6478271484375,LetabaExclosure,2020-12-07,2020-12-07 09:46:45.577,09:46:45,71.19302875,26.012706752777778
1100,114407.98,cam1-001-001100-0,7371738.447988812,341386.43498158886,389.55474853515625,LetabaExclosure,2020-12-07,2020-12-07 09:46:47.980,09:46:47,71.190025,26.013394277777774
1101,114409.448,cam1-001-001101-0,7371731.426830977,341395.3672393062,389.5037536621094,LetabaExclosure,2020-12-07,2020-12-07 09:46:49.448,09:46:49,71.18818999999999,26.013814288888888
1102,114411.45,cam1-001-001102-0,7371721.676968823,341407.9006718651,389.5291442871094,LetabaExclosure,2020-12-07,2020-12-07 09:46:51.450,09:46:51,71.1856875,26.014387083333332
1103,114413.452,cam1-001-001103-0,7371712.015330194,341420.50911055773,389.68243408203125,LetabaExclosure,2020-12-07,2020-12-07 09:46:53.452,09:46:53,71.183185,26.014959877777777
1104,114415.988,cam1-001-001104-0,7371699.368354639,341436.7079428277,389.7648010253906,LetabaExclosure,2020-12-07,2020-12-07 09:46:55.988,09:46:55,71.18001500000001,26.015685455555555
1105,114417.456,cam1-001-001105-0,7371691.889048371,341446.0671112969,389.765869140625,LetabaExclosure,2020-12-07,2020-12-07 09:46:57.456,09:46:57,71.17818,26.016105466666666
1106,114419.458,cam1-001-001106-0,7371682.0801519165,341458.60030788253,389.7576599121094,LetabaExclosure,2020-12-07,2020-12-07 09:46:59.458,09:46:59,71.1756775,26.01667826111111
1107,114421.46,cam1-001-001107-0,7371672.245072663,341470.90261677094,389.7943420410156,LetabaExclosure,2020-12-07,2020-12-07 09:47:01.460,09:47:01,71.173175,26.017251055555555
1108,114423.462,cam1-001-001108-0,7371662.140724223,341483.8601079008,389.8622741699219,LetabaExclosure,2020-12-07,2020-12-07 09:47:03.462,09:47:03,71.17067250000001,26.01782385
1109,114425.998,cam1-001-001109-0,7371649.774596548,341499.8736510492,389.9205322265625,LetabaExclosure,2020-12-07,2020-12-07 09:47:05.998,09:47:05,71.1675025,26.018549427777778
1110,114427.466,cam1-001-001110-0,7371642.71519902,341508.7529356596,389.84423828125,LetabaExclosure,2020-12-07,2020-12-07 09:47:07.466,09:47:07,71.1656675,26.018969438888888
1111,114429.468,cam1-001-001111-0,7371632.698380962,341521.1612284726,389.8647155761719,LetabaExclosure,2020-12-07,2020-12-07 09:47:09.468,09:47:09,71.163165,26.01954223333333
1112,114431.47,cam1-001-001112-0,7371622.798322433,341533.75900053175,389.9670715332031,LetabaExclosure,2020-12-07,2020-12-07 09:47:11.470,09:47:11,71.1606625,26.020115027777777
1113,114434.006,cam1-001-001113-0,7371610.161592209,341549.83073890256,390.0935363769531,LetabaExclosure,2020-12-07,2020-12-07 09:47:14.006,09:47:14,71.1574925,26.020840605555552
1114,114435.34,cam1-001-001114-0,7371603.550612466,341558.2353510405,390.2572021484375,LetabaExclosure,2020-12-07,2020-12-07 09:47:15.340,09:47:15,71.15582500000001,26.021222277777774
1115,114437.342,cam1-001-001115-0,7371593.62897589,341570.869396197,390.4384460449219,LetabaExclosure,2020-12-07,2020-12-07 09:47:17.342,09:47:17,71.1533225,26.021795072222222
1116,114439.344,cam1-001-001116-0,7371583.474020717,341583.9911430831,390.5399169921875,LetabaExclosure,2020-12-07,2020-12-07 09:47:19.344,09:47:19,71.15082000000001,26.022367866666666
1117,114441.48,cam1-001-001117-0,7371573.220901588,341597.39491581544,390.5224609375,LetabaExclosure,2020-12-07,2020-12-07 09:47:21.480,09:47:21,71.14815,26.022979
1118,114443.882,cam1-001-001118-0,7371561.381306883,341612.3231314572,390.3807067871094,LetabaExclosure,2020-12-07,2020-12-07 09:47:23.882,09:47:23,71.14514750000001,26.023666238888886
1119,114445.35,cam1-001-001119-0,7371554.40019875,341621.2001554378,390.2817077636719,LetabaExclosure,2020-12-07,2020-12-07 09:47:25.350,09:47:25,71.1433125,26.02408625
1120,114447.352,cam1-001-001120-0,7371544.349470513,341634.14228551986,390.1357116699219,LetabaExclosure,2020-12-07,2020-12-07 09:47:27.352,09:47:27,71.14081,26.024659044444444
1121,114449.354,cam1-001-001121-0,7371534.45078598,341646.45454377984,389.95184326171875,LetabaExclosure,2020-12-07,2020-12-07 09:47:29.354,09:47:29,71.1383075,26.02523183888889
1122,114452.024,cam1-001-001122-0,7371521.349818075,341662.85522875946,389.777099609375,LetabaExclosure,2020-12-07,2020-12-07 09:47:32.024,09:47:32,71.13497,26.025995755555556
1123,114453.358,cam1-001-001123-0,7371514.855732469,341671.2624684712,389.6643981933594,LetabaExclosure,2020-12-07,2020-12-07 09:47:33.358,09:47:33,71.13330250000001,26.026377427777774
1124,114455.36,cam1-001-001124-0,7371504.821516769,341683.9102123044,389.6050109863281,LetabaExclosure,2020-12-07,2020-12-07 09:47:35.360,09:47:35,71.13080000000001,26.026950222222222
1125,114457.362,cam1-001-001125-0,7371495.045270613,341696.3359581238,389.51507568359375,LetabaExclosure,2020-12-07,2020-12-07 09:47:37.362,09:47:37,71.12829750000002,26.027523016666663
1126,114460.032,cam1-001-001126-0,7371481.98510537,341712.958760221,389.4189758300781,LetabaExclosure,2020-12-07,2020-12-07 09:47:40.032,09:47:40,71.12495999999999,26.028286933333334
1127,114461.366,cam1-001-001127-0,7371475.38055126,341721.46592545183,389.4507751464844,LetabaExclosure,2020-12-07,2020-12-07 09:47:41.366,09:47:41,71.1232925,26.028668605555552
1128,114463.368,cam1-001-001128-0,7371465.547354598,341733.92214227025,389.55523681640625,LetabaExclosure,2020-12-07,2020-12-07 09:47:43.368,09:47:43,71.12079,26.0292414
1129,114465.37,cam1-001-001129-0,7371455.351644139,341746.8960894046,389.7236633300781,LetabaExclosure,2020-12-07,2020-12-07 09:47:45.370,09:47:45,71.11828750000001,26.02981419444444
1130,114467.506,cam1-001-001130-0,7371444.872449845,341760.32902872784,389.77423095703125,LetabaExclosure,2020-12-07,2020-12-07 09:47:47.506,09:47:47,71.11561750000001,26.030425327777774
1131,114469.908,cam1-001-001131-0,7371432.799338596,341774.65010909096,389.8168029785156,LetabaExclosure,2020-12-07,2020-12-07 09:47:49.908,09:47:49,71.112615,26.031112566666664
1132,114471.376,cam1-001-001132-0,7371425.289804209,341779.137280053,389.8088073730469,LetabaExclosure,2020-12-07,2020-12-07 09:47:51.376,09:47:51,71.11077999999999,26.031532577777778
1133,114473.378,cam1-001-001133-0,7371420.937332934,341777.9309976335,389.666015625,LetabaExclosure,2020-12-07,2020-12-07 09:47:53.378,09:47:53,71.1082775,26.03210537222222
1134,114476.314,cam1-001-001134-0,7371415.337326942,341769.3306844779,389.7234191894531,LetabaExclosure,2020-12-07,2020-12-07 09:47:56.314,09:47:56,71.1046075,26.032945394444443
1135,114477.382,cam1-001-001135-0,7371409.964529106,341763.3995666965,389.6791076660156,LetabaExclosure,2020-12-07,2020-12-07 09:47:57.382,09:47:57,71.1032725,26.033250961111108
1136,114479.384,cam1-001-001136-0,7371399.251283413,341749.857480692,389.5479431152344,LetabaExclosure,2020-12-07,2020-12-07 09:47:59.384,09:47:59,71.10077,26.033823755555556
1137,114481.386,cam1-001-001137-0,7371389.730469243,341736.2938509636,389.1619567871094,LetabaExclosure,2020-12-07,2020-12-07 09:48:01.386,09:48:01,71.0982675,26.03439655
1138,114483.388,cam1-001-001138-0,7371379.666850489,341722.70773713756,388.9103698730469,LetabaExclosure,2020-12-07,2020-12-07 09:48:03.388,09:48:03,71.095765,26.034969344444445
1139,114486.057,cam1-001-001139-0,7371366.6719140615,341705.7204340893,388.7387390136719,LetabaExclosure,2020-12-07,2020-12-07 09:48:06.057,09:48:06,71.09242875,26.035732975
1140,114487.392,cam1-001-001140-0,7371359.8025325565,341696.7464579069,388.990234375,LetabaExclosure,2020-12-07,2020-12-07 09:48:07.392,09:48:07,71.09075999999999,26.036114933333334
1141,114489.394,cam1-001-001141-0,7371358.853015327,341683.6600982504,389.0072326660156,LetabaExclosure,2020-12-07,2020-12-07 09:48:09.394,09:48:09,71.0882575,26.036687727777778
1142,114493.398,cam1-001-001142-0,7371364.918825259,341676.7061931407,389.8055725097656,LetabaExclosure,2020-12-07,2020-12-07 09:48:13.398,09:48:13,71.0832525,26.037833316666667
1143,114495.4,cam1-001-001143-0,7371373.258851454,341663.5541163322,390.03851318359375,LetabaExclosure,2020-12-07,2020-12-07 09:48:15.400,09:48:15,71.08075000000001,26.038406111111108
1144,114497.402,cam1-001-001144-0,7371383.505151395,341650.213328284,390.0527648925781,LetabaExclosure,2020-12-07,2020-12-07 09:48:17.402,09:48:17,71.0782475,26.038978905555556
1145,114499.404,cam1-001-001145-0,7371393.818325998,341637.8037932224,389.79931640625,LetabaExclosure,2020-12-07,2020-12-07 09:48:19.404,09:48:19,71.07574500000001,26.039551699999997
1146,114502.073,cam1-001-001146-0,7371407.230816014,341620.7924536747,389.46966552734375,LetabaExclosure,2020-12-07,2020-12-07 09:48:22.073,09:48:22,71.07240875,26.040315330555554
1147,114503.408,cam1-001-001147-0,7371413.927710826,341612.304058269,389.37158203125,LetabaExclosure,2020-12-07,2020-12-07 09:48:23.408,09:48:23,71.07074,26.040697288888886
1148,114505.41,cam1-001-001148-0,7371423.82333722,341599.7811791499,389.2489929199219,LetabaExclosure,2020-12-07,2020-12-07 09:48:25.410,09:48:25,71.0682375,26.041270083333334
1149,114507.412,cam1-001-001149-0,7371433.590517754,341587.0610627368,389.1466979980469,LetabaExclosure,2020-12-07,2020-12-07 09:48:27.412,09:48:27,71.065735,26.041842877777775
1150,114509.547,cam1-001-001150-0,7371444.285634197,341573.49693901034,389.0633544921875,LetabaExclosure,2020-12-07,2020-12-07 09:48:29.547,09:48:29,71.06306624999999,26.042453725
1151,114511.95,cam1-001-001151-0,7371456.147538271,341558.45520049555,388.8866271972656,LetabaExclosure,2020-12-07,2020-12-07 09:48:31.950,09:48:31,71.0600625,26.043141249999998
1152,114513.418,cam1-001-001152-0,7371463.589841181,341548.9427485813,388.8173522949219,LetabaExclosure,2020-12-07,2020-12-07 09:48:33.418,09:48:33,71.0582275,26.043561261111112
1153,114515.42,cam1-001-001153-0,7371473.410544869,341536.3879666652,388.74139404296875,LetabaExclosure,2020-12-07,2020-12-07 09:48:35.420,09:48:35,71.05572500000001,26.044134055555553
1154,114517.422,cam1-001-001154-0,7371483.213567816,341523.7747316481,388.75860595703125,LetabaExclosure,2020-12-07,2020-12-07 09:48:37.422,09:48:37,71.05322249999999,26.04470685
1155,114519.958,cam1-001-001155-0,7371495.949249962,341507.84561733564,388.81390380859375,LetabaExclosure,2020-12-07,2020-12-07 09:48:39.958,09:48:39,71.0500525,26.045432427777776
1156,114521.426,cam1-001-001156-0,7371503.376717515,341498.4110494363,388.83209228515625,LetabaExclosure,2020-12-07,2020-12-07 09:48:41.426,09:48:41,71.04821749999999,26.04585243888889
1157,114523.428,cam1-001-001157-0,7371513.066692878,341485.8816338525,388.86224365234375,LetabaExclosure,2020-12-07,2020-12-07 09:48:43.428,09:48:43,71.045715,26.04642523333333
1158,114525.43,cam1-001-001158-0,7371522.810968284,341473.3657857382,388.9072265625,LetabaExclosure,2020-12-07,2020-12-07 09:48:45.430,09:48:45,71.04321250000001,26.046998027777775
1159,114527.565,cam1-001-001159-0,7371533.317647379,341459.7907906312,388.9864501953125,LetabaExclosure,2020-12-07,2020-12-07 09:48:47.565,09:48:47,71.04054375,26.047608874999998
1160,114529.968,cam1-001-001160-0,7371545.421257344,341444.3614245341,389.0212097167969,LetabaExclosure,2020-12-07,2020-12-07 09:48:49.968,09:48:49,71.03754,26.048296399999998
1161,114531.436,cam1-001-001161-0,7371552.517649525,341435.50829557335,388.9640197753906,LetabaExclosure,2020-12-07,2020-12-07 09:48:51.436,09:48:51,71.03570500000001,26.048716411111112
1162,114533.438,cam1-001-001162-0,7371562.300403906,341423.20422484755,388.8769226074219,LetabaExclosure,2020-12-07,2020-12-07 09:48:53.438,09:48:53,71.03320250000002,26.049289205555553
1163,114535.44,cam1-001-001163-0,7371572.449382752,341410.23972422513,388.8388671875,LetabaExclosure,2020-12-07,2020-12-07 09:48:55.440,09:48:55,71.0307,26.049862
1164,114537.976,cam1-001-001164-0,7371584.667326737,341394.6491765247,388.74859619140625,LetabaExclosure,2020-12-07,2020-12-07 09:48:57.976,09:48:57,71.02753000000001,26.050587577777776
1165,114539.444,cam1-001-001165-0,7371592.106911508,341385.18303869833,388.73345947265625,LetabaExclosure,2020-12-07,2020-12-07 09:48:59.444,09:48:59,71.025695,26.05100758888889
1166,114541.446,cam1-001-001166-0,7371601.8408177085,341372.79106280784,388.7865905761719,LetabaExclosure,2020-12-07,2020-12-07 09:49:01.446,09:49:01,71.02319250000001,26.05158038333333
1167,114543.448,cam1-001-001167-0,7371611.638353327,341360.37803901907,388.77166748046875,LetabaExclosure,2020-12-07,2020-12-07 09:49:03.448,09:49:03,71.02069,26.05215317777778
1168,114545.45,cam1-001-001168-0,7371621.970165031,341347.38478268567,388.7340087890625,LetabaExclosure,2020-12-07,2020-12-07 09:49:05.450,09:49:05,71.01818750000001,26.05272597222222
1169,114547.986,cam1-001-001169-0,7371634.862364937,341331.2586528128,388.6419372558594,LetabaExclosure,2020-12-07,2020-12-07 09:49:07.986,09:49:07,71.0150175,26.053451550000002
1170,114549.454,cam1-001-001170-0,7371642.076375529,341322.27763679257,388.6068115234375,LetabaExclosure,2020-12-07,2020-12-07 09:49:09.454,09:49:09,71.0131825,26.05387156111111
1171,114551.456,cam1-001-001171-0,7371652.01079508,341309.7825684635,388.54327392578125,LetabaExclosure,2020-12-07,2020-12-07 09:49:11.456,09:49:11,71.01068,26.054444355555557
1172,114553.458,cam1-001-001172-0,7371662.193770592,341297.0644201557,388.565185546875,LetabaExclosure,2020-12-07,2020-12-07 09:49:13.458,09:49:13,71.0081775,26.055017149999998
1173,114555.994,cam1-001-001173-0,7371674.475267778,341281.4602748344,388.4620056152344,LetabaExclosure,2020-12-07,2020-12-07 09:49:15.994,09:49:15,71.00500749999999,26.05574272777778
1174,114557.462,cam1-001-001174-0,7371681.9180923,341272.0799412406,388.4941101074219,LetabaExclosure,2020-12-07,2020-12-07 09:49:17.462,09:49:17,71.0031725,26.056162738888887
1175,114559.464,cam1-001-001175-0,7371691.9806177,341259.38983647415,388.3766784667969,LetabaExclosure,2020-12-07,2020-12-07 09:49:19.464,09:49:19,71.00067,26.056735533333335
1176,114561.466,cam1-001-001176-0,7371701.745226134,341246.9733773746,388.3937072753906,LetabaExclosure,2020-12-07,2020-12-07 09:49:21.466,09:49:21,70.99816750000001,26.057308327777776
1177,114564.001,cam1-001-001177-0,7371714.272226324,341231.0501396795,388.41424560546875,LetabaExclosure,2020-12-07,2020-12-07 09:49:24.001,09:49:24,70.99499875,26.058033619444444
1178,114565.47,cam1-001-001178-0,7371721.793133518,341221.6920877517,388.4537353515625,LetabaExclosure,2020-12-07,2020-12-07 09:49:25.470,09:49:25,70.9931625,26.058453916666664
1179,114567.472,cam1-001-001179-0,7371731.6902622115,341209.36468956043,388.705810546875,LetabaExclosure,2020-12-07,2020-12-07 09:49:27.472,09:49:27,70.99066,26.05902671111111
1180,114569.474,cam1-001-001180-0,7371741.368588421,341196.9110742754,388.9009704589844,LetabaExclosure,2020-12-07,2020-12-07 09:49:29.474,09:49:29,70.9881575,26.059599505555553
1181,114571.476,cam1-001-001181-0,7371751.4183299225,341183.9833239332,389.0026550292969,LetabaExclosure,2020-12-07,2020-12-07 09:49:31.476,09:49:31,70.98565500000001,26.060172299999998
1182,114574.011,cam1-001-001182-0,7371763.920803664,341167.8939226072,389.16412353515625,LetabaExclosure,2020-12-07,2020-12-07 09:49:34.011,09:49:34,70.98248625000001,26.060897591666667
1183,114575.346,cam1-001-001183-0,7371770.22867278,341159.8435266833,389.27825927734375,LetabaExclosure,2020-12-07,2020-12-07 09:49:35.346,09:49:35,70.9808175,26.061279550000002
1184,114577.348,cam1-001-001184-0,7371780.567447589,341146.77854771644,389.4117736816406,LetabaExclosure,2020-12-07,2020-12-07 09:49:37.348,09:49:37,70.97831500000001,26.061852344444443
1185,114579.35,cam1-001-001185-0,7371790.366161464,341134.2151615075,389.42144775390625,LetabaExclosure,2020-12-07,2020-12-07 09:49:39.350,09:49:39,70.97581249999999,26.06242513888889
1186,114582.019,cam1-001-001186-0,7371803.2544576805,341117.57499934704,389.4759521484375,LetabaExclosure,2020-12-07,2020-12-07 09:49:42.019,09:49:42,70.97247625,26.063188769444444
1187,114583.354,cam1-001-001187-0,7371809.9228086565,341109.08143863775,389.4428405761719,LetabaExclosure,2020-12-07,2020-12-07 09:49:43.354,09:49:43,70.97080749999999,26.06357072777778
1188,114585.356,cam1-001-001188-0,7371819.824169821,341096.5919329052,389.47613525390625,LetabaExclosure,2020-12-07,2020-12-07 09:49:45.356,09:49:45,70.968305,26.06414352222222
1189,114587.358,cam1-001-001189-0,7371830.016000094,341083.6397601969,389.42864990234375,LetabaExclosure,2020-12-07,2020-12-07 09:49:47.358,09:49:47,70.96580250000001,26.064716316666665
1190,114589.493,cam1-001-001190-0,7371840.451141445,341070.1131274285,389.3584289550781,LetabaExclosure,2020-12-07,2020-12-07 09:49:49.493,09:49:49,70.96313375,26.065327163888888
1191,114591.896,cam1-001-001191-0,7371852.225160835,341055.1916713568,389.3359375,LetabaExclosure,2020-12-07,2020-12-07 09:49:51.896,09:49:51,70.96013,26.066014688888885
1192,114593.364,cam1-001-001192-0,7371859.286969225,341046.31030664465,389.3197326660156,LetabaExclosure,2020-12-07,2020-12-07 09:49:53.364,09:49:53,70.958295,26.0664347
1193,114595.366,cam1-001-001193-0,7371869.467660679,341033.4014965942,389.2680358886719,LetabaExclosure,2020-12-07,2020-12-07 09:49:55.366,09:49:55,70.95579250000002,26.067007494444443
1194,114597.368,cam1-001-001194-0,7371879.276957195,341020.91382212983,389.1722717285156,LetabaExclosure,2020-12-07,2020-12-07 09:49:57.368,09:49:57,70.95329,26.067580288888887
1195,114600.037,cam1-001-001195-0,7371892.101201835,341004.4952983281,389.1056823730469,LetabaExclosure,2020-12-07,2020-12-07 09:50:00.037,09:50:00,70.94995375,26.06834391944444
1196,114601.372,cam1-001-001196-0,7371898.737844298,340996.1522971656,389.1059265136719,LetabaExclosure,2020-12-07,2020-12-07 09:50:01.372,09:50:01,70.948285,26.068725877777776
1197,114603.374,cam1-001-001197-0,7371908.417055745,340983.79845304455,389.1397399902344,LetabaExclosure,2020-12-07,2020-12-07 09:50:03.374,09:50:03,70.9457825,26.06929867222222
1198,114605.376,cam1-001-001198-0,7371918.567136108,340970.7852573554,389.0853576660156,LetabaExclosure,2020-12-07,2020-12-07 09:50:05.376,09:50:05,70.94328,26.069871466666665
1199,114608.045,cam1-001-001199-0,7371931.687414104,340954.30963033356,388.93511962890625,LetabaExclosure,2020-12-07,2020-12-07 09:50:08.045,09:50:08,70.93994375,26.07063509722222
1200,114609.38,cam1-001-001200-0,7371938.3767347755,340945.7995194495,388.7040710449219,LetabaExclosure,2020-12-07,2020-12-07 09:50:09.380,09:50:09,70.93827499999999,26.071017055555554
1201,114611.382,cam1-001-001201-0,7371948.297602496,340933.2513766724,388.4466857910156,LetabaExclosure,2020-12-07,2020-12-07 09:50:11.382,09:50:11,70.9357725,26.07158985
1202,114613.384,cam1-001-001202-0,7371958.705701555,340920.15077245585,388.2814636230469,LetabaExclosure,2020-12-07,2020-12-07 09:50:13.384,09:50:13,70.93327,26.072162644444443
1203,114616.053,cam1-001-001203-0,7371971.7175609255,340903.68604415853,388.5939025878906,LetabaExclosure,2020-12-07,2020-12-07 09:50:16.053,09:50:16,70.92993375,26.072926275
1204,114617.388,cam1-001-001204-0,7371978.334573925,340895.2362441256,388.7128601074219,LetabaExclosure,2020-12-07,2020-12-07 09:50:17.388,09:50:17,70.928265,26.073308233333336
1205,114619.39,cam1-001-001205-0,7371988.043872791,340882.87922906206,388.76727294921875,LetabaExclosure,2020-12-07,2020-12-07 09:50:19.390,09:50:19,70.9257625,26.073881027777777
1206,114621.392,cam1-001-001206-0,7371998.241648413,340870.08913857955,388.69189453125,LetabaExclosure,2020-12-07,2020-12-07 09:50:21.392,09:50:21,70.92326,26.074453822222225
1207,114623.527,cam1-001-001207-0,7372008.34227432,340857.14918499556,388.7335510253906,LetabaExclosure,2020-12-07,2020-12-07 09:50:23.527,09:50:23,70.92059125,26.075064669444444
1208,114625.93,cam1-001-001208-0,7372020.478229251,340841.6624882459,388.9006652832031,LetabaExclosure,2020-12-07,2020-12-07 09:50:25.930,09:50:25,70.91758750000001,26.07575219444444
1209,114627.398,cam1-001-001209-0,7372027.5479002185,340832.7203598375,389.0630187988281,LetabaExclosure,2020-12-07,2020-12-07 09:50:27.398,09:50:27,70.9157525,26.076172205555554
1210,114629.4,cam1-001-001210-0,7372037.258123636,340820.29437739594,389.1109313964844,LetabaExclosure,2020-12-07,2020-12-07 09:50:29.400,09:50:29,70.91325,26.076744999999995
1211,114631.402,cam1-001-001211-0,7372047.4711343795,340807.40925490827,389.09368896484375,LetabaExclosure,2020-12-07,2020-12-07 09:50:31.402,09:50:31,70.9107475,26.077317794444443
1212,114634.071,cam1-001-001212-0,7372060.407518946,340790.76575843326,389.11688232421875,LetabaExclosure,2020-12-07,2020-12-07 09:50:34.071,09:50:34,70.90741125000001,26.078081424999997
1213,114635.406,cam1-001-001213-0,7372067.085150303,340782.1758169707,389.1670837402344,LetabaExclosure,2020-12-07,2020-12-07 09:50:35.406,09:50:35,70.9057425,26.078463383333332
1214,114637.408,cam1-001-001214-0,7372076.933592429,340769.577840867,389.20556640625,LetabaExclosure,2020-12-07,2020-12-07 09:50:37.408,09:50:37,70.90324000000001,26.079036177777777
1215,114639.41,cam1-001-001215-0,7372087.359887583,340756.6750057331,389.23388671875,LetabaExclosure,2020-12-07,2020-12-07 09:50:39.410,09:50:39,70.90073749999999,26.07960897222222
1216,114642.079,cam1-001-001216-0,7372100.56312399,340740.04906841577,389.1348571777344,LetabaExclosure,2020-12-07,2020-12-07 09:50:42.079,09:50:42,70.89740125,26.080372602777775
1217,114643.414,cam1-001-001217-0,7372107.17345535,340731.55927468056,389.1141662597656,LetabaExclosure,2020-12-07,2020-12-07 09:50:43.414,09:50:43,70.8957325,26.08075456111111
1218,114645.416,cam1-001-001218-0,7372116.927916948,340719.0727302891,389.1280822753906,LetabaExclosure,2020-12-07,2020-12-07 09:50:45.416,09:50:45,70.89323,26.081327355555555
1219,114647.418,cam1-001-001219-0,7372126.687256871,340706.55361995706,389.1144714355469,LetabaExclosure,2020-12-07,2020-12-07 09:50:47.418,09:50:47,70.8907275,26.08190015
1220,114649.553,cam1-001-001220-0,7372137.388392013,340692.87290582916,389.01531982421875,LetabaExclosure,2020-12-07,2020-12-07 09:50:49.553,09:50:49,70.88805875,26.082510997222222
1221,114651.956,cam1-001-001221-0,7372147.943005802,340680.278550067,388.92779541015625,LetabaExclosure,2020-12-07,2020-12-07 09:50:51.956,09:50:51,70.885055,26.083198522222222
1222,114653.557,cam1-001-001222-0,7372150.0316781085,340678.4665448542,388.96185302734375,LetabaExclosure,2020-12-07,2020-12-07 09:50:53.557,09:50:53,70.88305375,26.08365658611111
1223,114655.96,cam1-001-001223-0,7372145.041098251,340674.6021483941,389.1897888183594,LetabaExclosure,2020-12-07,2020-12-07 09:50:55.960,09:50:55,70.88005,26.08434411111111
1224,114659.697,cam1-001-001224-0,7372127.080114094,340648.2965863937,388.9090576171875,LetabaExclosure,2020-12-07,2020-12-07 09:50:59.697,09:50:59,70.87537875,26.085413308333333
1225,114661.699,cam1-001-001225-0,7372117.752533509,340634.2256810111,388.8606262207031,LetabaExclosure,2020-12-07,2020-12-07 09:51:01.699,09:51:01,70.87287625,26.085986102777774
1226,114664.368,cam1-001-001226-0,7372104.724338721,340616.30705789995,389.07147216796875,LetabaExclosure,2020-12-07,2020-12-07 09:51:04.368,09:51:04,70.86954,26.08674973333333
1227,114665.703,cam1-001-001227-0,7372098.173469641,340607.3158040021,389.212646484375,LetabaExclosure,2020-12-07,2020-12-07 09:51:05.703,09:51:05,70.86787125000001,26.087131691666663
1228,114667.705,cam1-001-001228-0,7372088.577389739,340594.1957875286,389.14569091796875,LetabaExclosure,2020-12-07,2020-12-07 09:51:07.705,09:51:07,70.86536875,26.08770448611111
1229,114670.908,cam1-001-001229-0,7372074.579459107,340589.32690557465,388.4224853515625,LetabaExclosure,2020-12-07,2020-12-07 09:51:10.908,09:51:10,70.861365,26.0886209
1230,114673.444,cam1-001-001230-0,7372072.956260495,340592.7811344719,388.3687744140625,LetabaExclosure,2020-12-07,2020-12-07 09:51:13.444,09:51:13,70.858195,26.089346477777777
1231,114673.71,cam1-001-001231-0,7372072.133439312,340593.7170283294,388.3804016113281,LetabaExclosure,2020-12-07,2020-12-07 09:51:13.710,09:51:13,70.8578625,26.089422583333334
1232,114675.712,cam1-001-001232-0,7372063.083547836,340604.1909225108,388.4771728515625,LetabaExclosure,2020-12-07,2020-12-07 09:51:15.712,09:51:15,70.85536,26.089995377777775
1233,114677.714,cam1-001-001233-0,7372051.872646103,340617.8454476237,388.9573059082031,LetabaExclosure,2020-12-07,2020-12-07 09:51:17.714,09:51:17,70.8528575,26.090568172222223
1234,114679.716,cam1-001-001234-0,7372041.36396992,340630.96832082944,389.28863525390625,LetabaExclosure,2020-12-07,2020-12-07 09:51:19.716,09:51:19,70.85035500000001,26.091140966666664
1235,114681.718,cam1-001-001235-0,7372030.779764498,340644.1188592314,389.41802978515625,LetabaExclosure,2020-12-07,2020-12-07 09:51:21.718,09:51:21,70.84785250000002,26.09171376111111
1236,114684.388,cam1-001-001236-0,7372017.787740305,340660.5553953235,389.4571838378906,LetabaExclosure,2020-12-07,2020-12-07 09:51:24.388,09:51:24,70.844515,26.09247767777778
1237,114685.722,cam1-001-001237-0,7372011.123166896,340669.0127986949,389.48388671875,LetabaExclosure,2020-12-07,2020-12-07 09:51:25.722,09:51:25,70.8428475,26.092859349999998
1238,114687.724,cam1-001-001238-0,7372001.513585284,340681.58471766673,389.4819030761719,LetabaExclosure,2020-12-07,2020-12-07 09:51:27.724,09:51:27,70.840345,26.093432144444442
1239,114689.726,cam1-001-001239-0,7371991.751959072,340694.15400431625,389.51995849609375,LetabaExclosure,2020-12-07,2020-12-07 09:51:29.726,09:51:29,70.83784250000001,26.094004938888887
1240,114691.862,cam1-001-001240-0,7371981.301111039,340707.74411837984,389.49041748046875,LetabaExclosure,2020-12-07,2020-12-07 09:51:31.862,09:51:31,70.83517250000001,26.09461607222222
1241,114694.264,cam1-001-001241-0,7371969.260983085,340723.096949936,389.4153137207031,LetabaExclosure,2020-12-07,2020-12-07 09:51:34.264,09:51:34,70.83217,26.09530331111111
1242,114695.732,cam1-001-001242-0,7371962.222390827,340732.0989421514,389.3446350097656,LetabaExclosure,2020-12-07,2020-12-07 09:51:35.732,09:51:35,70.83033499999999,26.095723322222224
1243,114697.734,cam1-001-001243-0,7371952.31826658,340744.56112530665,389.2171936035156,LetabaExclosure,2020-12-07,2020-12-07 09:51:37.734,09:51:37,70.8278325,26.096296116666664
1244,114699.736,cam1-001-001244-0,7371941.985704639,340757.61977433274,389.18798828125,LetabaExclosure,2020-12-07,2020-12-07 09:51:39.736,09:51:39,70.82533,26.096868911111113
1245,114702.406,cam1-001-001245-0,7371928.99984977,340774.19840744557,389.20654296875,LetabaExclosure,2020-12-07,2020-12-07 09:51:42.406,09:51:42,70.8219925,26.097632827777776
1246,114703.74,cam1-001-001246-0,7371922.293398923,340782.6900857108,389.22442626953125,LetabaExclosure,2020-12-07,2020-12-07 09:51:43.740,09:51:43,70.820325,26.0980145
1247,114705.742,cam1-001-001247-0,7371912.644913138,340795.1831306522,389.22357177734375,LetabaExclosure,2020-12-07,2020-12-07 09:51:45.742,09:51:45,70.8178225,26.098587294444442
1248,114707.744,cam1-001-001248-0,7371902.5492348075,340808.3014232948,389.22705078125,LetabaExclosure,2020-12-07,2020-12-07 09:51:47.744,09:51:47,70.81532,26.09916008888889
1249,114709.88,cam1-001-001249-0,7371892.392008052,340821.33131210855,389.20654296875,LetabaExclosure,2020-12-07,2020-12-07 09:51:49.880,09:51:49,70.81264999999999,26.099771222222223
1250,114712.282,cam1-001-001250-0,7371880.551543057,340836.9613222886,389.1652526855469,LetabaExclosure,2020-12-07,2020-12-07 09:51:52.282,09:51:52,70.8096475,26.100458461111113
1251,114713.75,cam1-001-001251-0,7371873.445059649,340846.03274211753,389.1494140625,LetabaExclosure,2020-12-07,2020-12-07 09:51:53.750,09:51:53,70.8078125,26.10087847222222
1252,114715.752,cam1-001-001252-0,7371863.586409021,340858.5141385437,389.1186218261719,LetabaExclosure,2020-12-07,2020-12-07 09:51:55.752,09:51:55,70.80531,26.101451266666665
1253,114717.754,cam1-001-001253-0,7371853.280552291,340871.39714492206,389.06353759765625,LetabaExclosure,2020-12-07,2020-12-07 09:51:57.754,09:51:57,70.8028075,26.10202406111111
1254,114720.424,cam1-001-001254-0,7371840.353353677,340887.7302848763,389.04180908203125,LetabaExclosure,2020-12-07,2020-12-07 09:52:00.424,09:52:00,70.79947,26.102787977777776
1255,114721.758,cam1-001-001255-0,7371833.722648339,340896.10986359103,389.0342712402344,LetabaExclosure,2020-12-07,2020-12-07 09:52:01.758,09:52:01,70.7978025,26.103169649999998
1256,114723.76,cam1-001-001256-0,7371824.028423281,340908.5427547834,389.01080322265625,LetabaExclosure,2020-12-07,2020-12-07 09:52:03.760,09:52:03,70.79530000000001,26.103742444444443
1257,114725.762,cam1-001-001257-0,7371813.824209571,340921.7727834478,389.0414733886719,LetabaExclosure,2020-12-07,2020-12-07 09:52:05.762,09:52:05,70.7927975,26.104315238888887
1258,114728.432,cam1-001-001258-0,7371800.761034582,340938.3684872199,389.3084411621094,LetabaExclosure,2020-12-07,2020-12-07 09:52:08.432,09:52:08,70.78946,26.105079155555554
1259,114729.766,cam1-001-001259-0,7371794.152463112,340946.9599407988,389.42974853515625,LetabaExclosure,2020-12-07,2020-12-07 09:52:09.766,09:52:09,70.7877925,26.105460827777776
1260,114731.768,cam1-001-001260-0,7371784.469936237,340959.26502048096,389.5462646484375,LetabaExclosure,2020-12-07,2020-12-07 09:52:11.768,09:52:11,70.78529,26.10603362222222
1261,114733.77,cam1-001-001261-0,7371774.737179169,340971.61300379573,389.7647399902344,LetabaExclosure,2020-12-07,2020-12-07 09:52:13.770,09:52:13,70.7827875,26.106606416666665
1262,114736.306,cam1-001-001262-0,7371762.57712945,340987.6071400116,389.961181640625,LetabaExclosure,2020-12-07,2020-12-07 09:52:16.306,09:52:16,70.7796175,26.107331994444444
1263,114737.774,cam1-001-001263-0,7371755.302222161,340997.26205176464,390.0776672363281,LetabaExclosure,2020-12-07,2020-12-07 09:52:17.774,09:52:17,70.7777825,26.107752005555557
1264,114739.776,cam1-001-001264-0,7371745.328449557,341009.76449130813,389.8031921386719,LetabaExclosure,2020-12-07,2020-12-07 09:52:19.776,09:52:19,70.77528000000001,26.1083248
1265,114741.778,cam1-001-001265-0,7371735.098289695,341022.07665088645,389.6119384765625,LetabaExclosure,2020-12-07,2020-12-07 09:52:21.778,09:52:21,70.77277749999999,26.108897594444446
1266,114743.78,cam1-001-001266-0,7371725.02161691,341035.1645528843,389.7471008300781,LetabaExclosure,2020-12-07,2020-12-07 09:52:23.780,09:52:23,70.770275,26.109470388888887
1267,114746.316,cam1-001-001267-0,7371712.719637734,341051.1938727681,389.9175109863281,LetabaExclosure,2020-12-07,2020-12-07 09:52:26.316,09:52:26,70.767105,26.110195966666666
1268,114747.784,cam1-001-001268-0,7371705.571235701,341060.2119058315,389.7998352050781,LetabaExclosure,2020-12-07,2020-12-07 09:52:27.784,09:52:27,70.76527,26.110615977777776
1269,114749.786,cam1-001-001269-0,7371695.80943136,341072.5926555642,389.6590576171875,LetabaExclosure,2020-12-07,2020-12-07 09:52:29.786,09:52:29,70.76276750000001,26.11118877222222
1270,114751.788,cam1-001-001270-0,7371686.142304129,341084.9957454875,389.44677734375,LetabaExclosure,2020-12-07,2020-12-07 09:52:31.788,09:52:31,70.760265,26.111761566666665
1271,114754.324,cam1-001-001271-0,7371673.758651307,341100.92983241763,389.2449035644531,LetabaExclosure,2020-12-07,2020-12-07 09:52:34.324,09:52:34,70.757095,26.11248714444444
1272,114755.792,cam1-001-001272-0,7371666.393629013,341110.35934246983,389.14337158203125,LetabaExclosure,2020-12-07,2020-12-07 09:52:35.792,09:52:35,70.75526,26.112907155555554
1273,114757.794,cam1-001-001273-0,7371656.410041289,341122.8916127918,389.0212707519531,LetabaExclosure,2020-12-07,2020-12-07 09:52:37.794,09:52:37,70.75275750000002,26.11347995
1274,114759.796,cam1-001-001274-0,7371646.669667768,341135.49830877106,389.0398864746094,LetabaExclosure,2020-12-07,2020-12-07 09:52:39.796,09:52:39,70.750255,26.114052744444443
1275,114761.798,cam1-001-001275-0,7371636.241832009,341148.7248099411,389.01885986328125,LetabaExclosure,2020-12-07,2020-12-07 09:52:41.798,09:52:41,70.7477525,26.114625538888887
1276,114764.334,cam1-001-001276-0,7371623.446363459,341164.71848150506,389.03546142578125,LetabaExclosure,2020-12-07,2020-12-07 09:52:44.334,09:52:44,70.74458249999999,26.115351116666666
1277,114765.802,cam1-001-001277-0,7371616.196831971,341173.5773731273,389.0924377441406,LetabaExclosure,2020-12-07,2020-12-07 09:52:45.802,09:52:45,70.74274750000001,26.115771127777776
1278,114767.804,cam1-001-001278-0,7371606.221206525,341186.2061591828,389.0624084472656,LetabaExclosure,2020-12-07,2020-12-07 09:52:47.804,09:52:47,70.740245,26.11634392222222
1279,114769.806,cam1-001-001279-0,7371596.204246229,341198.6646702524,389.0293273925781,LetabaExclosure,2020-12-07,2020-12-07 09:52:49.806,09:52:49,70.73774250000001,26.116916716666665
1280,114772.342,cam1-001-001280-0,7371583.604847942,341214.4288948467,389.0771484375,LetabaExclosure,2020-12-07,2020-12-07 09:52:52.342,09:52:52,70.7345725,26.117642294444444
1281,114773.81,cam1-001-001281-0,7371576.251187922,341223.7590213163,389.0675048828125,LetabaExclosure,2020-12-07,2020-12-07 09:52:53.810,09:52:53,70.7327375,26.118062305555554
1282,114775.812,cam1-001-001282-0,7371566.487726739,341235.9744504654,389.1739501953125,LetabaExclosure,2020-12-07,2020-12-07 09:52:55.812,09:52:55,70.730235,26.1186351
1283,114777.814,cam1-001-001283-0,7371556.811331291,341248.4447755872,389.2294616699219,LetabaExclosure,2020-12-07,2020-12-07 09:52:57.814,09:52:57,70.7277325,26.119207894444443
1284,114779.816,cam1-001-001284-0,7371546.891943699,341261.57082147384,389.3205261230469,LetabaExclosure,2020-12-07,2020-12-07 09:52:59.816,09:52:59,70.72523,26.119780688888888
1285,114782.352,cam1-001-001285-0,7371534.3941667825,341277.2964800355,389.2500305175781,LetabaExclosure,2020-12-07,2020-12-07 09:53:02.352,09:53:02,70.72206,26.120506266666666
1286,114783.82,cam1-001-001286-0,7371527.34326387,341286.28746985475,389.21502685546875,LetabaExclosure,2020-12-07,2020-12-07 09:53:03.820,09:53:03,70.720225,26.12092627777778
1287,114785.822,cam1-001-001287-0,7371517.613742006,341298.76254085696,389.2072448730469,LetabaExclosure,2020-12-07,2020-12-07 09:53:05.822,09:53:05,70.71772250000001,26.12149907222222
1288,114787.69,cam1-001-001288-0,7371508.367858513,341310.74997363915,389.2350158691406,LetabaExclosure,2020-12-07,2020-12-07 09:53:07.690,09:53:07,70.7153875,26.122033527777777
1289,114790.36,cam1-001-001289-0,7371494.990756225,341327.6782647779,389.3298645019531,LetabaExclosure,2020-12-07,2020-12-07 09:53:10.360,09:53:10,70.71205,26.122797444444444
1290,114791.694,cam1-001-001290-0,7371488.543052353,341335.5997021054,389.3405456542969,LetabaExclosure,2020-12-07,2020-12-07 09:53:11.694,09:53:11,70.7103825,26.123179116666666
1291,114793.696,cam1-001-001291-0,7371478.338764784,341348.62745124334,389.302734375,LetabaExclosure,2020-12-07,2020-12-07 09:53:13.696,09:53:13,70.70788,26.12375191111111
1292,114795.698,cam1-001-001292-0,7371468.510802483,341361.1930932702,389.328125,LetabaExclosure,2020-12-07,2020-12-07 09:53:15.698,09:53:15,70.7053775,26.124324705555555
1293,114798.368,cam1-001-001293-0,7371455.495386758,341377.6092361532,389.3773193359375,LetabaExclosure,2020-12-07,2020-12-07 09:53:18.368,09:53:18,70.70204,26.125088622222222
1294,114799.702,cam1-001-001294-0,7371448.729097325,341385.98764750466,389.33892822265625,LetabaExclosure,2020-12-07,2020-12-07 09:53:19.702,09:53:19,70.7003725,26.125470294444444
1295,114801.704,cam1-001-001295-0,7371439.023296608,341398.2658393481,389.41339111328125,LetabaExclosure,2020-12-07,2020-12-07 09:53:21.704,09:53:21,70.69787000000001,26.12604308888889
1296,114803.706,cam1-001-001296-0,7371429.139144555,341411.17804242304,389.5030212402344,LetabaExclosure,2020-12-07,2020-12-07 09:53:23.706,09:53:23,70.6953675,26.126615883333333
1297,114805.842,cam1-001-001297-0,7371418.516805072,341424.86340163543,389.63421630859375,LetabaExclosure,2020-12-07,2020-12-07 09:53:25.842,09:53:25,70.6926975,26.127227016666666
1298,114808.244,cam1-001-001298-0,7371406.534486906,341440.084579873,389.5476379394531,LetabaExclosure,2020-12-07,2020-12-07 09:53:28.244,09:53:28,70.689695,26.127914255555556
1299,114809.712,cam1-001-001299-0,7371399.429620231,341448.97897378413,389.5576171875,LetabaExclosure,2020-12-07,2020-12-07 09:53:29.712,09:53:29,70.68786,26.128334266666666
1300,114811.714,cam1-001-001300-0,7371389.363168135,341461.89797837054,389.48321533203125,LetabaExclosure,2020-12-07,2020-12-07 09:53:31.714,09:53:31,70.6853575,26.12890706111111
1301,114813.716,cam1-001-001301-0,7371379.760321701,341474.38788018544,389.4442138671875,LetabaExclosure,2020-12-07,2020-12-07 09:53:33.716,09:53:33,70.682855,26.129479855555555
1302,114816.386,cam1-001-001302-0,7371366.821306517,341490.67140716425,389.4858093261719,LetabaExclosure,2020-12-07,2020-12-07 09:53:36.386,09:53:36,70.6795175,26.130243772222222
1303,114817.72,cam1-001-001303-0,7371359.9604846295,341498.9263003847,389.5601501464844,LetabaExclosure,2020-12-07,2020-12-07 09:53:37.720,09:53:37,70.67785,26.130625444444444
1304,114819.722,cam1-001-001304-0,7371350.283241108,341511.24254192435,389.5525207519531,LetabaExclosure,2020-12-07,2020-12-07 09:53:39.722,09:53:39,70.67534750000002,26.131198238888885
1305,114821.724,cam1-001-001305-0,7371340.35195831,341524.1315854596,389.6211853027344,LetabaExclosure,2020-12-07,2020-12-07 09:53:41.724,09:53:41,70.672845,26.131771033333333
1306,114824.393,cam1-001-001306-0,7371327.127182018,341540.5339306849,389.68377685546875,LetabaExclosure,2020-12-07,2020-12-07 09:53:44.393,09:53:44,70.66950875,26.132534663888887
1307,114825.728,cam1-001-001307-0,7371320.337647907,341548.98368441296,389.6029357910156,LetabaExclosure,2020-12-07,2020-12-07 09:53:45.728,09:53:45,70.66784,26.132916622222222
1308,114827.73,cam1-001-001308-0,7371310.686957,341561.33793410286,389.5125732421875,LetabaExclosure,2020-12-07,2020-12-07 09:53:47.730,09:53:47,70.6653375,26.133489416666663
1309,114829.732,cam1-001-001309-0,7371300.589702738,341574.10498560325,389.60955810546875,LetabaExclosure,2020-12-07,2020-12-07 09:53:49.732,09:53:49,70.662835,26.13406221111111
1310,114832.401,cam1-001-001310-0,7371286.651429197,341588.63159809884,389.7642822265625,LetabaExclosure,2020-12-07,2020-12-07 09:53:52.401,09:53:52,70.65949875000001,26.134825841666665
1311,114833.736,cam1-001-001311-0,7371281.465091035,341590.6179409375,389.7056884765625,LetabaExclosure,2020-12-07,2020-12-07 09:53:53.736,09:53:53,70.65782999999999,26.1352078
1312,114835.738,cam1-001-001312-0,7371278.660186326,341588.182147717,389.5365905761719,LetabaExclosure,2020-12-07,2020-12-07 09:53:55.738,09:53:55,70.6553275,26.13578059444444
1313,114838.007,cam1-001-001313-0,7371274.223940036,341581.0114607628,389.65753173828125,LetabaExclosure,2020-12-07,2020-12-07 09:53:58.007,09:53:58,70.65249125000001,26.136429780555552
1314,114839.742,cam1-001-001314-0,7371265.316193903,341570.4930454028,389.6396179199219,LetabaExclosure,2020-12-07,2020-12-07 09:53:59.742,09:53:59,70.6503225,26.136926183333333
1315,114841.744,cam1-001-001315-0,7371255.066933984,341557.07099618064,389.34674072265625,LetabaExclosure,2020-12-07,2020-12-07 09:54:01.744,09:54:01,70.64782,26.137498977777778
1316,114843.746,cam1-001-001316-0,7371245.415394064,341543.7475736291,388.956787109375,LetabaExclosure,2020-12-07,2020-12-07 09:54:03.746,09:54:03,70.6453175,26.138071772222222
1317,114846.415,cam1-001-001317-0,7371231.972585952,341526.1994554877,388.7391357421875,LetabaExclosure,2020-12-07,2020-12-07 09:54:06.415,09:54:06,70.64198125000001,26.138835402777776
1318,114847.75,cam1-001-001318-0,7371225.291443838,341517.54241079965,388.670654296875,LetabaExclosure,2020-12-07,2020-12-07 09:54:07.750,09:54:07,70.64031250000001,26.13921736111111
1319,114849.752,cam1-001-001319-0,7371216.759126235,341503.65440546314,388.6753234863281,LetabaExclosure,2020-12-07,2020-12-07 09:54:09.752,09:54:09,70.63781000000002,26.139790155555552
1320,114851.754,cam1-001-001320-0,7371217.658190087,341494.1302418044,388.675048828125,LetabaExclosure,2020-12-07,2020-12-07 09:54:11.754,09:54:11,70.6353075,26.14036295
1321,114855.358,cam1-001-001321-0,7371223.100264963,341488.25222438766,388.9703369140625,LetabaExclosure,2020-12-07,2020-12-07 09:54:15.358,09:54:15,70.63080250000002,26.14139409444444
1322,114855.758,cam1-001-001322-0,7371224.483056459,341486.05639656127,388.9976501464844,LetabaExclosure,2020-12-07,2020-12-07 09:54:15.758,09:54:15,70.6303025,26.14150853888889
1323,114857.76,cam1-001-001323-0,7371234.129848709,341471.82261064136,389.1353454589844,LetabaExclosure,2020-12-07,2020-12-07 09:54:17.760,09:54:17,70.62780000000001,26.14208133333333
1324,114859.762,cam1-001-001324-0,7371244.534895882,341458.7560710176,389.0169677734375,LetabaExclosure,2020-12-07,2020-12-07 09:54:19.762,09:54:19,70.6252975,26.142654127777778
1325,114861.764,cam1-001-001325-0,7371254.602318948,341446.2977179021,388.86669921875,LetabaExclosure,2020-12-07,2020-12-07 09:54:21.764,09:54:21,70.62279500000001,26.14322692222222
1326,114864.433,cam1-001-001326-0,7371267.8702498665,341429.20714468474,388.5274658203125,LetabaExclosure,2020-12-07,2020-12-07 09:54:24.433,09:54:24,70.61945874999999,26.14399055277778
1327,114865.768,cam1-001-001327-0,7371274.59157932,341420.64853163104,388.5431213378906,LetabaExclosure,2020-12-07,2020-12-07 09:54:25.768,09:54:25,70.61779000000001,26.144372511111108
1328,114867.77,cam1-001-001328-0,7371284.418237375,341408.03916253103,388.7562255859375,LetabaExclosure,2020-12-07,2020-12-07 09:54:27.770,09:54:27,70.6152875,26.144945305555556
1329,114869.772,cam1-001-001329-0,7371294.119756443,341395.5524901139,388.7666931152344,LetabaExclosure,2020-12-07,2020-12-07 09:54:29.772,09:54:29,70.612785,26.145518099999997
1330,114871.907,cam1-001-001330-0,7371304.730745297,341382.02283446107,388.5201721191406,LetabaExclosure,2020-12-07,2020-12-07 09:54:31.907,09:54:31,70.61011624999999,26.146128947222223
1331,114874.31,cam1-001-001331-0,7371316.593586654,341366.9374623709,388.3146667480469,LetabaExclosure,2020-12-07,2020-12-07 09:54:34.310,09:54:34,70.6071125,26.14681647222222
1332,114875.778,cam1-001-001332-0,7371324.058543973,341357.5001969837,388.3717956542969,LetabaExclosure,2020-12-07,2020-12-07 09:54:35.778,09:54:35,70.6052775,26.147236483333334
1333,114877.78,cam1-001-001333-0,7371333.838058645,341345.15191462194,388.3981018066406,LetabaExclosure,2020-12-07,2020-12-07 09:54:37.780,09:54:37,70.60277500000001,26.147809277777775
1334,114879.782,cam1-001-001334-0,7371343.5512850005,341332.48680456134,388.3072509765625,LetabaExclosure,2020-12-07,2020-12-07 09:54:39.782,09:54:39,70.60027249999999,26.148382072222223
1335,114882.318,cam1-001-001335-0,7371356.136161599,341316.56790742045,388.3272399902344,LetabaExclosure,2020-12-07,2020-12-07 09:54:42.318,09:54:42,70.5971025,26.149107649999998
1336,114883.786,cam1-001-001336-0,7371363.762190998,341307.1721562835,388.4723815917969,LetabaExclosure,2020-12-07,2020-12-07 09:54:43.786,09:54:43,70.5952675,26.149527661111108
1337,114885.788,cam1-001-001337-0,7371373.669531301,341294.59916106414,388.46868896484375,LetabaExclosure,2020-12-07,2020-12-07 09:54:45.788,09:54:45,70.592765,26.150100455555556
1338,114887.79,cam1-001-001338-0,7371383.535190279,341282.0960983978,388.2785949707031,LetabaExclosure,2020-12-07,2020-12-07 09:54:47.790,09:54:47,70.59026250000001,26.150673249999997
1339,114890.326,cam1-001-001339-0,7371396.294787329,341265.8416904267,387.97418212890625,LetabaExclosure,2020-12-07,2020-12-07 09:54:50.326,09:54:50,70.5870925,26.151398827777776
1340,114891.794,cam1-001-001340-0,7371403.485993892,341256.7088091834,387.93511962890625,LetabaExclosure,2020-12-07,2020-12-07 09:54:51.794,09:54:51,70.58525750000001,26.151818838888886
1341,114893.796,cam1-001-001341-0,7371413.3543277215,341244.24189630384,387.97320556640625,LetabaExclosure,2020-12-07,2020-12-07 09:54:53.796,09:54:53,70.582755,26.152391633333334
1342,114895.798,cam1-001-001342-0,7371423.219242442,341231.6745837362,387.8887634277344,LetabaExclosure,2020-12-07,2020-12-07 09:54:55.798,09:54:55,70.58025250000001,26.152964427777775
1343,114897.8,cam1-001-001343-0,7371433.517058741,341218.58443513373,387.91668701171875,LetabaExclosure,2020-12-07,2020-12-07 09:54:57.800,09:54:57,70.57775,26.153537222222223
1344,114900.336,cam1-001-001344-0,7371445.821819551,341202.6739416633,388.0965881347656,LetabaExclosure,2020-12-07,2020-12-07 09:55:00.336,09:55:00,70.57458000000001,26.154262799999998
1345,114901.804,cam1-001-001345-0,7371452.864274948,341193.74287690624,388.04998779296875,LetabaExclosure,2020-12-07,2020-12-07 09:55:01.804,09:55:01,70.572745,26.154682811111112
1346,114903.806,cam1-001-001346-0,7371462.790009392,341181.31037822564,388.0616149902344,LetabaExclosure,2020-12-07,2020-12-07 09:55:03.806,09:55:03,70.5702425,26.155255605555553
1347,114905.808,cam1-001-001347-0,7371472.980128927,341168.2260690504,388.1308898925781,LetabaExclosure,2020-12-07,2020-12-07 09:55:05.808,09:55:05,70.56774,26.1558284
1348,114908.344,cam1-001-001348-0,7371485.546477558,341152.2942503852,388.2770690917969,LetabaExclosure,2020-12-07,2020-12-07 09:55:08.344,09:55:08,70.56457,26.156553977777776
1349,114909.812,cam1-001-001349-0,7371492.614522595,341143.27666380425,388.3367614746094,LetabaExclosure,2020-12-07,2020-12-07 09:55:09.812,09:55:09,70.562735,26.15697398888889
1350,114911.814,cam1-001-001350-0,7371502.548800787,341130.86685581855,388.3430480957031,LetabaExclosure,2020-12-07,2020-12-07 09:55:11.814,09:55:11,70.56023250000001,26.15754678333333
1351,114913.816,cam1-001-001351-0,7371512.305416875,341118.340162828,388.42437744140625,LetabaExclosure,2020-12-07,2020-12-07 09:55:13.816,09:55:13,70.55772999999999,26.15811957777778
1352,114915.818,cam1-001-001352-0,7371522.41351098,341105.17983421194,388.5979309082031,LetabaExclosure,2020-12-07,2020-12-07 09:55:15.818,09:55:15,70.5552275,26.15869237222222
1353,114918.353,cam1-001-001353-0,7371534.8891819585,341089.4050609311,388.7068786621094,LetabaExclosure,2020-12-07,2020-12-07 09:55:18.353,09:55:18,70.55205875,26.15941766388889
1354,114919.822,cam1-001-001354-0,7371542.057093193,341080.5225097452,388.7142028808594,LetabaExclosure,2020-12-07,2020-12-07 09:55:19.822,09:55:19,70.5502225,26.15983796111111
1355,114921.824,cam1-001-001355-0,7371551.799221251,341068.13219062425,388.715087890625,LetabaExclosure,2020-12-07,2020-12-07 09:55:21.824,09:55:21,70.54772000000001,26.160410755555553
1356,114923.826,cam1-001-001356-0,7371561.9519772045,341055.3371819779,388.5826110839844,LetabaExclosure,2020-12-07,2020-12-07 09:55:23.826,09:55:23,70.5452175,26.160983549999997
1357,114926.361,cam1-001-001357-0,7371574.395722695,341039.46452823863,388.3334655761719,LetabaExclosure,2020-12-07,2020-12-07 09:55:26.361,09:55:26,70.54204874999999,26.161708841666666
1358,114927.83,cam1-001-001358-0,7371581.545273942,341030.51931998454,388.24481201171875,LetabaExclosure,2020-12-07,2020-12-07 09:55:27.830,09:55:27,70.5402125,26.162129138888886
1359,114929.698,cam1-001-001359-0,7371591.1288558785,341018.4781279583,388.12249755859375,LetabaExclosure,2020-12-07,2020-12-07 09:55:29.698,09:55:29,70.5378775,26.162663594444446
1360,114931.7,cam1-001-001360-0,7371601.012831956,341005.9072396805,388.0310974121094,LetabaExclosure,2020-12-07,2020-12-07 09:55:31.700,09:55:31,70.535375,26.163236388888887
1361,114933.836,cam1-001-001361-0,7371611.767742606,340992.4397225331,387.9481506347656,LetabaExclosure,2020-12-07,2020-12-07 09:55:33.836,09:55:33,70.532705,26.16384752222222
1362,114936.238,cam1-001-001362-0,7371623.633018967,340977.34173487744,387.8862609863281,LetabaExclosure,2020-12-07,2020-12-07 09:55:36.238,09:55:36,70.52970250000001,26.16453476111111
1363,114937.706,cam1-001-001363-0,7371631.032701692,340967.7874841297,387.866455078125,LetabaExclosure,2020-12-07,2020-12-07 09:55:37.706,09:55:37,70.5278675,26.164954772222224
1364,114939.708,cam1-001-001364-0,7371640.928884529,340955.2495081645,387.93060302734375,LetabaExclosure,2020-12-07,2020-12-07 09:55:39.708,09:55:39,70.52536500000001,26.165527566666665
1365,114941.71,cam1-001-001365-0,7371650.824151101,340942.77512923523,387.8798522949219,LetabaExclosure,2020-12-07,2020-12-07 09:55:41.710,09:55:41,70.5228625,26.166100361111113
1366,114944.379,cam1-001-001366-0,7371663.941141151,340925.7755696701,388.041259765625,LetabaExclosure,2020-12-07,2020-12-07 09:55:44.379,09:55:44,70.51952625,26.166863991666666
1367,114945.714,cam1-001-001367-0,7371670.220730094,340917.7991597678,388.2059020996094,LetabaExclosure,2020-12-07,2020-12-07 09:55:45.714,09:55:45,70.51785749999999,26.16724595
1368,114947.716,cam1-001-001368-0,7371680.66547508,340904.9713421057,388.55242919921875,LetabaExclosure,2020-12-07,2020-12-07 09:55:47.716,09:55:47,70.515355,26.167818744444443
1369,114949.718,cam1-001-001369-0,7371690.698274121,340892.4807518143,388.797607421875,LetabaExclosure,2020-12-07,2020-12-07 09:55:49.718,09:55:49,70.51285250000001,26.168391538888887
1370,114952.387,cam1-001-001370-0,7371704.021872012,340875.1187913433,388.7860412597656,LetabaExclosure,2020-12-07,2020-12-07 09:55:52.387,09:55:52,70.50951625,26.169155169444444
1371,114953.722,cam1-001-001371-0,7371710.407926155,340867.112610587,388.6756286621094,LetabaExclosure,2020-12-07,2020-12-07 09:55:53.722,09:55:53,70.50784750000001,26.169537127777776
1372,114955.724,cam1-001-001372-0,7371720.569425451,340854.2583741277,388.47113037109375,LetabaExclosure,2020-12-07,2020-12-07 09:55:55.724,09:55:55,70.505345,26.17010992222222
1373,114957.726,cam1-001-001373-0,7371730.374459937,340842.0664652161,388.2605895996094,LetabaExclosure,2020-12-07,2020-12-07 09:55:57.726,09:55:57,70.50284250000001,26.170682716666665
1374,114960.395,cam1-001-001374-0,7371743.207410673,340825.79633847706,388.2857666015625,LetabaExclosure,2020-12-07,2020-12-07 09:56:00.395,09:56:00,70.49950625,26.171446347222222
1375,114961.73,cam1-001-001375-0,7371749.941510599,340817.3847182619,388.32904052734375,LetabaExclosure,2020-12-07,2020-12-07 09:56:01.730,09:56:01,70.4978375,26.171828305555554
1376,114963.732,cam1-001-001376-0,7371759.627775708,340805.0147797926,388.57940673828125,LetabaExclosure,2020-12-07,2020-12-07 09:56:03.732,09:56:03,70.495335,26.1724011
1377,114965.734,cam1-001-001377-0,7371769.813524181,340792.07949041185,388.92120361328125,LetabaExclosure,2020-12-07,2020-12-07 09:56:05.734,09:56:05,70.4928325,26.172973894444443
1378,114968.403,cam1-001-001378-0,7371782.756843244,340775.7195446505,388.970703125,LetabaExclosure,2020-12-07,2020-12-07 09:56:08.403,09:56:08,70.48949625,26.173737525
1379,114969.738,cam1-001-001379-0,7371789.446461655,340767.0278423383,388.9092712402344,LetabaExclosure,2020-12-07,2020-12-07 09:56:09.738,09:56:09,70.48782750000001,26.17411948333333
1380,114971.74,cam1-001-001380-0,7371799.299054816,340754.53136383713,388.6326599121094,LetabaExclosure,2020-12-07,2020-12-07 09:56:11.740,09:56:11,70.48532499999999,26.17469227777778
1381,114973.742,cam1-001-001381-0,7371809.462030002,340741.675057666,388.5445861816406,LetabaExclosure,2020-12-07,2020-12-07 09:56:13.742,09:56:13,70.4828225,26.17526507222222
1382,114975.877,cam1-001-001382-0,7371819.685690334,340728.5536849463,388.58612060546875,LetabaExclosure,2020-12-07,2020-12-07 09:56:15.877,09:56:15,70.48015375000001,26.17587591944444
1383,114978.28,cam1-001-001383-0,7371832.158228822,340713.1501559678,388.6719665527344,LetabaExclosure,2020-12-07,2020-12-07 09:56:18.280,09:56:18,70.47715000000001,26.176563444444444
1384,114979.748,cam1-001-001384-0,7371839.312923516,340704.1930041455,388.7792663574219,LetabaExclosure,2020-12-07,2020-12-07 09:56:19.748,09:56:19,70.475315,26.176983455555558
1385,114981.75,cam1-001-001385-0,7371848.980576521,340691.85969045036,388.9751892089844,LetabaExclosure,2020-12-07,2020-12-07 09:56:21.750,09:56:21,70.4728125,26.17755625
1386,114983.752,cam1-001-001386-0,7371859.142196,340678.6438962096,389.1706237792969,LetabaExclosure,2020-12-07,2020-12-07 09:56:23.752,09:56:23,70.47031000000001,26.17812904444444
1387,114986.421,cam1-001-001387-0,7371872.464673989,340662.09165732143,389.1716613769531,LetabaExclosure,2020-12-07,2020-12-07 09:56:26.421,09:56:26,70.46697375,26.178892675
1388,114987.756,cam1-001-001388-0,7371879.246639369,340653.8308134865,389.188720703125,LetabaExclosure,2020-12-07,2020-12-07 09:56:27.756,09:56:27,70.46530500000001,26.179274633333332
1389,114989.758,cam1-001-001389-0,7371889.083035944,340641.43684207357,389.41204833984375,LetabaExclosure,2020-12-07,2020-12-07 09:56:29.758,09:56:29,70.4628025,26.179847427777776
1390,114991.76,cam1-001-001390-0,7371898.837822348,340628.3846973763,389.7454528808594,LetabaExclosure,2020-12-07,2020-12-07 09:56:31.760,09:56:31,70.4603,26.18042022222222
1391,114993.895,cam1-001-001391-0,7371908.95690259,340615.00670467154,389.65643310546875,LetabaExclosure,2020-12-07,2020-12-07 09:56:33.895,09:56:33,70.45763124999999,26.181031069444444
1392,114996.298,cam1-001-001392-0,7371921.234477697,340599.8947948198,389.3766784667969,LetabaExclosure,2020-12-07,2020-12-07 09:56:36.298,09:56:36,70.45462750000002,26.18171859444444
1393,114997.766,cam1-001-001393-0,7371928.297862764,340590.96538063354,389.33782958984375,LetabaExclosure,2020-12-07,2020-12-07 09:56:37.766,09:56:37,70.4527925,26.182138605555554
1394,114999.768,cam1-001-001394-0,7371937.876168553,340578.3787692742,389.4857177734375,LetabaExclosure,2020-12-07,2020-12-07 09:56:39.768,09:56:39,70.45029000000001,26.1827114
1395,115001.77,cam1-001-001395-0,7371948.195529523,340565.57138788176,389.5529479980469,LetabaExclosure,2020-12-07,2020-12-07 09:56:41.770,09:56:41,70.4477875,26.183284194444443
1396,115004.439,cam1-001-001396-0,7371961.366751348,340548.9380957688,389.4975280761719,LetabaExclosure,2020-12-07,2020-12-07 09:56:44.439,09:56:44,70.44445125,26.184047824999997
1397,115005.774,cam1-001-001397-0,7371968.142724011,340540.3681042894,389.40228271484375,LetabaExclosure,2020-12-07,2020-12-07 09:56:45.774,09:56:45,70.44278249999999,26.184429783333332
1398,115007.776,cam1-001-001398-0,7371978.014198242,340527.87766586966,389.09051513671875,LetabaExclosure,2020-12-07,2020-12-07 09:56:47.776,09:56:47,70.44028,26.185002577777777
1399,115009.778,cam1-001-001399-0,7371988.053602044,340514.74558158946,388.8527526855469,LetabaExclosure,2020-12-07,2020-12-07 09:56:49.778,09:56:49,70.4377775,26.18557537222222
1400,115012.313,cam1-001-001400-0,7372000.70302069,340498.8743976644,388.3972473144531,LetabaExclosure,2020-12-07,2020-12-07 09:56:52.313,09:56:52,70.43460875000001,26.186300663888886
1401,115013.782,cam1-001-001401-0,7372007.86458022,340489.8825042342,388.1526184082031,LetabaExclosure,2020-12-07,2020-12-07 09:56:53.782,09:56:53,70.4327725,26.18672096111111
1402,115015.784,cam1-001-001402-0,7372017.560788776,340477.4517665276,387.98565673828125,LetabaExclosure,2020-12-07,2020-12-07 09:56:55.784,09:56:55,70.43027000000001,26.187293755555554
1403,115017.786,cam1-001-001403-0,7372027.757232336,340464.59008570656,387.9223327636719,LetabaExclosure,2020-12-07,2020-12-07 09:56:57.786,09:56:57,70.42776750000002,26.187866549999995
1404,115020.455,cam1-001-001404-0,7372040.7350697005,340448.2189845055,387.92889404296875,LetabaExclosure,2020-12-07,2020-12-07 09:57:00.455,09:57:00,70.42443125,26.188630180555556
1405,115021.79,cam1-001-001405-0,7372047.406560153,340439.681588308,387.9476318359375,LetabaExclosure,2020-12-07,2020-12-07 09:57:01.790,09:57:01,70.4227625,26.189012138888884
1406,115023.792,cam1-001-001406-0,7372057.038327426,340427.10794430366,388.0277099609375,LetabaExclosure,2020-12-07,2020-12-07 09:57:03.792,09:57:03,70.42026,26.189584933333332
1407,115025.794,cam1-001-001407-0,7372066.63885401,340414.9132380888,388.1203308105469,LetabaExclosure,2020-12-07,2020-12-07 09:57:05.794,09:57:05,70.41775750000001,26.190157727777773
1408,115027.796,cam1-001-001408-0,7372072.572368282,340409.4598559449,388.22943115234375,LetabaExclosure,2020-12-07,2020-12-07 09:57:07.796,09:57:07,70.415255,26.19073052222222
1409,115030.064,cam1-001-001409-0,7372072.352852038,340405.2843039301,388.70013427734375,LetabaExclosure,2020-12-07,2020-12-07 09:57:10.064,09:57:10,70.41242,26.19137942222222
1410,115031.799,cam1-001-001410-0,7372070.884294337,340392.7490793818,388.9278564453125,LetabaExclosure,2020-12-07,2020-12-07 09:57:11.799,09:57:11,70.41025125,26.191875824999997
1411,115033.801,cam1-001-001411-0,7372070.510221783,340375.4849387505,388.6066589355469,LetabaExclosure,2020-12-07,2020-12-07 09:57:13.801,09:57:13,70.40774875,26.192448619444445
1412,115035.803,cam1-001-001412-0,7372070.422799351,340357.9272502396,388.2676086425781,LetabaExclosure,2020-12-07,2020-12-07 09:57:15.803,09:57:15,70.40524625,26.193021413888886
1413,115038.339,cam1-001-001413-0,7372069.882754858,340337.22877627355,387.8969421386719,LetabaExclosure,2020-12-07,2020-12-07 09:57:18.339,09:57:18,70.40207625,26.193746991666668
1414,115039.807,cam1-001-001414-0,7372069.577452857,340325.6937418268,387.7069091796875,LetabaExclosure,2020-12-07,2020-12-07 09:57:19.807,09:57:19,70.40024125000001,26.194167002777778
1415,115041.809,cam1-001-001415-0,7372068.98311163,340309.7910106979,387.5622253417969,LetabaExclosure,2020-12-07,2020-12-07 09:57:21.809,09:57:21,70.39773875000002,26.19473979722222
1416,115043.811,cam1-001-001416-0,7372068.174177511,340294.02536338347,387.44879150390625,LetabaExclosure,2020-12-07,2020-12-07 09:57:23.811,09:57:23,70.39523625,26.195312591666667
1417,115046.347,cam1-001-001417-0,7372067.085931858,340273.81209036184,387.3935241699219,LetabaExclosure,2020-12-07,2020-12-07 09:57:26.347,09:57:26,70.39206625000001,26.196038169444442
1418,115047.815,cam1-001-001418-0,7372066.428145053,340261.8788675051,387.45635986328125,LetabaExclosure,2020-12-07,2020-12-07 09:57:27.815,09:57:27,70.39023125,26.196458180555556
1419,115049.817,cam1-001-001419-0,7372065.50079739,340246.26631077006,387.8481140136719,LetabaExclosure,2020-12-07,2020-12-07 09:57:29.817,09:57:29,70.38772875000001,26.197030974999997
1420,115051.819,cam1-001-001420-0,7372059.923390649,340241.6177726898,387.8712463378906,LetabaExclosure,2020-12-07,2020-12-07 09:57:31.819,09:57:31,70.38522625,26.197603769444445
1421,115053.821,cam1-001-001421-0,7372056.8931243215,340243.9976890857,388.49005126953125,LetabaExclosure,2020-12-07,2020-12-07 09:57:33.821,09:57:33,70.38272375000001,26.198176563888886
1422,115056.357,cam1-001-001422-0,7372051.4383796975,340250.813789555,388.9496154785156,LetabaExclosure,2020-12-07,2020-12-07 09:57:36.357,09:57:36,70.37955375,26.198902141666665
1423,115057.825,cam1-001-001423-0,7372044.134309117,340259.5251538842,388.7862548828125,LetabaExclosure,2020-12-07,2020-12-07 09:57:37.825,09:57:37,70.37771875000001,26.199322152777775
1424,115059.827,cam1-001-001424-0,7372033.091640949,340273.0631503618,388.9147644042969,LetabaExclosure,2020-12-07,2020-12-07 09:57:39.827,09:57:39,70.37521625,26.199894947222223
1425,115061.829,cam1-001-001425-0,7372022.592671718,340286.1148361154,389.0154724121094,LetabaExclosure,2020-12-07,2020-12-07 09:57:41.829,09:57:41,70.37271375,26.200467741666664
1426,115063.831,cam1-001-001426-0,7372012.496932217,340299.3897449755,388.9112243652344,LetabaExclosure,2020-12-07,2020-12-07 09:57:43.831,09:57:43,70.37021125,26.201040536111112
1427,115066.367,cam1-001-001427-0,7372000.080942981,340315.19606713706,389.14849853515625,LetabaExclosure,2020-12-07,2020-12-07 09:57:46.367,09:57:46,70.36704125,26.201766113888887
1428,115067.702,cam1-001-001428-0,7371996.63093649,340319.4270241279,389.27117919921875,LetabaExclosure,2020-12-07,2020-12-07 09:57:47.702,09:57:47,70.36537249999999,26.202148072222222
1429,115069.704,cam1-001-001429-0,7371994.011512119,340322.58341941197,389.31964111328125,LetabaExclosure,2020-12-07,2020-12-07 09:57:49.704,09:57:49,70.36287,26.202720866666663
1430,115071.706,cam1-001-001430-0,7371992.412687227,340332.6240438024,389.0945129394531,LetabaExclosure,2020-12-07,2020-12-07 09:57:51.706,09:57:51,70.3603675,26.20329366111111
1431,115074.375,cam1-001-001431-0,7371992.457561625,340352.6763846577,388.18817138671875,LetabaExclosure,2020-12-07,2020-12-07 09:57:54.375,09:57:54,70.35703125,26.204057291666665
1432,115075.71,cam1-001-001432-0,7371992.572316463,340362.43532826356,387.3298034667969,LetabaExclosure,2020-12-07,2020-12-07 09:57:55.710,09:57:55,70.3553625,26.20443925
1433,115077.712,cam1-001-001433-0,7371994.5032001175,340378.72320623504,385.2475891113281,LetabaExclosure,2020-12-07,2020-12-07 09:57:57.712,09:57:57,70.35286,26.205012044444445
1434,115079.714,cam1-001-001434-0,7371996.733745284,340394.83909577254,382.7189025878906,LetabaExclosure,2020-12-07,2020-12-07 09:57:59.714,09:57:59,70.3503575,26.20558483888889
1435,115082.383,cam1-001-001435-0,7372000.634511033,340418.0782593094,379.5135498046875,LetabaExclosure,2020-12-07,2020-12-07 09:58:02.383,09:58:02,70.34702125,26.206348469444443
1436,115083.718,cam1-001-001436-0,7372003.358781488,340430.0927363786,377.7153625488281,LetabaExclosure,2020-12-07,2020-12-07 09:58:03.718,09:58:03,70.34535250000002,26.206730427777774
1437,115085.72,cam1-001-001437-0,7372008.093521114,340448.7609003582,374.96234130859375,LetabaExclosure,2020-12-07,2020-12-07 09:58:05.720,09:58:05,70.34285,26.207303222222222
1438,115087.722,cam1-001-001438-0,7372013.860084406,340467.61806324526,372.0549011230469,LetabaExclosure,2020-12-07,2020-12-07 09:58:07.722,09:58:07,70.34034750000001,26.207876016666663
1439,115089.857,cam1-001-001439-0,7372022.129773504,340486.49371318077,368.702880859375,LetabaExclosure,2020-12-07,2020-12-07 09:58:09.857,09:58:09,70.33767875,26.20848686388889
1440,115092.26,cam1-001-001440-0,7372031.401827339,340507.6647363433,364.78387451171875,LetabaExclosure,2020-12-07,2020-12-07 09:58:12.260,09:58:12,70.334675,26.209174388888886
1441,115093.728,cam1-001-001441-0,7372037.032862153,340520.62298532185,362.24298095703125,LetabaExclosure,2020-12-07,2020-12-07 09:58:13.728,09:58:13,70.33284,26.2095944
1442,115095.73,cam1-001-001442-0,7372045.222565781,340539.63540457527,358.9466857910156,LetabaExclosure,2020-12-07,2020-12-07 09:58:15.730,09:58:15,70.33033750000001,26.21016719444444
1443,115097.732,cam1-001-001443-0,7372053.604774567,340559.2257117812,355.7525939941406,LetabaExclosure,2020-12-07,2020-12-07 09:58:17.732,09:58:17,70.327835,26.21073998888889
1444,115100.401,cam1-001-001444-0,7372064.345192613,340585.52986225334,352.052978515625,LetabaExclosure,2020-12-07,2020-12-07 09:58:20.401,09:58:20,70.32449875,26.211503619444443
1445,115101.736,cam1-001-001445-0,7372069.394851533,340597.9466835,350.6051940917969,LetabaExclosure,2020-12-07,2020-12-07 09:58:21.736,09:58:21,70.32283,26.211885577777778
1446,115103.738,cam1-001-001446-0,7372076.784450076,340616.6128801316,347.9873352050781,LetabaExclosure,2020-12-07,2020-12-07 09:58:23.738,09:58:23,70.3203275,26.21245837222222
1447,115105.74,cam1-001-001447-0,7372084.106766608,340634.51437163167,345.15887451171875,LetabaExclosure,2020-12-07,2020-12-07 09:58:25.740,09:58:25,70.317825,26.213031166666667
1448,115107.875,cam1-001-001448-0,7372092.0222364105,340653.70165014185,342.00811767578125,LetabaExclosure,2020-12-07,2020-12-07 09:58:27.875,09:58:27,70.31515625,26.213642013888887
1449,115110.277,cam1-001-001449-0,7372105.240035645,340671.07086981786,338.8503723144531,LetabaExclosure,2020-12-07,2020-12-07 09:58:30.277,09:58:30,70.31215375,26.214329252777777
1450,115111.746,cam1-001-001450-0,7372116.213384744,340678.28281392774,336.9977722167969,LetabaExclosure,2020-12-07,2020-12-07 09:58:31.746,09:58:31,70.3103175,26.214749549999997
1451,115113.748,cam1-001-001451-0,7372132.102033732,340689.30506134673,334.02923583984375,LetabaExclosure,2020-12-07,2020-12-07 09:58:33.748,09:58:33,70.30781499999999,26.215322344444445
1452,115115.75,cam1-001-001452-0,7372148.189988867,340700.98148633505,331.14111328125,LetabaExclosure,2020-12-07,2020-12-07 09:58:35.750,09:58:35,70.3053125,26.215895138888886
1453,115118.419,cam1-001-001453-0,7372168.858588709,340716.91108062596,327.5794982910156,LetabaExclosure,2020-12-07,2020-12-07 09:58:38.419,09:58:38,70.30197625000001,26.216658769444443
1454,115119.754,cam1-001-001454-0,7372178.298832068,340724.19797109754,325.80584716796875,LetabaExclosure,2020-12-07,2020-12-07 09:58:39.754,09:58:39,70.3003075,26.21704072777778
1455,115121.756,cam1-001-001455-0,7372193.391407652,340735.9513580342,322.739013671875,LetabaExclosure,2020-12-07,2020-12-07 09:58:41.756,09:58:41,70.29780500000001,26.21761352222222
1456,115123.757,cam1-001-001456-0,7372207.671696196,340747.03319593903,318.8929748535156,LetabaExclosure,2020-12-07,2020-12-07 09:58:43.757,09:58:43,70.29530375,26.218186030555554
1457,115125.893,cam1-001-001457-0,7372221.30534848,340758.842742932,314.2078552246094,LetabaExclosure,2020-12-07,2020-12-07 09:58:45.893,09:58:45,70.29263375000001,26.218797163888887
1458,115128.295,cam1-001-001458-0,7372235.92543612,340771.34507813305,309.11639404296875,LetabaExclosure,2020-12-07,2020-12-07 09:58:48.295,09:58:48,70.28963125,26.219484402777777
1459,115129.763,cam1-001-001459-0,7372243.600918511,340778.704523808,306.4208068847656,LetabaExclosure,2020-12-07,2020-12-07 09:58:49.763,09:58:49,70.28779625,26.21990441388889
1460,115131.765,cam1-001-001460-0,7372253.2639716435,340788.9788546839,302.81781005859375,LetabaExclosure,2020-12-07,2020-12-07 09:58:51.765,09:58:51,70.28529375000001,26.22047720833333
1461,115133.767,cam1-001-001461-0,7372260.654560261,340799.52524514904,299.4854431152344,LetabaExclosure,2020-12-07,2020-12-07 09:58:53.767,09:58:53,70.28279124999999,26.22105000277778
1462,115136.437,cam1-001-001462-0,7372267.669195613,340810.7885767392,296.25433349609375,LetabaExclosure,2020-12-07,2020-12-07 09:58:56.437,09:58:56,70.27945375,26.221813919444443
1463,115137.771,cam1-001-001463-0,7372270.13742305,340814.63573057594,295.2262878417969,LetabaExclosure,2020-12-07,2020-12-07 09:58:57.771,09:58:57,70.27778625,26.22219559166666
1464,115139.773,cam1-001-001464-0,7372274.131394697,340820.39808866335,293.7666320800781,LetabaExclosure,2020-12-07,2020-12-07 09:58:59.773,09:58:59,70.27528375,26.22276838611111
1465,115141.775,cam1-001-001465-0,7372278.314927835,340825.9125191318,292.94140625,LetabaExclosure,2020-12-07,2020-12-07 09:59:01.775,09:59:01,70.27278125000001,26.223341180555554
1466,115144.311,cam1-001-001466-0,7372281.7534367815,340831.42948574864,292.0821228027344,LetabaExclosure,2020-12-07,2020-12-07 09:59:04.311,09:59:04,70.26961125,26.224066758333333
1467,115145.779,cam1-001-001467-0,7372283.029809907,340834.6619200688,291.775634765625,LetabaExclosure,2020-12-07,2020-12-07 09:59:05.779,09:59:05,70.26777625000001,26.224486769444443
1468,115147.781,cam1-001-001468-0,7372283.45640685,340837.327281249,291.3822021484375,LetabaExclosure,2020-12-07,2020-12-07 09:59:07.781,09:59:07,70.26527375,26.225059563888887
1469,115149.783,cam1-001-001469-0,7372282.753835591,340838.1232479265,291.29144287109375,LetabaExclosure,2020-12-07,2020-12-07 09:59:09.783,09:59:09,70.26277125000001,26.225632358333332
1470,115151.785,cam1-001-001470-0,7372282.7367733605,340839.6190702824,290.9424743652344,LetabaExclosure,2020-12-07,2020-12-07 09:59:11.785,09:59:11,70.26026875,26.226205152777776
1471,115154.321,cam1-001-001471-0,7372282.347284918,340840.242786575,290.12396240234375,LetabaExclosure,2020-12-07,2020-12-07 09:59:14.321,09:59:14,70.25709875000001,26.22693073055555
1472,115155.789,cam1-001-001472-0,7372282.550294105,340839.8786030391,289.6860656738281,LetabaExclosure,2020-12-07,2020-12-07 09:59:15.789,09:59:15,70.25526375,26.227350741666665
1473,115157.791,cam1-001-001473-0,7372282.3867603475,340840.2456991291,288.9691162109375,LetabaExclosure,2020-12-07,2020-12-07 09:59:17.791,09:59:17,70.25276125,26.22792353611111
1474,115159.793,cam1-001-001474-0,7372282.317257464,340840.21409923234,287.9568786621094,LetabaExclosure,2020-12-07,2020-12-07 09:59:19.793,09:59:19,70.25025875,26.228496330555554
1475,115162.329,cam1-001-001475-0,7372282.324888093,340839.9942180105,286.85498046875,LetabaExclosure,2020-12-07,2020-12-07 09:59:22.329,09:59:22,70.24708875,26.229221908333333
1476,115163.797,cam1-001-001476-0,7372282.378467992,340839.9006238616,286.58233642578125,LetabaExclosure,2020-12-07,2020-12-07 09:59:23.797,09:59:23,70.24525374999999,26.229641919444443
1477,115165.799,cam1-001-001477-0,7372282.260950305,340839.9327212083,286.3517761230469,LetabaExclosure,2020-12-07,2020-12-07 09:59:25.799,09:59:25,70.24275125,26.230214713888888
1478,115167.801,cam1-001-001478-0,7372282.2624877775,340839.9327311041,286.3484191894531,LetabaExclosure,2020-12-07,2020-12-07 09:59:27.801,09:59:27,70.24024874999999,26.230787508333332
1479,115170.337,cam1-001-001479-0,7372282.262888925,340839.93300952675,286.34698486328125,LetabaExclosure,2020-12-07,2020-12-07 09:59:30.337,09:59:30,70.23707875000001,26.23151308611111
1480,115171.805,cam1-001-001480-0,7372282.26264715,340839.93316285464,286.3468322753906,LetabaExclosure,2020-12-07,2020-12-07 09:59:31.805,09:59:31,70.23524375000001,26.231933097222218
1481,115173.807,cam1-001-001481-0,7372282.262647225,340839.9331564003,286.3468322753906,LetabaExclosure,2020-12-07,2020-12-07 09:59:33.807,09:59:33,70.23274125,26.232505891666666
1482,115175.809,cam1-001-001482-0,7372282.262658206,340839.932972347,286.3468017578125,LetabaExclosure,2020-12-07,2020-12-07 09:59:35.809,09:59:35,70.23023875000001,26.233078686111106
1483,115177.811,cam1-001-001483-0,7372282.262652542,340839.9330747329,286.3468322753906,LetabaExclosure,2020-12-07,2020-12-07 09:59:37.811,09:59:37,70.22773625,26.233651480555555
1484,115180.347,cam1-001-001484-0,7372282.262652542,340839.9330747329,286.3468322753906,LetabaExclosure,2020-12-07,2020-12-07 09:59:40.347,09:59:40,70.22456625000001,26.23437705833333
1485,115181.815,cam1-001-001485-0,7372282.262652542,340839.9330747329,286.3468322753906,LetabaExclosure,2020-12-07,2020-12-07 09:59:41.815,09:59:41,70.22273125,26.234797069444443
1486,115183.817,cam1-001-001486-0,7372282.262652542,340839.9330747329,286.3468322753906,LetabaExclosure,2020-12-07,2020-12-07 09:59:43.817,09:59:43,70.22022875,26.235369863888884
1487,115185.819,cam1-001-001487-0,7372282.262652542,340839.9330747329,286.3468322753906,LetabaExclosure,2020-12-07,2020-12-07 09:59:45.819,09:59:45,70.21772625,26.235942658333332
1488,115188.355,cam1-001-001488-0,7372282.262652542,340839.9330747329,286.3468322753906,LetabaExclosure,2020-12-07,2020-12-07 09:59:48.355,09:59:48,70.21455625000002,26.236668236111107
1489,115189.823,cam1-001-001489-0,7372282.262652542,340839.9330747329,286.3468322753906,LetabaExclosure,2020-12-07,2020-12-07 09:59:49.823,09:59:49,70.21272125,26.23708824722222
1490,115191.825,cam1-001-001490-0,7372282.262652542,340839.9330747329,286.3468322753906,LetabaExclosure,2020-12-07,2020-12-07 09:59:51.825,09:59:51,70.21021875000001,26.237661041666666
1491,115193.827,cam1-001-001491-0,7372282.262652542,340839.9330747329,286.3468322753906,LetabaExclosure,2020-12-07,2020-12-07 09:59:53.827,09:59:53,70.20771625,26.23823383611111
1492,115195.829,cam1-001-001492-0,7372282.262652542,340839.9330747329,286.3468322753906,LetabaExclosure,2020-12-07,2020-12-07 09:59:55.829,09:59:55,70.20521375000001,26.238806630555555
1493,115198.365,cam1-001-001493-0,7372282.262652542,340839.9330747329,286.3468322753906,LetabaExclosure,2020-12-07,2020-12-07 09:59:58.365,09:59:58,70.20204375,26.239532208333333
1494,115199.833,cam1-001-001494-0,7372282.262652542,340839.9330747329,286.3468322753906,LetabaExclosure,2020-12-07,2020-12-07 09:59:59.833,09:59:59,70.20020875,26.239952219444444
1495,115201.835,cam1-001-001495-0,7372282.262652542,340839.9330747329,286.3468322753906,LetabaExclosure,2020-12-07,2020-12-07 10:00:01.835,10:00:01,70.19694166666666,26.240632055555555
1496,115203.837,cam1-001-001496-0,7372282.262652542,340839.9330747329,286.3468322753906,LetabaExclosure,2020-12-07,2020-12-07 10:00:03.837,10:00:03,70.193605,26.24132163333333
1497,115206.373,cam1-001-001497-0,7372282.262652542,340839.9330747329,286.3468322753906,LetabaExclosure,2020-12-07,2020-12-07 10:00:06.373,10:00:06,70.18937833333332,26.242195144444445
1498,115207.708,cam1-001-001498-0,7372282.262652542,340839.9330747329,286.3468322753906,LetabaExclosure,2020-12-07,2020-12-07 10:00:07.708,10:00:07,70.18715333333334,26.242654977777775
1499,115209.71,cam1-001-001499-0,7372282.262652542,340839.9330747329,286.3468322753906,LetabaExclosure,2020-12-07,2020-12-07 10:00:09.710,10:00:09,70.18381666666666,26.243344555555556
1500,115211.712,cam1-001-001500-0,7372282.262652542,340839.9330747329,286.3468322753906,LetabaExclosure,2020-12-07,2020-12-07 10:00:11.712,10:00:11,70.18048,26.244034133333333
1501,115213.847,cam1-001-001501-0,7372282.262652542,340839.9330747329,286.3468322753906,LetabaExclosure,2020-12-07,2020-12-07 10:00:13.847,10:00:13,70.17692166666667,26.244769522222217
1502,115216.249,cam1-001-001502-0,7372282.262652542,340839.9330747329,286.3468322753906,LetabaExclosure,2020-12-07,2020-12-07 10:00:16.249,10:00:16,70.17291833333334,26.245596877777775
1503,115217.717,cam1-001-001503-0,7372282.262652542,340839.9330747329,286.3468322753906,LetabaExclosure,2020-12-07,2020-12-07 10:00:17.717,10:00:17,70.17047166666666,26.246102522222223
1504,115219.719,cam1-001-001504-0,7372282.262652542,340839.9330747329,286.3468322753906,LetabaExclosure,2020-12-07,2020-12-07 10:00:19.719,10:00:19,70.167135,26.246792099999997
1505,115221.721,cam1-001-001505-0,7372282.262652542,340839.9330747329,286.3468322753906,LetabaExclosure,2020-12-07,2020-12-07 10:00:21.721,10:00:21,70.16379833333333,26.247481677777778
1506,115224.391,cam1-001-001506-0,7372282.262652542,340839.9330747329,286.3468322753906,LetabaExclosure,2020-12-07,2020-12-07 10:00:24.391,10:00:24,70.15934833333333,26.248401344444446
1507,115225.725,cam1-001-001507-0,7372282.262652542,340839.9330747329,286.3468322753906,LetabaExclosure,2020-12-07,2020-12-07 10:00:25.725,10:00:25,70.157125,26.248860833333335
1508,115227.727,cam1-001-001508-0,7372282.262652542,340839.9330747329,286.3468322753906,LetabaExclosure,2020-12-07,2020-12-07 10:00:27.727,10:00:27,70.15378833333334,26.24955041111111
1509,115229.729,cam1-001-001509-0,7372282.262652542,340839.9330747329,286.3468322753906,LetabaExclosure,2020-12-07,2020-12-07 10:00:29.729,10:00:29,70.15045166666665,26.25023998888889
1510,115232.399,cam1-001-001510-0,7372282.262652542,340839.9330747329,286.3468322753906,LetabaExclosure,2020-12-07,2020-12-07 10:00:32.399,10:00:32,70.14600166666666,26.251159655555554
1511,115233.733,cam1-001-001511-0,7372282.262652542,340839.9330747329,286.3468322753906,LetabaExclosure,2020-12-07,2020-12-07 10:00:33.733,10:00:33,70.14377833333334,26.25161914444444
1512,115235.735,cam1-001-001512-0,7372282.262652542,340839.9330747329,286.3468322753906,LetabaExclosure,2020-12-07,2020-12-07 10:00:35.735,10:00:35,70.14044166666667,26.25230872222222
1513,115237.737,cam1-001-001513-0,7372282.262652542,340839.9330747329,286.3468322753906,LetabaExclosure,2020-12-07,2020-12-07 10:00:37.737,10:00:37,70.13710500000002,26.252998299999998
1514,115239.873,cam1-001-001514-0,7372282.262650336,340839.933111952,286.3468322753906,LetabaExclosure,2020-12-07,2020-12-07 10:00:39.873,10:00:39,70.133545,26.253734033333334
1515,115242.275,cam1-001-001515-0,7372282.262650336,340839.933111952,286.3468322753906,LetabaExclosure,2020-12-07,2020-12-07 10:00:42.275,10:00:42,70.12954166666668,26.254561388888884
1516,115243.743,cam1-001-001516-0,7372282.262650336,340839.933111952,286.3468322753906,LetabaExclosure,2020-12-07,2020-12-07 10:00:43.743,10:00:43,70.127095,26.255067033333333
1517,115245.745,cam1-001-001517-0,7372282.262650336,340839.933111952,286.3468322753906,LetabaExclosure,2020-12-07,2020-12-07 10:00:45.745,10:00:45,70.12375833333334,26.255756611111106
1518,115247.747,cam1-001-001518-0,7372282.262650336,340839.933111952,286.3468322753906,LetabaExclosure,2020-12-07,2020-12-07 10:00:47.747,10:00:47,70.12042166666666,26.256446188888887
1519,115250.417,cam1-001-001519-0,7372282.262650336,340839.933111952,286.3468322753906,LetabaExclosure,2020-12-07,2020-12-07 10:00:50.417,10:00:50,70.11597166666667,26.257365855555555
1520,115251.751,cam1-001-001520-0,7372282.262650336,340839.933111952,286.3468322753906,LetabaExclosure,2020-12-07,2020-12-07 10:00:51.751,10:00:51,70.11374833333333,26.257825344444445
1521,115253.753,cam1-001-001521-0,7372282.262650336,340839.933111952,286.3468322753906,LetabaExclosure,2020-12-07,2020-12-07 10:00:53.753,10:00:53,70.11041166666668,26.25851492222222
1522,115255.755,cam1-001-001522-0,7372282.262650336,340839.933111952,286.3468322753906,LetabaExclosure,2020-12-07,2020-12-07 10:00:55.755,10:00:55,70.107075,26.2592045
1523,115257.891,cam1-001-001523-0,7372282.262650336,340839.933111952,286.3468322753906,LetabaExclosure,2020-12-07,2020-12-07 10:00:57.891,10:00:57,70.103515,26.25994023333333
1524,115260.293,cam1-001-001524-0,7372282.262650336,340839.933111952,286.3468322753906,LetabaExclosure,2020-12-07,2020-12-07 10:01:00.293,10:01:00,70.09951166666666,26.26076758888889
1525,115261.761,cam1-001-001525-0,7372282.262650336,340839.933111952,286.3468322753906,LetabaExclosure,2020-12-07,2020-12-07 10:01:01.761,10:01:01,70.097065,26.26127323333333
1526,115263.763,cam1-001-001526-0,7372282.262650336,340839.933111952,286.3468322753906,LetabaExclosure,2020-12-07,2020-12-07 10:01:03.763,10:01:03,70.09372833333333,26.26196281111111
1527,115265.765,cam1-001-001527-0,7372282.262650336,340839.933111952,286.3468322753906,LetabaExclosure,2020-12-07,2020-12-07 10:01:05.765,10:01:05,70.09039166666668,26.26265238888889
1528,115268.435,cam1-001-001528-0,7372282.262650336,340839.933111952,286.3468322753906,LetabaExclosure,2020-12-07,2020-12-07 10:01:08.435,10:01:08,70.08594166666667,26.263572055555553
1529,115269.769,cam1-001-001529-0,7372282.262650336,340839.933111952,286.3468322753906,LetabaExclosure,2020-12-07,2020-12-07 10:01:09.769,10:01:09,70.08371833333334,26.264031544444443
1530,115271.771,cam1-001-001530-0,7372282.262650336,340839.933111952,286.3468322753906,LetabaExclosure,2020-12-07,2020-12-07 10:01:11.771,10:01:11,70.08038166666668,26.26472112222222
1531,115273.773,cam1-001-001531-0,7372282.262650336,340839.933111952,286.3468322753906,LetabaExclosure,2020-12-07,2020-12-07 10:01:13.773,10:01:13,70.077045,26.2654107
1532,115275.909,cam1-001-001532-0,7372282.262650336,340839.933111952,286.3468322753906,LetabaExclosure,2020-12-07,2020-12-07 10:01:15.909,10:01:15,70.073485,26.266146433333333
1533,115278.311,cam1-001-001533-0,7372282.262650336,340839.933111952,286.3468322753906,LetabaExclosure,2020-12-07,2020-12-07 10:01:18.311,10:01:18,70.06948166666666,26.266973788888887
1534,115279.779,cam1-001-001534-0,7372282.262650336,340839.933111952,286.3468322753906,LetabaExclosure,2020-12-07,2020-12-07 10:01:19.779,10:01:19,70.067035,26.26747943333333
1535,115281.781,cam1-001-001535-0,7372282.262650336,340839.933111952,286.3468322753906,LetabaExclosure,2020-12-07,2020-12-07 10:01:21.781,10:01:21,70.06369833333333,26.26816901111111
1536,115283.783,cam1-001-001536-0,7372282.262650336,340839.933111952,286.3468322753906,LetabaExclosure,2020-12-07,2020-12-07 10:01:23.783,10:01:23,70.06036166666668,26.268858588888886
1537,115286.452,cam1-001-001537-0,7372282.262650336,340839.933111952,286.3468322753906,LetabaExclosure,2020-12-07,2020-12-07 10:01:26.452,10:01:26,70.05591333333332,26.26977791111111
1538,115287.787,cam1-001-001538-0,7372282.262650336,340839.933111952,286.3468322753906,LetabaExclosure,2020-12-07,2020-12-07 10:01:27.787,10:01:27,70.05368833333334,26.27023774444444
1539,115289.789,cam1-001-001539-0,7372282.262650336,340839.933111952,286.3468322753906,LetabaExclosure,2020-12-07,2020-12-07 10:01:29.789,10:01:29,70.05035166666666,26.27092732222222
1540,115291.791,cam1-001-001540-0,7372282.262650336,340839.933111952,286.3468322753906,LetabaExclosure,2020-12-07,2020-12-07 10:01:31.791,10:01:31,70.047015,26.271616899999998
1541,115294.327,cam1-001-001541-0,7372282.262650336,340839.933111952,286.3468322753906,LetabaExclosure,2020-12-07,2020-12-07 10:01:34.327,10:01:34,70.04278833333333,26.27249041111111
1542,115295.795,cam1-001-001542-0,7372282.262650336,340839.933111952,286.3468322753906,LetabaExclosure,2020-12-07,2020-12-07 10:01:35.795,10:01:35,70.04034166666668,26.272996055555552
1543,115297.797,cam1-001-001543-0,7372282.262650336,340839.933111952,286.3468322753906,LetabaExclosure,2020-12-07,2020-12-07 10:01:37.797,10:01:37,70.037005,26.273685633333333
1544,115299.799,cam1-001-001544-0,7372282.264731805,340839.9322931593,286.3442687988281,LetabaExclosure,2020-12-07,2020-12-07 10:01:39.799,10:01:39,70.03366833333334,26.27437521111111
1545,115301.801,cam1-001-001545-0,7372282.264731515,340839.93223559286,286.3436584472656,LetabaExclosure,2020-12-07,2020-12-07 10:01:41.801,10:01:41,70.03033166666665,26.27506478888889
1546,115304.337,cam1-001-001546-0,7372282.264731523,340839.9322368683,286.3436584472656,LetabaExclosure,2020-12-07,2020-12-07 10:01:44.337,10:01:44,70.026105,26.2759383
1547,115305.805,cam1-001-001547-0,7372282.264731515,340839.93223560194,286.3436279296875,LetabaExclosure,2020-12-07,2020-12-07 10:01:45.805,10:01:45,70.02365833333334,26.27644394444444
1548,115307.807,cam1-001-001548-0,7372282.264731515,340839.9322356071,286.3436584472656,LetabaExclosure,2020-12-07,2020-12-07 10:01:47.807,10:01:47,70.02032166666667,26.277133522222222
1549,115309.809,cam1-001-001549-0,7372282.264731515,340839.9322355974,286.3436584472656,LetabaExclosure,2020-12-07,2020-12-07 10:01:49.809,10:01:49,70.01698500000002,26.277823099999996
1550,115312.345,cam1-001-001550-0,7372282.264731523,340839.9322368554,286.3436584472656,LetabaExclosure,2020-12-07,2020-12-07 10:01:52.345,10:01:52,70.01275833333334,26.27869661111111
1551,115313.813,cam1-001-001551-0,7372282.264731515,340839.93223559414,286.3436279296875,LetabaExclosure,2020-12-07,2020-12-07 10:01:53.813,10:01:53,70.01031166666668,26.279202255555553
1552,115315.815,cam1-001-001552-0,7372282.264731515,340839.93223560194,286.3436279296875,LetabaExclosure,2020-12-07,2020-12-07 10:01:55.815,10:01:55,70.006975,26.279891833333334
1553,115317.817,cam1-001-001553-0,7372282.264731515,340839.93223560776,286.3436584472656,LetabaExclosure,2020-12-07,2020-12-07 10:01:57.817,10:01:57,70.00363833333334,26.280581411111108
1554,115319.819,cam1-001-001554-0,7372282.264731515,340839.9322355974,286.3436584472656,LetabaExclosure,2020-12-07,2020-12-07 10:01:59.819,10:01:59,70.00030166666666,26.28127098888889
1555,115322.355,cam1-001-001555-0,7372282.264731523,340839.9322368554,286.3436584472656,LetabaExclosure,2020-12-07,2020-12-07 10:02:02.355,10:02:02,69.996075,26.282144499999998
1556,115323.823,cam1-001-001556-0,7372282.264731515,340839.93223559414,286.3436279296875,LetabaExclosure,2020-12-07,2020-12-07 10:02:03.823,10:02:03,69.99362833333333,26.282650144444446
1557,115325.825,cam1-001-001557-0,7372282.264731515,340839.93223562266,286.3436584472656,LetabaExclosure,2020-12-07,2020-12-07 10:02:05.825,10:02:05,69.99029166666668,26.28333972222222
1558,115327.827,cam1-001-001558-0,7372282.26473148,340839.932231421,286.3435363769531,LetabaExclosure,2020-12-07,2020-12-07 10:02:07.827,10:02:07,69.986955,26.2840293
1559,115330.363,cam1-001-001559-0,7372282.264933452,340839.93211290415,286.3454895019531,LetabaExclosure,2020-12-07,2020-12-07 10:02:10.363,10:02:10,69.98272833333334,26.28490281111111
1560,115331.831,cam1-001-001560-0,7372282.2647847105,340839.93214847066,286.3466796875,LetabaExclosure,2020-12-07,2020-12-07 10:02:11.831,10:02:11,69.98028166666666,26.285408455555554
1561,115333.833,cam1-001-001561-0,7372282.26616543,340839.93172987096,286.3482666015625,LetabaExclosure,2020-12-07,2020-12-07 10:02:13.833,10:02:13,69.976945,26.28609803333333
1562,115335.835,cam1-001-001562-0,7372282.152465226,340839.5041358137,288.0749206542969,LetabaExclosure,2020-12-07,2020-12-07 10:02:15.835,10:02:15,69.97360833333333,26.286787611111112
1563,115337.837,cam1-001-001563-0,7372282.251906382,340839.47030542063,290.72509765625,LetabaExclosure,2020-12-07,2020-12-07 10:02:17.837,10:02:17,69.97027166666668,26.287477188888886
1564,115340.239,cam1-001-001564-0,7372282.09624979,340839.6723462157,294.83551025390625,LetabaExclosure,2020-12-07,2020-12-07 10:02:20.239,10:02:20,69.96626833333333,26.288304544444443
1565,115341.707,cam1-001-001565-0,7372281.202457478,340839.14418369834,297.8855285644531,LetabaExclosure,2020-12-07,2020-12-07 10:02:21.707,10:02:21,69.96382166666668,26.288810188888885
1566,115343.843,cam1-001-001566-0,7372278.976651683,340835.8271538752,302.5782470703125,LetabaExclosure,2020-12-07,2020-12-07 10:02:23.843,10:02:23,69.96026166666668,26.289545922222217
1567,115345.711,cam1-001-001567-0,7372276.187114948,340828.9489196646,307.1212463378906,LetabaExclosure,2020-12-07,2020-12-07 10:02:25.711,10:02:25,69.95714833333335,26.290189344444443
1568,115348.381,cam1-001-001568-0,7372275.152680816,340815.6745607333,314.4505920410156,LetabaExclosure,2020-12-07,2020-12-07 10:02:28.381,10:02:28,69.95269833333334,26.291109011111107
1569,115349.715,cam1-001-001569-0,7372274.576411564,340809.14276999654,318.0093078613281,LetabaExclosure,2020-12-07,2020-12-07 10:02:29.715,10:02:29,69.95047500000001,26.291568499999997
1570,115351.717,cam1-001-001570-0,7372270.707520783,340801.08878210804,323.0939025878906,LetabaExclosure,2020-12-07,2020-12-07 10:02:31.717,10:02:31,69.94713833333333,26.292258077777777
1571,115353.719,cam1-001-001571-0,7372264.73080723,340792.85319289024,328.24066162109375,LetabaExclosure,2020-12-07,2020-12-07 10:02:33.719,10:02:33,69.94380166666667,26.292947655555555
1572,115355.855,cam1-001-001572-0,7372257.268928531,340781.96145757555,333.7829895019531,LetabaExclosure,2020-12-07,2020-12-07 10:02:35.855,10:02:35,69.94024166666668,26.293683388888887
1573,115358.257,cam1-001-001573-0,7372246.867950231,340767.21495316026,339.8182373046875,LetabaExclosure,2020-12-07,2020-12-07 10:02:38.257,10:02:38,69.93623833333334,26.29451074444444
1574,115359.725,cam1-001-001574-0,7372239.492245421,340756.6746865963,343.4972839355469,LetabaExclosure,2020-12-07,2020-12-07 10:02:39.725,10:02:39,69.93379166666666,26.29501638888889
1575,115361.727,cam1-001-001575-0,7372228.7963179005,340740.73901945446,348.6371765136719,LetabaExclosure,2020-12-07,2020-12-07 10:02:41.727,10:02:41,69.93045500000001,26.295705966666667
1576,115363.729,cam1-001-001576-0,7372219.073857682,340723.9094159322,354.10205078125,LetabaExclosure,2020-12-07,2020-12-07 10:02:43.729,10:02:43,69.92711833333333,26.296395544444444
1577,115366.399,cam1-001-001577-0,7372208.056821859,340700.7629856228,361.61505126953125,LetabaExclosure,2020-12-07,2020-12-07 10:02:46.399,10:02:46,69.92266833333333,26.297315211111112
1578,115367.733,cam1-001-001578-0,7372202.362195116,340688.95076027676,365.42547607421875,LetabaExclosure,2020-12-07,2020-12-07 10:02:47.733,10:02:47,69.92044500000002,26.297774699999994
1579,115369.735,cam1-001-001579-0,7372193.455496798,340671.39603008283,370.9579162597656,LetabaExclosure,2020-12-07,2020-12-07 10:02:49.735,10:02:49,69.91710833333333,26.298464277777775
1580,115371.737,cam1-001-001580-0,7372183.940887921,340653.08834594744,376.49267578125,LetabaExclosure,2020-12-07,2020-12-07 10:02:51.737,10:02:51,69.91377166666668,26.299153855555552
1581,115373.873,cam1-001-001581-0,7372173.29337392,340632.6970873774,382.4300231933594,LetabaExclosure,2020-12-07,2020-12-07 10:02:53.873,10:02:53,69.91021166666665,26.299889588888888
1582,115376.275,cam1-001-001582-0,7372161.196736847,340609.3940587272,389.0689392089844,LetabaExclosure,2020-12-07,2020-12-07 10:02:56.275,10:02:56,69.90620833333334,26.300716944444442
1583,115377.743,cam1-001-001583-0,7372153.386397847,340594.3183949797,393.2503662109375,LetabaExclosure,2020-12-07,2020-12-07 10:02:57.743,10:02:57,69.90376166666667,26.301222588888887
1584,115379.745,cam1-001-001584-0,7372143.177104398,340574.2993283921,398.8191223144531,LetabaExclosure,2020-12-07,2020-12-07 10:02:59.745,10:02:59,69.90042500000001,26.301912166666664
1585,115381.747,cam1-001-001585-0,7372133.9612384755,340553.573364937,404.3210754394531,LetabaExclosure,2020-12-07,2020-12-07 10:03:01.747,10:03:01,69.89708833333333,26.302601744444445
1586,115384.416,cam1-001-001586-0,7372123.764997795,340524.81849053246,411.2904968261719,LetabaExclosure,2020-12-07,2020-12-07 10:03:04.416,10:03:04,69.89264,26.303521066666665
1587,115385.751,cam1-001-001587-0,7372118.633200115,340510.4808695613,411.08465576171875,LetabaExclosure,2020-12-07,2020-12-07 10:03:05.751,10:03:05,69.89041499999999,26.3039809
1588,115387.753,cam1-001-001588-0,7372111.189207841,340489.83006610785,409.0462341308594,LetabaExclosure,2020-12-07,2020-12-07 10:03:07.753,10:03:07,69.88707833333333,26.304670477777776
1589,115389.755,cam1-001-001589-0,7372104.28495862,340470.1979698625,405.9422912597656,LetabaExclosure,2020-12-07,2020-12-07 10:03:09.755,10:03:09,69.88374166666667,26.305360055555557
1590,115392.424,cam1-001-001590-0,7372095.223463943,340444.3439082483,401.59033203125,LetabaExclosure,2020-12-07,2020-12-07 10:03:12.424,10:03:12,69.87929333333334,26.306279377777777
1591,115393.759,cam1-001-001591-0,7372090.635557204,340431.31854127545,399.2333679199219,LetabaExclosure,2020-12-07,2020-12-07 10:03:13.759,10:03:13,69.87706833333333,26.30673921111111
1592,115395.761,cam1-001-001592-0,7372083.849537158,340412.1781004942,396.14337158203125,LetabaExclosure,2020-12-07,2020-12-07 10:03:15.761,10:03:15,69.87373166666667,26.30742878888889
1593,115397.763,cam1-001-001593-0,7372076.948846392,340393.20484364766,394.537109375,LetabaExclosure,2020-12-07,2020-12-07 10:03:17.763,10:03:17,69.87039499999999,26.30811836666667
1594,115399.898,cam1-001-001594-0,7372069.960654097,340372.84895449004,392.3625183105469,LetabaExclosure,2020-12-07,2020-12-07 10:03:19.898,10:03:19,69.86683666666667,26.308853755555553
1595,115402.301,cam1-001-001595-0,7372064.820167442,340350.14280166524,389.458251953125,LetabaExclosure,2020-12-07,2020-12-07 10:03:22.301,10:03:22,69.86283166666666,26.309681455555555
1596,115403.769,cam1-001-001596-0,7372064.631943919,340335.950321058,388.539794921875,LetabaExclosure,2020-12-07,2020-12-07 10:03:23.769,10:03:23,69.86038500000001,26.3101871
1597,115405.771,cam1-001-001597-0,7372065.727013702,340318.6236637775,388.21002197265625,LetabaExclosure,2020-12-07,2020-12-07 10:03:25.771,10:03:25,69.85704833333335,26.310876677777774
1598,115407.773,cam1-001-001598-0,7372066.510569261,340302.7976580382,388.06353759765625,LetabaExclosure,2020-12-07,2020-12-07 10:03:27.773,10:03:27,69.85371166666667,26.311566255555555
1599,115410.442,cam1-001-001599-0,7372067.119123811,340284.1560992181,388.2908020019531,LetabaExclosure,2020-12-07,2020-12-07 10:03:30.442,10:03:30,69.84926333333334,26.312485577777775
1600,115411.777,cam1-001-001600-0,7372066.987785244,340277.83613407996,388.4463806152344,LetabaExclosure,2020-12-07,2020-12-07 10:03:31.777,10:03:31,69.84703833333333,26.31294541111111
1601,115413.779,cam1-001-001601-0,7372067.604140593,340275.6274887251,388.510498046875,LetabaExclosure,2020-12-07,2020-12-07 10:03:33.779,10:03:33,69.84370166666668,26.313634988888886
1602,115415.781,cam1-001-001602-0,7372066.924621123,340273.44553793623,388.744384765625,LetabaExclosure,2020-12-07,2020-12-07 10:03:35.781,10:03:35,69.84036499999999,26.314324566666667
1603,115417.783,cam1-001-001603-0,7372063.221861991,340262.10492391663,389.7582702636719,LetabaExclosure,2020-12-07,2020-12-07 10:03:37.783,10:03:37,69.83702833333334,26.31501414444444
1604,115420.319,cam1-001-001604-0,7372055.910538431,340247.3468108737,389.9759521484375,LetabaExclosure,2020-12-07,2020-12-07 10:03:40.319,10:03:40,69.83280166666667,26.315887655555557
1605,115424.056,cam1-001-001605-0,7372053.05328119,340250.80298681196,390.15106201171875,LetabaExclosure,2020-12-07,2020-12-07 10:03:44.056,10:03:44,69.82657333333334,26.31717484444444
1606,115425.791,cam1-001-001606-0,7372046.897838397,340257.8454575618,389.83477783203125,LetabaExclosure,2020-12-07,2020-12-07 10:03:45.791,10:03:45,69.82368166666667,26.317772455555552
1607,115427.793,cam1-001-001607-0,7372035.801315785,340271.65848671773,389.8296203613281,LetabaExclosure,2020-12-07,2020-12-07 10:03:47.793,10:03:47,69.82034499999999,26.318462033333333
1608,115429.795,cam1-001-001608-0,7372024.09005714,340286.07949068514,390.268798828125,LetabaExclosure,2020-12-07,2020-12-07 10:03:49.795,10:03:49,69.81700833333333,26.31915161111111
1609,115432.331,cam1-001-001609-0,7372010.427008128,340302.93143414543,390.4825439453125,LetabaExclosure,2020-12-07,2020-12-07 10:03:52.331,10:03:52,69.81278166666667,26.320025122222223
1610,115433.799,cam1-001-001610-0,7372003.46945214,340311.76314668445,390.3916931152344,LetabaExclosure,2020-12-07,2020-12-07 10:03:53.799,10:03:53,69.81033500000001,26.320530766666664
1611,115435.801,cam1-001-001611-0,7371994.301761555,340324.14402414265,390.0128479003906,LetabaExclosure,2020-12-07,2020-12-07 10:03:55.801,10:03:55,69.80699833333333,26.321220344444445
1612,115437.803,cam1-001-001612-0,7371984.507992143,340337.03082789545,389.7755126953125,LetabaExclosure,2020-12-07,2020-12-07 10:03:57.803,10:03:57,69.80366166666667,26.321909922222222
1613,115439.805,cam1-001-001613-0,7371975.211440543,340349.2413059179,389.7423095703125,LetabaExclosure,2020-12-07,2020-12-07 10:03:59.805,10:03:59,69.80032500000002,26.322599499999995
1614,115442.341,cam1-001-001614-0,7371963.147382049,340364.86468387925,389.5387268066406,LetabaExclosure,2020-12-07,2020-12-07 10:04:02.341,10:04:02,69.79609833333333,26.32347301111111
1615,115443.809,cam1-001-001615-0,7371956.152565002,340373.83188377065,389.48211669921875,LetabaExclosure,2020-12-07,2020-12-07 10:04:03.809,10:04:03,69.79365166666668,26.323978655555553
1616,115445.811,cam1-001-001616-0,7371946.548581926,340386.1764973543,389.4578857421875,LetabaExclosure,2020-12-07,2020-12-07 10:04:05.811,10:04:05,69.790315,26.324668233333334
1617,115447.813,cam1-001-001617-0,7371936.245061688,340399.229387398,389.4446716308594,LetabaExclosure,2020-12-07,2020-12-07 10:04:07.813,10:04:07,69.78697833333335,26.325357811111108
1618,115450.349,cam1-001-001618-0,7371923.575282449,340415.4929600433,389.5482177734375,LetabaExclosure,2020-12-07,2020-12-07 10:04:10.349,10:04:10,69.78275166666667,26.32623132222222
1619,115451.817,cam1-001-001619-0,7371916.552834304,340424.6070069382,389.64739990234375,LetabaExclosure,2020-12-07,2020-12-07 10:04:11.817,10:04:11,69.78030500000001,26.326736966666665
1620,115453.819,cam1-001-001620-0,7371906.830424754,340437.13719292235,389.6959533691406,LetabaExclosure,2020-12-07,2020-12-07 10:04:13.819,10:04:13,69.77696833333333,26.327426544444442
1621,115455.821,cam1-001-001621-0,7371896.683272629,340450.01301175595,389.6205749511719,LetabaExclosure,2020-12-07,2020-12-07 10:04:15.821,10:04:15,69.77363166666667,26.32811612222222
1622,115458.357,cam1-001-001622-0,7371884.21992437,340465.83388818684,389.64599609375,LetabaExclosure,2020-12-07,2020-12-07 10:04:18.357,10:04:18,69.76940499999999,26.328989633333332
1623,115459.825,cam1-001-001623-0,7371877.122656931,340474.83463578933,389.6353759765625,LetabaExclosure,2020-12-07,2020-12-07 10:04:19.825,10:04:19,69.76695833333333,26.329495277777774
1624,115461.827,cam1-001-001624-0,7371867.288369424,340487.2991315813,389.6759948730469,LetabaExclosure,2020-12-07,2020-12-07 10:04:21.827,10:04:21,69.76362166666667,26.330184855555554
1625,115463.829,cam1-001-001625-0,7371857.507926214,340499.7906420457,389.72161865234375,LetabaExclosure,2020-12-07,2020-12-07 10:04:23.829,10:04:23,69.76028500000001,26.33087443333333
1626,115466.365,cam1-001-001626-0,7371844.916783677,340515.7040561632,389.9045715332031,LetabaExclosure,2020-12-07,2020-12-07 10:04:26.365,10:04:26,69.75605833333333,26.331747944444444
1627,115467.833,cam1-001-001627-0,7371837.548230272,340525.22937106085,389.898193359375,LetabaExclosure,2020-12-07,2020-12-07 10:04:27.833,10:04:27,69.75361166666667,26.332253588888886
1628,115469.835,cam1-001-001628-0,7371827.595665019,340537.62774651643,389.9055480957031,LetabaExclosure,2020-12-07,2020-12-07 10:04:29.835,10:04:29,69.75027499999999,26.332943166666666
1629,115471.837,cam1-001-001629-0,7371817.753859477,340550.0782552252,389.95880126953125,LetabaExclosure,2020-12-07,2020-12-07 10:04:31.837,10:04:31,69.74693833333333,26.333632744444444
1630,115473.839,cam1-001-001630-0,7371807.3978645895,340563.16092585685,390.0044250488281,LetabaExclosure,2020-12-07,2020-12-07 10:04:33.839,10:04:33,69.74360166666666,26.334322322222224
1631,115476.374,cam1-001-001631-0,7371794.98274209,340579.17502473143,390.167236328125,LetabaExclosure,2020-12-07,2020-12-07 10:04:36.374,10:04:36,69.73937666666667,26.335195488888886
1632,115477.843,cam1-001-001632-0,7371787.987112911,340588.18687218596,390.22247314453125,LetabaExclosure,2020-12-07,2020-12-07 10:04:37.843,10:04:37,69.73692833333335,26.335701477777775
1633,115479.845,cam1-001-001633-0,7371778.134430632,340600.35283655435,390.29071044921875,LetabaExclosure,2020-12-07,2020-12-07 10:04:39.845,10:04:39,69.73359166666667,26.336391055555556
1634,115481.847,cam1-001-001634-0,7371768.684119374,340612.8132865048,390.12030029296875,LetabaExclosure,2020-12-07,2020-12-07 10:04:41.847,10:04:41,69.73025500000001,26.33708063333333
1635,115484.382,cam1-001-001635-0,7371756.3402882535,340628.19020822283,390.0841979980469,LetabaExclosure,2020-12-07,2020-12-07 10:04:44.382,10:04:44,69.72603000000001,26.337953799999998
1636,115485.717,cam1-001-001636-0,7371749.821609221,340636.5227921513,389.9650573730469,LetabaExclosure,2020-12-07,2020-12-07 10:04:45.717,10:04:45,69.723805,26.33841363333333
1637,115487.719,cam1-001-001637-0,7371740.165804742,340648.6857215902,389.7417907714844,LetabaExclosure,2020-12-07,2020-12-07 10:04:47.719,10:04:47,69.72046833333334,26.33910321111111
1638,115489.721,cam1-001-001638-0,7371729.922727745,340661.4480633503,389.6678161621094,LetabaExclosure,2020-12-07,2020-12-07 10:04:49.721,10:04:49,69.71713166666666,26.33979278888889
1639,115491.857,cam1-001-001639-0,7371719.327892356,340674.8306675622,389.65362548828125,LetabaExclosure,2020-12-07,2020-12-07 10:04:51.857,10:04:51,69.71357166666667,26.340528522222222
1640,115494.259,cam1-001-001640-0,7371707.557537461,340689.5992954513,389.52874755859375,LetabaExclosure,2020-12-07,2020-12-07 10:04:54.259,10:04:54,69.70956833333332,26.34135587777778
1641,115495.727,cam1-001-001641-0,7371700.54199593,340698.45713079674,389.5353698730469,LetabaExclosure,2020-12-07,2020-12-07 10:04:55.727,10:04:55,69.70712166666667,26.34186152222222
1642,115497.729,cam1-001-001642-0,7371690.4627152225,340711.3117994538,389.6046447753906,LetabaExclosure,2020-12-07,2020-12-07 10:04:57.729,10:04:57,69.703785,26.3425511
1643,115499.731,cam1-001-001643-0,7371680.751898227,340723.6250124171,389.740966796875,LetabaExclosure,2020-12-07,2020-12-07 10:04:59.731,10:04:59,69.70044833333334,26.343240677777775
1644,115502.4,cam1-001-001644-0,7371667.940585887,340740.01071503415,389.82476806640625,LetabaExclosure,2020-12-07,2020-12-07 10:05:02.400,10:05:02,69.69600000000001,26.344159999999995
1645,115503.735,cam1-001-001645-0,7371661.334918924,340748.50430656376,389.8886413574219,LetabaExclosure,2020-12-07,2020-12-07 10:05:03.735,10:05:03,69.693775,26.344619833333333
1646,115505.737,cam1-001-001646-0,7371651.649215287,340761.0244097041,389.8702087402344,LetabaExclosure,2020-12-07,2020-12-07 10:05:05.737,10:05:05,69.69043833333335,26.345309411111106
1647,115507.739,cam1-001-001647-0,7371641.506591078,340774.04789644375,389.8351135253906,LetabaExclosure,2020-12-07,2020-12-07 10:05:07.739,10:05:07,69.68710166666666,26.345998988888887
1648,115510.408,cam1-001-001648-0,7371628.572750488,340790.43822393264,389.8215637207031,LetabaExclosure,2020-12-07,2020-12-07 10:05:10.408,10:05:10,69.68265333333335,26.346918311111107
1649,115511.743,cam1-001-001649-0,7371621.804265849,340798.8180177334,389.8609924316406,LetabaExclosure,2020-12-07,2020-12-07 10:05:11.743,10:05:11,69.68042833333334,26.347378144444445
1650,115513.745,cam1-001-001650-0,7371612.053241331,340811.7102348664,389.72821044921875,LetabaExclosure,2020-12-07,2020-12-07 10:05:13.745,10:05:13,69.67709166666668,26.34806772222222
1651,115515.747,cam1-001-001651-0,7371601.784573091,340824.6721174256,389.70135498046875,LetabaExclosure,2020-12-07,2020-12-07 10:05:15.747,10:05:15,69.673755,26.3487573
1652,115517.882,cam1-001-001652-0,7371591.712879043,340837.63383431034,389.7334289550781,LetabaExclosure,2020-12-07,2020-12-07 10:05:17.882,10:05:17,69.67019666666667,26.349492688888887
1653,115520.285,cam1-001-001653-0,7371579.15394694,340853.0855834855,389.8688659667969,LetabaExclosure,2020-12-07,2020-12-07 10:05:20.285,10:05:20,69.66619166666666,26.35032038888889
1654,115521.753,cam1-001-001654-0,7371572.130771048,340862.2943951432,389.9120178222656,LetabaExclosure,2020-12-07,2020-12-07 10:05:21.753,10:05:21,69.663745,26.35082603333333
1655,115523.755,cam1-001-001655-0,7371561.706480436,340875.3005263285,389.91900634765625,LetabaExclosure,2020-12-07,2020-12-07 10:05:23.755,10:05:23,69.66040833333332,26.35151561111111
1656,115525.757,cam1-001-001656-0,7371551.746138887,340887.6391640662,390.0648498535156,LetabaExclosure,2020-12-07,2020-12-07 10:05:25.757,10:05:25,69.65707166666667,26.352205188888888
1657,115528.426,cam1-001-001657-0,7371538.695751972,340904.2268375441,390.29339599609375,LetabaExclosure,2020-12-07,2020-12-07 10:05:28.426,10:05:28,69.65262333333332,26.353124511111112
1658,115529.761,cam1-001-001658-0,7371532.113575424,340912.6394653687,390.4580993652344,LetabaExclosure,2020-12-07,2020-12-07 10:05:29.761,10:05:29,69.65039833333334,26.353584344444442
1659,115531.763,cam1-001-001659-0,7371522.502834434,340925.50685053045,390.35137939453125,LetabaExclosure,2020-12-07,2020-12-07 10:05:31.763,10:05:31,69.64706166666666,26.354273922222223
1660,115533.765,cam1-001-001660-0,7371512.428212158,340938.5446908616,390.1742248535156,LetabaExclosure,2020-12-07,2020-12-07 10:05:33.765,10:05:33,69.643725,26.354963499999997
1661,115535.9,cam1-001-001661-0,7371501.847761609,340951.6156152983,390.0135498046875,LetabaExclosure,2020-12-07,2020-12-07 10:05:35.900,10:05:35,69.64016666666667,26.355698888888885
1662,115538.303,cam1-001-001662-0,7371490.343884628,340966.37979358213,389.9364318847656,LetabaExclosure,2020-12-07,2020-12-07 10:05:38.303,10:05:38,69.63616166666667,26.356526588888887
1663,115539.771,cam1-001-001663-0,7371483.52452477,340975.4016463455,390.0087890625,LetabaExclosure,2020-12-07,2020-12-07 10:05:39.771,10:05:39,69.63371500000001,26.357032233333328
1664,115541.773,cam1-001-001664-0,7371473.389626604,340988.26845389156,390.0137939453125,LetabaExclosure,2020-12-07,2020-12-07 10:05:41.773,10:05:41,69.63037833333334,26.35772181111111
1665,115543.775,cam1-001-001665-0,7371463.698354511,341000.6173701852,389.8600769042969,LetabaExclosure,2020-12-07,2020-12-07 10:05:43.775,10:05:43,69.62704166666668,26.358411388888886
1666,115546.444,cam1-001-001666-0,7371450.9722757805,341016.9134502065,389.6367492675781,LetabaExclosure,2020-12-07,2020-12-07 10:05:46.444,10:05:46,69.62259333333333,26.35933071111111
1667,115547.779,cam1-001-001667-0,7371444.2139408775,341025.15436635166,389.5613098144531,LetabaExclosure,2020-12-07,2020-12-07 10:05:47.779,10:05:47,69.62036833333335,26.35979054444444
1668,115549.781,cam1-001-001668-0,7371434.473384054,341037.56699528545,389.4851379394531,LetabaExclosure,2020-12-07,2020-12-07 10:05:49.781,10:05:49,69.61703166666666,26.36048012222222
1669,115551.783,cam1-001-001669-0,7371424.110581573,341050.55789081857,389.57794189453125,LetabaExclosure,2020-12-07,2020-12-07 10:05:51.783,10:05:51,69.613695,26.361169699999998
1670,115554.452,cam1-001-001670-0,7371411.102945719,341067.36591406644,389.5885009765625,LetabaExclosure,2020-12-07,2020-12-07 10:05:54.452,10:05:54,69.60924666666666,26.36208902222222
1671,115555.787,cam1-001-001671-0,7371404.591361323,341075.98154996126,389.7181091308594,LetabaExclosure,2020-12-07,2020-12-07 10:05:55.787,10:05:55,69.60702166666667,26.362548855555552
1672,115557.789,cam1-001-001672-0,7371394.819846077,341088.42366035463,389.9451599121094,LetabaExclosure,2020-12-07,2020-12-07 10:05:57.789,10:05:57,69.603685,26.363238433333333
1673,115559.791,cam1-001-001673-0,7371384.593366016,341101.25067317474,390.1087341308594,LetabaExclosure,2020-12-07,2020-12-07 10:05:59.791,10:05:59,69.60034833333334,26.36392801111111
1674,115561.793,cam1-001-001674-0,7371374.957633633,341113.47016991145,390.22271728515625,LetabaExclosure,2020-12-07,2020-12-07 10:06:01.793,10:06:01,69.59701166666666,26.36461758888889
1675,115564.329,cam1-001-001675-0,7371362.498218173,341129.1957510881,390.3708190917969,LetabaExclosure,2020-12-07,2020-12-07 10:06:04.329,10:06:04,69.592785,26.365491099999996
1676,115565.797,cam1-001-001676-0,7371355.479412722,341138.12558980647,390.405029296875,LetabaExclosure,2020-12-07,2020-12-07 10:06:05.797,10:06:05,69.59033833333332,26.365996744444445
1677,115567.799,cam1-001-001677-0,7371345.496492039,341150.18231175904,390.4786682128906,LetabaExclosure,2020-12-07,2020-12-07 10:06:07.799,10:06:07,69.58700166666667,26.366686322222222
1678,115569.801,cam1-001-001678-0,7371335.274864977,341163.2385946081,390.3046875,LetabaExclosure,2020-12-07,2020-12-07 10:06:09.801,10:06:09,69.583665,26.367375900000003
1679,115572.336,cam1-001-001679-0,7371322.868623234,341179.40030076343,389.99346923828125,LetabaExclosure,2020-12-07,2020-12-07 10:06:12.336,10:06:12,69.57944,26.368249066666664
1680,115573.805,cam1-001-001680-0,7371315.591369122,341188.4407793399,389.82672119140625,LetabaExclosure,2020-12-07,2020-12-07 10:06:13.805,10:06:13,69.57699166666669,26.368755055555553
1681,115575.807,cam1-001-001681-0,7371305.627493411,341200.95210468135,389.7794494628906,LetabaExclosure,2020-12-07,2020-12-07 10:06:15.807,10:06:15,69.573655,26.369444633333334
1682,115577.809,cam1-001-001682-0,7371295.390618616,341214.3490150251,389.8141174316406,LetabaExclosure,2020-12-07,2020-12-07 10:06:17.809,10:06:17,69.57031833333335,26.370134211111107
1683,115580.344,cam1-001-001683-0,7371282.954511369,341230.4382815389,389.8050231933594,LetabaExclosure,2020-12-07,2020-12-07 10:06:20.344,10:06:20,69.56609333333334,26.371007377777776
1684,115581.813,cam1-001-001684-0,7371275.735473314,341239.4886266512,389.76361083984375,LetabaExclosure,2020-12-07,2020-12-07 10:06:21.813,10:06:21,69.56364500000001,26.371513366666665
1685,115583.815,cam1-001-001685-0,7371265.916821657,341252.03129907546,389.78485107421875,LetabaExclosure,2020-12-07,2020-12-07 10:06:23.815,10:06:23,69.56030833333334,26.372202944444442
1686,115585.817,cam1-001-001686-0,7371256.083507633,341264.5560623862,389.7966003417969,LetabaExclosure,2020-12-07,2020-12-07 10:06:25.817,10:06:25,69.55697166666668,26.37289252222222
1687,115587.819,cam1-001-001687-0,7371245.906093765,341277.58138844,389.847412109375,LetabaExclosure,2020-12-07,2020-12-07 10:06:27.819,10:06:27,69.553635,26.3735821
1688,115590.354,cam1-001-001688-0,7371233.510538263,341293.3454881024,389.9217834472656,LetabaExclosure,2020-12-07,2020-12-07 10:06:30.354,10:06:30,69.54941,26.37445526666667
1689,115591.823,cam1-001-001689-0,7371226.46571462,341302.1189296578,389.937744140625,LetabaExclosure,2020-12-07,2020-12-07 10:06:31.823,10:06:31,69.54696166666666,26.374961255555554
1690,115593.825,cam1-001-001690-0,7371216.838136768,341314.4003486801,389.96160888671875,LetabaExclosure,2020-12-07,2020-12-07 10:06:33.825,10:06:33,69.543625,26.37565083333333
1691,115595.826,cam1-001-001691-0,7371206.698658321,341326.94905862806,389.9383544921875,LetabaExclosure,2020-12-07,2020-12-07 10:06:35.826,10:06:35,69.54029,26.376340066666664
1692,115598.362,cam1-001-001692-0,7371194.240922965,341342.61312876345,390.0682067871094,LetabaExclosure,2020-12-07,2020-12-07 10:06:38.362,10:06:38,69.53606333333335,26.377213577777773
1693,115599.83,cam1-001-001693-0,7371187.287878146,341351.76442488923,390.08465576171875,LetabaExclosure,2020-12-07,2020-12-07 10:06:39.830,10:06:39,69.53361666666666,26.377719222222222
1694,115601.832,cam1-001-001694-0,7371177.514908828,341364.36543324403,390.04986572265625,LetabaExclosure,2020-12-07,2020-12-07 10:06:41.832,10:06:41,69.53028,26.378408799999995
1695,115603.834,cam1-001-001695-0,7371167.488110365,341376.78258464637,390.0039367675781,LetabaExclosure,2020-12-07,2020-12-07 10:06:43.834,10:06:43,69.52694333333334,26.379098377777776
1696,115606.37,cam1-001-001696-0,7371154.743230689,341393.0386447421,390.1324462890625,LetabaExclosure,2020-12-07,2020-12-07 10:06:46.370,10:06:46,69.52271666666668,26.379971888888885
1697,115607.838,cam1-001-001697-0,7371146.105135549,341399.07350418624,390.19805908203125,LetabaExclosure,2020-12-07,2020-12-07 10:06:47.838,10:06:47,69.52027,26.380477533333334
1698,115609.84,cam1-001-001698-0,7371139.245205188,341399.32877165347,390.00714111328125,LetabaExclosure,2020-12-07,2020-12-07 10:06:49.840,10:06:49,69.51693333333334,26.381167111111107
1699,115613.844,cam1-001-001699-0,7371134.172365634,341387.1895709915,390.31658935546875,LetabaExclosure,2020-12-07,2020-12-07 10:06:53.844,10:06:53,69.51026,26.382546266666665
1700,115615.846,cam1-001-001700-0,7371125.797697748,341373.0794035437,390.3086242675781,LetabaExclosure,2020-12-07,2020-12-07 10:06:55.846,10:06:55,69.50692333333333,26.383235844444446
1701,115617.715,cam1-001-001701-0,7371118.810634838,341359.2200697098,389.88299560546875,LetabaExclosure,2020-12-07,2020-12-07 10:06:57.715,10:06:57,69.50380833333334,26.38387961111111
1702,115619.85,cam1-001-001702-0,7371111.011568829,341343.38721443224,389.3428649902344,LetabaExclosure,2020-12-07,2020-12-07 10:06:59.850,10:06:59,69.50025,26.384615
1703,115622.386,cam1-001-001703-0,7371101.423584431,341325.306462458,389.0573425292969,LetabaExclosure,2020-12-07,2020-12-07 10:07:02.386,10:07:02,69.49602333333334,26.38548851111111
1704,115623.721,cam1-001-001704-0,7371096.266527699,341315.7489142213,388.9385681152344,LetabaExclosure,2020-12-07,2020-12-07 10:07:03.721,10:07:03,69.49379833333333,26.385948344444444
1705,115625.723,cam1-001-001705-0,7371088.791958129,341301.2703651598,389.0582580566406,LetabaExclosure,2020-12-07,2020-12-07 10:07:05.723,10:07:05,69.49046166666668,26.38663792222222
1706,115627.725,cam1-001-001706-0,7371090.38318293,341289.296674277,388.95880126953125,LetabaExclosure,2020-12-07,2020-12-07 10:07:07.725,10:07:07,69.48712499999999,26.3873275
1707,115631.328,cam1-001-001707-0,7371095.545982303,341284.341785007,389.72784423828125,LetabaExclosure,2020-12-07,2020-12-07 10:07:11.328,10:07:11,69.48112000000002,26.38856853333333
1708,115631.729,cam1-001-001708-0,7371096.746179283,341282.17445687426,389.8250427246094,LetabaExclosure,2020-12-07,2020-12-07 10:07:11.729,10:07:11,69.48045166666665,26.388706655555556
1709,115633.731,cam1-001-001709-0,7371105.508336937,341268.3150922485,390.01959228515625,LetabaExclosure,2020-12-07,2020-12-07 10:07:13.731,10:07:13,69.477115,26.389396233333333
1710,115635.733,cam1-001-001710-0,7371116.086383832,341255.1447349455,389.6333923339844,LetabaExclosure,2020-12-07,2020-12-07 10:07:15.733,10:07:15,69.47377833333334,26.390085811111106
1711,115637.735,cam1-001-001711-0,7371126.833727764,341242.2088782268,389.1709289550781,LetabaExclosure,2020-12-07,2020-12-07 10:07:17.735,10:07:17,69.47044166666667,26.390775388888887
1712,115640.404,cam1-001-001712-0,7371139.767017161,341225.70497128146,388.79962158203125,LetabaExclosure,2020-12-07,2020-12-07 10:07:20.404,10:07:20,69.46599333333334,26.391694711111107
1713,115641.739,cam1-001-001713-0,7371146.390988123,341217.2026903103,388.678955078125,LetabaExclosure,2020-12-07,2020-12-07 10:07:21.739,10:07:21,69.46376833333333,26.392154544444445
1714,115643.741,cam1-001-001714-0,7371156.133281976,341204.6035747651,388.5352783203125,LetabaExclosure,2020-12-07,2020-12-07 10:07:23.741,10:07:23,69.46043166666668,26.39284412222222
1715,115645.743,cam1-001-001715-0,7371166.301466799,341191.39099026733,388.45697021484375,LetabaExclosure,2020-12-07,2020-12-07 10:07:25.743,10:07:25,69.457095,26.3935337
1716,115647.878,cam1-001-001716-0,7371176.686597852,341178.11238965916,388.3932189941406,LetabaExclosure,2020-12-07,2020-12-07 10:07:27.878,10:07:27,69.45353666666668,26.394269088888887
1717,115650.281,cam1-001-001717-0,7371188.97722501,341162.55082506954,388.3155822753906,LetabaExclosure,2020-12-07,2020-12-07 10:07:30.281,10:07:30,69.44953166666666,26.39509678888889
1718,115651.749,cam1-001-001718-0,7371196.113219869,341153.43837486533,388.2789611816406,LetabaExclosure,2020-12-07,2020-12-07 10:07:31.749,10:07:31,69.44708500000002,26.39560243333333
1719,115653.751,cam1-001-001719-0,7371205.960439232,341140.90704560163,388.3525390625,LetabaExclosure,2020-12-07,2020-12-07 10:07:33.751,10:07:33,69.44374833333333,26.39629201111111
1720,115655.753,cam1-001-001720-0,7371216.24540193,341127.95844481396,388.6049499511719,LetabaExclosure,2020-12-07,2020-12-07 10:07:35.753,10:07:35,69.44041166666668,26.396981588888888
1721,115658.422,cam1-001-001721-0,7371229.238447012,341111.5112534141,388.7022705078125,LetabaExclosure,2020-12-07,2020-12-07 10:07:38.422,10:07:38,69.43596333333332,26.397900911111112
1722,115659.757,cam1-001-001722-0,7371235.9764322825,341103.02359366603,388.7806091308594,LetabaExclosure,2020-12-07,2020-12-07 10:07:39.757,10:07:39,69.43373833333334,26.398360744444442
1723,115661.759,cam1-001-001723-0,7371245.771596082,341090.5317883962,388.88275146484375,LetabaExclosure,2020-12-07,2020-12-07 10:07:41.759,10:07:41,69.43040166666665,26.399050322222223
1724,115663.761,cam1-001-001724-0,7371256.248127671,341077.68446618307,389.05120849609375,LetabaExclosure,2020-12-07,2020-12-07 10:07:43.761,10:07:43,69.427065,26.399739899999997
1725,115666.43,cam1-001-001725-0,7371269.112838307,341061.2058553499,389.095947265625,LetabaExclosure,2020-12-07,2020-12-07 10:07:46.430,10:07:46,69.42261666666668,26.40065922222222
1726,115667.765,cam1-001-001726-0,7371275.86215266,341052.607467987,389.0682678222656,LetabaExclosure,2020-12-07,2020-12-07 10:07:47.765,10:07:47,69.42039166666667,26.401119055555554
1727,115669.767,cam1-001-001727-0,7371285.54400645,341039.9600939306,389.1963806152344,LetabaExclosure,2020-12-07,2020-12-07 10:07:49.767,10:07:49,69.41705499999999,26.401808633333335
1728,115671.769,cam1-001-001728-0,7371295.416258821,341027.6629407734,389.0841064453125,LetabaExclosure,2020-12-07,2020-12-07 10:07:51.769,10:07:51,69.41371833333334,26.40249821111111
1729,115673.904,cam1-001-001729-0,7371306.027844494,341014.2379762459,388.7333679199219,LetabaExclosure,2020-12-07,2020-12-07 10:07:53.904,10:07:53,69.41016,26.403233599999997
1730,115676.306,cam1-001-001730-0,7371318.132531144,340998.7651128777,388.492431640625,LetabaExclosure,2020-12-07,2020-12-07 10:07:56.306,10:07:56,69.40615666666667,26.404060955555554
1731,115677.775,cam1-001-001731-0,7371325.221194191,340989.74296817614,388.4944152832031,LetabaExclosure,2020-12-07,2020-12-07 10:07:57.775,10:07:57,69.40370833333334,26.40456694444444
1732,115679.777,cam1-001-001732-0,7371335.036708082,340977.25735548104,388.40960693359375,LetabaExclosure,2020-12-07,2020-12-07 10:07:59.777,10:07:59,69.40037166666667,26.40525652222222
1733,115681.779,cam1-001-001733-0,7371345.348197669,340964.3611045672,388.4632263183594,LetabaExclosure,2020-12-07,2020-12-07 10:08:01.779,10:08:01,69.39703500000002,26.405946099999998
1734,115684.448,cam1-001-001734-0,7371358.370854071,340947.9569971924,388.48724365234375,LetabaExclosure,2020-12-07,2020-12-07 10:08:04.448,10:08:04,69.39258666666666,26.40686542222222
1735,115685.783,cam1-001-001735-0,7371365.059699167,340939.53608215135,388.49774169921875,LetabaExclosure,2020-12-07,2020-12-07 10:08:05.783,10:08:05,69.39036166666668,26.407325255555552
1736,115687.785,cam1-001-001736-0,7371374.965969047,340926.957533554,388.4507751464844,LetabaExclosure,2020-12-07,2020-12-07 10:08:07.785,10:08:07,69.387025,26.408014833333333
1737,115689.787,cam1-001-001737-0,7371384.620474335,340914.2303434516,388.429931640625,LetabaExclosure,2020-12-07,2020-12-07 10:08:09.787,10:08:09,69.38368833333334,26.40870441111111
1738,115691.789,cam1-001-001738-0,7371394.874217236,340901.2589064936,388.5099182128906,LetabaExclosure,2020-12-07,2020-12-07 10:08:11.789,10:08:11,69.38035166666666,26.40939398888889
1739,115694.324,cam1-001-001739-0,7371407.425411347,340885.2341463476,388.6512451171875,LetabaExclosure,2020-12-07,2020-12-07 10:08:14.324,10:08:14,69.37612666666668,26.41026715555555
1740,115695.792,cam1-001-001740-0,7371414.573298046,340876.232886511,388.6988220214844,LetabaExclosure,2020-12-07,2020-12-07 10:08:15.792,10:08:15,69.37368000000001,26.4107728
1741,115697.794,cam1-001-001741-0,7371424.658462686,340863.96258103,388.7164306640625,LetabaExclosure,2020-12-07,2020-12-07 10:08:17.794,10:08:17,69.37034333333335,26.411462377777774
1742,115699.796,cam1-001-001742-0,7371434.835479626,340851.0075599553,388.7841796875,LetabaExclosure,2020-12-07,2020-12-07 10:08:19.796,10:08:19,69.36700666666667,26.412151955555554
1743,115702.332,cam1-001-001743-0,7371447.182962529,340835.54286297184,388.9827575683594,LetabaExclosure,2020-12-07,2020-12-07 10:08:22.332,10:08:22,69.36278000000001,26.413025466666664
1744,115703.8,cam1-001-001744-0,7371454.106432417,340826.70366550685,388.9656982421875,LetabaExclosure,2020-12-07,2020-12-07 10:08:23.800,10:08:23,69.36033333333333,26.413531111111112
1745,115705.802,cam1-001-001745-0,7371463.842221376,340814.36591445154,388.9402770996094,LetabaExclosure,2020-12-07,2020-12-07 10:08:25.802,10:08:25,69.35699666666667,26.414220688888886
1746,115707.804,cam1-001-001746-0,7371474.014591684,340801.4012033688,388.8910827636719,LetabaExclosure,2020-12-07,2020-12-07 10:08:27.804,10:08:27,69.35365999999999,26.414910266666666
1747,115709.806,cam1-001-001747-0,7371483.779270481,340788.8907949391,388.92828369140625,LetabaExclosure,2020-12-07,2020-12-07 10:08:29.806,10:08:29,69.35032333333334,26.415599844444444
1748,115712.342,cam1-001-001748-0,7371496.643385263,340773.191446251,388.9274597167969,LetabaExclosure,2020-12-07,2020-12-07 10:08:32.342,10:08:32,69.34609666666667,26.416473355555556
1749,115713.81,cam1-001-001749-0,7371503.589934349,340764.18136352266,388.8343811035156,LetabaExclosure,2020-12-07,2020-12-07 10:08:33.810,10:08:33,69.34365000000001,26.416978999999998
1750,115715.812,cam1-001-001750-0,7371513.188998594,340751.59673334565,388.6768798828125,LetabaExclosure,2020-12-07,2020-12-07 10:08:35.812,10:08:35,69.34031333333333,26.41766857777778
1751,115717.814,cam1-001-001751-0,7371523.4411723,340738.2898447615,388.5929870605469,LetabaExclosure,2020-12-07,2020-12-07 10:08:37.814,10:08:37,69.33697666666667,26.418358155555552
1752,115720.35,cam1-001-001752-0,7371536.234043432,340722.25308414525,388.8292236328125,LetabaExclosure,2020-12-07,2020-12-07 10:08:40.350,10:08:40,69.33274999999999,26.41923166666667
1753,115721.818,cam1-001-001753-0,7371543.344939753,340713.20798111334,389.01409912109375,LetabaExclosure,2020-12-07,2020-12-07 10:08:41.818,10:08:41,69.33030333333333,26.41973731111111
1754,115723.82,cam1-001-001754-0,7371553.046526493,340700.578325565,389.092529296875,LetabaExclosure,2020-12-07,2020-12-07 10:08:43.820,10:08:43,69.32696666666666,26.42042688888889
1755,115725.822,cam1-001-001755-0,7371563.241161238,340687.60150011623,388.98956298828125,LetabaExclosure,2020-12-07,2020-12-07 10:08:45.822,10:08:45,69.32363000000001,26.421116466666664
1756,115728.358,cam1-001-001756-0,7371575.755576283,340671.4911125318,388.7858581542969,LetabaExclosure,2020-12-07,2020-12-07 10:08:48.358,10:08:48,69.31940333333336,26.421989977777773
1757,115729.826,cam1-001-001757-0,7371582.709381027,340662.4769633777,388.8823547363281,LetabaExclosure,2020-12-07,2020-12-07 10:08:49.826,10:08:49,69.31695666666667,26.422495622222222
1758,115731.828,cam1-001-001758-0,7371592.474915275,340650.04496090143,388.9532470703125,LetabaExclosure,2020-12-07,2020-12-07 10:08:51.828,10:08:51,69.31362000000001,26.423185199999995
1759,115733.83,cam1-001-001759-0,7371602.181225086,340637.6191220651,388.9676513671875,LetabaExclosure,2020-12-07,2020-12-07 10:08:53.830,10:08:53,69.31028333333333,26.423874777777776
1760,115735.832,cam1-001-001760-0,7371612.306954657,340624.49095801753,388.9454345703125,LetabaExclosure,2020-12-07,2020-12-07 10:08:55.832,10:08:55,69.30694666666668,26.424564355555553
1761,115738.235,cam1-001-001761-0,7371624.176182108,340609.32754251536,388.8651123046875,LetabaExclosure,2020-12-07,2020-12-07 10:08:58.235,10:08:58,69.30294166666667,26.425392055555555
1762,115739.836,cam1-001-001762-0,7371632.024563665,340599.47427518317,389.0061340332031,LetabaExclosure,2020-12-07,2020-12-07 10:08:59.836,10:08:59,69.30027333333334,26.425943511111107
1763,115741.838,cam1-001-001763-0,7371641.680935766,340587.1499039233,389.0648193359375,LetabaExclosure,2020-12-07,2020-12-07 10:09:01.838,10:09:01,69.29693666666667,26.426633088888888
1764,115743.84,cam1-001-001764-0,7371651.740543423,340574.2087922987,389.1061096191406,LetabaExclosure,2020-12-07,2020-12-07 10:09:03.840,10:09:03,69.29360000000001,26.427322666666665
1765,115746.376,cam1-001-001765-0,7371664.334335403,340558.3137197623,389.1308898925781,LetabaExclosure,2020-12-07,2020-12-07 10:09:06.376,10:09:06,69.28937333333333,26.428196177777778
1766,115747.844,cam1-001-001766-0,7371671.380243753,340549.1832142466,389.1315612792969,LetabaExclosure,2020-12-07,2020-12-07 10:09:07.844,10:09:07,69.28692666666667,26.42870182222222
1767,115749.846,cam1-001-001767-0,7371681.294487765,340536.7269650316,389.16180419921875,LetabaExclosure,2020-12-07,2020-12-07 10:09:09.846,10:09:09,69.28358999999999,26.4293914
1768,115751.848,cam1-001-001768-0,7371691.24051206,340524.18269119016,388.9013977050781,LetabaExclosure,2020-12-07,2020-12-07 10:09:11.848,10:09:11,69.28025333333333,26.430080977777777
1769,115753.85,cam1-001-001769-0,7371701.408498138,340511.0043810791,388.9303283691406,LetabaExclosure,2020-12-07,2020-12-07 10:09:13.850,10:09:13,69.27691666666666,26.430770555555558
1770,115756.253,cam1-001-001770-0,7371713.099870507,340495.81703506736,389.249755859375,LetabaExclosure,2020-12-07,2020-12-07 10:09:16.253,10:09:16,69.27291166666667,26.431598255555553
1771,115757.721,cam1-001-001771-0,7371720.114207932,340486.77449190937,389.4763488769531,LetabaExclosure,2020-12-07,2020-12-07 10:09:17.721,10:09:17,69.270465,26.4321039
1772,115759.723,cam1-001-001772-0,7371730.274513777,340473.83206567966,389.66522216796875,LetabaExclosure,2020-12-07,2020-12-07 10:09:19.723,10:09:19,69.26712833333335,26.432793477777775
1773,115761.725,cam1-001-001773-0,7371740.148651015,340461.55895646516,389.7347106933594,LetabaExclosure,2020-12-07,2020-12-07 10:09:21.725,10:09:21,69.26379166666666,26.433483055555556
1774,115764.394,cam1-001-001774-0,7371753.330670534,340444.7176514355,389.79779052734375,LetabaExclosure,2020-12-07,2020-12-07 10:09:24.394,10:09:24,69.25934333333333,26.434402377777776
1775,115765.729,cam1-001-001775-0,7371759.622978359,340436.7602069095,389.79205322265625,LetabaExclosure,2020-12-07,2020-12-07 10:09:25.729,10:09:25,69.25711833333332,26.434862211111113
1776,115767.731,cam1-001-001776-0,7371769.869618978,340423.7721907472,389.79736328125,LetabaExclosure,2020-12-07,2020-12-07 10:09:27.731,10:09:27,69.25378166666667,26.435551788888887
1777,115769.733,cam1-001-001777-0,7371779.592627473,340411.25386026653,389.7159118652344,LetabaExclosure,2020-12-07,2020-12-07 10:09:29.733,10:09:29,69.25044500000001,26.436241366666664
1778,115771.868,cam1-001-001778-0,7371790.162598329,340397.6642207981,389.61572265625,LetabaExclosure,2020-12-07,2020-12-07 10:09:31.868,10:09:31,69.24688666666667,26.436976755555555
1779,115774.27,cam1-001-001779-0,7371801.955593079,340382.7959123193,389.6668701171875,LetabaExclosure,2020-12-07,2020-12-07 10:09:34.270,10:09:34,69.24288333333332,26.437804111111113
1780,115775.739,cam1-001-001780-0,7371809.177368272,340373.81813756295,389.54534912109375,LetabaExclosure,2020-12-07,2020-12-07 10:09:35.739,10:09:35,69.240435,26.4383101
1781,115777.741,cam1-001-001781-0,7371819.521782709,340360.94980055,389.4479064941406,LetabaExclosure,2020-12-07,2020-12-07 10:09:37.741,10:09:37,69.23709833333335,26.438999677777776
1782,115779.743,cam1-001-001782-0,7371829.163944164,340348.4557203757,389.5155029296875,LetabaExclosure,2020-12-07,2020-12-07 10:09:39.743,10:09:39,69.23376166666667,26.439689255555557
1783,115782.412,cam1-001-001783-0,7371842.398477262,340331.42754065694,389.6299743652344,LetabaExclosure,2020-12-07,2020-12-07 10:09:42.412,10:09:42,69.22931333333334,26.440608577777777
1784,115783.747,cam1-001-001784-0,7371848.76846389,340323.4241775237,389.67669677734375,LetabaExclosure,2020-12-07,2020-12-07 10:09:43.747,10:09:43,69.22708833333333,26.44106841111111
1785,115785.749,cam1-001-001785-0,7371858.889965173,340310.24059341964,389.7261962890625,LetabaExclosure,2020-12-07,2020-12-07 10:09:45.749,10:09:45,69.22375166666667,26.441757988888888
1786,115787.751,cam1-001-001786-0,7371868.691269627,340297.6480296706,389.7955017089844,LetabaExclosure,2020-12-07,2020-12-07 10:09:47.751,10:09:47,69.220415,26.442447566666665
1787,115790.42,cam1-001-001787-0,7371881.672895638,340281.1223351132,389.880859375,LetabaExclosure,2020-12-07,2020-12-07 10:09:50.420,10:09:50,69.21596666666667,26.443366888888885
1788,115791.754,cam1-001-001788-0,7371888.583695661,340273.05701458344,389.698974609375,LetabaExclosure,2020-12-07,2020-12-07 10:09:51.754,10:09:51,69.21374333333334,26.44382637777778
1789,115793.756,cam1-001-001789-0,7371898.146739084,340260.9004889624,389.4472351074219,LetabaExclosure,2020-12-07,2020-12-07 10:09:53.756,10:09:53,69.21040666666669,26.444515955555552
1790,115795.758,cam1-001-001790-0,7371908.3103493545,340247.81730181567,389.3721008300781,LetabaExclosure,2020-12-07,2020-12-07 10:09:55.758,10:09:55,69.20707,26.445205533333333
1791,115797.894,cam1-001-001791-0,7371919.0381549485,340234.3452461524,389.29815673828125,LetabaExclosure,2020-12-07,2020-12-07 10:09:57.894,10:09:57,69.20351000000001,26.445941266666665
1792,115800.296,cam1-001-001792-0,7371930.707578968,340219.3789974351,389.27508544921875,LetabaExclosure,2020-12-07,2020-12-07 10:10:00.296,10:10:00,69.19950666666666,26.446768622222223
1793,115801.764,cam1-001-001793-0,7371937.640840124,340210.37135530845,389.2320861816406,LetabaExclosure,2020-12-07,2020-12-07 10:10:01.764,10:10:01,69.19706000000001,26.447274266666664
1794,115803.766,cam1-001-001794-0,7371947.786460077,340197.50768821355,389.1814880371094,LetabaExclosure,2020-12-07,2020-12-07 10:10:03.766,10:10:03,69.19372333333332,26.447963844444445
1795,115805.768,cam1-001-001795-0,7371957.580809532,340185.0879604371,389.13885498046875,LetabaExclosure,2020-12-07,2020-12-07 10:10:05.768,10:10:05,69.19038666666667,26.44865342222222
1796,115808.438,cam1-001-001796-0,7371970.91642989,340168.2208346836,389.0052185058594,LetabaExclosure,2020-12-07,2020-12-07 10:10:08.438,10:10:08,69.18593666666668,26.449573088888886
1797,115809.772,cam1-001-001797-0,7371977.213960197,340160.125289841,388.9784851074219,LetabaExclosure,2020-12-07,2020-12-07 10:10:09.772,10:10:09,69.18371333333334,26.450032577777776
1798,115811.774,cam1-001-001798-0,7371987.450123275,340147.0425925753,389.009033203125,LetabaExclosure,2020-12-07,2020-12-07 10:10:11.774,10:10:11,69.18037666666666,26.450722155555557
1799,115813.776,cam1-001-001799-0,7371997.333244087,340134.5863623024,389.0876770019531,LetabaExclosure,2020-12-07,2020-12-07 10:10:13.776,10:10:13,69.17704,26.45141173333333
1800,115815.778,cam1-001-001800-0,7372007.162755693,340122.2485393571,389.2365417480469,LetabaExclosure,2020-12-07,2020-12-07 10:10:15.778,10:10:15,69.17370333333332,26.45210131111111
1801,115818.314,cam1-001-001801-0,7372019.58230493,340106.4613605554,389.4168395996094,LetabaExclosure,2020-12-07,2020-12-07 10:10:18.314,10:10:18,69.16947666666667,26.45297482222222
1802,115819.782,cam1-001-001802-0,7372026.632388361,340097.55397947575,389.4194641113281,LetabaExclosure,2020-12-07,2020-12-07 10:10:19.782,10:10:19,69.16703,26.45348046666667
1803,115821.784,cam1-001-001803-0,7372036.7564247325,340084.59451685584,389.44732666015625,LetabaExclosure,2020-12-07,2020-12-07 10:10:21.784,10:10:21,69.16369333333334,26.454170044444442
1804,115823.786,cam1-001-001804-0,7372046.705460127,340072.07885090937,389.4525451660156,LetabaExclosure,2020-12-07,2020-12-07 10:10:23.786,10:10:23,69.16035666666669,26.45485962222222
1805,115826.456,cam1-001-001805-0,7372057.5234397445,340059.6546636128,389.4260559082031,LetabaExclosure,2020-12-07,2020-12-07 10:10:26.456,10:10:26,69.15590666666667,26.45577928888889
1806,115829.525,cam1-001-001806-0,7372057.726763451,340054.40092854766,389.5024108886719,LetabaExclosure,2020-12-07,2020-12-07 10:10:29.525,10:10:29,69.15079166666668,26.456836388888885
1807,115829.792,cam1-001-001807-0,7372057.32462766,340052.5131134081,389.558349609375,LetabaExclosure,2020-12-07,2020-12-07 10:10:29.792,10:10:29,69.15034666666666,26.456928355555554
1808,115831.794,cam1-001-001808-0,7372055.619598085,340036.15183726314,389.77459716796875,LetabaExclosure,2020-12-07,2020-12-07 10:10:31.794,10:10:31,69.14701000000001,26.45761793333333
1809,115833.796,cam1-001-001809-0,7372055.7149135,340018.76752329606,389.536376953125,LetabaExclosure,2020-12-07,2020-12-07 10:10:33.796,10:10:33,69.14367333333334,26.458307511111112
1810,115835.798,cam1-001-001810-0,7372055.698355346,340002.07784515235,389.249755859375,LetabaExclosure,2020-12-07,2020-12-07 10:10:35.798,10:10:35,69.14033666666668,26.458997088888886
1811,115838.468,cam1-001-001811-0,7372055.193614259,339979.9210754642,389.0321044921875,LetabaExclosure,2020-12-07,2020-12-07 10:10:38.468,10:10:38,69.13588666666668,26.459916755555554
1812,115839.802,cam1-001-001812-0,7372054.784843033,339968.9834377144,389.0600280761719,LetabaExclosure,2020-12-07,2020-12-07 10:10:39.802,10:10:39,69.13366333333335,26.460376244444443
1813,115841.804,cam1-001-001813-0,7372054.423577452,339953.0075846904,389.2225341796875,LetabaExclosure,2020-12-07,2020-12-07 10:10:41.804,10:10:41,69.13032666666666,26.46106582222222
1814,115843.806,cam1-001-001814-0,7372054.087237666,339937.05711723235,389.5545959472656,LetabaExclosure,2020-12-07,2020-12-07 10:10:43.806,10:10:43,69.12699,26.461755399999998
1815,115845.808,cam1-001-001815-0,7372053.137296611,339921.10797564976,389.998291015625,LetabaExclosure,2020-12-07,2020-12-07 10:10:45.808,10:10:45,69.12365333333332,26.46244497777778
1816,115848.344,cam1-001-001816-0,7372051.89329751,339900.9027344461,390.2825622558594,LetabaExclosure,2020-12-07,2020-12-07 10:10:48.344,10:10:48,69.11942666666667,26.463318488888888
1817,115849.812,cam1-001-001817-0,7372048.674891939,339892.9916504279,390.4081726074219,LetabaExclosure,2020-12-07,2020-12-07 10:10:49.812,10:10:49,69.11698,26.463824133333333
1818,115851.814,cam1-001-001818-0,7372044.158446172,339892.5099783096,390.2952880859375,LetabaExclosure,2020-12-07,2020-12-07 10:10:51.814,10:10:51,69.11364333333334,26.46451371111111
1819,115854.35,cam1-001-001819-0,7372041.23286364,339897.0252018814,389.8343811035156,LetabaExclosure,2020-12-07,2020-12-07 10:10:54.350,10:10:54,69.10941666666666,26.465387222222223
1820,115855.818,cam1-001-001820-0,7372036.297071662,339902.5242404244,389.7257995605469,LetabaExclosure,2020-12-07,2020-12-07 10:10:55.818,10:10:55,69.10697,26.465892866666664
1821,115857.82,cam1-001-001821-0,7372024.760257293,339916.6931624906,389.7290954589844,LetabaExclosure,2020-12-07,2020-12-07 10:10:57.820,10:10:57,69.10363333333332,26.466582444444445
1822,115859.822,cam1-001-001822-0,7372013.808629625,339930.26258113584,390.03717041015625,LetabaExclosure,2020-12-07,2020-12-07 10:10:59.822,10:10:59,69.10029666666667,26.46727202222222
1823,115861.824,cam1-001-001823-0,7372003.556288479,339942.93051248067,390.1790771484375,LetabaExclosure,2020-12-07,2020-12-07 10:11:01.824,10:11:01,69.09696000000001,26.467961599999995
1824,115864.36,cam1-001-001824-0,7371991.179985765,339958.7019902921,390.17681884765625,LetabaExclosure,2020-12-07,2020-12-07 10:11:04.360,10:11:04,69.09273333333334,26.46883511111111
1825,115865.828,cam1-001-001825-0,7371983.963019587,339968.04916877206,390.1470642089844,LetabaExclosure,2020-12-07,2020-12-07 10:11:05.828,10:11:05,69.09028666666669,26.469340755555553
1826,115867.83,cam1-001-001826-0,7371974.521904777,339980.311011103,390.04779052734375,LetabaExclosure,2020-12-07,2020-12-07 10:11:07.830,10:11:07,69.08695,26.470030333333334
1827,115869.832,cam1-001-001827-0,7371965.028126819,339992.6785381389,389.9205017089844,LetabaExclosure,2020-12-07,2020-12-07 10:11:09.832,10:11:09,69.08361333333335,26.470719911111107
1828,115872.368,cam1-001-001828-0,7371952.587815352,340008.5624563508,390.16143798828125,LetabaExclosure,2020-12-07,2020-12-07 10:11:12.368,10:11:12,69.07938666666666,26.47159342222222
1829,115873.836,cam1-001-001829-0,7371945.540685063,340017.6855061711,390.27490234375,LetabaExclosure,2020-12-07,2020-12-07 10:11:13.836,10:11:13,69.07694000000001,26.472099066666665
1830,115875.838,cam1-001-001830-0,7371935.038006053,340030.67162982025,390.30157470703125,LetabaExclosure,2020-12-07,2020-12-07 10:11:15.838,10:11:15,69.07360333333332,26.472788644444446
1831,115877.84,cam1-001-001831-0,7371925.04818994,340043.13625767076,390.1505126953125,LetabaExclosure,2020-12-07,2020-12-07 10:11:17.840,10:11:17,69.07026666666667,26.47347822222222
1832,115879.842,cam1-001-001832-0,7371915.138601883,340055.65403406613,389.9853515625,LetabaExclosure,2020-12-07,2020-12-07 10:11:19.842,10:11:19,69.06693,26.4741678
1833,115882.244,cam1-001-001833-0,7371903.370622621,340070.68818888976,390.0010070800781,LetabaExclosure,2020-12-07,2020-12-07 10:11:22.244,10:11:22,69.06292666666666,26.474995155555558
1834,115883.846,cam1-001-001834-0,7371895.112165373,340081.37514134956,389.93438720703125,LetabaExclosure,2020-12-07,2020-12-07 10:11:23.846,10:11:23,69.06025666666666,26.475546955555558
1835,115885.848,cam1-001-001835-0,7371885.34630661,340093.852267046,389.852783203125,LetabaExclosure,2020-12-07,2020-12-07 10:11:25.848,10:11:25,69.05692,26.47623653333333
1836,115887.85,cam1-001-001836-0,7371875.556691741,340106.427452796,389.7373962402344,LetabaExclosure,2020-12-07,2020-12-07 10:11:27.850,10:11:27,69.05358333333332,26.476926111111112
1837,115890.386,cam1-001-001837-0,7371862.955481781,340122.6198783691,389.7007141113281,LetabaExclosure,2020-12-07,2020-12-07 10:11:30.386,10:11:30,69.04935666666667,26.47779962222222
1838,115891.854,cam1-001-001838-0,7371855.415057674,340132.2895159982,389.5973815917969,LetabaExclosure,2020-12-07,2020-12-07 10:11:31.854,10:11:31,69.04691,26.478305266666666
1839,115893.856,cam1-001-001839-0,7371845.153810961,340144.8989228138,389.5895690917969,LetabaExclosure,2020-12-07,2020-12-07 10:11:33.856,10:11:33,69.04357333333334,26.478994844444443
1840,115895.724,cam1-001-001840-0,7371836.210060654,340156.3604389813,389.72918701171875,LetabaExclosure,2020-12-07,2020-12-07 10:11:35.724,10:11:35,69.04046,26.479638266666665
1841,115897.86,cam1-001-001841-0,7371825.952137409,340169.9208067921,389.7596740722656,LetabaExclosure,2020-12-07,2020-12-07 10:11:37.860,10:11:37,69.0369,26.480373999999998
1842,115900.262,cam1-001-001842-0,7371813.906985257,340185.25385713193,389.7742004394531,LetabaExclosure,2020-12-07,2020-12-07 10:11:40.262,10:11:40,69.03289666666666,26.481201355555555
1843,115901.73,cam1-001-001843-0,7371806.896534473,340194.205923052,389.7403869628906,LetabaExclosure,2020-12-07,2020-12-07 10:11:41.730,10:11:41,69.03045000000002,26.481706999999997
1844,115903.732,cam1-001-001844-0,7371797.229116639,340206.4655729734,389.631591796875,LetabaExclosure,2020-12-07,2020-12-07 10:11:43.732,10:11:43,69.02711333333333,26.482396577777777
1845,115905.734,cam1-001-001845-0,7371787.535382841,340218.64948020055,389.61212158203125,LetabaExclosure,2020-12-07,2020-12-07 10:11:45.734,10:11:45,69.02377666666668,26.483086155555554
1846,115908.404,cam1-001-001846-0,7371774.274322204,340235.42948660627,389.66827392578125,LetabaExclosure,2020-12-07,2020-12-07 10:11:48.404,10:11:48,69.01932666666667,26.48400582222222
1847,115909.738,cam1-001-001847-0,7371767.791571226,340243.9890396036,389.6859130859375,LetabaExclosure,2020-12-07,2020-12-07 10:11:49.738,10:11:49,69.01710333333334,26.48446531111111
1848,115911.74,cam1-001-001848-0,7371758.079262815,340256.4364026706,389.7269287109375,LetabaExclosure,2020-12-07,2020-12-07 10:11:51.740,10:11:51,69.01376666666665,26.48515488888889
1849,115913.742,cam1-001-001849-0,7371748.231895452,340268.88632464554,389.7690124511719,LetabaExclosure,2020-12-07,2020-12-07 10:11:53.742,10:11:53,69.01043,26.485844466666666
1850,115916.412,cam1-001-001850-0,7371734.694503393,340286.0879684973,389.8081970214844,LetabaExclosure,2020-12-07,2020-12-07 10:11:56.412,10:11:56,69.00598000000001,26.48676413333333
1851,115917.746,cam1-001-001851-0,7371727.833721655,340294.72278897255,389.82373046875,LetabaExclosure,2020-12-07,2020-12-07 10:11:57.746,10:11:57,69.00375666666667,26.48722362222222
1852,115919.748,cam1-001-001852-0,7371717.909344906,340307.30790669884,389.83001708984375,LetabaExclosure,2020-12-07,2020-12-07 10:11:59.748,10:11:59,69.00041999999999,26.4879132
1853,115921.75,cam1-001-001853-0,7371708.01962947,340319.78968736564,389.88946533203125,LetabaExclosure,2020-12-07,2020-12-07 10:12:01.750,10:12:01,68.99708333333334,26.48860277777778
1854,115923.886,cam1-001-001854-0,7371697.446324641,340333.38350937486,390.13226318359375,LetabaExclosure,2020-12-07,2020-12-07 10:12:03.886,10:12:03,68.99352333333334,26.48933851111111
1855,115926.288,cam1-001-001855-0,7371685.720735372,340348.45521855017,390.19915771484375,LetabaExclosure,2020-12-07,2020-12-07 10:12:06.288,10:12:06,68.98952,26.490165866666665
1856,115927.756,cam1-001-001856-0,7371678.121546315,340357.9959198697,390.1153869628906,LetabaExclosure,2020-12-07,2020-12-07 10:12:07.756,10:12:07,68.98707333333334,26.490671511111106
1857,115929.758,cam1-001-001857-0,7371668.186575589,340370.55143150856,390.0342712402344,LetabaExclosure,2020-12-07,2020-12-07 10:12:09.758,10:12:09,68.98373666666667,26.491361088888887
1858,115931.76,cam1-001-001858-0,7371658.308774957,340383.29999563226,389.99725341796875,LetabaExclosure,2020-12-07,2020-12-07 10:12:11.760,10:12:11,68.98040000000002,26.492050666666664
1859,115934.43,cam1-001-001859-0,7371644.85842317,340400.34227160615,389.9503173828125,LetabaExclosure,2020-12-07,2020-12-07 10:12:14.430,10:12:14,68.97595000000001,26.49297033333333
1860,115935.764,cam1-001-001860-0,7371638.097469041,340408.88204203174,389.8707580566406,LetabaExclosure,2020-12-07,2020-12-07 10:12:15.764,10:12:15,68.97372666666668,26.493429822222218
1861,115937.766,cam1-001-001861-0,7371628.313383084,340421.29580860015,389.8033447265625,LetabaExclosure,2020-12-07,2020-12-07 10:12:17.766,10:12:17,68.97039,26.4941194
1862,115939.768,cam1-001-001862-0,7371618.500648638,340433.6772887417,389.8080139160156,LetabaExclosure,2020-12-07,2020-12-07 10:12:19.768,10:12:19,68.96705333333334,26.494808977777776
1863,115942.438,cam1-001-001863-0,7371604.921257289,340450.53140166606,390.07275390625,LetabaExclosure,2020-12-07,2020-12-07 10:12:22.438,10:12:22,68.96260333333335,26.49572864444444
1864,115943.772,cam1-001-001864-0,7371598.380535606,340459.05597190105,390.17938232421875,LetabaExclosure,2020-12-07,2020-12-07 10:12:23.772,10:12:23,68.96038,26.49618813333333
1865,115945.774,cam1-001-001865-0,7371588.872217787,340471.3017108864,390.3267822265625,LetabaExclosure,2020-12-07,2020-12-07 10:12:25.774,10:12:25,68.95704333333333,26.49687771111111
1866,115947.776,cam1-001-001866-0,7371578.979556313,340483.4914364566,390.47015380859375,LetabaExclosure,2020-12-07,2020-12-07 10:12:27.776,10:12:27,68.95370666666668,26.497567288888888
1867,115949.778,cam1-001-001867-0,7371569.209540784,340495.85912817775,390.5243835449219,LetabaExclosure,2020-12-07,2020-12-07 10:12:29.778,10:12:29,68.95036999999999,26.49825686666667
1868,115952.314,cam1-001-001868-0,7371556.495350758,340511.5900782582,390.5589599609375,LetabaExclosure,2020-12-07,2020-12-07 10:12:32.314,10:12:32,68.94614333333334,26.499130377777774
1869,115953.782,cam1-001-001869-0,7371549.097014412,340521.2029838434,390.60565185546875,LetabaExclosure,2020-12-07,2020-12-07 10:12:33.782,10:12:33,68.94369666666665,26.499636022222223
1870,115955.784,cam1-001-001870-0,7371539.491081431,340533.7524675515,390.56884765625,LetabaExclosure,2020-12-07,2020-12-07 10:12:35.784,10:12:35,68.94036,26.5003256
1871,115957.786,cam1-001-001871-0,7371529.767298786,340546.23647504806,390.37335205078125,LetabaExclosure,2020-12-07,2020-12-07 10:12:37.786,10:12:37,68.93702333333334,26.501015177777774
1872,115960.455,cam1-001-001872-0,7371516.529954329,340563.01404885517,390.08349609375,LetabaExclosure,2020-12-07,2020-12-07 10:12:40.455,10:12:40,68.932575,26.5019345
1873,115961.79,cam1-001-001873-0,7371509.824097055,340571.43496957794,390.0168762207031,LetabaExclosure,2020-12-07,2020-12-07 10:12:41.790,10:12:41,68.93035000000002,26.50239433333333
1874,115963.792,cam1-001-001874-0,7371499.894044475,340584.0307660434,389.9129638671875,LetabaExclosure,2020-12-07,2020-12-07 10:12:43.792,10:12:43,68.92701333333333,26.503083911111112
1875,115965.794,cam1-001-001875-0,7371490.089740862,340596.53940586024,389.8678894042969,LetabaExclosure,2020-12-07,2020-12-07 10:12:45.794,10:12:45,68.92367666666668,26.503773488888886
1876,115967.796,cam1-001-001876-0,7371480.026194144,340608.9337644562,389.7359313964844,LetabaExclosure,2020-12-07,2020-12-07 10:12:47.796,10:12:47,68.92034,26.504463066666666
1877,115970.332,cam1-001-001877-0,7371467.749537041,340624.76923141256,389.739013671875,LetabaExclosure,2020-12-07,2020-12-07 10:12:50.332,10:12:50,68.91611333333334,26.505336577777776
1878,115971.8,cam1-001-001878-0,7371460.4276287155,340634.0873844256,389.7568664550781,LetabaExclosure,2020-12-07,2020-12-07 10:12:51.800,10:12:51,68.91366666666667,26.50584222222222
1879,115973.802,cam1-001-001879-0,7371450.841287913,340646.4741518956,389.72406005859375,LetabaExclosure,2020-12-07,2020-12-07 10:12:53.802,10:12:53,68.91033000000002,26.506531799999998
1880,115975.804,cam1-001-001880-0,7371441.288680411,340658.81481721136,389.744384765625,LetabaExclosure,2020-12-07,2020-12-07 10:12:55.804,10:12:55,68.90699333333333,26.50722137777778
1881,115978.473,cam1-001-001881-0,7371428.057876667,340675.3016875194,390.040283203125,LetabaExclosure,2020-12-07,2020-12-07 10:12:58.473,10:12:58,68.902545,26.5081407
1882,115979.808,cam1-001-001882-0,7371421.482621322,340683.8226048548,390.11566162109375,LetabaExclosure,2020-12-07,2020-12-07 10:12:59.808,10:12:59,68.90032,26.508600533333333
1883,115981.81,cam1-001-001883-0,7371411.438625616,340696.5884133761,390.2730407714844,LetabaExclosure,2020-12-07,2020-12-07 10:13:01.810,10:13:01,68.89698333333334,26.50929011111111
1884,115983.812,cam1-001-001884-0,7371401.505289486,340709.275005289,390.42364501953125,LetabaExclosure,2020-12-07,2020-12-07 10:13:03.812,10:13:03,68.89364666666665,26.50997968888889
1885,115985.814,cam1-001-001885-0,7371391.369374224,340721.9030649393,390.47979736328125,LetabaExclosure,2020-12-07,2020-12-07 10:13:05.814,10:13:05,68.89031,26.510669266666664
1886,115988.35,cam1-001-001886-0,7371378.64519779,340737.8631771029,390.4462890625,LetabaExclosure,2020-12-07,2020-12-07 10:13:08.350,10:13:08,68.88608333333333,26.51154277777778
1887,115989.818,cam1-001-001887-0,7371371.156383453,340747.1471986193,390.5022277832031,LetabaExclosure,2020-12-07,2020-12-07 10:13:09.818,10:13:09,68.88363666666667,26.51204842222222
1888,115991.82,cam1-001-001888-0,7371361.579181937,340759.6060470015,390.4997863769531,LetabaExclosure,2020-12-07,2020-12-07 10:13:11.820,10:13:11,68.88029999999999,26.512738000000002
1889,115993.822,cam1-001-001889-0,7371352.084293611,340771.9614596678,390.5835876464844,LetabaExclosure,2020-12-07,2020-12-07 10:13:13.822,10:13:13,68.87696333333334,26.513427577777776
1890,115996.358,cam1-001-001890-0,7371339.693073787,340787.93331795523,390.6549377441406,LetabaExclosure,2020-12-07,2020-12-07 10:13:16.358,10:13:16,68.87273666666668,26.514301088888885
1891,115997.826,cam1-001-001891-0,7371332.323629527,340797.2321414617,390.6211242675781,LetabaExclosure,2020-12-07,2020-12-07 10:13:17.826,10:13:17,68.87029,26.514806733333334
1892,115999.828,cam1-001-001892-0,7371322.75387927,340809.47283796384,390.5104675292969,LetabaExclosure,2020-12-07,2020-12-07 10:13:19.828,10:13:19,68.86695333333334,26.515496311111107
1893,116001.83,cam1-001-001893-0,7371313.030839214,340822.0359548193,390.4429016113281,LetabaExclosure,2020-12-07,2020-12-07 10:13:21.830,10:13:21,68.86361666666667,26.516185888888888
1894,116003.832,cam1-001-001894-0,7371302.977817231,340834.58248240396,390.3775939941406,LetabaExclosure,2020-12-07,2020-12-07 10:13:23.832,10:13:23,68.86028000000002,26.516875466666665
1895,116006.368,cam1-001-001895-0,7371290.280060807,340850.75132931425,390.366455078125,LetabaExclosure,2020-12-07,2020-12-07 10:13:26.368,10:13:26,68.85605333333334,26.517748977777778
1896,116007.836,cam1-001-001896-0,7371282.826213742,340860.24904861144,390.3873291015625,LetabaExclosure,2020-12-07,2020-12-07 10:13:27.836,10:13:27,68.85360666666668,26.51825462222222
1897,116009.838,cam1-001-001897-0,7371272.897482341,340872.77912576613,390.3885803222656,LetabaExclosure,2020-12-07,2020-12-07 10:13:29.838,10:13:29,68.85027,26.5189442
1898,116011.84,cam1-001-001898-0,7371263.024029583,340885.27872620686,390.3296203613281,LetabaExclosure,2020-12-07,2020-12-07 10:13:31.840,10:13:31,68.84693333333334,26.519633777777777
1899,116014.376,cam1-001-001899-0,7371250.641705589,340901.2138614,390.2579040527344,LetabaExclosure,2020-12-07,2020-12-07 10:13:34.376,10:13:34,68.84270666666666,26.52050728888889
1900,116015.844,cam1-001-001900-0,7371243.200160136,340910.6233385079,390.3154296875,LetabaExclosure,2020-12-07,2020-12-07 10:13:35.844,10:13:35,68.84026,26.52101293333333
1901,116017.846,cam1-001-001901-0,7371233.572695624,340923.10624470457,390.30743408203125,LetabaExclosure,2020-12-07,2020-12-07 10:13:37.846,10:13:37,68.83692333333333,26.521702511111112
1902,116019.848,cam1-001-001902-0,7371223.463061286,340935.755102381,390.38519287109375,LetabaExclosure,2020-12-07,2020-12-07 10:13:39.848,10:13:39,68.83358666666668,26.522392088888886
1903,116021.85,cam1-001-001903-0,7371213.6078474885,340948.4301964637,390.4841613769531,LetabaExclosure,2020-12-07,2020-12-07 10:13:41.850,10:13:41,68.83024999999999,26.523081666666666
1904,116024.252,cam1-001-001904-0,7371201.053075139,340963.92673762375,390.59552001953125,LetabaExclosure,2020-12-07,2020-12-07 10:13:44.252,10:13:44,68.82624666666668,26.52390902222222
1905,116025.854,cam1-001-001905-0,7371193.230375524,340973.9552789771,390.75347900390625,LetabaExclosure,2020-12-07,2020-12-07 10:13:45.854,10:13:45,68.82357666666665,26.524460822222224
1906,116027.856,cam1-001-001906-0,7371183.428019391,340986.54141777125,390.86322021484375,LetabaExclosure,2020-12-07,2020-12-07 10:13:47.856,10:13:47,68.82024,26.525150399999998
1907,116029.858,cam1-001-001907-0,7371173.904449711,340999.107841118,390.9964904785156,LetabaExclosure,2020-12-07,2020-12-07 10:13:49.858,10:13:49,68.81690333333334,26.525839977777775
1908,116032.394,cam1-001-001908-0,7371161.266426254,341015.2189779311,391.0898742675781,LetabaExclosure,2020-12-07,2020-12-07 10:13:52.394,10:13:52,68.81267666666668,26.526713488888888
1909,116033.728,cam1-001-001909-0,7371154.440915383,341023.7158868641,391.1225891113281,LetabaExclosure,2020-12-07,2020-12-07 10:13:53.728,10:13:53,68.81045333333333,26.527172977777777
1910,116035.73,cam1-001-001910-0,7371144.454970119,341036.13407125475,391.0448303222656,LetabaExclosure,2020-12-07,2020-12-07 10:13:55.730,10:13:55,68.80711666666667,26.527862555555554
1911,116037.732,cam1-001-001911-0,7371134.197488495,341048.92774615996,390.8994140625,LetabaExclosure,2020-12-07,2020-12-07 10:13:57.732,10:13:57,68.80378,26.528552133333335
1912,116040.401,cam1-001-001912-0,7371121.473665123,341065.2447845131,390.7149658203125,LetabaExclosure,2020-12-07,2020-12-07 10:14:00.401,10:14:00,68.79933166666667,26.529471455555555
1913,116041.736,cam1-001-001913-0,7371114.766683644,341073.602204763,390.59259033203125,LetabaExclosure,2020-12-07,2020-12-07 10:14:01.736,10:14:01,68.79710666666666,26.52993128888889
1914,116043.738,cam1-001-001914-0,7371104.998416312,341086.02209128434,390.38568115234375,LetabaExclosure,2020-12-07,2020-12-07 10:14:03.738,10:14:03,68.79377000000001,26.530620866666666
1915,116045.74,cam1-001-001915-0,7371095.244417417,341098.3726104956,390.227783203125,LetabaExclosure,2020-12-07,2020-12-07 10:14:05.740,10:14:05,68.79043333333333,26.531310444444443
1916,116047.876,cam1-001-001916-0,7371084.871585356,341111.88665708015,390.0943603515625,LetabaExclosure,2020-12-07,2020-12-07 10:14:07.876,10:14:07,68.78687333333333,26.53204617777778
1917,116050.278,cam1-001-001917-0,7371072.626954952,341124.0813154044,390.440185546875,LetabaExclosure,2020-12-07,2020-12-07 10:14:10.278,10:14:10,68.78286999999999,26.532873533333333
1918,116051.746,cam1-001-001918-0,7371066.095693691,341122.4725278757,390.2947082519531,LetabaExclosure,2020-12-07,2020-12-07 10:14:11.746,10:14:11,68.78042333333333,26.533379177777775
1919,116054.549,cam1-001-001919-0,7371065.414387673,341116.00157837925,390.101806640625,LetabaExclosure,2020-12-07,2020-12-07 10:14:14.549,10:14:14,68.77575166666666,26.534344655555554
1920,116055.75,cam1-001-001920-0,7371065.617410568,341112.0168436334,390.1931457519531,LetabaExclosure,2020-12-07,2020-12-07 10:14:15.750,10:14:15,68.77375,26.534758333333333
1921,116057.752,cam1-001-001921-0,7371063.124603502,341099.2516709758,390.3221740722656,LetabaExclosure,2020-12-07,2020-12-07 10:14:17.752,10:14:17,68.77041333333335,26.535447911111106
1922,116059.754,cam1-001-001922-0,7371060.210958127,341082.0941150284,390.16961669921875,LetabaExclosure,2020-12-07,2020-12-07 10:14:19.754,10:14:19,68.76707666666667,26.536137488888887
1923,116061.89,cam1-001-001923-0,7371058.529833085,341063.7634301553,389.94744873046875,LetabaExclosure,2020-12-07,2020-12-07 10:14:21.890,10:14:21,68.76351666666667,26.53687322222222
1924,116064.425,cam1-001-001924-0,7371056.4747139085,341043.0226260903,389.9371032714844,LetabaExclosure,2020-12-07,2020-12-07 10:14:24.425,10:14:24,68.75929166666667,26.537746388888888
1925,116065.76,cam1-001-001925-0,7371054.970747104,341032.163160656,389.7806701660156,LetabaExclosure,2020-12-07,2020-12-07 10:14:25.760,10:14:25,68.75706666666667,26.538206222222218
1926,116067.762,cam1-001-001926-0,7371053.153658439,341016.39514580707,389.5287780761719,LetabaExclosure,2020-12-07,2020-12-07 10:14:27.762,10:14:27,68.75373,26.5388958
1927,116069.764,cam1-001-001927-0,7371051.237515982,341000.4296359896,389.27734375,LetabaExclosure,2020-12-07,2020-12-07 10:14:29.764,10:14:29,68.75039333333335,26.539585377777776
1928,116072.433,cam1-001-001928-0,7371048.79351951,340978.8227924051,389.3492126464844,LetabaExclosure,2020-12-07,2020-12-07 10:14:32.433,10:14:32,68.74594499999999,26.5405047
1929,116073.768,cam1-001-001929-0,7371051.275912409,340969.09264188306,389.44171142578125,LetabaExclosure,2020-12-07,2020-12-07 10:14:33.768,10:14:33,68.74372000000001,26.54096453333333
1930,116077.772,cam1-001-001930-0,7371057.633074697,340962.674750022,389.90167236328125,LetabaExclosure,2020-12-07,2020-12-07 10:14:37.772,10:14:37,68.73704666666667,26.542343688888888
1931,116079.774,cam1-001-001931-0,7371065.152259119,340949.9367238588,390.2074890136719,LetabaExclosure,2020-12-07,2020-12-07 10:14:39.774,10:14:39,68.73370999999999,26.54303326666667
1932,116081.776,cam1-001-001932-0,7371075.910583479,340936.05430893076,390.0123596191406,LetabaExclosure,2020-12-07,2020-12-07 10:14:41.776,10:14:41,68.73037333333333,26.543722844444442
1933,116083.778,cam1-001-001933-0,7371086.536703228,340923.41973430756,389.88189697265625,LetabaExclosure,2020-12-07,2020-12-07 10:14:43.778,10:14:43,68.72703666666666,26.544412422222223
1934,116086.447,cam1-001-001934-0,7371099.789409264,340906.9525242166,389.57806396484375,LetabaExclosure,2020-12-07,2020-12-07 10:14:46.447,10:14:46,68.72258833333333,26.545331744444443
1935,116088.049,cam1-001-001935-0,7371108.129164184,340896.3372414786,389.3631286621094,LetabaExclosure,2020-12-07,2020-12-07 10:14:48.049,10:14:48,68.71991833333334,26.545883544444443
1936,116089.784,cam1-001-001936-0,7371116.2833484635,340885.7604315528,389.1611633300781,LetabaExclosure,2020-12-07,2020-12-07 10:14:49.784,10:14:49,68.71702666666667,26.546481155555554
1937,116091.786,cam1-001-001937-0,7371126.525030539,340872.67295937927,389.0054931640625,LetabaExclosure,2020-12-07,2020-12-07 10:14:51.786,10:14:51,68.71369000000001,26.54717073333333
1938,116094.455,cam1-001-001938-0,7371139.478758087,340855.9823928731,388.9774169921875,LetabaExclosure,2020-12-07,2020-12-07 10:14:54.455,10:14:54,68.70924166666667,26.548090055555555
1939,116095.79,cam1-001-001939-0,7371146.055256596,340847.5449819617,389.00079345703125,LetabaExclosure,2020-12-07,2020-12-07 10:14:55.790,10:14:55,68.70701666666668,26.548549888888886
1940,116097.792,cam1-001-001940-0,7371155.780739052,340835.01217090763,389.1236572265625,LetabaExclosure,2020-12-07,2020-12-07 10:14:57.792,10:14:57,68.70368,26.549239466666666
1941,116099.794,cam1-001-001941-0,7371165.828804182,340822.10892678646,389.3514404296875,LetabaExclosure,2020-12-07,2020-12-07 10:14:59.794,10:14:59,68.70034333333335,26.54992904444444
1942,116101.796,cam1-001-001942-0,7371175.766747285,340809.6355294419,389.6878356933594,LetabaExclosure,2020-12-07,2020-12-07 10:15:01.796,10:15:01,68.69700666666667,26.55061862222222
1943,116104.332,cam1-001-001943-0,7371188.446394832,340793.54103829776,389.830810546875,LetabaExclosure,2020-12-07,2020-12-07 10:15:04.332,10:15:04,68.69278000000001,26.55149213333333
1944,116105.8,cam1-001-001944-0,7371195.387121925,340784.5118905357,389.9837951660156,LetabaExclosure,2020-12-07,2020-12-07 10:15:05.800,10:15:05,68.69033333333333,26.55199777777778
1945,116107.802,cam1-001-001945-0,7371205.4595461115,340772.0031747745,390.2160339355469,LetabaExclosure,2020-12-07,2020-12-07 10:15:07.802,10:15:07,68.68699666666667,26.552687355555552
1946,116109.804,cam1-001-001946-0,7371215.700420724,340759.2198640693,390.2386474609375,LetabaExclosure,2020-12-07,2020-12-07 10:15:09.804,10:15:09,68.68366,26.553376933333332
1947,116112.473,cam1-001-001947-0,7371228.351361614,340742.42051787185,389.9754333496094,LetabaExclosure,2020-12-07,2020-12-07 10:15:12.473,10:15:12,68.67921166666667,26.554296255555553
1948,116113.808,cam1-001-001948-0,7371235.103413425,340733.91398664564,389.7555236816406,LetabaExclosure,2020-12-07,2020-12-07 10:15:13.808,10:15:13,68.67698666666666,26.55475608888889
1949,116115.81,cam1-001-001949-0,7371244.927411781,340721.6092230856,389.4409484863281,LetabaExclosure,2020-12-07,2020-12-07 10:15:15.810,10:15:15,68.67365000000001,26.555445666666664
1950,116117.812,cam1-001-001950-0,7371254.967283884,340708.90771279216,389.2939147949219,LetabaExclosure,2020-12-07,2020-12-07 10:15:17.812,10:15:17,68.67031333333333,26.556135244444445
1951,116120.348,cam1-001-001951-0,7371267.4413780635,340693.1932923562,389.2182922363281,LetabaExclosure,2020-12-07,2020-12-07 10:15:20.348,10:15:20,68.66608666666667,26.557008755555554
1952,116121.816,cam1-001-001952-0,7371274.463633839,340684.2627062908,389.2499084472656,LetabaExclosure,2020-12-07,2020-12-07 10:15:21.816,10:15:21,68.66363999999999,26.557514400000002
1953,116123.818,cam1-001-001953-0,7371284.090893341,340671.7068329955,389.3273010253906,LetabaExclosure,2020-12-07,2020-12-07 10:15:23.818,10:15:23,68.66030333333333,26.558203977777776
1954,116125.82,cam1-001-001954-0,7371293.973591259,340659.2755254556,389.4331970214844,LetabaExclosure,2020-12-07,2020-12-07 10:15:25.820,10:15:25,68.65696666666666,26.558893555555557
1955,116127.822,cam1-001-001955-0,7371304.2794855,340646.3071078586,389.4442138671875,LetabaExclosure,2020-12-07,2020-12-07 10:15:27.822,10:15:27,68.65363,26.559583133333334
1956,116130.358,cam1-001-001956-0,7371316.888762854,340630.27168677346,389.4164123535156,LetabaExclosure,2020-12-07,2020-12-07 10:15:30.358,10:15:30,68.64940333333335,26.56045664444444
1957,116131.826,cam1-001-001957-0,7371323.988425927,340621.0919770437,389.4765319824219,LetabaExclosure,2020-12-07,2020-12-07 10:15:31.826,10:15:31,68.64695666666667,26.560962288888888
1958,116133.828,cam1-001-001958-0,7371333.911438664,340608.42810724967,389.6673278808594,LetabaExclosure,2020-12-07,2020-12-07 10:15:33.828,10:15:33,68.64362000000001,26.561651866666665
1959,116135.83,cam1-001-001959-0,7371344.182279197,340595.3517154992,389.7488708496094,LetabaExclosure,2020-12-07,2020-12-07 10:15:35.830,10:15:35,68.64028333333333,26.562341444444446
1960,116138.365,cam1-001-001960-0,7371356.790982862,340579.41322522506,389.7577209472656,LetabaExclosure,2020-12-07,2020-12-07 10:15:38.365,10:15:38,68.63605833333332,26.56321461111111
1961,116139.834,cam1-001-001961-0,7371363.975247836,340570.54238961614,389.72021484375,LetabaExclosure,2020-12-07,2020-12-07 10:15:39.834,10:15:39,68.63361,26.5637206
1962,116141.836,cam1-001-001962-0,7371373.812335531,340558.28430568683,389.6537170410156,LetabaExclosure,2020-12-07,2020-12-07 10:15:41.836,10:15:41,68.63027333333335,26.564410177777773
1963,116143.838,cam1-001-001963-0,7371383.917058445,340545.322949533,389.5544128417969,LetabaExclosure,2020-12-07,2020-12-07 10:15:43.838,10:15:43,68.62693666666667,26.565099755555554
1964,116146.373,cam1-001-001964-0,7371395.9430708885,340529.893803288,389.4536437988281,LetabaExclosure,2020-12-07,2020-12-07 10:15:46.373,10:15:46,68.62271166666666,26.565972922222223
1965,116147.842,cam1-001-001965-0,7371403.441750899,340520.3721177783,389.4046630859375,LetabaExclosure,2020-12-07,2020-12-07 10:15:47.842,10:15:47,68.62026333333333,26.566478911111112
1966,116149.844,cam1-001-001966-0,7371413.163115596,340507.95674621616,389.3670959472656,LetabaExclosure,2020-12-07,2020-12-07 10:15:49.844,10:15:49,68.61692666666667,26.567168488888885
1967,116151.846,cam1-001-001967-0,7371422.920188456,340495.50751558144,389.29400634765625,LetabaExclosure,2020-12-07,2020-12-07 10:15:51.846,10:15:51,68.61358999999999,26.567858066666666
1968,116153.848,cam1-001-001968-0,7371433.198228754,340482.4509293318,389.2980041503906,LetabaExclosure,2020-12-07,2020-12-07 10:15:53.848,10:15:53,68.61025333333333,26.568547644444443
1969,116156.25,cam1-001-001969-0,7371445.1046608165,340467.2994798592,389.4114074707031,LetabaExclosure,2020-12-07,2020-12-07 10:15:56.250,10:15:56,68.60625,26.569374999999997
1970,116157.851,cam1-001-001970-0,7371453.099850757,340457.34520937275,389.4942932128906,LetabaExclosure,2020-12-07,2020-12-07 10:15:57.851,10:15:57,68.60358166666668,26.569926455555553
1971,116159.853,cam1-001-001971-0,7371463.057294877,340444.81477376586,389.51751708984375,LetabaExclosure,2020-12-07,2020-12-07 10:15:59.853,10:15:59,68.600245,26.570616033333334
1972,116161.855,cam1-001-001972-0,7371473.349639304,340431.71283949784,389.5663757324219,LetabaExclosure,2020-12-07,2020-12-07 10:16:01.855,10:16:01,68.59690833333335,26.571305611111107
1973,116164.391,cam1-001-001973-0,7371486.062031582,340415.74027329916,389.5283203125,LetabaExclosure,2020-12-07,2020-12-07 10:16:04.391,10:16:04,68.59268166666666,26.572179122222224
1974,116165.859,cam1-001-001974-0,7371493.129594831,340406.7188688407,389.53851318359375,LetabaExclosure,2020-12-07,2020-12-07 10:16:05.859,10:16:05,68.590235,26.572684766666665
1975,116167.861,cam1-001-001975-0,7371502.85935652,340394.2506103179,389.5317687988281,LetabaExclosure,2020-12-07,2020-12-07 10:16:07.861,10:16:07,68.58689833333332,26.573374344444446
1976,116169.863,cam1-001-001976-0,7371512.667278865,340381.74963323784,389.4656677246094,LetabaExclosure,2020-12-07,2020-12-07 10:16:09.863,10:16:09,68.58356166666667,26.57406392222222
1977,116172.399,cam1-001-001977-0,7371525.198438507,340365.77420818026,389.4378967285156,LetabaExclosure,2020-12-07,2020-12-07 10:16:12.399,10:16:12,68.579335,26.574937433333336
1978,116173.867,cam1-001-001978-0,7371532.686211809,340356.2106486532,389.4471740722656,LetabaExclosure,2020-12-07,2020-12-07 10:16:13.867,10:16:13,68.57688833333334,26.575443077777777
1979,116175.736,cam1-001-001979-0,7371541.814621491,340344.6365744438,389.37689208984375,LetabaExclosure,2020-12-07,2020-12-07 10:16:15.736,10:16:15,68.57377333333334,26.576086844444443
1980,116177.738,cam1-001-001980-0,7371552.147671919,340331.6097977065,389.3128967285156,LetabaExclosure,2020-12-07,2020-12-07 10:16:17.738,10:16:17,68.57043666666668,26.57677642222222
1981,116180.407,cam1-001-001981-0,7371564.954105156,340315.14157074847,389.3132019042969,LetabaExclosure,2020-12-07,2020-12-07 10:16:20.407,10:16:20,68.56598833333332,26.577695744444444
1982,116181.742,cam1-001-001982-0,7371571.455197352,340306.6654460913,389.432861328125,LetabaExclosure,2020-12-07,2020-12-07 10:16:21.742,10:16:21,68.56376333333334,26.578155577777775
1983,116183.744,cam1-001-001983-0,7371581.347146882,340294.2500681712,389.59832763671875,LetabaExclosure,2020-12-07,2020-12-07 10:16:23.744,10:16:23,68.56042666666666,26.578845155555555
1984,116185.746,cam1-001-001984-0,7371591.717816966,340281.34577508573,389.4490966796875,LetabaExclosure,2020-12-07,2020-12-07 10:16:25.746,10:16:25,68.55709,26.579534733333332
1985,116187.881,cam1-001-001985-0,7371601.842004366,340268.42871855263,389.1492919921875,LetabaExclosure,2020-12-07,2020-12-07 10:16:27.881,10:16:27,68.55353166666669,26.58027012222222
1986,116190.284,cam1-001-001986-0,7371613.966527516,340252.89179746946,388.9412536621094,LetabaExclosure,2020-12-07,2020-12-07 10:16:30.284,10:16:30,68.54952666666667,26.581097822222223
1987,116191.752,cam1-001-001987-0,7371621.015757682,340243.9012163037,388.9949951171875,LetabaExclosure,2020-12-07,2020-12-07 10:16:31.752,10:16:31,68.54708000000001,26.581603466666664
1988,116193.754,cam1-001-001988-0,7371630.746151863,340231.62550985446,389.0272521972656,LetabaExclosure,2020-12-07,2020-12-07 10:16:33.754,10:16:33,68.54374333333334,26.582293044444445
1989,116195.756,cam1-001-001989-0,7371640.969554342,340218.6694918978,389.01007080078125,LetabaExclosure,2020-12-07,2020-12-07 10:16:35.756,10:16:35,68.54040666666668,26.582982622222218
1990,116198.425,cam1-001-001990-0,7371653.926803738,340202.11370833695,389.168701171875,LetabaExclosure,2020-12-07,2020-12-07 10:16:38.425,10:16:38,68.53595833333333,26.583901944444445
1991,116199.76,cam1-001-001991-0,7371660.701077068,340193.85958990175,389.27978515625,LetabaExclosure,2020-12-07,2020-12-07 10:16:39.760,10:16:39,68.53373333333334,26.584361777777776
1992,116201.762,cam1-001-001992-0,7371670.538185319,340181.4797439807,389.416748046875,LetabaExclosure,2020-12-07,2020-12-07 10:16:41.762,10:16:41,68.53039666666666,26.585051355555557
1993,116203.764,cam1-001-001993-0,7371680.462186547,340168.49523404817,389.4361267089844,LetabaExclosure,2020-12-07,2020-12-07 10:16:43.764,10:16:43,68.52706,26.58574093333333
1994,116206.433,cam1-001-001994-0,7371693.477112064,340152.0567673169,389.43328857421875,LetabaExclosure,2020-12-07,2020-12-07 10:16:46.433,10:16:46,68.52261166666666,26.586660255555557
1995,116207.768,cam1-001-001995-0,7371700.065112691,340143.7753482926,389.5204772949219,LetabaExclosure,2020-12-07,2020-12-07 10:16:47.768,10:16:47,68.52038666666668,26.587120088888888
1996,116209.77,cam1-001-001996-0,7371710.098375018,340130.9645770474,389.66864013671875,LetabaExclosure,2020-12-07,2020-12-07 10:16:49.770,10:16:49,68.51705,26.58780966666667
1997,116211.772,cam1-001-001997-0,7371719.78118458,340118.36018896615,389.6712646484375,LetabaExclosure,2020-12-07,2020-12-07 10:16:51.772,10:16:51,68.51371333333334,26.588499244444442
1998,116213.907,cam1-001-001998-0,7371730.376385214,340104.7869490455,389.88970947265625,LetabaExclosure,2020-12-07,2020-12-07 10:16:53.907,10:16:53,68.510155,26.589234633333334
1999,116216.31,cam1-001-001999-0,7371742.41112157,340089.36344919715,390.0567932128906,LetabaExclosure,2020-12-07,2020-12-07 10:16:56.310,10:16:56,68.50615,26.590062333333332
2000,116217.778,cam1-001-002000-0,7371749.571257253,340080.4532941504,390.0857238769531,LetabaExclosure,2020-12-07,2020-12-07 10:16:57.778,10:16:57,68.50370333333332,26.590567977777777
2001,116219.78,cam1-001-002001-0,7371759.432118092,340068.0395423017,389.978515625,LetabaExclosure,2020-12-07,2020-12-07 10:16:59.780,10:16:59,68.50036666666666,26.591257555555554
2002,116221.782,cam1-001-002002-0,7371769.5435327245,340055.1495575871,389.8824768066406,LetabaExclosure,2020-12-07,2020-12-07 10:17:01.782,10:17:01,68.49703,26.591947133333335
2003,116224.451,cam1-001-002003-0,7371782.399149433,340038.7521469912,389.6942443847656,LetabaExclosure,2020-12-07,2020-12-07 10:17:04.451,10:17:04,68.49258166666667,26.592866455555555
2004,116225.786,cam1-001-002004-0,7371788.934212349,340030.37701953563,389.51739501953125,LetabaExclosure,2020-12-07,2020-12-07 10:17:05.786,10:17:05,68.49035666666668,26.593326288888886
2005,116227.788,cam1-001-002005-0,7371798.580388965,340018.1249296117,389.3790283203125,LetabaExclosure,2020-12-07,2020-12-07 10:17:07.788,10:17:07,68.48702,26.594015866666666
2006,116229.79,cam1-001-002006-0,7371808.756211137,340005.24318381614,389.33624267578125,LetabaExclosure,2020-12-07,2020-12-07 10:17:09.790,10:17:09,68.48368333333335,26.59470544444444
2007,116232.459,cam1-001-002007-0,7371821.677486184,339989.03255587386,389.130126953125,LetabaExclosure,2020-12-07,2020-12-07 10:17:12.459,10:17:12,68.479235,26.595624766666667
2008,116233.794,cam1-001-002008-0,7371828.279705205,339980.6042734347,388.9993591308594,LetabaExclosure,2020-12-07,2020-12-07 10:17:13.794,10:17:13,68.47701,26.596084599999998
2009,116235.796,cam1-001-002009-0,7371838.064691989,339968.14035378373,388.9366455078125,LetabaExclosure,2020-12-07,2020-12-07 10:17:15.796,10:17:15,68.47367333333334,26.596774177777778
2010,116237.798,cam1-001-002010-0,7371847.876235193,339955.7515915397,388.8817138671875,LetabaExclosure,2020-12-07,2020-12-07 10:17:17.798,10:17:17,68.47033666666668,26.59746375555555
2011,116239.8,cam1-001-002011-0,7371858.135852548,339942.75957657874,388.92999267578125,LetabaExclosure,2020-12-07,2020-12-07 10:17:19.800,10:17:19,68.467,26.598153333333332
2012,116242.335,cam1-001-002012-0,7371870.772391593,339926.9923813386,389.0474548339844,LetabaExclosure,2020-12-07,2020-12-07 10:17:22.335,10:17:22,68.462775,26.5990265
2013,116243.804,cam1-001-002013-0,7371877.891163047,339918.0117123811,389.1492919921875,LetabaExclosure,2020-12-07,2020-12-07 10:17:23.804,10:17:23,68.46032666666666,26.59953248888889
2014,116245.806,cam1-001-002014-0,7371887.671420347,339905.36983514496,389.2292785644531,LetabaExclosure,2020-12-07,2020-12-07 10:17:25.806,10:17:25,68.45699,26.600222066666664
2015,116247.808,cam1-001-002015-0,7371897.862740988,339892.2326324538,389.2622985839844,LetabaExclosure,2020-12-07,2020-12-07 10:17:27.808,10:17:27,68.45365333333334,26.600911644444444
2016,116250.343,cam1-001-002016-0,7371908.902103737,339876.7969260213,389.77789306640625,LetabaExclosure,2020-12-07,2020-12-07 10:17:30.343,10:17:30,68.44942833333334,26.60178481111111
2017,116251.811,cam1-001-002017-0,7371906.840960512,339871.1026873228,389.48944091796875,LetabaExclosure,2020-12-07,2020-12-07 10:17:31.811,10:17:31,68.44698166666667,26.602290455555554
2018,116253.813,cam1-001-002018-0,7371903.527690803,339868.74644083343,389.7657470703125,LetabaExclosure,2020-12-07,2020-12-07 10:17:33.813,10:17:33,68.44364500000002,26.60298003333333
2019,116257.284,cam1-001-002019-0,7371891.550492978,339870.61536691524,390.0916442871094,LetabaExclosure,2020-12-07,2020-12-07 10:17:37.284,10:17:37,68.43786,26.604175599999998
2020,116257.817,cam1-001-002020-0,7371887.069598572,339871.13627607876,389.9633483886719,LetabaExclosure,2020-12-07,2020-12-07 10:17:37.817,10:17:37,68.43697166666668,26.604359188888886
2021,116259.819,cam1-001-002021-0,7371869.325375591,339873.2597715191,389.90618896484375,LetabaExclosure,2020-12-07,2020-12-07 10:17:39.819,10:17:39,68.433635,26.605048766666666
2022,116261.821,cam1-001-002022-0,7371852.461145353,339875.05604971363,389.7026062011719,LetabaExclosure,2020-12-07,2020-12-07 10:17:41.821,10:17:41,68.43029833333334,26.605738344444443
2023,116263.823,cam1-001-002023-0,7371836.35361777,339877.1359776147,389.4673156738281,LetabaExclosure,2020-12-07,2020-12-07 10:17:43.823,10:17:43,68.42696166666666,26.606427922222224
2024,116266.359,cam1-001-002024-0,7371816.212656368,339879.90047114994,389.2386779785156,LetabaExclosure,2020-12-07,2020-12-07 10:17:46.359,10:17:46,68.422735,26.60730143333333
2025,116267.827,cam1-001-002025-0,7371804.371621529,339881.48426360823,389.1089782714844,LetabaExclosure,2020-12-07,2020-12-07 10:17:47.827,10:17:47,68.42028833333333,26.607807077777778
2026,116269.829,cam1-001-002026-0,7371788.83319491,339883.6678934309,389.1006774902344,LetabaExclosure,2020-12-07,2020-12-07 10:17:49.829,10:17:49,68.41695166666668,26.608496655555555
2027,116271.831,cam1-001-002027-0,7371773.397728877,339885.9618033051,389.108154296875,LetabaExclosure,2020-12-07,2020-12-07 10:17:51.831,10:17:51,68.413615,26.609186233333336
2028,116273.833,cam1-001-002028-0,7371758.166978946,339889.3431197067,389.24896240234375,LetabaExclosure,2020-12-07,2020-12-07 10:17:53.833,10:17:53,68.41027833333334,26.60987581111111
2029,116276.236,cam1-001-002029-0,7371752.0616292525,339894.4776223826,389.3013916015625,LetabaExclosure,2020-12-07,2020-12-07 10:17:56.236,10:17:56,68.40627333333333,26.61070351111111
2030,116277.837,cam1-001-002030-0,7371750.895603549,339896.50385969103,389.6561584472656,LetabaExclosure,2020-12-07,2020-12-07 10:17:57.837,10:17:57,68.403605,26.611254966666664
2031,116279.839,cam1-001-002031-0,7371742.771058306,339906.7885487679,389.7810363769531,LetabaExclosure,2020-12-07,2020-12-07 10:17:59.839,10:17:59,68.40026833333333,26.611944544444444
2032,116281.841,cam1-001-002032-0,7371731.668914243,339920.58212305215,390.0184020996094,LetabaExclosure,2020-12-07,2020-12-07 10:18:01.841,10:18:01,68.39693166666667,26.61263412222222
2033,116283.843,cam1-001-002033-0,7371720.507610127,339934.3248076129,390.4345397949219,LetabaExclosure,2020-12-07,2020-12-07 10:18:03.843,10:18:03,68.39359500000002,26.613323699999995
2034,116286.379,cam1-001-002034-0,7371707.601930583,339950.6708394566,390.7684020996094,LetabaExclosure,2020-12-07,2020-12-07 10:18:06.379,10:18:06,68.38936833333334,26.61419721111111
2035,116287.847,cam1-001-002035-0,7371700.427861339,339959.58523216215,390.840087890625,LetabaExclosure,2020-12-07,2020-12-07 10:18:07.847,10:18:07,68.38692166666668,26.614702855555553
2036,116289.849,cam1-001-002036-0,7371690.674907882,339971.9444082826,390.9599914550781,LetabaExclosure,2020-12-07,2020-12-07 10:18:09.849,10:18:09,68.383585,26.615392433333334
2037,116291.851,cam1-001-002037-0,7371680.823327566,339984.3509512744,391.1959228515625,LetabaExclosure,2020-12-07,2020-12-07 10:18:11.851,10:18:11,68.38024833333334,26.616082011111107
2038,116293.853,cam1-001-002038-0,7371670.700077908,339997.3486889113,391.4331970214844,LetabaExclosure,2020-12-07,2020-12-07 10:18:13.853,10:18:13,68.37691166666667,26.616771588888888
2039,116296.256,cam1-001-002039-0,7371658.822963521,340012.4897660061,391.49169921875,LetabaExclosure,2020-12-07,2020-12-07 10:18:16.256,10:18:16,68.37290666666668,26.617599288888886
2040,116297.857,cam1-001-002040-0,7371650.913455527,340022.4305793491,391.39190673828125,LetabaExclosure,2020-12-07,2020-12-07 10:18:17.857,10:18:17,68.37023833333333,26.618150744444446
2041,116299.859,cam1-001-002041-0,7371641.49846595,340034.912654344,391.2765808105469,LetabaExclosure,2020-12-07,2020-12-07 10:18:19.859,10:18:19,68.36690166666668,26.61884032222222
2042,116301.861,cam1-001-002042-0,7371631.095165199,340047.88389675634,391.0533142089844,LetabaExclosure,2020-12-07,2020-12-07 10:18:21.861,10:18:21,68.363565,26.6195299
2043,116304.397,cam1-001-002043-0,7371618.70832406,340063.7353177327,390.62841796875,LetabaExclosure,2020-12-07,2020-12-07 10:18:24.397,10:18:24,68.35933833333334,26.62040341111111
2044,116305.865,cam1-001-002044-0,7371611.800351127,340072.73118104896,390.5426025390625,LetabaExclosure,2020-12-07,2020-12-07 10:18:25.865,10:18:25,68.35689166666666,26.620909055555558
2045,116307.734,cam1-001-002045-0,7371602.2987398105,340084.44525522337,390.56671142578125,LetabaExclosure,2020-12-07,2020-12-07 10:18:27.734,10:18:27,68.35377666666668,26.62155282222222
2046,116309.869,cam1-001-002046-0,7371591.981476221,340097.41580792726,390.55096435546875,LetabaExclosure,2020-12-07,2020-12-07 10:18:29.869,10:18:29,68.35021833333333,26.622288211111112
2047,116312.405,cam1-001-002047-0,7371579.411663515,340113.2325096064,390.2512512207031,LetabaExclosure,2020-12-07,2020-12-07 10:18:32.405,10:18:32,68.34599166666668,26.62316172222222
2048,116313.873,cam1-001-002048-0,7371571.973050959,340122.5385228344,390.2535095214844,LetabaExclosure,2020-12-07,2020-12-07 10:18:33.873,10:18:33,68.34354499999999,26.62366736666667
2049,116315.742,cam1-001-002049-0,7371563.109295612,340134.102710984,390.2704162597656,LetabaExclosure,2020-12-07,2020-12-07 10:18:35.742,10:18:35,68.34043000000001,26.624311133333332
2050,116317.744,cam1-001-002050-0,7371553.1676805485,340147.1989462825,390.2596740722656,LetabaExclosure,2020-12-07,2020-12-07 10:18:37.744,10:18:37,68.33709333333333,26.625000711111113
2051,116319.879,cam1-001-002051-0,7371542.678397246,340160.634499007,390.2536315917969,LetabaExclosure,2020-12-07,2020-12-07 10:18:39.879,10:18:39,68.333535,26.6257361
2052,116322.281,cam1-001-002052-0,7371531.2773017585,340175.44174052705,390.23553466796875,LetabaExclosure,2020-12-07,2020-12-07 10:18:42.281,10:18:42,68.32953166666667,26.626563455555555
2053,116323.75,cam1-001-002053-0,7371524.26821484,340184.3350568117,390.3542785644531,LetabaExclosure,2020-12-07,2020-12-07 10:18:43.750,10:18:43,68.32708333333333,26.627069444444444
2054,116325.752,cam1-001-002054-0,7371514.1293889005,340197.3157294858,390.4847412109375,LetabaExclosure,2020-12-07,2020-12-07 10:18:45.752,10:18:45,68.32374666666668,26.627759022222218
2055,116327.754,cam1-001-002055-0,7371504.331329627,340209.75279031903,390.4585876464844,LetabaExclosure,2020-12-07,2020-12-07 10:18:47.754,10:18:47,68.32041,26.6284486
2056,116330.423,cam1-001-002056-0,7371490.890892311,340226.6353592925,390.482177734375,LetabaExclosure,2020-12-07,2020-12-07 10:18:50.423,10:18:50,68.31596166666668,26.62936792222222
2057,116331.758,cam1-001-002057-0,7371484.652617453,340234.6828263845,390.5196228027344,LetabaExclosure,2020-12-07,2020-12-07 10:18:51.758,10:18:51,68.31373666666667,26.629827755555556
2058,116333.76,cam1-001-002058-0,7371474.329718875,340247.87704427977,390.827880859375,LetabaExclosure,2020-12-07,2020-12-07 10:18:53.760,10:18:53,68.31040000000002,26.63051733333333
2059,116335.762,cam1-001-002059-0,7371464.368488816,340260.5098997784,391.082763671875,LetabaExclosure,2020-12-07,2020-12-07 10:18:55.762,10:18:55,68.30706333333333,26.63120691111111
2060,116337.897,cam1-001-002060-0,7371453.8798029665,340273.93013279873,391.0829162597656,LetabaExclosure,2020-12-07,2020-12-07 10:18:57.897,10:18:57,68.303505,26.6319423
2061,116340.299,cam1-001-002061-0,7371442.313816288,340288.7567756643,390.919189453125,LetabaExclosure,2020-12-07,2020-12-07 10:19:00.299,10:19:00,68.29950166666667,26.632769655555553
2062,116341.768,cam1-001-002062-0,7371435.322869157,340297.71611367195,390.8400573730469,LetabaExclosure,2020-12-07,2020-12-07 10:19:01.768,10:19:01,68.29705333333334,26.633275644444442
2063,116343.769,cam1-001-002063-0,7371425.071583806,340310.72626181773,390.693603515625,LetabaExclosure,2020-12-07,2020-12-07 10:19:03.769,10:19:03,68.29371833333333,26.633964877777778
2064,116345.771,cam1-001-002064-0,7371415.405988809,340323.1336442428,390.59552001953125,LetabaExclosure,2020-12-07,2020-12-07 10:19:05.771,10:19:05,68.29038166666668,26.634654455555552
2065,116348.441,cam1-001-002065-0,7371402.11168188,340340.13836451736,390.1750793457031,LetabaExclosure,2020-12-07,2020-12-07 10:19:08.441,10:19:08,68.28593166666666,26.635574122222224
2066,116349.775,cam1-001-002066-0,7371395.552722007,340348.1452109203,390.015380859375,LetabaExclosure,2020-12-07,2020-12-07 10:19:09.775,10:19:09,68.28370833333335,26.63603361111111
2067,116351.777,cam1-001-002067-0,7371385.225145711,340361.390145647,389.8808898925781,LetabaExclosure,2020-12-07,2020-12-07 10:19:11.777,10:19:11,68.28037166666667,26.63672318888889
2068,116353.779,cam1-001-002068-0,7371375.171226418,340374.01545669173,389.79608154296875,LetabaExclosure,2020-12-07,2020-12-07 10:19:13.779,10:19:13,68.27703500000001,26.637412766666664
2069,116355.915,cam1-001-002069-0,7371364.568132695,340387.54303910094,389.7379150390625,LetabaExclosure,2020-12-07,2020-12-07 10:19:15.915,10:19:15,68.27347500000002,26.638148499999996
2070,116358.317,cam1-001-002070-0,7371352.974043931,340402.50979490875,389.6703186035156,LetabaExclosure,2020-12-07,2020-12-07 10:19:18.317,10:19:18,68.26947166666667,26.638975855555554
2071,116359.785,cam1-001-002071-0,7371345.9584985785,340411.4996717404,389.6083068847656,LetabaExclosure,2020-12-07,2020-12-07 10:19:19.785,10:19:19,68.267025,26.6394815
2072,116361.787,cam1-001-002072-0,7371335.707229439,340424.3697194275,389.50970458984375,LetabaExclosure,2020-12-07,2020-12-07 10:19:21.787,10:19:21,68.26368833333335,26.640171077777776
2073,116363.789,cam1-001-002073-0,7371326.018211151,340436.57637489086,389.4377136230469,LetabaExclosure,2020-12-07,2020-12-07 10:19:23.789,10:19:23,68.26035166666666,26.640860655555556
2074,116366.459,cam1-001-002074-0,7371312.813681403,340453.43979667185,389.44024658203125,LetabaExclosure,2020-12-07,2020-12-07 10:19:26.459,10:19:26,68.25590166666666,26.64178032222222
2075,116367.793,cam1-001-002075-0,7371306.462082958,340461.4977227472,389.4139709472656,LetabaExclosure,2020-12-07,2020-12-07 10:19:27.793,10:19:27,68.25367833333333,26.64223981111111
2076,116369.795,cam1-001-002076-0,7371296.266965649,340474.5227483022,389.4057922363281,LetabaExclosure,2020-12-07,2020-12-07 10:19:29.795,10:19:29,68.25034166666667,26.642929388888888
2077,116371.797,cam1-001-002077-0,7371286.591907028,340487.11285179434,389.4722900390625,LetabaExclosure,2020-12-07,2020-12-07 10:19:31.797,10:19:31,68.24700499999999,26.64361896666667
2078,116373.799,cam1-001-002078-0,7371276.841120493,340499.5833382041,389.57354736328125,LetabaExclosure,2020-12-07,2020-12-07 10:19:33.799,10:19:33,68.24366833333333,26.644308544444442
2079,116376.335,cam1-001-002079-0,7371264.225565586,340515.46504938114,389.73834228515625,LetabaExclosure,2020-12-07,2020-12-07 10:19:36.335,10:19:36,68.23944166666666,26.64518205555556
2080,116377.803,cam1-001-002080-0,7371257.25351017,340524.53742341016,389.8077087402344,LetabaExclosure,2020-12-07,2020-12-07 10:19:37.803,10:19:37,68.23699500000001,26.6456877
2081,116379.805,cam1-001-002081-0,7371247.076800076,340537.6946905147,389.94500732421875,LetabaExclosure,2020-12-07,2020-12-07 10:19:39.805,10:19:39,68.23365833333335,26.646377277777773
2082,116381.807,cam1-001-002082-0,7371237.156581968,340550.2706252728,390.0220947265625,LetabaExclosure,2020-12-07,2020-12-07 10:19:41.807,10:19:41,68.23032166666667,26.647066855555554
2083,116384.477,cam1-001-002083-0,7371223.682939956,340567.38808520493,390.3282165527344,LetabaExclosure,2020-12-07,2020-12-07 10:19:44.477,10:19:44,68.22587166666668,26.647986522222222
2084,116385.811,cam1-001-002084-0,7371217.389719714,340575.54561943805,390.3642883300781,LetabaExclosure,2020-12-07,2020-12-07 10:19:45.811,10:19:45,68.22364833333333,26.648446011111112
2085,116387.813,cam1-001-002085-0,7371207.18494546,340588.6115082172,390.4158630371094,LetabaExclosure,2020-12-07,2020-12-07 10:19:47.813,10:19:47,68.22031166666667,26.649135588888885
2086,116389.815,cam1-001-002086-0,7371197.155384007,340601.09248616296,390.3810119628906,LetabaExclosure,2020-12-07,2020-12-07 10:19:49.815,10:19:49,68.216975,26.649825166666666
2087,116392.485,cam1-001-002087-0,7371184.1580890585,340618.08960104024,390.4908142089844,LetabaExclosure,2020-12-07,2020-12-07 10:19:52.485,10:19:52,68.212525,26.650744833333334
2088,116393.819,cam1-001-002088-0,7371177.473077742,340626.7457246441,390.5036315917969,LetabaExclosure,2020-12-07,2020-12-07 10:19:53.819,10:19:53,68.21030166666667,26.651204322222224
2089,116395.821,cam1-001-002089-0,7371167.426081727,340639.0978123392,390.2322998046875,LetabaExclosure,2020-12-07,2020-12-07 10:19:55.821,10:19:55,68.20696500000001,26.651893899999997
2090,116397.823,cam1-001-002090-0,7371157.441665592,340652.0697711666,390.01947021484375,LetabaExclosure,2020-12-07,2020-12-07 10:19:57.823,10:19:57,68.20362833333333,26.652583477777778
2091,116399.825,cam1-001-002091-0,7371147.706063345,340664.53363236994,389.93994140625,LetabaExclosure,2020-12-07,2020-12-07 10:19:59.825,10:19:59,68.20029166666667,26.653273055555555
2092,116402.228,cam1-001-002092-0,7371135.635471944,340679.3117719169,389.7784729003906,LetabaExclosure,2020-12-07,2020-12-07 10:20:02.228,10:20:02,68.19628666666667,26.654100755555557
2093,116403.829,cam1-001-002093-0,7371127.862920549,340689.2627141153,389.6968688964844,LetabaExclosure,2020-12-07,2020-12-07 10:20:03.829,10:20:03,68.19361833333333,26.65465221111111
2094,116405.831,cam1-001-002094-0,7371117.613749117,340702.24931498995,389.63104248046875,LetabaExclosure,2020-12-07,2020-12-07 10:20:05.831,10:20:05,68.19028166666666,26.65534178888889
2095,116407.833,cam1-001-002095-0,7371107.613941266,340714.6506344405,389.51312255859375,LetabaExclosure,2020-12-07,2020-12-07 10:20:07.833,10:20:07,68.18694500000001,26.656031366666664
2096,116410.369,cam1-001-002096-0,7371095.160118158,340730.8065146148,389.3627014160156,LetabaExclosure,2020-12-07,2020-12-07 10:20:10.369,10:20:10,68.18271833333333,26.65690487777778
2097,116411.837,cam1-001-002097-0,7371087.97527848,340739.89086251927,389.3916931152344,LetabaExclosure,2020-12-07,2020-12-07 10:20:11.837,10:20:11,68.18027166666667,26.65741052222222
2098,116413.839,cam1-001-002098-0,7371077.710620711,340752.8746856814,389.4790344238281,LetabaExclosure,2020-12-07,2020-12-07 10:20:13.839,10:20:13,68.17693499999999,26.658100100000002
2099,116415.841,cam1-001-002099-0,7371068.009026257,340765.331607117,389.656982421875,LetabaExclosure,2020-12-07,2020-12-07 10:20:15.841,10:20:15,68.17359833333333,26.658789677777776
2100,116417.843,cam1-001-002100-0,7371058.326175107,340777.8478715847,389.7238464355469,LetabaExclosure,2020-12-07,2020-12-07 10:20:17.843,10:20:17,68.17026166666668,26.659479255555553
2101,116420.245,cam1-001-002101-0,7371046.532209551,340792.5166206642,389.7264404296875,LetabaExclosure,2020-12-07,2020-12-07 10:20:20.245,10:20:20,68.16625833333335,26.66030661111111
2102,116421.847,cam1-001-002102-0,7371038.673290448,340801.4228871331,390.04461669921875,LetabaExclosure,2020-12-07,2020-12-07 10:20:21.847,10:20:21,68.16358833333335,26.660858411111107
2103,116423.849,cam1-001-002103-0,7371029.749689834,340800.24221313925,389.69140625,LetabaExclosure,2020-12-07,2020-12-07 10:20:23.849,10:20:23,68.16025166666667,26.661547988888888
2104,116426.785,cam1-001-002104-0,7371029.082504731,340793.4750415945,389.6336364746094,LetabaExclosure,2020-12-07,2020-12-07 10:20:26.785,10:20:26,68.15535833333333,26.662559277777778
2105,116427.853,cam1-001-002105-0,7371028.93354338,340790.0379605539,389.7707214355469,LetabaExclosure,2020-12-07,2020-12-07 10:20:27.853,10:20:27,68.15357833333333,26.662927144444446
2106,116429.855,cam1-001-002106-0,7371026.582723209,340776.84737243614,389.78179931640625,LetabaExclosure,2020-12-07,2020-12-07 10:20:29.855,10:20:29,68.15024166666667,26.66361672222222
2107,116431.857,cam1-001-002107-0,7371024.194690539,340758.87551607715,389.44976806640625,LetabaExclosure,2020-12-07,2020-12-07 10:20:31.857,10:20:31,68.146905,26.6643063
2108,116433.859,cam1-001-002108-0,7371022.785247976,340742.01474232075,389.1585693359375,LetabaExclosure,2020-12-07,2020-12-07 10:20:33.859,10:20:33,68.14356833333335,26.664995877777777
2109,116436.395,cam1-001-002109-0,7371020.7381562,340721.26090975734,389.0655517578125,LetabaExclosure,2020-12-07,2020-12-07 10:20:36.395,10:20:36,68.13934166666667,26.66586938888889
2110,116437.863,cam1-001-002110-0,7371019.540558138,340709.81584255677,389.05517578125,LetabaExclosure,2020-12-07,2020-12-07 10:20:37.863,10:20:37,68.13689500000001,26.66637503333333
2111,116439.865,cam1-001-002111-0,7371017.50417049,340694.0466794031,388.95269775390625,LetabaExclosure,2020-12-07,2020-12-07 10:20:39.865,10:20:39,68.13355833333333,26.667064611111112
2112,116441.867,cam1-001-002112-0,7371015.505328594,340677.4671420556,388.605224609375,LetabaExclosure,2020-12-07,2020-12-07 10:20:41.867,10:20:41,68.13022166666667,26.66775418888889
2113,116443.869,cam1-001-002113-0,7371013.713183634,340661.3874400306,388.27056884765625,LetabaExclosure,2020-12-07,2020-12-07 10:20:43.869,10:20:43,68.12688499999999,26.66844376666667
2114,116446.271,cam1-001-002114-0,7371016.986025937,340645.31798724027,388.5249938964844,LetabaExclosure,2020-12-07,2020-12-07 10:20:46.271,10:20:46,68.12288166666669,26.66927112222222
2115,116449.741,cam1-001-002115-0,7371022.476829178,340640.5330709295,389.2092590332031,LetabaExclosure,2020-12-07,2020-12-07 10:20:49.741,10:20:49,68.11709833333335,26.670466344444442
2116,116451.743,cam1-001-002116-0,7371030.514883471,340627.61985983077,389.57684326171875,LetabaExclosure,2020-12-07,2020-12-07 10:20:51.743,10:20:51,68.11376166666666,26.671155922222223
2117,116453.745,cam1-001-002117-0,7371040.738630103,340614.1436019897,389.2846984863281,LetabaExclosure,2020-12-07,2020-12-07 10:20:53.745,10:20:53,68.110425,26.671845499999996
2118,116455.747,cam1-001-002118-0,7371051.465663658,340601.05040207715,388.8187561035156,LetabaExclosure,2020-12-07,2020-12-07 10:20:55.747,10:20:55,68.10708833333334,26.672535077777777
2119,116458.417,cam1-001-002119-0,7371064.495705338,340584.8270734946,388.9026794433594,LetabaExclosure,2020-12-07,2020-12-07 10:20:58.417,10:20:58,68.10263833333333,26.673454744444445
2120,116459.751,cam1-001-002120-0,7371071.314087862,340576.1242384256,389.1283264160156,LetabaExclosure,2020-12-07,2020-12-07 10:20:59.751,10:20:59,68.100415,26.673914233333335
2121,116461.753,cam1-001-002121-0,7371080.878308298,340563.29563033406,389.3587646484375,LetabaExclosure,2020-12-07,2020-12-07 10:21:01.753,10:21:01,68.09707833333334,26.67460381111111
2122,116463.755,cam1-001-002122-0,7371090.452247465,340550.5107314815,389.04156494140625,LetabaExclosure,2020-12-07,2020-12-07 10:21:03.755,10:21:03,68.09374166666666,26.67529338888889
2123,116466.425,cam1-001-002123-0,7371103.536163887,340533.6286414205,388.4471435546875,LetabaExclosure,2020-12-07,2020-12-07 10:21:06.425,10:21:06,68.08929166666667,26.676213055555557
2124,116467.759,cam1-001-002124-0,7371110.14219309,340525.2702994924,388.2749938964844,LetabaExclosure,2020-12-07,2020-12-07 10:21:07.759,10:21:07,68.08706833333332,26.676672544444447
2125,116469.761,cam1-001-002125-0,7371120.047519505,340512.8005649386,388.09197998046875,LetabaExclosure,2020-12-07,2020-12-07 10:21:09.761,10:21:09,68.08373166666667,26.67736212222222
2126,116471.763,cam1-001-002126-0,7371129.930601386,340500.2174992155,387.9326171875,LetabaExclosure,2020-12-07,2020-12-07 10:21:11.763,10:21:11,68.080395,26.6780517
2127,116473.899,cam1-001-002127-0,7371140.540984063,340486.6452768275,387.90966796875,LetabaExclosure,2020-12-07,2020-12-07 10:21:13.899,10:21:13,68.07683499999999,26.678787433333333
2128,116476.301,cam1-001-002128-0,7371152.383249796,340470.98145229433,388.099609375,LetabaExclosure,2020-12-07,2020-12-07 10:21:16.301,10:21:16,68.07283166666666,26.67961478888889
2129,116477.769,cam1-001-002129-0,7371159.426513371,340461.99869333685,388.2611389160156,LetabaExclosure,2020-12-07,2020-12-07 10:21:17.769,10:21:17,68.070385,26.680120433333332
2130,116479.771,cam1-001-002130-0,7371169.141868232,340449.53038991283,388.302001953125,LetabaExclosure,2020-12-07,2020-12-07 10:21:19.771,10:21:19,68.06704833333335,26.68081001111111
2131,116481.773,cam1-001-002131-0,7371178.9177684495,340437.064662294,388.258056640625,LetabaExclosure,2020-12-07,2020-12-07 10:21:21.773,10:21:21,68.06371166666666,26.68149958888889
2132,116484.443,cam1-001-002132-0,7371192.070068664,340420.4864348161,388.1647033691406,LetabaExclosure,2020-12-07,2020-12-07 10:21:24.443,10:21:24,68.05926166666667,26.682419255555555
2133,116485.777,cam1-001-002133-0,7371198.736011172,340412.0759111822,388.1805114746094,LetabaExclosure,2020-12-07,2020-12-07 10:21:25.777,10:21:25,68.05703833333334,26.682878744444444
2134,116487.779,cam1-001-002134-0,7371208.540943125,340399.5918328498,388.3221130371094,LetabaExclosure,2020-12-07,2020-12-07 10:21:27.779,10:21:27,68.05370166666668,26.683568322222218
2135,116489.781,cam1-001-002135-0,7371218.145136966,340387.22600828996,388.5574951171875,LetabaExclosure,2020-12-07,2020-12-07 10:21:29.781,10:21:29,68.050365,26.6842579
2136,116491.783,cam1-001-002136-0,7371228.334238216,340374.31614636554,388.7601623535156,LetabaExclosure,2020-12-07,2020-12-07 10:21:31.783,10:21:31,68.04702833333334,26.684947477777776
2137,116494.319,cam1-001-002137-0,7371240.9866594,340358.23460855393,389.1226501464844,LetabaExclosure,2020-12-07,2020-12-07 10:21:34.319,10:21:34,68.04280166666666,26.68582098888889
2138,116495.787,cam1-001-002138-0,7371247.986958132,340349.11587555247,389.2997741699219,LetabaExclosure,2020-12-07,2020-12-07 10:21:35.787,10:21:35,68.040355,26.68632663333333
2139,116497.789,cam1-001-002139-0,7371257.730018542,340336.73273174267,389.52703857421875,LetabaExclosure,2020-12-07,2020-12-07 10:21:37.789,10:21:37,68.03701833333332,26.68701621111111
2140,116499.791,cam1-001-002140-0,7371267.577436466,340324.0855169418,389.5119934082031,LetabaExclosure,2020-12-07,2020-12-07 10:21:39.791,10:21:39,68.03368166666667,26.687705788888888
2141,116502.46,cam1-001-002141-0,7371280.888447205,340307.2836453931,389.1286315917969,LetabaExclosure,2020-12-07,2020-12-07 10:21:42.460,10:21:42,68.02923333333332,26.68862511111111
2142,116503.795,cam1-001-002142-0,7371287.631781636,340298.60664816614,388.8357849121094,LetabaExclosure,2020-12-07,2020-12-07 10:21:43.795,10:21:43,68.02700833333334,26.689084944444442
2143,116505.797,cam1-001-002143-0,7371297.3964605965,340286.14560848987,388.4454040527344,LetabaExclosure,2020-12-07,2020-12-07 10:21:45.797,10:21:45,68.02367166666666,26.689774522222223
2144,116507.799,cam1-001-002144-0,7371307.283414212,340273.54335585743,388.2523498535156,LetabaExclosure,2020-12-07,2020-12-07 10:21:47.799,10:21:47,68.020335,26.6904641
2145,116510.468,cam1-001-002145-0,7371320.763285274,340256.29187717836,388.2012939453125,LetabaExclosure,2020-12-07,2020-12-07 10:21:50.468,10:21:50,68.01588666666667,26.69138342222222
2146,116511.803,cam1-001-002146-0,7371327.686002596,340247.65674079553,388.3367614746094,LetabaExclosure,2020-12-07,2020-12-07 10:21:51.803,10:21:51,68.01366166666666,26.691843255555554
2147,116513.805,cam1-001-002147-0,7371337.575229045,340234.6877581654,388.4303283691406,LetabaExclosure,2020-12-07,2020-12-07 10:21:53.805,10:21:53,68.01032500000001,26.69253283333333
2148,116515.807,cam1-001-002148-0,7371347.605272578,340221.9645457885,388.31439208984375,LetabaExclosure,2020-12-07,2020-12-07 10:21:55.807,10:21:55,68.00698833333334,26.693222411111112
2149,116517.809,cam1-001-002149-0,7371357.682592781,340209.3623365294,388.35345458984375,LetabaExclosure,2020-12-07,2020-12-07 10:21:57.809,10:21:57,68.00365166666668,26.693911988888885
2150,116520.345,cam1-001-002150-0,7371370.43806725,340193.51682684757,388.2895202636719,LetabaExclosure,2020-12-07,2020-12-07 10:22:00.345,10:22:00,67.999425,26.6947855
2151,116521.813,cam1-001-002151-0,7371377.5422161985,340184.6435265215,388.2405700683594,LetabaExclosure,2020-12-07,2020-12-07 10:22:01.813,10:22:01,67.99697833333335,26.695291144444443
2152,116523.815,cam1-001-002152-0,7371387.456326025,340172.1946306983,388.1624755859375,LetabaExclosure,2020-12-07,2020-12-07 10:22:03.815,10:22:03,67.99364166666666,26.695980722222224
2153,116525.817,cam1-001-002153-0,7371397.277178252,340159.79970138764,388.1274108886719,LetabaExclosure,2020-12-07,2020-12-07 10:22:05.817,10:22:05,67.990305,26.696670299999997
2154,116528.486,cam1-001-002154-0,7371410.556202116,340142.8823642172,388.1176452636719,LetabaExclosure,2020-12-07,2020-12-07 10:22:08.486,10:22:08,67.98585666666666,26.697589622222225
2155,116529.821,cam1-001-002155-0,7371417.184167604,340134.300933907,388.1285705566406,LetabaExclosure,2020-12-07,2020-12-07 10:22:09.821,10:22:09,67.98363166666668,26.698049455555555
2156,116531.823,cam1-001-002156-0,7371427.004655825,340121.84792599885,388.1778564453125,LetabaExclosure,2020-12-07,2020-12-07 10:22:11.823,10:22:11,67.980295,26.698739033333332
2157,116533.825,cam1-001-002157-0,7371436.854630943,340109.4834684975,388.1756286621094,LetabaExclosure,2020-12-07,2020-12-07 10:22:13.825,10:22:13,67.97695833333334,26.69942861111111
2158,116536.494,cam1-001-002158-0,7371450.178816648,340092.63219948066,388.123046875,LetabaExclosure,2020-12-07,2020-12-07 10:22:16.494,10:22:16,67.97251,26.700347933333333
2159,116537.829,cam1-001-002159-0,7371456.89156477,340084.19958763564,388.1794738769531,LetabaExclosure,2020-12-07,2020-12-07 10:22:17.829,10:22:17,67.970285,26.700807766666664
2160,116539.831,cam1-001-002160-0,7371466.768415857,340071.8023157916,388.15753173828125,LetabaExclosure,2020-12-07,2020-12-07 10:22:19.831,10:22:19,67.96694833333332,26.701497344444444
2161,116541.833,cam1-001-002161-0,7371476.542936525,340059.5139159355,388.1446228027344,LetabaExclosure,2020-12-07,2020-12-07 10:22:21.833,10:22:21,67.96361166666667,26.70218692222222
2162,116543.835,cam1-001-002162-0,7371486.091585536,340047.128514686,388.1666259765625,LetabaExclosure,2020-12-07,2020-12-07 10:22:23.835,10:22:23,67.960275,26.702876500000002
2163,116546.237,cam1-001-002163-0,7371498.058858429,340031.7317187234,388.1363220214844,LetabaExclosure,2020-12-07,2020-12-07 10:22:26.237,10:22:26,67.95627166666668,26.703703855555553
2164,116547.839,cam1-001-002164-0,7371505.909072947,340021.72607512877,388.1590881347656,LetabaExclosure,2020-12-07,2020-12-07 10:22:27.839,10:22:27,67.95360166666666,26.704255655555556
2165,116549.841,cam1-001-002165-0,7371515.686466555,340009.17572565906,388.166748046875,LetabaExclosure,2020-12-07,2020-12-07 10:22:29.841,10:22:29,67.950265,26.704945233333333
2166,116551.843,cam1-001-002166-0,7371525.502671832,339996.63864439446,388.335693359375,LetabaExclosure,2020-12-07,2020-12-07 10:22:31.843,10:22:31,67.94692833333335,26.705634811111107
2167,116554.379,cam1-001-002167-0,7371538.027310533,339980.61354838626,388.4281311035156,LetabaExclosure,2020-12-07,2020-12-07 10:22:34.379,10:22:34,67.94270166666666,26.70650832222222
2168,116555.847,cam1-001-002168-0,7371545.572829982,339971.0742445363,388.5252990722656,LetabaExclosure,2020-12-07,2020-12-07 10:22:35.847,10:22:35,67.94025500000001,26.707013966666665
2169,116557.849,cam1-001-002169-0,7371555.457005598,339958.49674803304,388.958251953125,LetabaExclosure,2020-12-07,2020-12-07 10:22:37.849,10:22:37,67.93691833333334,26.707703544444445
2170,116561.052,cam1-001-002170-0,7371554.078939578,339963.2288973243,388.7911071777344,LetabaExclosure,2020-12-07,2020-12-07 10:22:41.052,10:22:41,67.93158000000001,26.708806799999998
2171,116561.853,cam1-001-002171-0,7371554.140095489,339965.7022646263,388.8016052246094,LetabaExclosure,2020-12-07,2020-12-07 10:22:41.853,10:22:41,67.930245,26.7090827
2172,116563.855,cam1-001-002172-0,7371562.770120176,339974.5348272198,388.8871765136719,LetabaExclosure,2020-12-07,2020-12-07 10:22:43.855,10:22:43,67.92690833333334,26.709772277777777
2173,116565.857,cam1-001-002173-0,7371576.854067458,339989.58440530114,389.1449279785156,LetabaExclosure,2020-12-07,2020-12-07 10:22:45.857,10:22:45,67.92357166666666,26.710461855555558
2174,116567.859,cam1-001-002174-0,7371589.778990427,340006.5210502752,389.396240234375,LetabaExclosure,2020-12-07,2020-12-07 10:22:47.859,10:22:47,67.920235,26.71115143333333
2175,116570.395,cam1-001-002175-0,7371605.863779774,340026.977618504,389.597412109375,LetabaExclosure,2020-12-07,2020-12-07 10:22:50.395,10:22:50,67.91600833333332,26.712024944444444
2176,116571.863,cam1-001-002176-0,7371615.670518476,340038.56221136265,389.7290954589844,LetabaExclosure,2020-12-07,2020-12-07 10:22:51.863,10:22:51,67.91356166666668,26.71253058888889
2177,116573.865,cam1-001-002177-0,7371628.402423605,340053.7092896204,389.770751953125,LetabaExclosure,2020-12-07,2020-12-07 10:22:53.865,10:22:53,67.910225,26.713220166666666
2178,116575.867,cam1-001-002178-0,7371641.2479177145,340068.64364899386,389.6911315917969,LetabaExclosure,2020-12-07,2020-12-07 10:22:55.867,10:22:55,67.90688833333334,26.713909744444443
2179,116578.403,cam1-001-002179-0,7371657.9594789175,340088.0841836763,389.7686767578125,LetabaExclosure,2020-12-07,2020-12-07 10:22:58.403,10:22:58,67.90266166666666,26.714783255555556
2180,116579.871,cam1-001-002180-0,7371667.110179758,340099.20895084855,389.96270751953125,LetabaExclosure,2020-12-07,2020-12-07 10:22:59.871,10:22:59,67.900215,26.715288899999997
2181,116581.873,cam1-001-002181-0,7371674.408480201,340109.2144703058,390.2129821777344,LetabaExclosure,2020-12-07,2020-12-07 10:23:01.873,10:23:01,67.89687833333332,26.715978477777778
2182,116583.875,cam1-001-002182-0,7371675.7153558,340112.16472236975,389.9540100097656,LetabaExclosure,2020-12-07,2020-12-07 10:23:03.875,10:23:03,67.89354166666666,26.716668055555555
2183,116588.279,cam1-001-002183-0,7371697.910965138,340136.8844388033,387.2885437011719,LetabaExclosure,2020-12-07,2020-12-07 10:23:08.279,10:23:08,67.88620166666668,26.718184988888886
2184,116589.747,cam1-001-002184-0,7371707.199747113,340148.2672582287,385.7356872558594,LetabaExclosure,2020-12-07,2020-12-07 10:23:09.747,10:23:09,67.883755,26.718690633333335
2185,116591.749,cam1-001-002185-0,7371719.363998052,340163.6535811362,382.8546142578125,LetabaExclosure,2020-12-07,2020-12-07 10:23:11.749,10:23:11,67.88041833333334,26.71938021111111
2186,116593.751,cam1-001-002186-0,7371731.72770277,340179.3803825454,379.3858642578125,LetabaExclosure,2020-12-07,2020-12-07 10:23:13.751,10:23:13,67.87708166666667,26.72006978888889
2187,116596.42,cam1-001-002187-0,7371749.110364067,340201.6615503717,374.41680908203125,LetabaExclosure,2020-12-07,2020-12-07 10:23:16.420,10:23:16,67.87263333333334,26.72098911111111
2188,116597.755,cam1-001-002188-0,7371757.99207532,340213.1108672874,371.87030029296875,LetabaExclosure,2020-12-07,2020-12-07 10:23:17.755,10:23:17,67.87040833333333,26.721448944444447
2189,116599.757,cam1-001-002189-0,7371771.815882553,340230.72454687604,368.0893249511719,LetabaExclosure,2020-12-07,2020-12-07 10:23:19.757,10:23:19,67.86707166666667,26.72213852222222
2190,116601.759,cam1-001-002190-0,7371786.41132459,340249.26230318256,364.3617858886719,LetabaExclosure,2020-12-07,2020-12-07 10:23:21.759,10:23:21,67.86373499999999,26.7228281
2191,116604.428,cam1-001-002191-0,7371806.0324128065,340274.4634700307,359.341064453125,LetabaExclosure,2020-12-07,2020-12-07 10:23:24.428,10:23:24,67.85928666666666,26.72374742222222
2192,116605.763,cam1-001-002192-0,7371816.066228412,340287.34455192444,356.7341613769531,LetabaExclosure,2020-12-07,2020-12-07 10:23:25.763,10:23:25,67.85706166666665,26.724207255555555
2193,116607.765,cam1-001-002193-0,7371830.960970476,340306.39194639487,352.93890380859375,LetabaExclosure,2020-12-07,2020-12-07 10:23:27.765,10:23:27,67.853725,26.724896833333332
2194,116609.767,cam1-001-002194-0,7371845.982430553,340325.43900356774,349.0989074707031,LetabaExclosure,2020-12-07,2020-12-07 10:23:29.767,10:23:29,67.85038833333333,26.725586411111113
2195,116611.902,cam1-001-002195-0,7371861.846558015,340345.46406426566,345.27081298828125,LetabaExclosure,2020-12-07,2020-12-07 10:23:31.902,10:23:31,67.84683,26.7263218
2196,116614.305,cam1-001-002196-0,7371878.915750895,340366.827959762,341.8821716308594,LetabaExclosure,2020-12-07,2020-12-07 10:23:34.305,10:23:34,67.84282500000002,26.727149499999996
2197,116615.773,cam1-001-002197-0,7371889.647965353,340380.2353432354,340.450927734375,LetabaExclosure,2020-12-07,2020-12-07 10:23:35.773,10:23:35,67.84037833333333,26.727655144444444
2198,116617.775,cam1-001-002198-0,7371903.500967088,340397.63814530196,339.422607421875,LetabaExclosure,2020-12-07,2020-12-07 10:23:37.775,10:23:37,67.83704166666668,26.728344722222218
2199,116619.777,cam1-001-002199-0,7371916.985639203,340414.6693581308,338.9289245605469,LetabaExclosure,2020-12-07,2020-12-07 10:23:39.777,10:23:39,67.833705,26.7290343
2200,116622.446,cam1-001-002200-0,7371935.395534523,340437.5715507971,338.39715576171875,LetabaExclosure,2020-12-07,2020-12-07 10:23:42.446,10:23:42,67.82925666666668,26.72995362222222
2201,116623.781,cam1-001-002201-0,7371944.620016562,340448.972824042,338.1336364746094,LetabaExclosure,2020-12-07,2020-12-07 10:23:43.781,10:23:43,67.82703166666667,26.730413455555556
2202,116625.783,cam1-001-002202-0,7371958.17703473,340465.4699167614,337.76043701171875,LetabaExclosure,2020-12-07,2020-12-07 10:23:45.783,10:23:45,67.82369500000001,26.73110303333333
2203,116627.785,cam1-001-002203-0,7371972.063469745,340482.29345747037,337.5191345214844,LetabaExclosure,2020-12-07,2020-12-07 10:23:47.785,10:23:47,67.82035833333333,26.73179261111111
2204,116629.787,cam1-001-002204-0,7371986.302805001,340499.53453128855,337.2323303222656,LetabaExclosure,2020-12-07,2020-12-07 10:23:49.787,10:23:49,67.81702166666668,26.732482188888888
2205,116632.323,cam1-001-002205-0,7372003.821726227,340521.56681369734,337.0636901855469,LetabaExclosure,2020-12-07,2020-12-07 10:23:52.323,10:23:52,67.812795,26.7333557
2206,116633.791,cam1-001-002206-0,7372014.0079463795,340534.6039488682,336.91937255859375,LetabaExclosure,2020-12-07,2020-12-07 10:23:53.791,10:23:53,67.81034833333334,26.733861344444442
2207,116635.793,cam1-001-002207-0,7372027.429653777,340551.50991847133,336.7315979003906,LetabaExclosure,2020-12-07,2020-12-07 10:23:55.793,10:23:55,67.80701166666665,26.734550922222223
2208,116637.795,cam1-001-002208-0,7372041.079619237,340568.358147496,336.5007629394531,LetabaExclosure,2020-12-07,2020-12-07 10:23:57.795,10:23:57,67.803675,26.7352405
2209,116640.464,cam1-001-002209-0,7372060.503577981,340591.9947900416,336.3881530761719,LetabaExclosure,2020-12-07,2020-12-07 10:24:00.464,10:24:00,67.79922666666666,26.736159822222223
2210,116641.799,cam1-001-002210-0,7372069.845180591,340603.55185313907,336.4078674316406,LetabaExclosure,2020-12-07,2020-12-07 10:24:01.799,10:24:01,67.79700166666667,26.736619655555554
2211,116643.801,cam1-001-002211-0,7372083.199908635,340620.07934007514,336.4491882324219,LetabaExclosure,2020-12-07,2020-12-07 10:24:03.801,10:24:03,67.79366499999999,26.737309233333335
2212,116645.803,cam1-001-002212-0,7372095.659114579,340636.4287974645,336.1319580078125,LetabaExclosure,2020-12-07,2020-12-07 10:24:05.803,10:24:05,67.79032833333333,26.73799881111111
2213,116647.805,cam1-001-002213-0,7372105.416668056,340654.8407648549,335.8121643066406,LetabaExclosure,2020-12-07,2020-12-07 10:24:07.805,10:24:07,67.78699166666668,26.738688388888885
2214,116650.341,cam1-001-002214-0,7372116.604067987,340679.0125475003,335.070068359375,LetabaExclosure,2020-12-07,2020-12-07 10:24:10.341,10:24:10,67.782765,26.739561899999998
2215,116651.809,cam1-001-002215-0,7372123.524620207,340693.33693014656,334.3179626464844,LetabaExclosure,2020-12-07,2020-12-07 10:24:11.809,10:24:11,67.78031833333334,26.740067544444443
2216,116653.811,cam1-001-002216-0,7372132.952415368,340712.51378671377,333.42144775390625,LetabaExclosure,2020-12-07,2020-12-07 10:24:13.811,10:24:13,67.77698166666667,26.74075712222222
2217,116655.813,cam1-001-002217-0,7372142.033490455,340731.1995165384,332.6885681152344,LetabaExclosure,2020-12-07,2020-12-07 10:24:15.813,10:24:15,67.77364500000002,26.741446699999997
2218,116658.349,cam1-001-002218-0,7372153.270365829,340754.59647545614,331.7899475097656,LetabaExclosure,2020-12-07,2020-12-07 10:24:18.349,10:24:18,67.76941833333333,26.74232021111111
2219,116659.817,cam1-001-002219-0,7372159.998614691,340768.5596777267,330.6836242675781,LetabaExclosure,2020-12-07,2020-12-07 10:24:19.817,10:24:19,67.76697166666668,26.74282585555555
2220,116661.819,cam1-001-002220-0,7372169.029666284,340787.0416862259,328.4417724609375,LetabaExclosure,2020-12-07,2020-12-07 10:24:21.819,10:24:21,67.763635,26.743515433333332
2221,116663.821,cam1-001-002221-0,7372178.342414658,340805.8994587132,325.77752685546875,LetabaExclosure,2020-12-07,2020-12-07 10:24:23.821,10:24:23,67.76029833333334,26.74420501111111
2222,116665.823,cam1-001-002222-0,7372187.413324926,340824.4289986902,323.0561218261719,LetabaExclosure,2020-12-07,2020-12-07 10:24:25.823,10:24:25,67.75696166666667,26.74489458888889
2223,116668.359,cam1-001-002223-0,7372198.052070996,340844.7378942827,320.20538330078125,LetabaExclosure,2020-12-07,2020-12-07 10:24:28.359,10:24:28,67.752735,26.7457681
2224,116669.827,cam1-001-002224-0,7372206.442069152,340851.4635726125,319.7596435546875,LetabaExclosure,2020-12-07,2020-12-07 10:24:29.827,10:24:29,67.75028833333333,26.746273744444444
2225,116671.829,cam1-001-002225-0,7372216.48395912,340848.5936882278,318.6458435058594,LetabaExclosure,2020-12-07,2020-12-07 10:24:31.829,10:24:31,67.74695166666667,26.74696332222222
2226,116676.1,cam1-001-002226-0,7372205.892006086,340833.4584824438,315.404296875,LetabaExclosure,2020-12-07,2020-12-07 10:24:36.100,10:24:36,67.73983333333332,26.748434444444445
2227,116677.835,cam1-001-002227-0,7372197.045771515,340833.87729661865,314.989013671875,LetabaExclosure,2020-12-07,2020-12-07 10:24:37.835,10:24:37,67.73694166666665,26.749032055555556
2228,116679.837,cam1-001-002228-0,7372187.955510326,340830.3116964597,314.8994140625,LetabaExclosure,2020-12-07,2020-12-07 10:24:39.837,10:24:39,67.733605,26.749721633333333
2229,116683.974,cam1-001-002229-0,7372199.654705983,340814.791967402,314.4175720214844,LetabaExclosure,2020-12-07,2020-12-07 10:24:43.974,10:24:43,67.72671,26.7511466
2230,116685.843,cam1-001-002230-0,7372212.447364673,340815.6690900319,314.2073669433594,LetabaExclosure,2020-12-07,2020-12-07 10:24:45.843,10:24:45,67.72359500000002,26.751790366666665
2231,116687.845,cam1-001-002231-0,7372227.45054077,340817.4283253705,314.0345458984375,LetabaExclosure,2020-12-07,2020-12-07 10:24:47.845,10:24:47,67.72025833333333,26.752479944444445
2232,116689.847,cam1-001-002232-0,7372244.052180713,340818.96109481127,314.05316162109375,LetabaExclosure,2020-12-07,2020-12-07 10:24:49.847,10:24:49,67.71692166666668,26.75316952222222
2233,116692.382,cam1-001-002233-0,7372264.266812452,340820.40522399545,314.1498718261719,LetabaExclosure,2020-12-07,2020-12-07 10:24:52.382,10:24:52,67.71269666666667,26.754042688888887
2234,116693.851,cam1-001-002234-0,7372276.307654012,340821.0062525463,314.232177734375,LetabaExclosure,2020-12-07,2020-12-07 10:24:53.851,10:24:53,67.71024833333334,26.754548677777777
2235,116695.853,cam1-001-002235-0,7372288.618222196,340818.86661640997,314.1575012207031,LetabaExclosure,2020-12-07,2020-12-07 10:24:55.853,10:24:55,67.70691166666667,26.755238255555557
2236,116697.855,cam1-001-002236-0,7372296.107323948,340811.16621041263,313.275390625,LetabaExclosure,2020-12-07,2020-12-07 10:24:57.855,10:24:57,67.70357500000001,26.75592783333333
2237,116701.859,cam1-001-002237-0,7372288.998352652,340798.45010258,310.2196044921875,LetabaExclosure,2020-12-07,2020-12-07 10:25:01.859,10:25:01,67.69690166666668,26.757306988888885
2238,116705.062,cam1-001-002238-0,7372279.6526361555,340802.69066769624,306.46136474609375,LetabaExclosure,2020-12-07,2020-12-07 10:25:05.062,10:25:05,67.69156333333332,26.758410244444445
2239,116705.862,cam1-001-002239-0,7372277.4717055615,340804.6066870434,305.309814453125,LetabaExclosure,2020-12-07,2020-12-07 10:25:05.862,10:25:05,67.69023000000001,26.7586858
2240,116707.864,cam1-001-002240-0,7372272.572260759,340809.2562293876,302.2185363769531,LetabaExclosure,2020-12-07,2020-12-07 10:25:07.864,10:25:07,67.68689333333333,26.75937537777778
2241,116709.866,cam1-001-002241-0,7372270.213745359,340813.49293683714,299.33660888671875,LetabaExclosure,2020-12-07,2020-12-07 10:25:09.866,10:25:09,67.68355666666668,26.760064955555553
2242,116711.868,cam1-001-002242-0,7372271.483364105,340818.3989252439,296.4616394042969,LetabaExclosure,2020-12-07,2020-12-07 10:25:11.868,10:25:11,67.68022,26.760754533333333
2243,116714.404,cam1-001-002243-0,7372274.857026955,340824.79772540875,293.8564758300781,LetabaExclosure,2020-12-07,2020-12-07 10:25:14.404,10:25:14,67.67599333333334,26.761628044444443
2244,116715.872,cam1-001-002244-0,7372277.722741544,340827.93148367654,292.7195739746094,LetabaExclosure,2020-12-07,2020-12-07 10:25:15.872,10:25:15,67.67354666666667,26.762133688888888
2245,116717.874,cam1-001-002245-0,7372281.094566033,340831.65157731366,291.74566650390625,LetabaExclosure,2020-12-07,2020-12-07 10:25:17.874,10:25:17,67.67021000000001,26.762823266666665
2246,116719.876,cam1-001-002246-0,7372282.947770296,340834.7710721864,291.0400085449219,LetabaExclosure,2020-12-07,2020-12-07 10:25:19.876,10:25:19,67.66687333333333,26.763512844444445
2247,116721.878,cam1-001-002247-0,7372283.328434257,340837.9557655335,290.3702697753906,LetabaExclosure,2020-12-07,2020-12-07 10:25:21.878,10:25:21,67.66353666666667,26.76420242222222
2248,116724.281,cam1-001-002248-0,7372282.850335802,340839.1044107722,289.8340148925781,LetabaExclosure,2020-12-07,2020-12-07 10:25:24.281,10:25:24,67.65953166666667,26.76503012222222
2249,116725.882,cam1-001-002249-0,7372282.269154597,340839.7414576588,289.4634704589844,LetabaExclosure,2020-12-07,2020-12-07 10:25:25.882,10:25:25,67.65686333333333,26.765581577777777
2250,116727.751,cam1-001-002250-0,7372281.822529279,340840.133493125,289.0111083984375,LetabaExclosure,2020-12-07,2020-12-07 10:25:27.751,10:25:27,67.65374833333333,26.766225344444447
2251,116729.753,cam1-001-002251-0,7372282.044119524,340839.6256347783,288.5430908203125,LetabaExclosure,2020-12-07,2020-12-07 10:25:29.753,10:25:29,67.65041166666667,26.76691492222222
2252,116732.422,cam1-001-002252-0,7372281.987557299,340839.73493220087,287.5426025390625,LetabaExclosure,2020-12-07,2020-12-07 10:25:32.422,10:25:32,67.64596333333333,26.767834244444447
2253,116733.757,cam1-001-002253-0,7372281.796252933,340839.98293033714,287.07049560546875,LetabaExclosure,2020-12-07,2020-12-07 10:25:33.757,10:25:33,67.64373833333335,26.768294077777778
2254,116735.759,cam1-001-002254-0,7372281.640755778,340840.05415263085,286.5850524902344,LetabaExclosure,2020-12-07,2020-12-07 10:25:35.759,10:25:35,67.64040166666666,26.768983655555555
2255,116737.761,cam1-001-002255-0,7372281.5697584925,340839.9138241655,286.3346252441406,LetabaExclosure,2020-12-07,2020-12-07 10:25:37.761,10:25:37,67.637065,26.769673233333332
2256,116740.43,cam1-001-002256-0,7372281.568260838,340839.9118564895,286.33026123046875,LetabaExclosure,2020-12-07,2020-12-07 10:25:40.430,10:25:40,67.63261666666668,26.770592555555552
2257,116741.765,cam1-001-002257-0,7372281.567907086,340839.9122282326,286.329833984375,LetabaExclosure,2020-12-07,2020-12-07 10:25:41.765,10:25:41,67.63039166666667,26.771052388888886
2258,116743.767,cam1-001-002258-0,7372281.567918019,340839.91222040093,286.32989501953125,LetabaExclosure,2020-12-07,2020-12-07 10:25:43.767,10:25:43,67.62705499999998,26.771741966666667
2259,116745.769,cam1-001-002259-0,7372281.567919705,340839.91221886827,286.32989501953125,LetabaExclosure,2020-12-07,2020-12-07 10:25:45.769,10:25:45,67.62371833333333,26.772431544444444
2260,116747.904,cam1-001-002260-0,7372281.5679208115,340839.91221812007,286.32989501953125,LetabaExclosure,2020-12-07,2020-12-07 10:25:47.904,10:25:47,67.62016000000001,26.773166933333332
2261,116750.307,cam1-001-002261-0,7372281.567911785,340839.91222459497,286.32989501953125,LetabaExclosure,2020-12-07,2020-12-07 10:25:50.307,10:25:50,67.616155,26.773994633333334
2262,116751.775,cam1-001-002262-0,7372281.567920281,340839.9122184644,286.32989501953125,LetabaExclosure,2020-12-07,2020-12-07 10:25:51.775,10:25:51,67.61370833333335,26.774500277777776
2263,116753.777,cam1-001-002263-0,7372281.567920014,340839.9122186502,286.32989501953125,LetabaExclosure,2020-12-07,2020-12-07 10:25:53.777,10:25:53,67.61037166666667,26.775189855555556
2264,116755.779,cam1-001-002264-0,7372281.568022475,340839.91214823496,286.3299865722656,LetabaExclosure,2020-12-07,2020-12-07 10:25:55.779,10:25:55,67.60703500000001,26.77587943333333
2265,116758.448,cam1-001-002265-0,7372281.568022475,340839.91214823496,286.3299865722656,LetabaExclosure,2020-12-07,2020-12-07 10:25:58.448,10:25:58,67.60258666666667,26.776798755555557
2266,116759.783,cam1-001-002266-0,7372281.568022475,340839.91214823496,286.3299865722656,LetabaExclosure,2020-12-07,2020-12-07 10:25:59.783,10:25:59,67.60036166666667,26.777258588888888
2267,116761.785,cam1-001-002267-0,7372281.568022475,340839.91214823496,286.3299865722656,LetabaExclosure,2020-12-07,2020-12-07 10:26:01.785,10:26:01,67.597025,26.77794816666667
2268,116763.787,cam1-001-002268-0,7372281.568022475,340839.91214823496,286.3299865722656,LetabaExclosure,2020-12-07,2020-12-07 10:26:03.787,10:26:03,67.59368833333335,26.778637744444442
2269,116765.789,cam1-001-002269-0,7372281.568022475,340839.91214823496,286.3299865722656,LetabaExclosure,2020-12-07,2020-12-07 10:26:05.789,10:26:05,67.59035166666666,26.779327322222223
2270,116768.325,cam1-001-002270-0,7372281.568022475,340839.91214823496,286.3299865722656,LetabaExclosure,2020-12-07,2020-12-07 10:26:08.325,10:26:08,67.58612500000001,26.780200833333332
2271,116769.793,cam1-001-002271-0,7372281.568022475,340839.91214823496,286.3299865722656,LetabaExclosure,2020-12-07,2020-12-07 10:26:09.793,10:26:09,67.58367833333332,26.78070647777778
2272,116771.795,cam1-001-002272-0,7372281.568022475,340839.91214823496,286.3299865722656,LetabaExclosure,2020-12-07,2020-12-07 10:26:11.795,10:26:11,67.58034166666667,26.781396055555554
2273,116773.797,cam1-001-002273-0,7372281.568022475,340839.91214823496,286.3299865722656,LetabaExclosure,2020-12-07,2020-12-07 10:26:13.797,10:26:13,67.57700499999999,26.782085633333335
2274,116776.466,cam1-001-002274-0,7372281.568022475,340839.91214823496,286.3299865722656,LetabaExclosure,2020-12-07,2020-12-07 10:26:16.466,10:26:16,67.57255666666667,26.783004955555555
2275,116777.801,cam1-001-002275-0,7372281.568022475,340839.91214823496,286.3299865722656,LetabaExclosure,2020-12-07,2020-12-07 10:26:17.801,10:26:17,67.57033166666666,26.783464788888892
2276,116779.803,cam1-001-002276-0,7372281.568022475,340839.91214823496,286.3299865722656,LetabaExclosure,2020-12-07,2020-12-07 10:26:19.803,10:26:19,67.566995,26.784154366666666
2277,116781.805,cam1-001-002277-0,7372281.568022475,340839.91214823496,286.3299865722656,LetabaExclosure,2020-12-07,2020-12-07 10:26:21.805,10:26:21,67.56365833333335,26.784843944444443
2278,116783.807,cam1-001-002278-0,7372281.568022475,340839.91214823496,286.3299865722656,LetabaExclosure,2020-12-07,2020-12-07 10:26:23.807,10:26:23,67.56032166666667,26.78553352222222
2279,116786.342,cam1-001-002279-0,7372281.568022475,340839.91214823496,286.3299865722656,LetabaExclosure,2020-12-07,2020-12-07 10:26:26.342,10:26:26,67.55609666666666,26.78640668888889
2280,116787.811,cam1-001-002280-0,7372281.568022475,340839.91214823496,286.3299865722656,LetabaExclosure,2020-12-07,2020-12-07 10:26:27.811,10:26:27,67.55364833333333,26.786912677777778
2281,116789.813,cam1-001-002281-0,7372281.568022475,340839.91214823496,286.3299865722656,LetabaExclosure,2020-12-07,2020-12-07 10:26:29.813,10:26:29,67.55031166666667,26.78760225555555
2282,116791.815,cam1-001-002282-0,7372281.568022475,340839.91214823496,286.3299865722656,LetabaExclosure,2020-12-07,2020-12-07 10:26:31.815,10:26:31,67.546975,26.788291833333332
2283,116794.484,cam1-001-002283-0,7372281.568022475,340839.91214823496,286.3299865722656,LetabaExclosure,2020-12-07,2020-12-07 10:26:34.484,10:26:34,67.54252666666667,26.789211155555552
2284,116795.818,cam1-001-002284-0,7372281.568022475,340839.91214823496,286.3299865722656,LetabaExclosure,2020-12-07,2020-12-07 10:26:35.818,10:26:35,67.54030333333334,26.789670644444442
2285,116797.82,cam1-001-002285-0,7372281.568022475,340839.91214823496,286.3299865722656,LetabaExclosure,2020-12-07,2020-12-07 10:26:37.820,10:26:37,67.53696666666666,26.790360222222223
2286,116799.822,cam1-001-002286-0,7372281.568022475,340839.91214823496,286.3299865722656,LetabaExclosure,2020-12-07,2020-12-07 10:26:39.822,10:26:39,67.53363,26.7910498
2287,116801.824,cam1-001-002287-0,7372281.568022475,340839.91214823496,286.3299865722656,LetabaExclosure,2020-12-07,2020-12-07 10:26:41.824,10:26:41,67.53029333333335,26.791739377777773
2288,116804.227,cam1-001-002288-0,7372281.568022475,340839.91214823496,286.3299865722656,LetabaExclosure,2020-12-07,2020-12-07 10:26:44.227,10:26:44,67.52628833333334,26.792567077777775
2289,116805.828,cam1-001-002289-0,7372281.568022475,340839.91214823496,286.3299865722656,LetabaExclosure,2020-12-07,2020-12-07 10:26:45.828,10:26:45,67.52362000000001,26.79311853333333
2290,116807.83,cam1-001-002290-0,7372281.568022475,340839.91214823496,286.3299865722656,LetabaExclosure,2020-12-07,2020-12-07 10:26:47.830,10:26:47,67.52028333333334,26.79380811111111
2291,116809.832,cam1-001-002291-0,7372281.568022475,340839.91214823496,286.3299865722656,LetabaExclosure,2020-12-07,2020-12-07 10:26:49.832,10:26:49,67.51694666666668,26.794497688888885
2292,116812.502,cam1-001-002292-0,7372281.568022475,340839.91214823496,286.3299865722656,LetabaExclosure,2020-12-07,2020-12-07 10:26:52.502,10:26:52,67.51249666666668,26.795417355555553
2293,116813.836,cam1-001-002293-0,7372281.568022475,340839.91214823496,286.3299865722656,LetabaExclosure,2020-12-07,2020-12-07 10:26:53.836,10:26:53,67.51027333333334,26.795876844444443
2294,116815.838,cam1-001-002294-0,7372281.568022475,340839.91214823496,286.3299865722656,LetabaExclosure,2020-12-07,2020-12-07 10:26:55.838,10:26:55,67.50693666666666,26.796566422222224
2295,116817.84,cam1-001-002295-0,7372281.568022475,340839.91214823496,286.3299865722656,LetabaExclosure,2020-12-07,2020-12-07 10:26:57.840,10:26:57,67.5036,26.797255999999997
2296,116819.842,cam1-001-002296-0,7372281.568022475,340839.91214823496,286.3299865722656,LetabaExclosure,2020-12-07,2020-12-07 10:26:59.842,10:26:59,67.50026333333332,26.797945577777778
2297,116822.245,cam1-001-002297-0,7372281.568022475,340839.91214823496,286.3299865722656,LetabaExclosure,2020-12-07,2020-12-07 10:27:02.245,10:27:02,67.49625833333334,26.798773277777777
2298,116823.846,cam1-001-002298-0,7372281.568022475,340839.91214823496,286.3299865722656,LetabaExclosure,2020-12-07,2020-12-07 10:27:03.846,10:27:03,67.49359,26.799324733333336
2299,116825.848,cam1-001-002299-0,7372281.568022475,340839.91214823496,286.3299865722656,LetabaExclosure,2020-12-07,2020-12-07 10:27:05.848,10:27:05,67.49025333333334,26.80001431111111
2300,116827.85,cam1-001-002300-0,7372281.568022475,340839.91214823496,286.3299865722656,LetabaExclosure,2020-12-07,2020-12-07 10:27:07.850,10:27:07,67.48691666666666,26.80070388888889
2301,116830.386,cam1-001-002301-0,7372281.568022475,340839.91214823496,286.3299865722656,LetabaExclosure,2020-12-07,2020-12-07 10:27:10.386,10:27:10,67.48269,26.8015774
2302,116831.854,cam1-001-002302-0,7372281.568022475,340839.91214823496,286.3299865722656,LetabaExclosure,2020-12-07,2020-12-07 10:27:11.854,10:27:11,67.48024333333332,26.802083044444448
2303,116833.856,cam1-001-002303-0,7372281.568022475,340839.91214823496,286.3299865722656,LetabaExclosure,2020-12-07,2020-12-07 10:27:13.856,10:27:13,67.47690666666666,26.80277262222222
2304,116835.858,cam1-001-002304-0,7372281.568022475,340839.91214823496,286.3299865722656,LetabaExclosure,2020-12-07,2020-12-07 10:27:15.858,10:27:15,67.47357000000001,26.8034622
2305,116837.86,cam1-001-002305-0,7372281.568022475,340839.91214823496,286.3299865722656,LetabaExclosure,2020-12-07,2020-12-07 10:27:17.860,10:27:17,67.47023333333334,26.804151777777776
2306,116840.263,cam1-001-002306-0,7372281.568022475,340839.91214823496,286.3299865722656,LetabaExclosure,2020-12-07,2020-12-07 10:27:20.263,10:27:20,67.46622833333332,26.804979477777778
2307,116841.864,cam1-001-002307-0,7372281.568022475,340839.91214823496,286.3299865722656,LetabaExclosure,2020-12-07,2020-12-07 10:27:21.864,10:27:21,67.46356,26.805530933333333
2308,116843.866,cam1-001-002308-0,7372281.568022475,340839.91214823496,286.3299865722656,LetabaExclosure,2020-12-07,2020-12-07 10:27:23.866,10:27:23,67.46022333333335,26.806220511111107
2309,116845.868,cam1-001-002309-0,7372281.568022475,340839.91214823496,286.3299865722656,LetabaExclosure,2020-12-07,2020-12-07 10:27:25.868,10:27:25,67.45688666666666,26.806910088888888
2310,116848.404,cam1-001-002310-0,7372281.568022475,340839.91214823496,286.3299865722656,LetabaExclosure,2020-12-07,2020-12-07 10:27:28.404,10:27:28,67.45266000000001,26.807783599999997
2311,116849.872,cam1-001-002311-0,7372281.568022475,340839.91214823496,286.3299865722656,LetabaExclosure,2020-12-07,2020-12-07 10:27:29.872,10:27:29,67.45021333333334,26.808289244444445
2312,116851.874,cam1-001-002312-0,7372281.568022475,340839.91214823496,286.3299865722656,LetabaExclosure,2020-12-07,2020-12-07 10:27:31.874,10:27:31,67.44687666666668,26.80897882222222
2313,116853.876,cam1-001-002313-0,7372281.568022475,340839.91214823496,286.3299865722656,LetabaExclosure,2020-12-07,2020-12-07 10:27:33.876,10:27:33,67.44354,26.8096684
2314,116855.878,cam1-001-002314-0,7372281.568022475,340839.91214823496,286.3299865722656,LetabaExclosure,2020-12-07,2020-12-07 10:27:35.878,10:27:35,67.44020333333334,26.810357977777777
2315,116858.281,cam1-001-002315-0,7372281.568022475,340839.91214823496,286.3299865722656,LetabaExclosure,2020-12-07,2020-12-07 10:27:38.281,10:27:38,67.43619833333334,26.81118567777778
2316,116859.882,cam1-001-002316-0,7372281.568022475,340839.91214823496,286.3299865722656,LetabaExclosure,2020-12-07,2020-12-07 10:27:39.882,10:27:39,67.43353,26.81173713333333
2317,116861.884,cam1-001-002317-0,7372281.568022475,340839.91214823496,286.3299865722656,LetabaExclosure,2020-12-07,2020-12-07 10:27:41.884,10:27:41,67.43019333333332,26.81242671111111
2318,116863.886,cam1-001-002318-0,7372281.568022475,340839.91214823496,286.3299865722656,LetabaExclosure,2020-12-07,2020-12-07 10:27:43.886,10:27:43,67.42685666666667,26.81311628888889
2319,116866.422,cam1-001-002319-0,7372281.568022475,340839.91214823496,286.3299865722656,LetabaExclosure,2020-12-07,2020-12-07 10:27:46.422,10:27:46,67.42263,26.8139898
2320,116867.757,cam1-001-002320-0,7372281.568022475,340839.91214823496,286.3299865722656,LetabaExclosure,2020-12-07,2020-12-07 10:27:47.757,10:27:47,67.420405,26.814449633333332
2321,116869.759,cam1-001-002321-0,7372281.568022475,340839.91214823496,286.3299865722656,LetabaExclosure,2020-12-07,2020-12-07 10:27:49.759,10:27:49,67.41706833333333,26.815139211111113
2322,116871.761,cam1-001-002322-0,7372281.568022475,340839.91214823496,286.3299865722656,LetabaExclosure,2020-12-07,2020-12-07 10:27:51.761,10:27:51,67.41373166666668,26.815828788888886
2323,116873.896,cam1-001-002323-0,7372281.568022475,340839.91214823496,286.3299865722656,LetabaExclosure,2020-12-07,2020-12-07 10:27:53.896,10:27:53,67.41017333333335,26.816564177777774
2324,116876.298,cam1-001-002324-0,7372281.568022475,340839.91214823496,286.3299865722656,LetabaExclosure,2020-12-07,2020-12-07 10:27:56.298,10:27:56,67.40617000000002,26.817391533333332
2325,116877.767,cam1-001-002325-0,7372281.568022475,340839.91214823496,286.3299865722656,LetabaExclosure,2020-12-07,2020-12-07 10:27:57.767,10:27:57,67.40372166666666,26.817897522222225
2326,116879.769,cam1-001-002326-0,7372281.568022475,340839.91214823496,286.3299865722656,LetabaExclosure,2020-12-07,2020-12-07 10:27:59.769,10:27:59,67.400385,26.8185871
2327,116881.771,cam1-001-002327-0,7372281.568022475,340839.91214823496,286.3299865722656,LetabaExclosure,2020-12-07,2020-12-07 10:28:01.771,10:28:01,67.39704833333334,26.819276677777776
2328,116884.44,cam1-001-002328-0,7372281.568022475,340839.91214823496,286.3299865722656,LetabaExclosure,2020-12-07,2020-12-07 10:28:04.440,10:28:04,67.3926,26.820196
2329,116885.775,cam1-001-002329-0,7372281.568022475,340839.91214823496,286.3299865722656,LetabaExclosure,2020-12-07,2020-12-07 10:28:05.775,10:28:05,67.390375,26.82065583333333
2330,116887.777,cam1-001-002330-0,7372281.568022475,340839.91214823496,286.3299865722656,LetabaExclosure,2020-12-07,2020-12-07 10:28:07.777,10:28:07,67.38703833333334,26.82134541111111
2331,116889.778,cam1-001-002331-0,7372281.568022475,340839.91214823496,286.3299865722656,LetabaExclosure,2020-12-07,2020-12-07 10:28:09.778,10:28:09,67.38370333333333,26.822034644444447
2332,116891.78,cam1-001-002332-0,7372281.568022475,340839.91214823496,286.3299865722656,LetabaExclosure,2020-12-07,2020-12-07 10:28:11.780,10:28:11,67.38036666666667,26.82272422222222
2333,116894.316,cam1-001-002333-0,7372281.568022475,340839.91214823496,286.3299865722656,LetabaExclosure,2020-12-07,2020-12-07 10:28:14.316,10:28:14,67.37613999999999,26.823597733333337
2334,116895.784,cam1-001-002334-0,7372281.568022475,340839.91214823496,286.3299865722656,LetabaExclosure,2020-12-07,2020-12-07 10:28:15.784,10:28:15,67.37369333333334,26.824103377777778
2335,116897.786,cam1-001-002335-0,7372281.568022475,340839.91214823496,286.3299865722656,LetabaExclosure,2020-12-07,2020-12-07 10:28:17.786,10:28:17,67.37035666666668,26.82479295555555
2336,116899.788,cam1-001-002336-0,7372281.568022475,340839.91214823496,286.3299865722656,LetabaExclosure,2020-12-07,2020-12-07 10:28:19.788,10:28:19,67.36702,26.825482533333332
2337,116902.458,cam1-001-002337-0,7372281.568022475,340839.91214823496,286.3299865722656,LetabaExclosure,2020-12-07,2020-12-07 10:28:22.458,10:28:22,67.36257,26.8264022
2338,116903.792,cam1-001-002338-0,7372281.568022475,340839.91214823496,286.3299865722656,LetabaExclosure,2020-12-07,2020-12-07 10:28:23.792,10:28:23,67.36034666666667,26.82686168888889
2339,116905.794,cam1-001-002339-0,7372281.568022475,340839.91214823496,286.3299865722656,LetabaExclosure,2020-12-07,2020-12-07 10:28:25.794,10:28:25,67.35701000000002,26.827551266666664
2340,116907.796,cam1-001-002340-0,7372281.568022475,340839.91214823496,286.3299865722656,LetabaExclosure,2020-12-07,2020-12-07 10:28:27.796,10:28:27,67.35367333333333,26.828240844444444
2341,116910.466,cam1-001-002341-0,7372281.568022475,340839.91214823496,286.3299865722656,LetabaExclosure,2020-12-07,2020-12-07 10:28:30.466,10:28:30,67.34922333333334,26.829160511111112
2342,116911.8,cam1-001-002342-0,7372281.568022475,340839.91214823496,286.3299865722656,LetabaExclosure,2020-12-07,2020-12-07 10:28:31.800,10:28:31,67.347,26.829620000000002
2343,116913.802,cam1-001-002343-0,7372281.568022475,340839.91214823496,286.3299865722656,LetabaExclosure,2020-12-07,2020-12-07 10:28:33.802,10:28:33,67.34366333333334,26.830309577777776
2344,116915.804,cam1-001-002344-0,7372281.568022475,340839.91214823496,286.3299865722656,LetabaExclosure,2020-12-07,2020-12-07 10:28:35.804,10:28:35,67.34032666666667,26.830999155555556
2345,116917.806,cam1-001-002345-0,7372281.568022475,340839.91214823496,286.3299865722656,LetabaExclosure,2020-12-07,2020-12-07 10:28:37.806,10:28:37,67.33699000000001,26.831688733333333
2346,116920.342,cam1-001-002346-0,7372281.568022475,340839.91214823496,286.3299865722656,LetabaExclosure,2020-12-07,2020-12-07 10:28:40.342,10:28:40,67.33276333333333,26.832562244444446
2347,116921.81,cam1-001-002347-0,7372281.568022475,340839.91214823496,286.3299865722656,LetabaExclosure,2020-12-07,2020-12-07 10:28:41.810,10:28:41,67.33031666666668,26.833067888888888
2348,116923.812,cam1-001-002348-0,7372281.568022475,340839.91214823496,286.3299865722656,LetabaExclosure,2020-12-07,2020-12-07 10:28:43.812,10:28:43,67.32697999999999,26.83375746666667
2349,116925.814,cam1-001-002349-0,7372281.568022475,340839.91214823496,286.3299865722656,LetabaExclosure,2020-12-07,2020-12-07 10:28:45.814,10:28:45,67.32364333333334,26.834447044444442
2350,116928.484,cam1-001-002350-0,7372281.568022475,340839.91214823496,286.3299865722656,LetabaExclosure,2020-12-07,2020-12-07 10:28:48.484,10:28:48,67.31919333333335,26.83536671111111
2351,116929.818,cam1-001-002351-0,7372281.568022475,340839.91214823496,286.3299865722656,LetabaExclosure,2020-12-07,2020-12-07 10:28:49.818,10:28:49,67.31697,26.8358262
2352,116931.82,cam1-001-002352-0,7372281.568022475,340839.91214823496,286.3299865722656,LetabaExclosure,2020-12-07,2020-12-07 10:28:51.820,10:28:51,67.31363333333333,26.83651577777778
2353,116933.822,cam1-001-002353-0,7372281.568022475,340839.91214823496,286.3299865722656,LetabaExclosure,2020-12-07,2020-12-07 10:28:53.822,10:28:53,67.31029666666667,26.837205355555554
2354,116935.824,cam1-001-002354-0,7372281.568022475,340839.91214823496,286.3299865722656,LetabaExclosure,2020-12-07,2020-12-07 10:28:55.824,10:28:55,67.30696000000002,26.83789493333333
2355,116938.36,cam1-001-002355-0,7372281.568022475,340839.91214823496,286.3299865722656,LetabaExclosure,2020-12-07,2020-12-07 10:28:58.360,10:28:58,67.30273333333334,26.838768444444444
2356,116939.828,cam1-001-002356-0,7372281.568022475,340839.91214823496,286.3299865722656,LetabaExclosure,2020-12-07,2020-12-07 10:28:59.828,10:28:59,67.30028666666668,26.839274088888885
2357,116941.83,cam1-001-002357-0,7372281.568022475,340839.91214823496,286.3299865722656,LetabaExclosure,2020-12-07,2020-12-07 10:29:01.830,10:29:01,67.29695,26.839963666666666
2358,116943.832,cam1-001-002358-0,7372281.568022475,340839.91214823496,286.3299865722656,LetabaExclosure,2020-12-07,2020-12-07 10:29:03.832,10:29:03,67.29361333333334,26.840653244444443
2359,116946.501,cam1-001-002359-0,7372281.568022475,340839.91214823496,286.3299865722656,LetabaExclosure,2020-12-07,2020-12-07 10:29:06.501,10:29:06,67.289165,26.841572566666667
2360,116947.836,cam1-001-002360-0,7372281.568022475,340839.91214823496,286.3299865722656,LetabaExclosure,2020-12-07,2020-12-07 10:29:07.836,10:29:07,67.28694000000002,26.842032399999997
2361,116949.838,cam1-001-002361-0,7372281.568022475,340839.91214823496,286.3299865722656,LetabaExclosure,2020-12-07,2020-12-07 10:29:09.838,10:29:09,67.28360333333333,26.842721977777778
2362,116951.84,cam1-001-002362-0,7372281.568022475,340839.91214823496,286.3299865722656,LetabaExclosure,2020-12-07,2020-12-07 10:29:11.840,10:29:11,67.28026666666668,26.843411555555555
2363,116953.842,cam1-001-002363-0,7372281.568022475,340839.91214823496,286.3299865722656,LetabaExclosure,2020-12-07,2020-12-07 10:29:13.842,10:29:13,67.27693,26.844101133333336
2364,116956.245,cam1-001-002364-0,7372281.568022475,340839.91214823496,286.3299865722656,LetabaExclosure,2020-12-07,2020-12-07 10:29:16.245,10:29:16,67.27292500000001,26.84492883333333
2365,116957.846,cam1-001-002365-0,7372281.568022475,340839.91214823496,286.3299865722656,LetabaExclosure,2020-12-07,2020-12-07 10:29:17.846,10:29:17,67.27025666666665,26.84548028888889
2366,116959.848,cam1-001-002366-0,7372281.568022475,340839.91214823496,286.3299865722656,LetabaExclosure,2020-12-07,2020-12-07 10:29:19.848,10:29:19,67.26692,26.846169866666667
2367,116961.85,cam1-001-002367-0,7372281.568022475,340839.91214823496,286.3299865722656,LetabaExclosure,2020-12-07,2020-12-07 10:29:21.850,10:29:21,67.26358333333333,26.846859444444448
2368,116964.386,cam1-001-002368-0,7372281.568022475,340839.91214823496,286.3299865722656,LetabaExclosure,2020-12-07,2020-12-07 10:29:24.386,10:29:24,67.25935666666668,26.847732955555554
2369,116965.854,cam1-001-002369-0,7372281.568022475,340839.91214823496,286.3299865722656,LetabaExclosure,2020-12-07,2020-12-07 10:29:25.854,10:29:25,67.25690999999999,26.848238600000002
2370,116967.856,cam1-001-002370-0,7372281.568022475,340839.91214823496,286.3299865722656,LetabaExclosure,2020-12-07,2020-12-07 10:29:27.856,10:29:27,67.25357333333334,26.848928177777776
2371,116969.858,cam1-001-002371-0,7372281.568022475,340839.91214823496,286.3299865722656,LetabaExclosure,2020-12-07,2020-12-07 10:29:29.858,10:29:29,67.25023666666668,26.849617755555553
2372,116971.86,cam1-001-002372-0,7372281.568022475,340839.91214823496,286.3299865722656,LetabaExclosure,2020-12-07,2020-12-07 10:29:31.860,10:29:31,67.2469,26.850307333333333
2373,116974.262,cam1-001-002373-0,7372281.568022475,340839.91214823496,286.3299865722656,LetabaExclosure,2020-12-07,2020-12-07 10:29:34.262,10:29:34,67.24289666666667,26.85113468888889
2374,116975.864,cam1-001-002374-0,7372281.568022475,340839.91214823496,286.3299865722656,LetabaExclosure,2020-12-07,2020-12-07 10:29:35.864,10:29:35,67.24022666666667,26.851686488888888
2375,116977.866,cam1-001-002375-0,7372281.568022475,340839.91214823496,286.3299865722656,LetabaExclosure,2020-12-07,2020-12-07 10:29:37.866,10:29:37,67.23689000000002,26.852376066666665
2376,116979.868,cam1-001-002376-0,7372281.568022475,340839.91214823496,286.3299865722656,LetabaExclosure,2020-12-07,2020-12-07 10:29:39.868,10:29:39,67.23355333333333,26.853065644444445
2377,116982.404,cam1-001-002377-0,7372281.568022475,340839.91214823496,286.3299865722656,LetabaExclosure,2020-12-07,2020-12-07 10:29:42.404,10:29:42,67.22932666666668,26.853939155555555
2378,116983.872,cam1-001-002378-0,7372281.568022475,340839.91214823496,286.3299865722656,LetabaExclosure,2020-12-07,2020-12-07 10:29:43.872,10:29:43,67.22688,26.8544448
2379,116985.874,cam1-001-002379-0,7372281.568022475,340839.91214823496,286.3299865722656,LetabaExclosure,2020-12-07,2020-12-07 10:29:45.874,10:29:45,67.22354333333334,26.855134377777777
2380,116987.876,cam1-001-002380-0,7372281.568022475,340839.91214823496,286.3299865722656,LetabaExclosure,2020-12-07,2020-12-07 10:29:47.876,10:29:47,67.22020666666667,26.855823955555557
2381,116989.878,cam1-001-002381-0,7372281.568022475,340839.91214823496,286.3299865722656,LetabaExclosure,2020-12-07,2020-12-07 10:29:49.878,10:29:49,67.21687000000001,26.85651353333333
2382,116992.28,cam1-001-002382-0,7372281.568022475,340839.91214823496,286.3299865722656,LetabaExclosure,2020-12-07,2020-12-07 10:29:52.280,10:29:52,67.21286666666667,26.85734088888889
2383,116993.882,cam1-001-002383-0,7372281.568022475,340839.91214823496,286.3299865722656,LetabaExclosure,2020-12-07,2020-12-07 10:29:53.882,10:29:53,67.21019666666668,26.85789268888889
2384,116995.884,cam1-001-002384-0,7372281.568022475,340839.91214823496,286.3299865722656,LetabaExclosure,2020-12-07,2020-12-07 10:29:55.884,10:29:55,67.20685999999999,26.85858226666667
2385,116997.886,cam1-001-002385-0,7372281.568022475,340839.91214823496,286.3299865722656,LetabaExclosure,2020-12-07,2020-12-07 10:29:57.886,10:29:57,67.20352333333334,26.859271844444443
2386,117000.422,cam1-001-002386-0,7372281.568022475,340839.91214823496,286.3299865722656,LetabaExclosure,2020-12-07,2020-12-07 10:30:00.422,10:30:00,67.19929666666665,26.860145355555556
2387,117001.89,cam1-001-002387-0,7372281.568022475,340839.91214823496,286.3299865722656,LetabaExclosure,2020-12-07,2020-12-07 10:30:01.890,10:30:01,67.19685,26.860651
2388,117003.758,cam1-001-002388-0,7372281.568022475,340839.91214823496,286.3299865722656,LetabaExclosure,2020-12-07,2020-12-07 10:30:03.758,10:30:03,67.19373666666667,26.861294422222223
2389,117005.76,cam1-001-002389-0,7372281.568022475,340839.91214823496,286.3299865722656,LetabaExclosure,2020-12-07,2020-12-07 10:30:05.760,10:30:05,67.19040000000001,26.861983999999996
2390,117007.896,cam1-001-002390-0,7372281.568022475,340839.91214823496,286.3299865722656,LetabaExclosure,2020-12-07,2020-12-07 10:30:07.896,10:30:07,67.18684000000002,26.862719733333332
2391,117010.298,cam1-001-002391-0,7372281.568022475,340839.91214823496,286.3299865722656,LetabaExclosure,2020-12-07,2020-12-07 10:30:10.298,10:30:10,67.18283666666667,26.863547088888886
2392,117011.766,cam1-001-002392-0,7372281.568022475,340839.91214823496,286.3299865722656,LetabaExclosure,2020-12-07,2020-12-07 10:30:11.766,10:30:11,67.18039,26.864052733333335
2393,117013.768,cam1-001-002393-0,7372281.568022475,340839.91214823496,286.3299865722656,LetabaExclosure,2020-12-07,2020-12-07 10:30:13.768,10:30:13,67.17705333333335,26.864742311111108
2394,117015.77,cam1-001-002394-0,7372281.568022475,340839.91214823496,286.3299865722656,LetabaExclosure,2020-12-07,2020-12-07 10:30:15.770,10:30:15,67.17371666666666,26.86543188888889
2395,117018.44,cam1-001-002395-0,7372281.568022475,340839.91214823496,286.3299865722656,LetabaExclosure,2020-12-07,2020-12-07 10:30:18.440,10:30:18,67.16926666666666,26.866351555555557
2396,117019.774,cam1-001-002396-0,7372281.568022475,340839.91214823496,286.3299865722656,LetabaExclosure,2020-12-07,2020-12-07 10:30:19.774,10:30:19,67.16704333333332,26.866811044444447
2397,117021.776,cam1-001-002397-0,7372281.568022475,340839.91214823496,286.3299865722656,LetabaExclosure,2020-12-07,2020-12-07 10:30:21.776,10:30:21,67.16370666666667,26.86750062222222
2398,117023.778,cam1-001-002398-0,7372281.568022475,340839.91214823496,286.3299865722656,LetabaExclosure,2020-12-07,2020-12-07 10:30:23.778,10:30:23,67.16037,26.8681902
2399,117025.78,cam1-001-002399-0,7372281.568022475,340839.91214823496,286.3299865722656,LetabaExclosure,2020-12-07,2020-12-07 10:30:25.780,10:30:25,67.15703333333335,26.868879777777778
2400,117028.316,cam1-001-002400-0,7372281.568022475,340839.91214823496,286.3299865722656,LetabaExclosure,2020-12-07,2020-12-07 10:30:28.316,10:30:28,67.15280666666666,26.86975328888889
2401,117029.784,cam1-001-002401-0,7372281.568022475,340839.91214823496,286.3299865722656,LetabaExclosure,2020-12-07,2020-12-07 10:30:29.784,10:30:29,67.15036,26.870258933333332
2402,117031.786,cam1-001-002402-0,7372281.568022475,340839.91214823496,286.3299865722656,LetabaExclosure,2020-12-07,2020-12-07 10:30:31.786,10:30:31,67.14702333333335,26.87094851111111
2403,117033.788,cam1-001-002403-0,7372281.568022475,340839.91214823496,286.3299865722656,LetabaExclosure,2020-12-07,2020-12-07 10:30:33.788,10:30:33,67.14368666666667,26.87163808888889
2404,117036.458,cam1-001-002404-0,7372281.568022475,340839.91214823496,286.3299865722656,LetabaExclosure,2020-12-07,2020-12-07 10:30:36.458,10:30:36,67.13923666666668,26.872557755555555
2405,117037.792,cam1-001-002405-0,7372281.568022475,340839.91214823496,286.3299865722656,LetabaExclosure,2020-12-07,2020-12-07 10:30:37.792,10:30:37,67.13701333333333,26.873017244444444
2406,117039.794,cam1-001-002406-0,7372281.568022475,340839.91214823496,286.3299865722656,LetabaExclosure,2020-12-07,2020-12-07 10:30:39.794,10:30:39,67.13367666666667,26.87370682222222
2407,117041.796,cam1-001-002407-0,7372281.568022475,340839.91214823496,286.3299865722656,LetabaExclosure,2020-12-07,2020-12-07 10:30:41.796,10:30:41,67.13034,26.874396400000002
