,GPSTime,Imagef,Northing,Easting,Altitude,Site,Date,DateTime,Time,RH,AirTemp,Dewpoint_C,Leaf_Wet_Perc,Srad_mJ,Eto_mm,Absolute_RH_gm3,Specific_RH_gkg,STRD,STRD_Clearsky
0,462215.407,cam1-000-000000-0,-3135831.702066491,3491478.311855994,325.3231201171875,MakhohlolaEP,2020-01-24,2020-01-24 10:23:35.407,10:23:35,89.40421505555554,25.006424433333336,23.112652619444447,100.0,3.9,0.7478633722222222,20.724106108333334,19.455559597222223,1537197.0058276511,1408557.7932286276
1,462217.008,cam1-000-000001-0,-3135836.786530673,3491480.3495959817,328.8688659667969,MakhohlolaEP,2020-01-24,2020-01-24 10:23:37.008,10:23:37,89.40003466666674,25.007438399999984,23.112870533333332,100.0,3.9,0.7478722666666665,20.724359599999996,19.45584866666666,1537195.9475630934,1408561.87535036
2,462219.678,cam1-000-000002-0,-3135835.5029288074,3491484.8837409066,333.7095642089844,MakhohlolaEP,2020-01-24,2020-01-24 10:23:39.678,10:23:39,89.39306299999996,25.00912940000001,23.11323395,100.0,3.9,0.7478871,20.72478235,19.456330750000003,1537194.18268716,1408568.683136135
3,462220.745,cam1-000-000003-0,-3135831.475084501,3491487.504715817,335.3108215332031,MakhohlolaEP,2020-01-24,2020-01-24 10:23:40.745,10:23:40,89.39027694444445,25.009805166666663,23.113379180555555,100.0,3.9,0.7478930277777778,20.724951291666667,19.456523402777776,1537193.477397789,1408571.4037007126
4,462222.747,cam1-000-000004-0,-3135823.6017435878,3491491.874394909,337.5212097167969,MakhohlolaEP,2020-01-24,2020-01-24 10:23:42.747,10:23:42,89.38504950000006,25.011073099999983,23.113651674999996,100.0,3.9,0.7479041499999999,20.725268274999998,19.456884874999997,1537192.15407134,1408576.5082651775
5,462224.749,cam1-000-000005-0,-3135820.396961543,3491494.7905633897,339.92010498046875,MakhohlolaEP,2020-01-24,2020-01-24 10:23:44.749,10:23:44,89.37982205555552,25.01234103333334,23.11392416944445,100.0,3.9,0.7479152722222223,20.725585258333336,19.457246347222224,1537190.8307448912,1408581.6128296426
6,462226.751,cam1-000-000006-0,-3135822.9798266683,3491496.2863566345,342.17047119140625,MakhohlolaEP,2020-01-24,2020-01-24 10:23:46.751,10:23:46,89.37459461111114,25.01360896666666,23.11419666388889,100.0,3.9,0.7479263944444444,20.725902241666667,19.457607819444444,1537189.5074184423,1408586.7173941075
7,462229.287,cam1-000-000007-0,-3135831.112089956,3491487.762525024,343.40350341796875,MakhohlolaEP,2020-01-24,2020-01-24 10:23:49.287,10:23:49,89.3679728333333,25.015215100000006,23.114541841666668,100.0,3.9,0.7479404833333334,20.726303775,19.458065708333336,1537187.8311168067,1408593.1835157275
8,462230.755,cam1-000-000008-0,-3135836.7641887707,3491475.6996849123,343.38446044921875,MakhohlolaEP,2020-01-24,2020-01-24 10:23:50.755,10:23:50,89.3641397222222,25.016144833333335,23.11474165277778,100.0,3.9,0.747948638888889,20.726536208333336,19.45833076388889,1537186.8607655445,1408596.9265230375
9,462232.757,cam1-000-000009-0,-3135844.284299693,3491459.580005368,343.3425598144531,MakhohlolaEP,2020-01-24,2020-01-24 10:23:52.757,10:23:52,89.35891227777782,25.017412766666656,23.115014147222222,100.0,3.9,0.7479597611111111,20.726853191666663,19.45869223611111,1537185.5374390958,1408602.0310875026
10,462234.759,cam1-000-000010-0,-3135852.2767324643,3491443.36083715,343.28631591796875,MakhohlolaEP,2020-01-24,2020-01-24 10:23:54.759,10:23:54,89.35368483333328,25.01868070000001,23.11528664166667,100.0,3.9,0.7479708833333334,20.727170175000005,19.459053708333336,1537184.2141126466,1408607.1356519677
11,462236.761,cam1-000-000011-0,-3135861.9556883764,3491422.946496398,343.2557983398437,MakhohlolaEP,2020-01-24,2020-01-24 10:23:56.761,10:23:56,89.34845738888889,25.019948633333332,23.115559136111113,100.0,3.9,0.7479820055555555,20.727487158333332,19.459415180555556,1537182.890786198,1408612.2402164326
12,462239.297,cam1-000-000012-0,-3135874.4649324967,3491394.423321152,343.2425842285156,MakhohlolaEP,2020-01-24,2020-01-24 10:23:59.297,10:23:59,89.34183561111105,25.02155476666668,23.115904313888894,100.0,3.9,0.7479960944444446,20.72788869166667,19.45987306944445,1537181.2144845624,1408618.7063380526
13,462241.166,cam1-000-000013-0,-3135883.791215143,3491372.0805450035,343.3397827148437,MakhohlolaEP,2020-01-24,2020-01-24 10:24:01.166,10:24:01,89.33695544444437,25.022738466666684,23.11615870555556,100.0,3.9,0.748006477777778,20.72818461666667,19.460210527777782,1537179.979071409,1408623.471788095
14,462242.901,cam1-000-000014-0,-3135892.266024968,3491351.639633135,343.3111572265625,MakhohlolaEP,2020-01-24,2020-01-24 10:24:02.901,10:24:02,89.33242516666664,25.023837300000007,23.116394858333337,100.0,3.9,0.7480161166666668,20.728459325000003,19.46052379166667,1537178.8322325535,1408627.8955739825
15,462245.303,cam1-000-000015-0,-3135907.635269646,3491324.579810233,343.2139892578125,MakhohlolaEP,2020-01-24,2020-01-24 10:24:05.303,10:24:05,89.32615327777773,25.025358566666675,23.116721797222226,100.0,3.9,0.7480294611111112,20.72883964166667,19.460957486111113,1537177.2445052157,1408634.0200314475
16,462246.771,cam1-000-000016-0,-3135918.514650262,3491307.861148584,343.2336730957031,MakhohlolaEP,2020-01-24,2020-01-24 10:24:06.771,10:24:06,89.32232016666664,25.026288300000004,23.116921608333335,100.0,3.9,0.7480376166666667,20.729072075,19.461222541666668,1537176.2741539534,1408637.7630387575
17,462248.773,cam1-000-000017-0,-3135932.23322678,3491287.2170986566,343.1728820800781,MakhohlolaEP,2020-01-24,2020-01-24 10:24:08.773,10:24:08,89.31709272222226,25.027556233333325,23.117194102777777,100.0,3.9,0.7480487388888888,20.729389058333332,19.461584013888885,1537174.9508275045,1408642.8676032226
18,462250.775,cam1-000-000018-0,-3135946.2650922914,3491266.548262372,343.2195739746094,MakhohlolaEP,2020-01-24,2020-01-24 10:24:10.775,10:24:10,89.31186527777771,25.02882416666668,23.117466597222226,100.0,3.9,0.7480598611111112,20.72970604166667,19.461945486111116,1537173.6275010556,1408647.9721676877
19,462253.311,cam1-000-000019-0,-3135964.4827283183,3491240.552961105,343.1783447265625,MakhohlolaEP,2020-01-24,2020-01-24 10:24:13.311,10:24:13,89.30524350000003,25.030430299999992,23.117811775,100.0,3.9,0.7480739499999999,20.730107574999998,19.462403374999997,1537171.95119942,1408654.4382893075
20,462254.779,cam1-000-000020-0,-3135975.1722052703,3491225.570144847,343.20709228515625,MakhohlolaEP,2020-01-24,2020-01-24 10:24:14.779,10:24:14,89.30141038888894,25.03136003333332,23.11801158611111,100.0,3.9,0.7480821055555554,20.73034000833333,19.462668430555553,1537170.980848158,1408658.1812966175
21,462256.781,cam1-000-000021-0,-3135988.874770887,3491206.8435677923,343.2604675292969,MakhohlolaEP,2020-01-24,2020-01-24 10:24:16.781,10:24:16,89.2961829444444,25.032627966666677,23.118284080555558,100.0,3.9,0.7480932277777779,20.73065699166667,19.46302990277778,1537169.6575217089,1408663.2858610826
22,462258.783,cam1-000-000022-0,-3135998.668869741,3491193.7886023805,343.2475280761719,MakhohlolaEP,2020-01-24,2020-01-24 10:24:18.783,10:24:18,89.29095550000001,25.033895899999997,23.118556575,100.0,3.9,0.74810435,20.730973974999998,19.463391375,1537168.3341952602,1408668.3904255475
23,462261.319,cam1-000-000023-0,-3136009.553327865,3491184.833509085,343.2799377441406,MakhohlolaEP,2020-01-24,2020-01-24 10:24:21.319,10:24:21,89.28433372222217,25.035502033333344,23.11890175277778,100.0,3.9,0.748118438888889,20.731375508333336,19.463849263888893,1537166.6578936246,1408674.8565471675
24,462262.787,cam1-000-000024-0,-3136018.1639642026,3491178.8753605685,343.28497314453125,MakhohlolaEP,2020-01-24,2020-01-24 10:24:22.787,10:24:22,89.28050061111108,25.036431766666674,23.11910156388889,100.0,3.9,0.7481265944444445,20.731607941666667,19.464114319444448,1537165.6875423624,1408678.5995544777
25,462264.656,cam1-000-000025-0,-3136033.027926242,3491168.099080188,343.2762145996094,MakhohlolaEP,2020-01-24,2020-01-24 10:24:24.656,10:24:24,89.2756204444444,25.03761546666668,23.11935595555556,100.0,3.9,0.7481369777777779,20.73190386666667,19.464451777777782,1537164.452129209,1408683.3650045202
26,462266.791,cam1-000-000026-0,-3136051.6010233643,3491154.0551836416,343.28765869140625,MakhohlolaEP,2020-01-24,2020-01-24 10:24:26.791,10:24:26,89.27004572222215,25.03896763333335,23.119646552777784,100.0,3.9,0.7481488388888891,20.73224190833334,19.464837263888892,1537163.0408894646,1408688.8086834077
27,462268.926,cam1-000-000027-0,-3136071.392646218,3491138.82328154,343.2740173339844,MakhohlolaEP,2020-01-24,2020-01-24 10:24:28.926,10:24:28,89.26447100000006,25.040319799999985,23.11993715,100.0,3.9,0.7481606999999999,20.732579949999998,19.465222749999995,1537161.6296497202,1408694.252362295
28,462271.329,cam1-000-000028-0,-3136093.480240206,3491121.5693027223,343.3228759765625,MakhohlolaEP,2020-01-24,2020-01-24 10:24:31.329,10:24:31,89.25819649999993,25.041841700000017,23.120264225000003,100.0,3.9,0.7481740500000001,20.732960425000005,19.465656625000005,1537160.04126138,1408700.3793694926
29,462272.663,cam1-000-000029-0,-3136104.4104000386,3491111.8413777472,343.2479248046875,MakhohlolaEP,2020-01-24,2020-01-24 10:24:32.663,10:24:32,89.25471327777777,25.042686566666667,23.120445797222224,100.0,3.9,0.7481814611111111,20.733171641666665,19.46589748611111,1537159.1594844155,1408703.7807126476
30,462274.665,cam1-000-000030-0,-3136118.291488776,3491097.287838944,343.1198425292969,MakhohlolaEP,2020-01-24,2020-01-24 10:24:34.665,10:24:34,89.24948583333338,25.043954499999987,23.120718291666666,100.0,3.9,0.7481925833333332,20.733488624999996,19.46625895833333,1537157.8361579669,1408708.8852771125
31,462276.667,cam1-000-000031-0,-3136125.8038402004,3491081.171719084,343.0839233398437,MakhohlolaEP,2020-01-24,2020-01-24 10:24:36.667,10:24:36,89.24425838888885,25.045222433333343,23.120990786111115,100.0,3.9,0.7482037055555556,20.733805608333334,19.466620430555558,1537156.512831518,1408713.9898415776
32,462279.337,cam1-000-000032-0,-3136118.7240869,3491062.707138196,343.0960998535156,MakhohlolaEP,2020-01-24,2020-01-24 10:24:39.337,10:24:39,89.23728672222222,25.046913433333334,23.12135420277778,100.0,3.9,0.7482185388888889,20.734228358333333,19.46710251388889,1537154.7479555847,1408720.7976273526
33,462280.938,cam1-000-000033-0,-3136113.7038553245,3491059.7457473227,342.9989929199219,MakhohlolaEP,2020-01-24,2020-01-24 10:24:40.938,10:24:40,89.23310633333327,25.047927400000013,23.12157211666667,100.0,3.9,0.7482274333333334,20.734481850000005,19.467391583333338,1537153.6896910267,1408724.879749085
34,462282.673,cam1-000-000034-0,-3136109.0646587564,3491060.0086713787,343.0408630371094,MakhohlolaEP,2020-01-24,2020-01-24 10:24:42.673,10:24:42,89.22857605555552,25.04902623333334,23.121808269444447,100.0,3.9,0.7482370722222222,20.734756558333334,19.467704847222222,1537152.5428521712,1408729.3035349727
35,462284.675,cam1-000-000035-0,-3136105.535436205,3491062.3829510342,343.0030212402344,MakhohlolaEP,2020-01-24,2020-01-24 10:24:44.675,10:24:44,89.22334861111113,25.05029416666666,23.12208076388889,100.0,3.9,0.7482481944444443,20.735073541666665,19.468066319444443,1537151.2195257223,1408734.4080994376
36,462286.677,cam1-000-000036-0,-3136103.308824297,3491064.8661263734,342.9559326171875,MakhohlolaEP,2020-01-24,2020-01-24 10:24:46.677,10:24:46,89.2181211666666,25.051562100000016,23.122353258333337,100.0,3.9,0.7482593166666668,20.735390525000003,19.46842779166667,1537149.8961992734,1408739.5126639027
37,462289.347,cam1-000-000037-0,-3136100.262164603,3491068.180716479,342.91864013671875,MakhohlolaEP,2020-01-24,2020-01-24 10:24:49.347,10:24:49,89.21114949999998,25.053253100000006,23.122716675000003,100.0,3.9,0.7482741500000001,20.735813275,19.468909875,1537148.13132334,1408746.3204496775
38,462290.681,cam1-000-000038-0,-3136099.288422995,3491069.401905569,343.1368713378906,MakhohlolaEP,2020-01-24,2020-01-24 10:24:50.681,10:24:50,89.20766627777782,25.054097966666657,23.12289824722222,100.0,3.9,0.748281561111111,20.736024491666665,19.469150736111107,1537147.2495463756,1408749.7217928325
39,462292.683,cam1-000-000039-0,-3136099.6343450607,3491069.4413753515,346.71942138671875,MakhohlolaEP,2020-01-24,2020-01-24 10:24:52.683,10:24:52,89.20243883333328,25.055365900000012,23.12317074166667,100.0,3.9,0.7482926833333334,20.736341475000003,19.469512208333338,1537145.9262199267,1408754.8263572976
40,462296.287,cam1-000-000040-0,-3136095.23331922,3491068.2389815627,348.3153076171875,MakhohlolaEP,2020-01-24,2020-01-24 10:24:56.287,10:24:56,89.19302838888886,25.05764843333334,23.123661286111112,100.0,3.9,0.7483127055555556,20.736912108333335,19.470162930555556,1537143.5439679178,1408764.0155932277
41,462296.687,cam1-000-000041-0,-3136093.299685125,3491067.7162881545,348.3697204589844,MakhohlolaEP,2020-01-24,2020-01-24 10:24:56.687,10:24:56,89.1919839444445,25.057901766666653,23.123715730555553,100.0,3.9,0.7483149277777776,20.73697544166666,19.470235152777775,1537143.279567029,1408765.0354862276
42,462298.689,cam1-000-000042-0,-3136082.1861563423,3491064.400171808,348.6813659667969,MakhohlolaEP,2020-01-24,2020-01-24 10:24:58.689,10:24:58,89.18675649999996,25.05916970000001,23.123988225,100.0,3.9,0.7483260500000001,20.737292425000003,19.470596625000002,1537141.9562405802,1408770.1400506927
43,462300.691,cam1-000-000043-0,-3136079.3610533127,3491063.5516778384,348.643310546875,MakhohlolaEP,2020-01-24,2020-01-24 10:25:00.691,10:25:00,89.18152905555557,25.06043763333333,23.124260719444443,100.0,3.9,0.7483371722222222,20.73760940833333,19.47095809722222,1537140.6329141313,1408775.2446151576
44,462303.094,cam1-000-000044-0,-3136076.318661209,3491066.079670603,348.7029724121094,MakhohlolaEP,2020-01-24,2020-01-24 10:25:03.094,10:25:03,89.1752545555556,25.061959533333322,23.124587794444444,100.0,3.9,0.7483505222222221,20.73798988333333,19.471391972222218,1537139.0445257912,1408781.371622355
45,462304.695,cam1-000-000045-0,-3136067.2466469887,3491071.1315555167,348.8999938964844,MakhohlolaEP,2020-01-24,2020-01-24 10:25:04.695,10:25:04,89.17107416666664,25.062973500000005,23.124805708333334,100.0,3.9,0.7483594166666667,20.738243375,19.471681041666667,1537137.9862612335,1408785.4537440876
46,462306.697,cam1-000-000046-0,-3136051.0848766877,3491079.4295998155,349.2067565917969,MakhohlolaEP,2020-01-24,2020-01-24 10:25:06.697,10:25:06,89.16584672222226,25.064241433333326,23.125078202777775,100.0,3.9,0.7483705388888888,20.73856035833333,19.472042513888887,1537136.6629347845,1408790.5583085525
47,462308.699,cam1-000-000047-0,-3136034.675088865,3491087.5661792173,349.3656311035156,MakhohlolaEP,2020-01-24,2020-01-24 10:25:08.699,10:25:08,89.16061927777771,25.06550936666668,23.125350697222228,100.0,3.9,0.7483816611111113,20.73887734166667,19.472403986111114,1537135.3396083356,1408795.6628730176
48,462311.369,cam1-000-000048-0,-3136014.449964785,3491098.3184010745,349.4974975585937,MakhohlolaEP,2020-01-24,2020-01-24 10:25:11.369,10:25:11,89.1536476111111,25.067200366666672,23.12571411388889,100.0,3.9,0.7483964944444444,20.739300091666667,19.472886069444446,1537133.5747324023,1408802.4706587926
49,462312.703,cam1-000-000049-0,-3136004.5707133864,3491103.541499052,349.6545104980469,MakhohlolaEP,2020-01-24,2020-01-24 10:25:12.703,10:25:12,89.15016438888894,25.06804523333332,23.12589568611111,100.0,3.9,0.7484039055555555,20.73951130833333,19.47312693055555,1537132.6929554378,1408805.8720019476
50,462314.705,cam1-000-000050-0,-3135988.652421143,3491111.6938795983,349.8574523925781,MakhohlolaEP,2020-01-24,2020-01-24 10:25:14.705,10:25:14,89.1449369444444,25.069313166666678,23.12616818055556,100.0,3.9,0.7484150277777779,20.73982829166667,19.473488402777782,1537131.369628989,1408810.9765664127
51,462316.707,cam1-000-000051-0,-3135973.043332922,3491119.7679060837,350.03717041015625,MakhohlolaEP,2020-01-24,2020-01-24 10:25:16.707,10:25:16,89.13970950000001,25.0705811,23.126440675,100.0,3.9,0.74842615,20.740145275,19.473849875,1537130.04630254,1408816.0811308776
52,462318.843,cam1-000-000052-0,-3135956.3420791533,3491128.7811224926,350.3076477050781,MakhohlolaEP,2020-01-24,2020-01-24 10:25:18.843,10:25:18,89.13413216666669,25.071933899999994,23.126731408333335,100.0,3.9,0.7484380166666667,20.740483474999998,19.474235541666665,1537128.6344017934,1408821.5273594975
53,462321.245,cam1-000-000053-0,-3135937.7476965077,3491138.825251701,350.6349182128906,MakhohlolaEP,2020-01-24,2020-01-24 10:25:21.245,10:25:21,89.12786027777778,25.073455166666662,23.127058347222224,100.0,3.9,0.7484513611111111,20.740863791666666,19.47466923611111,1537127.0466744557,1408827.6518169625
54,462322.713,cam1-000-000054-0,-3135925.942181332,3491145.0468133306,350.822998046875,MakhohlolaEP,2020-01-24,2020-01-24 10:25:22.713,10:25:22,89.12402716666669,25.07438489999999,23.127258158333333,100.0,3.9,0.7484595166666667,20.741096225,19.474934291666663,1537126.0763231935,1408831.3948242725
55,462324.715,cam1-000-000055-0,-3135910.2584973304,3491153.238357231,350.9848327636719,MakhohlolaEP,2020-01-24,2020-01-24 10:25:24.715,10:25:24,89.11879972222215,25.07565283333335,23.127530652777782,100.0,3.9,0.748470638888889,20.741413208333338,19.475295763888894,1537124.7529967446,1408836.4993887376
56,462326.717,cam1-000-000056-0,-3135894.611287533,3491161.5126226484,351.205078125,MakhohlolaEP,2020-01-24,2020-01-24 10:25:26.717,10:25:26,89.11357227777776,25.076920766666667,23.127803147222224,100.0,3.9,0.7484817611111111,20.74173019166667,19.47565723611111,1537123.4296702957,1408841.6039532025
57,462329.386,cam1-000-000057-0,-3135873.5167493564,3491172.6539615137,351.5757751464844,MakhohlolaEP,2020-01-24,2020-01-24 10:25:29.386,10:25:29,89.10660322222222,25.078611133333332,23.128166427777778,100.0,3.9,0.7484965888888889,20.74215278333333,19.47613913888889,1537121.6654553646,1408848.409189245
58,462330.721,cam1-000-000058-0,-3135863.4831431923,3491177.8387370184,351.7164001464844,MakhohlolaEP,2020-01-24,2020-01-24 10:25:30.721,10:25:30,89.10311738888883,25.079456633333347,23.128348136111114,100.0,3.9,0.7485040055555556,20.742364158333338,19.47638018055556,1537120.7830173979,1408851.8130821327
59,462332.723,cam1-000-000059-0,-3135847.4026655303,3491186.491862389,351.90643310546875,MakhohlolaEP,2020-01-24,2020-01-24 10:25:32.723,10:25:32,89.09788994444445,25.080724566666664,23.128620630555556,100.0,3.9,0.7485151277777777,20.742681141666665,19.47674165277778,1537119.459690949,1408856.9176465976
60,462334.725,cam1-000-000060-0,-3135831.613336001,3491194.683959417,352.15966796875,MakhohlolaEP,2020-01-24,2020-01-24 10:25:34.725,10:25:34,89.09266250000006,25.081992499999984,23.128893124999998,100.0,3.9,0.7485262499999998,20.742998124999996,19.477103124999996,1537118.1363645,1408862.0222110625
61,462337.261,cam1-000-000061-0,-3135811.746920017,3491205.21208132,352.4546813964844,MakhohlolaEP,2020-01-24,2020-01-24 10:25:37.261,10:25:37,89.08604072222222,25.08359863333333,23.12923830277778,100.0,3.9,0.7485403388888889,20.743399658333335,19.477561013888888,1537116.4600628645,1408868.4883326825
62,462338.729,cam1-000-000062-0,-3135800.4278992014,3491211.094360064,352.5646667480469,MakhohlolaEP,2020-01-24,2020-01-24 10:25:38.729,10:25:38,89.08220761111113,25.08452836666666,23.129438113888888,100.0,3.9,0.7485484944444444,20.743632091666665,19.477826069444443,1537115.4897116022,1408872.2313399925
63,462340.731,cam1-000-000063-0,-3135784.102038006,3491219.6469621663,352.7664489746094,MakhohlolaEP,2020-01-24,2020-01-24 10:25:40.731,10:25:40,89.07698016666659,25.08579630000002,23.129710608333337,100.0,3.9,0.7485596166666668,20.743949075000003,19.47818754166667,1537114.1663851533,1408877.3359044576
64,462342.733,cam1-000-000064-0,-3135768.684705236,3491228.192664974,352.8536071777344,MakhohlolaEP,2020-01-24,2020-01-24 10:25:42.733,10:25:42,89.0717527222222,25.087064233333336,23.12998310277778,100.0,3.9,0.7485707388888889,20.744266058333334,19.47854901388889,1537112.8430587046,1408882.4404689225
65,462344.869,cam1-000-000065-0,-3135751.843359384,3491237.1756805344,352.9477233886719,MakhohlolaEP,2020-01-24,2020-01-24 10:25:44.869,10:25:44,89.06617538888887,25.088417033333336,23.13027383611111,100.0,3.9,0.7485826055555556,20.744604258333336,19.478934680555557,1537111.431157958,1408887.8866975426
66,462347.271,cam1-000-000066-0,-3135732.8791765003,3491246.218995432,353.0674743652344,MakhohlolaEP,2020-01-24,2020-01-24 10:25:47.271,10:25:47,89.05990349999998,25.089938300000004,23.130600775,100.0,3.9,0.74859595,20.744984575,19.479368375,1537109.8434306202,1408894.0111550076
67,462348.739,cam1-000-000067-0,-3135721.695474779,3491252.0827008355,353.12127685546875,MakhohlolaEP,2020-01-24,2020-01-24 10:25:48.739,10:25:48,89.05607038888888,25.090868033333333,23.13080058611111,100.0,3.9,0.7486041055555556,20.745217008333334,19.479633430555555,1537108.873079358,1408897.7541623176
68,462350.741,cam1-000-000068-0,-3135705.404617296,3491260.703883393,353.1680603027344,MakhohlolaEP,2020-01-24,2020-01-24 10:25:50.741,10:25:50,89.0508429444445,25.092135966666653,23.131073080555552,100.0,3.9,0.7486152277777777,20.745533991666665,19.479994902777776,1537107.549752909,1408902.8587267825
69,462352.743,cam1-000-000069-0,-3135689.919929108,3491269.1364651117,353.20037841796875,MakhohlolaEP,2020-01-24,2020-01-24 10:25:52.743,10:25:52,89.04561549999995,25.09340390000001,23.131345575000005,100.0,3.9,0.7486263500000001,20.745850975000003,19.480356375000003,1537106.22642646,1408907.9632912476
70,462355.279,cam1-000-000070-0,-3135670.029234062,3491279.833655213,353.2312927246094,MakhohlolaEP,2020-01-24,2020-01-24 10:25:55.279,10:25:55,89.03899372222227,25.09501003333332,23.131690752777775,100.0,3.9,0.7486404388888888,20.74625250833333,19.480814263888885,1537104.5501248245,1408914.4294128676
71,462356.747,cam1-000-000071-0,-3135658.7451322684,3491285.634395268,353.1773986816406,MakhohlolaEP,2020-01-24,2020-01-24 10:25:56.747,10:25:56,89.03516061111118,25.09593976666665,23.131890563888888,100.0,3.9,0.7486485944444443,20.74648494166666,19.48107931944444,1537103.5797735623,1408918.1724201776
72,462358.749,cam1-000-000072-0,-3135642.613862316,3491294.159097666,353.1583251953125,MakhohlolaEP,2020-01-24,2020-01-24 10:25:58.749,10:25:58,89.02993316666664,25.097207700000006,23.132163058333337,100.0,3.9,0.7486597166666668,20.746801925000003,19.481440791666667,1537102.2564471134,1408923.2769846427
73,462360.751,cam1-000-000073-0,-3135627.0172107005,3491302.295208975,353.1307983398437,MakhohlolaEP,2020-01-24,2020-01-24 10:26:00.751,10:26:00,89.02470572222225,25.098475633333326,23.13243555277778,100.0,3.9,0.7486708388888889,20.74711890833333,19.481802263888888,1537100.9331206644,1408928.3815491076
74,462363.287,cam1-000-000074-0,-3135607.232494432,3491313.056634971,353.1477355957031,MakhohlolaEP,2020-01-24,2020-01-24 10:26:03.287,10:26:03,89.01808394444441,25.100081766666673,23.13278073055556,100.0,3.9,0.7486849277777778,20.74752044166667,19.48226015277778,1537099.2568190289,1408934.8476707276
75,462364.755,cam1-000-000075-0,-3135595.914371772,3491319.009311179,353.1631774902344,MakhohlolaEP,2020-01-24,2020-01-24 10:26:04.755,10:26:04,89.01425083333332,25.101011500000002,23.13298054166667,100.0,3.9,0.7486930833333334,20.747752875,19.482525208333335,1537098.2864677669,1408938.5906780376
76,462366.757,cam1-000-000076-0,-3135580.1159772538,3491327.143684931,353.232666015625,MakhohlolaEP,2020-01-24,2020-01-24 10:26:06.757,10:26:06,89.00902338888893,25.102279433333322,23.13325303611111,100.0,3.9,0.7487042055555555,20.74806985833333,19.482886680555552,1537096.963141318,1408943.6952425025
77,462368.759,cam1-000-000077-0,-3135563.940231084,3491335.5247509256,353.2372741699219,MakhohlolaEP,2020-01-24,2020-01-24 10:26:08.759,10:26:08,89.00379594444439,25.103547366666678,23.13352553055556,100.0,3.9,0.7487153277777779,20.74838684166667,19.483248152777783,1537095.639814869,1408948.7998069676
78,462370.894,cam1-000-000078-0,-3135547.1001631087,3491344.3850043267,353.2429504394531,MakhohlolaEP,2020-01-24,2020-01-24 10:26:10.894,10:26:10,88.9982212222223,25.104899533333317,23.133816127777774,100.0,3.9,0.7487271888888887,20.748724883333328,19.483633638888882,1537094.2285751246,1408954.243485855
79,462373.297,cam1-000-000079-0,-3135528.401032825,3491354.20658619,353.2642822265625,MakhohlolaEP,2020-01-24,2020-01-24 10:26:13.297,10:26:13,88.99194672222217,25.106421433333345,23.134143202777782,100.0,3.9,0.748740538888889,20.74910535833334,19.484067513888892,1537092.6401867846,1408960.3704930525
80,462374.765,cam1-000-000080-0,-3135517.4658917137,3491360.4111262364,353.1957092285156,MakhohlolaEP,2020-01-24,2020-01-24 10:26:14.765,10:26:14,88.98811361111107,25.107351166666675,23.13434301388889,100.0,3.9,0.7487486944444445,20.74933779166667,19.484332569444447,1537091.6698355223,1408964.1135003627
81,462376.767,cam1-000-000081-0,-3135506.275342642,3491373.411665864,353.0507507324219,MakhohlolaEP,2020-01-24,2020-01-24 10:26:16.767,10:26:16,88.98288616666669,25.108619099999995,23.134615508333333,100.0,3.9,0.7487598166666666,20.749654775,19.484694041666664,1537090.3465090734,1408969.2180648276
82,462378.769,cam1-000-000082-0,-3135504.942255068,3491389.9189340747,352.7015686035156,MakhohlolaEP,2020-01-24,2020-01-24 10:26:18.769,10:26:18,88.9776587222223,25.109887033333315,23.134888002777775,100.0,3.9,0.7487709388888887,20.749971758333327,19.485055513888884,1537089.0231826245,1408974.3226292925
83,462381.305,cam1-000-000083-0,-3135515.5917003634,3491410.842168501,352.190185546875,MakhohlolaEP,2020-01-24,2020-01-24 10:26:21.305,10:26:21,88.97103694444446,25.111493166666662,23.135233180555556,100.0,3.9,0.7487850277777778,20.750373291666666,19.485513402777777,1537087.346880989,1408980.7887509125
84,462382.773,cam1-000-000084-0,-3135522.798540828,3491421.3539618533,351.8729858398437,MakhohlolaEP,2020-01-24,2020-01-24 10:26:22.773,10:26:22,88.96720383333337,25.11242289999999,23.135432991666665,100.0,3.9,0.7487931833333332,20.750605725,19.485778458333332,1537086.376529727,1408984.5317582225
85,462384.775,cam1-000-000085-0,-3135530.966117439,3491434.37811605,351.48651123046875,MakhohlolaEP,2020-01-24,2020-01-24 10:26:24.775,10:26:24,88.96197638888883,25.113690833333347,23.135705486111114,100.0,3.9,0.7488043055555557,20.750922708333338,19.48613993055556,1537085.0532032778,1408989.6363226876
86,462386.777,cam1-000-000086-0,-3135542.43061996,3491446.078404258,351.1422119140625,MakhohlolaEP,2020-01-24,2020-01-24 10:26:26.777,10:26:26,88.95674894444444,25.114958766666668,23.135977980555555,100.0,3.9,0.7488154277777778,20.75123969166667,19.48650140277778,1537083.729876829,1408994.7408871525
87,462389.313,cam1-000-000087-0,-3135563.352540489,3491452.2062970065,350.83123779296875,MakhohlolaEP,2020-01-24,2020-01-24 10:26:29.313,10:26:29,88.9501271666666,25.116564900000014,23.136323158333337,100.0,3.9,0.7488295166666668,20.751641225000004,19.486959291666672,1537082.0535751935,1409001.2070087725
88,462391.315,cam1-000-000088-0,-3135580.082150757,3491447.4373951624,350.7945556640625,MakhohlolaEP,2020-01-24,2020-01-24 10:26:31.315,10:26:31,88.94489972222222,25.117832833333335,23.13659565277778,100.0,3.9,0.7488406388888889,20.751958208333335,19.48732076388889,1537080.7302487446,1409006.3115732376
89,462392.783,cam1-000-000089-0,-3135591.137591004,3491441.0546959518,350.7083740234375,MakhohlolaEP,2020-01-24,2020-01-24 10:26:32.783,10:26:32,88.94106661111113,25.118762566666664,23.13679546388889,100.0,3.9,0.7488487944444444,20.752190641666665,19.487585819444444,1537079.7598974823,1409010.0545805476
90,462394.785,cam1-000-000090-0,-3135605.1739678048,3491433.2167977034,350.58612060546875,MakhohlolaEP,2020-01-24,2020-01-24 10:26:34.785,10:26:34,88.93583916666674,25.120030499999984,23.13706795833333,100.0,3.9,0.7488599166666665,20.752507624999996,19.48794729166666,1537078.4365710334,1409015.1591450125
91,462396.92,cam1-000-000091-0,-3135621.157441051,3491425.0321625057,350.4170227050781,MakhohlolaEP,2020-01-24,2020-01-24 10:26:36.920,10:26:36,88.93026444444449,25.121382666666655,23.137358555555554,100.0,3.9,0.7488717777777777,20.752845666666666,19.488332777777774,1537077.025331289,1409020.6028239
92,462399.323,cam1-000-000092-0,-3135639.532630227,3491415.6044748425,350.3109436035156,MakhohlolaEP,2020-01-24,2020-01-24 10:26:39.323,10:26:39,88.92398994444451,25.12290456666665,23.137685630555552,100.0,3.9,0.7488851277777776,20.753226141666662,19.488766652777773,1537075.436942949,1409026.7298310974
93,462400.657,cam1-000-000093-0,-3135650.07671226,3491410.0333434404,350.2866516113281,MakhohlolaEP,2020-01-24,2020-01-24 10:26:40.657,10:26:40,88.9205067222222,25.123749433333337,23.13786720277778,100.0,3.9,0.748892538888889,20.753437358333336,19.48900751388889,1537074.5551659844,1409030.1311742526
94,462402.659,cam1-000-000094-0,-3135665.6124416725,3491401.946610051,350.24298095703125,MakhohlolaEP,2020-01-24,2020-01-24 10:26:42.659,10:26:42,88.91527927777781,25.125017366666658,23.138139697222222,100.0,3.9,0.7489036611111111,20.753754341666664,19.48936898611111,1537073.2318395358,1409035.2357387175
95,462404.661,cam1-000-000095-0,-3135681.2897544736,3491393.690079405,350.1973876953125,MakhohlolaEP,2020-01-24,2020-01-24 10:26:44.661,10:26:44,88.91005183333327,25.126285300000013,23.13841219166667,100.0,3.9,0.7489147833333335,20.754071325000005,19.489730458333337,1537071.9085130868,1409040.3403031826
96,462407.331,cam1-000-000096-0,-3135702.465031477,3491382.4758809847,350.1087951660156,MakhohlolaEP,2020-01-24,2020-01-24 10:26:47.331,10:26:47,88.90308016666665,25.127976300000004,23.138775608333336,100.0,3.9,0.7489296166666667,20.754494075,19.49021254166667,1537070.1436371533,1409047.1480889576
97,462408.665,cam1-000-000097-0,-3135713.0616299533,3491377.000131292,350.1659851074219,MakhohlolaEP,2020-01-24,2020-01-24 10:26:48.665,10:26:48,88.8995969444445,25.128821166666654,23.138957180555554,100.0,3.9,0.7489370277777777,20.754705291666664,19.490453402777774,1537069.261860189,1409050.5494321126
98,462410.667,cam1-000-000098-0,-3135728.6416266426,3491368.8353299284,350.120361328125,MakhohlolaEP,2020-01-24,2020-01-24 10:26:50.667,10:26:50,88.89436949999995,25.13008910000001,23.139229675000003,100.0,3.9,0.74894815,20.755022275,19.490814875,1537067.9385337401,1409055.6539965777
99,462412.669,cam1-000-000099-0,-3135744.1823803536,3491360.610956602,350.0978698730469,MakhohlolaEP,2020-01-24,2020-01-24 10:26:52.669,10:26:52,88.88914205555557,25.13135703333333,23.139502169444444,100.0,3.9,0.7489592722222221,20.755339258333333,19.491176347222222,1537066.6152072912,1409060.7585610426
100,462414.805,cam1-000-000100-0,-3135761.0809395225,3491351.690203957,350.03961181640625,MakhohlolaEP,2020-01-24,2020-01-24 10:26:54.805,10:26:54,88.88356472222223,25.13270983333333,23.139792902777778,100.0,3.9,0.7489711388888889,20.75567745833333,19.49156201388889,1537065.2033065446,1409066.2047896625
101,462417.341,cam1-000-000101-0,-3135781.115039717,3491341.2241827883,349.9662780761719,MakhohlolaEP,2020-01-24,2020-01-24 10:26:57.341,10:26:57,88.87694294444441,25.134315966666676,23.14013808055556,100.0,3.9,0.7489852277777779,20.75607899166667,19.49201990277778,1537063.527004909,1409072.6709112825
102,462418.675,cam1-000-000102-0,-3135791.7547392934,3491335.602980065,349.8973999023437,MakhohlolaEP,2020-01-24,2020-01-24 10:26:58.675,10:26:58,88.87345972222225,25.135160833333327,23.140319652777777,100.0,3.9,0.7489926388888888,20.756290208333333,19.492260763888886,1537062.6452279445,1409076.0722544375
103,462420.677,cam1-000-000103-0,-3135807.445465886,3491327.3364974977,349.84051513671875,MakhohlolaEP,2020-01-24,2020-01-24 10:27:00.677,10:27:00,88.86823227777771,25.136428766666683,23.140592147222225,100.0,3.9,0.7490037611111112,20.75660719166667,19.492622236111117,1537061.3219014956,1409081.1768189026
104,462422.679,cam1-000-000104-0,-3135822.8640252245,3491319.206552544,349.73809814453125,MakhohlolaEP,2020-01-24,2020-01-24 10:27:02.679,10:27:02,88.86300483333332,25.137696700000003,23.140864641666667,100.0,3.9,0.7490148833333333,20.756924175,19.492983708333334,1537059.9985750467,1409086.2813833675
105,462425.348,cam1-000-000105-0,-3135844.1312074894,3491308.0358370515,349.60125732421875,MakhohlolaEP,2020-01-24,2020-01-24 10:27:05.348,10:27:05,88.85603577777778,25.139387066666664,23.141227922222225,100.0,3.9,0.749029711111111,20.757346766666668,19.493465611111112,1537058.2343601156,1409093.08661941
106,462426.683,cam1-000-000106-0,-3135854.7961610206,3491302.404550232,349.5199890136719,MakhohlolaEP,2020-01-24,2020-01-24 10:27:06.683,10:27:06,88.85254994444439,25.14023256666668,23.141409630555557,100.0,3.9,0.7490371277777779,20.75755814166667,19.49370665277778,1537057.351922149,1409096.4905122977
107,462428.685,cam1-000-000107-0,-3135870.510990693,3491294.272314942,349.39276123046875,MakhohlolaEP,2020-01-24,2020-01-24 10:27:08.685,10:27:08,88.8473225,25.1415005,23.141682125,100.0,3.9,0.74904825,20.757875124999998,19.494068125,1537056.0285957002,1409101.5950767626
108,462430.687,cam1-000-000108-0,-3135886.181777753,3491285.998606931,349.27606201171875,MakhohlolaEP,2020-01-24,2020-01-24 10:27:10.687,10:27:10,88.84209505555562,25.14276843333332,23.14195461944444,100.0,3.9,0.7490593722222221,20.75819210833333,19.49442959722222,1537054.7052692513,1409106.6996412275
109,462433.356,cam1-000-000109-0,-3135907.415638347,3491274.797693705,349.19158935546875,MakhohlolaEP,2020-01-24,2020-01-24 10:27:13.356,10:27:13,88.83512599999992,25.144458800000017,23.142317900000005,100.0,3.9,0.7490742000000001,20.758614700000006,19.494911500000004,1537052.9410543202,1409113.5048772702
110,462434.691,cam1-000-000110-0,-3135917.430029124,3491269.5641558343,349.1493530273437,MakhohlolaEP,2020-01-24,2020-01-24 10:27:14.691,10:27:14,88.83164016666669,25.145304299999996,23.142499608333335,100.0,3.9,0.7490816166666666,20.758826074999998,19.495152541666666,1537052.0586163534,1409116.9087701575
111,462436.693,cam1-000-000111-0,-3135933.631630115,3491260.9929765635,349.0149841308594,MakhohlolaEP,2020-01-24,2020-01-24 10:27:16.693,10:27:16,88.82641272222214,25.14657223333335,23.142772102777784,100.0,3.9,0.749092738888889,20.759143058333336,19.495514013888894,1537050.7352899045,1409122.0133346226
112,462438.695,cam1-000-000112-0,-3135949.244590707,3491252.696012643,348.87274169921875,MakhohlolaEP,2020-01-24,2020-01-24 10:27:18.695,10:27:18,88.82118527777776,25.147840166666672,23.143044597222225,100.0,3.9,0.7491038611111112,20.759460041666667,19.495875486111114,1537049.4119634556,1409127.1178990875
113,462440.831,cam1-000-000113-0,-3135966.178059875,3491243.793614384,348.6865539550781,MakhohlolaEP,2020-01-24,2020-01-24 10:27:20.831,10:27:20,88.81560794444442,25.14919296666667,23.14333533055556,100.0,3.9,0.7491157277777778,20.75979824166667,19.49626115277778,1537048.000062709,1409132.5641277076
114,462443.366,cam1-000-000114-0,-3135986.068382296,3491233.2789007323,348.53515625,MakhohlolaEP,2020-01-24,2020-01-24 10:27:23.366,10:27:23,88.80898877777783,25.150798466666654,23.14368037222222,100.0,3.9,0.749129811111111,20.760199616666664,19.49671886111111,1537046.3244220756,1409139.027699595
115,462444.701,cam1-000-000115-0,-3135996.66289431,3491227.6556826704,348.44989013671875,MakhohlolaEP,2020-01-24,2020-01-24 10:27:24.701,10:27:24,88.80550294444444,25.15164396666667,23.143862080555557,100.0,3.9,0.7491372277777778,20.760410991666667,19.49695990277778,1537045.4419841089,1409142.4315924826
116,462446.703,cam1-000-000116-0,-3136012.261487144,3491219.438420377,348.2827453613281,MakhohlolaEP,2020-01-24,2020-01-24 10:27:26.703,10:27:26,88.80027550000005,25.152911899999985,23.144134575,100.0,3.9,0.7491483499999999,20.760727975,19.497321374999995,1537044.1186576602,1409147.5361569475
117,462448.705,cam1-000-000117-0,-3136027.885852813,3491211.274100624,348.11444091796875,MakhohlolaEP,2020-01-24,2020-01-24 10:27:28.705,10:27:28,88.79504805555551,25.154179833333345,23.144407069444448,100.0,3.9,0.7491594722222223,20.761044958333336,19.497682847222226,1537042.7953312113,1409152.6407214126
118,462451.374,cam1-000-000118-0,-3136049.0734529807,3491200.0486257207,347.8318176269531,MakhohlolaEP,2020-01-24,2020-01-24 10:27:31.374,10:27:31,88.78807899999997,25.155870200000006,23.14477035,100.0,3.9,0.7491743000000001,20.761467550000003,19.49816475,1537041.03111628,1409159.445957455
119,462452.709,cam1-000-000119-0,-3136059.0948092323,3491194.8193312096,347.7392578125,MakhohlolaEP,2020-01-24,2020-01-24 10:27:32.709,10:27:32,88.78459316666674,25.15671569999998,23.14495205833333,100.0,3.9,0.7491817166666666,20.761678924999995,19.498405791666663,1537040.1486783135,1409162.8498503426
120,462454.711,cam1-000-000120-0,-3136075.2475853977,3491186.256580887,347.5958251953125,MakhohlolaEP,2020-01-24,2020-01-24 10:27:34.711,10:27:34,88.7793657222222,25.15798363333334,23.14522455277778,100.0,3.9,0.749192838888889,20.761995908333336,19.49876726388889,1537038.8253518646,1409167.9544148077
121,462456.713,cam1-000-000121-0,-3136090.893450349,3491177.97535571,347.4754943847656,MakhohlolaEP,2020-01-24,2020-01-24 10:27:36.713,10:27:36,88.77413827777781,25.159251566666658,23.14549704722222,100.0,3.9,0.7492039611111111,20.762312891666664,19.49912873611111,1537037.5020254157,1409173.0589792726
122,462459.382,cam1-000-000122-0,-3136112.6222667187,3491168.1520557064,347.224609375,MakhohlolaEP,2020-01-24,2020-01-24 10:27:39.382,10:27:39,88.76716922222226,25.160941933333323,23.145860327777775,100.0,3.9,0.7492187888888888,20.76273548333333,19.499610638888885,1537035.7378104846,1409179.864215315
123,462460.717,cam1-000-000123-0,-3136123.9409885933,3491167.1225972194,347.1663818359375,MakhohlolaEP,2020-01-24,2020-01-24 10:27:40.717,10:27:40,88.76368338888888,25.161787433333338,23.146042036111112,100.0,3.9,0.7492262055555555,20.762946858333333,19.499851680555558,1537034.8553725178,1409183.2681082026
124,462462.719,cam1-000-000124-0,-3136140.4458246594,3491173.565047593,347.0894470214844,MakhohlolaEP,2020-01-24,2020-01-24 10:27:42.719,10:27:42,88.75845594444449,25.163055366666654,23.146314530555554,100.0,3.9,0.7492373277777776,20.763263841666664,19.500213152777775,1537033.532046069,1409188.3726726675
125,462464.721,cam1-000-000125-0,-3136151.702874371,3491187.271779888,346.9288330078125,MakhohlolaEP,2020-01-24,2020-01-24 10:27:44.721,10:27:44,88.75322849999995,25.164323300000014,23.146587025000002,100.0,3.9,0.7492484500000001,20.763580825000002,19.500574625000002,1537032.20871962,1409193.4772371326
126,462466.856,cam1-000-000126-0,-3136159.435021168,3491202.7672962397,346.6481018066406,MakhohlolaEP,2020-01-24,2020-01-24 10:27:46.856,10:27:46,88.7476537777777,25.165675466666684,23.146877622222227,100.0,3.9,0.7492603111111112,20.76391886666667,19.500960111111116,1537030.7974798756,1409198.9209160202
127,462469.392,cam1-000-000127-0,-3136169.2719522924,3491219.72540611,346.4554748535156,MakhohlolaEP,2020-01-24,2020-01-24 10:27:49.392,10:27:49,88.74103200000002,25.167281599999995,23.1472228,100.0,3.9,0.7492744,20.7643204,19.501417999999997,1537029.12117824,1409205.38703764
128,462470.994,cam1-000-000128-0,-3136173.6021141736,3491232.9795628493,346.3632202148437,MakhohlolaEP,2020-01-24,2020-01-24 10:27:50.994,10:27:50,88.73684899999998,25.168296200000004,23.147440850000002,100.0,3.9,0.7492833,20.76457405,19.501707250000003,1537028.06225268,1409209.4717091052
129,462472.729,cam1-000-000129-0,-3136171.2979990663,3491248.281516629,346.2266845703125,MakhohlolaEP,2020-01-24,2020-01-24 10:27:52.729,10:27:52,88.73231872222225,25.169395033333327,23.147677002777776,100.0,3.9,0.7492929388888888,20.764848758333333,19.502020513888887,1537026.9154138246,1409213.8954949926
130,462474.731,cam1-000-000130-0,-3136161.1341298227,3491259.996427296,346.2403564453125,MakhohlolaEP,2020-01-24,2020-01-24 10:27:54.731,10:27:54,88.7270912777777,25.170662966666686,23.14794949722223,100.0,3.9,0.7493040611111113,20.76516574166667,19.502381986111118,1537025.5920873757,1409219.0000594577
131,462477.267,cam1-000-000131-0,-3136142.570659462,3491269.539090206,346.50103759765625,MakhohlolaEP,2020-01-24,2020-01-24 10:27:57.267,10:27:57,88.72046950000002,25.172269099999994,23.148294675,100.0,3.9,0.7493181499999999,20.765567275,19.502839875,1537023.9157857401,1409225.4661810775
132,462478.735,cam1-000-000132-0,-3136133.663850217,3491273.623387284,346.59698486328125,MakhohlolaEP,2020-01-24,2020-01-24 10:27:58.735,10:27:58,88.71663638888893,25.173198833333323,23.14849448611111,100.0,3.9,0.7493263055555555,20.765799708333333,19.503104930555555,1537022.9454344779,1409229.2091883875
133,462480.737,cam1-000-000133-0,-3136119.244884526,3491281.4388089385,346.7461853027344,MakhohlolaEP,2020-01-24,2020-01-24 10:28:00.737,10:28:00,88.71140894444439,25.174466766666683,23.14876698055556,100.0,3.9,0.7493374277777779,20.76611669166667,19.503466402777782,1537021.622108029,1409234.3137528526
134,462482.739,cam1-000-000134-0,-3136104.911360521,3491289.121579059,346.8835754394531,MakhohlolaEP,2020-01-24,2020-01-24 10:28:02.739,10:28:02,88.7061815,25.1757347,23.149039475000002,100.0,3.9,0.74934855,20.766433675000002,19.503827875,1537020.29878158,1409239.4183173175
135,462484.874,cam1-000-000135-0,-3136088.723549948,3491297.9584625866,347.0440368652344,MakhohlolaEP,2020-01-24,2020-01-24 10:28:04.874,10:28:04,88.70060677777775,25.177086866666674,23.149330072222224,100.0,3.9,0.7493604111111112,20.766771716666668,19.504213361111113,1537018.8875418357,1409244.861996205
136,462487.277,cam1-000-000136-0,-3136070.4910103097,3491307.7365618306,347.2213134765625,MakhohlolaEP,2020-01-24,2020-01-24 10:28:07.277,10:28:07,88.69433227777778,25.178608766666667,23.149657147222225,100.0,3.9,0.7493737611111111,20.767152191666668,19.50464723611111,1537017.2991534956,1409250.9890034026
137,462488.745,cam1-000-000137-0,-3136058.611827758,3491313.998114234,347.3980407714844,MakhohlolaEP,2020-01-24,2020-01-24 10:28:08.745,10:28:08,88.69049916666668,25.179538499999996,23.149856958333334,100.0,3.9,0.7493819166666666,20.767384625,19.504912291666667,1537016.3288022333,1409254.7320107126
138,462490.747,cam1-000-000138-0,-3136043.031350013,3491322.15274026,347.5604248046875,MakhohlolaEP,2020-01-24,2020-01-24 10:28:10.747,10:28:10,88.68527172222228,25.180806433333316,23.150129452777776,100.0,3.9,0.7493930388888888,20.76770160833333,19.505273763888884,1537015.0054757847,1409259.8365751775
139,462492.749,cam1-000-000139-0,-3136027.590073314,3491330.4454373666,347.6778564453125,MakhohlolaEP,2020-01-24,2020-01-24 10:28:12.749,10:28:12,88.68004427777775,25.182074366666672,23.150401947222225,100.0,3.9,0.7494041611111112,20.768018591666667,19.505635236111114,1537013.6821493357,1409264.9411396426
140,462495.285,cam1-000-000140-0,-3136007.6757505904,3491341.050100272,347.80133056640625,MakhohlolaEP,2020-01-24,2020-01-24 10:28:15.285,10:28:15,88.67342250000007,25.183680499999983,23.150747125,100.0,3.9,0.7494182499999998,20.768420124999995,19.506093124999996,1537012.0058477002,1409271.4072612624
141,462496.753,cam1-000-000141-0,-3135996.4703847584,3491347.010333081,347.8621520996094,MakhohlolaEP,2020-01-24,2020-01-24 10:28:16.753,10:28:16,88.66958938888882,25.18461023333335,23.150946936111115,100.0,3.9,0.7494264055555557,20.768652558333336,19.506358180555562,1537011.035496438,1409275.1502685726
142,462498.755,cam1-000-000142-0,-3135980.187064822,3491355.5938929245,348.046875,MakhohlolaEP,2020-01-24,2020-01-24 10:28:18.755,10:28:18,88.66436194444444,25.18587816666667,23.151219430555557,100.0,3.9,0.7494375277777778,20.768969541666667,19.50671965277778,1537009.712169989,1409280.2548330375
143,462500.757,cam1-000-000143-0,-3135964.713581693,3491363.9531399044,348.16876220703125,MakhohlolaEP,2020-01-24,2020-01-24 10:28:20.757,10:28:20,88.65913450000004,25.18714609999999,23.151491925,100.0,3.9,0.7494486499999999,20.769286525,19.507081124999996,1537008.38884354,1409285.3593975026
144,462503.293,cam1-000-000144-0,-3135944.907643673,3491374.639319167,348.3945007324219,MakhohlolaEP,2020-01-24,2020-01-24 10:28:23.293,10:28:23,88.65251272222221,25.188752233333336,23.15183710277778,100.0,3.9,0.7494627388888889,20.769688058333333,19.50753901388889,1537006.7125419045,1409291.8255191226
145,462504.761,cam1-000-000145-0,-3135933.5394499823,3491380.6177421864,348.4970703125,MakhohlolaEP,2020-01-24,2020-01-24 10:28:24.761,10:28:24,88.6486796111111,25.189681966666665,23.15203691388889,100.0,3.9,0.7494708944444445,20.769920491666667,19.507804069444443,1537005.7421906423,1409295.5685264326
146,462506.763,cam1-000-000146-0,-3135917.412142486,3491389.040934921,348.6415405273437,MakhohlolaEP,2020-01-24,2020-01-24 10:28:26.763,10:28:26,88.64345216666672,25.190949899999985,23.15230940833333,100.0,3.9,0.7494820166666666,20.770237474999995,19.508165541666664,1537004.4188641934,1409300.6730908975
147,462508.765,cam1-000-000147-0,-3135901.866229915,3491397.1591272545,348.7500305175781,MakhohlolaEP,2020-01-24,2020-01-24 10:28:28.765,10:28:28,88.63822472222219,25.19221783333334,23.15258190277778,100.0,3.9,0.749493138888889,20.770554458333336,19.50852701388889,1537003.0955377445,1409305.7776553626
148,462510.9,cam1-000-000148-0,-3135884.9488186035,3491406.066016541,348.7914733886719,MakhohlolaEP,2020-01-24,2020-01-24 10:28:30.900,10:28:30,88.63264999999994,25.193570000000015,23.152872500000004,100.0,3.9,0.7495050000000001,20.770892500000002,19.508912500000005,1537001.684298,1409311.2213342502
149,462513.302,cam1-000-000149-0,-3135866.066375233,3491415.930251068,348.9737854003906,MakhohlolaEP,2020-01-24,2020-01-24 10:28:33.302,10:28:33,88.62637811111104,25.195091266666683,23.153199438888894,100.0,3.9,0.7495183444444445,20.77127281666667,19.50934619444445,1537000.0965706622,1409317.3457917152
150,462514.771,cam1-000-000150-0,-3135854.735864141,3491421.8297933466,349.05712890625,MakhohlolaEP,2020-01-24,2020-01-24 10:28:34.771,10:28:34,88.62254238888886,25.196021633333338,23.15339938611111,100.0,3.9,0.7495265055555556,20.771505408333336,19.50961143055556,1536999.125558398,1409321.0913487575
151,462516.773,cam1-000-000151-0,-3135838.5549415806,3491430.368638505,349.2081604003906,MakhohlolaEP,2020-01-24,2020-01-24 10:28:36.773,10:28:36,88.61731494444447,25.197289566666658,23.153671880555553,100.0,3.9,0.7495376277777777,20.771822391666664,19.509972902777776,1536997.802231949,1409326.1959132226
152,462518.775,cam1-000-000152-0,-3135823.0189175257,3491438.403526239,349.293701171875,MakhohlolaEP,2020-01-24,2020-01-24 10:28:38.775,10:28:38,88.61208749999994,25.198557500000014,23.153944375000005,100.0,3.9,0.7495487500000001,20.772139375000005,19.510334375000003,1536996.4789055001,1409331.3004776877
153,462521.31,cam1-000-000153-0,-3135803.1104640146,3491448.811404318,349.4083251953125,MakhohlolaEP,2020-01-24,2020-01-24 10:28:41.310,10:28:41,88.60546833333333,25.200163,23.154289416666668,100.0,3.9,0.7495628333333333,20.77254075,19.51079208333333,1536994.8032648668,1409337.764049575
154,462522.779,cam1-000-000154-0,-3135791.927035977,3491454.787666858,349.5548400878906,MakhohlolaEP,2020-01-24,2020-01-24 10:28:42.779,10:28:42,88.60163261111116,25.201093366666655,23.15448936388889,100.0,3.9,0.7495709944444443,20.772773341666664,19.51105731944444,1536993.8322526023,1409341.5096066175
155,462524.781,cam1-000-000155-0,-3135775.7672893577,3491463.5604110137,349.6960144042969,MakhohlolaEP,2020-01-24,2020-01-24 10:28:44.781,10:28:44,88.59640516666661,25.20236130000001,23.154761858333337,100.0,3.9,0.7495821166666667,20.773090325000002,19.51141879166667,1536992.5089261534,1409346.6141710826
156,462526.783,cam1-000-000156-0,-3135759.991252971,3491471.9817209407,349.8402404785156,MakhohlolaEP,2020-01-24,2020-01-24 10:28:46.783,10:28:46,88.59117772222223,25.20362923333333,23.15503435277778,100.0,3.9,0.7495932388888888,20.773407308333333,19.511780263888888,1536991.1855997045,1409351.7187355475
157,462528.918,cam1-000-000157-0,-3135742.9303845223,3491481.0428829324,350.0627136230469,MakhohlolaEP,2020-01-24,2020-01-24 10:28:48.918,10:28:48,88.58560299999999,25.204981400000005,23.15532495,100.0,3.9,0.7496051,20.773745350000002,19.51216575,1536989.77435996,1409357.162414435
158,462531.32,cam1-000-000158-0,-3135724.231374701,3491490.9042142103,350.2572937011719,MakhohlolaEP,2020-01-24,2020-01-24 10:28:51.320,10:28:51,88.57933111111109,25.206502666666672,23.15565188888889,100.0,3.9,0.7496184444444445,20.774125666666666,19.512599444444447,1536988.1866326223,1409363.2868719
159,462532.788,cam1-000-000159-0,-3135712.9402240585,3491496.7619800325,350.3739929199219,MakhohlolaEP,2020-01-24,2020-01-24 10:28:52.788,10:28:52,88.575498,25.207432400000002,23.1558517,100.0,3.9,0.7496266,20.7743581,19.5128645,1536987.21628136,1409367.02987921
160,462534.79,cam1-000-000160-0,-3135696.6469354564,3491505.296971362,350.47540283203125,MakhohlolaEP,2020-01-24,2020-01-24 10:28:54.790,10:28:54,88.57027055555561,25.20870033333332,23.15612419444444,100.0,3.9,0.7496377222222221,20.77467508333333,19.51322597222222,1536985.8929549113,1409372.134443675
161,462536.659,cam1-000-000161-0,-3135682.414481862,3491512.706551217,350.6004333496094,MakhohlolaEP,2020-01-24,2020-01-24 10:28:56.659,10:28:56,88.56539038888893,25.209884033333324,23.15637858611111,100.0,3.9,0.7496481055555555,20.77497100833333,19.513563430555553,1536984.657541758,1409376.8998937176
162,462539.328,cam1-000-000162-0,-3135661.3173293984,3491524.1253293506,350.83642578125,MakhohlolaEP,2020-01-24,2020-01-24 10:28:59.328,10:28:59,88.55842133333338,25.211574399999986,23.156741866666664,100.0,3.9,0.7496629333333332,20.775393599999997,19.51404533333333,1536982.8933268269,1409383.70512976
163,462540.796,cam1-000-000163-0,-3135650.076331244,3491530.0315433936,350.9131164550781,MakhohlolaEP,2020-01-24,2020-01-24 10:29:00.796,10:29:00,88.55458822222229,25.212504133333315,23.156941677777777,100.0,3.9,0.7496710888888888,20.775626033333328,19.514310388888884,1536981.9229755646,1409387.44813707
164,462542.665,cam1-000-000164-0,-3135635.0777142267,3491537.8381808144,351.046142578125,MakhohlolaEP,2020-01-24,2020-01-24 10:29:02.665,10:29:02,88.54970805555561,25.21368783333332,23.157196069444442,100.0,3.9,0.7496814722222221,20.77592195833333,19.514647847222218,1536980.6875624112,1409392.2135871125
165,462544.667,cam1-000-000165-0,-3135622.5917022405,3491549.5060422253,351.12646484375,MakhohlolaEP,2020-01-24,2020-01-24 10:29:04.667,10:29:04,88.54448061111107,25.214955766666677,23.15746856388889,100.0,3.9,0.7496925944444446,20.77623894166667,19.51500931944445,1536979.3642359623,1409397.3181515776
166,462546.802,cam1-000-000166-0,-3135619.1132551488,3491566.927828083,350.7864074707031,MakhohlolaEP,2020-01-24,2020-01-24 10:29:06.802,10:29:06,88.53890588888882,25.21630793333335,23.157759161111116,100.0,3.9,0.7497044555555556,20.77657698333334,19.51539480555556,1536977.9529962179,1409402.7618304652
167,462549.338,cam1-000-000167-0,-3135628.952579544,3491587.931492329,350.1897277832031,MakhohlolaEP,2020-01-24,2020-01-24 10:29:09.338,10:29:09,88.53228411111114,25.21791406666666,23.15810433888889,100.0,3.9,0.7497185444444444,20.776978516666667,19.515852694444444,1536976.2766945823,1409409.227952085
168,462550.673,cam1-000-000168-0,-3135636.137108168,3491597.9877692047,349.8591003417969,MakhohlolaEP,2020-01-24,2020-01-24 10:29:10.673,10:29:10,88.52879827777775,25.218759566666673,23.158286047222223,100.0,3.9,0.7497259611111111,20.77718989166667,19.516093736111113,1536975.3942566155,1409412.6318449725
169,462552.808,cam1-000-000169-0,-3135644.8471721923,3491611.498442691,349.3470153808594,MakhohlolaEP,2020-01-24,2020-01-24 10:29:12.808,10:29:12,88.5232235555555,25.220111733333347,23.158576644444448,100.0,3.9,0.7497378222222223,20.777527933333335,19.516479222222227,1536973.9830168711,1409418.07552386
170,462554.677,cam1-000-000170-0,-3135654.27512337,3491622.683598823,348.8746643066406,MakhohlolaEP,2020-01-24,2020-01-24 10:29:14.677,10:29:14,88.51834338888882,25.22129543333335,23.158831036111117,100.0,3.9,0.7497482055555557,20.77782385833334,19.51681668055556,1536972.747603718,1409422.8409739027
171,462557.346,cam1-000-000171-0,-3135675.950572941,3491630.9703688803,348.36676025390625,MakhohlolaEP,2020-01-24,2020-01-24 10:29:17.346,10:29:17,88.51137433333328,25.22298580000001,23.15919431666667,100.0,3.9,0.7497630333333335,20.778246450000005,19.517298583333336,1536970.9833887867,1409429.6462099452
172,462558.681,cam1-000-000172-0,-3135687.8679238213,3491629.05885558,348.201171875,MakhohlolaEP,2020-01-24,2020-01-24 10:29:18.681,10:29:18,88.50788850000005,25.22383129999999,23.159376025,100.0,3.9,0.7497704499999999,20.778457824999997,19.517539624999998,1536970.1009508201,1409433.0501028325
173,462560.683,cam1-000-000173-0,-3135703.450417631,3491621.4956813934,348.0045471191406,MakhohlolaEP,2020-01-24,2020-01-24 10:29:20.683,10:29:20,88.5026610555555,25.225099233333346,23.15964851944445,100.0,3.9,0.7497815722222223,20.778774808333335,19.517901097222225,1536968.7776243712,1409438.1546672976
174,462562.685,cam1-000-000174-0,-3135716.725276093,3491613.656070481,347.6739501953125,MakhohlolaEP,2020-01-24,2020-01-24 10:29:22.685,10:29:22,88.49743361111112,25.226367166666666,23.15992101388889,100.0,3.9,0.7497926944444444,20.779091791666666,19.518262569444445,1536967.4542979223,1409443.2592317625
175,462564.82,cam1-000-000175-0,-3135732.4189746543,3491605.470144992,347.4239196777344,MakhohlolaEP,2020-01-24,2020-01-24 10:29:24.820,10:29:24,88.49185888888887,25.227719333333336,23.160211611111112,100.0,3.9,0.7498045555555556,20.779429833333335,19.518648055555555,1536966.043058178,1409448.70291065
176,462567.356,cam1-000-000176-0,-3135752.121693862,3491595.363065568,347.22052001953125,MakhohlolaEP,2020-01-24,2020-01-24 10:29:27.356,10:29:27,88.48523711111103,25.229325466666683,23.160556788888893,100.0,3.9,0.7498186444444446,20.77983136666667,19.51910594444445,1536964.3667565424,1409455.16903227
177,462568.691,cam1-000-000177-0,-3135762.816253499,3491589.839406021,347.1231689453125,MakhohlolaEP,2020-01-24,2020-01-24 10:29:28.691,10:29:28,88.4817512777778,25.230170966666662,23.160738497222223,100.0,3.9,0.749826061111111,20.780042741666666,19.51934698611111,1536963.4843185756,1409458.5729251576
178,462570.693,cam1-000-000178-0,-3135778.344255276,3491581.7649463266,347.0722961425781,MakhohlolaEP,2020-01-24,2020-01-24 10:29:30.693,10:29:30,88.47652383333326,25.23143890000002,23.16101099166667,100.0,3.9,0.7498371833333335,20.780359725000004,19.519708458333337,1536962.1609921267,1409463.6774896227
179,462572.695,cam1-000-000179-0,-3135793.946519628,3491573.5890185456,346.8526306152344,MakhohlolaEP,2020-01-24,2020-01-24 10:29:32.695,10:29:32,88.47129638888887,25.23270683333334,23.161283486111113,100.0,3.9,0.7498483055555556,20.780676708333335,19.520069930555557,1536960.8376656778,1409468.7820540876
180,462575.364,cam1-000-000180-0,-3135815.224102012,3491562.5528817712,346.7275695800781,MakhohlolaEP,2020-01-24,2020-01-24 10:29:35.364,10:29:35,88.46432733333333,25.2343972,23.161646766666667,100.0,3.9,0.7498631333333333,20.7810993,19.520551833333332,1536959.0734507467,1409475.58729013
181,462576.699,cam1-000-000181-0,-3135825.9160490283,3491556.97108608,346.6570739746094,MakhohlolaEP,2020-01-24,2020-01-24 10:29:36.699,10:29:36,88.46084149999994,25.235242700000015,23.161828475000004,100.0,3.9,0.7498705500000001,20.781310675000004,19.520792875000005,1536958.1910127802,1409478.9911830176
182,462578.701,cam1-000-000182-0,-3135841.403765073,3491548.690745657,346.4785461425781,MakhohlolaEP,2020-01-24,2020-01-24 10:29:38.701,10:29:38,88.45561405555556,25.236510633333335,23.162100969444445,100.0,3.9,0.7498816722222222,20.781627658333335,19.52115434722222,1536956.8676863313,1409484.0957474825
183,462580.703,cam1-000-000183-0,-3135856.9861831623,3491540.553089752,346.3956604003906,MakhohlolaEP,2020-01-24,2020-01-24 10:29:40.703,10:29:40,88.45038661111116,25.237778566666655,23.162373463888887,100.0,3.9,0.7498927944444443,20.781944641666662,19.521515819444442,1536955.5443598824,1409489.2003119476
184,462582.838,cam1-000-000184-0,-3135873.818481,3491531.640908209,346.2729187011719,MakhohlolaEP,2020-01-24,2020-01-24 10:29:42.838,10:29:42,88.44481188888892,25.239130733333326,23.162664061111112,100.0,3.9,0.7499046555555555,20.78228268333333,19.521901305555552,1536954.133120138,1409494.643990835
185,462585.374,cam1-000-000185-0,-3135893.771422722,3491521.087248587,346.14129638671875,MakhohlolaEP,2020-01-24,2020-01-24 10:29:45.374,10:29:45,88.43819011111108,25.240736866666673,23.16300923888889,100.0,3.9,0.7499187444444445,20.78268421666667,19.522359194444448,1536952.4568185024,1409501.1101124552
186,462586.709,cam1-000-000186-0,-3135904.2809909717,3491515.5449312427,346.07379150390625,MakhohlolaEP,2020-01-24,2020-01-24 10:29:46.709,10:29:46,88.43470427777784,25.24158236666665,23.16319094722222,100.0,3.9,0.749926161111111,20.782895591666662,19.522600236111106,1536951.5743805356,1409504.5140053425
187,462588.711,cam1-000-000187-0,-3135919.827115643,3491507.354494112,345.9041748046875,MakhohlolaEP,2020-01-24,2020-01-24 10:29:48.711,10:29:48,88.42947683333331,25.242850300000008,23.163463441666668,100.0,3.9,0.7499372833333334,20.783212575,19.522961708333334,1536950.2510540867,1409509.6185698076
188,462590.713,cam1-000-000188-0,-3135935.539672039,3491499.1033597435,345.7754821777344,MakhohlolaEP,2020-01-24,2020-01-24 10:29:50.713,10:29:50,88.42424938888891,25.244118233333324,23.16373593611111,100.0,3.9,0.7499484055555555,20.78352955833333,19.523323180555554,1536948.9277276378,1409514.7231342725
189,462595.918,cam1-000-000189-0,-3135976.880067087,3491477.4283492174,345.3916931152344,MakhohlolaEP,2020-01-24,2020-01-24 10:29:55.918,10:29:55,88.41065855555554,25.247414733333336,23.164444394444445,100.0,3.9,0.7499773222222222,20.784353683333336,19.524262972222225,1536945.4872110712,1409527.994491935
190,462597.92,cam1-000-000190-0,-3135992.4275072115,3491469.2008946706,345.2149353027344,MakhohlolaEP,2020-01-24,2020-01-24 10:29:57.920,10:29:57,88.40543111111116,25.248682666666657,23.164716888888886,100.0,3.9,0.7499884444444443,20.784670666666663,19.52462444444444,1536944.1638846223,1409533.0990564001
191,462599.922,cam1-000-000191-0,-3136007.908968381,3491461.0517606703,345.1009521484375,MakhohlolaEP,2020-01-24,2020-01-24 10:29:59.922,10:29:59,88.40020366666661,25.249950600000012,23.16498938333334,100.0,3.9,0.7499995666666668,20.784987650000005,19.524985916666672,1536942.8405581734,1409538.2036208652
192,462602.458,cam1-000-000192-0,-3136027.857765268,3491450.4932774706,344.911865234375,MakhohlolaEP,2020-01-24,2020-01-24 10:30:02.458,10:30:02,88.39358188888893,25.251556733333324,23.16533456111111,100.0,3.9,0.7500136555555554,20.78538918333333,19.525443805555554,1536941.1642565378,1409544.669742485
193,462603.926,cam1-000-000193-0,-3136039.9284658106,3491444.209103742,344.8280334472656,MakhohlolaEP,2020-01-24,2020-01-24 10:30:03.926,10:30:03,88.38974877777784,25.252486466666653,23.16553437222222,100.0,3.9,0.750021811111111,20.785621616666663,19.525708861111106,1536940.1939052758,1409548.412749795
194,462605.928,cam1-000-000194-0,-3136055.630341323,3491435.911047609,344.7374267578125,MakhohlolaEP,2020-01-24,2020-01-24 10:30:05.928,10:30:05,88.3845213333333,25.25375440000001,23.16580686666667,100.0,3.9,0.7500329333333334,20.7859386,19.526070333333337,1536938.8705788269,1409553.5173142601
195,462607.93,cam1-000-000195-0,-3136071.254581408,3491427.680264834,344.5679931640625,MakhohlolaEP,2020-01-24,2020-01-24 10:30:07.930,10:30:07,88.37929388888891,25.25502233333333,23.166079361111112,100.0,3.9,0.7500440555555555,20.786255583333332,19.526431805555553,1536937.547252378,1409558.621878725
196,462610.065,cam1-000-000196-0,-3136087.9632940344,3491418.824630913,344.4379272460937,MakhohlolaEP,2020-01-24,2020-01-24 10:30:10.065,10:30:10,88.37371916666666,25.2563745,23.166369958333334,100.0,3.9,0.7500559166666667,20.786593625000002,19.526817291666667,1536936.1360126333,1409564.0655576126
197,462612.468,cam1-000-000197-0,-3136106.620945442,3491408.981552298,344.2880859375,MakhohlolaEP,2020-01-24,2020-01-24 10:30:12.468,10:30:12,88.36744466666669,25.257896399999996,23.16669703333333,100.0,3.9,0.7500692666666666,20.7869741,19.527251166666666,1536934.5476242935,1409570.1925648102
198,462613.936,cam1-000-000198-0,-3136118.5027548177,3491402.7516242536,344.1842041015625,MakhohlolaEP,2020-01-24,2020-01-24 10:30:13.936,10:30:13,88.3636115555556,25.258826133333326,23.166896844444445,100.0,3.9,0.7500774222222222,20.787206533333332,19.52751622222222,1536933.5772730312,1409573.9355721201
199,462615.938,cam1-000-000199-0,-3136134.0966164586,3491394.545875144,343.97100830078125,MakhohlolaEP,2020-01-24,2020-01-24 10:30:15.938,10:30:15,88.35838411111105,25.26009406666668,23.167169338888893,100.0,3.9,0.7500885444444446,20.78752351666667,19.52787769444445,1536932.2539465823,1409579.0401365852
200,462617.94,cam1-000-000200-0,-3136149.751959881,3491386.4292180045,343.8807067871094,MakhohlolaEP,2020-01-24,2020-01-24 10:30:17.940,10:30:17,88.35315666666666,25.261362000000002,23.167441833333335,100.0,3.9,0.7500996666666667,20.7878405,19.52823916666667,1536930.9306201334,1409584.1447010501
201,462620.476,cam1-000-000201-0,-3136169.7360262745,3491375.811386301,343.7125244140625,MakhohlolaEP,2020-01-24,2020-01-24 10:30:20.476,10:30:20,88.34653488888883,25.26296813333335,23.167787011111116,100.0,3.9,0.7501137555555557,20.788242033333336,19.52869705555556,1536929.2543184978,1409590.6108226702
202,462621.944,cam1-000-000202-0,-3136181.579445496,3491369.52944662,343.6585693359375,MakhohlolaEP,2020-01-24,2020-01-24 10:30:21.944,10:30:21,88.34270177777773,25.263897866666678,23.167986822222225,100.0,3.9,0.7501219111111113,20.78847446666667,19.528962111111113,1536928.2839672356,1409594.3538299801
203,462623.946,cam1-000-000203-0,-3136197.3127227942,3491361.380256642,343.5416564941406,MakhohlolaEP,2020-01-24,2020-01-24 10:30:23.946,10:30:23,88.33747433333335,25.2651658,23.168259316666667,100.0,3.9,0.7501330333333334,20.788791449999998,19.529323583333333,1536926.9606407867,1409599.458394445
204,462625.948,cam1-000-000204-0,-3136213.0182660427,3491353.534357828,343.3744506835937,MakhohlolaEP,2020-01-24,2020-01-24 10:30:25.948,10:30:25,88.33224688888896,25.26643373333332,23.16853181111111,100.0,3.9,0.7501441555555555,20.78910843333333,19.52968505555555,1536925.637314338,1409604.5629589101
205,462628.083,cam1-000-000205-0,-3136231.716342704,3491351.021244425,343.2037048339844,MakhohlolaEP,2020-01-24,2020-01-24 10:30:28.083,10:30:28,88.32667216666671,25.26778589999999,23.168822408333334,100.0,3.9,0.7501560166666665,20.789446475,19.530070541666664,1536924.2260745934,1409610.0066377975
206,462630.485,cam1-000-000206-0,-3136250.1488582278,3491361.0591204404,343.1433410644531,MakhohlolaEP,2020-01-24,2020-01-24 10:30:30.485,10:30:30,88.32040027777781,25.269307166666657,23.16914934722222,100.0,3.9,0.750169361111111,20.789826791666666,19.53050423611111,1536922.6383472558,1409616.1310952625
207,462631.954,cam1-000-000207-0,-3136258.321959729,3491372.422061711,343.10357666015625,MakhohlolaEP,2020-01-24,2020-01-24 10:30:31.954,10:30:31,88.31656455555549,25.27023753333335,23.169349294444448,100.0,3.9,0.7501775222222223,20.790059383333336,19.53076947222223,1536921.6673349913,1409619.8766523052
208,462633.956,cam1-000-000208-0,-3136265.2942151204,3491386.3785096454,342.9675598144531,MakhohlolaEP,2020-01-24,2020-01-24 10:30:33.956,10:30:33,88.3113371111111,25.27150546666667,23.16962178888889,100.0,3.9,0.7501886444444444,20.790376366666667,19.531130944444445,1536920.3440085424,1409624.9812167701
209,462635.958,cam1-000-000209-0,-3136272.940354216,3491399.617113504,342.8922424316406,MakhohlolaEP,2020-01-24,2020-01-24 10:30:35.958,10:30:35,88.30610966666671,25.27277339999999,23.16989428333333,100.0,3.9,0.7501997666666665,20.790693349999998,19.531492416666666,1536919.0206820935,1409630.085781235
210,462638.493,cam1-000-000210-0,-3136279.710150721,3491419.825458286,342.8418884277344,MakhohlolaEP,2020-01-24,2020-01-24 10:30:38.493,10:30:38,88.29949049999996,25.27437890000001,23.170239325000004,100.0,3.9,0.7502138500000001,20.791094725000004,19.531950125,1536917.3450414601,1409636.5493531227
211,462639.962,cam1-000-000211-0,-3136277.0082609816,3491432.289924958,342.7328491210937,MakhohlolaEP,2020-01-24,2020-01-24 10:30:39.962,10:30:39,88.29565477777778,25.275309266666667,23.17043927222222,100.0,3.9,0.7502220111111111,20.791327316666667,19.53221536111111,1536916.3740291956,1409640.294910165
212,462641.964,cam1-000-000212-0,-3136265.9552279944,3491444.7506516078,342.8378601074219,MakhohlolaEP,2020-01-24,2020-01-24 10:30:41.964,10:30:41,88.29042733333338,25.276577199999988,23.170711766666663,100.0,3.9,0.7502331333333332,20.791644299999998,19.53257683333333,1536915.0507027467,1409645.3994746301
213,462643.966,cam1-000-000213-0,-3136251.324165736,3491452.0685728723,342.91815185546875,MakhohlolaEP,2020-01-24,2020-01-24 10:30:43.966,10:30:43,88.28519988888885,25.277845133333344,23.170984261111116,100.0,3.9,0.7502442555555556,20.791961283333336,19.532938305555557,1536913.7273762978,1409650.504039095
214,462646.101,cam1-000-000214-0,-3136236.699449411,3491459.174140693,343.0278015136719,MakhohlolaEP,2020-01-24,2020-01-24 10:30:46.101,10:30:46,88.2796251666666,25.279197300000014,23.171274858333337,100.0,3.9,0.7502561166666668,20.792299325000005,19.53332379166667,1536912.3161365534,1409655.9477179826
215,462648.503,cam1-000-000215-0,-3136219.098289364,3491468.705879824,343.20733642578125,MakhohlolaEP,2020-01-24,2020-01-24 10:30:48.503,10:30:48,88.27335327777772,25.280718566666682,23.171601797222227,100.0,3.9,0.7502694611111113,20.79267964166667,19.533757486111117,1536910.7284092156,1409662.0721754476
216,462649.972,cam1-000-000216-0,-3136208.509054194,3491474.4355521835,343.2803955078125,MakhohlolaEP,2020-01-24,2020-01-24 10:30:49.972,10:30:49,88.26951755555552,25.28164893333334,23.171801744444448,100.0,3.9,0.7502776222222223,20.792912233333336,19.534022722222225,1536909.7573969513,1409665.8177324901
217,462651.84,cam1-000-000217-0,-3136193.6112539526,3491482.189408273,343.2784729003906,MakhohlolaEP,2020-01-24,2020-01-24 10:30:51.840,10:30:51,88.26463999999993,25.282832000000017,23.172056000000005,100.0,3.9,0.7502880000000002,20.793208000000003,19.534360000000007,1536908.5226448001,1409670.5806328002
218,462653.975,cam1-000-000218-0,-3136177.4838254824,3491490.7666886672,343.3241882324219,MakhohlolaEP,2020-01-24,2020-01-24 10:30:53.975,10:30:53,88.25906527777784,25.284184166666652,23.17234659722222,100.0,3.9,0.750299861111111,20.793546041666662,19.534745486111106,1536907.1114050557,1409676.0243116876
219,462656.511,cam1-000-000219-0,-3136157.770988335,3491501.157545944,343.4168395996094,MakhohlolaEP,2020-01-24,2020-01-24 10:30:56.511,10:30:56,88.2524435,25.2857903,23.172691775,100.0,3.9,0.75031395,20.793947575,19.535203375000002,1536905.4351034202,1409682.4904333076
220,462657.846,cam1-000-000220-0,-3136147.367502408,3491506.828112481,343.57818603515625,MakhohlolaEP,2020-01-24,2020-01-24 10:30:57.846,10:30:57,88.24895766666661,25.286635800000013,23.172873483333337,100.0,3.9,0.7503213666666668,20.794158950000003,19.53544441666667,1536904.5526654534,1409685.8943261951
221,462659.848,cam1-000-000221-0,-3136131.8750704243,3491515.129147008,343.6711730957031,MakhohlolaEP,2020-01-24,2020-01-24 10:30:59.848,10:30:59,88.24373022222223,25.287903733333334,23.17314597777778,100.0,3.9,0.7503324888888889,20.794475933333334,19.535805888888888,1536903.2293390045,1409690.99889066
222,462661.85,cam1-000-000222-0,-3136115.54270489,3491523.5479462985,343.8028259277344,MakhohlolaEP,2020-01-24,2020-01-24 10:31:01.850,10:31:01,88.23850277777784,25.28917166666665,23.17341847222222,100.0,3.9,0.750343611111111,20.794792916666662,19.536167361111108,1536901.9060125556,1409696.1034551251
223,462663.985,cam1-000-000223-0,-3136098.457623116,3491532.494164802,343.8958435058594,MakhohlolaEP,2020-01-24,2020-01-24 10:31:03.985,10:31:03,88.23292805555559,25.290523833333324,23.173709069444442,100.0,3.9,0.7503554722222221,20.79513095833333,19.53655284722222,1536900.4947728112,1409701.5471340124
224,462666.521,cam1-000-000224-0,-3136078.5245646937,3491542.9860176714,344.1337280273437,MakhohlolaEP,2020-01-24,2020-01-24 10:31:06.521,10:31:06,88.22630627777775,25.29212996666667,23.174054247222223,100.0,3.9,0.7503695611111112,20.79553249166667,19.537010736111114,1536898.8184711756,1409708.0132556327
225,462667.856,cam1-000-000225-0,-3136068.5381756816,3491548.3696404863,344.18292236328125,MakhohlolaEP,2020-01-24,2020-01-24 10:31:07.856,10:31:07,88.22282044444437,25.292975466666686,23.17423595555556,100.0,3.9,0.7503769777777779,20.795743866666673,19.537251777777783,1536897.936033209,1409711.4171485202
226,462669.991,cam1-000-000226-0,-3136051.709218615,3491557.182339222,344.2650756835937,MakhohlolaEP,2020-01-24,2020-01-24 10:31:09.991,10:31:09,88.21724572222227,25.29432763333332,23.174526552777778,100.0,3.9,0.7503888388888887,20.79608190833333,19.537637263888886,1536896.5247934645,1409716.8608274076
227,462671.86,cam1-000-000227-0,-3136036.748112494,3491565.224442297,344.22711181640625,MakhohlolaEP,2020-01-24,2020-01-24 10:31:11.860,10:31:11,88.21236555555559,25.295511333333323,23.174780944444443,100.0,3.9,0.7503992222222221,20.79637783333333,19.53797472222222,1536895.2893803113,1409721.62627745
228,462674.529,cam1-000-000228-0,-3136016.276495519,3491575.89766569,344.2674865722656,MakhohlolaEP,2020-01-24,2020-01-24 10:31:14.529,10:31:14,88.20539650000005,25.297201699999988,23.175144224999997,100.0,3.9,0.7504140499999999,20.796800424999997,19.538456625,1536893.5251653802,1409728.4315134925
229,462675.864,cam1-000-000229-0,-3136005.6421463103,3491581.388799773,344.4090270996094,MakhohlolaEP,2020-01-24,2020-01-24 10:31:15.864,10:31:15,88.20191066666666,25.2980472,23.175325933333333,100.0,3.9,0.7504214666666666,20.7970118,19.538697666666668,1536892.6427274134,1409731.83540638
230,462677.866,cam1-000-000230-0,-3135990.02676695,3491589.7108408376,344.582275390625,MakhohlolaEP,2020-01-24,2020-01-24 10:31:17.866,10:31:17,88.19668322222228,25.29931513333332,23.175598427777775,100.0,3.9,0.7504325888888888,20.79732878333333,19.539059138888884,1536891.3194009645,1409736.9399708451
231,462679.868,cam1-000-000231-0,-3135973.7930934946,3491598.362723259,344.7465515136719,MakhohlolaEP,2020-01-24,2020-01-24 10:31:19.868,10:31:19,88.19145577777773,25.30058306666668,23.175870922222224,100.0,3.9,0.7504437111111112,20.79764576666667,19.539420611111115,1536889.9960745156,1409742.0445353102
232,462682.003,cam1-000-000232-0,-3135956.873087033,3491607.1826431444,344.8899841308594,MakhohlolaEP,2020-01-24,2020-01-24 10:31:22.003,10:31:22,88.18588105555548,25.30193523333335,23.17616151944445,100.0,3.9,0.7504555722222224,20.79798380833334,19.53980609722223,1536888.5848347712,1409747.4882141976
233,462684.539,cam1-000-000233-0,-3135936.7597804493,3491617.468310681,345.0621643066406,MakhohlolaEP,2020-01-24,2020-01-24 10:31:24.539,10:31:24,88.1792592777778,25.30354136666666,23.176506697222223,100.0,3.9,0.750469661111111,20.798385341666666,19.54026398611111,1536886.9085331357,1409753.9543358176
234,462685.874,cam1-000-000234-0,-3135926.6954946886,3491622.7394459927,345.1944885253906,MakhohlolaEP,2020-01-24,2020-01-24 10:31:25.874,10:31:25,88.17577344444442,25.304386866666672,23.17668840555556,100.0,3.9,0.7504770777777778,20.79859671666667,19.54050502777778,1536886.026095169,1409757.3582287051
235,462687.876,cam1-000-000235-0,-3135910.483243706,3491631.342853903,345.42852783203125,MakhohlolaEP,2020-01-24,2020-01-24 10:31:27.876,10:31:27,88.17054600000003,25.305654799999992,23.1769609,100.0,3.9,0.7504881999999999,20.7989137,19.5408665,1536884.7027687202,1409762.46279317
236,462689.878,cam1-000-000236-0,-3135894.853590256,3491639.6225756654,345.6236267089844,MakhohlolaEP,2020-01-24,2020-01-24 10:31:29.878,10:31:29,88.16531855555549,25.30692273333335,23.17723339444445,100.0,3.9,0.7504993222222224,20.799230683333338,19.541227972222227,1536883.3794422713,1409767.5673576351
237,462692.547,cam1-000-000237-0,-3135874.2330389246,3491650.544474286,345.8829040527344,MakhohlolaEP,2020-01-24,2020-01-24 10:31:32.547,10:31:32,88.15834949999994,25.308613100000013,23.177596675000004,100.0,3.9,0.7505141500000001,20.799653275000004,19.541709875000006,1536881.61522734,1409774.3725936776
238,462693.882,cam1-000-000238-0,-3135863.657879536,3491656.1199170374,346.01812744140625,MakhohlolaEP,2020-01-24,2020-01-24 10:31:33.882,10:31:33,88.15486366666671,25.30945859999999,23.177778383333333,100.0,3.9,0.7505215666666666,20.799864649999996,19.541950916666664,1536880.7327893735,1409777.7764865651
239,462695.884,cam1-000-000239-0,-3135848.169465278,3491664.276825184,346.18670654296875,MakhohlolaEP,2020-01-24,2020-01-24 10:31:35.884,10:31:35,88.14963622222217,25.310726533333344,23.178050877777782,100.0,3.9,0.750532688888889,20.800181633333338,19.54231238888889,1536879.4094629246,1409782.8810510302
240,462697.886,cam1-000-000240-0,-3135831.9331807126,3491672.7782228626,346.4000549316406,MakhohlolaEP,2020-01-24,2020-01-24 10:31:37.886,10:31:37,88.14440877777778,25.311994466666665,23.178323372222223,100.0,3.9,0.7505438111111111,20.800498616666665,19.542673861111112,1536878.0861364757,1409787.9856154951
241,462700.021,cam1-000-000241-0,-3135815.138948176,3491681.497003025,346.5607604980469,MakhohlolaEP,2020-01-24,2020-01-24 10:31:40.021,10:31:40,88.13883405555553,25.31334663333334,23.178613969444445,100.0,3.9,0.7505556722222223,20.800836658333335,19.543059347222226,1536876.6748967313,1409793.4292943827
242,462702.557,cam1-000-000242-0,-3135795.114620731,3491692.094021205,346.7993469238281,MakhohlolaEP,2020-01-24,2020-01-24 10:31:42.557,10:31:42,88.13221227777785,25.31495276666665,23.17895914722222,100.0,3.9,0.750569761111111,20.801238191666663,19.543517236111107,1536874.9985950957,1409799.8954160025
243,462703.892,cam1-000-000243-0,-3135785.1008346225,3491697.4861900616,346.95074462890625,MakhohlolaEP,2020-01-24,2020-01-24 10:31:43.892,10:31:43,88.12872644444447,25.31579826666666,23.179140855555556,100.0,3.9,0.7505771777777778,20.801449566666665,19.543758277777776,1536874.116157129,1409803.29930889
244,462705.894,cam1-000-000244-0,-3135768.855057039,3491706.213446661,347.15985107421875,MakhohlolaEP,2020-01-24,2020-01-24 10:31:45.894,10:31:45,88.12349900000008,25.31706619999998,23.179413349999997,100.0,3.9,0.7505882999999999,20.801766549999996,19.544119749999997,1536872.79283068,1409808.403873355
245,462707.896,cam1-000-000245-0,-3135753.1866502333,3491714.393743517,347.3064880371094,MakhohlolaEP,2020-01-24,2020-01-24 10:31:47.896,10:31:47,88.11827155555554,25.318334133333337,23.179685844444446,100.0,3.9,0.7505994222222223,20.802083533333334,19.544481222222224,1536871.4695042311,1409813.50843782
246,462710.565,cam1-000-000246-0,-3135736.411889029,3491729.604466336,347.4435729980469,MakhohlolaEP,2020-01-24,2020-01-24 10:31:50.565,10:31:50,88.1113025,25.320024500000002,23.180049125,100.0,3.9,0.75061425,20.802506125,19.544963125000002,1536869.7052893,1409820.3136738625
247,462711.9,cam1-000-000247-0,-3135733.306026948,3491740.710607357,347.3630676269531,MakhohlolaEP,2020-01-24,2020-01-24 10:31:51.900,10:31:51,88.10781666666661,25.320870000000014,23.180230833333336,100.0,3.9,0.7506216666666667,20.802717500000004,19.54520416666667,1536868.8228513335,1409823.7175667502
248,462713.902,cam1-000-000248-0,-3135737.659080333,3491757.509807785,346.9538269042969,MakhohlolaEP,2020-01-24,2020-01-24 10:31:53.902,10:31:53,88.10258922222222,25.322137933333334,23.180503327777778,100.0,3.9,0.7506327888888888,20.803034483333334,19.54556563888889,1536867.4995248846,1409828.8221312151
249,462715.904,cam1-000-000249-0,-3135748.4105543,3491773.3279598304,346.5427551269531,MakhohlolaEP,2020-01-24,2020-01-24 10:31:55.904,10:31:55,88.09736177777782,25.323405866666654,23.18077582222222,100.0,3.9,0.750643911111111,20.803351466666662,19.54592711111111,1536866.1761984357,1409833.92669568
250,462718.573,cam1-000-000250-0,-3135760.0756254685,3491791.248484923,345.9540710449219,MakhohlolaEP,2020-01-24,2020-01-24 10:31:58.573,10:31:58,88.09039272222229,25.32509623333332,23.181139102777774,100.0,3.9,0.7506587388888888,20.803774058333328,19.546409013888884,1536864.4119835047,1409840.7319317225
251,462719.908,cam1-000-000251-0,-3135767.2294331426,3491799.740416868,345.6630554199219,MakhohlolaEP,2020-01-24,2020-01-24 10:31:59.908,10:31:59,88.0869068888889,25.32594173333333,23.18132081111111,100.0,3.9,0.7506661555555555,20.803985433333334,19.546650055555556,1536863.529545538,1409844.13582461
252,462721.91,cam1-000-000252-0,-3135782.0966669675,3491808.481212587,345.316162109375,MakhohlolaEP,2020-01-24,2020-01-24 10:32:01.910,10:32:01,88.0816794444445,25.32720966666665,23.181593305555552,100.0,3.9,0.7506772777777776,20.804302416666662,19.547011527777773,1536862.206219089,1409849.2403890751
253,462723.912,cam1-000-000253-0,-3135800.1248699245,3491808.3209831747,345.02703857421875,MakhohlolaEP,2020-01-24,2020-01-24 10:32:03.912,10:32:03,88.07645199999997,25.328477600000006,23.1818658,100.0,3.9,0.7506884,20.804619400000004,19.547373000000004,1536860.88289264,1409854.34495354
254,462726.447,cam1-000-000254-0,-3135820.585148869,3491798.47132048,344.8472900390625,MakhohlolaEP,2020-01-24,2020-01-24 10:32:06.447,10:32:06,88.06983283333336,25.330083099999992,23.182210841666667,100.0,3.9,0.7507024833333332,20.805020775,19.547830708333333,1536859.2072520067,1409860.8085254275
255,462727.916,cam1-000-000255-0,-3135830.4932813337,3491792.7698802724,344.7601928710937,MakhohlolaEP,2020-01-24,2020-01-24 10:32:07.916,10:32:07,88.06599711111105,25.331013466666683,23.182410788888895,100.0,3.9,0.7507106444444446,20.805253366666673,19.548095944444448,1536858.2362397423,1409864.5540824702
256,462729.918,cam1-000-000256-0,-3135843.997853795,3491785.6841741945,344.6093444824219,MakhohlolaEP,2020-01-24,2020-01-24 10:32:09.918,10:32:09,88.06076966666666,25.332281400000003,23.182683283333336,100.0,3.9,0.7507217666666667,20.80557035,19.54845741666667,1536856.9129132933,1409869.6586469351
257,462731.92,cam1-000-000257-0,-3135859.0591289653,3491777.9769634805,344.4428100585937,MakhohlolaEP,2020-01-24,2020-01-24 10:32:11.920,10:32:11,88.05554222222226,25.333549333333323,23.182955777777778,100.0,3.9,0.7507328888888888,20.80588733333333,19.548818888888885,1536855.5895868447,1409874.7632114
258,462734.055,cam1-000-000258-0,-3135875.2187965536,3491769.6879870025,344.35675048828125,MakhohlolaEP,2020-01-24,2020-01-24 10:32:14.055,10:32:14,88.04996750000002,25.334901499999994,23.183246375,100.0,3.9,0.75074475,20.806225375,19.549204375,1536854.1783471,1409880.2068902876
259,462736.457,cam1-000-000259-0,-3135894.5645962097,3491759.6617418667,344.23162841796875,MakhohlolaEP,2020-01-24,2020-01-24 10:32:16.457,10:32:16,88.04369561111112,25.336422766666665,23.18357331388889,100.0,3.9,0.7507580944444444,20.806605691666665,19.549638069444445,1536852.5906197624,1409886.3313477526
260,462737.925,cam1-000-000260-0,-3135905.8485020185,3491753.770991212,344.1415100097656,MakhohlolaEP,2020-01-24,2020-01-24 10:32:17.925,10:32:17,88.03986250000003,25.337352499999994,23.183773125,100.0,3.9,0.75076625,20.806838125,19.549903124999997,1536851.6202685002,1409890.0743550626
261,462739.927,cam1-000-000261-0,-3135921.543644251,3491745.586027049,344.0778503417969,MakhohlolaEP,2020-01-24,2020-01-24 10:32:19.927,10:32:19,88.03463505555548,25.33862043333335,23.184045619444447,100.0,3.9,0.7507773722222224,20.807155108333337,19.550264597222228,1536850.2969420513,1409895.1789195277
262,462741.929,cam1-000-000262-0,-3135937.6792586464,3491736.892195972,343.9470520019531,MakhohlolaEP,2020-01-24,2020-01-24 10:32:21.929,10:32:21,88.0294076111111,25.33988836666667,23.18431811388889,100.0,3.9,0.7507884944444445,20.807472091666668,19.550626069444444,1536848.9736156024,1409900.2834839926
263,462744.465,cam1-000-000263-0,-3135957.567615654,3491726.5163037046,343.805908203125,MakhohlolaEP,2020-01-24,2020-01-24 10:32:24.465,10:32:24,88.02278583333326,25.341494500000017,23.18466329166667,100.0,3.9,0.7508025833333335,20.807873625000003,19.55108395833334,1536847.2973139668,1409906.7496056126
264,462745.933,cam1-000-000264-0,-3135968.8256384428,3491720.5427330523,343.717529296875,MakhohlolaEP,2020-01-24,2020-01-24 10:32:25.933,10:32:25,88.01895272222217,25.342424233333347,23.184863102777783,100.0,3.9,0.750810738888889,20.808106058333337,19.551349013888892,1536846.3269627045,1409910.4926129226
265,462747.935,cam1-000-000265-0,-3135984.38694859,3491712.2886705017,343.5586853027344,MakhohlolaEP,2020-01-24,2020-01-24 10:32:27.935,10:32:27,88.01372527777778,25.343692166666663,23.185135597222224,100.0,3.9,0.750821861111111,20.808423041666668,19.551710486111112,1536845.0036362556,1409915.5971773877
266,462749.937,cam1-000-000266-0,-3136000.608615237,3491703.858228909,343.36163330078125,MakhohlolaEP,2020-01-24,2020-01-24 10:32:29.937,10:32:29,88.0084978333334,25.344960099999984,23.185408091666666,100.0,3.9,0.7508329833333331,20.808740024999995,19.55207195833333,1536843.6803098067,1409920.7017418526
267,462752.473,cam1-000-000267-0,-3136020.4612107063,3491693.4367523994,343.1983642578125,MakhohlolaEP,2020-01-24,2020-01-24 10:32:32.473,10:32:32,88.00187605555556,25.34656623333333,23.185753269444444,100.0,3.9,0.7508470722222222,20.809141558333334,19.55252984722222,1536842.0040081711,1409927.1678634726
268,462753.941,cam1-000-000268-0,-3136031.6956107235,3491687.5305806487,343.14947509765625,MakhohlolaEP,2020-01-24,2020-01-24 10:32:33.941,10:32:33,87.99804294444446,25.34749596666666,23.185953080555556,100.0,3.9,0.7508552277777777,20.809373991666664,19.552794902777777,1536841.033656909,1409930.9108707826
269,462755.943,cam1-000-000269-0,-3136047.3792094467,3491679.247201388,343.0483093261719,MakhohlolaEP,2020-01-24,2020-01-24 10:32:35.943,10:32:35,87.99281549999992,25.34876390000002,23.186225575000005,100.0,3.9,0.7508663500000001,20.809690975000006,19.553156375000004,1536839.71033046,1409936.0154352477
270,462757.945,cam1-000-000270-0,-3136063.079466709,3491671.01174052,342.861328125,MakhohlolaEP,2020-01-24,2020-01-24 10:32:37.945,10:32:37,87.98758805555553,25.350031833333336,23.186498069444447,100.0,3.9,0.7508774722222222,20.810007958333333,19.553517847222224,1536838.3870040113,1409941.1199997126
271,462760.081,cam1-000-000271-0,-3136079.934449655,3491662.206948118,342.61444091796875,MakhohlolaEP,2020-01-24,2020-01-24 10:32:40.081,10:32:40,87.98201072222221,25.351384633333335,23.18678880277778,100.0,3.9,0.7508893388888889,20.810346158333335,19.55390351388889,1536836.9751032644,1409946.5662283327
272,462762.483,cam1-000-000272-0,-3136099.190769607,3491652.210087192,342.3241271972656,MakhohlolaEP,2020-01-24,2020-01-24 10:32:42.483,10:32:42,87.97573883333331,25.352905900000003,23.18711574166667,100.0,3.9,0.7509026833333334,20.810726475000003,19.554337208333337,1536835.3873759268,1409952.6906857977
273,462763.951,cam1-000-000273-0,-3136110.47842939,3491646.303407785,342.1753845214844,MakhohlolaEP,2020-01-24,2020-01-24 10:32:43.951,10:32:43,87.97190572222222,25.353835633333333,23.18731555277778,100.0,3.9,0.7509108388888889,20.810958908333333,19.55460226388889,1536834.4170246646,1409956.4336931077
274,462765.953,cam1-000-000274-0,-3136126.0212750225,3491638.009509044,342.0341186523437,MakhohlolaEP,2020-01-24,2020-01-24 10:32:45.953,10:32:45,87.96667827777783,25.355103566666653,23.18758804722222,100.0,3.9,0.750921961111111,20.811275891666664,19.55496373611111,1536833.0936982157,1409961.5382575726
275,462767.955,cam1-000-000275-0,-3136142.2464276124,3491629.4870634023,341.9929504394531,MakhohlolaEP,2020-01-24,2020-01-24 10:32:47.955,10:32:47,87.96145083333329,25.35637150000001,23.18786054166667,100.0,3.9,0.7509330833333334,20.811592875000002,19.555325208333336,1536831.7703717668,1409966.6428220377
276,462770.491,cam1-000-000276-0,-3136162.052600296,3491618.776217208,342.0605773925781,MakhohlolaEP,2020-01-24,2020-01-24 10:32:50.491,10:32:50,87.9548290555556,25.35797763333332,23.188205719444444,100.0,3.9,0.7509471722222221,20.81199440833333,19.555783097222218,1536830.0940701312,1409973.1089436575
277,462771.959,cam1-000-000277-0,-3136173.404912422,3491612.838510666,342.0976257324219,MakhohlolaEP,2020-01-24,2020-01-24 10:32:51.959,10:32:51,87.95099594444451,25.35890736666665,23.188405530555553,100.0,3.9,0.7509553277777776,20.812226841666664,19.556048152777773,1536829.123718869,1409976.8519509675
278,462773.961,cam1-000-000278-0,-3136189.030382871,3491604.353992939,342.0124816894531,MakhohlolaEP,2020-01-24,2020-01-24 10:32:53.961,10:32:53,87.94576849999997,25.360175300000005,23.188678025,100.0,3.9,0.7509664500000001,20.812543825000002,19.556409625,1536827.80039242,1409981.9565154326
279,462775.963,cam1-000-000279-0,-3136204.614726837,3491596.2607861944,342.0630798339844,MakhohlolaEP,2020-01-24,2020-01-24 10:32:55.963,10:32:55,87.94054105555558,25.361443233333326,23.188950519444443,100.0,3.9,0.7509775722222222,20.812860808333333,19.55677109722222,1536826.4770659711,1409987.0610798975
280,462778.099,cam1-000-000280-0,-3136221.568196707,3491587.402856617,342.0867919921875,MakhohlolaEP,2020-01-24,2020-01-24 10:32:58.099,10:32:58,87.93496372222225,25.362796033333325,23.189241252777776,100.0,3.9,0.7509894388888888,20.81319900833333,19.557156763888887,1536825.0651652245,1409992.5073085176
281,462780.501,cam1-000-000281-0,-3136241.071621103,3491577.403554012,342.1552429199219,MakhohlolaEP,2020-01-24,2020-01-24 10:33:00.501,10:33:00,87.92869183333336,25.364317299999993,23.189568191666666,100.0,3.9,0.7510027833333333,20.813579325,19.557590458333333,1536823.4774378869,1409998.6317659826
282,462781.969,cam1-000-000282-0,-3136252.2642526487,3491571.358523779,342.1847229003906,MakhohlolaEP,2020-01-24,2020-01-24 10:33:01.969,10:33:01,87.92485872222227,25.365247033333322,23.189768002777775,100.0,3.9,0.7510109388888888,20.81381175833333,19.557855513888885,1536822.5070866246,1410002.3747732926
283,462783.971,cam1-000-000283-0,-3136267.875692755,3491563.0219913186,342.2828369140625,MakhohlolaEP,2020-01-24,2020-01-24 10:33:03.971,10:33:03,87.91963127777773,25.366514966666678,23.190040497222224,100.0,3.9,0.7510220611111112,20.81412874166667,19.558216986111116,1536821.1837601757,1410007.4793377577
284,462785.973,cam1-000-000284-0,-3136284.0717606093,3491554.583492492,342.4260559082031,MakhohlolaEP,2020-01-24,2020-01-24 10:33:05.973,10:33:05,87.91440383333334,25.367782899999998,23.190312991666666,100.0,3.9,0.7510331833333334,20.814445725,19.558578458333333,1536819.8604337268,1410012.5839022226
285,462788.509,cam1-000-000285-0,-3136304.044202793,3491544.06572049,342.51202392578125,MakhohlolaEP,2020-01-24,2020-01-24 10:33:08.509,10:33:08,87.9077820555555,25.369389033333345,23.190658169444447,100.0,3.9,0.7510472722222223,20.814847258333337,19.559036347222225,1536818.1841320912,1410019.0500238426
286,462789.844,cam1-000-000286-0,-3136311.989654711,3491539.8717025644,342.5122985839844,MakhohlolaEP,2020-01-24,2020-01-24 10:33:09.844,10:33:09,87.90429622222227,25.370234533333324,23.190839877777776,100.0,3.9,0.7510546888888888,20.81505863333333,19.559277388888887,1536817.3016941245,1410022.4539167301
287,462791.979,cam1-000-000287-0,-3136317.5365976784,3491536.918938632,342.37481689453125,MakhohlolaEP,2020-01-24,2020-01-24 10:33:11.979,10:33:11,87.89872150000002,25.371586699999995,23.191130475,100.0,3.9,0.75106655,20.815396675,19.559662875,1536815.89045438,1410027.8975956175
288,462793.848,cam1-000-000288-0,-3136320.089545971,3491535.5988820647,342.335205078125,MakhohlolaEP,2020-01-24,2020-01-24 10:33:13.848,10:33:13,87.89384133333334,25.3727704,23.191384866666667,100.0,3.9,0.7510769333333334,20.8156926,19.560000333333335,1536814.655041227,1410032.6630456601
289,462795.983,cam1-000-000289-0,-3136325.436707416,3491532.8507757243,342.308837890625,MakhohlolaEP,2020-01-24,2020-01-24 10:33:15.983,10:33:15,87.88826661111109,25.37412256666667,23.191675463888892,100.0,3.9,0.7510887944444445,20.816030641666668,19.560385819444445,1536813.2438014823,1410038.1067245477
290,462798.519,cam1-000-000290-0,-3136336.2392214374,3491526.898538006,342.33056640625,MakhohlolaEP,2020-01-24,2020-01-24 10:33:18.519,10:33:18,87.88164483333341,25.375728699999982,23.192020641666662,100.0,3.9,0.7511028833333332,20.816432174999996,19.56084370833333,1536811.5674998467,1410044.5728461675
291,462799.854,cam1-000-000291-0,-3136342.628808884,3491523.514976562,342.3330078125,MakhohlolaEP,2020-01-24,2020-01-24 10:33:19.854,10:33:19,87.87815900000003,25.376574199999993,23.19220235,100.0,3.9,0.7511103,20.81664355,19.56108475,1536810.6850618802,1410047.976739055
292,462801.856,cam1-000-000292-0,-3136352.3902520444,3491518.2365075103,342.2762145996094,MakhohlolaEP,2020-01-24,2020-01-24 10:33:21.856,10:33:21,87.87293155555548,25.377842133333353,23.192474844444448,100.0,3.9,0.7511214222222223,20.816960533333337,19.561446222222227,1536809.3617354312,1410053.0813035201
293,462804.792,cam1-000-000293-0,-3136364.3565256028,3491522.3952468107,342.1258239746094,MakhohlolaEP,2020-01-24,2020-01-24 10:33:24.792,10:33:24,87.8652653333333,25.37970160000001,23.19287446666667,100.0,3.9,0.7511377333333334,20.8174254,19.561976333333337,1536807.4210329067,1410060.56731814
294,462805.86,cam1-000-000294-0,-3136367.527112958,3491526.812836257,342.1492004394531,MakhohlolaEP,2020-01-24,2020-01-24 10:33:25.860,10:33:25,87.86247666666671,25.38037799999999,23.19301983333333,100.0,3.9,0.7511436666666665,20.8175945,19.562169166666664,1536806.7150825334,1410063.2904324501
295,462807.862,cam1-000-000295-0,-3136370.566974978,3491537.825782285,342.1656799316406,MakhohlolaEP,2020-01-24,2020-01-24 10:33:27.862,10:33:27,87.85724922222217,25.38164593333335,23.193292327777783,100.0,3.9,0.751154788888889,20.817911483333337,19.562530638888894,1536805.3917560845,1410068.3949969152
296,462810.264,cam1-000-000296-0,-3136362.8143895487,3491551.4874996217,342.1586303710937,MakhohlolaEP,2020-01-24,2020-01-24 10:33:30.264,10:33:30,87.85097733333326,25.383167200000017,23.19361926666667,100.0,3.9,0.7511681333333334,20.818291800000004,19.562964333333337,1536803.8040287467,1410074.51945438
297,462813.868,cam1-000-000297-0,-3136337.1696331915,3491562.5383182843,342.29400634765625,MakhohlolaEP,2020-01-24,2020-01-24 10:33:33.868,10:33:33,87.84156688888885,25.385449733333346,23.194109811111115,100.0,3.9,0.7511881555555556,20.818862433333337,19.56361505555556,1536801.4217767378,1410083.7086903101
298,462815.87,cam1-000-000298-0,-3136319.2973209275,3491568.798851908,342.3313293457031,MakhohlolaEP,2020-01-24,2020-01-24 10:33:35.870,10:33:35,87.83633944444446,25.386717666666662,23.194382305555557,100.0,3.9,0.7511992777777777,20.819179416666667,19.56397652777778,1536800.098450289,1410088.813254775
299,462817.872,cam1-000-000299-0,-3136298.100038751,3491575.7781627933,342.4559326171875,MakhohlolaEP,2020-01-24,2020-01-24 10:33:37.872,10:33:37,87.83111200000006,25.387985599999983,23.1946548,100.0,3.9,0.7512103999999998,20.819496399999995,19.564337999999996,1536798.7751238402,1410093.9178192401
300,462819.874,cam1-000-000300-0,-3136278.606535264,3491583.071486352,342.4776916503906,MakhohlolaEP,2020-01-24,2020-01-24 10:33:39.874,10:33:39,87.82588455555553,25.38925353333334,23.194927294444447,100.0,3.9,0.7512215222222223,20.819813383333337,19.564699472222223,1536797.4517973913,1410099.022383705
301,462822.543,cam1-000-000301-0,-3136251.2693881807,3491596.677942207,342.5458679199219,MakhohlolaEP,2020-01-24,2020-01-24 10:33:42.543,10:33:42,87.81891549999999,25.390943900000003,23.195290575,100.0,3.9,0.75123635,20.820235975,19.565181375,1536795.68758246,1410105.8276197475
302,462823.877,cam1-000-000302-0,-3136236.777196808,3491604.324618069,342.5570373535156,MakhohlolaEP,2020-01-24,2020-01-24 10:33:43.877,10:33:43,87.81543227777783,25.391788766666654,23.19547214722222,100.0,3.9,0.751243761111111,20.820447191666663,19.565422236111107,1536794.8058054957,1410109.2289629024
303,462825.879,cam1-000-000303-0,-3136218.007938805,3491614.3499800405,342.398681640625,MakhohlolaEP,2020-01-24,2020-01-24 10:33:45.879,10:33:45,87.81020483333329,25.39305670000001,23.19574464166667,100.0,3.9,0.7512548833333335,20.820764175000004,19.565783708333335,1536793.4824790468,1410114.3335273676
304,462827.881,cam1-000-000304-0,-3136200.4463142883,3491624.502738193,342.42724609375,MakhohlolaEP,2020-01-24,2020-01-24 10:33:47.881,10:33:47,87.8049773888889,25.39432463333333,23.19601713611111,100.0,3.9,0.7512660055555556,20.82108115833333,19.566145180555555,1536792.159152598,1410119.4380918327
305,462830.017,cam1-000-000305-0,-3136181.378243224,3491638.018118815,342.468994140625,MakhohlolaEP,2020-01-24,2020-01-24 10:33:50.017,10:33:50,87.79940005555558,25.39567743333333,23.196307869444443,100.0,3.9,0.7512778722222222,20.821419358333333,19.56653084722222,1536790.7472518513,1410124.8843204526
306,462832.553,cam1-000-000306-0,-3136158.318636657,3491656.164015792,342.4476928710937,MakhohlolaEP,2020-01-24,2020-01-24 10:33:52.553,10:33:52,87.79277827777774,25.397283566666676,23.196653047222224,100.0,3.9,0.7512919611111112,20.82182089166667,19.566988736111114,1536789.0709502157,1410131.3504420726
307,462833.887,cam1-000-000307-0,-3136147.068600739,3491664.92202814,342.5224914550781,MakhohlolaEP,2020-01-24,2020-01-24 10:33:53.887,10:33:53,87.78929505555558,25.398128433333326,23.196834619444445,100.0,3.9,0.7512993722222222,20.82203210833333,19.56722959722222,1536788.1891732512,1410134.7517852276
308,462835.889,cam1-000-000308-0,-3136134.144059757,3491672.5768045387,342.3363952636719,MakhohlolaEP,2020-01-24,2020-01-24 10:33:55.889,10:33:55,87.78406761111104,25.399396366666682,23.197107113888894,100.0,3.9,0.7513104944444445,20.82234909166667,19.56759106944445,1536786.8658468022,1410139.8563496927
309,462837.891,cam1-000-000309-0,-3136131.7573065693,3491672.8878633776,342.3988342285156,MakhohlolaEP,2020-01-24,2020-01-24 10:33:57.891,10:33:57,87.77884016666665,25.400664300000003,23.197379608333335,100.0,3.9,0.7513216166666666,20.822666075,19.567952541666667,1536785.5425203533,1410144.9609141576
310,462840.561,cam1-000-000310-0,-3136130.6460721884,3491670.266183352,342.30731201171875,MakhohlolaEP,2020-01-24,2020-01-24 10:34:00.561,10:34:00,87.77186850000004,25.402355299999993,23.197743024999998,100.0,3.9,0.7513364499999999,20.823088825,19.568434625,1536783.77764442,1410151.7686999326
311,462841.895,cam1-000-000311-0,-3136130.186706321,3491667.002203224,342.2401733398437,MakhohlolaEP,2020-01-24,2020-01-24 10:34:01.895,10:34:01,87.76838527777772,25.40320016666668,23.197924597222226,100.0,3.9,0.7513438611111112,20.82330004166667,19.568675486111115,1536782.8958674558,1410155.1700430876
312,462843.897,cam1-000-000312-0,-3136129.05490368,3491658.564842665,342.1627197265625,MakhohlolaEP,2020-01-24,2020-01-24 10:34:03.897,10:34:03,87.76315783333334,25.4044681,23.198197091666668,100.0,3.9,0.7513549833333333,20.823617025,19.569036958333335,1536781.5725410068,1410160.2746075527
313,462845.899,cam1-000-000313-0,-3136127.0340178725,3491647.8306220914,342.1529541015625,MakhohlolaEP,2020-01-24,2020-01-24 10:34:05.899,10:34:05,87.75793038888895,25.40573603333332,23.19846958611111,100.0,3.9,0.7513661055555554,20.823934008333328,19.56939843055555,1536780.249214558,1410165.3791720176
314,462848.569,cam1-000-000314-0,-3136120.8919013483,3491626.6198772257,342.24176025390625,MakhohlolaEP,2020-01-24,2020-01-24 10:34:08.569,10:34:08,87.75095872222218,25.407427033333345,23.198833002777782,100.0,3.9,0.751380938888889,20.824356758333337,19.569880513888894,1536778.4843386246,1410172.1869577926
315,462849.903,cam1-000-000315-0,-3136115.63132213,3491612.0752955237,342.2729187011719,MakhohlolaEP,2020-01-24,2020-01-24 10:34:09.903,10:34:09,87.74747550000002,25.408271899999995,23.199014575,100.0,3.9,0.7513883499999999,20.824567974999997,19.570121375,1536777.60256166,1410175.5883009476
316,462851.905,cam1-000-000316-0,-3136108.4374860483,3491594.0411588275,342.1528625488281,MakhohlolaEP,2020-01-24,2020-01-24 10:34:11.905,10:34:11,87.74224805555548,25.40953983333335,23.19928706944445,100.0,3.9,0.7513994722222224,20.82488495833334,19.570482847222227,1536776.2792352112,1410180.6928654127
317,462853.907,cam1-000-000317-0,-3136103.5477493284,3491581.970554891,342.1347045898437,MakhohlolaEP,2020-01-24,2020-01-24 10:34:13.907,10:34:13,87.73702061111109,25.41080776666667,23.19955956388889,100.0,3.9,0.7514105944444445,20.825201941666666,19.570844319444447,1536774.9559087623,1410185.7974298776
318,462856.043,cam1-000-000318-0,-3136097.232930236,3491567.809835596,342.1636657714844,MakhohlolaEP,2020-01-24,2020-01-24 10:34:16.043,10:34:16,87.73144327777777,25.41216056666667,23.199850297222223,100.0,3.9,0.7514224611111111,20.825540141666668,19.571229986111113,1536773.5440080157,1410191.2436584977
319,462858.445,cam1-000-000319-0,-3136088.2742715213,3491549.4690909684,342.2253112792969,MakhohlolaEP,2020-01-24,2020-01-24 10:34:18.445,10:34:18,87.72517138888887,25.41368183333334,23.200177236111113,100.0,3.9,0.7514358055555556,20.825920458333336,19.571663680555556,1536771.9562806778,1410197.3681159627
320,462859.913,cam1-000-000320-0,-3136082.3656473663,3491537.44711988,342.25054931640625,MakhohlolaEP,2020-01-24,2020-01-24 10:34:19.913,10:34:19,87.72133827777778,25.414611566666668,23.200377047222222,100.0,3.9,0.7514439611111111,20.826152891666666,19.57192873611111,1536770.9859294156,1410201.1111232727
321,462861.915,cam1-000-000321-0,-3136074.218478626,3491521.4489171105,342.1892395019531,MakhohlolaEP,2020-01-24,2020-01-24 10:34:21.915,10:34:21,87.71611083333339,25.41587949999999,23.200649541666664,100.0,3.9,0.7514550833333332,20.826469874999997,19.57229020833333,1536769.662602967,1410206.2156877376
322,462863.917,cam1-000-000322-0,-3136066.332438651,3491505.7553653456,342.1943359375,MakhohlolaEP,2020-01-24,2020-01-24 10:34:23.917,10:34:23,87.71088338888885,25.417147433333344,23.200922036111113,100.0,3.9,0.7514662055555557,20.826786858333335,19.57265168055556,1536768.339276518,1410211.3202522027
323,462866.587,cam1-000-000323-0,-3136056.180712631,3491486.3270441387,342.1518859863281,MakhohlolaEP,2020-01-24,2020-01-24 10:34:26.587,10:34:26,87.70391172222222,25.418838433333335,23.20128545277778,100.0,3.9,0.7514810388888888,20.827209608333334,19.57313376388889,1536766.5744005844,1410218.1280379775
324,462867.921,cam1-000-000324-0,-3136050.9835632704,3491476.175755976,342.1303405761719,MakhohlolaEP,2020-01-24,2020-01-24 10:34:27.921,10:34:27,87.70042850000007,25.41968329999998,23.201467024999996,100.0,3.9,0.7514884499999999,20.827420824999997,19.573374624999996,1536765.6926236202,1410221.5293811325
325,462869.923,cam1-000-000325-0,-3136043.2637472763,3491461.3732340136,342.181640625,MakhohlolaEP,2020-01-24,2020-01-24 10:34:29.923,10:34:29,87.69520105555553,25.42095123333334,23.20173951944445,100.0,3.9,0.7514995722222223,20.827737808333335,19.573736097222223,1536764.3692971712,1410226.6339455976
326,462871.925,cam1-000-000326-0,-3136034.986860666,3491446.349255645,342.25445556640625,MakhohlolaEP,2020-01-24,2020-01-24 10:34:31.925,10:34:31,87.68997361111114,25.422219166666657,23.202012013888886,100.0,3.9,0.7515106944444444,20.828054791666666,19.574097569444444,1536763.0459707223,1410231.7385100625
327,462874.061,cam1-000-000327-0,-3136026.901047161,3491430.941557199,342.2615966796875,MakhohlolaEP,2020-01-24,2020-01-24 10:34:34.061,10:34:34,87.68439627777781,25.423571966666657,23.20230274722222,100.0,3.9,0.751522561111111,20.828392991666664,19.57448323611111,1536761.6340699757,1410237.1847386826
328,462876.463,cam1-000-000328-0,-3136018.1784633365,3491413.764195989,342.30694580078125,MakhohlolaEP,2020-01-24,2020-01-24 10:34:36.463,10:34:36,87.67812438888892,25.425093233333328,23.20262968611111,100.0,3.9,0.7515359055555555,20.828773308333332,19.574916930555553,1536760.0463426379,1410243.3091961476
329,462877.931,cam1-000-000329-0,-3136012.8331542416,3491403.062458766,342.3064880371094,MakhohlolaEP,2020-01-24,2020-01-24 10:34:37.931,10:34:37,87.67429127777783,25.426022966666654,23.202829497222222,100.0,3.9,0.751544061111111,20.829005741666663,19.575181986111108,1536759.0759913756,1410247.0522034576
330,462879.933,cam1-000-000330-0,-3136005.2451322195,3491388.0509424047,342.34375,MakhohlolaEP,2020-01-24,2020-01-24 10:34:39.933,10:34:39,87.66906383333328,25.427290900000013,23.20310199166667,100.0,3.9,0.7515551833333335,20.829322725000004,19.57554345833334,1536757.7526649267,1410252.1567679227
331,462881.935,cam1-000-000331-0,-3135997.703437325,3491372.9041720447,342.3105773925781,MakhohlolaEP,2020-01-24,2020-01-24 10:34:41.935,10:34:41,87.6638363888889,25.428558833333334,23.203374486111112,100.0,3.9,0.7515663055555556,20.829639708333332,19.575904930555556,1536756.4293384778,1410257.2613323876
332,462884.471,cam1-000-000332-0,-3135987.7228093147,3491353.74011081,342.2553100585937,MakhohlolaEP,2020-01-24,2020-01-24 10:34:44.471,10:34:44,87.65721461111106,25.43016496666668,23.203719663888894,100.0,3.9,0.7515803944444446,20.83004124166667,19.576362819444448,1536754.7530368422,1410263.7274540076
333,462885.939,cam1-000-000333-0,-3135981.806240443,3491342.3625193383,342.231201171875,MakhohlolaEP,2020-01-24,2020-01-24 10:34:45.939,10:34:45,87.65338149999997,25.43109470000001,23.203919475000003,100.0,3.9,0.75158855,20.830273675,19.576627875000003,1536753.7826855802,1410267.4704613176
334,462887.941,cam1-000-000334-0,-3135973.356697019,3491326.679378665,342.2223815917969,MakhohlolaEP,2020-01-24,2020-01-24 10:34:47.941,10:34:47,87.64815405555558,25.432362633333327,23.204191969444445,100.0,3.9,0.7515996722222221,20.830590658333332,19.57698934722222,1536752.4593591313,1410272.5750257825
335,462889.943,cam1-000-000335-0,-3135964.412455813,3491310.2884416194,342.1925964355469,MakhohlolaEP,2020-01-24,2020-01-24 10:34:49.943,10:34:49,87.64292661111104,25.433630566666686,23.204464463888893,100.0,3.9,0.7516107944444446,20.83090764166667,19.57735081944445,1536751.1360326824,1410277.6795902476
336,462892.078,cam1-000-000336-0,-3135955.684484399,3491293.6274805884,342.1112060546875,MakhohlolaEP,2020-01-24,2020-01-24 10:34:52.078,10:34:52,87.63735188888894,25.43498273333332,23.204755061111108,100.0,3.9,0.7516226555555554,20.83124568333333,19.577736305555554,1536749.724792938,1410283.1232691351
337,462894.481,cam1-000-000337-0,-3135945.6325611547,3491275.084634619,342.0956726074219,MakhohlolaEP,2020-01-24,2020-01-24 10:34:54.481,10:34:54,87.63107738888881,25.436504633333353,23.205082136111116,100.0,3.9,0.7516360055555558,20.83162615833334,19.57817018055556,1536748.136404598,1410289.2502763327
338,462895.949,cam1-000-000338-0,-3135939.6117950063,3491263.6569853225,342.12939453125,MakhohlolaEP,2020-01-24,2020-01-24 10:34:55.949,10:34:55,87.62724427777772,25.437434366666682,23.205281947222225,100.0,3.9,0.7516441611111112,20.83185859166667,19.578435236111115,1536747.1660533356,1410292.9932836427
339,462897.951,cam1-000-000339-0,-3135931.684836188,3491247.9229155784,342.1010131835937,MakhohlolaEP,2020-01-24,2020-01-24 10:34:57.951,10:34:57,87.62201683333333,25.4387023,23.205554441666667,100.0,3.9,0.7516552833333333,20.832175575,19.578796708333336,1536745.8427268867,1410298.0978481076
340,462899.953,cam1-000-000340-0,-3135923.436313804,3491231.855082984,342.1018981933594,MakhohlolaEP,2020-01-24,2020-01-24 10:34:59.953,10:34:59,87.61678938888895,25.43997023333332,23.20582693611111,100.0,3.9,0.7516664055555554,20.832492558333332,19.579158180555552,1536744.5194004378,1410303.2024125725
341,462902.489,cam1-000-000341-0,-3135912.290121244,3491212.0429720148,342.1443786621094,MakhohlolaEP,2020-01-24,2020-01-24 10:35:02.489,10:35:02,87.61016761111111,25.441576366666666,23.20617211388889,100.0,3.9,0.7516804944444444,20.832894091666667,19.579616069444445,1536742.8430988023,1410309.6685341925
342,462903.957,cam1-000-000342-0,-3135905.964190808,3491200.7107204613,342.1266174316406,MakhohlolaEP,2020-01-24,2020-01-24 10:35:03.957,10:35:03,87.60633450000002,25.442506099999996,23.206371925,100.0,3.9,0.75168865,20.833126525,19.579881125,1536741.87274754,1410313.4115415025
343,462905.959,cam1-000-000343-0,-3135897.126701253,3491184.259447228,342.16961669921875,MakhohlolaEP,2020-01-24,2020-01-24 10:35:05.959,10:35:05,87.60110705555563,25.443774033333316,23.20664441944444,100.0,3.9,0.7516997722222221,20.83344350833333,19.580242597222217,1536740.5494210913,1410318.5161059676
344,462907.961,cam1-000-000344-0,-3135888.346483957,3491166.942441341,342.184814453125,MakhohlolaEP,2020-01-24,2020-01-24 10:35:07.961,10:35:07,87.59587961111109,25.445041966666672,23.20691691388889,100.0,3.9,0.7517108944444445,20.83376049166667,19.580604069444448,1536739.2260946424,1410323.6206704327
345,462910.096,cam1-000-000345-0,-3135879.1823932515,3491149.5771122216,342.2412109375,MakhohlolaEP,2020-01-24,2020-01-24 10:35:10.096,10:35:10,87.59030488888884,25.446394133333346,23.207207511111115,100.0,3.9,0.7517227555555557,20.834098533333336,19.58098955555556,1536737.8148548978,1410329.0643493203
346,462912.499,cam1-000-000346-0,-3135870.6304578343,3491134.1875587027,342.2005310058594,MakhohlolaEP,2020-01-24,2020-01-24 10:35:12.499,10:35:12,87.58403038888886,25.44791603333334,23.207534586111112,100.0,3.9,0.7517361055555556,20.834479008333336,19.581423430555557,1536736.226466558,1410335.1913565176
347,462913.967,cam1-000-000347-0,-3135864.6038391963,3491125.09988497,342.20623779296875,MakhohlolaEP,2020-01-24,2020-01-24 10:35:13.967,10:35:13,87.58019727777777,25.44884576666667,23.207734397222225,100.0,3.9,0.7517442611111111,20.834711441666666,19.581688486111112,1536735.2561152957,1410338.9343638276
348,462915.969,cam1-000-000348-0,-3135848.218811209,3491114.514043766,342.2040100097656,MakhohlolaEP,2020-01-24,2020-01-24 10:35:15.969,10:35:15,87.57496983333338,25.45011369999999,23.208006891666663,100.0,3.9,0.7517553833333332,20.835028424999997,19.582049958333332,1536733.9327888468,1410344.0389282925
349,462919.973,cam1-000-000349-0,-3135806.6166070304,3491135.851859243,341.2320861816406,MakhohlolaEP,2020-01-24,2020-01-24 10:35:19.973,10:35:19,87.56451494444445,25.452649566666665,23.208551880555557,100.0,3.9,0.7517776277777778,20.835662391666666,19.582772902777776,1536731.286135949,1410354.2480572227
350,462923.71,cam1-000-000350-0,-3135793.4641832747,3491182.9215421136,337.1625366210937,MakhohlolaEP,2020-01-24,2020-01-24 10:35:23.710,10:35:23,87.55475722222216,25.455016333333347,23.20906052777778,100.0,3.9,0.7517983888888891,20.836254083333337,19.58344763888889,1536728.8159706446,1410363.7764075752
351,462923.977,cam1-000-000351-0,-3135793.4494031323,3491186.165048313,336.7486267089844,MakhohlolaEP,2020-01-24,2020-01-24 10:35:23.977,10:35:23,87.55406005555552,25.45518543333334,23.209096869444448,100.0,3.9,0.7517998722222223,20.836296358333335,19.583495847222224,1536728.6394830511,1410364.4571861527
352,462925.979,cam1-000-000352-0,-3135794.3180735526,3491213.173127629,332.1515197753906,MakhohlolaEP,2020-01-24,2020-01-24 10:35:25.979,10:35:25,87.54883261111114,25.45645336666666,23.20936936388889,100.0,3.9,0.7518109944444444,20.836613341666666,19.583857319444444,1536727.3161566022,1410369.5617506176
353,462927.847,cam1-000-000353-0,-3135796.0051827137,3491234.51541036,327.115966796875,MakhohlolaEP,2020-01-24,2020-01-24 10:35:27.847,10:35:27,87.54395505555553,25.457636433333338,23.209623619444447,100.0,3.9,0.7518213722222222,20.836909108333334,19.584194597222226,1536726.0814044513,1410374.3246509277
354,462929.983,cam1-000-000354-0,-3135797.63168202,3491256.6206010594,321.7686767578125,MakhohlolaEP,2020-01-24,2020-01-24 10:35:29.983,10:35:29,87.53837772222221,25.458989233333337,23.20991435277778,100.0,3.9,0.751833238888889,20.837247308333335,19.584580263888892,1536724.6695037046,1410379.7708795476
355,462932.519,cam1-000-000355-0,-3135795.417662321,3491279.264617973,315.4613952636719,MakhohlolaEP,2020-01-24,2020-01-24 10:35:32.519,10:35:32,87.53175594444451,25.46059536666665,23.210259530555554,100.0,3.9,0.7518473277777776,20.837648841666663,19.585038152777773,1536722.993202069,1410386.2370011676
356,462933.853,cam1-000-000356-0,-3135793.152546819,3491289.773934332,311.9683532714844,MakhohlolaEP,2020-01-24,2020-01-24 10:35:33.853,10:35:33,87.52827272222221,25.461440233333335,23.21044110277778,100.0,3.9,0.7518547388888889,20.837860058333334,19.58527901388889,1536722.1114251046,1410389.6383443226
357,462935.855,cam1-000-000357-0,-3135791.145548041,3491306.120602128,306.1285400390625,MakhohlolaEP,2020-01-24,2020-01-24 10:35:35.855,10:35:35,87.52304527777783,25.462708166666655,23.21071359722222,100.0,3.9,0.751865861111111,20.838177041666665,19.585640486111107,1536720.7880986556,1410394.7429087874
358,462937.857,cam1-000-000358-0,-3135789.570752547,3491322.621716804,303.55975341796875,MakhohlolaEP,2020-01-24,2020-01-24 10:35:37.857,10:35:37,87.51781783333328,25.46397610000001,23.21098609166667,100.0,3.9,0.7518769833333334,20.838494025000003,19.586001958333338,1536719.4647722067,1410399.8474732526
359,462939.993,cam1-000-000359-0,-3135787.719783735,3491342.259216788,303.5500793457031,MakhohlolaEP,2020-01-24,2020-01-24 10:35:39.993,10:35:39,87.51224049999996,25.46532890000001,23.211276825000002,100.0,3.9,0.75188885,20.838832225000004,19.586387625000004,1536718.05287146,1410405.2937018727
360,462942.529,cam1-000-000360-0,-3135784.6774369264,3491363.753695689,301.1170959472656,MakhohlolaEP,2020-01-24,2020-01-24 10:35:42.529,10:35:42,87.50561872222227,25.46693503333332,23.211622002777776,100.0,3.9,0.7519029388888888,20.83923375833333,19.586845513888886,1536716.3765698245,1410411.7598234925
361,462943.863,cam1-000-000361-0,-3135786.191079253,3491375.158237424,299.4405822753906,MakhohlolaEP,2020-01-24,2020-01-24 10:35:43.863,10:35:43,87.50213549999997,25.467779900000007,23.211803575,100.0,3.9,0.7519103500000001,20.839444975000003,19.587086375000002,1536715.49479286,1410415.1611666477
362,462945.865,cam1-000-000362-0,-3135791.3162569967,3491391.6427455344,297.6307373046875,MakhohlolaEP,2020-01-24,2020-01-24 10:35:45.865,10:35:45,87.49690805555558,25.469047833333327,23.212076069444443,100.0,3.9,0.7519214722222222,20.839761958333334,19.587447847222222,1536714.1714664113,1410420.2657311126
363,462948.668,cam1-000-000363-0,-3135779.607147024,3491403.06461367,295.548583984375,MakhohlolaEP,2020-01-24,2020-01-24 10:35:48.668,10:35:48,87.4895891111111,25.47082306666667,23.212457588888892,100.0,3.9,0.7519370444444444,20.840205766666667,19.587953944444447,1536712.3186771823,1410427.41263131
364,462949.869,cam1-000-000364-0,-3135770.1633919734,3491402.24001544,294.9919738769531,MakhohlolaEP,2020-01-24,2020-01-24 10:35:49.869,10:35:49,87.48645316666665,25.471583700000004,23.212621058333333,100.0,3.9,0.7519437166666667,20.840395925000003,19.58817079166667,1536711.5248135135,1410430.4748600426
365,462954.007,cam1-000-000365-0,-3135753.838151234,3491415.3868319355,293.8378601074219,MakhohlolaEP,2020-01-24,2020-01-24 10:35:54.007,10:35:54,87.47564838888893,25.474204433333323,23.213184286111108,100.0,3.9,0.7519667055555554,20.841051108333332,19.588917930555553,1536708.789586318,1410441.0256531276
366,462955.875,cam1-000-000366-0,-3135762.90346614,3491421.5996093256,293.1949768066406,MakhohlolaEP,2020-01-24,2020-01-24 10:35:55.875,10:35:55,87.47077083333333,25.4753875,23.21343854166667,100.0,3.9,0.7519770833333334,20.841346875,19.589255208333334,1536707.5548341668,1410445.7885534377
367,462957.877,cam1-000-000367-0,-3135776.3615378323,3491416.4606786827,292.2218017578125,MakhohlolaEP,2020-01-24,2020-01-24 10:35:57.877,10:35:57,87.46554338888895,25.47665543333332,23.21371103611111,100.0,3.9,0.7519882055555555,20.84166385833333,19.58961668055555,1536706.2315077179,1410450.8931179026
368,462959.879,cam1-000-000368-0,-3135780.9163158075,3491403.4082213994,291.6766357421875,MakhohlolaEP,2020-01-24,2020-01-24 10:35:59.879,10:35:59,87.4603159444444,25.477923366666676,23.21398353055556,100.0,3.9,0.7519993277777779,20.84198084166667,19.589978152777782,1536704.908181269,1410455.9976823677
369,462962.548,cam1-000-000369-0,-3135787.522848993,3491393.6209939574,290.7610168457031,MakhohlolaEP,2020-01-24,2020-01-24 10:36:02.548,10:36:02,87.45334688888886,25.47961373333334,23.214346811111113,100.0,3.9,0.7520141555555556,20.842403433333335,19.590460055555557,1536703.143966338,1410462.8029184102
370,462965.618,cam1-000-000370-0,-3135787.355983015,3491403.272193853,285.34051513671875,MakhohlolaEP,2020-01-24,2020-01-24 10:36:05.618,10:36:05,87.44533077777773,25.48155806666668,23.214764672222227,100.0,3.9,0.7520312111111112,20.84288951666667,19.591014361111114,1536701.1146895157,1410470.630597185
371,462965.885,cam1-000-000371-0,-3135786.7285809745,3491404.326649972,284.6956481933594,MakhohlolaEP,2020-01-24,2020-01-24 10:36:05.885,10:36:05,87.44463361111109,25.481727166666673,23.21480101388889,100.0,3.9,0.7520326944444445,20.84293179166667,19.591062569444446,1536700.9382019222,1410471.3113757626
372,462967.887,cam1-000-000372-0,-3135778.575213683,3491417.892106933,280.9940490722656,MakhohlolaEP,2020-01-24,2020-01-24 10:36:07.887,10:36:07,87.4394061666667,25.482995099999993,23.215073508333333,100.0,3.9,0.7520438166666666,20.843248775,19.591424041666667,1536699.6148754735,1410476.4159402275
373,462969.889,cam1-000-000373-0,-3135766.2763854708,3491437.7485967567,277.08062744140625,MakhohlolaEP,2020-01-24,2020-01-24 10:36:09.889,10:36:09,87.43417872222216,25.48426303333335,23.215346002777782,100.0,3.9,0.7520549388888891,20.843565758333337,19.591785513888894,1536698.2915490246,1410481.5205046926
