,GPSTime,Imagef,Northing,Easting,Altitude,Site,Date,DateTime,Time,RH,AirTemp
0,367614.238,Flight1_cam1-000-000000-0,-3099980.1612524213,3483308.6038982715,265.50640869140625,NkuluEP,2020-01-16,2020-01-16 08:06:54.238,08:06:54,74.29536533333331,26.820132222222227
1,367617.308,Flight1_cam1-000-000001-0,-3099996.826394415,3483291.683649516,269.98883056640625,NkuluEP,2020-01-16,2020-01-16 08:06:57.308,08:06:57,74.28717866666662,26.821837777777787
2,367620.244,Flight1_cam1-000-000002-0,-3100021.462056227,3483278.7291136608,274.6063232421875,NkuluEP,2020-01-16,2020-01-16 08:07:00.244,08:07:00,74.27934933333333,26.823468888888893
3,367623.18,Flight1_cam1-000-000003-0,-3100047.4021062884,3483277.033889967,278.6488342285156,NkuluEP,2020-01-16,2020-01-16 08:07:03.180,08:07:03,74.27152000000002,26.825099999999996
4,367626.25,Flight1_cam1-000-000004-0,-3100069.5763882976,3483279.0397765427,281.3703308105469,NkuluEP,2020-01-16,2020-01-16 08:07:06.250,08:07:06,74.26333333333334,26.826805555555556
5,367629.186,Flight1_cam1-000-000005-0,-3100091.0026325155,3483276.546989555,284.10223388671875,NkuluEP,2020-01-16,2020-01-16 08:07:09.186,08:07:09,74.25550400000004,26.828436666666658
6,367632.256,Flight1_cam1-000-000006-0,-3100114.299854501,3483265.4449422797,286.9245300292969,NkuluEP,2020-01-16,2020-01-16 08:07:12.256,08:07:12,74.24731733333336,26.830142222222218
7,367635.192,Flight1_cam1-000-000007-0,-3100136.7613887065,3483253.169076182,289.8115234375,NkuluEP,2020-01-16,2020-01-16 08:07:15.192,08:07:15,74.23948800000005,26.831773333333324
8,367638.262,Flight1_cam1-000-000008-0,-3100159.3444522447,3483243.5478032613,292.16973876953125,NkuluEP,2020-01-16,2020-01-16 08:07:18.262,08:07:18,74.23130133333338,26.833478888888884
9,367641.198,Flight1_cam1-000-000009-0,-3100180.8914449657,3483236.4027527953,294.23291015625,NkuluEP,2020-01-16,2020-01-16 08:07:21.198,08:07:21,74.22347200000007,26.835109999999986
10,367644.268,Flight1_cam1-000-000010-0,-3100207.2917325227,3483227.300967251,296.0826721191406,NkuluEP,2020-01-16,2020-01-16 08:07:24.268,08:07:24,74.21528533333338,26.836815555555546
11,367647.204,Flight1_cam1-000-000011-0,-3100233.055438588,3483217.3027346125,297.59271240234375,NkuluEP,2020-01-16,2020-01-16 08:07:27.204,08:07:27,74.20745599999994,26.83844666666668
12,367650.274,Flight1_cam1-000-000012-0,-3100258.6744349524,3483208.4461565455,299.1478576660156,NkuluEP,2020-01-16,2020-01-16 08:07:30.274,08:07:30,74.1992693333334,26.84015222222221
13,367653.21,Flight1_cam1-000-000013-0,-3100282.050323155,3483200.0298816417,300.0412902832031,NkuluEP,2020-01-16,2020-01-16 08:07:33.210,08:07:33,74.19143999999994,26.841783333333346
14,367656.28,Flight1_cam1-000-000014-0,-3100300.9495587493,3483193.405566611,300.03662109375,NkuluEP,2020-01-16,2020-01-16 08:07:36.280,08:07:36,74.18325333333327,26.843488888888903
15,367659.216,Flight1_cam1-000-000015-0,-3100313.742997687,3483189.232210377,299.9093933105469,NkuluEP,2020-01-16,2020-01-16 08:07:39.216,08:07:39,74.17542399999996,26.84512000000001
16,367662.286,Flight1_cam1-000-000016-0,-3100326.8081573793,3483184.952437523,299.97442626953125,NkuluEP,2020-01-16,2020-01-16 08:07:42.286,08:07:42,74.16723733333328,26.84682555555557
17,367665.222,Flight1_cam1-000-000017-0,-3100340.8016384966,3483179.7813644866,300.96728515625,NkuluEP,2020-01-16,2020-01-16 08:07:45.222,08:07:45,74.15940799999998,26.84845666666667
18,367668.292,Flight1_cam1-000-000018-0,-3100358.5119290096,3483173.497444,303.70318603515625,NkuluEP,2020-01-16,2020-01-16 08:07:48.292,08:07:48,74.1512213333333,26.85016222222223
19,367671.228,Flight1_cam1-000-000019-0,-3100374.535365704,3483168.0707551194,306.6151428222656,NkuluEP,2020-01-16,2020-01-16 08:07:51.228,08:07:51,74.14339199999999,26.851793333333333
20,367674.298,Flight1_cam1-000-000020-0,-3100387.692419179,3483164.663445197,309.7693176269531,NkuluEP,2020-01-16,2020-01-16 08:07:54.298,08:07:54,74.13520533333332,26.853498888888893
21,367677.234,Flight1_cam1-000-000021-0,-3100398.7766657826,3483161.086842929,313.29364013671875,NkuluEP,2020-01-16,2020-01-16 08:07:57.234,08:07:57,74.12737600000001,26.85513
22,367680.304,Flight1_cam1-000-000022-0,-3100416.714778851,3483153.393322305,318.4430236816406,NkuluEP,2020-01-16,2020-01-16 08:08:00.304,08:08:00,74.11918933333332,26.85683555555556
23,367683.24,Flight1_cam1-000-000023-0,-3100442.5870149303,3483142.804016278,323.49078369140625,NkuluEP,2020-01-16,2020-01-16 08:08:03.240,08:08:03,74.11136000000003,26.85846666666666
24,367686.31,Flight1_cam1-000-000024-0,-3100474.6353184325,3483129.9063914157,328.3960876464844,NkuluEP,2020-01-16,2020-01-16 08:08:06.310,08:08:06,74.10317333333334,26.86017222222222
25,367689.246,Flight1_cam1-000-000025-0,-3100501.8297912627,3483121.1083937995,330.1624755859375,NkuluEP,2020-01-16,2020-01-16 08:08:09.246,08:08:09,74.09534400000004,26.861803333333324
26,367692.182,Flight1_cam1-000-000026-0,-3100520.961910424,3483115.7619389277,329.91400146484375,NkuluEP,2020-01-16,2020-01-16 08:08:12.182,08:08:12,74.08751466666675,26.86343444444443
27,367695.252,Flight1_cam1-000-000027-0,-3100532.565014379,3483111.9692573575,329.8205871582031,NkuluEP,2020-01-16,2020-01-16 08:08:15.252,08:08:15,74.07932800000006,26.86513999999999
28,367698.188,Flight1_cam1-000-000028-0,-3100546.333110002,3483104.417812755,329.7474365234375,NkuluEP,2020-01-16,2020-01-16 08:08:18.188,08:08:18,74.07149866666661,26.866771111111124
29,367701.258,Flight1_cam1-000-000029-0,-3100572.382558305,3483089.015180468,329.3572692871094,NkuluEP,2020-01-16,2020-01-16 08:08:21.258,08:08:21,74.06331200000008,26.868476666666652
30,367704.194,Flight1_cam1-000-000030-0,-3100605.367781256,3483073.056460477,329.48272705078125,NkuluEP,2020-01-16,2020-01-16 08:08:24.194,08:08:24,74.05548266666662,26.870107777777786
31,367707.264,Flight1_cam1-000-000031-0,-3100643.800075949,3483062.599957386,329.73333740234375,NkuluEP,2020-01-16,2020-01-16 08:08:27.264,08:08:27,74.04729599999993,26.871813333333346
32,367710.2,Flight1_cam1-000-000032-0,-3100678.2474494767,3483054.8270878973,329.7878723144531,NkuluEP,2020-01-16,2020-01-16 08:08:30.200,08:08:30,74.03946666666664,26.873444444444452
33,367713.27,Flight1_cam1-000-000033-0,-3100710.92286058,3483044.7078561583,329.76220703125,NkuluEP,2020-01-16,2020-01-16 08:08:33.270,08:08:33,74.03127999999995,26.87515000000001
34,367717.674,Flight1_cam1-000-000034-0,-3100758.180875432,3483038.887298561,329.6593017578125,NkuluEP,2020-01-16,2020-01-16 08:08:37.674,08:08:37,74.019536,26.877596666666665
35,367719.276,Flight1_cam1-000-000035-0,-3100774.777668872,3483041.1252204515,329.83001708984375,NkuluEP,2020-01-16,2020-01-16 08:08:39.276,08:08:39,74.01526399999997,26.878486666666674
36,367722.212,Flight1_cam1-000-000036-0,-3100806.317557614,3483044.6045782478,330.1892395019531,NkuluEP,2020-01-16,2020-01-16 08:08:42.212,08:08:42,74.00743466666667,26.880117777777777
37,367725.282,Flight1_cam1-000-000037-0,-3100836.0783355692,3483047.2555260863,330.2449645996094,NkuluEP,2020-01-16,2020-01-16 08:08:45.282,08:08:45,73.99924799999998,26.881823333333337
38,367728.218,Flight1_cam1-000-000038-0,-3100861.7855940904,3483050.5868707057,330.3349609375,NkuluEP,2020-01-16,2020-01-16 08:08:48.218,08:08:48,73.99141866666669,26.88345444444444
39,367731.287,Flight1_cam1-000-000039-0,-3100888.375671896,3483055.641147946,330.3467712402344,NkuluEP,2020-01-16,2020-01-16 08:08:51.287,08:08:51,73.98323466666665,26.88515944444445
40,367734.224,Flight1_cam1-000-000040-0,-3100913.000801916,3483058.260613813,330.2037353515625,NkuluEP,2020-01-16,2020-01-16 08:08:54.224,08:08:54,73.97540266666671,26.886791111111105
41,367738.628,Flight1_cam1-000-000041-0,-3100924.7530007954,3483047.5198320043,329.84625244140625,NkuluEP,2020-01-16,2020-01-16 08:08:58.628,08:08:58,73.9636586666666,26.889237777777794
42,367740.23,Flight1_cam1-000-000042-0,-3100920.68869351,3483040.4193373267,329.73199462890625,NkuluEP,2020-01-16,2020-01-16 08:09:00.230,08:09:00,73.95938666666672,26.890127777777767
43,367743.299,Flight1_cam1-000-000043-0,-3100907.6752693304,3483031.0628797878,329.4832763671875,NkuluEP,2020-01-16,2020-01-16 08:09:03.299,08:09:03,73.95120266666667,26.891832777777775
44,367746.236,Flight1_cam1-000-000044-0,-3100901.8517809054,3483030.0619634227,329.3055725097656,NkuluEP,2020-01-16,2020-01-16 08:09:06.236,08:09:06,73.94337066666674,26.89346444444443
45,367749.706,Flight1_cam1-000-000045-0,-3100896.2374759996,3483026.651790884,329.19647216796875,NkuluEP,2020-01-16,2020-01-16 08:09:09.706,08:09:09,73.93411733333332,26.895392222222224
46,367752.242,Flight1_cam1-000-000046-0,-3100880.702551482,3483013.4018154563,329.0763854980469,NkuluEP,2020-01-16,2020-01-16 08:09:12.242,08:09:12,73.9273546666666,26.896801111111127
47,367755.178,Flight1_cam1-000-000047-0,-3100859.9102442064,3482996.0582336374,329.016357421875,NkuluEP,2020-01-16,2020-01-16 08:09:15.178,08:09:15,73.9195253333333,26.89843222222223
48,367758.248,Flight1_cam1-000-000048-0,-3100852.3876358974,3482990.3545671254,328.802001953125,NkuluEP,2020-01-16,2020-01-16 08:09:18.248,08:09:18,73.91133866666661,26.90013777777779
49,367761.184,Flight1_cam1-000-000049-0,-3100852.53842769,3482990.408651895,324.7140808105469,NkuluEP,2020-01-16,2020-01-16 08:09:21.184,08:09:21,73.90350933333332,26.901768888888892
50,367764.254,Flight1_cam1-000-000050-0,-3100851.2918102806,3482990.6855805777,322.5111999511719,NkuluEP,2020-01-16,2020-01-16 08:09:24.254,08:09:24,73.89532266666663,26.903474444444452
51,367767.19,Flight1_cam1-000-000051-0,-3100833.7862958936,3482983.8749682987,322.33599853515625,NkuluEP,2020-01-16,2020-01-16 08:09:27.190,08:09:27,73.88749333333332,26.905105555555558
52,367770.259,Flight1_cam1-000-000052-0,-3100807.061930156,3482973.742251556,322.2712707519531,NkuluEP,2020-01-16,2020-01-16 08:09:30.259,08:09:30,73.87930933333328,26.906810555555566
53,367773.196,Flight1_cam1-000-000053-0,-3100782.896046729,3482965.27132981,322.19146728515625,NkuluEP,2020-01-16,2020-01-16 08:09:33.196,08:09:33,73.87147733333335,26.90844222222222
54,367776.265,Flight1_cam1-000-000054-0,-3100758.8784513073,3482956.0321274265,322.15625,NkuluEP,2020-01-16,2020-01-16 08:09:36.265,08:09:36,73.8632933333333,26.91014722222223
55,367779.202,Flight1_cam1-000-000055-0,-3100734.499731581,3482946.9751748834,322.1222229003906,NkuluEP,2020-01-16,2020-01-16 08:09:39.202,08:09:39,73.85546133333337,26.911778888888882
56,367782.271,Flight1_cam1-000-000056-0,-3100708.763029198,3482937.660038964,322.0473327636719,NkuluEP,2020-01-16,2020-01-16 08:09:42.271,08:09:42,73.84727733333331,26.913483888888894
57,367785.208,Flight1_cam1-000-000057-0,-3100684.2763960822,3482928.747345828,322.06549072265625,NkuluEP,2020-01-16,2020-01-16 08:09:45.208,08:09:45,73.83944533333337,26.91511555555555
58,367788.277,Flight1_cam1-000-000058-0,-3100658.3548389,3482919.4825070826,322.0478515625,NkuluEP,2020-01-16,2020-01-16 08:09:48.277,08:09:48,73.83126133333333,26.916820555555557
59,367791.214,Flight1_cam1-000-000059-0,-3100634.1047579125,3482910.312965545,322.0936584472656,NkuluEP,2020-01-16,2020-01-16 08:09:51.214,08:09:51,73.8234293333334,26.91845222222221
60,367794.283,Flight1_cam1-000-000060-0,-3100609.0657166406,3482900.9797433284,322.12310791015625,NkuluEP,2020-01-16,2020-01-16 08:09:54.283,08:09:54,73.81524533333335,26.92015722222222
61,367797.22,Flight1_cam1-000-000061-0,-3100584.6051022257,3482892.0565504776,322.1192321777344,NkuluEP,2020-01-16,2020-01-16 08:09:57.220,08:09:57,73.80741333333341,26.921788888888873
62,367800.289,Flight1_cam1-000-000062-0,-3100558.780051744,3482882.469950254,322.04730224609375,NkuluEP,2020-01-16,2020-01-16 08:10:00.289,08:10:00,73.79922933333336,26.923493888888885
63,367803.226,Flight1_cam1-000-000063-0,-3100534.2423344185,3482873.537064125,321.9706115722656,NkuluEP,2020-01-16,2020-01-16 08:10:03.226,08:10:03,73.79139733333328,26.925125555555567
64,367806.295,Flight1_cam1-000-000064-0,-3100508.3528917497,3482864.1124557154,321.9136657714844,NkuluEP,2020-01-16,2020-01-16 08:10:06.295,08:10:06,73.78321333333338,26.926830555555547
65,367809.231,Flight1_cam1-000-000065-0,-3100483.9856514675,3482855.0686178496,321.8752746582031,NkuluEP,2020-01-16,2020-01-16 08:10:09.231,08:10:09,73.77538399999993,26.92846166666668
66,367812.301,Flight1_cam1-000-000066-0,-3100458.7324588634,3482845.8975132145,321.9159240722656,NkuluEP,2020-01-16,2020-01-16 08:10:12.301,08:10:12,73.7671973333334,26.93016722222221
67,367815.237,Flight1_cam1-000-000067-0,-3100434.420039723,3482836.794414972,321.93621826171875,NkuluEP,2020-01-16,2020-01-16 08:10:15.237,08:10:15,73.75936799999994,26.931798333333347
68,367818.307,Flight1_cam1-000-000068-0,-3100408.6121682227,3482827.248159518,321.919921875,NkuluEP,2020-01-16,2020-01-16 08:10:18.307,08:10:18,73.75118133333342,26.933503888888872
69,367821.243,Flight1_cam1-000-000069-0,-3100383.8735468565,3482818.2353264308,321.9466552734375,NkuluEP,2020-01-16,2020-01-16 08:10:21.243,08:10:21,73.74335199999996,26.93513500000001
70,367824.18,Flight1_cam1-000-000070-0,-3100359.3349196347,3482809.3741492694,321.9551696777344,NkuluEP,2020-01-16,2020-01-16 08:10:24.180,08:10:24,73.73552000000002,26.936766666666664
71,367827.249,Flight1_cam1-000-000071-0,-3100333.7217790857,3482799.9382337867,321.9913635253906,NkuluEP,2020-01-16,2020-01-16 08:10:27.249,08:10:27,73.72733599999998,26.938471666666672
72,367830.186,Flight1_cam1-000-000072-0,-3100309.377010229,3482790.864135029,321.98883056640625,NkuluEP,2020-01-16,2020-01-16 08:10:30.186,08:10:30,73.71950400000004,26.940103333333326
73,367833.255,Flight1_cam1-000-000073-0,-3100284.449193703,3482781.5977685577,321.8987121582031,NkuluEP,2020-01-16,2020-01-16 08:10:33.255,08:10:33,73.71131999999999,26.941808333333334
74,367836.192,Flight1_cam1-000-000074-0,-3100259.9448370133,3482772.92658905,321.93060302734375,NkuluEP,2020-01-16,2020-01-16 08:10:36.192,08:10:36,73.70348800000005,26.94343999999999
75,367839.261,Flight1_cam1-000-000075-0,-3100234.1378384097,3482763.1120383847,322.0164489746094,NkuluEP,2020-01-16,2020-01-16 08:10:39.261,08:10:39,73.69530400000001,26.945145
76,367842.198,Flight1_cam1-000-000076-0,-3100209.444816731,3482754.0421121987,322.14434814453125,NkuluEP,2020-01-16,2020-01-16 08:10:42.198,08:10:42,73.68747200000007,26.946776666666654
77,367845.267,Flight1_cam1-000-000077-0,-3100183.4428045778,3482744.601390417,322.23223876953125,NkuluEP,2020-01-16,2020-01-16 08:10:45.267,08:10:45,73.67928800000003,26.948481666666662
78,367848.203,Flight1_cam1-000-000078-0,-3100158.985504989,3482735.651351175,322.2461242675781,NkuluEP,2020-01-16,2020-01-16 08:10:48.203,08:10:48,73.67145866666672,26.950112777777765
79,367851.273,Flight1_cam1-000-000079-0,-3100133.646443783,3482726.2076274026,322.2527770996094,NkuluEP,2020-01-16,2020-01-16 08:10:51.273,08:10:51,73.66327200000003,26.951818333333325
80,367854.209,Flight1_cam1-000-000080-0,-3100109.4119332237,3482717.445584173,322.21429443359375,NkuluEP,2020-01-16,2020-01-16 08:10:54.209,08:10:54,73.65544266666674,26.95344944444443
81,367857.279,Flight1_cam1-000-000081-0,-3100083.5020083026,3482708.8202298125,322.0821228027344,NkuluEP,2020-01-16,2020-01-16 08:10:57.279,08:10:57,73.64725600000006,26.95515499999999
82,367860.215,Flight1_cam1-000-000082-0,-3100058.433989515,3482701.805790189,322.00494384765625,NkuluEP,2020-01-16,2020-01-16 08:11:00.215,08:11:00,73.63942666666661,26.956786111111125
83,367863.285,Flight1_cam1-000-000083-0,-3100031.453243824,3482696.189919952,321.9569396972656,NkuluEP,2020-01-16,2020-01-16 08:11:03.285,08:11:03,73.63124000000008,26.958491666666653
84,367866.221,Flight1_cam1-000-000084-0,-3100005.7096387246,3482691.9923890415,321.96771240234375,NkuluEP,2020-01-16,2020-01-16 08:11:06.221,08:11:06,73.62341066666662,26.960122777777787
85,367869.291,Flight1_cam1-000-000085-0,-3099979.033277217,3482689.0296324375,321.9396667480469,NkuluEP,2020-01-16,2020-01-16 08:11:09.291,08:11:09,73.61522399999993,26.961828333333347
86,367872.227,Flight1_cam1-000-000086-0,-3099953.1804241315,3482686.6299060583,321.9508056640625,NkuluEP,2020-01-16,2020-01-16 08:11:12.227,08:11:12,73.60739466666664,26.963459444444453
87,367875.297,Flight1_cam1-000-000087-0,-3099925.8183903256,3482684.087733394,322.00250244140625,NkuluEP,2020-01-16,2020-01-16 08:11:15.297,08:11:15,73.59920799999995,26.96516500000001
88,367878.233,Flight1_cam1-000-000088-0,-3099899.7262672507,3482681.837819964,321.9704284667969,NkuluEP,2020-01-16,2020-01-16 08:11:18.233,08:11:18,73.59137866666666,26.966796111111115
89,367881.303,Flight1_cam1-000-000089-0,-3099872.347112409,3482679.4386422685,322.01043701171875,NkuluEP,2020-01-16,2020-01-16 08:11:21.303,08:11:21,73.58319199999997,26.968501666666675
90,367884.239,Flight1_cam1-000-000090-0,-3099846.4307491914,3482676.90983089,322.0192565917969,NkuluEP,2020-01-16,2020-01-16 08:11:24.239,08:11:24,73.57536266666666,26.970132777777778
91,367887.309,Flight1_cam1-000-000091-0,-3099819.7630925565,3482673.9170871847,321.9556579589844,NkuluEP,2020-01-16,2020-01-16 08:11:27.309,08:11:27,73.56717599999998,26.971838333333338
92,367890.245,Flight1_cam1-000-000092-0,-3099793.963051672,3482671.481854167,322.02386474609375,NkuluEP,2020-01-16,2020-01-16 08:11:30.245,08:11:30,73.55934666666668,26.97346944444444
93,367893.181,Flight1_cam1-000-000093-0,-3099767.1885112314,3482669.683441629,321.9332580566406,NkuluEP,2020-01-16,2020-01-16 08:11:33.181,08:11:33,73.55151733333338,26.975100555555546
94,367896.251,Flight1_cam1-000-000094-0,-3099740.5118245645,3482667.092297891,321.8147277832031,NkuluEP,2020-01-16,2020-01-16 08:11:36.251,08:11:36,73.5433306666667,26.976806111111106
95,367899.187,Flight1_cam1-000-000095-0,-3099714.874511062,3482664.5298319175,321.82244873046875,NkuluEP,2020-01-16,2020-01-16 08:11:39.187,08:11:39,73.5355013333334,26.978437222222208
96,367902.257,Flight1_cam1-000-000096-0,-3099688.020498898,3482664.5181259816,321.83721923828125,NkuluEP,2020-01-16,2020-01-16 08:11:42.257,08:11:42,73.52731466666671,26.98014277777777
97,367905.193,Flight1_cam1-000-000097-0,-3099680.448328617,3482669.651500366,321.929931640625,NkuluEP,2020-01-16,2020-01-16 08:11:45.193,08:11:45,73.51948533333326,26.981773888888906
98,367908.263,Flight1_cam1-000-000098-0,-3099693.9648509375,3482676.1404538667,321.81951904296875,NkuluEP,2020-01-16,2020-01-16 08:11:48.263,08:11:48,73.51129866666673,26.98347944444443
99,367911.199,Flight1_cam1-000-000099-0,-3099718.5221534856,3482685.305209126,321.9068298339844,NkuluEP,2020-01-16,2020-01-16 08:11:51.199,08:11:51,73.50346933333327,26.98511055555557
100,367914.269,Flight1_cam1-000-000100-0,-3099742.8482701667,3482694.7777156313,321.9902038574219,NkuluEP,2020-01-16,2020-01-16 08:11:54.269,08:11:54,73.49528266666675,26.986816111111096
101,367917.205,Flight1_cam1-000-000101-0,-3099763.948779424,3482702.5967255686,322.0914001464844,NkuluEP,2020-01-16,2020-01-16 08:11:57.205,08:11:57,73.48745333333329,26.98844722222223
102,367920.275,Flight1_cam1-000-000102-0,-3099789.5287589245,3482712.0016929917,322.32427978515625,NkuluEP,2020-01-16,2020-01-16 08:12:00.275,08:12:00,73.4792666666666,26.99015277777779
103,367923.211,Flight1_cam1-000-000103-0,-3099813.8491738974,3482720.8873101436,322.36767578125,NkuluEP,2020-01-16,2020-01-16 08:12:03.211,08:12:03,73.47143733333331,26.991783888888893
104,367926.281,Flight1_cam1-000-000104-0,-3099838.8949294593,3482730.0404251744,322.52069091796875,NkuluEP,2020-01-16,2020-01-16 08:12:06.281,08:12:06,73.46325066666662,26.993489444444453
105,367929.217,Flight1_cam1-000-000105-0,-3099863.4020960475,3482739.1614564555,322.4541015625,NkuluEP,2020-01-16,2020-01-16 08:12:09.217,08:12:09,73.45542133333332,26.99512055555556
106,367932.287,Flight1_cam1-000-000106-0,-3099888.911276842,3482748.45745028,322.46685791015625,NkuluEP,2020-01-16,2020-01-16 08:12:12.287,08:12:12,73.44723466666665,26.99682611111112
107,367935.223,Flight1_cam1-000-000107-0,-3099913.4982292033,3482757.4027845985,322.5881652832031,NkuluEP,2020-01-16,2020-01-16 08:12:15.223,08:12:15,73.43940533333334,26.99845722222222
108,367938.293,Flight1_cam1-000-000108-0,-3099939.6251994334,3482766.7112467224,322.6890869140625,NkuluEP,2020-01-16,2020-01-16 08:12:18.293,08:12:18,73.43121866666665,27.00016277777778
109,367941.229,Flight1_cam1-000-000109-0,-3099964.086543986,3482775.9281117353,322.7710876464844,NkuluEP,2020-01-16,2020-01-16 08:12:21.229,08:12:21,73.42338933333336,27.001793888888884
110,367944.299,Flight1_cam1-000-000110-0,-3099989.4402283304,3482785.1884761313,322.7156677246094,NkuluEP,2020-01-16,2020-01-16 08:12:24.299,08:12:24,73.41520266666667,27.003499444444444
111,367947.235,Flight1_cam1-000-000111-0,-3100013.377555938,3482794.0648382287,322.50421142578125,NkuluEP,2020-01-16,2020-01-16 08:12:27.235,08:12:27,73.40737333333337,27.005130555555546
112,367950.305,Flight1_cam1-000-000112-0,-3100039.0548503096,3482803.521589406,322.3478698730469,NkuluEP,2020-01-16,2020-01-16 08:12:30.305,08:12:30,73.3991866666667,27.006836111111106
113,367953.241,Flight1_cam1-000-000113-0,-3100063.5999181885,3482812.8006292414,322.1772155761719,NkuluEP,2020-01-16,2020-01-16 08:12:33.241,08:12:33,73.39135733333339,27.00846722222221
114,367956.311,Flight1_cam1-000-000114-0,-3100089.051565891,3482822.373160442,322.0125732421875,NkuluEP,2020-01-16,2020-01-16 08:12:36.311,08:12:36,73.3831706666667,27.010172777777772
115,367959.247,Flight1_cam1-000-000115-0,-3100113.2574466052,3482831.301890296,321.8841552734375,NkuluEP,2020-01-16,2020-01-16 08:12:39.247,08:12:39,73.37534133333341,27.011803888888874
116,367962.183,Flight1_cam1-000-000116-0,-3100137.627000865,3482840.3791350867,321.9189453125,NkuluEP,2020-01-16,2020-01-16 08:12:42.183,08:12:42,73.36751199999995,27.013435000000012
117,367965.253,Flight1_cam1-000-000117-0,-3100162.9780191914,3482849.5605297727,322.1013488769531,NkuluEP,2020-01-16,2020-01-16 08:12:45.253,08:12:45,73.35932533333327,27.01514055555557
118,367968.189,Flight1_cam1-000-000118-0,-3100187.6393610984,3482858.769116248,322.1283874511719,NkuluEP,2020-01-16,2020-01-16 08:12:48.189,08:12:48,73.35149599999997,27.016771666666674
119,367971.259,Flight1_cam1-000-000119-0,-3100213.502448026,3482868.205185629,322.06103515625,NkuluEP,2020-01-16,2020-01-16 08:12:51.259,08:12:51,73.34330933333328,27.018477222222234
120,367974.195,Flight1_cam1-000-000120-0,-3100237.9983577165,3482876.98091793,322.0608825683594,NkuluEP,2020-01-16,2020-01-16 08:12:54.195,08:12:54,73.33547999999999,27.020108333333337
121,367977.265,Flight1_cam1-000-000121-0,-3100263.165479096,3482886.549921561,322.1279296875,NkuluEP,2020-01-16,2020-01-16 08:12:57.265,08:12:57,73.3272933333333,27.021813888888897
122,367980.201,Flight1_cam1-000-000122-0,-3100287.7617123593,3482895.6154403505,322.1778564453125,NkuluEP,2020-01-16,2020-01-16 08:13:00.201,08:13:00,73.319464,27.023445
123,367983.271,Flight1_cam1-000-000123-0,-3100313.163987146,3482904.756937265,322.2694091796875,NkuluEP,2020-01-16,2020-01-16 08:13:03.271,08:13:03,73.31127733333332,27.02515055555556
124,367986.207,Flight1_cam1-000-000124-0,-3100337.848648008,3482913.7629421577,322.2132568359375,NkuluEP,2020-01-16,2020-01-16 08:13:06.207,08:13:06,73.30344800000002,27.026781666666665
125,367989.277,Flight1_cam1-000-000125-0,-3100363.4368278123,3482923.261086872,322.22161865234375,NkuluEP,2020-01-16,2020-01-16 08:13:09.277,08:13:09,73.29526133333333,27.028487222222225
126,367992.213,Flight1_cam1-000-000126-0,-3100388.069806923,3482932.2279426367,322.21051025390625,NkuluEP,2020-01-16,2020-01-16 08:13:12.213,08:13:12,73.28743200000004,27.030118333333327
127,367995.283,Flight1_cam1-000-000127-0,-3100414.00177613,3482941.5862515788,322.3678894042969,NkuluEP,2020-01-16,2020-01-16 08:13:15.283,08:13:15,73.27924533333335,27.031823888888887
128,367998.219,Flight1_cam1-000-000128-0,-3100438.415347584,3482950.575736661,322.4342041015625,NkuluEP,2020-01-16,2020-01-16 08:13:18.219,08:13:18,73.27141600000004,27.03345499999999
129,368001.289,Flight1_cam1-000-000129-0,-3100463.3667809763,3482960.251693912,322.4718017578125,NkuluEP,2020-01-16,2020-01-16 08:13:21.289,08:13:21,73.26322933333337,27.03516055555555
130,368004.225,Flight1_cam1-000-000130-0,-3100487.6960532097,3482969.335200083,322.4978332519531,NkuluEP,2020-01-16,2020-01-16 08:13:24.225,08:13:24,73.25540000000007,27.036791666666655
131,368007.295,Flight1_cam1-000-000131-0,-3100513.567289216,3482978.716406395,322.6199951171875,NkuluEP,2020-01-16,2020-01-16 08:13:27.295,08:13:27,73.24721333333338,27.03849722222221
132,368010.231,Flight1_cam1-000-000132-0,-3100538.4476175397,3482987.391087392,322.66363525390625,NkuluEP,2020-01-16,2020-01-16 08:13:30.231,08:13:30,73.23938399999993,27.04012833333335
133,368013.301,Flight1_cam1-000-000133-0,-3100564.591351223,3482997.017891519,322.6256408691406,NkuluEP,2020-01-16,2020-01-16 08:13:33.301,08:13:33,73.2311973333334,27.041833888888878
134,368016.237,Flight1_cam1-000-000134-0,-3100588.8526388058,3483005.931450054,322.6787414550781,NkuluEP,2020-01-16,2020-01-16 08:13:36.237,08:13:36,73.22336799999994,27.043465000000012
135,368019.307,Flight1_cam1-000-000135-0,-3100614.1735001574,3483015.0635843067,322.6309814453125,NkuluEP,2020-01-16,2020-01-16 08:13:39.307,08:13:39,73.21518133333342,27.04517055555554
136,368022.243,Flight1_cam1-000-000136-0,-3100638.3328357195,3483023.912982988,322.6076354980469,NkuluEP,2020-01-16,2020-01-16 08:13:42.243,08:13:42,73.20735199999996,27.046801666666674
137,368025.313,Flight1_cam1-000-000137-0,-3100664.094140615,3483033.3972304882,322.58843994140625,NkuluEP,2020-01-16,2020-01-16 08:13:45.313,08:13:45,73.19916533333327,27.048507222222234
138,368028.249,Flight1_cam1-000-000138-0,-3100688.4038534546,3483042.526507393,322.5801086425781,NkuluEP,2020-01-16,2020-01-16 08:13:48.249,08:13:48,73.19133599999998,27.05013833333334
139,368031.319,Flight1_cam1-000-000139-0,-3100714.326402101,3483051.8157178345,322.5921936035156,NkuluEP,2020-01-16,2020-01-16 08:13:51.319,08:13:51,73.18314933333329,27.0518438888889
140,368034.255,Flight1_cam1-000-000140-0,-3100739.007737819,3483060.686110392,322.6400146484375,NkuluEP,2020-01-16,2020-01-16 08:13:54.255,08:13:54,73.17531999999999,27.053475000000002
141,368037.191,Flight1_cam1-000-000141-0,-3100763.8359369827,3483069.732121851,322.4874572753906,NkuluEP,2020-01-16,2020-01-16 08:13:57.191,08:13:57,73.1674906666667,27.055106111111105
142,368040.261,Flight1_cam1-000-000142-0,-3100789.2146947277,3483079.148210441,322.3721008300781,NkuluEP,2020-01-16,2020-01-16 08:14:00.261,08:14:00,73.159304,27.056811666666665
143,368043.197,Flight1_cam1-000-000143-0,-3100810.9079352724,3483093.6096269162,322.3422546386719,NkuluEP,2020-01-16,2020-01-16 08:14:03.197,08:14:03,73.15147466666672,27.05844277777777
144,368046.267,Flight1_cam1-000-000144-0,-3100817.388642398,3483117.98987577,322.19232177734375,NkuluEP,2020-01-16,2020-01-16 08:14:06.267,08:14:06,73.14328800000003,27.06014833333333
145,368049.203,Flight1_cam1-000-000145-0,-3100810.76826284,3483142.5561335026,321.9978942871094,NkuluEP,2020-01-16,2020-01-16 08:14:09.203,08:14:09,73.13545866666672,27.061779444444433
146,368052.273,Flight1_cam1-000-000146-0,-3100803.5166515475,3483166.047355921,321.8499450683594,NkuluEP,2020-01-16,2020-01-16 08:14:12.273,08:14:12,73.12727200000003,27.063484999999993
147,368055.209,Flight1_cam1-000-000147-0,-3100786.4549132315,3483184.5486393957,321.6587829589844,NkuluEP,2020-01-16,2020-01-16 08:14:15.209,08:14:15,73.11944266666674,27.065116111111095
148,368058.279,Flight1_cam1-000-000148-0,-3100763.5999935213,3483183.1514904974,321.65673828125,NkuluEP,2020-01-16,2020-01-16 08:14:18.279,08:14:18,73.11125600000005,27.066821666666655
149,368061.215,Flight1_cam1-000-000149-0,-3100743.1980228215,3483174.0271092122,321.472900390625,NkuluEP,2020-01-16,2020-01-16 08:14:21.215,08:14:21,73.1034266666666,27.068452777777793
150,368064.285,Flight1_cam1-000-000150-0,-3100720.9636307624,3483165.704281784,321.3998107910156,NkuluEP,2020-01-16,2020-01-16 08:14:24.285,08:14:24,73.09524000000008,27.070158333333318
151,368067.221,Flight1_cam1-000-000151-0,-3100698.4188535996,3483157.6329708598,321.36444091796875,NkuluEP,2020-01-16,2020-01-16 08:14:27.221,08:14:27,73.08741066666661,27.071789444444455
152,368070.291,Flight1_cam1-000-000152-0,-3100674.009074215,3483148.9079791917,321.3059387207031,NkuluEP,2020-01-16,2020-01-16 08:14:30.291,08:14:30,73.07922399999994,27.073495000000015
153,368073.227,Flight1_cam1-000-000153-0,-3100649.616615131,3483139.988202539,321.1883850097656,NkuluEP,2020-01-16,2020-01-16 08:14:33.227,08:14:33,73.07139466666663,27.075126111111118
154,368076.297,Flight1_cam1-000-000154-0,-3100624.325000846,3483130.9637544947,321.1436462402344,NkuluEP,2020-01-16,2020-01-16 08:14:36.297,08:14:36,73.06320799999995,27.076831666666678
155,368079.233,Flight1_cam1-000-000155-0,-3100599.6956592132,3483122.2071366245,321.1349182128906,NkuluEP,2020-01-16,2020-01-16 08:14:39.233,08:14:39,73.05537866666666,27.07846277777778
156,368082.302,Flight1_cam1-000-000156-0,-3100574.752377695,3483112.9454454035,321.27423095703125,NkuluEP,2020-01-16,2020-01-16 08:14:42.302,08:14:42,73.0471946666666,27.080167777777792
157,368085.239,Flight1_cam1-000-000157-0,-3100550.048921704,3483104.1501290086,321.3285827636719,NkuluEP,2020-01-16,2020-01-16 08:14:45.239,08:14:45,73.03936266666666,27.081799444444446
158,368088.308,Flight1_cam1-000-000158-0,-3100524.513096213,3483094.6724118446,321.3061218261719,NkuluEP,2020-01-16,2020-01-16 08:14:48.308,08:14:48,73.03117866666662,27.083504444444454
159,368091.245,Flight1_cam1-000-000159-0,-3100499.941655846,3483085.6845496716,321.3052673339844,NkuluEP,2020-01-16,2020-01-16 08:14:51.245,08:14:51,73.02334666666668,27.085136111111108
160,368094.314,Flight1_cam1-000-000160-0,-3100474.1201867196,3483076.2418799032,321.2635803222656,NkuluEP,2020-01-16,2020-01-16 08:14:54.314,08:14:54,73.01516266666664,27.086841111111116
161,368097.251,Flight1_cam1-000-000161-0,-3100449.7389536067,3483067.115927725,321.2096252441406,NkuluEP,2020-01-16,2020-01-16 08:14:57.251,08:14:57,73.0073306666667,27.08847277777777
162,368100.32,Flight1_cam1-000-000162-0,-3100424.6387193035,3483057.857182243,321.1897888183594,NkuluEP,2020-01-16,2020-01-16 08:15:00.320,08:15:00,72.99914666666665,27.090177777777782
163,368103.257,Flight1_cam1-000-000163-0,-3100399.8982701376,3483048.8838032833,321.2657470703125,NkuluEP,2020-01-16,2020-01-16 08:15:03.257,08:15:03,72.99131466666671,27.091809444444436
164,368106.193,Flight1_cam1-000-000164-0,-3100375.4977454045,3483040.0678204736,321.2831115722656,NkuluEP,2020-01-16,2020-01-16 08:15:06.193,08:15:06,72.98348533333326,27.09344055555557
165,368109.263,Flight1_cam1-000-000165-0,-3100349.8656095597,3483030.6262040255,321.2096252441406,NkuluEP,2020-01-16,2020-01-16 08:15:09.263,08:15:09,72.97529866666673,27.0951461111111
166,368112.199,Flight1_cam1-000-000166-0,-3100325.3633632865,3483021.5021749623,321.14483642578125,NkuluEP,2020-01-16,2020-01-16 08:15:12.199,08:15:12,72.96746933333328,27.096777222222233
167,368115.269,Flight1_cam1-000-000167-0,-3100299.1019710945,3483011.9689247366,321.1233215332031,NkuluEP,2020-01-16,2020-01-16 08:15:15.269,08:15:15,72.95928266666675,27.09848277777776
168,368118.205,Flight1_cam1-000-000168-0,-3100274.6618659017,3483003.01508208,321.15521240234375,NkuluEP,2020-01-16,2020-01-16 08:15:18.205,08:15:18,72.95145333333329,27.1001138888889
169,368121.274,Flight1_cam1-000-000169-0,-3100249.643908279,3482993.817963372,321.0841369628906,NkuluEP,2020-01-16,2020-01-16 08:15:21.274,08:15:21,72.9432693333334,27.101818888888875
170,368124.211,Flight1_cam1-000-000170-0,-3100225.5933968183,3482984.8909131684,321.0495910644531,NkuluEP,2020-01-16,2020-01-16 08:15:24.211,08:15:24,72.93543733333331,27.10345055555556
171,368127.28,Flight1_cam1-000-000171-0,-3100199.623601553,3482975.401772151,321.0269775390625,NkuluEP,2020-01-16,2020-01-16 08:15:27.280,08:15:27,72.92725333333327,27.10515555555557
172,368130.217,Flight1_cam1-000-000172-0,-3100175.224669952,3482966.315894916,321.0523986816406,NkuluEP,2020-01-16,2020-01-16 08:15:30.217,08:15:30,72.91942133333333,27.106787222222223
173,368133.286,Flight1_cam1-000-000173-0,-3100149.5922655337,3482956.827631836,321.0757751464844,NkuluEP,2020-01-16,2020-01-16 08:15:33.286,08:15:33,72.91123733333328,27.108492222222235
174,368136.223,Flight1_cam1-000-000174-0,-3100125.1687503858,3482948.0882413564,321.06024169921875,NkuluEP,2020-01-16,2020-01-16 08:15:36.223,08:15:36,72.90340533333334,27.11012388888889
175,368139.292,Flight1_cam1-000-000175-0,-3100100.022205006,3482938.7209584005,321.11474609375,NkuluEP,2020-01-16,2020-01-16 08:15:39.292,08:15:39,72.8952213333333,27.111828888888898
176,368142.229,Flight1_cam1-000-000176-0,-3100075.4674756043,3482929.4399633217,321.2406921386719,NkuluEP,2020-01-16,2020-01-16 08:15:42.229,08:15:42,72.88738933333336,27.11346055555555
177,368145.298,Flight1_cam1-000-000177-0,-3100049.521552097,3482919.977484923,321.3066101074219,NkuluEP,2020-01-16,2020-01-16 08:15:45.298,08:15:45,72.87920533333332,27.11516555555556
178,368148.235,Flight1_cam1-000-000178-0,-3100025.0349844308,3482911.0904113594,321.4381408691406,NkuluEP,2020-01-16,2020-01-16 08:15:48.235,08:15:48,72.87137333333338,27.116797222222214
179,368151.304,Flight1_cam1-000-000179-0,-3099999.351596682,3482901.33207631,321.4586181640625,NkuluEP,2020-01-16,2020-01-16 08:15:51.304,08:15:51,72.86318933333332,27.118502222222226
180,368154.241,Flight1_cam1-000-000180-0,-3099974.798062885,3482892.5226821294,321.48016357421875,NkuluEP,2020-01-16,2020-01-16 08:15:54.241,08:15:54,72.85535733333339,27.120133888888876
181,368157.31,Flight1_cam1-000-000181-0,-3099949.4398061456,3482883.0922657964,321.47442626953125,NkuluEP,2020-01-16,2020-01-16 08:15:57.310,08:15:57,72.84717333333334,27.121838888888888
182,368160.246,Flight1_cam1-000-000182-0,-3099924.8019188447,3482874.2504094434,321.36572265625,NkuluEP,2020-01-16,2020-01-16 08:16:00.246,08:16:00,72.83934400000004,27.12346999999999
183,368163.316,Flight1_cam1-000-000183-0,-3099901.280267234,3482867.029759141,321.1780700683594,NkuluEP,2020-01-16,2020-01-16 08:16:03.316,08:16:03,72.83115733333337,27.12517555555555
184,368166.252,Flight1_cam1-000-000184-0,-3099880.135017154,3482858.2806109795,321.1816711425781,NkuluEP,2020-01-16,2020-01-16 08:16:06.252,08:16:06,72.82332800000006,27.126806666666656
185,368169.189,Flight1_cam1-000-000185-0,-3099855.9696816998,3482849.077469893,321.1464538574219,NkuluEP,2020-01-16,2020-01-16 08:16:09.189,08:16:09,72.81549599999997,27.12843833333334
186,368172.258,Flight1_cam1-000-000186-0,-3099829.7129024114,3482839.6889904025,321.1429138183594,NkuluEP,2020-01-16,2020-01-16 08:16:12.258,08:16:12,72.80731200000008,27.13014333333332
187,368175.195,Flight1_cam1-000-000187-0,-3099805.1856069514,3482830.7252829135,321.1753234863281,NkuluEP,2020-01-16,2020-01-16 08:16:15.195,08:16:15,72.79947999999999,27.131775000000005
188,368178.264,Flight1_cam1-000-000188-0,-3099779.8662930387,3482821.3933685147,321.2353210449219,NkuluEP,2020-01-16,2020-01-16 08:16:18.264,08:16:18,72.79129599999993,27.133480000000013
189,368181.201,Flight1_cam1-000-000189-0,-3099755.5125856088,3482812.302762222,321.24658203125,NkuluEP,2020-01-16,2020-01-16 08:16:21.201,08:16:21,72.783464,27.135111666666667
190,368184.27,Flight1_cam1-000-000190-0,-3099729.725169523,3482802.707510691,321.2024841308594,NkuluEP,2020-01-16,2020-01-16 08:16:24.270,08:16:24,72.77527999999995,27.136816666666675
191,368187.207,Flight1_cam1-000-000191-0,-3099705.1082201535,3482793.7165726875,321.1501770019531,NkuluEP,2020-01-16,2020-01-16 08:16:27.207,08:16:27,72.76744800000002,27.13844833333333
192,368190.276,Flight1_cam1-000-000192-0,-3099679.38022986,3482784.347024845,321.17950439453125,NkuluEP,2020-01-16,2020-01-16 08:16:30.276,08:16:30,72.75926399999997,27.14015333333334
193,368193.213,Flight1_cam1-000-000193-0,-3099654.878953672,3482775.1356360246,321.1326904296875,NkuluEP,2020-01-16,2020-01-16 08:16:33.213,08:16:33,72.75143200000004,27.141784999999995
194,368196.282,Flight1_cam1-000-000194-0,-3099629.45606505,3482766.031594386,321.1058044433594,NkuluEP,2020-01-16,2020-01-16 08:16:36.282,08:16:36,72.74324799999998,27.143490000000003
195,368199.218,Flight1_cam1-000-000195-0,-3099604.8993573603,3482757.0602533896,321.09808349609375,NkuluEP,2020-01-16,2020-01-16 08:16:39.218,08:16:39,72.73541866666669,27.145121111111106
196,368202.288,Flight1_cam1-000-000196-0,-3099579.1906227977,3482747.4935312252,321.0481872558594,NkuluEP,2020-01-16,2020-01-16 08:16:42.288,08:16:42,72.727232,27.146826666666666
197,368205.224,Flight1_cam1-000-000197-0,-3099555.109222558,3482738.433136839,321.08648681640625,NkuluEP,2020-01-16,2020-01-16 08:16:45.224,08:16:45,72.71940266666671,27.14845777777777
198,368208.294,Flight1_cam1-000-000198-0,-3099529.211823532,3482728.5759029747,321.1207275390625,NkuluEP,2020-01-16,2020-01-16 08:16:48.294,08:16:48,72.71121600000002,27.15016333333333
199,368211.23,Flight1_cam1-000-000199-0,-3099504.417227866,3482719.6666116216,321.17034912109375,NkuluEP,2020-01-16,2020-01-16 08:16:51.230,08:16:51,72.70338666666672,27.151794444444434
200,368214.3,Flight1_cam1-000-000200-0,-3099479.4352649674,3482710.6250645774,321.1548156738281,NkuluEP,2020-01-16,2020-01-16 08:16:54.300,08:16:54,72.69520000000003,27.153499999999994
201,368217.236,Flight1_cam1-000-000201-0,-3099454.726303464,3482701.8172840853,321.1826171875,NkuluEP,2020-01-16,2020-01-16 08:16:57.236,08:16:57,72.68737066666674,27.155131111111096
202,368220.306,Flight1_cam1-000-000202-0,-3099429.0720446245,3482692.2348660007,321.17657470703125,NkuluEP,2020-01-16,2020-01-16 08:17:00.306,08:17:00,72.67918400000005,27.156836666666656
203,368223.242,Flight1_cam1-000-000203-0,-3099404.7182989074,3482683.1458280655,321.1553649902344,NkuluEP,2020-01-16,2020-01-16 08:17:03.242,08:17:03,72.6713546666666,27.158467777777794
204,368226.312,Flight1_cam1-000-000204-0,-3099378.965337008,3482673.496241126,321.1499328613281,NkuluEP,2020-01-16,2020-01-16 08:17:06.312,08:17:06,72.66316800000007,27.16017333333332
205,368229.248,Flight1_cam1-000-000205-0,-3099354.5537982285,3482664.489805585,321.1770324707031,NkuluEP,2020-01-16,2020-01-16 08:17:09.248,08:17:09,72.65533866666661,27.161804444444456
206,368232.318,Flight1_cam1-000-000206-0,-3099329.5211120676,3482655.3547385423,321.1819763183594,NkuluEP,2020-01-16,2020-01-16 08:17:12.318,08:17:12,72.64715199999992,27.163510000000016
207,368235.254,Flight1_cam1-000-000207-0,-3099304.728355501,3482646.4863692936,321.13421630859375,NkuluEP,2020-01-16,2020-01-16 08:17:15.254,08:17:15,72.63932266666663,27.16514111111112
208,368238.324,Flight1_cam1-000-000208-0,-3099278.7051503905,3482637.0848503597,321.0971984863281,NkuluEP,2020-01-16,2020-01-16 08:17:18.324,08:17:18,72.63113599999994,27.16684666666668
209,368241.26,Flight1_cam1-000-000209-0,-3099254.4788801614,3482628.3237923165,321.08258056640625,NkuluEP,2020-01-16,2020-01-16 08:17:21.260,08:17:21,72.62330666666665,27.16847777777778
210,368244.196,Flight1_cam1-000-000210-0,-3099239.1471078163,3482624.9329374437,321.1639709472656,NkuluEP,2020-01-16,2020-01-16 08:17:24.196,08:17:24,72.61547733333335,27.170108888888887
211,368247.266,Flight1_cam1-000-000211-0,-3099223.3292180724,3482627.635759318,321.3204345703125,NkuluEP,2020-01-16,2020-01-16 08:17:27.266,08:17:27,72.60729066666666,27.171814444444447
212,368250.202,Flight1_cam1-000-000212-0,-3099224.1823440744,3482639.5230188323,321.4212341308594,NkuluEP,2020-01-16,2020-01-16 08:17:30.202,08:17:30,72.59946133333337,27.17344555555555
213,368253.272,Flight1_cam1-000-000213-0,-3099243.086771875,3482660.030661543,320.0884094238281,NkuluEP,2020-01-16,2020-01-16 08:17:33.272,08:17:33,72.59127466666668,27.17515111111111
214,368256.208,Flight1_cam1-000-000214-0,-3099266.6161887078,3482684.5795131214,320.1465148925781,NkuluEP,2020-01-16,2020-01-16 08:17:36.208,08:17:36,72.58344533333337,27.176782222222215
215,368259.278,Flight1_cam1-000-000215-0,-3099289.1823846097,3482712.4150967826,318.3740234375,NkuluEP,2020-01-16,2020-01-16 08:17:39.278,08:17:39,72.5752586666667,27.17848777777777
216,368262.214,Flight1_cam1-000-000216-0,-3099308.1020225966,3482740.4693182693,317.132568359375,NkuluEP,2020-01-16,2020-01-16 08:17:42.214,08:17:42,72.5674293333334,27.180118888888877
217,368265.284,Flight1_cam1-000-000217-0,-3099328.037259512,3482769.3761273264,317.22509765625,NkuluEP,2020-01-16,2020-01-16 08:17:45.284,08:17:45,72.5592426666667,27.181824444444437
218,368268.22,Flight1_cam1-000-000218-0,-3099346.5801179665,3482794.3365469472,317.2704772949219,NkuluEP,2020-01-16,2020-01-16 08:17:48.220,08:17:48,72.55141333333341,27.18345555555554
219,368271.29,Flight1_cam1-000-000219-0,-3099364.7305014497,3482818.5951729277,317.342529296875,NkuluEP,2020-01-16,2020-01-16 08:17:51.290,08:17:51,72.54322666666673,27.1851611111111
220,368274.226,Flight1_cam1-000-000220-0,-3099383.554974432,3482841.3386853132,317.3799133300781,NkuluEP,2020-01-16,2020-01-16 08:17:54.226,08:17:54,72.53539733333326,27.186792222222234
221,368277.296,Flight1_cam1-000-000221-0,-3099404.9225161853,3482865.172383419,315.3197021484375,NkuluEP,2020-01-16,2020-01-16 08:17:57.296,08:17:57,72.52721066666675,27.188497777777762
222,368280.232,Flight1_cam1-000-000222-0,-3099425.266409603,3482887.4245247478,312.4009704589844,NkuluEP,2020-01-16,2020-01-16 08:18:00.232,08:18:00,72.51938133333329,27.1901288888889
223,368283.302,Flight1_cam1-000-000223-0,-3099446.496035279,3482911.542516867,309.794677734375,NkuluEP,2020-01-16,2020-01-16 08:18:03.302,08:18:03,72.5111946666666,27.19183444444446
224,368286.238,Flight1_cam1-000-000224-0,-3099466.5684594763,3482935.1602847697,309.5140686035156,NkuluEP,2020-01-16,2020-01-16 08:18:06.238,08:18:06,72.5033653333333,27.193465555555562
225,368289.308,Flight1_cam1-000-000225-0,-3099487.5116357966,3482959.328096262,308.0173034667969,NkuluEP,2020-01-16,2020-01-16 08:18:09.308,08:18:09,72.49517866666662,27.195171111111122
226,368292.244,Flight1_cam1-000-000226-0,-3099510.29477657,3482983.9337031995,305.7331848144531,NkuluEP,2020-01-16,2020-01-16 08:18:12.244,08:18:12,72.48734933333333,27.196802222222225
227,368295.314,Flight1_cam1-000-000227-0,-3099535.86987634,3483011.6124614184,303.2123718261719,NkuluEP,2020-01-16,2020-01-16 08:18:15.314,08:18:15,72.47916266666664,27.198507777777785
228,368298.25,Flight1_cam1-000-000228-0,-3099559.8445548667,3483038.7170504183,302.2008972167969,NkuluEP,2020-01-16,2020-01-16 08:18:18.250,08:18:18,72.47133333333333,27.20013888888889
229,368301.32,Flight1_cam1-000-000229-0,-3099585.5279280106,3483065.735695904,302.1769714355469,NkuluEP,2020-01-16,2020-01-16 08:18:21.320,08:18:21,72.46314666666665,27.201844444444447
230,368304.256,Flight1_cam1-000-000230-0,-3099606.9348893855,3483089.5714057665,302.1636657714844,NkuluEP,2020-01-16,2020-01-16 08:18:24.256,08:18:24,72.45531733333335,27.203475555555553
231,368307.192,Flight1_cam1-000-000231-0,-3099627.4561512806,3483113.5194142773,302.1190490722656,NkuluEP,2020-01-16,2020-01-16 08:18:27.192,08:18:27,72.44748800000005,27.205106666666655
232,368310.262,Flight1_cam1-000-000232-0,-3099649.2981942673,3483139.3750332696,302.0480651855469,NkuluEP,2020-01-16,2020-01-16 08:18:30.262,08:18:30,72.43930133333336,27.206812222222215
233,368313.198,Flight1_cam1-000-000233-0,-3099669.7560804035,3483163.663210613,301.99114990234375,NkuluEP,2020-01-16,2020-01-16 08:18:33.198,08:18:33,72.43147200000007,27.20844333333332
234,368316.268,Flight1_cam1-000-000234-0,-3099686.56177351,3483183.8424949306,301.9904479980469,NkuluEP,2020-01-16,2020-01-16 08:18:36.268,08:18:36,72.42328533333338,27.210148888888877
235,368319.204,Flight1_cam1-000-000235-0,-3099698.009149811,3483197.844727892,301.9515380859375,NkuluEP,2020-01-16,2020-01-16 08:18:39.204,08:18:39,72.41545599999993,27.211780000000015
236,368322.274,Flight1_cam1-000-000236-0,-3099709.425755664,3483210.6892910353,301.9942932128906,NkuluEP,2020-01-16,2020-01-16 08:18:42.274,08:18:42,72.4072693333334,27.213485555555543
237,368325.21,Flight1_cam1-000-000237-0,-3099726.2272802405,3483229.340371301,301.01513671875,NkuluEP,2020-01-16,2020-01-16 08:18:45.210,08:18:45,72.39943999999994,27.215116666666678
238,368328.28,Flight1_cam1-000-000238-0,-3099748.648708251,3483254.7224008283,297.9474792480469,NkuluEP,2020-01-16,2020-01-16 08:18:48.280,08:18:48,72.39125333333327,27.216822222222238
239,368331.216,Flight1_cam1-000-000239-0,-3099773.619533637,3483280.0169540034,296.3845520019531,NkuluEP,2020-01-16,2020-01-16 08:18:51.216,08:18:51,72.38342399999996,27.21845333333334
240,368334.286,Flight1_cam1-000-000240-0,-3099802.0303817205,3483300.5487606004,296.02435302734375,NkuluEP,2020-01-16,2020-01-16 08:18:54.286,08:18:54,72.37523733333327,27.2201588888889
241,368337.222,Flight1_cam1-000-000241-0,-3099822.339805701,3483314.6798028876,294.8158874511719,NkuluEP,2020-01-16,2020-01-16 08:18:57.222,08:18:57,72.36740799999998,27.221790000000006
242,368340.292,Flight1_cam1-000-000242-0,-3099840.7629434685,3483327.741869775,294.84393310546875,NkuluEP,2020-01-16,2020-01-16 08:19:00.292,08:19:00,72.3592213333333,27.223495555555566
243,368343.228,Flight1_cam1-000-000243-0,-3099857.5875273864,3483340.069316913,295.0755310058594,NkuluEP,2020-01-16,2020-01-16 08:19:03.228,08:19:03,72.35139199999999,27.225126666666668
244,368346.298,Flight1_cam1-000-000244-0,-3099870.2917858097,3483349.8462961265,294.2456970214844,NkuluEP,2020-01-16,2020-01-16 08:19:06.298,08:19:06,72.34320533333332,27.226832222222228
245,368349.234,Flight1_cam1-000-000245-0,-3099879.7103830646,3483360.691380535,291.10882568359375,NkuluEP,2020-01-16,2020-01-16 08:19:09.234,08:19:09,72.33537600000001,27.22846333333333
246,368352.304,Flight1_cam1-000-000246-0,-3099888.8085395335,3483371.463016951,287.24029541015625,NkuluEP,2020-01-16,2020-01-16 08:19:12.304,08:19:12,72.32718933333332,27.23016888888889
247,368355.24,Flight1_cam1-000-000247-0,-3099897.7192074563,3483380.8820418725,283.707275390625,NkuluEP,2020-01-16,2020-01-16 08:19:15.240,08:19:15,72.31936000000003,27.231799999999996
248,368358.31,Flight1_cam1-000-000248-0,-3099905.771037778,3483388.352947093,280.5594482421875,NkuluEP,2020-01-16,2020-01-16 08:19:18.310,08:19:18,72.31117333333334,27.233505555555553
249,368361.246,Flight1_cam1-000-000249-0,-3099909.599911504,3483392.9350959547,275.68804931640625,NkuluEP,2020-01-16,2020-01-16 08:19:21.246,08:19:21,72.30334400000004,27.23513666666666
250,368364.316,Flight1_cam1-000-000250-0,-3099914.9214985496,3483398.835045257,271.0198059082031,NkuluEP,2020-01-16,2020-01-16 08:19:24.316,08:19:24,72.29515733333336,27.23684222222222
251,368367.252,Flight1_cam1-000-000251-0,-3099919.3357667434,3483403.112233008,266.1996765136719,NkuluEP,2020-01-16,2020-01-16 08:19:27.252,08:19:27,72.28732800000006,27.23847333333332
252,368370.322,Flight1_cam1-000-000252-0,-3099922.8398371125,3483405.51668835,261.5450744628906,NkuluEP,2020-01-16,2020-01-16 08:19:30.322,08:19:30,72.27914133333337,27.24017888888888
253,368689.305,Flight1_cam1-001-000000-0,-3099946.180437987,3483407.4879035084,238.17288208007812,NkuluEP,2020-01-16,2020-01-16 08:24:49.305,08:24:49,71.42852000000002,27.417391666666663
254,368692.241,Flight1_cam1-001-000001-0,-3099937.7425048035,3483389.2011233317,246.27655029296875,NkuluEP,2020-01-16,2020-01-16 08:24:52.241,08:24:52,71.42069066666672,27.419022777777766
255,368695.311,Flight1_cam1-001-000002-0,-3099928.018964517,3483365.338580103,256.0083923339844,NkuluEP,2020-01-16,2020-01-16 08:24:55.311,08:24:55,71.41250400000004,27.420728333333326
256,368698.247,Flight1_cam1-001-000003-0,-3099914.705018597,3483335.4414383206,266.16107177734375,NkuluEP,2020-01-16,2020-01-16 08:24:58.247,08:24:58,71.40467466666674,27.42235944444443
257,368701.317,Flight1_cam1-001-000004-0,-3099899.1121281395,3483301.122672953,276.9720458984375,NkuluEP,2020-01-16,2020-01-16 08:25:01.317,08:25:01,71.39648800000005,27.424064999999988
258,368704.253,Flight1_cam1-001-000005-0,-3099883.507970012,3483266.4930505105,287.2940673828125,NkuluEP,2020-01-16,2020-01-16 08:25:04.253,08:25:04,71.3886586666666,27.425696111111126
259,368707.323,Flight1_cam1-001-000006-0,-3099865.773816237,3483225.363279125,298.5885009765625,NkuluEP,2020-01-16,2020-01-16 08:25:07.323,08:25:07,71.38047200000007,27.427401666666654
260,368710.259,Flight1_cam1-001-000007-0,-3099846.584070298,3483184.4671070813,309.2729797363281,NkuluEP,2020-01-16,2020-01-16 08:25:10.259,08:25:10,71.37264266666662,27.42903277777779
261,368713.329,Flight1_cam1-001-000008-0,-3099823.1217163997,3483144.8288294217,318.02178955078125,NkuluEP,2020-01-16,2020-01-16 08:25:13.329,08:25:13,71.36445599999993,27.43073833333335
262,368716.265,Flight1_cam1-001-000009-0,-3099800.3416149328,3483108.46943256,324.1571044921875,NkuluEP,2020-01-16,2020-01-16 08:25:16.265,08:25:16,71.35662666666663,27.43236944444445
263,368719.201,Flight1_cam1-001-000010-0,-3099777.4703920544,3483072.805942371,324.8321228027344,NkuluEP,2020-01-16,2020-01-16 08:25:19.201,08:25:19,71.34879733333334,27.434000555555556
264,368722.271,Flight1_cam1-001-000011-0,-3099754.0656320895,3483034.1001269333,324.2547912597656,NkuluEP,2020-01-16,2020-01-16 08:25:22.271,08:25:22,71.34061066666665,27.435706111111116
265,368725.207,Flight1_cam1-001-000012-0,-3099732.212079631,3482996.2947119386,324.30145263671875,NkuluEP,2020-01-16,2020-01-16 08:25:25.207,08:25:25,71.33278133333334,27.43733722222222
266,368728.277,Flight1_cam1-001-000013-0,-3099704.588612214,3482960.8759263875,324.3567199707031,NkuluEP,2020-01-16,2020-01-16 08:25:28.277,08:25:28,71.32459466666667,27.43904277777778
267,368731.213,Flight1_cam1-001-000014-0,-3099674.0326293022,3482930.8804062,324.31561279296875,NkuluEP,2020-01-16,2020-01-16 08:25:31.213,08:25:31,71.31676533333336,27.44067388888888
268,368734.283,Flight1_cam1-001-000015-0,-3099642.1546267965,3482900.298983616,324.3392028808594,NkuluEP,2020-01-16,2020-01-16 08:25:34.283,08:25:34,71.30857866666668,27.44237944444444
269,368737.219,Flight1_cam1-001-000016-0,-3099613.5867148438,3482870.3128144834,324.20526123046875,NkuluEP,2020-01-16,2020-01-16 08:25:37.219,08:25:37,71.30074933333339,27.444010555555547
270,368740.289,Flight1_cam1-001-000017-0,-3099584.8391598505,3482838.525481267,324.2135009765625,NkuluEP,2020-01-16,2020-01-16 08:25:40.289,08:25:40,71.2925626666667,27.445716111111107
271,368743.225,Flight1_cam1-001-000018-0,-3099560.459551436,3482810.512016451,324.1266784667969,NkuluEP,2020-01-16,2020-01-16 08:25:43.225,08:25:43,71.28473333333339,27.44734722222221
272,368746.295,Flight1_cam1-001-000019-0,-3099534.212877919,3482781.570366538,324.1715087890625,NkuluEP,2020-01-16,2020-01-16 08:25:46.295,08:25:46,71.27654666666672,27.44905277777777
273,368749.231,Flight1_cam1-001-000020-0,-3099507.637775363,3482753.273615206,324.1337585449219,NkuluEP,2020-01-16,2020-01-16 08:25:49.231,08:25:49,71.26871733333326,27.450683888888904
274,368752.301,Flight1_cam1-001-000021-0,-3099479.540905063,3482723.9775742004,324.0357360839844,NkuluEP,2020-01-16,2020-01-16 08:25:52.301,08:25:52,71.26053066666672,27.45238944444443
275,368755.237,Flight1_cam1-001-000022-0,-3099452.1562874983,3482698.8924928345,324.01995849609375,NkuluEP,2020-01-16,2020-01-16 08:25:55.237,08:25:55,71.25270133333328,27.45402055555557
276,368758.307,Flight1_cam1-001-000023-0,-3099429.392153593,3482684.8339808495,323.7547912597656,NkuluEP,2020-01-16,2020-01-16 08:25:58.307,08:25:58,71.24451466666675,27.455726111111094
277,368761.243,Flight1_cam1-001-000024-0,-3099414.507078092,3482676.8421595376,323.6507568359375,NkuluEP,2020-01-16,2020-01-16 08:26:01.243,08:26:01,71.23668533333328,27.45735722222223
278,368764.313,Flight1_cam1-001-000025-0,-3099401.5169844865,3482669.9380354136,323.5741882324219,NkuluEP,2020-01-16,2020-01-16 08:26:04.313,08:26:04,71.22849866666661,27.459062777777792
279,368767.249,Flight1_cam1-001-000026-0,-3099386.406208988,3482660.1903910334,323.4823303222656,NkuluEP,2020-01-16,2020-01-16 08:26:07.249,08:26:07,71.2206693333333,27.460693888888894
280,368770.319,Flight1_cam1-001-000027-0,-3099368.0033327523,3482646.2574524493,323.43310546875,NkuluEP,2020-01-16,2020-01-16 08:26:10.319,08:26:10,71.21248266666662,27.462399444444454
281,368773.255,Flight1_cam1-001-000028-0,-3099350.234999246,3482632.3500847924,323.36651611328125,NkuluEP,2020-01-16,2020-01-16 08:26:13.255,08:26:13,71.20465333333333,27.464030555555556
282,368776.325,Flight1_cam1-001-000029-0,-3099333.4181220373,3482619.52909466,323.2962646484375,NkuluEP,2020-01-16,2020-01-16 08:26:16.325,08:26:16,71.19646666666664,27.465736111111116
283,368779.261,Flight1_cam1-001-000030-0,-3099319.1344362004,3482612.810432287,323.2143249511719,NkuluEP,2020-01-16,2020-01-16 08:26:19.261,08:26:19,71.18863733333333,27.467367222222222
284,368782.331,Flight1_cam1-001-000031-0,-3099312.874171759,3482613.9495064663,323.01861572265625,NkuluEP,2020-01-16,2020-01-16 08:26:22.331,08:26:22,71.18045066666666,27.469072777777782
285,368785.267,Flight1_cam1-001-000032-0,-3099290.1769874273,3482616.1013339595,322.8663024902344,NkuluEP,2020-01-16,2020-01-16 08:26:25.267,08:26:25,71.17262133333335,27.470703888888885
286,368788.337,Flight1_cam1-001-000033-0,-3099261.4754041787,3482618.1006217287,322.6826477050781,NkuluEP,2020-01-16,2020-01-16 08:26:28.337,08:26:28,71.16443466666666,27.472409444444445
287,368791.273,Flight1_cam1-001-000034-0,-3099237.4571083956,3482619.8377046725,322.5489196777344,NkuluEP,2020-01-16,2020-01-16 08:26:31.273,08:26:31,71.15660533333337,27.474040555555547
288,368797.279,Flight1_cam1-001-000035-0,-3099229.0606127176,3482625.3479307937,322.322265625,NkuluEP,2020-01-16,2020-01-16 08:26:37.279,08:26:37,71.14058933333338,27.477377222222213
289,368800.215,Flight1_cam1-001-000036-0,-3099213.6670568776,3482643.241255063,322.46160888671875,NkuluEP,2020-01-16,2020-01-16 08:26:40.215,08:26:40,71.13275999999993,27.479008333333347
290,368803.285,Flight1_cam1-001-000037-0,-3099194.742747045,3482663.3777819155,322.4778747558594,NkuluEP,2020-01-16,2020-01-16 08:26:43.285,08:26:43,71.1245733333334,27.480713888888875
291,368806.221,Flight1_cam1-001-000038-0,-3099177.9903017166,3482682.652900143,322.43536376953125,NkuluEP,2020-01-16,2020-01-16 08:26:46.221,08:26:46,71.11674399999995,27.48234500000001
292,368809.291,Flight1_cam1-001-000039-0,-3099175.1243488053,3482705.477826518,322.4669189453125,NkuluEP,2020-01-16,2020-01-16 08:26:49.291,08:26:49,71.10855733333327,27.48405055555557
293,368812.227,Flight1_cam1-001-000040-0,-3099195.032866529,3482718.519973994,322.4852294921875,NkuluEP,2020-01-16,2020-01-16 08:26:52.227,08:26:52,71.10072799999996,27.485681666666675
294,368815.297,Flight1_cam1-001-000041-0,-3099221.926260702,3482727.831421273,322.6501770019531,NkuluEP,2020-01-16,2020-01-16 08:26:55.297,08:26:55,71.09254133333329,27.48738722222223
295,368818.233,Flight1_cam1-001-000042-0,-3099243.7958045676,3482736.4677937157,322.734619140625,NkuluEP,2020-01-16,2020-01-16 08:26:58.233,08:26:58,71.08471199999998,27.489018333333338
296,368821.303,Flight1_cam1-001-000043-0,-3099269.6858689575,3482745.7165470347,323.0494689941406,NkuluEP,2020-01-16,2020-01-16 08:27:01.303,08:27:01,71.0765253333333,27.490723888888898
297,368824.239,Flight1_cam1-001-000044-0,-3099293.8815879575,3482754.9280131026,323.2160949707031,NkuluEP,2020-01-16,2020-01-16 08:27:04.239,08:27:04,71.068696,27.492355
298,368827.309,Flight1_cam1-001-000045-0,-3099318.738782219,3482764.0307505517,323.3912353515625,NkuluEP,2020-01-16,2020-01-16 08:27:07.309,08:27:07,71.06050933333331,27.49406055555556
299,368830.245,Flight1_cam1-001-000046-0,-3099343.1993935057,3482773.155958445,323.51300048828125,NkuluEP,2020-01-16,2020-01-16 08:27:10.245,08:27:10,71.05268000000001,27.495691666666666
300,368833.315,Flight1_cam1-001-000047-0,-3099369.186486323,3482782.6461126273,323.62921142578125,NkuluEP,2020-01-16,2020-01-16 08:27:13.315,08:27:13,71.04449333333334,27.497397222222222
301,368836.251,Flight1_cam1-001-000048-0,-3099393.379672575,3482791.753807505,323.7115783691406,NkuluEP,2020-01-16,2020-01-16 08:27:16.251,08:27:16,71.03666400000003,27.499028333333328
302,368839.32,Flight1_cam1-001-000049-0,-3099418.9895989583,3482801.0476089893,323.6955261230469,NkuluEP,2020-01-16,2020-01-16 08:27:19.320,08:27:19,71.02847999999999,27.500733333333336
303,368842.257,Flight1_cam1-001-000050-0,-3099443.5655567297,3482810.0984738553,323.75048828125,NkuluEP,2020-01-16,2020-01-16 08:27:22.257,08:27:22,71.02064800000005,27.50236499999999
304,368845.326,Flight1_cam1-001-000051-0,-3099468.4735171753,3482819.3493857905,323.7496643066406,NkuluEP,2020-01-16,2020-01-16 08:27:25.326,08:27:25,71.012464,27.50407
305,368848.263,Flight1_cam1-001-000052-0,-3099492.774006485,3482828.275905557,323.7398986816406,NkuluEP,2020-01-16,2020-01-16 08:27:28.263,08:27:28,71.00463200000006,27.505701666666653
306,368851.332,Flight1_cam1-001-000053-0,-3099518.9231372327,3482837.647708464,323.6774597167969,NkuluEP,2020-01-16,2020-01-16 08:27:31.332,08:27:31,70.99644800000002,27.507406666666665
307,368854.269,Flight1_cam1-001-000054-0,-3099543.525985173,3482846.603420907,323.725341796875,NkuluEP,2020-01-16,2020-01-16 08:27:34.269,08:27:34,70.98861600000008,27.50903833333332
308,368857.205,Flight1_cam1-001-000055-0,-3099568.247902091,3482855.7661746037,323.8390197753906,NkuluEP,2020-01-16,2020-01-16 08:27:37.205,08:27:37,70.98078666666663,27.510669444444453
309,368860.275,Flight1_cam1-001-000056-0,-3099593.720569409,3482865.0928530963,323.8526611328125,NkuluEP,2020-01-16,2020-01-16 08:27:40.275,08:27:40,70.97259999999994,27.512375000000013
310,368863.211,Flight1_cam1-001-000057-0,-3099618.398779604,3482873.760100401,323.9447937011719,NkuluEP,2020-01-16,2020-01-16 08:27:43.211,08:27:43,70.96477066666664,27.514006111111115
311,368866.281,Flight1_cam1-001-000058-0,-3099643.6633107527,3482883.240461919,323.93133544921875,NkuluEP,2020-01-16,2020-01-16 08:27:46.281,08:27:46,70.95658399999995,27.515711666666675
312,368869.217,Flight1_cam1-001-000059-0,-3099668.194126084,3482892.478094936,323.9420166015625,NkuluEP,2020-01-16,2020-01-16 08:27:49.217,08:27:49,70.94875466666666,27.51734277777778
313,368872.287,Flight1_cam1-001-000060-0,-3099693.6544075855,3482902.128102932,323.87908935546875,NkuluEP,2020-01-16,2020-01-16 08:27:52.287,08:27:52,70.94056799999997,27.51904833333334
314,368875.223,Flight1_cam1-001-000061-0,-3099718.2478801813,3482910.911179346,323.88311767578125,NkuluEP,2020-01-16,2020-01-16 08:27:55.223,08:27:55,70.93273866666668,27.520679444444443
315,368878.293,Flight1_cam1-001-000062-0,-3099744.0475520855,3482920.2176690884,323.7190856933594,NkuluEP,2020-01-16,2020-01-16 08:27:58.293,08:27:58,70.92455199999999,27.522385000000003
316,368881.229,Flight1_cam1-001-000063-0,-3099768.3146830304,3482929.316617704,323.66119384765625,NkuluEP,2020-01-16,2020-01-16 08:28:01.229,08:28:01,70.91672266666669,27.524016111111106
317,368884.298,Flight1_cam1-001-000064-0,-3099793.4787020073,3482938.715919862,323.6304931640625,NkuluEP,2020-01-16,2020-01-16 08:28:04.298,08:28:04,70.90853866666664,27.525721111111118
318,368887.235,Flight1_cam1-001-000065-0,-3099817.8046304495,3482947.702102986,323.47540283203125,NkuluEP,2020-01-16,2020-01-16 08:28:07.235,08:28:07,70.90070666666671,27.52735277777777
319,368890.304,Flight1_cam1-001-000066-0,-3099843.2735472573,3482957.2698675906,323.3047180175781,NkuluEP,2020-01-16,2020-01-16 08:28:10.304,08:28:10,70.89252266666666,27.52905777777778
320,368893.241,Flight1_cam1-001-000067-0,-3099867.9590090164,3482966.22608252,323.2367248535156,NkuluEP,2020-01-16,2020-01-16 08:28:13.241,08:28:13,70.88469066666673,27.530689444444434
321,368896.31,Flight1_cam1-001-000068-0,-3099894.046981233,3482975.582820167,323.1360168457031,NkuluEP,2020-01-16,2020-01-16 08:28:16.310,08:28:16,70.87650666666667,27.532394444444442
322,368899.247,Flight1_cam1-001-000069-0,-3099918.503467325,3482985.067658786,323.08477783203125,NkuluEP,2020-01-16,2020-01-16 08:28:19.247,08:28:19,70.86867466666673,27.534026111111096
323,368902.316,Flight1_cam1-001-000070-0,-3099943.4352179477,3482994.023634667,323.04296875,NkuluEP,2020-01-16,2020-01-16 08:28:22.316,08:28:22,70.86049066666669,27.535731111111104
324,368905.253,Flight1_cam1-001-000071-0,-3099968.0057660965,3483003.1702854866,322.93408203125,NkuluEP,2020-01-16,2020-01-16 08:28:25.253,08:28:25,70.8526586666666,27.53736277777779
325,368908.322,Flight1_cam1-001-000072-0,-3099993.318611848,3483012.3342912993,322.9713439941406,NkuluEP,2020-01-16,2020-01-16 08:28:28.322,08:28:28,70.84447466666671,27.53906777777777
326,368911.259,Flight1_cam1-001-000073-0,-3100018.278794913,3483021.0344388904,322.8446350097656,NkuluEP,2020-01-16,2020-01-16 08:28:31.259,08:28:31,70.83664266666662,27.540699444444456
327,368914.328,Flight1_cam1-001-000074-0,-3100043.7550045634,3483030.8487707777,322.8061828613281,NkuluEP,2020-01-16,2020-01-16 08:28:34.328,08:28:34,70.82845866666672,27.542404444444433
328,368917.265,Flight1_cam1-001-000075-0,-3100068.1280721435,3483039.7699498087,322.8199768066406,NkuluEP,2020-01-16,2020-01-16 08:28:37.265,08:28:37,70.82062666666663,27.54403611111112
329,368920.201,Flight1_cam1-001-000076-0,-3100092.9732384286,3483048.853073642,322.89971923828125,NkuluEP,2020-01-16,2020-01-16 08:28:40.201,08:28:40,70.81279733333334,27.54566722222222
330,368923.271,Flight1_cam1-001-000077-0,-3100117.8979572947,3483058.37374572,322.8056945800781,NkuluEP,2020-01-16,2020-01-16 08:28:43.271,08:28:43,70.80461066666665,27.54737277777778
331,368926.207,Flight1_cam1-001-000078-0,-3100142.8116332847,3483067.264992684,322.6802673339844,NkuluEP,2020-01-16,2020-01-16 08:28:46.207,08:28:46,70.79678133333334,27.549003888888887
332,368929.276,Flight1_cam1-001-000079-0,-3100168.2885136907,3483076.7445083484,322.67388916015625,NkuluEP,2020-01-16,2020-01-16 08:28:49.276,08:28:49,70.7885973333333,27.550708888888895
333,368932.213,Flight1_cam1-001-000080-0,-3100192.9940288747,3483085.485295351,322.649658203125,NkuluEP,2020-01-16,2020-01-16 08:28:52.213,08:28:52,70.78076533333336,27.55234055555555
334,368935.282,Flight1_cam1-001-000081-0,-3100218.7527864464,3483094.8631879645,322.6607360839844,NkuluEP,2020-01-16,2020-01-16 08:28:55.282,08:28:55,70.77258133333332,27.554045555555557
335,368938.219,Flight1_cam1-001-000082-0,-3100243.071136983,3483103.898812858,322.690185546875,NkuluEP,2020-01-16,2020-01-16 08:28:58.219,08:28:58,70.76474933333338,27.55567722222221
336,368941.288,Flight1_cam1-001-000083-0,-3100268.457330121,3483113.400476772,322.6145324707031,NkuluEP,2020-01-16,2020-01-16 08:29:01.288,08:29:01,70.75656533333333,27.557382222222223
337,368944.225,Flight1_cam1-001-000084-0,-3100292.893044614,3483122.3040679293,322.5655517578125,NkuluEP,2020-01-16,2020-01-16 08:29:04.225,08:29:04,70.74873333333339,27.559013888888877
338,368947.294,Flight1_cam1-001-000085-0,-3100318.631865198,3483131.8452991312,322.615966796875,NkuluEP,2020-01-16,2020-01-16 08:29:07.294,08:29:07,70.74054933333335,27.560718888888886
339,368950.231,Flight1_cam1-001-000086-0,-3100342.7153164917,3483140.999548908,322.5679626464844,NkuluEP,2020-01-16,2020-01-16 08:29:10.231,08:29:10,70.73271733333326,27.56235055555557
340,368953.3,Flight1_cam1-001-000087-0,-3100368.3865763186,3483150.481775533,322.68487548828125,NkuluEP,2020-01-16,2020-01-16 08:29:13.300,08:29:13,70.72453333333337,27.564055555555548
341,368956.237,Flight1_cam1-001-000088-0,-3100393.0299723465,3483159.491598512,322.76422119140625,NkuluEP,2020-01-16,2020-01-16 08:29:16.237,08:29:16,70.71670133333328,27.565687222222234
342,368959.306,Flight1_cam1-001-000089-0,-3100418.2406034297,3483168.9503949634,322.82037353515625,NkuluEP,2020-01-16,2020-01-16 08:29:19.306,08:29:19,70.70851733333338,27.567392222222214
343,368962.243,Flight1_cam1-001-000090-0,-3100442.7634892412,3483177.7307771053,322.8268737792969,NkuluEP,2020-01-16,2020-01-16 08:29:22.243,08:29:22,70.7006853333333,27.5690238888889
344,368965.312,Flight1_cam1-001-000091-0,-3100468.4645681796,3483187.345366023,322.86737060546875,NkuluEP,2020-01-16,2020-01-16 08:29:25.312,08:29:25,70.6925013333334,27.570728888888876
345,368968.248,Flight1_cam1-001-000092-0,-3100492.861267541,3483196.4921061816,322.8902282714844,NkuluEP,2020-01-16,2020-01-16 08:29:28.248,08:29:28,70.68467199999995,27.57236000000001
346,368971.318,Flight1_cam1-001-000093-0,-3100518.882120267,3483205.841553964,322.7225646972656,NkuluEP,2020-01-16,2020-01-16 08:29:31.318,08:29:31,70.67648533333326,27.57406555555557
347,368974.254,Flight1_cam1-001-000094-0,-3100543.1550753023,3483215.130437206,322.65850830078125,NkuluEP,2020-01-16,2020-01-16 08:29:34.254,08:29:34,70.66865599999996,27.575696666666676
348,368977.324,Flight1_cam1-001-000095-0,-3100568.4644540963,3483224.086918494,322.5849609375,NkuluEP,2020-01-16,2020-01-16 08:29:37.324,08:29:37,70.66046933333328,27.577402222222233
349,368980.26,Flight1_cam1-001-000096-0,-3100593.1134611177,3483233.0501027857,322.508056640625,NkuluEP,2020-01-16,2020-01-16 08:29:40.260,08:29:40,70.65263999999998,27.57903333333334
350,368983.33,Flight1_cam1-001-000097-0,-3100618.895123213,3483242.4438182875,322.52923583984375,NkuluEP,2020-01-16,2020-01-16 08:29:43.330,08:29:43,70.64445333333329,27.5807388888889
351,368986.266,Flight1_cam1-001-000098-0,-3100643.411403932,3483251.383989324,322.6009521484375,NkuluEP,2020-01-16,2020-01-16 08:29:46.266,08:29:46,70.636624,27.58237
352,368989.336,Flight1_cam1-001-000099-0,-3100669.196816236,3483260.904109806,322.6225891113281,NkuluEP,2020-01-16,2020-01-16 08:29:49.336,08:29:49,70.62843733333331,27.58407555555556
353,368992.272,Flight1_cam1-001-000100-0,-3100693.769072645,3483269.894643702,322.5187072753906,NkuluEP,2020-01-16,2020-01-16 08:29:52.272,08:29:52,70.620608,27.585706666666663
354,368995.209,Flight1_cam1-001-000101-0,-3100718.1487888577,3483278.650354362,322.25433349609375,NkuluEP,2020-01-16,2020-01-16 08:29:55.209,08:29:55,70.61277600000007,27.587338333333317
355,368998.278,Flight1_cam1-001-000102-0,-3100743.314907744,3483288.335069616,322.02484130859375,NkuluEP,2020-01-16,2020-01-16 08:29:58.278,08:29:58,70.60459200000003,27.58904333333333
356,369001.215,Flight1_cam1-001-000103-0,-3100759.3046247615,3483306.7424952895,321.88189697265625,NkuluEP,2020-01-16,2020-01-16 08:30:01.215,08:30:01,70.59675999999993,27.590675000000015
357,369004.284,Flight1_cam1-001-000104-0,-3100758.7755805985,3483334.387298025,321.84478759765625,NkuluEP,2020-01-16,2020-01-16 08:30:04.284,08:30:04,70.58857600000005,27.59237999999999
358,369007.221,Flight1_cam1-001-000105-0,-3100751.2251429725,3483357.067845567,321.8167419433594,NkuluEP,2020-01-16,2020-01-16 08:30:07.221,08:30:07,70.58074399999995,27.594011666666677
359,369010.29,Flight1_cam1-001-000106-0,-3100742.1796466797,3483380.370766771,321.8375244140625,NkuluEP,2020-01-16,2020-01-16 08:30:10.290,08:30:10,70.57256000000005,27.595716666666654
360,369013.226,Flight1_cam1-001-000107-0,-3100720.3751047472,3483390.912843345,321.7518005371094,NkuluEP,2020-01-16,2020-01-16 08:30:13.226,08:30:13,70.5647306666666,27.59734777777779
361,369016.296,Flight1_cam1-001-000108-0,-3100699.51133297,3483384.3692430067,321.7532043457031,NkuluEP,2020-01-16,2020-01-16 08:30:16.296,08:30:16,70.55654400000007,27.59905333333332
362,369019.232,Flight1_cam1-001-000109-0,-3100678.4581427197,3483375.016894714,321.7815856933594,NkuluEP,2020-01-16,2020-01-16 08:30:19.232,08:30:19,70.54871466666663,27.600684444444454
363,369022.302,Flight1_cam1-001-000110-0,-3100656.075541517,3483366.9148496822,321.6802062988281,NkuluEP,2020-01-16,2020-01-16 08:30:22.302,08:30:22,70.54052799999994,27.602390000000014
364,369025.238,Flight1_cam1-001-000111-0,-3100633.038029106,3483359.0005020374,321.65740966796875,NkuluEP,2020-01-16,2020-01-16 08:30:25.238,08:30:25,70.53269866666663,27.604021111111116
365,369028.308,Flight1_cam1-001-000112-0,-3100607.3701122995,3483349.969906929,321.6909484863281,NkuluEP,2020-01-16,2020-01-16 08:30:28.308,08:30:28,70.52451199999994,27.605726666666676
366,369031.244,Flight1_cam1-001-000113-0,-3100582.8628060543,3483341.068878924,321.7622985839844,NkuluEP,2020-01-16,2020-01-16 08:30:31.244,08:30:31,70.51668266666665,27.607357777777782
367,369034.314,Flight1_cam1-001-000114-0,-3100557.6976059857,3483331.9246959505,321.75750732421875,NkuluEP,2020-01-16,2020-01-16 08:30:34.314,08:30:34,70.50849599999997,27.60906333333334
368,369037.25,Flight1_cam1-001-000115-0,-3100533.4934557844,3483323.0908438503,321.75897216796875,NkuluEP,2020-01-16,2020-01-16 08:30:37.250,08:30:37,70.50066666666666,27.610694444444444
369,369040.32,Flight1_cam1-001-000116-0,-3100507.2934768074,3483313.928155067,321.8430480957031,NkuluEP,2020-01-16,2020-01-16 08:30:40.320,08:30:40,70.49247999999999,27.612400000000004
370,369043.256,Flight1_cam1-001-000117-0,-3100482.889312305,3483304.6427706964,321.8612060546875,NkuluEP,2020-01-16,2020-01-16 08:30:43.256,08:30:43,70.48465066666668,27.614031111111107
371,369046.326,Flight1_cam1-001-000118-0,-3100457.431033677,3483295.0562506714,322.001953125,NkuluEP,2020-01-16,2020-01-16 08:30:46.326,08:30:46,70.47646399999999,27.615736666666667
372,369049.262,Flight1_cam1-001-000119-0,-3100432.7707856386,3483286.328987005,322.1036376953125,NkuluEP,2020-01-16,2020-01-16 08:30:49.262,08:30:49,70.4686346666667,27.617367777777773
373,369052.332,Flight1_cam1-001-000120-0,-3100407.581030459,3483276.9729707045,322.019287109375,NkuluEP,2020-01-16,2020-01-16 08:30:52.332,08:30:52,70.46044800000001,27.61907333333333
374,369055.268,Flight1_cam1-001-000121-0,-3100383.2774331803,3483268.0488259206,321.8490295410156,NkuluEP,2020-01-16,2020-01-16 08:30:55.268,08:30:55,70.45261866666672,27.620704444444435
375,369058.204,Flight1_cam1-001-000122-0,-3100358.8459666087,3483258.924713113,321.7801208496094,NkuluEP,2020-01-16,2020-01-16 08:30:58.204,08:30:58,70.44478933333326,27.62233555555557
376,369061.274,Flight1_cam1-001-000123-0,-3100332.7478820505,3483249.6699178633,321.746826171875,NkuluEP,2020-01-16,2020-01-16 08:31:01.274,08:31:01,70.43660266666673,27.624041111111097
377,369064.21,Flight1_cam1-001-000124-0,-3100308.2343614735,3483240.4803590607,321.653564453125,NkuluEP,2020-01-16,2020-01-16 08:31:04.210,08:31:04,70.42877333333328,27.625672222222235
378,369067.28,Flight1_cam1-001-000125-0,-3100282.519823854,3483230.969508038,321.6197814941406,NkuluEP,2020-01-16,2020-01-16 08:31:07.280,08:31:07,70.4205866666666,27.62737777777779
379,369070.216,Flight1_cam1-001-000126-0,-3100257.9372188835,3483222.1469016946,321.6349182128906,NkuluEP,2020-01-16,2020-01-16 08:31:10.216,08:31:10,70.41275733333329,27.629008888888897
380,369073.286,Flight1_cam1-001-000127-0,-3100232.783314293,3483212.687474287,321.5892028808594,NkuluEP,2020-01-16,2020-01-16 08:31:13.286,08:31:13,70.40457066666661,27.630714444444457
381,369076.222,Flight1_cam1-001-000128-0,-3100208.4640336325,3483203.658456096,321.55853271484375,NkuluEP,2020-01-16,2020-01-16 08:31:16.222,08:31:16,70.39674133333331,27.63234555555556
382,369079.292,Flight1_cam1-001-000129-0,-3100182.738215669,3483194.372738267,321.52142333984375,NkuluEP,2020-01-16,2020-01-16 08:31:19.292,08:31:19,70.38855466666662,27.63405111111112
383,369082.228,Flight1_cam1-001-000130-0,-3100158.2485270514,3483185.5214684024,321.50299072265625,NkuluEP,2020-01-16,2020-01-16 08:31:22.228,08:31:22,70.38072533333333,27.635682222222222
384,369085.298,Flight1_cam1-001-000131-0,-3100132.72712976,3483175.8934134846,321.4822082519531,NkuluEP,2020-01-16,2020-01-16 08:31:25.298,08:31:25,70.37253866666664,27.637387777777782
385,369088.234,Flight1_cam1-001-000132-0,-3100108.0473673823,3483166.902296832,321.5284118652344,NkuluEP,2020-01-16,2020-01-16 08:31:28.234,08:31:28,70.36470933333334,27.639018888888888
386,369091.304,Flight1_cam1-001-000133-0,-3100082.3087715195,3483157.032662595,321.5382385253906,NkuluEP,2020-01-16,2020-01-16 08:31:31.304,08:31:31,70.35652266666666,27.640724444444448
387,369094.24,Flight1_cam1-001-000134-0,-3100057.5727086826,3483148.0590812406,321.5376281738281,NkuluEP,2020-01-16,2020-01-16 08:31:34.240,08:31:34,70.34869333333336,27.64235555555555
388,369097.31,Flight1_cam1-001-000135-0,-3100032.1851940476,3483139.016904042,321.49786376953125,NkuluEP,2020-01-16,2020-01-16 08:31:37.310,08:31:37,70.34050666666667,27.64406111111111
389,369100.246,Flight1_cam1-001-000136-0,-3100008.2853391496,3483129.7592284097,321.4284362792969,NkuluEP,2020-01-16,2020-01-16 08:31:40.246,08:31:40,70.33267733333338,27.645692222222213
390,369103.316,Flight1_cam1-001-000137-0,-3099982.37047909,3483120.4114624504,321.4795837402344,NkuluEP,2020-01-16,2020-01-16 08:31:43.316,08:31:43,70.32449066666669,27.647397777777773
391,369106.252,Flight1_cam1-001-000138-0,-3099957.9476465764,3483111.4515544376,321.55078125,NkuluEP,2020-01-16,2020-01-16 08:31:46.252,08:31:46,70.31666133333339,27.64902888888888
392,369109.322,Flight1_cam1-001-000139-0,-3099931.8626498617,3483102.0476598735,321.6228942871094,NkuluEP,2020-01-16,2020-01-16 08:31:49.322,08:31:49,70.30847466666671,27.650734444444435
393,369112.258,Flight1_cam1-001-000140-0,-3099907.2657287493,3483092.939815848,321.67694091796875,NkuluEP,2020-01-16,2020-01-16 08:31:52.258,08:31:52,70.3006453333334,27.65236555555554
394,369115.328,Flight1_cam1-001-000141-0,-3099882.4296776955,3483083.635745565,321.61761474609375,NkuluEP,2020-01-16,2020-01-16 08:31:55.328,08:31:55,70.29245866666672,27.6540711111111
395,369118.264,Flight1_cam1-001-000142-0,-3099857.947530518,3483074.8454016065,321.67449951171875,NkuluEP,2020-01-16,2020-01-16 08:31:58.264,08:31:58,70.28462933333327,27.655702222222235
396,369121.334,Flight1_cam1-001-000143-0,-3099832.1311653997,3483065.3278012914,321.7203063964844,NkuluEP,2020-01-16,2020-01-16 08:32:01.334,08:32:01,70.27644266666674,27.657407777777763
397,369124.27,Flight1_cam1-001-000144-0,-3099807.360732236,3483056.1482040025,321.6558532714844,NkuluEP,2020-01-16,2020-01-16 08:32:04.270,08:32:04,70.26861333333329,27.6590388888889
398,369127.34,Flight1_cam1-001-000145-0,-3099781.897274431,3483046.4536450384,321.6368713378906,NkuluEP,2020-01-16,2020-01-16 08:32:07.340,08:32:07,70.2604266666666,27.660744444444457
399,369130.276,Flight1_cam1-001-000146-0,-3099757.5044341795,3483037.4442272163,321.5821533203125,NkuluEP,2020-01-16,2020-01-16 08:32:10.276,08:32:10,70.2525973333333,27.662375555555563
400,369133.212,Flight1_cam1-001-000147-0,-3099732.9089447292,3483028.3817609786,321.5673828125,NkuluEP,2020-01-16,2020-01-16 08:32:13.212,08:32:13,70.24476800000001,27.664006666666666
401,369136.282,Flight1_cam1-001-000148-0,-3099707.8657047213,3483019.3743351735,321.5802917480469,NkuluEP,2020-01-16,2020-01-16 08:32:16.282,08:32:16,70.23658133333332,27.665712222222226
402,369139.218,Flight1_cam1-001-000149-0,-3099683.471148568,3483010.316509758,321.5196533203125,NkuluEP,2020-01-16,2020-01-16 08:32:19.218,08:32:19,70.22875200000001,27.667343333333328
403,369142.288,Flight1_cam1-001-000150-0,-3099657.6708192355,3483000.763757044,321.54302978515625,NkuluEP,2020-01-16,2020-01-16 08:32:22.288,08:32:22,70.22056533333333,27.669048888888888
404,369145.224,Flight1_cam1-001-000151-0,-3099633.093199483,3482991.7007280807,321.5459899902344,NkuluEP,2020-01-16,2020-01-16 08:32:25.224,08:32:25,70.21273600000004,27.670679999999994
405,369148.294,Flight1_cam1-001-000152-0,-3099607.042696048,3482982.4808242293,321.6324462890625,NkuluEP,2020-01-16,2020-01-16 08:32:28.294,08:32:28,70.20454933333335,27.672385555555554
406,369151.23,Flight1_cam1-001-000153-0,-3099582.77564999,3482973.221186532,321.7456359863281,NkuluEP,2020-01-16,2020-01-16 08:32:31.230,08:32:31,70.19672000000006,27.674016666666656
407,369154.3,Flight1_cam1-001-000154-0,-3099557.4878180334,3482963.8489034,321.7940673828125,NkuluEP,2020-01-16,2020-01-16 08:32:34.300,08:32:34,70.18853333333337,27.675722222222216
408,369157.236,Flight1_cam1-001-000155-0,-3099533.1433549435,3482955.0767189325,321.7618713378906,NkuluEP,2020-01-16,2020-01-16 08:32:37.236,08:32:37,70.18070400000006,27.67735333333332
409,369160.306,Flight1_cam1-001-000156-0,-3099507.3383005774,3482945.4134941977,321.6542053222656,NkuluEP,2020-01-16,2020-01-16 08:32:40.306,08:32:40,70.17251733333339,27.67905888888888
410,369163.242,Flight1_cam1-001-000157-0,-3099482.7676048656,3482936.5738105047,321.5994873046875,NkuluEP,2020-01-16,2020-01-16 08:32:43.242,08:32:43,70.16468799999993,27.680690000000016
411,369166.312,Flight1_cam1-001-000158-0,-3099457.006528396,3482926.93192019,321.5977478027344,NkuluEP,2020-01-16,2020-01-16 08:32:46.312,08:32:46,70.1565013333334,27.68239555555554
412,369169.248,Flight1_cam1-001-000159-0,-3099432.42310227,3482918.0864154357,321.5540466308594,NkuluEP,2020-01-16,2020-01-16 08:32:49.248,08:32:49,70.14867199999995,27.68402666666668
413,369172.318,Flight1_cam1-001-000160-0,-3099407.244954035,3482908.8003426157,321.55267333984375,NkuluEP,2020-01-16,2020-01-16 08:32:52.318,08:32:52,70.14048533333326,27.68573222222224
414,369175.254,Flight1_cam1-001-000161-0,-3099382.4716803553,3482899.7942192922,321.53369140625,NkuluEP,2020-01-16,2020-01-16 08:32:55.254,08:32:55,70.13265599999995,27.68736333333334
415,369178.324,Flight1_cam1-001-000162-0,-3099356.815608846,3482890.6530188182,321.5578918457031,NkuluEP,2020-01-16,2020-01-16 08:32:58.324,08:32:58,70.12446933333328,27.6890688888889
416,369181.26,Flight1_cam1-001-000163-0,-3099332.6004053922,3482881.8300243714,321.3957214355469,NkuluEP,2020-01-16,2020-01-16 08:33:01.260,08:33:01,70.11663999999998,27.690700000000007
417,369184.33,Flight1_cam1-001-000164-0,-3099306.740391824,3482872.235524667,321.44287109375,NkuluEP,2020-01-16,2020-01-16 08:33:04.330,08:33:04,70.10845333333329,27.692405555555563
418,369187.266,Flight1_cam1-001-000165-0,-3099281.946046556,3482863.1075891517,321.4060974121094,NkuluEP,2020-01-16,2020-01-16 08:33:07.266,08:33:07,70.100624,27.69403666666667
419,369190.336,Flight1_cam1-001-000166-0,-3099257.168369553,3482853.739198795,321.3332824707031,NkuluEP,2020-01-16,2020-01-16 08:33:10.336,08:33:10,70.09243733333331,27.69574222222223
420,369193.272,Flight1_cam1-001-000167-0,-3099232.6433879016,3482844.7263393244,321.3105773925781,NkuluEP,2020-01-16,2020-01-16 08:33:13.272,08:33:13,70.084608,27.69737333333333
421,369196.342,Flight1_cam1-001-000168-0,-3099206.9445870076,3482835.14253477,321.3583068847656,NkuluEP,2020-01-16,2020-01-16 08:33:16.342,08:33:16,70.07642133333333,27.69907888888889
422,369199.278,Flight1_cam1-001-000169-0,-3099182.486987175,3482826.073229224,321.3650817871094,NkuluEP,2020-01-16,2020-01-16 08:33:19.278,08:33:19,70.06859200000002,27.700709999999994
423,369202.214,Flight1_cam1-001-000170-0,-3099158.060404958,3482817.1959836083,321.4148254394531,NkuluEP,2020-01-16,2020-01-16 08:33:22.214,08:33:22,70.06076266666673,27.7023411111111
424,369205.284,Flight1_cam1-001-000171-0,-3099131.9447194585,3482808.467306709,321.3815612792969,NkuluEP,2020-01-16,2020-01-16 08:33:25.284,08:33:25,70.05257600000004,27.70404666666666
425,369208.22,Flight1_cam1-001-000172-0,-3099107.160195797,3482811.2954041976,321.42230224609375,NkuluEP,2020-01-16,2020-01-16 08:33:28.220,08:33:28,70.04474666666674,27.705677777777762
426,369211.29,Flight1_cam1-001-000173-0,-3099088.7557936166,3482830.255125808,321.3659362792969,NkuluEP,2020-01-16,2020-01-16 08:33:31.290,08:33:31,70.03656000000005,27.707383333333322
427,369214.226,Flight1_cam1-001-000174-0,-3099077.2867006725,3482853.786416341,321.35528564453125,NkuluEP,2020-01-16,2020-01-16 08:33:34.226,08:33:34,70.0287306666666,27.709014444444456
428,369217.296,Flight1_cam1-001-000175-0,-3099068.409165362,3482876.2241709167,321.3387756347656,NkuluEP,2020-01-16,2020-01-16 08:33:37.296,08:33:37,70.02054400000007,27.710719999999984
429,369220.232,Flight1_cam1-001-000176-0,-3099077.632434519,3482898.443338658,321.3316345214844,NkuluEP,2020-01-16,2020-01-16 08:33:40.232,08:33:40,70.01271466666662,27.712351111111122
430,369223.302,Flight1_cam1-001-000177-0,-3099103.7863942673,3482909.4745122427,321.4549560546875,NkuluEP,2020-01-16,2020-01-16 08:33:43.302,08:33:43,70.00452799999994,27.714056666666682
431,369226.238,Flight1_cam1-001-000178-0,-3099124.86476819,3482917.4286579182,321.5217590332031,NkuluEP,2020-01-16,2020-01-16 08:33:46.238,08:33:46,69.99669866666663,27.715687777777784
432,369229.308,Flight1_cam1-001-000179-0,-3099148.559230112,3482925.919001175,321.71441650390625,NkuluEP,2020-01-16,2020-01-16 08:33:49.308,08:33:49,69.98851199999994,27.717393333333344
433,369232.244,Flight1_cam1-001-000180-0,-3099172.091299283,3482934.5379118295,321.840576171875,NkuluEP,2020-01-16,2020-01-16 08:33:52.244,08:33:52,69.98068266666665,27.719024444444447
434,369235.314,Flight1_cam1-001-000181-0,-3099197.6266061068,3482944.1850311034,322.0548400878906,NkuluEP,2020-01-16,2020-01-16 08:33:55.314,08:33:55,69.97249599999996,27.720730000000007
435,369238.25,Flight1_cam1-001-000182-0,-3099221.7226738124,3482953.310656468,322.0552673339844,NkuluEP,2020-01-16,2020-01-16 08:33:58.250,08:33:58,69.96466666666667,27.722361111111113
436,369241.32,Flight1_cam1-001-000183-0,-3099246.3789044074,3482962.761534624,322.1412658691406,NkuluEP,2020-01-16,2020-01-16 08:34:01.320,08:34:01,69.95647999999998,27.72406666666667
437,369244.256,Flight1_cam1-001-000184-0,-3099270.970030445,3482971.7615917358,322.06787109375,NkuluEP,2020-01-16,2020-01-16 08:34:04.256,08:34:04,69.94865066666668,27.725697777777775
438,369247.326,Flight1_cam1-001-000185-0,-3099295.8319349014,3482980.866181836,322.1595458984375,NkuluEP,2020-01-16,2020-01-16 08:34:07.326,08:34:07,69.94046399999999,27.727403333333335
439,369250.262,Flight1_cam1-001-000186-0,-3099320.54893096,3482989.593383119,322.3129577636719,NkuluEP,2020-01-16,2020-01-16 08:34:10.262,08:34:10,69.9326346666667,27.729034444444437
440,369253.331,Flight1_cam1-001-000187-0,-3099346.7472927906,3482999.023053663,322.49249267578125,NkuluEP,2020-01-16,2020-01-16 08:34:13.331,08:34:13,69.92445066666666,27.73073944444445
441,369256.268,Flight1_cam1-001-000188-0,-3099371.0848070118,3483008.227780568,322.35919189453125,NkuluEP,2020-01-16,2020-01-16 08:34:16.268,08:34:16,69.91661866666672,27.7323711111111
442,369259.337,Flight1_cam1-001-000189-0,-3099396.506321491,3483017.633801767,322.41534423828125,NkuluEP,2020-01-16,2020-01-16 08:34:19.337,08:34:19,69.90843466666666,27.73407611111111
443,369262.274,Flight1_cam1-001-000190-0,-3099420.893294629,3483026.618964768,322.5177917480469,NkuluEP,2020-01-16,2020-01-16 08:34:22.274,08:34:22,69.90060266666673,27.735707777777765
444,369265.343,Flight1_cam1-001-000191-0,-3099446.0760478056,3483035.9834971763,322.5207214355469,NkuluEP,2020-01-16,2020-01-16 08:34:25.343,08:34:25,69.89241866666669,27.737412777777774
445,369268.28,Flight1_cam1-001-000192-0,-3099470.6620796393,3483044.9080105224,322.5328369140625,NkuluEP,2020-01-16,2020-01-16 08:34:28.280,08:34:28,69.88458666666659,27.73904444444446
446,369271.216,Flight1_cam1-001-000193-0,-3099495.4615944214,3483053.9750879775,322.5045166015625,NkuluEP,2020-01-16,2020-01-16 08:34:31.216,08:34:31,69.87675733333329,27.740675555555562
447,369274.286,Flight1_cam1-001-000194-0,-3099520.677910318,3483063.3183542457,322.46160888671875,NkuluEP,2020-01-16,2020-01-16 08:34:34.286,08:34:34,69.86857066666661,27.742381111111122
448,369277.222,Flight1_cam1-001-000195-0,-3099545.3442987963,3483072.3469901867,322.4447326660156,NkuluEP,2020-01-16,2020-01-16 08:34:37.222,08:34:37,69.86074133333331,27.744012222222228
449,369280.292,Flight1_cam1-001-000196-0,-3099571.533151709,3483081.8670106325,322.42828369140625,NkuluEP,2020-01-16,2020-01-16 08:34:40.292,08:34:40,69.85255466666662,27.745717777777788
450,369283.228,Flight1_cam1-001-000197-0,-3099595.301718007,3483090.568100788,322.4715576171875,NkuluEP,2020-01-16,2020-01-16 08:34:43.228,08:34:43,69.84472533333333,27.74734888888889
451,369286.298,Flight1_cam1-001-000198-0,-3099621.50685737,3483100.0948405624,322.5808410644531,NkuluEP,2020-01-16,2020-01-16 08:34:46.298,08:34:46,69.83653866666664,27.74905444444445
452,369289.234,Flight1_cam1-001-000199-0,-3099645.430281121,3483109.0089794034,322.592041015625,NkuluEP,2020-01-16,2020-01-16 08:34:49.234,08:34:49,69.82870933333334,27.750685555555552
453,369292.303,Flight1_cam1-001-000200-0,-3099671.5104554673,3483118.4820450647,322.61090087890625,NkuluEP,2020-01-16,2020-01-16 08:34:52.303,08:34:52,69.8205253333333,27.752390555555564
454,369295.24,Flight1_cam1-001-000201-0,-3099695.750982761,3483127.343384942,322.6300354003906,NkuluEP,2020-01-16,2020-01-16 08:34:55.240,08:34:55,69.81269333333336,27.75402222222222
455,369298.309,Flight1_cam1-001-000202-0,-3099721.8732125075,3483136.9596001576,322.5873718261719,NkuluEP,2020-01-16,2020-01-16 08:34:58.309,08:34:58,69.80450933333331,27.755727222222227
456,369301.246,Flight1_cam1-001-000203-0,-3099745.9390472462,3483145.6884095306,322.4093322753906,NkuluEP,2020-01-16,2020-01-16 08:35:01.246,08:35:01,69.79667733333338,27.75735888888888
457,369304.315,Flight1_cam1-001-000204-0,-3099771.8255276573,3483155.148223263,322.2162170410156,NkuluEP,2020-01-16,2020-01-16 08:35:04.315,08:35:04,69.78849333333332,27.75906388888889
458,369307.252,Flight1_cam1-001-000205-0,-3099796.3407742106,3483164.3790904554,322.25897216796875,NkuluEP,2020-01-16,2020-01-16 08:35:07.252,08:35:07,69.78066133333338,27.760695555555543
459,369310.321,Flight1_cam1-001-000206-0,-3099821.422853298,3483173.977246282,322.27142333984375,NkuluEP,2020-01-16,2020-01-16 08:35:10.321,08:35:10,69.77247733333334,27.762400555555555
460,369313.258,Flight1_cam1-001-000207-0,-3099846.0946950736,3483182.9821253894,322.12139892578125,NkuluEP,2020-01-16,2020-01-16 08:35:13.258,08:35:13,69.7646453333334,27.764032222222205
461,369316.327,Flight1_cam1-001-000208-0,-3099871.3325243015,3483192.068965788,322.230224609375,NkuluEP,2020-01-16,2020-01-16 08:35:16.327,08:35:16,69.75646133333336,27.765737222222217
462,369319.264,Flight1_cam1-001-000209-0,-3099895.6154697277,3483201.308489107,322.30743408203125,NkuluEP,2020-01-16,2020-01-16 08:35:19.264,08:35:19,69.74862933333327,27.767368888888903
463,369322.333,Flight1_cam1-001-000210-0,-3099920.444478799,3483210.3031667694,322.4100646972656,NkuluEP,2020-01-16,2020-01-16 08:35:22.333,08:35:22,69.74044533333338,27.76907388888888
464,369325.27,Flight1_cam1-001-000211-0,-3099944.901583071,3483219.581712846,322.47161865234375,NkuluEP,2020-01-16,2020-01-16 08:35:25.270,08:35:25,69.73261333333329,27.770705555555566
465,369328.339,Flight1_cam1-001-000212-0,-3099971.390202211,3483229.228626926,322.4178771972656,NkuluEP,2020-01-16,2020-01-16 08:35:28.339,08:35:28,69.72442933333339,27.772410555555542
466,369331.276,Flight1_cam1-001-000213-0,-3099995.653518689,3483237.9518222776,322.3392028808594,NkuluEP,2020-01-16,2020-01-16 08:35:31.276,08:35:31,69.7165973333333,27.774042222222228
467,369334.345,Flight1_cam1-001-000214-0,-3100021.6673196387,3483247.4271333823,322.3681945800781,NkuluEP,2020-01-16,2020-01-16 08:35:34.345,08:35:34,69.70841333333341,27.775747222222208
468,369337.281,Flight1_cam1-001-000215-0,-3100045.656918209,3483256.0156250554,322.43060302734375,NkuluEP,2020-01-16,2020-01-16 08:35:37.281,08:35:37,69.70058399999995,27.777378333333342
469,369340.218,Flight1_cam1-001-000216-0,-3100069.837176188,3483265.582433748,322.54241943359375,NkuluEP,2020-01-16,2020-01-16 08:35:40.218,08:35:40,69.69275200000001,27.779009999999996
470,369343.287,Flight1_cam1-001-000217-0,-3100095.0415900475,3483274.633906694,322.5885925292969,NkuluEP,2020-01-16,2020-01-16 08:35:43.287,08:35:43,69.68456799999997,27.780715000000008
471,369346.224,Flight1_cam1-001-000218-0,-3100119.8581686076,3483283.3838582947,322.5184020996094,NkuluEP,2020-01-16,2020-01-16 08:35:46.224,08:35:46,69.67673600000003,27.78234666666666
472,369349.293,Flight1_cam1-001-000219-0,-3100145.5564944395,3483292.787842394,322.3990783691406,NkuluEP,2020-01-16,2020-01-16 08:35:49.293,08:35:49,69.66855199999999,27.78405166666667
473,369352.23,Flight1_cam1-001-000220-0,-3100169.846530479,3483301.8927757936,322.3419494628906,NkuluEP,2020-01-16,2020-01-16 08:35:52.230,08:35:52,69.66072000000005,27.785683333333324
474,369355.299,Flight1_cam1-001-000221-0,-3100195.7018799367,3483311.492664658,322.3901062011719,NkuluEP,2020-01-16,2020-01-16 08:35:55.299,08:35:55,69.652536,27.787388333333332
475,369358.236,Flight1_cam1-001-000222-0,-3100219.7517371955,3483320.5581118194,322.4904479980469,NkuluEP,2020-01-16,2020-01-16 08:35:58.236,08:35:58,69.64470400000006,27.789019999999987
476,369361.305,Flight1_cam1-001-000223-0,-3100244.9337990074,3483329.7090029838,322.5902404785156,NkuluEP,2020-01-16,2020-01-16 08:36:01.305,08:36:01,69.63652000000002,27.790724999999995
477,369364.242,Flight1_cam1-001-000224-0,-3100269.7568737604,3483338.887587348,322.52764892578125,NkuluEP,2020-01-16,2020-01-16 08:36:04.242,08:36:04,69.62868799999993,27.79235666666668
478,369367.311,Flight1_cam1-001-000225-0,-3100295.460703241,3483348.1981435404,322.4202880859375,NkuluEP,2020-01-16,2020-01-16 08:36:07.311,08:36:07,69.62050400000004,27.79406166666666
479,369370.248,Flight1_cam1-001-000226-0,-3100320.4115831917,3483356.8982269554,322.3948974609375,NkuluEP,2020-01-16,2020-01-16 08:36:10.248,08:36:10,69.61267199999995,27.795693333333347
480,369373.317,Flight1_cam1-001-000227-0,-3100346.0962419496,3483366.393757777,322.185546875,NkuluEP,2020-01-16,2020-01-16 08:36:13.317,08:36:13,69.60448800000005,27.797398333333323
481,369376.253,Flight1_cam1-001-000228-0,-3100369.5986305573,3483375.5883073756,322.2105407714844,NkuluEP,2020-01-16,2020-01-16 08:36:16.253,08:36:16,69.5966586666666,27.799029444444457
482,369379.323,Flight1_cam1-001-000229-0,-3100394.7078625443,3483384.770013318,322.38873291015625,NkuluEP,2020-01-16,2020-01-16 08:36:19.323,08:36:19,69.58847200000007,27.800734999999985
483,369382.259,Flight1_cam1-001-000230-0,-3100419.4650919405,3483393.934105129,322.6116027832031,NkuluEP,2020-01-16,2020-01-16 08:36:22.259,08:36:22,69.58064266666662,27.802366111111123
484,369385.329,Flight1_cam1-001-000231-0,-3100445.4118962814,3483403.5365851773,322.65625,NkuluEP,2020-01-16,2020-01-16 08:36:25.329,08:36:25,69.57245599999993,27.804071666666683
485,369388.265,Flight1_cam1-001-000232-0,-3100469.4955559974,3483412.654677874,322.7507629394531,NkuluEP,2020-01-16,2020-01-16 08:36:28.265,08:36:28,69.56462666666663,27.805702777777785
486,369391.335,Flight1_cam1-001-000233-0,-3100495.4549617935,3483422.004742468,322.76824951171875,NkuluEP,2020-01-16,2020-01-16 08:36:31.335,08:36:31,69.55643999999994,27.807408333333345
487,369394.271,Flight1_cam1-001-000234-0,-3100519.7075266046,3483430.9951638426,322.728759765625,NkuluEP,2020-01-16,2020-01-16 08:36:34.271,08:36:34,69.54861066666665,27.809039444444448
488,369397.341,Flight1_cam1-001-000235-0,-3100544.9849135946,3483440.155568828,322.74822998046875,NkuluEP,2020-01-16,2020-01-16 08:36:37.341,08:36:37,69.54042399999996,27.810745000000008
489,369400.277,Flight1_cam1-001-000236-0,-3100569.5234264815,3483449.152239653,322.66387939453125,NkuluEP,2020-01-16,2020-01-16 08:36:40.277,08:36:40,69.53259466666667,27.812376111111114
490,369403.347,Flight1_cam1-001-000237-0,-3100595.5635599927,3483458.6139474595,322.7107849121094,NkuluEP,2020-01-16,2020-01-16 08:36:43.347,08:36:43,69.52440799999998,27.81408166666667
491,369406.283,Flight1_cam1-001-000238-0,-3100620.1915162103,3483467.6319056866,322.8736267089844,NkuluEP,2020-01-16,2020-01-16 08:36:46.283,08:36:46,69.51657866666667,27.815712777777776
492,369409.22,Flight1_cam1-001-000239-0,-3100644.651791453,3483476.887292741,322.96844482421875,NkuluEP,2020-01-16,2020-01-16 08:36:49.220,08:36:49,69.50874666666674,27.81734444444443
493,369412.289,Flight1_cam1-001-000240-0,-3100670.1566280858,3483486.682727648,323.01788330078125,NkuluEP,2020-01-16,2020-01-16 08:36:52.289,08:36:52,69.5005626666667,27.81904944444444
494,369415.226,Flight1_cam1-001-000241-0,-3100693.787628579,3483498.242898013,323.0223693847656,NkuluEP,2020-01-16,2020-01-16 08:36:55.226,08:36:55,69.4927306666666,27.820681111111124
495,369418.295,Flight1_cam1-001-000242-0,-3100705.50765889,3483519.98053099,323.00311279296875,NkuluEP,2020-01-16,2020-01-16 08:36:58.295,08:36:58,69.48454666666672,27.8223861111111
496,369422.032,Flight1_cam1-001-000243-0,-3100692.537457473,3483536.0317527736,322.52545166015625,NkuluEP,2020-01-16,2020-01-16 08:37:02.032,08:37:02,69.47458133333332,27.824462222222227
497,369426.036,Flight1_cam1-001-000244-0,-3100654.483623677,3483522.0922712693,322.30224609375,NkuluEP,2020-01-16,2020-01-16 08:37:06.036,08:37:06,69.46390399999994,27.826686666666678
498,369427.237,Flight1_cam1-001-000245-0,-3100641.6946785897,3483518.366644376,322.223388671875,NkuluEP,2020-01-16,2020-01-16 08:37:07.237,08:37:07,69.46070133333328,27.8273538888889
499,369430.307,Flight1_cam1-001-000246-0,-3100608.604032181,3483509.342003559,322.02294921875,NkuluEP,2020-01-16,2020-01-16 08:37:10.307,08:37:10,69.45251466666674,27.82905944444443
500,369433.243,Flight1_cam1-001-000247-0,-3100575.4940485056,3483500.685295542,321.8553466796875,NkuluEP,2020-01-16,2020-01-16 08:37:13.243,08:37:13,69.44468533333328,27.830690555555563
501,369436.313,Flight1_cam1-001-000248-0,-3100539.349889882,3483491.764751388,321.74346923828125,NkuluEP,2020-01-16,2020-01-16 08:37:16.313,08:37:16,69.43649866666661,27.832396111111123
502,369439.249,Flight1_cam1-001-000249-0,-3100502.27132997,3483482.905891061,321.7430114746094,NkuluEP,2020-01-16,2020-01-16 08:37:19.249,08:37:19,69.4286693333333,27.83402722222223
503,369442.319,Flight1_cam1-001-000250-0,-3100463.173269539,3483473.5856988197,321.68817138671875,NkuluEP,2020-01-16,2020-01-16 08:37:22.319,08:37:22,69.42048266666662,27.83573277777779
504,369445.255,Flight1_cam1-001-000251-0,-3100425.599213319,3483465.3244132893,320.88446044921875,NkuluEP,2020-01-16,2020-01-16 08:37:25.255,08:37:25,69.41265333333332,27.83736388888889
505,369448.325,Flight1_cam1-001-000252-0,-3100387.326816547,3483457.1655647745,318.0295104980469,NkuluEP,2020-01-16,2020-01-16 08:37:28.325,08:37:28,69.40446666666664,27.83906944444445
506,369451.261,Flight1_cam1-001-000253-0,-3100361.28220945,3483452.0297767785,315.0608825683594,NkuluEP,2020-01-16,2020-01-16 08:37:31.261,08:37:31,69.39663733333333,27.840700555555554
507,369454.331,Flight1_cam1-001-000254-0,-3100352.488879125,3483449.7933417545,312.6739501953125,NkuluEP,2020-01-16,2020-01-16 08:37:34.331,08:37:34,69.38845066666666,27.842406111111114
508,369457.267,Flight1_cam1-001-000255-0,-3100340.4348032894,3483447.2656123755,310.9367370605469,NkuluEP,2020-01-16,2020-01-16 08:37:37.267,08:37:37,69.38062133333335,27.84403722222222
509,369460.337,Flight1_cam1-001-000256-0,-3100318.3800851963,3483442.9608573555,308.33038330078125,NkuluEP,2020-01-16,2020-01-16 08:37:40.337,08:37:40,69.37243466666666,27.845742777777776
510,369463.273,Flight1_cam1-001-000257-0,-3100292.0803818,3483437.964735574,304.5218200683594,NkuluEP,2020-01-16,2020-01-16 08:37:43.273,08:37:43,69.36460533333337,27.84737388888888
511,369466.343,Flight1_cam1-001-000258-0,-3100264.4087060406,3483432.2340711285,300.21484375,NkuluEP,2020-01-16,2020-01-16 08:37:46.343,08:37:46,69.35641866666668,27.849079444444442
512,369469.279,Flight1_cam1-001-000259-0,-3100250.950793754,3483429.8897765405,296.3184814453125,NkuluEP,2020-01-16,2020-01-16 08:37:49.279,08:37:49,69.34858933333338,27.850710555555544
513,369472.349,Flight1_cam1-001-000260-0,-3100242.2590300883,3483428.522026198,293.17864990234375,NkuluEP,2020-01-16,2020-01-16 08:37:52.349,08:37:52,69.3404026666667,27.852416111111104
514,369475.285,Flight1_cam1-001-000261-0,-3100226.9576414814,3483425.162301036,290.6376953125,NkuluEP,2020-01-16,2020-01-16 08:37:55.285,08:37:55,69.3325733333334,27.854047222222206
515,369478.355,Flight1_cam1-001-000262-0,-3100202.2832790865,3483419.1843900895,287.9623718261719,NkuluEP,2020-01-16,2020-01-16 08:37:58.355,08:37:58,69.32438666666671,27.855752777777766
516,369481.291,Flight1_cam1-001-000263-0,-3100172.4323184974,3483412.3743132944,285.6624450683594,NkuluEP,2020-01-16,2020-01-16 08:38:01.291,08:38:01,69.31655733333326,27.857383888888904
517,369484.227,Flight1_cam1-001-000264-0,-3100149.0509323515,3483407.702970145,282.9613342285156,NkuluEP,2020-01-16,2020-01-16 08:38:04.227,08:38:04,69.30872799999996,27.859015000000007
518,369487.297,Flight1_cam1-001-000265-0,-3100133.594831925,3483404.722956434,280.7076110839844,NkuluEP,2020-01-16,2020-01-16 08:38:07.297,08:38:07,69.30054133333329,27.860720555555567
519,369490.233,Flight1_cam1-001-000266-0,-3100120.6534562004,3483402.3342923135,277.9537048339844,NkuluEP,2020-01-16,2020-01-16 08:38:10.233,08:38:10,69.29271199999998,27.86235166666667
520,369493.303,Flight1_cam1-001-000267-0,-3100100.2189041018,3483398.9077493898,274.9517517089844,NkuluEP,2020-01-16,2020-01-16 08:38:13.303,08:38:13,69.28452533333329,27.86405722222223
521,369496.239,Flight1_cam1-001-000268-0,-3100074.2084679916,3483395.732792772,270.4342041015625,NkuluEP,2020-01-16,2020-01-16 08:38:16.239,08:38:16,69.276696,27.865688333333335
522,369796.537,Flight1_cam1-002-000000-0,-3099950.854269617,3483405.045708632,243.8465576171875,NkuluEP,2020-01-16,2020-01-16 08:43:16.537,08:43:16,68.4759013333333,28.03252055555556
523,369799.607,Flight1_cam1-002-000001-0,-3099960.168401064,3483397.216849021,250.3723602294922,NkuluEP,2020-01-16,2020-01-16 08:43:19.607,08:43:19,68.46771466666662,28.03422611111112
524,369802.543,Flight1_cam1-002-000002-0,-3099980.963265161,3483392.057474323,256.284912109375,NkuluEP,2020-01-16,2020-01-16 08:43:22.543,08:43:22,68.45988533333332,28.035857222222226
525,369805.613,Flight1_cam1-002-000003-0,-3100014.438607628,3483390.75581219,261.7375183105469,NkuluEP,2020-01-16,2020-01-16 08:43:25.613,08:43:25,68.45169866666663,28.037562777777783
526,369808.549,Flight1_cam1-002-000004-0,-3100053.498854262,3483388.3244634396,268.0789794921875,NkuluEP,2020-01-16,2020-01-16 08:43:28.549,08:43:28,68.44386933333334,28.03919388888889
527,369811.619,Flight1_cam1-002-000005-0,-3100083.893051365,3483385.4750486305,274.5535583496094,NkuluEP,2020-01-16,2020-01-16 08:43:31.619,08:43:31,68.43568266666665,28.04089944444445
528,369814.555,Flight1_cam1-002-000006-0,-3100108.7158089117,3483385.290131398,280.3424377441406,NkuluEP,2020-01-16,2020-01-16 08:43:34.555,08:43:34,68.42785333333335,28.04253055555555
529,369817.625,Flight1_cam1-002-000007-0,-3100139.7208528877,3483386.5750439926,286.47247314453125,NkuluEP,2020-01-16,2020-01-16 08:43:37.625,08:43:37,68.41966666666667,28.04423611111111
530,369820.561,Flight1_cam1-002-000008-0,-3100171.563262737,3483388.228067395,292.2313537597656,NkuluEP,2020-01-16,2020-01-16 08:43:40.561,08:43:40,68.41183733333337,28.045867222222213
531,369823.631,Flight1_cam1-002-000009-0,-3100203.3451717263,3483389.7132057142,296.7838439941406,NkuluEP,2020-01-16,2020-01-16 08:43:43.631,08:43:43,68.40365066666668,28.047572777777773
532,369826.567,Flight1_cam1-002-000010-0,-3100228.4096667073,3483389.4467377923,300.1128234863281,NkuluEP,2020-01-16,2020-01-16 08:43:46.567,08:43:46,68.39582133333339,28.04920388888888
533,369829.637,Flight1_cam1-002-000011-0,-3100249.929574912,3483388.690466217,303.5235595703125,NkuluEP,2020-01-16,2020-01-16 08:43:49.637,08:43:49,68.3876346666667,28.050909444444436
534,369832.573,Flight1_cam1-002-000012-0,-3100273.7509017023,3483388.2183545907,307.27777099609375,NkuluEP,2020-01-16,2020-01-16 08:43:52.573,08:43:52,68.3798053333334,28.05254055555554
535,369835.643,Flight1_cam1-002-000013-0,-3100300.976051945,3483387.9374810043,311.7203063964844,NkuluEP,2020-01-16,2020-01-16 08:43:55.643,08:43:55,68.37161866666672,28.0542461111111
536,369838.579,Flight1_cam1-002-000014-0,-3100327.0053069475,3483388.317552106,316.48883056640625,NkuluEP,2020-01-16,2020-01-16 08:43:58.579,08:43:58,68.36378933333326,28.055877222222236
537,369841.515,Flight1_cam1-002-000015-0,-3100353.888510583,3483386.3194533843,320.484619140625,NkuluEP,2020-01-16,2020-01-16 08:44:01.515,08:44:01,68.35595999999997,28.05750833333334
538,369844.585,Flight1_cam1-002-000016-0,-3100381.6478619426,3483385.117958617,323.9712219238281,NkuluEP,2020-01-16,2020-01-16 08:44:04.585,08:44:04,68.34777333333328,28.059213888888902
539,369847.521,Flight1_cam1-002-000017-0,-3100410.5346880774,3483383.5926743397,324.5106506347656,NkuluEP,2020-01-16,2020-01-16 08:44:07.521,08:44:07,68.33994399999997,28.060845000000004
540,369850.591,Flight1_cam1-002-000018-0,-3100443.8477813886,3483384.0024823993,324.5712890625,NkuluEP,2020-01-16,2020-01-16 08:44:10.591,08:44:10,68.33175733333329,28.062550555555564
541,369853.527,Flight1_cam1-002-000019-0,-3100479.796915607,3483385.845354739,324.70184326171875,NkuluEP,2020-01-16,2020-01-16 08:44:13.527,08:44:13,68.323928,28.064181666666666
542,369856.597,Flight1_cam1-002-000020-0,-3100519.5878074286,3483386.9991172543,324.89013671875,NkuluEP,2020-01-16,2020-01-16 08:44:16.597,08:44:16,68.3157413333333,28.065887222222226
543,369859.533,Flight1_cam1-002-000021-0,-3100557.1937471074,3483389.836912817,324.74603271484375,NkuluEP,2020-01-16,2020-01-16 08:44:19.533,08:44:19,68.30791200000002,28.067518333333332
544,369862.603,Flight1_cam1-002-000022-0,-3100596.2431126293,3483399.0955706467,324.5978088378906,NkuluEP,2020-01-16,2020-01-16 08:44:22.603,08:44:22,68.29972533333333,28.06922388888889
545,369865.539,Flight1_cam1-002-000023-0,-3100633.3322217357,3483407.9085973958,324.3701171875,NkuluEP,2020-01-16,2020-01-16 08:44:25.539,08:44:25,68.29189600000002,28.070854999999995
546,369868.609,Flight1_cam1-002-000024-0,-3100671.2801647033,3483417.2756740805,324.2362365722656,NkuluEP,2020-01-16,2020-01-16 08:44:28.609,08:44:28,68.28370933333335,28.072560555555555
547,369871.545,Flight1_cam1-002-000025-0,-3100705.824228026,3483428.8757639388,324.4875793457031,NkuluEP,2020-01-16,2020-01-16 08:44:31.545,08:44:31,68.27588000000004,28.074191666666657
548,369874.615,Flight1_cam1-002-000026-0,-3100736.8540299665,3483440.9162781937,324.57470703125,NkuluEP,2020-01-16,2020-01-16 08:44:34.615,08:44:34,68.26769333333336,28.075897222222217
549,369877.551,Flight1_cam1-002-000027-0,-3100762.3689441117,3483457.2418826297,323.9034118652344,NkuluEP,2020-01-16,2020-01-16 08:44:37.551,08:44:37,68.25986400000006,28.07752833333332
550,369880.621,Flight1_cam1-002-000028-0,-3100785.818376863,3483477.2489205655,323.20904541015625,NkuluEP,2020-01-16,2020-01-16 08:44:40.621,08:44:40,68.25167733333338,28.07923388888888
551,369883.557,Flight1_cam1-002-000029-0,-3100790.917024285,3483499.714832727,322.54150390625,NkuluEP,2020-01-16,2020-01-16 08:44:43.557,08:44:43,68.24384800000007,28.080864999999985
552,369886.627,Flight1_cam1-002-000030-0,-3100780.8704975056,3483508.725479086,322.09527587890625,NkuluEP,2020-01-16,2020-01-16 08:44:46.627,08:44:46,68.23566133333338,28.082570555555545
553,369889.563,Flight1_cam1-002-000031-0,-3100772.346060906,3483508.8187535387,321.827880859375,NkuluEP,2020-01-16,2020-01-16 08:44:49.563,08:44:49,68.22783199999994,28.08420166666668
554,369895.569,Flight1_cam1-002-000032-0,-3100765.4553418946,3483500.880799882,321.55633544921875,NkuluEP,2020-01-16,2020-01-16 08:44:55.569,08:44:55,68.21181599999996,28.08753833333334
555,369898.639,Flight1_cam1-002-000033-0,-3100762.2550118873,3483499.3408949682,321.62310791015625,NkuluEP,2020-01-16,2020-01-16 08:44:58.639,08:44:58,68.20362933333327,28.089243888888902
556,369901.708,Flight1_cam1-002-000034-0,-3100756.7617549486,3483499.1730364226,321.70904541015625,NkuluEP,2020-01-16,2020-01-16 08:45:01.708,08:45:01,68.19544533333337,28.09094888888888
557,369904.645,Flight1_cam1-002-000035-0,-3100734.0030655814,3483500.355666542,321.9621276855469,NkuluEP,2020-01-16,2020-01-16 08:45:04.645,08:45:04,68.18761333333329,28.092580555555564
558,369907.581,Flight1_cam1-002-000036-0,-3100713.046386546,3483501.7415941083,322.4662780761719,NkuluEP,2020-01-16,2020-01-16 08:45:07.581,08:45:07,68.17978399999998,28.09421166666667
559,369910.651,Flight1_cam1-002-000037-0,-3100711.188938394,3483501.4965844154,322.35601806640625,NkuluEP,2020-01-16,2020-01-16 08:45:10.651,08:45:10,68.1715973333333,28.09591722222223
560,369913.587,Flight1_cam1-002-000038-0,-3100709.525124343,3483512.042904508,322.4085998535156,NkuluEP,2020-01-16,2020-01-16 08:45:13.587,08:45:13,68.163768,28.097548333333332
561,369916.523,Flight1_cam1-002-000039-0,-3100703.187543074,3483537.716729483,322.452392578125,NkuluEP,2020-01-16,2020-01-16 08:45:16.523,08:45:16,68.1559386666667,28.099179444444438
562,369919.726,Flight1_cam1-002-000040-0,-3100695.931216314,3483562.986110114,322.3671875,NkuluEP,2020-01-16,2020-01-16 08:45:19.726,08:45:19,68.14739733333327,28.1009588888889
563,369922.529,Flight1_cam1-002-000041-0,-3100687.6423307243,3483583.561812244,322.3663635253906,NkuluEP,2020-01-16,2020-01-16 08:45:22.529,08:45:22,68.13992266666672,28.1025161111111
564,369925.599,Flight1_cam1-002-000042-0,-3100667.676093858,3483595.2968803947,322.5058898925781,NkuluEP,2020-01-16,2020-01-16 08:45:25.599,08:45:25,68.13173600000003,28.10422166666666
565,369928.535,Flight1_cam1-002-000043-0,-3100644.2951429817,3483590.155934966,322.6087951660156,NkuluEP,2020-01-16,2020-01-16 08:45:28.535,08:45:28,68.12390666666673,28.105852777777763
566,369931.605,Flight1_cam1-002-000044-0,-3100619.21095583,3483579.3083343683,322.54473876953125,NkuluEP,2020-01-16,2020-01-16 08:45:31.605,08:45:31,68.11572000000005,28.107558333333323
567,369934.541,Flight1_cam1-002-000045-0,-3100597.733934333,3483571.2493410814,322.55841064453125,NkuluEP,2020-01-16,2020-01-16 08:45:34.541,08:45:34,68.10789066666659,28.10918944444446
568,369937.611,Flight1_cam1-002-000046-0,-3100573.155113179,3483562.5684219697,322.4899597167969,NkuluEP,2020-01-16,2020-01-16 08:45:37.611,08:45:37,68.09970400000006,28.110894999999985
569,369940.547,Flight1_cam1-002-000047-0,-3100548.5339284814,3483553.7781646578,322.4538879394531,NkuluEP,2020-01-16,2020-01-16 08:45:40.547,08:45:40,68.09187466666661,28.112526111111123
570,369943.617,Flight1_cam1-002-000048-0,-3100523.4050361454,3483544.503705875,322.41619873046875,NkuluEP,2020-01-16,2020-01-16 08:45:43.617,08:45:43,68.08368799999992,28.114231666666683
571,369946.553,Flight1_cam1-002-000049-0,-3100498.67317808,3483535.6624213615,322.3691101074219,NkuluEP,2020-01-16,2020-01-16 08:45:46.553,08:45:46,68.07585866666663,28.115862777777785
572,369949.623,Flight1_cam1-002-000050-0,-3100473.021992467,3483526.206268158,322.3719482421875,NkuluEP,2020-01-16,2020-01-16 08:45:49.623,08:45:49,68.06767199999994,28.117568333333345
573,369952.559,Flight1_cam1-002-000051-0,-3100448.3611133075,3483517.3359710826,322.44989013671875,NkuluEP,2020-01-16,2020-01-16 08:45:52.559,08:45:52,68.05984266666664,28.119199444444448
574,369955.629,Flight1_cam1-002-000052-0,-3100422.424959471,3483507.7541152416,322.5494079589844,NkuluEP,2020-01-16,2020-01-16 08:45:55.629,08:45:55,68.05165599999995,28.120905000000008
575,369958.565,Flight1_cam1-002-000053-0,-3100398.16479155,3483498.661589948,322.60235595703125,NkuluEP,2020-01-16,2020-01-16 08:45:58.565,08:45:58,68.04382666666666,28.122536111111113
576,369961.635,Flight1_cam1-002-000054-0,-3100373.029360866,3483489.629319962,322.5929260253906,NkuluEP,2020-01-16,2020-01-16 08:46:01.635,08:46:01,68.03563999999997,28.12424166666667
577,369964.571,Flight1_cam1-002-000055-0,-3100348.5336214625,3483480.6333606117,322.5464782714844,NkuluEP,2020-01-16,2020-01-16 08:46:04.571,08:46:04,68.02781066666668,28.125872777777776
578,369967.641,Flight1_cam1-002-000056-0,-3100322.6870343457,3483471.2054078355,322.539306640625,NkuluEP,2020-01-16,2020-01-16 08:46:07.641,08:46:07,68.019624,28.127578333333336
579,369970.577,Flight1_cam1-002-000057-0,-3100298.209543453,3483462.2451109895,322.5418701171875,NkuluEP,2020-01-16,2020-01-16 08:46:10.577,08:46:10,68.01179466666669,28.129209444444438
580,369973.646,Flight1_cam1-002-000058-0,-3100272.4546322552,3483452.655363504,322.6025390625,NkuluEP,2020-01-16,2020-01-16 08:46:13.646,08:46:13,68.00361066666665,28.13091444444445
581,369976.583,Flight1_cam1-002-000059-0,-3100248.028029044,3483443.706804306,322.6182861328125,NkuluEP,2020-01-16,2020-01-16 08:46:16.583,08:46:16,67.99577866666671,28.132546111111104
582,369979.519,Flight1_cam1-002-000060-0,-3100223.336806673,3483434.768082313,322.5743713378906,NkuluEP,2020-01-16,2020-01-16 08:46:19.519,08:46:19,67.9879493333334,28.134177222222206
583,369982.589,Flight1_cam1-002-000061-0,-3100198.1843611803,3483425.54862652,322.622802734375,NkuluEP,2020-01-16,2020-01-16 08:46:22.589,08:46:22,67.97976266666673,28.135882777777766
584,369985.525,Flight1_cam1-002-000062-0,-3100173.589333191,3483416.539351477,322.6434326171875,NkuluEP,2020-01-16,2020-01-16 08:46:25.525,08:46:25,67.97193333333327,28.1375138888889
585,369988.595,Flight1_cam1-002-000063-0,-3100147.798156102,3483406.877864725,322.5931701660156,NkuluEP,2020-01-16,2020-01-16 08:46:28.595,08:46:28,67.96374666666674,28.13921944444443
586,369991.531,Flight1_cam1-002-000064-0,-3100123.624829705,3483397.632640287,322.460205078125,NkuluEP,2020-01-16,2020-01-16 08:46:31.531,08:46:31,67.95591733333329,28.140850555555566
587,369994.601,Flight1_cam1-002-000065-0,-3100098.391864523,3483388.166852496,322.58221435546875,NkuluEP,2020-01-16,2020-01-16 08:46:34.601,08:46:34,67.9477306666666,28.142556111111123
588,369997.537,Flight1_cam1-002-000066-0,-3100073.549305988,3483379.2142168307,322.7580261230469,NkuluEP,2020-01-16,2020-01-16 08:46:37.537,08:46:37,67.9399013333333,28.14418722222223
589,370000.607,Flight1_cam1-002-000067-0,-3100048.434614003,3483369.945997088,322.72100830078125,NkuluEP,2020-01-16,2020-01-16 08:46:40.607,08:46:40,67.93171466666662,28.14589277777779
590,370003.543,Flight1_cam1-002-000068-0,-3100023.984847109,3483361.0363705936,322.6869812011719,NkuluEP,2020-01-16,2020-01-16 08:46:43.543,08:46:43,67.92388533333332,28.14752388888889
591,370006.613,Flight1_cam1-002-000069-0,-3099997.8191790115,3483351.783016864,322.9308776855469,NkuluEP,2020-01-16,2020-01-16 08:46:46.613,08:46:46,67.91569866666663,28.14922944444445
592,370009.549,Flight1_cam1-002-000070-0,-3099973.271800253,3483342.313788284,322.8757019042969,NkuluEP,2020-01-16,2020-01-16 08:46:49.549,08:46:49,67.90786933333334,28.150860555555553
593,370012.619,Flight1_cam1-002-000071-0,-3099947.568637111,3483333.0410221834,322.76708984375,NkuluEP,2020-01-16,2020-01-16 08:46:52.619,08:46:52,67.89968266666665,28.152566111111113
594,370015.555,Flight1_cam1-002-000072-0,-3099923.3963120687,3483323.965417719,322.65911865234375,NkuluEP,2020-01-16,2020-01-16 08:46:55.555,08:46:55,67.89185333333334,28.15419722222222
595,370018.624,Flight1_cam1-002-000073-0,-3099898.1109327306,3483314.860426214,322.5926208496094,NkuluEP,2020-01-16,2020-01-16 08:46:58.624,08:46:58,67.8836693333333,28.155902222222227
596,370021.561,Flight1_cam1-002-000074-0,-3099873.645887131,3483305.8933966,322.6902770996094,NkuluEP,2020-01-16,2020-01-16 08:47:01.561,08:47:01,67.87583733333337,28.15753388888888
597,370024.63,Flight1_cam1-002-000075-0,-3099847.8154001655,3483296.505154578,322.8292236328125,NkuluEP,2020-01-16,2020-01-16 08:47:04.630,08:47:04,67.86765333333332,28.15923888888889
598,370027.567,Flight1_cam1-002-000076-0,-3099823.248082001,3483287.359846437,322.80419921875,NkuluEP,2020-01-16,2020-01-16 08:47:07.567,08:47:07,67.85982133333339,28.160870555555544
599,370030.636,Flight1_cam1-002-000077-0,-3099797.4032878242,3483277.743585236,322.8343200683594,NkuluEP,2020-01-16,2020-01-16 08:47:10.636,08:47:10,67.85163733333333,28.162575555555556
600,370033.573,Flight1_cam1-002-000078-0,-3099773.042845738,3483268.853007,322.849365234375,NkuluEP,2020-01-16,2020-01-16 08:47:13.573,08:47:13,67.84380533333339,28.16420722222221
601,370036.642,Flight1_cam1-002-000079-0,-3099747.872469967,3483259.7553950157,322.843505859375,NkuluEP,2020-01-16,2020-01-16 08:47:16.642,08:47:16,67.83562133333335,28.165912222222218
602,370039.579,Flight1_cam1-002-000080-0,-3099723.3344708523,3483250.891154477,322.7877197265625,NkuluEP,2020-01-16,2020-01-16 08:47:19.579,08:47:19,67.82778933333326,28.167543888888904
603,370042.648,Flight1_cam1-002-000081-0,-3099697.4854578734,3483241.2198797367,322.6555480957031,NkuluEP,2020-01-16,2020-01-16 08:47:22.648,08:47:22,67.81960533333337,28.16924888888888
604,370045.585,Flight1_cam1-002-000082-0,-3099673.125562405,3483232.1840706402,322.58013916015625,NkuluEP,2020-01-16,2020-01-16 08:47:25.585,08:47:25,67.81177333333328,28.170880555555566
605,370048.521,Flight1_cam1-002-000083-0,-3099648.5349272694,3483223.180531259,322.591796875,NkuluEP,2020-01-16,2020-01-16 08:47:28.521,08:47:28,67.80394399999997,28.172511666666672
606,370051.591,Flight1_cam1-002-000084-0,-3099622.532506057,3483213.759900502,322.5121765136719,NkuluEP,2020-01-16,2020-01-16 08:47:31.591,08:47:31,67.79575733333328,28.174217222222232
607,370054.527,Flight1_cam1-002-000085-0,-3099598.1872083354,3483204.463242979,322.5120544433594,NkuluEP,2020-01-16,2020-01-16 08:47:34.527,08:47:34,67.787928,28.175848333333334
608,370057.596,Flight1_cam1-002-000086-0,-3099572.9058192135,3483195.3292141394,322.55767822265625,NkuluEP,2020-01-16,2020-01-16 08:47:37.596,08:47:37,67.77974399999995,28.177553333333343
609,370060.533,Flight1_cam1-002-000087-0,-3099548.408942099,3483186.493084422,322.5309753417969,NkuluEP,2020-01-16,2020-01-16 08:47:40.533,08:47:40,67.77191200000001,28.179184999999997
610,370063.602,Flight1_cam1-002-000088-0,-3099522.616938878,3483176.9900142546,322.5030212402344,NkuluEP,2020-01-16,2020-01-16 08:47:43.602,08:47:43,67.76372799999996,28.18089000000001
611,370066.539,Flight1_cam1-002-000089-0,-3099498.0439220713,3483167.9875494917,322.5963439941406,NkuluEP,2020-01-16,2020-01-16 08:47:46.539,08:47:46,67.75589600000002,28.18252166666666
612,370069.608,Flight1_cam1-002-000090-0,-3099472.2667042664,3483158.5531871943,322.65435791015625,NkuluEP,2020-01-16,2020-01-16 08:47:49.608,08:47:49,67.74771199999998,28.18422666666667
613,370072.545,Flight1_cam1-002-000091-0,-3099447.9490025737,3483149.4900594386,322.69964599609375,NkuluEP,2020-01-16,2020-01-16 08:47:52.545,08:47:52,67.73988000000004,28.185858333333325
614,370075.614,Flight1_cam1-002-000092-0,-3099422.816444871,3483140.1199721047,322.6552734375,NkuluEP,2020-01-16,2020-01-16 08:47:55.614,08:47:55,67.731696,28.187563333333333
615,370078.551,Flight1_cam1-002-000093-0,-3099398.3480595867,3483131.0795581345,322.6092224121094,NkuluEP,2020-01-16,2020-01-16 08:47:58.551,08:47:58,67.72386400000006,28.189194999999987
616,370081.62,Flight1_cam1-002-000094-0,-3099372.458317688,3483121.5463304026,322.7378234863281,NkuluEP,2020-01-16,2020-01-16 08:48:01.620,08:48:01,67.71568,28.190899999999996
617,370084.557,Flight1_cam1-002-000095-0,-3099347.913364162,3483112.570495262,322.7840576171875,NkuluEP,2020-01-16,2020-01-16 08:48:04.557,08:48:04,67.70784800000007,28.19253166666665
618,370087.626,Flight1_cam1-002-000096-0,-3099322.146126726,3483103.219287763,322.8192443847656,NkuluEP,2020-01-16,2020-01-16 08:48:07.626,08:48:07,67.69966400000003,28.19423666666666
619,370090.563,Flight1_cam1-002-000097-0,-3099297.749438406,3483094.078342858,322.8271789550781,NkuluEP,2020-01-16,2020-01-16 08:48:10.563,08:48:10,67.69183199999993,28.195868333333348
620,370093.632,Flight1_cam1-002-000098-0,-3099272.7847013734,3483084.7183887837,322.7430725097656,NkuluEP,2020-01-16,2020-01-16 08:48:13.632,08:48:13,67.68364800000005,28.197573333333324
621,370096.569,Flight1_cam1-002-000099-0,-3099248.498927898,3483075.6925631757,322.70782470703125,NkuluEP,2020-01-16,2020-01-16 08:48:16.569,08:48:16,67.67581599999995,28.19920500000001
622,370099.638,Flight1_cam1-002-000100-0,-3099222.709623088,3483066.1554569947,322.78192138671875,NkuluEP,2020-01-16,2020-01-16 08:48:19.638,08:48:19,67.66763200000005,28.200909999999986
623,370102.574,Flight1_cam1-002-000101-0,-3099198.0891228653,3483057.234657093,322.8091125488281,NkuluEP,2020-01-16,2020-01-16 08:48:22.574,08:48:22,67.65980266666661,28.202541111111124
624,370105.644,Flight1_cam1-002-000102-0,-3099172.372417177,3483047.8990624784,322.8312683105469,NkuluEP,2020-01-16,2020-01-16 08:48:25.644,08:48:25,67.65161600000008,28.204246666666652
625,370108.58,Flight1_cam1-002-000103-0,-3099148.083605073,3483038.8324088156,322.78778076171875,NkuluEP,2020-01-16,2020-01-16 08:48:28.580,08:48:28,67.64378666666663,28.205877777777786
626,370111.65,Flight1_cam1-002-000104-0,-3099123.040714489,3483029.497685247,322.787353515625,NkuluEP,2020-01-16,2020-01-16 08:48:31.650,08:48:31,67.63559999999994,28.207583333333346
627,370114.586,Flight1_cam1-002-000105-0,-3099098.545046142,3483020.4282686785,322.84954833984375,NkuluEP,2020-01-16,2020-01-16 08:48:34.586,08:48:34,67.62777066666663,28.20921444444445
628,370117.656,Flight1_cam1-002-000106-0,-3099072.6929794825,3483010.8324228926,322.9119567871094,NkuluEP,2020-01-16,2020-01-16 08:48:37.656,08:48:37,67.61958399999995,28.21092000000001
629,370120.592,Flight1_cam1-002-000107-0,-3099048.3067413797,3483001.934190465,322.8290710449219,NkuluEP,2020-01-16,2020-01-16 08:48:40.592,08:48:40,67.61175466666666,28.212551111111114
630,370123.529,Flight1_cam1-002-000108-0,-3099023.4228061726,3482994.725245115,322.9488220214844,NkuluEP,2020-01-16,2020-01-16 08:48:43.529,08:48:43,67.60392266666672,28.214182777777765
631,370126.598,Flight1_cam1-002-000109-0,-3098998.176001554,3483001.366347572,323.10833740234375,NkuluEP,2020-01-16,2020-01-16 08:48:46.598,08:48:46,67.59573866666668,28.215887777777777
632,370129.535,Flight1_cam1-002-000110-0,-3098983.0310239354,3483021.575686255,322.884033203125,NkuluEP,2020-01-16,2020-01-16 08:48:49.535,08:48:49,67.58790666666674,28.21751944444443
633,370132.604,Flight1_cam1-002-000111-0,-3098971.7388533177,3483045.3370653763,322.8671569824219,NkuluEP,2020-01-16,2020-01-16 08:48:52.604,08:48:52,67.57972266666668,28.21922444444444
634,370135.541,Flight1_cam1-002-000112-0,-3098965.0611881707,3483067.4397114427,322.9064636230469,NkuluEP,2020-01-16,2020-01-16 08:48:55.541,08:48:55,67.57189066666659,28.220856111111125
635,370138.61,Flight1_cam1-002-000113-0,-3098977.9257982867,3483088.1574130636,322.95037841796875,NkuluEP,2020-01-16,2020-01-16 08:48:58.610,08:48:58,67.5637066666667,28.222561111111105
636,370141.546,Flight1_cam1-002-000114-0,-3099002.679736481,3483096.895399973,323.44744873046875,NkuluEP,2020-01-16,2020-01-16 08:49:01.546,08:49:01,67.5558773333334,28.224192222222207
637,370144.616,Flight1_cam1-002-000115-0,-3099025.0150549244,3483105.0582059445,323.4466857910156,NkuluEP,2020-01-16,2020-01-16 08:49:04.616,08:49:04,67.54769066666672,28.225897777777767
638,370147.552,Flight1_cam1-002-000116-0,-3099048.1477355277,3483114.1248980626,324.0179138183594,NkuluEP,2020-01-16,2020-01-16 08:49:07.552,08:49:07,67.53986133333326,28.2275288888889
639,370150.622,Flight1_cam1-002-000117-0,-3099074.096034922,3483123.847154578,324.3086853027344,NkuluEP,2020-01-16,2020-01-16 08:49:10.622,08:49:10,67.53167466666673,28.22923444444443
640,370153.558,Flight1_cam1-002-000118-0,-3099098.487089456,3483132.788723536,324.44427490234375,NkuluEP,2020-01-16,2020-01-16 08:49:13.558,08:49:13,67.52384533333328,28.230865555555567
641,370156.628,Flight1_cam1-002-000119-0,-3099123.563576711,3483141.9403135516,324.5177917480469,NkuluEP,2020-01-16,2020-01-16 08:49:16.628,08:49:16,67.5156586666666,28.232571111111124
642,370159.564,Flight1_cam1-002-000120-0,-3099147.9224410993,3483150.912879032,324.4335021972656,NkuluEP,2020-01-16,2020-01-16 08:49:19.564,08:49:19,67.50782933333329,28.23420222222223
643,370162.634,Flight1_cam1-002-000121-0,-3099173.98074833,3483160.3450759216,324.0421142578125,NkuluEP,2020-01-16,2020-01-16 08:49:22.634,08:49:22,67.49964266666662,28.23590777777779
644,370165.57,Flight1_cam1-002-000122-0,-3099198.390735006,3483169.692378819,324.1804504394531,NkuluEP,2020-01-16,2020-01-16 08:49:25.570,08:49:25,67.49181333333331,28.237538888888892
645,370168.64,Flight1_cam1-002-000123-0,-3099224.307904785,3483179.1578543233,324.0652160644531,NkuluEP,2020-01-16,2020-01-16 08:49:28.640,08:49:28,67.48362666666662,28.239244444444452
646,370171.576,Flight1_cam1-002-000124-0,-3099248.8416709607,3483188.155605363,323.9689636230469,NkuluEP,2020-01-16,2020-01-16 08:49:31.576,08:49:31,67.47579733333333,28.240875555555554
647,370174.646,Flight1_cam1-002-000125-0,-3099273.312523704,3483197.322092116,323.5798034667969,NkuluEP,2020-01-16,2020-01-16 08:49:34.646,08:49:34,67.46761066666664,28.242581111111114
648,370177.582,Flight1_cam1-002-000126-0,-3099297.727399972,3483206.246342522,323.9989929199219,NkuluEP,2020-01-16,2020-01-16 08:49:37.582,08:49:37,67.45978133333334,28.24421222222222
649,370180.652,Flight1_cam1-002-000127-0,-3099323.6552704005,3483215.591580011,324.17010498046875,NkuluEP,2020-01-16,2020-01-16 08:49:40.652,08:49:40,67.45159466666667,28.245917777777777
650,370183.588,Flight1_cam1-002-000128-0,-3099348.131876746,3483224.6712852926,324.1655578613281,NkuluEP,2020-01-16,2020-01-16 08:49:43.588,08:49:43,67.44376533333336,28.247548888888883
651,370186.524,Flight1_cam1-002-000129-0,-3099372.707580256,3483233.82605766,324.13592529296875,NkuluEP,2020-01-16,2020-01-16 08:49:46.524,08:49:46,67.43593600000007,28.249179999999985
652,370189.594,Flight1_cam1-002-000130-0,-3099398.669485137,3483243.4102343144,324.0220947265625,NkuluEP,2020-01-16,2020-01-16 08:49:49.594,08:49:49,67.42774933333338,28.250885555555545
653,370192.53,Flight1_cam1-002-000131-0,-3099422.915822208,3483252.571950517,323.8183288574219,NkuluEP,2020-01-16,2020-01-16 08:49:52.530,08:49:52,67.41991999999992,28.252516666666683
654,370195.6,Flight1_cam1-002-000132-0,-3099448.2365832273,3483261.85102594,324.1232604980469,NkuluEP,2020-01-16,2020-01-16 08:49:55.600,08:49:55,67.41173333333339,28.25422222222221
655,370198.536,Flight1_cam1-002-000133-0,-3099472.6048172326,3483270.748601144,323.9267272949219,NkuluEP,2020-01-16,2020-01-16 08:49:58.536,08:49:58,67.40390399999994,28.255853333333345
656,370201.606,Flight1_cam1-002-000134-0,-3099498.4543575263,3483280.0846682307,324.03143310546875,NkuluEP,2020-01-16,2020-01-16 08:50:01.606,08:50:01,67.39571733333325,28.257558888888905
657,370204.542,Flight1_cam1-002-000135-0,-3099523.3726570997,3483288.8989448817,323.4587097167969,NkuluEP,2020-01-16,2020-01-16 08:50:04.542,08:50:04,67.38788799999996,28.259190000000007
658,370207.612,Flight1_cam1-002-000136-0,-3099548.7012229944,3483298.6387176933,323.29571533203125,NkuluEP,2020-01-16,2020-01-16 08:50:07.612,08:50:07,67.37970133333327,28.260895555555567
659,370210.548,Flight1_cam1-002-000137-0,-3099572.867074032,3483307.680174872,323.71563720703125,NkuluEP,2020-01-16,2020-01-16 08:50:10.548,08:50:10,67.37187199999997,28.262526666666673
660,370213.618,Flight1_cam1-002-000138-0,-3099598.035770278,3483316.943935384,323.84173583984375,NkuluEP,2020-01-16,2020-01-16 08:50:13.618,08:50:13,67.36368533333328,28.26423222222223
661,370216.554,Flight1_cam1-002-000139-0,-3099622.667276083,3483325.9441747256,323.7308044433594,NkuluEP,2020-01-16,2020-01-16 08:50:16.554,08:50:16,67.35585599999999,28.265863333333336
662,370219.624,Flight1_cam1-002-000140-0,-3099648.6183446487,3483335.3275262914,323.72491455078125,NkuluEP,2020-01-16,2020-01-16 08:50:19.624,08:50:19,67.3476693333333,28.267568888888896
663,370222.56,Flight1_cam1-002-000141-0,-3099673.2501529823,3483344.5252426644,323.5803527832031,NkuluEP,2020-01-16,2020-01-16 08:50:22.560,08:50:22,67.33984000000001,28.269199999999998
664,370225.63,Flight1_cam1-002-000142-0,-3099698.906784914,3483353.9589799317,323.4325256347656,NkuluEP,2020-01-16,2020-01-16 08:50:25.630,08:50:25,67.33165333333332,28.270905555555558
665,370228.566,Flight1_cam1-002-000143-0,-3099723.3674186384,3483362.990507849,323.621826171875,NkuluEP,2020-01-16,2020-01-16 08:50:28.566,08:50:28,67.32382400000002,28.27253666666666
666,370231.636,Flight1_cam1-002-000144-0,-3099748.5333404136,3483372.253854361,323.6265869140625,NkuluEP,2020-01-16,2020-01-16 08:50:31.636,08:50:31,67.31563733333334,28.27424222222222
667,370234.572,Flight1_cam1-002-000145-0,-3099773.1144792195,3483381.1036856268,323.1454162597656,NkuluEP,2020-01-16,2020-01-16 08:50:34.572,08:50:34,67.30780800000004,28.275873333333326
668,370237.642,Flight1_cam1-002-000146-0,-3099799.242041938,3483390.4899483505,322.7373962402344,NkuluEP,2020-01-16,2020-01-16 08:50:37.642,08:50:37,67.29962133333335,28.277578888888886
669,370240.578,Flight1_cam1-002-000147-0,-3099823.6000513476,3483399.355806166,322.5361633300781,NkuluEP,2020-01-16,2020-01-16 08:50:40.578,08:50:40,67.29179200000006,28.27920999999999
670,370243.648,Flight1_cam1-002-000148-0,-3099849.3145376607,3483408.7431698586,322.79736328125,NkuluEP,2020-01-16,2020-01-16 08:50:43.648,08:50:43,67.28360533333337,28.28091555555555
671,370246.584,Flight1_cam1-002-000149-0,-3099873.988927025,3483417.801594525,323.0244445800781,NkuluEP,2020-01-16,2020-01-16 08:50:46.584,08:50:46,67.27577600000006,28.28254666666665
672,370249.654,Flight1_cam1-002-000150-0,-3099899.0685309125,3483426.73096064,322.56317138671875,NkuluEP,2020-01-16,2020-01-16 08:50:49.654,08:50:49,67.26758933333338,28.28425222222221
673,370252.59,Flight1_cam1-002-000151-0,-3099923.313507865,3483435.9511370216,322.529541015625,NkuluEP,2020-01-16,2020-01-16 08:50:52.590,08:50:52,67.25975999999993,28.28588333333335
674,370255.66,Flight1_cam1-002-000152-0,-3099948.8129542023,3483445.6959945597,322.6489562988281,NkuluEP,2020-01-16,2020-01-16 08:50:55.660,08:50:55,67.2515733333334,28.287588888888873
675,370258.596,Flight1_cam1-002-000153-0,-3099973.391219605,3483454.778227023,323.0775146484375,NkuluEP,2020-01-16,2020-01-16 08:50:58.596,08:50:58,67.24374399999995,28.28922000000001
676,370261.532,Flight1_cam1-002-000154-0,-3099997.77338118,3483463.962610231,322.760986328125,NkuluEP,2020-01-16,2020-01-16 08:51:01.532,08:51:01,67.23591466666664,28.290851111111113
677,370264.602,Flight1_cam1-002-000155-0,-3100023.437718571,3483473.2153495606,322.5058288574219,NkuluEP,2020-01-16,2020-01-16 08:51:04.602,08:51:04,67.22772799999996,28.292556666666673
678,370267.538,Flight1_cam1-002-000156-0,-3100047.971960725,3483482.392847503,322.673828125,NkuluEP,2020-01-16,2020-01-16 08:51:07.538,08:51:07,67.21989866666667,28.29418777777778
679,370270.608,Flight1_cam1-002-000157-0,-3100072.973088548,3483491.5727482704,323.0166320800781,NkuluEP,2020-01-16,2020-01-16 08:51:10.608,08:51:10,67.21171199999998,28.29589333333334
680,370273.544,Flight1_cam1-002-000158-0,-3100097.687993369,3483500.45766733,323.1753234863281,NkuluEP,2020-01-16,2020-01-16 08:51:13.544,08:51:13,67.20388266666669,28.29752444444444
681,370276.614,Flight1_cam1-002-000159-0,-3100123.8256871807,3483509.893769217,322.95465087890625,NkuluEP,2020-01-16,2020-01-16 08:51:16.614,08:51:16,67.195696,28.29923
682,370279.55,Flight1_cam1-002-000160-0,-3100148.35349556,3483518.946001497,322.8464050292969,NkuluEP,2020-01-16,2020-01-16 08:51:19.550,08:51:19,67.1878666666667,28.300861111111104
683,370282.62,Flight1_cam1-002-000161-0,-3100173.7010019254,3483528.429351192,322.6307678222656,NkuluEP,2020-01-16,2020-01-16 08:51:22.620,08:51:22,67.17968,28.302566666666664
684,370285.556,Flight1_cam1-002-000162-0,-3100198.0669675046,3483537.5208714725,323.0024108886719,NkuluEP,2020-01-16,2020-01-16 08:51:25.556,08:51:25,67.17185066666671,28.304197777777766
685,370288.626,Flight1_cam1-002-000163-0,-3100223.489540361,3483546.745691328,323.1101379394531,NkuluEP,2020-01-16,2020-01-16 08:51:28.626,08:51:28,67.16366400000003,28.305903333333326
686,370291.562,Flight1_cam1-002-000164-0,-3100248.243635684,3483555.5157934763,322.8282470703125,NkuluEP,2020-01-16,2020-01-16 08:51:31.562,08:51:31,67.15583466666672,28.307534444444432
687,370294.632,Flight1_cam1-002-000165-0,-3100274.058162661,3483564.885007147,322.7677307128906,NkuluEP,2020-01-16,2020-01-16 08:51:34.632,08:51:34,67.14764800000005,28.309239999999992
688,370297.568,Flight1_cam1-002-000166-0,-3100298.5901255845,3483574.2228451637,322.745361328125,NkuluEP,2020-01-16,2020-01-16 08:51:37.568,08:51:37,67.13981866666659,28.310871111111126
689,370300.638,Flight1_cam1-002-000167-0,-3100324.0331239323,3483583.8622141914,322.1870422363281,NkuluEP,2020-01-16,2020-01-16 08:51:40.638,08:51:40,67.13163200000005,28.312576666666654
690,370303.574,Flight1_cam1-002-000168-0,-3100348.0736380937,3483592.8289545397,322.4801330566406,NkuluEP,2020-01-16,2020-01-16 08:51:43.574,08:51:43,67.1238026666666,28.31420777777779
691,370306.644,Flight1_cam1-002-000169-0,-3100373.429183554,3483601.9300662763,322.7027893066406,NkuluEP,2020-01-16,2020-01-16 08:51:46.644,08:51:46,67.11561600000007,28.315913333333317
692,370309.58,Flight1_cam1-002-000170-0,-3100397.912483518,3483611.1818760987,322.8829345703125,NkuluEP,2020-01-16,2020-01-16 08:51:49.580,08:51:49,67.10778666666663,28.317544444444454
693,370312.65,Flight1_cam1-002-000171-0,-3100423.886291268,3483620.730514108,322.6884460449219,NkuluEP,2020-01-16,2020-01-16 08:51:52.650,08:51:52,67.09959999999994,28.31925000000001
694,370315.586,Flight1_cam1-002-000172-0,-3100448.5291821305,3483629.8673287015,322.6396484375,NkuluEP,2020-01-16,2020-01-16 08:51:55.586,08:51:55,67.09177066666663,28.320881111111117
695,370318.656,Flight1_cam1-002-000173-0,-3100474.080610348,3483639.211137521,322.7088623046875,NkuluEP,2020-01-16,2020-01-16 08:51:58.656,08:51:58,67.08358399999995,28.322586666666677
696,370321.592,Flight1_cam1-002-000174-0,-3100498.400567518,3483648.470813311,322.99786376953125,NkuluEP,2020-01-16,2020-01-16 08:52:01.592,08:52:01,67.07575466666665,28.32421777777778
697,370324.662,Flight1_cam1-002-000175-0,-3100523.8691841625,3483657.519160329,322.6773376464844,NkuluEP,2020-01-16,2020-01-16 08:52:04.662,08:52:04,67.06756799999997,28.32592333333334
698,370327.598,Flight1_cam1-002-000176-0,-3100548.0207908857,3483666.4196567726,322.7203369140625,NkuluEP,2020-01-16,2020-01-16 08:52:07.598,08:52:07,67.05973866666668,28.327554444444445
699,370330.534,Flight1_cam1-002-000177-0,-3100572.502488396,3483675.2816752456,322.90673828125,NkuluEP,2020-01-16,2020-01-16 08:52:10.534,08:52:10,67.05190933333337,28.329185555555547
700,370333.604,Flight1_cam1-002-000178-0,-3100598.596338292,3483684.8926564595,323.0606384277344,NkuluEP,2020-01-16,2020-01-16 08:52:13.604,08:52:13,67.04372266666668,28.330891111111107
701,370336.54,Flight1_cam1-002-000179-0,-3100623.2897487883,3483693.6574531286,322.74468994140625,NkuluEP,2020-01-16,2020-01-16 08:52:16.540,08:52:16,67.03589333333339,28.33252222222221
702,370339.61,Flight1_cam1-002-000180-0,-3100649.4536841074,3483703.3828699067,322.15625,NkuluEP,2020-01-16,2020-01-16 08:52:19.610,08:52:19,67.0277066666667,28.33422777777777
703,370344.415,Flight1_cam1-002-000181-0,-3100652.982105304,3483721.594866855,320.7513427734375,NkuluEP,2020-01-16,2020-01-16 08:52:24.415,08:52:24,67.01489333333339,28.33689722222221
704,370345.616,Flight1_cam1-002-000182-0,-3100649.386430751,3483732.0037953192,321.0367431640625,NkuluEP,2020-01-16,2020-01-16 08:52:25.616,08:52:25,67.01169066666672,28.337564444444432
705,370348.552,Flight1_cam1-002-000183-0,-3100642.4235025933,3483756.7893259944,321.4974670410156,NkuluEP,2020-01-16,2020-01-16 08:52:28.552,08:52:28,67.00386133333326,28.33919555555557
706,370351.622,Flight1_cam1-002-000184-0,-3100635.378870904,3483780.7536319653,321.6901550292969,NkuluEP,2020-01-16,2020-01-16 08:52:31.622,08:52:31,66.99567466666673,28.340901111111098
707,370354.558,Flight1_cam1-002-000185-0,-3100617.974357038,3483798.6153709562,321.79168701171875,NkuluEP,2020-01-16,2020-01-16 08:52:34.558,08:52:34,66.98784533333328,28.342532222222232
708,370357.628,Flight1_cam1-002-000186-0,-3100594.653848005,3483797.613804528,321.7622375488281,NkuluEP,2020-01-16,2020-01-16 08:52:37.628,08:52:37,66.9796586666666,28.344237777777792
709,370360.564,Flight1_cam1-002-000187-0,-3100571.560264808,3483787.01786178,321.7533874511719,NkuluEP,2020-01-16,2020-01-16 08:52:40.564,08:52:40,66.97182933333329,28.345868888888894
710,370363.634,Flight1_cam1-002-000188-0,-3100549.426490476,3483778.461435338,321.84979248046875,NkuluEP,2020-01-16,2020-01-16 08:52:43.634,08:52:43,66.96364266666662,28.347574444444454
711,370366.57,Flight1_cam1-002-000189-0,-3100527.153418272,3483770.476397568,321.8934631347656,NkuluEP,2020-01-16,2020-01-16 08:52:46.570,08:52:46,66.95581333333331,28.34920555555556
712,370369.64,Flight1_cam1-002-000190-0,-3100502.2026212816,3483761.419050144,321.7825622558594,NkuluEP,2020-01-16,2020-01-16 08:52:49.640,08:52:49,66.94762666666662,28.35091111111112
713,370372.576,Flight1_cam1-002-000191-0,-3100477.996840399,3483752.6727312417,321.9617004394531,NkuluEP,2020-01-16,2020-01-16 08:52:52.576,08:52:52,66.93979733333333,28.352542222222223
714,370375.646,Flight1_cam1-002-000192-0,-3100452.07537466,3483743.376201369,322.0190734863281,NkuluEP,2020-01-16,2020-01-16 08:52:55.646,08:52:55,66.93161066666664,28.354247777777783
715,370378.582,Flight1_cam1-002-000193-0,-3100427.6350246533,3483734.5330084683,322.0801086425781,NkuluEP,2020-01-16,2020-01-16 08:52:58.582,08:52:58,66.92378133333335,28.355878888888885
716,370381.652,Flight1_cam1-002-000194-0,-3100402.3347853897,3483725.373773643,322.0315856933594,NkuluEP,2020-01-16,2020-01-16 08:53:01.652,08:53:01,66.91559466666666,28.357584444444445
717,370384.588,Flight1_cam1-002-000195-0,-3100377.9892652077,3483716.339709245,322.0601806640625,NkuluEP,2020-01-16,2020-01-16 08:53:04.588,08:53:04,66.90776533333336,28.35921555555555
718,370387.657,Flight1_cam1-002-000196-0,-3100352.0701806895,3483706.943501484,322.00689697265625,NkuluEP,2020-01-16,2020-01-16 08:53:07.657,08:53:07,66.89958133333332,28.36092055555556
719,370390.594,Flight1_cam1-002-000197-0,-3100327.5963327377,3483698.164751344,321.9432373046875,NkuluEP,2020-01-16,2020-01-16 08:53:10.594,08:53:10,66.89174933333338,28.362552222222213
720,370393.663,Flight1_cam1-002-000198-0,-3100301.9012317006,3483688.4739452745,322.0210266113281,NkuluEP,2020-01-16,2020-01-16 08:53:13.663,08:53:13,66.88356533333334,28.36425722222222
721,370396.6,Flight1_cam1-002-000199-0,-3100277.3011156013,3483679.5883595617,322.1282958984375,NkuluEP,2020-01-16,2020-01-16 08:53:16.600,08:53:16,66.87573333333339,28.365888888888875
722,370399.536,Flight1_cam1-002-000200-0,-3100252.9714416876,3483670.658683812,322.1496887207031,NkuluEP,2020-01-16,2020-01-16 08:53:19.536,08:53:19,66.86790399999994,28.367520000000013
723,370402.606,Flight1_cam1-002-000201-0,-3100227.213230333,3483661.178240446,322.14544677734375,NkuluEP,2020-01-16,2020-01-16 08:53:22.606,08:53:22,66.85971733333325,28.369225555555573
724,370405.542,Flight1_cam1-002-000202-0,-3100202.32869002,3483652.118554529,322.020263671875,NkuluEP,2020-01-16,2020-01-16 08:53:25.542,08:53:25,66.85188799999996,28.370856666666675
725,370408.612,Flight1_cam1-002-000203-0,-3100177.207015419,3483642.888765326,322.02001953125,NkuluEP,2020-01-16,2020-01-16 08:53:28.612,08:53:28,66.84370133333327,28.372562222222236
726,370411.548,Flight1_cam1-002-000204-0,-3100152.8425792237,3483633.9538239394,322.02703857421875,NkuluEP,2020-01-16,2020-01-16 08:53:31.548,08:53:31,66.83587199999997,28.374193333333338
727,370414.618,Flight1_cam1-002-000205-0,-3100127.307396781,3483624.4170246283,322.10675048828125,NkuluEP,2020-01-16,2020-01-16 08:53:34.618,08:53:34,66.82768533333329,28.375898888888898
728,370417.554,Flight1_cam1-002-000206-0,-3100102.641523424,3483615.436053354,322.1916809082031,NkuluEP,2020-01-16,2020-01-16 08:53:37.554,08:53:37,66.81985599999999,28.37753
729,370420.624,Flight1_cam1-002-000207-0,-3100076.6125214947,3483605.807728447,322.23431396484375,NkuluEP,2020-01-16,2020-01-16 08:53:40.624,08:53:40,66.8116693333333,28.37923555555556
730,370423.56,Flight1_cam1-002-000208-0,-3100052.0207002163,3483596.6879109894,322.052734375,NkuluEP,2020-01-16,2020-01-16 08:53:43.560,08:53:43,66.80384000000001,28.380866666666666
731,370426.629,Flight1_cam1-002-000209-0,-3100027.233867818,3483587.3597400966,321.9722595214844,NkuluEP,2020-01-16,2020-01-16 08:53:46.629,08:53:46,66.79565599999995,28.382571666666674
732,370429.566,Flight1_cam1-002-000210-0,-3100002.8255464067,3483578.490233557,321.9362487792969,NkuluEP,2020-01-16,2020-01-16 08:53:49.566,08:53:49,66.78782400000001,28.38420333333333
733,370432.635,Flight1_cam1-002-000211-0,-3099976.901211157,3483568.955769731,321.93243408203125,NkuluEP,2020-01-16,2020-01-16 08:53:52.635,08:53:52,66.77963999999997,28.38590833333334
734,370435.572,Flight1_cam1-002-000212-0,-3099952.421248525,3483559.989136463,321.8768310546875,NkuluEP,2020-01-16,2020-01-16 08:53:55.572,08:53:55,66.77180800000004,28.38753999999999
735,370438.641,Flight1_cam1-002-000213-0,-3099926.7579240683,3483550.455593246,321.78656005859375,NkuluEP,2020-01-16,2020-01-16 08:53:58.641,08:53:58,66.763624,28.389245000000003
736,370441.578,Flight1_cam1-002-000214-0,-3099902.223514682,3483541.5456558936,321.77008056640625,NkuluEP,2020-01-16,2020-01-16 08:54:01.578,08:54:01,66.75579200000006,28.390876666666657
737,370444.647,Flight1_cam1-002-000215-0,-3099877.001378825,3483532.229561381,321.81597900390625,NkuluEP,2020-01-16,2020-01-16 08:54:04.647,08:54:04,66.747608,28.392581666666665
738,370447.584,Flight1_cam1-002-000216-0,-3099852.677990112,3483523.1913111988,321.78350830078125,NkuluEP,2020-01-16,2020-01-16 08:54:07.584,08:54:07,66.73977600000006,28.39421333333332
739,370450.653,Flight1_cam1-002-000217-0,-3099827.0515868315,3483513.9053299623,321.8489990234375,NkuluEP,2020-01-16,2020-01-16 08:54:10.653,08:54:10,66.73159200000002,28.395918333333327
740,370453.59,Flight1_cam1-002-000218-0,-3099802.478077806,3483504.79172305,321.9124450683594,NkuluEP,2020-01-16,2020-01-16 08:54:13.590,08:54:13,66.72375999999993,28.397550000000013
741,370456.659,Flight1_cam1-002-000219-0,-3099776.6866379306,3483495.2331485967,322.00738525390625,NkuluEP,2020-01-16,2020-01-16 08:54:16.659,08:54:16,66.71557600000004,28.399254999999993
742,370459.596,Flight1_cam1-002-000220-0,-3099752.282362745,3483486.1587397777,322.1302795410156,NkuluEP,2020-01-16,2020-01-16 08:54:19.596,08:54:19,66.70774399999995,28.40088666666668
743,370462.532,Flight1_cam1-002-000221-0,-3099727.577574256,3483477.167547045,322.153564453125,NkuluEP,2020-01-16,2020-01-16 08:54:22.532,08:54:22,66.69991466666664,28.40251777777778
744,370465.602,Flight1_cam1-002-000222-0,-3099702.487073491,3483467.9667351726,322.0490417480469,NkuluEP,2020-01-16,2020-01-16 08:54:25.602,08:54:25,66.69172799999996,28.40422333333334
745,370468.538,Flight1_cam1-002-000223-0,-3099677.979548257,3483458.8650769484,321.9352722167969,NkuluEP,2020-01-16,2020-01-16 08:54:28.538,08:54:28,66.68389866666666,28.405854444444444
746,370471.607,Flight1_cam1-002-000224-0,-3099652.184963172,3483449.2970089046,321.9283752441406,NkuluEP,2020-01-16,2020-01-16 08:54:31.607,08:54:31,66.67571466666662,28.407559444444455
747,370474.544,Flight1_cam1-002-000225-0,-3099627.527984167,3483440.3221001117,321.9368896484375,NkuluEP,2020-01-16,2020-01-16 08:54:34.544,08:54:34,66.66788266666669,28.40919111111111
748,370477.613,Flight1_cam1-002-000226-0,-3099601.6877153963,3483430.8421805846,322.0284423828125,NkuluEP,2020-01-16,2020-01-16 08:54:37.613,08:54:37,66.65969866666663,28.410896111111118
749,370480.55,Flight1_cam1-002-000227-0,-3099577.559071869,3483421.800869028,321.9958801269531,NkuluEP,2020-01-16,2020-01-16 08:54:40.550,08:54:40,66.65186666666669,28.412527777777772
750,370483.619,Flight1_cam1-002-000228-0,-3099552.2890635096,3483412.6149623115,322.0063171386719,NkuluEP,2020-01-16,2020-01-16 08:54:43.619,08:54:43,66.64368266666665,28.41423277777778
751,370486.556,Flight1_cam1-002-000229-0,-3099527.850068859,3483403.790212145,322.0562438964844,NkuluEP,2020-01-16,2020-01-16 08:54:46.556,08:54:46,66.63585066666671,28.415864444444434
752,370489.625,Flight1_cam1-002-000230-0,-3099501.9748227326,3483394.374231943,322.10284423828125,NkuluEP,2020-01-16,2020-01-16 08:54:49.625,08:54:49,66.62766666666667,28.417569444444446
753,370492.562,Flight1_cam1-002-000231-0,-3099477.4997780076,3483385.030093199,321.98077392578125,NkuluEP,2020-01-16,2020-01-16 08:54:52.562,08:54:52,66.61983466666673,28.419201111111096
754,370495.631,Flight1_cam1-002-000232-0,-3099451.5564315957,3483375.853188411,322.11688232421875,NkuluEP,2020-01-16,2020-01-16 08:54:55.631,08:54:55,66.61165066666668,28.42090611111111
755,370498.568,Flight1_cam1-002-000233-0,-3099426.9340366884,3483366.7167698294,322.37554931640625,NkuluEP,2020-01-16,2020-01-16 08:54:58.568,08:54:58,66.60381866666658,28.422537777777794
756,370501.637,Flight1_cam1-002-000234-0,-3099401.885908485,3483357.2240928435,322.28857421875,NkuluEP,2020-01-16,2020-01-16 08:55:01.637,08:55:01,66.5956346666667,28.42424277777777
757,370504.574,Flight1_cam1-002-000235-0,-3099377.450674833,3483348.2497314014,322.0903015136719,NkuluEP,2020-01-16,2020-01-16 08:55:04.574,08:55:04,66.5878026666666,28.425874444444457
758,370507.643,Flight1_cam1-002-000236-0,-3099351.6206450565,3483338.935062148,322.0107116699219,NkuluEP,2020-01-16,2020-01-16 08:55:07.643,08:55:07,66.57961866666672,28.427579444444433
759,370510.579,Flight1_cam1-002-000237-0,-3099327.121270219,3483330.1148345247,321.9056396484375,NkuluEP,2020-01-16,2020-01-16 08:55:10.579,08:55:10,66.57178933333326,28.42921055555557
760,370513.649,Flight1_cam1-002-000238-0,-3099301.2278202185,3483320.781970553,321.8913879394531,NkuluEP,2020-01-16,2020-01-16 08:55:13.649,08:55:13,66.56360266666672,28.4309161111111
761,370516.585,Flight1_cam1-002-000239-0,-3099276.5172510785,3483311.6686943206,322.0953674316406,NkuluEP,2020-01-16,2020-01-16 08:55:16.585,08:55:16,66.55577333333328,28.432547222222233
762,370519.655,Flight1_cam1-002-000240-0,-3099251.5067059705,3483302.238259085,322.0256652832031,NkuluEP,2020-01-16,2020-01-16 08:55:19.655,08:55:19,66.54758666666659,28.434252777777793
763,370522.591,Flight1_cam1-002-000241-0,-3099227.160936668,3483293.240099963,322.0229797363281,NkuluEP,2020-01-16,2020-01-16 08:55:22.591,08:55:22,66.53975733333328,28.435883888888895
764,370525.661,Flight1_cam1-002-000242-0,-3099201.0481921956,3483283.8297201106,322.03936767578125,NkuluEP,2020-01-16,2020-01-16 08:55:25.661,08:55:25,66.53157066666661,28.437589444444455
765,370528.597,Flight1_cam1-002-000243-0,-3099176.673817053,3483274.7926272596,321.8995361328125,NkuluEP,2020-01-16,2020-01-16 08:55:28.597,08:55:28,66.5237413333333,28.43922055555556
766,370531.667,Flight1_cam1-002-000244-0,-3099150.869843797,3483265.3077056026,321.89068603515625,NkuluEP,2020-01-16,2020-01-16 08:55:31.667,08:55:31,66.51555466666662,28.44092611111112
767,370534.603,Flight1_cam1-002-000245-0,-3099126.3726338246,3483256.3227278036,321.9262390136719,NkuluEP,2020-01-16,2020-01-16 08:55:34.603,08:55:34,66.50772533333333,28.442557222222224
768,370537.54,Flight1_cam1-002-000246-0,-3099110.205226278,3483250.992842444,321.6989440917969,NkuluEP,2020-01-16,2020-01-16 08:55:37.540,08:55:37,66.49989333333339,28.444188888888878
769,370540.609,Flight1_cam1-002-000247-0,-3099102.837692968,3483248.871336194,320.1349792480469,NkuluEP,2020-01-16,2020-01-16 08:55:40.609,08:55:40,66.49170933333335,28.445893888888886
770,370543.546,Flight1_cam1-002-000248-0,-3099106.5544067905,3483252.691472785,319.62738037109375,NkuluEP,2020-01-16,2020-01-16 08:55:43.546,08:55:43,66.4838773333334,28.44752555555554
771,370546.615,Flight1_cam1-002-000249-0,-3099126.4848243636,3483256.098190685,318.0325622558594,NkuluEP,2020-01-16,2020-01-16 08:55:46.615,08:55:46,66.47569333333335,28.449230555555552
772,370549.551,Flight1_cam1-002-000250-0,-3099155.3498946186,3483259.039106021,316.80487060546875,NkuluEP,2020-01-16,2020-01-16 08:55:49.551,08:55:49,66.46786400000006,28.450861666666654
773,370552.621,Flight1_cam1-002-000251-0,-3099189.34143922,3483261.782330146,316.7237854003906,NkuluEP,2020-01-16,2020-01-16 08:55:52.621,08:55:52,66.45967733333337,28.452567222222214
774,370555.557,Flight1_cam1-002-000252-0,-3099222.788744168,3483265.2613529,316.7967834472656,NkuluEP,2020-01-16,2020-01-16 08:55:55.557,08:55:55,66.45184800000007,28.454198333333316
775,370558.627,Flight1_cam1-002-000253-0,-3099259.494410277,3483269.4106388986,317.1707458496094,NkuluEP,2020-01-16,2020-01-16 08:55:58.627,08:55:58,66.44366133333338,28.455903888888876
776,370561.563,Flight1_cam1-002-000254-0,-3099295.5441670404,3483273.684698514,317.30487060546875,NkuluEP,2020-01-16,2020-01-16 08:56:01.563,08:56:01,66.43583199999993,28.457535000000014
777,370564.633,Flight1_cam1-002-000255-0,-3099331.9577700295,3483278.343349015,317.3507080078125,NkuluEP,2020-01-16,2020-01-16 08:56:04.633,08:56:04,66.4276453333334,28.45924055555554
778,370567.569,Flight1_cam1-002-000256-0,-3099364.1398670664,3483281.478109681,317.2713928222656,NkuluEP,2020-01-16,2020-01-16 08:56:07.569,08:56:07,66.41981599999995,28.460871666666677
779,370570.639,Flight1_cam1-002-000257-0,-3099397.067375531,3483285.0188619504,317.0876770019531,NkuluEP,2020-01-16,2020-01-16 08:56:10.639,08:56:10,66.41162933333327,28.462577222222237
780,370573.575,Flight1_cam1-002-000258-0,-3099424.5385481883,3483287.6551024164,316.7247314453125,NkuluEP,2020-01-16,2020-01-16 08:56:13.575,08:56:13,66.40379999999996,28.46420833333334
781,370576.645,Flight1_cam1-002-000259-0,-3099450.9691187027,3483292.753440981,316.3948669433594,NkuluEP,2020-01-16,2020-01-16 08:56:16.645,08:56:16,66.39561333333327,28.4659138888889
782,370579.581,Flight1_cam1-002-000260-0,-3099478.016180629,3483298.810948031,316.73455810546875,NkuluEP,2020-01-16,2020-01-16 08:56:19.581,08:56:19,66.38778399999998,28.467545
783,370582.651,Flight1_cam1-002-000261-0,-3099502.1459607407,3483304.3105678386,314.7458190917969,NkuluEP,2020-01-16,2020-01-16 08:56:22.651,08:56:22,66.3795973333333,28.46925055555556
784,370585.587,Flight1_cam1-002-000262-0,-3099521.075485797,3483308.7613435313,314.8465270996094,NkuluEP,2020-01-16,2020-01-16 08:56:25.587,08:56:25,66.371768,28.470881666666667
785,370588.657,Flight1_cam1-002-000263-0,-3099544.8929898418,3483314.9349477873,315.1907043457031,NkuluEP,2020-01-16,2020-01-16 08:56:28.657,08:56:28,66.36358133333331,28.472587222222227
786,370591.593,Flight1_cam1-002-000264-0,-3099569.3525033207,3483320.655110103,315.5157165527344,NkuluEP,2020-01-16,2020-01-16 08:56:31.593,08:56:31,66.35575200000001,28.47421833333333
787,370594.663,Flight1_cam1-002-000265-0,-3099595.001458691,3483326.0941624916,315.5667724609375,NkuluEP,2020-01-16,2020-01-16 08:56:34.663,08:56:34,66.34756533333334,28.47592388888889
788,370597.599,Flight1_cam1-002-000266-0,-3099619.6800928693,3483331.706664364,315.5308837890625,NkuluEP,2020-01-16,2020-01-16 08:56:37.599,08:56:37,66.33973600000003,28.47755499999999
789,370600.669,Flight1_cam1-002-000267-0,-3099646.2199618015,3483337.8632769166,315.22613525390625,NkuluEP,2020-01-16,2020-01-16 08:56:40.669,08:56:40,66.33154933333334,28.479260555555552
790,370603.605,Flight1_cam1-002-000268-0,-3099670.756164112,3483343.136565843,315.1222839355469,NkuluEP,2020-01-16,2020-01-16 08:56:43.605,08:56:43,66.32372000000005,28.480891666666658
791,370606.541,Flight1_cam1-002-000269-0,-3099691.5432754275,3483348.2499263743,314.74090576171875,NkuluEP,2020-01-16,2020-01-16 08:56:46.541,08:56:46,66.31589066666659,28.482522777777792
792,370609.611,Flight1_cam1-002-000270-0,-3099719.1516880654,3483349.61404574,314.0228576660156,NkuluEP,2020-01-16,2020-01-16 08:56:49.611,08:56:49,66.30770400000006,28.48422833333332
793,370612.547,Flight1_cam1-002-000271-0,-3099750.623711175,3483348.6114752917,311.6671447753906,NkuluEP,2020-01-16,2020-01-16 08:56:52.547,08:56:52,66.29987466666661,28.485859444444454
794,370615.617,Flight1_cam1-002-000272-0,-3099779.25279726,3483345.0537567725,311.08148193359375,NkuluEP,2020-01-16,2020-01-16 08:56:55.617,08:56:55,66.29168799999992,28.487565000000014
795,370618.553,Flight1_cam1-002-000273-0,-3099798.410047321,3483345.0281579425,310.77880859375,NkuluEP,2020-01-16,2020-01-16 08:56:58.553,08:56:58,66.28385866666662,28.48919611111112
796,370621.623,Flight1_cam1-002-000274-0,-3099815.377183438,3483347.5246602874,310.777587890625,NkuluEP,2020-01-16,2020-01-16 08:57:01.623,08:57:01,66.27567199999994,28.49090166666668
797,370624.559,Flight1_cam1-002-000275-0,-3099830.433358006,3483350.1057945886,309.3854675292969,NkuluEP,2020-01-16,2020-01-16 08:57:04.559,08:57:04,66.26784266666664,28.492532777777782
798,370988.387,Flight1_cam1-003-000000-0,-3099919.585107392,3483387.373953837,257.8190002441406,NkuluEP,2020-01-16,2020-01-16 09:03:08.387,09:03:08,65.50695355555557,28.641283127777776
799,370991.323,Flight1_cam1-003-000001-0,-3099892.9253635947,3483378.056627597,271.252685546875,NkuluEP,2020-01-16,2020-01-16 09:03:11.323,09:03:11,65.50238644444448,28.642082372222216
800,370994.393,Flight1_cam1-003-000002-0,-3099865.5743932687,3483370.5091220713,284.5972595214844,NkuluEP,2020-01-16,2020-01-16 09:03:14.393,09:03:14,65.49761088888891,28.64291809444444
801,370997.329,Flight1_cam1-003-000003-0,-3099833.6094331783,3483361.103715586,298.0612487792969,NkuluEP,2020-01-16,2020-01-16 09:03:17.329,09:03:17,65.49304377777773,28.643717338888894
802,371000.399,Flight1_cam1-003-000004-0,-3099800.2361556287,3483351.1652470813,311.3342590332031,NkuluEP,2020-01-16,2020-01-16 09:03:20.399,09:03:20,65.48826822222226,28.644553061111104
803,371003.335,Flight1_cam1-003-000005-0,-3099767.1209547953,3483341.2512689345,319.6416015625,NkuluEP,2020-01-16,2020-01-16 09:03:23.335,09:03:23,65.48370111111107,28.645352305555562
804,371006.405,Flight1_cam1-003-000006-0,-3099729.0020770426,3483329.784169416,319.8917236328125,NkuluEP,2020-01-16,2020-01-16 09:03:26.405,09:03:26,65.4789255555555,28.646188027777786
805,371009.341,Flight1_cam1-003-000007-0,-3099691.4896378214,3483321.64873967,319.9781494140625,NkuluEP,2020-01-16,2020-01-16 09:03:29.341,09:03:29,65.47435844444442,28.646987272222226
806,371012.277,Flight1_cam1-003-000008-0,-3099652.959609615,3483315.775253524,320.0272216796875,NkuluEP,2020-01-16,2020-01-16 09:03:32.277,09:03:32,65.46979133333333,28.647786516666667
807,371015.347,Flight1_cam1-003-000009-0,-3099613.337818711,3483310.090732937,320.1065368652344,NkuluEP,2020-01-16,2020-01-16 09:03:35.347,09:03:35,65.46501577777777,28.64862223888889
808,371018.283,Flight1_cam1-003-000010-0,-3099573.0489474456,3483303.814523799,320.1614990234375,NkuluEP,2020-01-16,2020-01-16 09:03:38.283,09:03:38,65.46044866666666,28.64942148333333
809,371021.353,Flight1_cam1-003-000011-0,-3099532.8406785917,3483297.4170864346,320.1957092285156,NkuluEP,2020-01-16,2020-01-16 09:03:41.353,09:03:41,65.45567311111111,28.650257205555555
810,371024.289,Flight1_cam1-003-000012-0,-3099499.4629144417,3483292.1014280533,320.270263671875,NkuluEP,2020-01-16,2020-01-16 09:03:44.289,09:03:44,65.45110600000001,28.65105645
811,371027.359,Flight1_cam1-003-000013-0,-3099478.935421348,3483291.9814915014,320.2373352050781,NkuluEP,2020-01-16,2020-01-16 09:03:47.359,09:03:47,65.44633044444444,28.651892172222222
812,371030.295,Flight1_cam1-003-000014-0,-3099473.4206625163,3483305.0543647846,320.0261535644531,NkuluEP,2020-01-16,2020-01-16 09:03:50.295,09:03:50,65.44176333333336,28.652691416666663
813,371033.365,Flight1_cam1-003-000015-0,-3099472.767290131,3483321.331511701,319.8861083984375,NkuluEP,2020-01-16,2020-01-16 09:03:53.365,09:03:53,65.43698777777779,28.653527138888887
814,371036.301,Flight1_cam1-003-000016-0,-3099468.1812867755,3483330.2060951637,319.9085693359375,NkuluEP,2020-01-16,2020-01-16 09:03:56.301,09:03:56,65.4324206666667,28.654326383333327
815,371039.371,Flight1_cam1-003-000017-0,-3099464.428150213,3483334.5385734616,319.85577392578125,NkuluEP,2020-01-16,2020-01-16 09:03:59.371,09:03:59,65.42764511111113,28.65516210555555
816,371042.307,Flight1_cam1-003-000018-0,-3099462.1289528944,3483336.3733787946,319.86456298828125,NkuluEP,2020-01-16,2020-01-16 09:04:02.307,09:04:02,65.42307800000005,28.65596134999999
817,371045.377,Flight1_cam1-003-000019-0,-3099459.3674816787,3483337.466272293,319.8216857910156,NkuluEP,2020-01-16,2020-01-16 09:04:05.377,09:04:05,65.41830244444448,28.656797072222215
818,371048.313,Flight1_cam1-003-000020-0,-3099452.704855177,3483340.5388873974,320.3737487792969,NkuluEP,2020-01-16,2020-01-16 09:04:08.313,09:04:08,65.41373533333329,28.657596316666673
819,371052.184,Flight1_cam1-003-000021-0,-3099446.47103856,3483342.519092564,322.1406555175781,NkuluEP,2020-01-16,2020-01-16 09:04:12.184,09:04:12,65.40771377777776,28.65865008888889
820,371055.253,Flight1_cam1-003-000022-0,-3099442.468178238,3483342.8410336664,322.77459716796875,NkuluEP,2020-01-16,2020-01-16 09:04:15.253,09:04:15,65.40293977777773,28.659485538888894
821,371057.389,Flight1_cam1-003-000023-0,-3099427.107147243,3483342.979827787,322.8619079589844,NkuluEP,2020-01-16,2020-01-16 09:04:17.389,09:04:17,65.39961711111107,28.66006700555556
822,371060.325,Flight1_cam1-003-000024-0,-3099399.2637854116,3483341.7959750365,323.0404968261719,NkuluEP,2020-01-16,2020-01-16 09:04:20.325,09:04:20,65.39504999999998,28.66086625
823,371063.395,Flight1_cam1-003-000025-0,-3099371.6043712613,3483341.138078716,323.20733642578125,NkuluEP,2020-01-16,2020-01-16 09:04:23.395,09:04:23,65.39027444444442,28.66170197222223
824,371066.331,Flight1_cam1-003-000026-0,-3099354.325159982,3483340.520935799,323.3576354980469,NkuluEP,2020-01-16,2020-01-16 09:04:26.331,09:04:26,65.38570733333333,28.66250121666667
825,371070.202,Flight1_cam1-003-000027-0,-3099350.408436884,3483340.1263174945,323.21734619140625,NkuluEP,2020-01-16,2020-01-16 09:04:30.202,09:04:30,65.3796857777778,28.663554988888887
826,371072.337,Flight1_cam1-003-000028-0,-3099337.169989029,3483335.5521399584,323.2506103515625,NkuluEP,2020-01-16,2020-01-16 09:04:32.337,09:04:32,65.37636466666666,28.664136183333333
827,371075.407,Flight1_cam1-003-000029-0,-3099311.1591993147,3483325.2094435142,323.2886962890625,NkuluEP,2020-01-16,2020-01-16 09:04:35.407,09:04:35,65.37158911111109,28.664971905555557
828,371078.343,Flight1_cam1-003-000030-0,-3099286.3504615366,3483315.8186120274,323.344482421875,NkuluEP,2020-01-16,2020-01-16 09:04:38.343,09:04:38,65.367022,28.665771149999998
829,371081.279,Flight1_cam1-003-000031-0,-3099262.0205816315,3483307.2039792356,323.39776611328125,NkuluEP,2020-01-16,2020-01-16 09:04:41.279,09:04:41,65.36245488888892,28.666570394444438
830,371084.349,Flight1_cam1-003-000032-0,-3099236.2874648375,3483297.789982529,323.3967590332031,NkuluEP,2020-01-16,2020-01-16 09:04:44.349,09:04:44,65.35767933333335,28.667406116666662
831,371087.285,Flight1_cam1-003-000033-0,-3099211.8890904943,3483288.68255791,323.37530517578125,NkuluEP,2020-01-16,2020-01-16 09:04:47.285,09:04:47,65.35311222222226,28.668205361111102
832,371090.355,Flight1_cam1-003-000034-0,-3099186.698773652,3483279.3975554463,323.2843017578125,NkuluEP,2020-01-16,2020-01-16 09:04:50.355,09:04:50,65.3483366666667,28.66904108333333
833,371093.291,Flight1_cam1-003-000035-0,-3099162.38274501,3483270.3171241092,323.2818603515625,NkuluEP,2020-01-16,2020-01-16 09:04:53.291,09:04:53,65.34376955555551,28.669840327777784
834,371096.361,Flight1_cam1-003-000036-0,-3099136.539682123,3483260.971711851,323.1921691894531,NkuluEP,2020-01-16,2020-01-16 09:04:56.361,09:04:56,65.33899400000004,28.670676049999994
835,371099.297,Flight1_cam1-003-000037-0,-3099111.8983281488,3483252.2172173276,323.176513671875,NkuluEP,2020-01-16,2020-01-16 09:04:59.297,09:04:59,65.33442688888886,28.67147529444445
836,371102.367,Flight1_cam1-003-000038-0,-3099085.9886483187,3483242.503506294,323.1988525390625,NkuluEP,2020-01-16,2020-01-16 09:05:02.367,09:05:02,65.32965133333329,28.672311016666676
837,371105.303,Flight1_cam1-003-000039-0,-3099061.61789344,3483233.120616877,323.1846618652344,NkuluEP,2020-01-16,2020-01-16 09:05:05.303,09:05:05,65.3250842222222,28.673110261111116
838,371108.373,Flight1_cam1-003-000040-0,-3099036.689773914,3483223.9282269627,323.3154296875,NkuluEP,2020-01-16,2020-01-16 09:05:08.373,09:05:08,65.32030866666663,28.67394598333334
839,371111.309,Flight1_cam1-003-000041-0,-3099011.68123182,3483215.1516254744,323.34161376953125,NkuluEP,2020-01-16,2020-01-16 09:05:11.309,09:05:11,65.31574155555553,28.67474522777778
840,371114.379,Flight1_cam1-003-000042-0,-3098985.9169372837,3483205.2722412553,323.3715515136719,NkuluEP,2020-01-16,2020-01-16 09:05:14.379,09:05:14,65.31096599999998,28.675580950000004
841,371117.315,Flight1_cam1-003-000043-0,-3098961.8283548118,3483196.6347955302,323.3145751953125,NkuluEP,2020-01-16,2020-01-16 09:05:17.315,09:05:17,65.30639888888888,28.676380194444445
842,371120.385,Flight1_cam1-003-000044-0,-3098935.69940478,3483187.2671669624,323.3191223144531,NkuluEP,2020-01-16,2020-01-16 09:05:20.385,09:05:20,65.30162333333331,28.67721591666667
843,371123.321,Flight1_cam1-003-000045-0,-3098911.408070142,3483178.2836680603,323.2658386230469,NkuluEP,2020-01-16,2020-01-16 09:05:23.321,09:05:23,65.29705622222222,28.67801516111111
844,371126.391,Flight1_cam1-003-000046-0,-3098894.9394820146,3483182.7333010756,323.28204345703125,NkuluEP,2020-01-16,2020-01-16 09:05:26.391,09:05:26,65.29228066666666,28.678850883333332
845,371129.327,Flight1_cam1-003-000047-0,-3098885.7375384015,3483204.365212485,323.1605529785156,NkuluEP,2020-01-16,2020-01-16 09:05:29.327,09:05:29,65.28771355555557,28.679650127777776
846,371132.397,Flight1_cam1-003-000048-0,-3098873.209648458,3483228.8977763434,323.1060485839844,NkuluEP,2020-01-16,2020-01-16 09:05:32.397,09:05:32,65.282938,28.68048585
847,371135.333,Flight1_cam1-003-000049-0,-3098863.231822627,3483252.106503578,323.1026611328125,NkuluEP,2020-01-16,2020-01-16 09:05:35.333,09:05:35,65.27837088888892,28.68128509444444
848,371138.403,Flight1_cam1-003-000050-0,-3098873.8739498747,3483275.5482448856,323.1346435546875,NkuluEP,2020-01-16,2020-01-16 09:05:38.403,09:05:38,65.27359533333335,28.682120816666664
849,371141.339,Flight1_cam1-003-000051-0,-3098899.123937959,3483285.889342455,323.2603454589844,NkuluEP,2020-01-16,2020-01-16 09:05:41.339,09:05:41,65.26902822222226,28.682920061111105
850,371144.409,Flight1_cam1-003-000052-0,-3098920.2765375813,3483293.631856795,323.25616455078125,NkuluEP,2020-01-16,2020-01-16 09:05:44.409,09:05:44,65.26425266666669,28.68375578333333
851,371147.345,Flight1_cam1-003-000053-0,-3098943.271068226,3483302.1912258086,323.4642333984375,NkuluEP,2020-01-16,2020-01-16 09:05:47.345,09:05:47,65.25968555555559,28.68455502777777
852,371150.281,Flight1_cam1-003-000054-0,-3098967.717017354,3483311.655978692,323.5622863769531,NkuluEP,2020-01-16,2020-01-16 09:05:50.281,09:05:50,65.25511844444442,28.685354272222227
853,371153.351,Flight1_cam1-003-000055-0,-3098993.412332307,3483321.1654364527,323.6831970214844,NkuluEP,2020-01-16,2020-01-16 09:05:53.351,09:05:53,65.25034288888885,28.68618999444445
854,371156.287,Flight1_cam1-003-000056-0,-3099017.7967386027,3483330.011020455,323.7333679199219,NkuluEP,2020-01-16,2020-01-16 09:05:56.287,09:05:56,65.24577577777775,28.68698923888889
855,371159.357,Flight1_cam1-003-000057-0,-3099043.519531292,3483339.2474573636,323.73382568359375,NkuluEP,2020-01-16,2020-01-16 09:05:59.357,09:05:59,65.2410002222222,28.687824961111115
856,371162.293,Flight1_cam1-003-000058-0,-3099067.882361937,3483348.2102449764,323.719482421875,NkuluEP,2020-01-16,2020-01-16 09:06:02.293,09:06:02,65.2364331111111,28.688624205555556
857,371165.363,Flight1_cam1-003-000059-0,-3099093.1874452275,3483357.4531783005,323.78607177734375,NkuluEP,2020-01-16,2020-01-16 09:06:05.363,09:06:05,65.23165755555553,28.68945992777778
858,371168.299,Flight1_cam1-003-000060-0,-3099117.642292833,3483366.561209875,323.87158203125,NkuluEP,2020-01-16,2020-01-16 09:06:08.299,09:06:08,65.22709044444444,28.690259172222223
859,371171.369,Flight1_cam1-003-000061-0,-3099143.459061672,3483376.0460730107,323.93707275390625,NkuluEP,2020-01-16,2020-01-16 09:06:11.369,09:06:11,65.22231488888887,28.691094894444447
860,371174.305,Flight1_cam1-003-000062-0,-3099167.733540457,3483385.151035387,323.8867492675781,NkuluEP,2020-01-16,2020-01-16 09:06:14.305,09:06:14,65.21774777777779,28.691894138888888
861,371177.375,Flight1_cam1-003-000063-0,-3099192.967658869,3483394.431396603,323.9660339355469,NkuluEP,2020-01-16,2020-01-16 09:06:17.375,09:06:17,65.21297222222222,28.69272986111111
862,371180.311,Flight1_cam1-003-000064-0,-3099217.3589267125,3483403.956751557,324.08477783203125,NkuluEP,2020-01-16,2020-01-16 09:06:20.311,09:06:20,65.20840511111113,28.69352910555555
863,371183.381,Flight1_cam1-003-000065-0,-3099242.9109758353,3483413.017917228,324.2473449707031,NkuluEP,2020-01-16,2020-01-16 09:06:23.381,09:06:23,65.20362955555557,28.694364827777775
864,371186.317,Flight1_cam1-003-000066-0,-3099267.2433525613,3483421.9308419367,324.31781005859375,NkuluEP,2020-01-16,2020-01-16 09:06:26.317,09:06:26,65.19906244444448,28.695164072222216
865,371189.387,Flight1_cam1-003-000067-0,-3099293.212090543,3483431.3117328654,324.4280700683594,NkuluEP,2020-01-16,2020-01-16 09:06:29.387,09:06:29,65.19428688888891,28.69599979444444
866,371192.323,Flight1_cam1-003-000068-0,-3099317.835460793,3483440.622148924,324.5002136230469,NkuluEP,2020-01-16,2020-01-16 09:06:32.323,09:06:32,65.18971977777781,28.696799038888884
867,371195.393,Flight1_cam1-003-000069-0,-3099343.508090255,3483450.0367875965,324.4585876464844,NkuluEP,2020-01-16,2020-01-16 09:06:35.393,09:06:35,65.18494422222224,28.697634761111107
868,371198.329,Flight1_cam1-003-000070-0,-3099368.2733886605,3483458.982446742,324.48736572265625,NkuluEP,2020-01-16,2020-01-16 09:06:38.329,09:06:38,65.18037711111107,28.698434005555562
869,371201.399,Flight1_cam1-003-000071-0,-3099393.324770636,3483468.0778804948,324.5378112792969,NkuluEP,2020-01-16,2020-01-16 09:06:41.399,09:06:41,65.17560155555559,28.69926972777777
870,371204.335,Flight1_cam1-003-000072-0,-3099417.463458069,3483477.238460209,324.4887390136719,NkuluEP,2020-01-16,2020-01-16 09:06:44.335,09:06:44,65.17103444444442,28.700068972222226
871,371207.405,Flight1_cam1-003-000073-0,-3099443.1134827603,3483486.7256086404,324.5174865722656,NkuluEP,2020-01-16,2020-01-16 09:06:47.405,09:06:47,65.16625888888885,28.700904694444453
872,371210.341,Flight1_cam1-003-000074-0,-3099467.6774970023,3483495.6267853295,324.6923828125,NkuluEP,2020-01-16,2020-01-16 09:06:50.341,09:06:50,65.16169177777775,28.701703938888894
873,371213.411,Flight1_cam1-003-000075-0,-3099494.308575539,3483505.253909721,324.4902038574219,NkuluEP,2020-01-16,2020-01-16 09:06:53.411,09:06:53,65.15691622222218,28.702539661111118
874,371216.347,Flight1_cam1-003-000076-0,-3099518.275042044,3483514.3519726014,324.2253723144531,NkuluEP,2020-01-16,2020-01-16 09:06:56.347,09:06:56,65.15234911111109,28.703338905555558
875,371219.283,Flight1_cam1-003-000077-0,-3099542.483364698,3483523.168706634,324.1869812011719,NkuluEP,2020-01-16,2020-01-16 09:06:59.283,09:06:59,65.147782,28.70413815
876,371222.353,Flight1_cam1-003-000078-0,-3099568.503914643,3483532.9380728407,324.0993347167969,NkuluEP,2020-01-16,2020-01-16 09:07:02.353,09:07:02,65.14300644444444,28.704973872222222
877,371225.289,Flight1_cam1-003-000079-0,-3099593.0527861086,3483541.6729655256,324.03271484375,NkuluEP,2020-01-16,2020-01-16 09:07:05.289,09:07:05,65.13843933333335,28.705773116666663
878,371228.359,Flight1_cam1-003-000080-0,-3099618.2165385145,3483551.03988288,323.9516906738281,NkuluEP,2020-01-16,2020-01-16 09:07:08.359,09:07:08,65.13366377777778,28.706608838888886
879,371231.962,Flight1_cam1-003-000081-0,-3099648.7109056353,3483562.0793746794,324.0398254394531,NkuluEP,2020-01-16,2020-01-16 09:07:11.962,09:07:11,65.12805911111111,28.707589655555555
880,371234.365,Flight1_cam1-003-000082-0,-3099668.3859840534,3483569.543505435,324.07183837890625,NkuluEP,2020-01-16,2020-01-16 09:07:14.365,09:07:14,65.12432111111113,28.708243805555554
881,371237.301,Flight1_cam1-003-000083-0,-3099692.7619605437,3483578.3763738475,324.0749816894531,NkuluEP,2020-01-16,2020-01-16 09:07:17.301,09:07:17,65.11975400000003,28.709043049999995
882,371240.371,Flight1_cam1-003-000084-0,-3099718.772577384,3483587.8776800013,324.19482421875,NkuluEP,2020-01-16,2020-01-16 09:07:20.371,09:07:20,65.11497844444446,28.70987877222222
883,371243.307,Flight1_cam1-003-000085-0,-3099743.5184199098,3483597.196842441,324.2610778808594,NkuluEP,2020-01-16,2020-01-16 09:07:23.307,09:07:23,65.11041133333337,28.71067801666666
884,371246.377,Flight1_cam1-003-000086-0,-3099768.507227615,3483606.3452529963,324.2259826660156,NkuluEP,2020-01-16,2020-01-16 09:07:26.377,09:07:26,65.1056357777778,28.711513738888883
885,371249.313,Flight1_cam1-003-000087-0,-3099792.7457443704,3483615.0844695074,324.206787109375,NkuluEP,2020-01-16,2020-01-16 09:07:29.313,09:07:29,65.10106866666663,28.71231298333334
886,371252.383,Flight1_cam1-003-000088-0,-3099818.9798155087,3483624.4731879,324.17633056640625,NkuluEP,2020-01-16,2020-01-16 09:07:32.383,09:07:32,65.09629311111115,28.713148705555547
887,371255.319,Flight1_cam1-003-000089-0,-3099843.620497442,3483633.5801334255,324.2319030761719,NkuluEP,2020-01-16,2020-01-16 09:07:35.319,09:07:35,65.09172599999997,28.713947950000005
888,371258.389,Flight1_cam1-003-000090-0,-3099869.4559384454,3483643.0465026824,324.2267150878906,NkuluEP,2020-01-16,2020-01-16 09:07:38.389,09:07:38,65.0869504444444,28.71478367222223
889,371261.325,Flight1_cam1-003-000091-0,-3099893.607046724,3483652.0255965968,324.10235595703125,NkuluEP,2020-01-16,2020-01-16 09:07:41.325,09:07:41,65.08238333333331,28.71558291666667
890,371264.394,Flight1_cam1-003-000092-0,-3099918.7522917567,3483661.4786200374,323.9957580566406,NkuluEP,2020-01-16,2020-01-16 09:07:44.394,09:07:44,65.07760933333337,28.71641836666666
891,371267.331,Flight1_cam1-003-000093-0,-3099943.192598391,3483670.306882496,323.924560546875,NkuluEP,2020-01-16,2020-01-16 09:07:47.331,09:07:47,65.07304066666666,28.717217883333333
892,371270.4,Flight1_cam1-003-000094-0,-3099968.974351009,3483679.90698252,323.794921875,NkuluEP,2020-01-16,2020-01-16 09:07:50.400,09:07:50,65.06826666666663,28.71805333333334
893,371273.337,Flight1_cam1-003-000095-0,-3099993.3283892837,3483688.7890363596,323.6550598144531,NkuluEP,2020-01-16,2020-01-16 09:07:53.337,09:07:53,65.063698,28.71885285
894,371276.406,Flight1_cam1-003-000096-0,-3100018.967157676,3483698.038420869,323.5180358886719,NkuluEP,2020-01-16,2020-01-16 09:07:56.406,09:07:56,65.05892399999998,28.719688300000005
895,371279.343,Flight1_cam1-003-000097-0,-3100043.302097947,3483707.017487131,323.4675598144531,NkuluEP,2020-01-16,2020-01-16 09:07:59.343,09:07:59,65.05435533333335,28.720487816666665
896,371282.412,Flight1_cam1-003-000098-0,-3100068.568756703,3483716.032514596,323.44720458984375,NkuluEP,2020-01-16,2020-01-16 09:08:02.412,09:08:02,65.04958133333331,28.72132326666667
897,371285.349,Flight1_cam1-003-000099-0,-3100092.7524571717,3483725.2280410216,323.6062316894531,NkuluEP,2020-01-16,2020-01-16 09:08:05.349,09:08:05,65.04501266666668,28.72212278333333
898,371288.285,Flight1_cam1-003-000100-0,-3100117.4729368077,3483734.439500276,323.7541198730469,NkuluEP,2020-01-16,2020-01-16 09:08:08.285,09:08:08,65.04044555555559,28.72292202777777
899,371291.355,Flight1_cam1-003-000101-0,-3100143.4128396376,3483743.9661266604,323.9026794433594,NkuluEP,2020-01-16,2020-01-16 09:08:11.355,09:08:11,65.03567000000002,28.723757749999994
900,371294.291,Flight1_cam1-003-000102-0,-3100167.8219255493,3483753.1725878436,323.9390869140625,NkuluEP,2020-01-16,2020-01-16 09:08:14.291,09:08:14,65.03110288888884,28.724556994444452
901,371297.361,Flight1_cam1-003-000103-0,-3100193.62634346,3483762.552414583,324.0229797363281,NkuluEP,2020-01-16,2020-01-16 09:08:17.361,09:08:17,65.02632733333337,28.72539271666666
902,371300.297,Flight1_cam1-003-000104-0,-3100218.49447124,3483771.404815423,324.0819396972656,NkuluEP,2020-01-16,2020-01-16 09:08:20.297,09:08:20,65.02176022222218,28.726191961111116
903,371303.366,Flight1_cam1-003-000105-0,-3100243.420231542,3483780.6488903775,324.200927734375,NkuluEP,2020-01-16,2020-01-16 09:08:23.366,09:08:23,65.01698622222226,28.727027411111106
904,371306.303,Flight1_cam1-003-000106-0,-3100268.4108414566,3483789.537982196,324.31768798828125,NkuluEP,2020-01-16,2020-01-16 09:08:26.303,09:08:26,65.01241755555553,28.72782692777778
905,371309.372,Flight1_cam1-003-000107-0,-3100293.211027773,3483798.58469952,324.3276062011719,NkuluEP,2020-01-16,2020-01-16 09:08:29.372,09:08:29,65.00764355555559,28.72866237777777
906,371312.309,Flight1_cam1-003-000108-0,-3100317.7713202476,3483807.8804784943,324.1972351074219,NkuluEP,2020-01-16,2020-01-16 09:08:32.309,09:08:32,65.00307488888888,28.729461894444448
907,371315.378,Flight1_cam1-003-000109-0,-3100343.2279873034,3483817.42601273,324.0215148925781,NkuluEP,2020-01-16,2020-01-16 09:08:35.378,09:08:35,64.99830088888885,28.730297344444452
908,371318.315,Flight1_cam1-003-000110-0,-3100366.807922519,3483826.2871508775,324.13800048828125,NkuluEP,2020-01-16,2020-01-16 09:08:38.315,09:08:38,64.99373222222222,28.731096861111112
909,371321.384,Flight1_cam1-003-000111-0,-3100393.219946434,3483835.9359392715,324.0909729003906,NkuluEP,2020-01-16,2020-01-16 09:08:41.384,09:08:41,64.9889582222222,28.731932311111116
910,371324.321,Flight1_cam1-003-000112-0,-3100416.6819674643,3483844.8984908955,323.95477294921875,NkuluEP,2020-01-16,2020-01-16 09:08:44.321,09:08:44,64.98438955555557,28.732731827777776
911,371327.39,Flight1_cam1-003-000113-0,-3100442.0983879846,3483854.1225600196,323.9258728027344,NkuluEP,2020-01-16,2020-01-16 09:08:47.390,09:08:47,64.97961555555553,28.73356727777778
912,371330.327,Flight1_cam1-003-000114-0,-3100466.5189551786,3483862.769626509,324.0806884765625,NkuluEP,2020-01-16,2020-01-16 09:08:50.327,09:08:50,64.9750468888889,28.73436679444444
913,371333.396,Flight1_cam1-003-000115-0,-3100492.5886265663,3483872.298928774,324.00274658203125,NkuluEP,2020-01-16,2020-01-16 09:08:53.396,09:08:53,64.97027288888887,28.735202244444448
914,371336.333,Flight1_cam1-003-000116-0,-3100516.678491402,3483881.1845864276,323.964599609375,NkuluEP,2020-01-16,2020-01-16 09:08:56.333,09:08:56,64.96570422222224,28.73600176111111
915,371339.402,Flight1_cam1-003-000117-0,-3100542.7487235996,3483890.847483454,323.8831787109375,NkuluEP,2020-01-16,2020-01-16 09:08:59.402,09:08:59,64.96093022222222,28.736837211111112
916,371342.339,Flight1_cam1-003-000118-0,-3100567.51741693,3483899.963856183,323.83892822265625,NkuluEP,2020-01-16,2020-01-16 09:09:02.339,09:09:02,64.95636155555559,28.737636727777772
917,371345.408,Flight1_cam1-003-000119-0,-3100591.907342173,3483910.2350769946,323.9127197265625,NkuluEP,2020-01-16,2020-01-16 09:09:05.408,09:09:05,64.95158755555556,28.738472177777776
918,371348.344,Flight1_cam1-003-000120-0,-3100596.3113334156,3483932.7278603436,323.5679931640625,NkuluEP,2020-01-16,2020-01-16 09:09:08.344,09:09:08,64.94702044444448,28.739271422222217
919,371351.414,Flight1_cam1-003-000121-0,-3100587.8599854717,3483955.294929543,323.3691711425781,NkuluEP,2020-01-16,2020-01-16 09:09:11.414,09:09:11,64.94224488888891,28.74010714444444
920,371354.35,Flight1_cam1-003-000122-0,-3100581.9578215512,3483978.2804673086,323.22021484375,NkuluEP,2020-01-16,2020-01-16 09:09:14.350,09:09:14,64.93767777777781,28.74090638888888
921,371357.287,Flight1_cam1-003-000123-0,-3100569.8366133254,3484000.002453184,323.10693359375,NkuluEP,2020-01-16,2020-01-16 09:09:17.287,09:09:17,64.9331091111111,28.74170590555556
922,371360.356,Flight1_cam1-003-000124-0,-3100547.1968534095,3484005.2353377077,323.0875549316406,NkuluEP,2020-01-16,2020-01-16 09:09:20.356,09:09:20,64.92833511111107,28.742541355555563
923,371363.293,Flight1_cam1-003-000125-0,-3100526.3484141342,3483997.0455126837,323.0953063964844,NkuluEP,2020-01-16,2020-01-16 09:09:23.293,09:09:23,64.92376644444444,28.743340872222223
924,371366.362,Flight1_cam1-003-000126-0,-3100503.7537622317,3483987.5725241248,323.0370788574219,NkuluEP,2020-01-16,2020-01-16 09:09:26.362,09:09:26,64.91899244444441,28.744176322222227
925,371369.299,Flight1_cam1-003-000127-0,-3100481.9773321534,3483979.9110731073,322.9705810546875,NkuluEP,2020-01-16,2020-01-16 09:09:29.299,09:09:29,64.91442377777777,28.744975838888887
926,371372.368,Flight1_cam1-003-000128-0,-3100457.244751049,3483971.0801441204,322.8852844238281,NkuluEP,2020-01-16,2020-01-16 09:09:32.368,09:09:32,64.90964977777774,28.745811288888895
927,371375.305,Flight1_cam1-003-000129-0,-3100433.429234255,3483962.3077052757,322.87261962890625,NkuluEP,2020-01-16,2020-01-16 09:09:35.305,09:09:35,64.90508111111112,28.746610805555555
928,371378.374,Flight1_cam1-003-000130-0,-3100409.0023022634,3483953.4631758286,322.8212585449219,NkuluEP,2020-01-16,2020-01-16 09:09:38.374,09:09:38,64.90030711111109,28.74744625555556
929,371381.311,Flight1_cam1-003-000131-0,-3100384.3636681484,3483944.5050830212,322.7434997558594,NkuluEP,2020-01-16,2020-01-16 09:09:41.311,09:09:41,64.89573844444446,28.74824577222222
930,371384.38,Flight1_cam1-003-000132-0,-3100358.613339992,3483935.242906523,322.751220703125,NkuluEP,2020-01-16,2020-01-16 09:09:44.380,09:09:44,64.89096444444444,28.749081222222223
931,371387.317,Flight1_cam1-003-000133-0,-3100334.1015511863,3483926.4476828636,322.8304443359375,NkuluEP,2020-01-16,2020-01-16 09:09:47.317,09:09:47,64.8863957777778,28.749880738888884
932,371390.386,Flight1_cam1-003-000134-0,-3100308.1933289566,3483917.0400094693,322.790771484375,NkuluEP,2020-01-16,2020-01-16 09:09:50.386,09:09:50,64.88162177777778,28.750716188888887
933,371393.322,Flight1_cam1-003-000135-0,-3100283.6590568903,3483907.9550099587,322.7596130371094,NkuluEP,2020-01-16,2020-01-16 09:09:53.322,09:09:53,64.87705466666668,28.751515433333328
934,371396.392,Flight1_cam1-003-000136-0,-3100258.5846144883,3483898.8390402114,322.7679443359375,NkuluEP,2020-01-16,2020-01-16 09:09:56.392,09:09:56,64.87227911111113,28.752351155555555
935,371399.328,Flight1_cam1-003-000137-0,-3100234.32778555,3483889.8070685603,322.7925720214844,NkuluEP,2020-01-16,2020-01-16 09:09:59.328,09:09:59,64.86771200000003,28.753150399999996
936,371402.398,Flight1_cam1-003-000138-0,-3100208.472174633,3483880.2525158287,322.76776123046875,NkuluEP,2020-01-16,2020-01-16 09:10:02.398,09:10:02,64.86293644444446,28.75398612222222
937,371405.334,Flight1_cam1-003-000139-0,-3100183.8508450487,3483871.2885370734,322.7256164550781,NkuluEP,2020-01-16,2020-01-16 09:10:05.334,09:10:05,64.85836933333337,28.75478536666666
938,371408.404,Flight1_cam1-003-000140-0,-3100158.1139438627,3483861.6926084855,322.6668395996094,NkuluEP,2020-01-16,2020-01-16 09:10:08.404,09:10:08,64.8535937777778,28.755621088888883
939,371411.34,Flight1_cam1-003-000141-0,-3100133.7898197128,3483852.630494706,322.67071533203125,NkuluEP,2020-01-16,2020-01-16 09:10:11.340,09:10:11,64.84902666666663,28.75642033333334
940,371414.41,Flight1_cam1-003-000142-0,-3100108.698907304,3483843.2543360405,322.52105712890625,NkuluEP,2020-01-16,2020-01-16 09:10:14.410,09:10:14,64.84425111111115,28.757256055555548
941,371417.346,Flight1_cam1-003-000143-0,-3100084.458374165,3483834.2829247913,322.45751953125,NkuluEP,2020-01-16,2020-01-16 09:10:17.346,09:10:17,64.83968399999996,28.758055300000006
942,371420.416,Flight1_cam1-003-000144-0,-3100058.5468974463,3483824.829010744,322.4322204589844,NkuluEP,2020-01-16,2020-01-16 09:10:20.416,09:10:20,64.8349084444444,28.75889102222223
943,371423.352,Flight1_cam1-003-000145-0,-3100033.869594799,3483815.9054347314,322.400390625,NkuluEP,2020-01-16,2020-01-16 09:10:23.352,09:10:23,64.83034133333331,28.75969026666667
944,371426.289,Flight1_cam1-003-000146-0,-3100009.1970102275,3483806.910074373,322.408447265625,NkuluEP,2020-01-16,2020-01-16 09:10:26.289,09:10:26,64.82577266666668,28.76048978333333
945,371429.358,Flight1_cam1-003-000147-0,-3099983.2482669684,3483797.369704894,322.4646911621094,NkuluEP,2020-01-16,2020-01-16 09:10:29.358,09:10:29,64.82099866666665,28.761325233333334
946,371432.294,Flight1_cam1-003-000148-0,-3099958.7921527014,3483788.5334960255,322.4922790527344,NkuluEP,2020-01-16,2020-01-16 09:10:32.294,09:10:32,64.81643155555557,28.762124477777775
947,371435.364,Flight1_cam1-003-000149-0,-3099934.0147391646,3483779.1619451907,322.4504089355469,NkuluEP,2020-01-16,2020-01-16 09:10:35.364,09:10:35,64.811656,28.762960200000002
948,371438.3,Flight1_cam1-003-000150-0,-3099909.31340957,3483770.224664237,322.39495849609375,NkuluEP,2020-01-16,2020-01-16 09:10:38.300,09:10:38,64.8070888888889,28.763759444444442
949,371441.37,Flight1_cam1-003-000151-0,-3099883.349056966,3483760.6726740394,322.4674987792969,NkuluEP,2020-01-16,2020-01-16 09:10:41.370,09:10:41,64.80231333333334,28.764595166666666
950,371444.306,Flight1_cam1-003-000152-0,-3099858.8066181904,3483751.626484621,322.4942321777344,NkuluEP,2020-01-16,2020-01-16 09:10:44.306,09:10:44,64.79774622222224,28.765394411111107
951,371447.376,Flight1_cam1-003-000153-0,-3099833.222672064,3483742.2017162708,322.51239013671875,NkuluEP,2020-01-16,2020-01-16 09:10:47.376,09:10:47,64.79297066666668,28.76623013333333
952,371450.312,Flight1_cam1-003-000154-0,-3099809.0081113935,3483733.1670013024,322.52532958984375,NkuluEP,2020-01-16,2020-01-16 09:10:50.312,09:10:50,64.78840355555559,28.76702937777777
953,371453.382,Flight1_cam1-003-000155-0,-3099784.031244325,3483723.897437268,322.5476379394531,NkuluEP,2020-01-16,2020-01-16 09:10:53.382,09:10:53,64.78362800000002,28.767865099999995
954,371456.318,Flight1_cam1-003-000156-0,-3099759.2924193274,3483714.76581055,322.57427978515625,NkuluEP,2020-01-16,2020-01-16 09:10:56.318,09:10:56,64.77906088888884,28.768664344444453
955,371459.388,Flight1_cam1-003-000157-0,-3099732.914838667,3483705.6717390125,322.4958190917969,NkuluEP,2020-01-16,2020-01-16 09:10:59.388,09:10:59,64.77428533333337,28.76950006666666
956,371462.324,Flight1_cam1-003-000158-0,-3099708.8719346235,3483696.649700222,322.4608459472656,NkuluEP,2020-01-16,2020-01-16 09:11:02.324,09:11:02,64.76971822222218,28.770299311111117
957,371465.394,Flight1_cam1-003-000159-0,-3099683.135851794,3483686.8525253213,322.4468688964844,NkuluEP,2020-01-16,2020-01-16 09:11:05.394,09:11:05,64.76494266666671,28.771135033333326
958,371468.33,Flight1_cam1-003-000160-0,-3099658.6168473097,3483677.6347915395,322.4755859375,NkuluEP,2020-01-16,2020-01-16 09:11:08.330,09:11:08,64.76037555555553,28.77193427777778
959,371471.4,Flight1_cam1-003-000161-0,-3099633.5615824973,3483668.58646437,322.5203857421875,NkuluEP,2020-01-16,2020-01-16 09:11:11.400,09:11:11,64.75559999999996,28.772770000000005
960,371474.336,Flight1_cam1-003-000162-0,-3099609.0878605605,3483659.821870668,322.5956726074219,NkuluEP,2020-01-16,2020-01-16 09:11:14.336,09:11:14,64.75103288888887,28.77356924444445
961,371477.406,Flight1_cam1-003-000163-0,-3099583.4766276227,3483650.3628341598,322.5743713378906,NkuluEP,2020-01-16,2020-01-16 09:11:17.406,09:11:17,64.7462573333333,28.774404966666673
962,371480.342,Flight1_cam1-003-000164-0,-3099558.90482246,3483641.440368752,322.5564880371094,NkuluEP,2020-01-16,2020-01-16 09:11:20.342,09:11:20,64.74169022222222,28.775204211111113
963,371483.412,Flight1_cam1-003-000165-0,-3099532.8447154714,3483631.971578343,322.5930480957031,NkuluEP,2020-01-16,2020-01-16 09:11:23.412,09:11:23,64.73691466666665,28.776039933333337
964,371486.348,Flight1_cam1-003-000166-0,-3099508.7130188467,3483622.8252182007,322.49639892578125,NkuluEP,2020-01-16,2020-01-16 09:11:26.348,09:11:26,64.73234755555556,28.776839177777777
965,371489.418,Flight1_cam1-003-000167-0,-3099482.7952054287,3483613.43603634,322.42950439453125,NkuluEP,2020-01-16,2020-01-16 09:11:29.418,09:11:29,64.727572,28.7776749
966,371492.354,Flight1_cam1-003-000168-0,-3099458.080112237,3483604.500362836,322.3500671386719,NkuluEP,2020-01-16,2020-01-16 09:11:32.354,09:11:32,64.7230048888889,28.77847414444444
967,371495.29,Flight1_cam1-003-000169-0,-3099433.4589712797,3483595.071988891,322.2794494628906,NkuluEP,2020-01-16,2020-01-16 09:11:35.290,09:11:35,64.71843777777781,28.779273388888882
968,371498.36,Flight1_cam1-003-000170-0,-3099408.435898609,3483586.0289271483,322.2077331542969,NkuluEP,2020-01-16,2020-01-16 09:11:38.360,09:11:38,64.71366222222224,28.780109111111106
969,371501.296,Flight1_cam1-003-000171-0,-3099384.293407561,3483576.9207689143,322.1592712402344,NkuluEP,2020-01-16,2020-01-16 09:11:41.296,09:11:41,64.70909511111115,28.78090835555555
970,371504.366,Flight1_cam1-003-000172-0,-3099358.2424825267,3483567.4456210034,322.2578125,NkuluEP,2020-01-16,2020-01-16 09:11:44.366,09:11:44,64.70431955555559,28.781744077777773
971,371507.302,Flight1_cam1-003-000173-0,-3099333.9507835656,3483558.466239232,322.33038330078125,NkuluEP,2020-01-16,2020-01-16 09:11:47.302,09:11:47,64.6997524444444,28.782543322222228
972,371510.372,Flight1_cam1-003-000174-0,-3099308.65586963,3483549.093070266,322.27557373046875,NkuluEP,2020-01-16,2020-01-16 09:11:50.372,09:11:50,64.69497688888893,28.783379044444438
973,371513.308,Flight1_cam1-003-000175-0,-3099295.1092444705,3483545.1826311885,322.0489501953125,NkuluEP,2020-01-16,2020-01-16 09:11:53.308,09:11:53,64.69040977777775,28.784178288888896
974,371516.378,Flight1_cam1-003-000176-0,-3099281.6472685956,3483544.809076208,321.72259521484375,NkuluEP,2020-01-16,2020-01-16 09:11:56.378,09:11:56,64.68563422222218,28.78501401111112
975,371520.649,Flight1_cam1-003-000177-0,-3099282.3348560706,3483560.5152143072,320.56640625,NkuluEP,2020-01-16,2020-01-16 09:12:00.649,09:12:00,64.67899044444448,28.786176672222215
976,371523.585,Flight1_cam1-003-000178-0,-3099301.720818961,3483572.7882214957,318.5383605957031,NkuluEP,2020-01-16,2020-01-16 09:12:03.585,09:12:03,64.6744233333333,28.786975916666673
977,371525.32,Flight1_cam1-003-000179-0,-3099317.2699477375,3483578.562933822,316.06622314453125,NkuluEP,2020-01-16,2020-01-16 09:12:05.320,09:12:05,64.67172444444444,28.787448222222224
978,371528.39,Flight1_cam1-003-000180-0,-3099349.2918949015,3483589.549311292,313.9367980957031,NkuluEP,2020-01-16,2020-01-16 09:12:08.390,09:12:08,64.66694888888887,28.788283944444448
979,371531.326,Flight1_cam1-003-000181-0,-3099383.5067922105,3483601.7668641047,313.7396545410156,NkuluEP,2020-01-16,2020-01-16 09:12:11.326,09:12:11,64.66238177777778,28.78908318888889
980,371534.396,Flight1_cam1-003-000182-0,-3099418.760611888,3483614.519727044,313.8611145019531,NkuluEP,2020-01-16,2020-01-16 09:12:14.396,09:12:14,64.65760622222221,28.789918911111112
981,371537.332,Flight1_cam1-003-000183-0,-3099452.693970393,3483627.5646057795,313.96038818359375,NkuluEP,2020-01-16,2020-01-16 09:12:17.332,09:12:17,64.65303911111111,28.790718155555552
982,371540.402,Flight1_cam1-003-000184-0,-3099488.22445193,3483641.1204972374,314.2393798828125,NkuluEP,2020-01-16,2020-01-16 09:12:20.402,09:12:20,64.64826355555554,28.79155387777778
983,371543.338,Flight1_cam1-003-000185-0,-3099522.2032077815,3483653.242834547,309.03973388671875,NkuluEP,2020-01-16,2020-01-16 09:12:23.338,09:12:23,64.64369644444446,28.79235312222222
984,371546.408,Flight1_cam1-003-000186-0,-3099557.5938478173,3483665.6984868674,303.83209228515625,NkuluEP,2020-01-16,2020-01-16 09:12:26.408,09:12:26,64.63892088888889,28.793188844444444
985,371549.344,Flight1_cam1-003-000187-0,-3099591.6029723557,3483677.800631902,300.1234130859375,NkuluEP,2020-01-16,2020-01-16 09:12:29.344,09:12:29,64.6343537777778,28.793988088888884
986,371552.414,Flight1_cam1-003-000188-0,-3099627.069176519,3483689.570769047,296.9111022949219,NkuluEP,2020-01-16,2020-01-16 09:12:32.414,09:12:32,64.62957822222224,28.794823811111108
987,371555.35,Flight1_cam1-003-000189-0,-3099662.2700320208,3483700.806822677,293.8857727050781,NkuluEP,2020-01-16,2020-01-16 09:12:35.350,09:12:35,64.62501111111115,28.79562305555555
988,371558.42,Flight1_cam1-003-000190-0,-3099700.752655388,3483712.5885873325,290.6130065917969,NkuluEP,2020-01-16,2020-01-16 09:12:38.420,09:12:38,64.62023555555558,28.796458777777772
989,371561.356,Flight1_cam1-003-000191-0,-3099735.077402924,3483725.14498694,289.4961853027344,NkuluEP,2020-01-16,2020-01-16 09:12:41.356,09:12:41,64.6156684444444,28.79725802222223
990,371564.292,Flight1_cam1-003-000192-0,-3099745.857445368,3483729.5027874047,288.9285888671875,NkuluEP,2020-01-16,2020-01-16 09:12:44.292,09:12:44,64.61110133333331,28.79805726666667
991,371567.362,Flight1_cam1-003-000193-0,-3099746.8710608296,3483718.4823899083,288.68359375,NkuluEP,2020-01-16,2020-01-16 09:12:47.362,09:12:47,64.60632577777774,28.798892988888895
992,371570.298,Flight1_cam1-003-000194-0,-3099758.9715266167,3483692.993404328,288.59210205078125,NkuluEP,2020-01-16,2020-01-16 09:12:50.298,09:12:50,64.60175866666665,28.799692233333335
993,371573.368,Flight1_cam1-003-000195-0,-3099773.4459546413,3483664.889570937,288.50518798828125,NkuluEP,2020-01-16,2020-01-16 09:12:53.368,09:12:53,64.59698311111109,28.80052795555556
994,371576.304,Flight1_cam1-003-000196-0,-3099787.4414088973,3483636.7267458215,288.3233947753906,NkuluEP,2020-01-16,2020-01-16 09:12:56.304,09:12:56,64.59241599999999,28.8013272
995,371579.374,Flight1_cam1-003-000197-0,-3099803.7553694155,3483604.2799487268,288.1139221191406,NkuluEP,2020-01-16,2020-01-16 09:12:59.374,09:12:59,64.58764044444443,28.802162922222227
996,371582.31,Flight1_cam1-003-000198-0,-3099821.9734818568,3483568.6602229015,288.17413330078125,NkuluEP,2020-01-16,2020-01-16 09:13:02.310,09:13:02,64.58307333333333,28.802962166666667
997,371585.38,Flight1_cam1-003-000199-0,-3099841.156727879,3483529.256313511,288.2247314453125,NkuluEP,2020-01-16,2020-01-16 09:13:05.380,09:13:05,64.57829777777776,28.80379788888889
998,371588.316,Flight1_cam1-003-000200-0,-3099858.2071486837,3483491.822939941,288.17034912109375,NkuluEP,2020-01-16,2020-01-16 09:13:08.316,09:13:08,64.57373066666668,28.80459713333333
999,371591.386,Flight1_cam1-003-000201-0,-3099876.6807870073,3483453.9330702666,288.37445068359375,NkuluEP,2020-01-16,2020-01-16 09:13:11.386,09:13:11,64.56895511111111,28.805432855555555
1000,371594.322,Flight1_cam1-003-000202-0,-3099893.8947243746,3483418.118614918,288.3876953125,NkuluEP,2020-01-16,2020-01-16 09:13:14.322,09:13:14,64.56438800000002,28.806232099999995
1001,371597.392,Flight1_cam1-003-000203-0,-3099912.8237618427,3483380.683938529,288.3384094238281,NkuluEP,2020-01-16,2020-01-16 09:13:17.392,09:13:17,64.55961244444445,28.80706782222222
1002,371600.328,Flight1_cam1-003-000204-0,-3099931.632787336,3483342.8071415825,288.27264404296875,NkuluEP,2020-01-16,2020-01-16 09:13:20.328,09:13:20,64.55504533333337,28.80786706666666
1003,371603.398,Flight1_cam1-003-000205-0,-3099950.877305613,3483303.398942356,288.40374755859375,NkuluEP,2020-01-16,2020-01-16 09:13:23.398,09:13:23,64.5502697777778,28.808702788888887
1004,371606.334,Flight1_cam1-003-000206-0,-3099968.845069972,3483266.7775494233,288.5121765136719,NkuluEP,2020-01-16,2020-01-16 09:13:26.334,09:13:26,64.54570266666671,28.809502033333327
1005,371609.404,Flight1_cam1-003-000207-0,-3099989.2737338846,3483228.0554048424,288.6146545410156,NkuluEP,2020-01-16,2020-01-16 09:13:29.404,09:13:29,64.54092711111115,28.81033775555555
1006,371612.34,Flight1_cam1-003-000208-0,-3100008.732361616,3483189.7311641485,288.61553955078125,NkuluEP,2020-01-16,2020-01-16 09:13:32.340,09:13:32,64.53635999999996,28.811137000000006
1007,371615.41,Flight1_cam1-003-000209-0,-3100029.346766954,3483149.275079558,288.534912109375,NkuluEP,2020-01-16,2020-01-16 09:13:35.410,09:13:35,64.53158444444448,28.811972722222215
1008,371618.346,Flight1_cam1-003-000210-0,-3100049.5039839623,3483110.264678315,288.6977844238281,NkuluEP,2020-01-16,2020-01-16 09:13:38.346,09:13:38,64.5270173333333,28.812771966666674
1009,371621.416,Flight1_cam1-003-000211-0,-3100070.7567852447,3483065.525705486,288.8152160644531,NkuluEP,2020-01-16,2020-01-16 09:13:41.416,09:13:41,64.52224177777774,28.813607688888897
1010,371624.352,Flight1_cam1-003-000212-0,-3100094.062843802,3483022.6370541384,288.8343200683594,NkuluEP,2020-01-16,2020-01-16 09:13:44.352,09:13:44,64.51767466666665,28.814406933333338
1011,371627.422,Flight1_cam1-003-000213-0,-3100116.094730286,3482978.808491751,288.7765197753906,NkuluEP,2020-01-16,2020-01-16 09:13:47.422,09:13:47,64.51289911111108,28.81524265555556
1012,371630.358,Flight1_cam1-003-000214-0,-3100138.687385738,3482935.807256205,288.8127136230469,NkuluEP,2020-01-16,2020-01-16 09:13:50.358,09:13:50,64.50833199999998,28.816041900000002
1013,371633.294,Flight1_cam1-003-000215-0,-3100159.490381615,3482893.4165874925,288.83642578125,NkuluEP,2020-01-16,2020-01-16 09:13:53.294,09:13:53,64.5037648888889,28.816841144444442
1014,371636.364,Flight1_cam1-003-000216-0,-3100178.245439312,3482850.692974916,288.77587890625,NkuluEP,2020-01-16,2020-01-16 09:13:56.364,09:13:56,64.49898933333333,28.817676866666666
1015,371639.3,Flight1_cam1-003-000217-0,-3100195.5454362426,3482811.9035297967,288.8738708496094,NkuluEP,2020-01-16,2020-01-16 09:13:59.300,09:13:59,64.49442222222224,28.818476111111107
1016,371642.37,Flight1_cam1-003-000218-0,-3100213.8008140335,3482776.1944071073,288.8472595214844,NkuluEP,2020-01-16,2020-01-16 09:14:02.370,09:14:02,64.48964666666667,28.819311833333334
1017,371645.306,Flight1_cam1-003-000219-0,-3100231.413966302,3482742.6232019723,288.8006591796875,NkuluEP,2020-01-16,2020-01-16 09:14:05.306,09:14:05,64.48507955555559,28.820111077777774
1018,371648.376,Flight1_cam1-003-000220-0,-3100249.635938806,3482708.120101261,288.8460388183594,NkuluEP,2020-01-16,2020-01-16 09:14:08.376,09:14:08,64.48030400000002,28.820946799999998
1019,371651.312,Flight1_cam1-003-000221-0,-3100260.475813161,3482705.7223328836,288.3929748535156,NkuluEP,2020-01-16,2020-01-16 09:14:11.312,09:14:11,64.47573688888892,28.82174604444444
1020,371654.382,Flight1_cam1-003-000222-0,-3100243.7933019,3482732.248533223,288.2333984375,NkuluEP,2020-01-16,2020-01-16 09:14:14.382,09:14:14,64.47096133333336,28.822581766666662
1021,371657.318,Flight1_cam1-003-000223-0,-3100226.226437159,3482767.51391285,288.0655822753906,NkuluEP,2020-01-16,2020-01-16 09:14:17.318,09:14:17,64.46639422222218,28.82338101111112
1022,371660.388,Flight1_cam1-003-000224-0,-3100206.244645976,3482808.1837235424,288.030517578125,NkuluEP,2020-01-16,2020-01-16 09:14:20.388,09:14:20,64.4616186666667,28.824216733333326
1023,371663.324,Flight1_cam1-003-000225-0,-3100187.6318472745,3482845.2060515755,288.0726623535156,NkuluEP,2020-01-16,2020-01-16 09:14:23.324,09:14:23,64.45705155555552,28.825015977777785
1024,371666.394,Flight1_cam1-003-000226-0,-3100169.2549744807,3482881.336855357,288.0040588378906,NkuluEP,2020-01-16,2020-01-16 09:14:26.394,09:14:26,64.45227600000004,28.82585169999999
1025,371669.33,Flight1_cam1-003-000227-0,-3100154.9414296737,3482908.810633253,287.89599609375,NkuluEP,2020-01-16,2020-01-16 09:14:29.330,09:14:29,64.44770888888887,28.82665094444445
1026,371672.4,Flight1_cam1-003-000228-0,-3100138.804425523,3482940.442758175,287.9236145019531,NkuluEP,2020-01-16,2020-01-16 09:14:32.400,09:14:32,64.4429333333333,28.827486666666672
1027,371675.336,Flight1_cam1-003-000229-0,-3100121.471228953,3482974.9974244237,287.7824401855469,NkuluEP,2020-01-16,2020-01-16 09:14:35.336,09:14:35,64.4383662222222,28.828285911111113
1028,371678.405,Flight1_cam1-003-000230-0,-3100102.756398342,3483014.9828876387,284.5472106933594,NkuluEP,2020-01-16,2020-01-16 09:14:38.405,09:14:38,64.43359222222217,28.82912136111112
1029,377923.091,Flight2_cam1-000-000000-0,-3099306.7604008783,3484171.1658799723,271.7657775878906,NkuluEP,2020-01-16,2020-01-16 10:58:43.091,10:58:43,57.75340902777777,30.529063661111117
1030,377924.425,Flight2_cam1-000-000001-0,-3099315.2360681957,3484179.348861344,274.7966003417969,NkuluEP,2020-01-16,2020-01-16 10:58:44.425,10:58:44,57.7524826388889,30.529426805555552
1031,377926.427,Flight2_cam1-000-000002-0,-3099332.2010905207,3484186.544991759,279.6357421875,NkuluEP,2020-01-16,2020-01-16 10:58:46.427,10:58:46,57.7510923611111,30.529971794444453
1032,377929.898,Flight2_cam1-000-000003-0,-3099351.7903481377,3484163.4570908286,285.0287170410156,NkuluEP,2020-01-16,2020-01-16 10:58:49.898,10:58:49,57.748681944444456,30.530916677777775
1033,377930.698,Flight2_cam1-000-000004-0,-3099353.382003917,3484153.3188867904,285.1675109863281,NkuluEP,2020-01-16,2020-01-16 10:58:50.698,10:58:50,57.748126388888906,30.53113445555555
1034,377932.433,Flight2_cam1-000-000005-0,-3099355.9454393964,3484128.6450890554,286.686279296875,NkuluEP,2020-01-16,2020-01-16 10:58:52.433,10:58:52,57.746921527777765,30.531606761111117
1035,377934.435,Flight2_cam1-000-000006-0,-3099357.8385868636,3484100.25158932,290.877685546875,NkuluEP,2020-01-16,2020-01-16 10:58:54.435,10:58:54,57.745531250000006,30.53215175
1036,377936.437,Flight2_cam1-000-000007-0,-3099359.342221983,3484073.7255119844,296.5719299316406,NkuluEP,2020-01-16,2020-01-16 10:58:56.437,10:58:56,57.74414097222224,30.532696738888884
1037,377939.107,Flight2_cam1-000-000008-0,-3099361.111174122,3484040.4994643596,304.6875,NkuluEP,2020-01-16,2020-01-16 10:58:59.107,10:58:59,57.742286805555544,30.53342357222223
1038,377940.441,Flight2_cam1-000-000009-0,-3099361.885217209,3484023.6527255727,309.31524658203125,NkuluEP,2020-01-16,2020-01-16 10:59:00.441,10:59:00,57.74136041666667,30.533786716666665
1039,377942.443,Flight2_cam1-000-000010-0,-3099363.352030324,3483997.9498795737,315.9562072753906,NkuluEP,2020-01-16,2020-01-16 10:59:02.443,10:59:02,57.73997013888887,30.534331705555566
1040,377944.445,Flight2_cam1-000-000011-0,-3099364.7187719992,3483970.710788618,322.7418518066406,NkuluEP,2020-01-16,2020-01-16 10:59:04.445,10:59:04,57.738579861111106,30.534876694444446
1041,377946.581,Flight2_cam1-000-000012-0,-3099365.8322866657,3483939.9229312604,329.91357421875,NkuluEP,2020-01-16,2020-01-16 10:59:06.581,10:59:06,57.73709652777778,30.535458161111112
1042,377949.117,Flight2_cam1-000-000013-0,-3099366.6356009403,3483900.3077875515,338.15521240234375,NkuluEP,2020-01-16,2020-01-16 10:59:09.117,10:59:09,57.73533541666665,30.536148516666675
1043,377950.451,Flight2_cam1-000-000014-0,-3099367.0343239936,3483877.37282231,342.2730407714844,NkuluEP,2020-01-16,2020-01-16 10:59:10.451,10:59:10,57.73440902777778,30.536511661111113
1044,377952.453,Flight2_cam1-000-000015-0,-3099368.8228196595,3483843.5991267893,348.1330871582031,NkuluEP,2020-01-16,2020-01-16 10:59:12.453,10:59:12,57.733018750000014,30.537056649999997
1045,377954.455,Flight2_cam1-000-000016-0,-3099371.9139460516,3483810.2771602795,350.11798095703125,NkuluEP,2020-01-16,2020-01-16 10:59:14.455,10:59:14,57.73162847222221,30.537601638888894
1046,377957.125,Flight2_cam1-000-000017-0,-3099375.5551165855,3483763.0173393795,348.8473205566406,NkuluEP,2020-01-16,2020-01-16 10:59:17.125,10:59:17,57.72977430555556,30.538328472222222
1047,377958.459,Flight2_cam1-000-000018-0,-3099375.126582863,3483739.1112897196,348.81170654296875,NkuluEP,2020-01-16,2020-01-16 10:59:18.459,10:59:18,57.72884791666669,30.53869161666666
1048,377960.461,Flight2_cam1-000-000019-0,-3099371.1391060543,3483705.8080072203,348.7401428222656,NkuluEP,2020-01-16,2020-01-16 10:59:20.461,10:59:20,57.727457638888886,30.53923660555556
1049,377962.463,Flight2_cam1-000-000020-0,-3099366.492067655,3483674.735459317,348.6165466308594,NkuluEP,2020-01-16,2020-01-16 10:59:22.463,10:59:22,57.72606736111112,30.53978159444444
1050,377964.465,Flight2_cam1-000-000021-0,-3099360.2081151404,3483645.3340068986,348.5660705566406,NkuluEP,2020-01-16,2020-01-16 10:59:24.465,10:59:24,57.72467708333332,30.54032658333334
1051,377967.135,Flight2_cam1-000-000022-0,-3099346.75958877,3483607.7564972825,348.03692626953125,NkuluEP,2020-01-16,2020-01-16 10:59:27.135,10:59:27,57.722822916666665,30.54105341666667
1052,377968.469,Flight2_cam1-000-000023-0,-3099338.593268527,3483589.606050774,346.9746398925781,NkuluEP,2020-01-16,2020-01-16 10:59:28.469,10:59:28,57.721896527777794,30.541416561111106
1053,377970.471,Flight2_cam1-000-000024-0,-3099326.1214282694,3483563.107299299,345.7633361816406,NkuluEP,2020-01-16,2020-01-16 10:59:30.471,10:59:30,57.720506249999985,30.541961550000007
1054,377972.473,Flight2_cam1-000-000025-0,-3099313.5450809225,3483536.500426913,345.38385009765625,NkuluEP,2020-01-16,2020-01-16 10:59:32.473,10:59:32,57.71911597222223,30.54250653888889
1055,377974.475,Flight2_cam1-000-000026-0,-3099302.4411187638,3483509.0667831143,345.3408508300781,NkuluEP,2020-01-16,2020-01-16 10:59:34.475,10:59:34,57.71772569444446,30.543051527777774
1056,377977.011,Flight2_cam1-000-000027-0,-3099292.0895659337,3483477.5775893386,345.109130859375,NkuluEP,2020-01-16,2020-01-16 10:59:37.011,10:59:37,57.71596458333334,30.543741883333333
1057,377978.479,Flight2_cam1-000-000028-0,-3099287.1173225767,3483460.969364823,345.17694091796875,NkuluEP,2020-01-16,2020-01-16 10:59:38.479,10:59:38,57.71494513888889,30.544141505555555
1058,377982.483,Flight2_cam1-000-000029-0,-3099268.5163546815,3483438.1629880257,345.0359191894531,NkuluEP,2020-01-16,2020-01-16 10:59:42.483,10:59:42,57.71216458333333,30.545231483333335
1059,377985.152,Flight2_cam1-000-000030-0,-3099256.5590552,3483430.3447931255,344.9547119140625,NkuluEP,2020-01-16,2020-01-16 10:59:45.152,10:59:45,57.71031111111111,30.545958044444447
1060,377986.487,Flight2_cam1-000-000031-0,-3099250.2966347644,3483423.7727307687,344.877685546875,NkuluEP,2020-01-16,2020-01-16 10:59:46.487,10:59:46,57.709384027777766,30.54632146111112
1061,377988.489,Flight2_cam1-000-000032-0,-3099241.06647257,3483408.858538433,344.84967041015625,NkuluEP,2020-01-16,2020-01-16 10:59:48.489,10:59:48,57.70799375,30.54686645
1062,377990.491,Flight2_cam1-000-000033-0,-3099234.2793236147,3483389.7700380427,344.81646728515625,NkuluEP,2020-01-16,2020-01-16 10:59:50.491,10:59:50,57.70660347222224,30.547411438888883
1063,377993.16,Flight2_cam1-000-000034-0,-3099232.049862264,3483364.228901465,344.7759094238281,NkuluEP,2020-01-16,2020-01-16 10:59:53.160,10:59:53,57.70475000000002,30.548137999999994
1064,377994.495,Flight2_cam1-000-000035-0,-3099235.339911682,3483352.9282891112,344.7657470703125,NkuluEP,2020-01-16,2020-01-16 10:59:54.495,10:59:54,57.703822916666674,30.548501416666667
1065,377996.497,Flight2_cam1-000-000036-0,-3099245.529698531,3483342.6165419063,344.7489013671875,NkuluEP,2020-01-16,2020-01-16 10:59:56.497,10:59:56,57.70243263888891,30.54904640555555
1066,378000.501,Flight2_cam1-000-000037-0,-3099261.029541705,3483339.2569940183,344.5831604003906,NkuluEP,2020-01-16,2020-01-16 11:00:00.501,11:00:00,57.69942941666668,30.55019483333333
1067,378002.503,Flight2_cam1-000-000038-0,-3099274.6448807525,3483339.6305864085,344.4330749511719,NkuluEP,2020-01-16,2020-01-16 11:00:02.503,11:00:02,57.69714936111109,30.5509733888889
1068,378004.505,Flight2_cam1-000-000039-0,-3099293.1280385545,3483339.1251310315,344.40594482421875,NkuluEP,2020-01-16,2020-01-16 11:00:04.505,11:00:04,57.69486930555556,30.551751944444447
1069,378006.507,Flight2_cam1-000-000040-0,-3099310.951413109,3483338.6033531046,344.3275451660156,NkuluEP,2020-01-16,2020-01-16 11:00:06.507,11:00:06,57.69258925000002,30.552530499999992
1070,378009.043,Flight2_cam1-000-000041-0,-3099333.229340558,3483338.1652036277,344.2460021972656,NkuluEP,2020-01-16,2020-01-16 11:00:09.043,11:00:09,57.68970102777777,30.553516722222223
1071,378010.511,Flight2_cam1-000-000042-0,-3099345.7681404706,3483337.696339297,344.270751953125,NkuluEP,2020-01-16,2020-01-16 11:00:10.511,11:00:10,57.68802913888889,30.55408761111111
1072,378012.513,Flight2_cam1-000-000043-0,-3099363.462056472,3483337.1117130457,344.2072448730469,NkuluEP,2020-01-16,2020-01-16 11:00:12.513,11:00:12,57.68574908333336,30.55486616666666
1073,378014.515,Flight2_cam1-000-000044-0,-3099370.749662452,3483336.782226606,343.8839416503906,NkuluEP,2020-01-16,2020-01-16 11:00:14.515,11:00:14,57.68346902777777,30.55564472222223
1074,378017.051,Flight2_cam1-000-000045-0,-3099370.56907983,3483337.1546220668,343.80389404296875,NkuluEP,2020-01-16,2020-01-16 11:00:17.051,11:00:17,57.680580805555586,30.556630944444436
1075,378018.519,Flight2_cam1-000-000046-0,-3099374.650461929,3483338.5260680085,343.8117370605469,NkuluEP,2020-01-16,2020-01-16 11:00:18.519,11:00:18,57.6789089166667,30.557201833333323
1076,378020.521,Flight2_cam1-000-000047-0,-3099388.247433218,3483343.214212783,343.7958068847656,NkuluEP,2020-01-16,2020-01-16 11:00:20.521,11:00:20,57.676628861111105,30.557980388888893
1077,378022.523,Flight2_cam1-000-000048-0,-3099405.653142621,3483349.527969474,343.98736572265625,NkuluEP,2020-01-16,2020-01-16 11:00:22.523,11:00:22,57.674348805555574,30.55875894444444
1078,378024.525,Flight2_cam1-000-000049-0,-3099422.6517283735,3483355.89432801,344.0416564941406,NkuluEP,2020-01-16,2020-01-16 11:00:24.525,11:00:24,57.67206874999998,30.55953750000001
1079,378027.061,Flight2_cam1-000-000050-0,-3099443.31930064,3483363.4944611248,343.99920654296875,NkuluEP,2020-01-16,2020-01-16 11:00:27.061,11:00:27,57.6691805277778,30.560523722222218
1080,378028.529,Flight2_cam1-000-000051-0,-3099454.855537769,3483367.825776252,344.0718688964844,NkuluEP,2020-01-16,2020-01-16 11:00:28.529,11:00:28,57.66750863888891,30.561094611111105
1081,378030.531,Flight2_cam1-000-000052-0,-3099472.079918336,3483373.951435612,344.053466796875,NkuluEP,2020-01-16,2020-01-16 11:00:30.531,11:00:30,57.66522858333332,30.561873166666675
1082,378032.533,Flight2_cam1-000-000053-0,-3099488.6705473955,3483380.067067074,343.99267578125,NkuluEP,2020-01-16,2020-01-16 11:00:32.533,11:00:32,57.662948527777786,30.56265172222222
1083,378035.069,Flight2_cam1-000-000054-0,-3099509.7378948224,3483387.867273198,344.0514831542969,NkuluEP,2020-01-16,2020-01-16 11:00:35.069,11:00:35,57.66006030555554,30.56363794444445
1084,378036.403,Flight2_cam1-000-000055-0,-3099520.8477579327,3483391.960331643,344.16119384765625,NkuluEP,2020-01-16,2020-01-16 11:00:36.403,11:00:36,57.658541027777794,30.56415672222222
1085,378038.405,Flight2_cam1-000-000056-0,-3099537.357098087,3483398.009116489,344.29962158203125,NkuluEP,2020-01-16,2020-01-16 11:00:38.405,11:00:38,57.65626097222219,30.56493527777779
1086,378040.407,Flight2_cam1-000-000057-0,-3099553.868568561,3483404.1177681866,344.3176574707031,NkuluEP,2020-01-16,2020-01-16 11:00:40.407,11:00:40,57.65398091666666,30.565713833333337
1087,378042.676,Flight2_cam1-000-000058-0,-3099573.1571348715,3483410.8905398836,344.30517578125,NkuluEP,2020-01-16,2020-01-16 11:00:42.676,11:00:42,57.651396777777805,30.566596222222213
1088,378045.079,Flight2_cam1-000-000059-0,-3099592.874009799,3483418.1732540536,344.4125061035156,NkuluEP,2020-01-16,2020-01-16 11:00:45.079,11:00:45,57.64866002777775,30.567530722222234
1089,378046.413,Flight2_cam1-000-000060-0,-3099604.505788925,3483422.3370429412,344.33642578125,NkuluEP,2020-01-16,2020-01-16 11:00:46.413,11:00:46,57.647140750000005,30.5680495
1090,378048.415,Flight2_cam1-000-000061-0,-3099621.0996831115,3483428.60519898,344.2994689941406,NkuluEP,2020-01-16,2020-01-16 11:00:48.415,11:00:48,57.64486069444447,30.56882805555555
1091,378050.417,Flight2_cam1-000-000062-0,-3099637.760121262,3483434.6721736076,344.3021240234375,NkuluEP,2020-01-16,2020-01-16 11:00:50.417,11:00:50,57.64258063888887,30.56960661111112
1092,378053.087,Flight2_cam1-000-000063-0,-3099660.1408908726,3483442.7335668337,344.1756591796875,NkuluEP,2020-01-16,2020-01-16 11:00:53.087,11:00:53,57.63953980555556,30.570644944444446
1093,378054.421,Flight2_cam1-000-000064-0,-3099671.3398298267,3483446.7407278274,344.2179260253906,NkuluEP,2020-01-16,2020-01-16 11:00:54.421,11:00:54,57.63802052777781,30.571163722222213
1094,378056.423,Flight2_cam1-000-000065-0,-3099687.8091803226,3483452.871871833,344.2290344238281,NkuluEP,2020-01-16,2020-01-16 11:00:56.423,11:00:56,57.63574047222222,30.571942277777783
1095,378058.425,Flight2_cam1-000-000066-0,-3099704.2621744056,3483459.1069880035,344.27099609375,NkuluEP,2020-01-16,2020-01-16 11:00:58.425,11:00:58,57.63346041666668,30.572720833333328
1096,378060.561,Flight2_cam1-000-000067-0,-3099721.9103935617,3483465.8162079845,344.3602600097656,NkuluEP,2020-01-16,2020-01-16 11:01:00.561,11:01:00,57.631027750000015,30.573551499999997
1097,378063.097,Flight2_cam1-000-000068-0,-3099743.0528918724,3483473.519914736,344.404052734375,NkuluEP,2020-01-16,2020-01-16 11:01:03.097,11:01:03,57.62813952777777,30.574537722222228
1098,378064.431,Flight2_cam1-000-000069-0,-3099754.4327488537,3483477.675583491,344.337158203125,NkuluEP,2020-01-16,2020-01-16 11:01:04.431,11:01:04,57.62662025000002,30.575056499999995
1099,378066.433,Flight2_cam1-000-000070-0,-3099771.0605232273,3483483.816984567,344.3282775878906,NkuluEP,2020-01-16,2020-01-16 11:01:06.433,11:01:06,57.62434019444443,30.575835055555565
1100,378068.435,Flight2_cam1-000-000071-0,-3099787.6688041724,3483489.8481958336,344.2357177734375,NkuluEP,2020-01-16,2020-01-16 11:01:08.435,11:01:08,57.62206013888889,30.57661361111111
1101,378071.105,Flight2_cam1-000-000072-0,-3099810.2961633983,3483497.813610624,343.89617919921875,NkuluEP,2020-01-16,2020-01-16 11:01:11.105,11:01:11,57.61901930555558,30.577651944444437
1102,378072.439,Flight2_cam1-000-000073-0,-3099821.5923667853,3483501.862643357,343.7529602050781,NkuluEP,2020-01-16,2020-01-16 11:01:12.439,11:01:12,57.617500027777766,30.57817072222223
1103,378074.441,Flight2_cam1-000-000074-0,-3099838.052383548,3483508.0577578666,343.5742492675781,NkuluEP,2020-01-16,2020-01-16 11:01:14.441,11:01:14,57.615219972222235,30.578949277777774
1104,378076.443,Flight2_cam1-000-000075-0,-3099854.46256736,3483514.10355648,343.4336242675781,NkuluEP,2020-01-16,2020-01-16 11:01:16.443,11:01:16,57.61293991666664,30.579727833333344
1105,378078.579,Flight2_cam1-000-000076-0,-3099872.431315206,3483520.507439049,343.276611328125,NkuluEP,2020-01-16,2020-01-16 11:01:18.579,11:01:18,57.61050724999997,30.580558500000013
1106,378081.114,Flight2_cam1-000-000077-0,-3099893.377886442,3483528.2591928677,343.2060852050781,NkuluEP,2020-01-16,2020-01-16 11:01:21.114,11:01:21,57.60762016666667,30.581544333333333
1107,378082.449,Flight2_cam1-000-000078-0,-3099904.7244582847,3483532.42632912,343.1466979980469,NkuluEP,2020-01-16,2020-01-16 11:01:22.449,11:01:22,57.60609974999998,30.58206350000001
1108,378084.451,Flight2_cam1-000-000079-0,-3099921.1797212223,3483538.74640073,343.15557861328125,NkuluEP,2020-01-16,2020-01-16 11:01:24.451,11:01:24,57.60381969444445,30.582842055555556
1109,378086.453,Flight2_cam1-000-000080-0,-3099937.8880333905,3483544.775820807,343.1373291015625,NkuluEP,2020-01-16,2020-01-16 11:01:26.453,11:01:26,57.601539638888916,30.583620611111105
1110,378089.122,Flight2_cam1-000-000081-0,-3099960.370759769,3483552.8324878383,343.13018798828125,NkuluEP,2020-01-16,2020-01-16 11:01:29.122,11:01:29,57.59849994444448,30.584658555555546
1111,378090.591,Flight2_cam1-000-000082-0,-3099972.142882564,3483557.223212196,343.2200012207031,NkuluEP,2020-01-16,2020-01-16 11:01:30.591,11:01:30,57.59682691666665,30.58522983333334
1112,378092.459,Flight2_cam1-000-000083-0,-3099987.952299394,3483563.016202074,343.41265869140625,NkuluEP,2020-01-16,2020-01-16 11:01:32.459,11:01:32,57.59469947222225,30.58595627777777
1113,378094.461,Flight2_cam1-000-000084-0,-3100004.7489923355,3483569.0523261535,343.54119873046875,NkuluEP,2020-01-16,2020-01-16 11:01:34.461,11:01:34,57.59241941666666,30.586734833333338
1114,378096.597,Flight2_cam1-000-000085-0,-3100022.717420986,3483575.668205752,343.5216064453125,NkuluEP,2020-01-16,2020-01-16 11:01:36.597,11:01:36,57.589986749999994,30.587565500000004
1115,378099.132,Flight2_cam1-000-000086-0,-3100043.967391474,3483583.3998955176,343.4545593261719,NkuluEP,2020-01-16,2020-01-16 11:01:39.132,11:01:39,57.58709966666669,30.588551333333328
1116,378100.467,Flight2_cam1-000-000087-0,-3100054.4869507863,3483589.035566384,343.38690185546875,NkuluEP,2020-01-16,2020-01-16 11:01:40.467,11:01:40,57.585579249999995,30.589070500000002
1117,378102.469,Flight2_cam1-000-000088-0,-3100066.0689811544,3483601.28710369,343.22998046875,NkuluEP,2020-01-16,2020-01-16 11:01:42.469,11:01:42,57.583299194444464,30.58984905555555
1118,378104.471,Flight2_cam1-000-000089-0,-3100073.271963743,3483616.9510319554,343.1749572753906,NkuluEP,2020-01-16,2020-01-16 11:01:44.471,11:01:44,57.58101913888887,30.59062761111112
1119,378107.14,Flight2_cam1-000-000090-0,-3100083.1888789404,3483638.185610876,343.1263732910156,NkuluEP,2020-01-16,2020-01-16 11:01:47.140,11:01:47,57.57797944444443,30.59166555555556
1120,378108.475,Flight2_cam1-000-000091-0,-3100088.5113684204,3483648.651323705,343.0939025878906,NkuluEP,2020-01-16,2020-01-16 11:01:48.475,11:01:48,57.57645902777781,30.592184722222214
1121,378110.477,Flight2_cam1-000-000092-0,-3100096.478679866,3483664.189636061,343.024169921875,NkuluEP,2020-01-16,2020-01-16 11:01:50.477,11:01:50,57.57417897222221,30.592963277777784
1122,378112.479,Flight2_cam1-000-000093-0,-3100104.564489797,3483679.919516457,342.9849853515625,NkuluEP,2020-01-16,2020-01-16 11:01:52.479,11:01:52,57.571898916666676,30.593741833333333
1123,378114.614,Flight2_cam1-000-000094-0,-3100111.179512687,3483697.9866386903,342.920654296875,NkuluEP,2020-01-16,2020-01-16 11:01:54.614,11:01:54,57.56946738888889,30.594572111111113
1124,378117.017,Flight2_cam1-000-000095-0,-3100107.4192549367,3483712.7870084443,342.945068359375,NkuluEP,2020-01-16,2020-01-16 11:01:57.017,11:01:57,57.5667306388889,30.59550661111111
1125,378118.485,Flight2_cam1-000-000096-0,-3100097.7588768075,3483715.0409529363,342.907958984375,NkuluEP,2020-01-16,2020-01-16 11:01:58.485,11:01:58,57.56505875000002,30.596077499999996
1126,378120.487,Flight2_cam1-000-000097-0,-3100082.090652992,3483711.0714643016,342.9166259765625,NkuluEP,2020-01-16,2020-01-16 11:02:00.487,11:02:00,57.56277869444442,30.596856055555566
1127,378122.489,Flight2_cam1-000-000098-0,-3100067.0271624792,3483704.4184344066,342.9455261230469,NkuluEP,2020-01-16,2020-01-16 11:02:02.489,11:02:02,57.56049863888889,30.59763461111111
1128,378125.158,Flight2_cam1-000-000099-0,-3100048.3453984065,3483696.661404669,342.960205078125,NkuluEP,2020-01-16,2020-01-16 11:02:05.158,11:02:05,57.55745894444445,30.598672555555556
1129,378126.493,Flight2_cam1-000-000100-0,-3100038.2333821207,3483693.170337916,342.9176025390625,NkuluEP,2020-01-16,2020-01-16 11:02:06.493,11:02:06,57.55593852777776,30.59919172222223
1130,378128.495,Flight2_cam1-000-000101-0,-3100022.2155990805,3483687.6529423553,342.9530029296875,NkuluEP,2020-01-16,2020-01-16 11:02:08.495,11:02:08,57.55365847222223,30.599970277777775
1131,378130.497,Flight2_cam1-000-000102-0,-3100006.055087427,3483681.82547148,343.03900146484375,NkuluEP,2020-01-16,2020-01-16 11:02:10.497,11:02:10,57.5513784166667,30.600748833333324
1132,378132.632,Flight2_cam1-000-000103-0,-3099988.51569556,3483675.2997777867,343.0975036621094,NkuluEP,2020-01-16,2020-01-16 11:02:12.632,11:02:12,57.54894688888891,30.601579111111104
1133,378135.035,Flight2_cam1-000-000104-0,-3099968.958687915,3483668.297547191,343.0657653808594,NkuluEP,2020-01-16,2020-01-16 11:02:15.035,11:02:15,57.546210138888924,30.602513611111103
1134,378136.503,Flight2_cam1-000-000105-0,-3099956.503523072,3483663.7995566186,343.05682373046875,NkuluEP,2020-01-16,2020-01-16 11:02:16.503,11:02:16,57.544538249999974,30.603084500000012
1135,378138.505,Flight2_cam1-000-000106-0,-3099939.8690437656,3483657.7280886117,343.03143310546875,NkuluEP,2020-01-16,2020-01-16 11:02:18.505,11:02:18,57.54225819444444,30.603863055555557
1136,378140.507,Flight2_cam1-000-000107-0,-3099923.330278304,3483651.646089971,342.9598693847656,NkuluEP,2020-01-16,2020-01-16 11:02:20.507,11:02:20,57.53997813888891,30.604641611111106
1137,378143.043,Flight2_cam1-000-000108-0,-3099902.262782966,3483644.0369917927,342.887451171875,NkuluEP,2020-01-16,2020-01-16 11:02:23.043,11:02:23,57.537089916666666,30.605627833333337
1138,378144.511,Flight2_cam1-000-000109-0,-3099889.8168648095,3483639.3852983336,342.8374938964844,NkuluEP,2020-01-16,2020-01-16 11:02:24.511,11:02:24,57.53541802777778,30.60619872222222
1139,378146.513,Flight2_cam1-000-000110-0,-3099873.1674616523,3483633.3100992683,342.8260192871094,NkuluEP,2020-01-16,2020-01-16 11:02:26.513,11:02:26,57.53313797222225,30.60697727777777
1140,378148.515,Flight2_cam1-000-000111-0,-3099856.567012656,3483627.3148413096,342.8365478515625,NkuluEP,2020-01-16,2020-01-16 11:02:28.515,11:02:28,57.530857916666655,30.60775583333334
1141,378150.65,Flight2_cam1-000-000112-0,-3099838.751429318,3483620.647169747,342.8121032714844,NkuluEP,2020-01-16,2020-01-16 11:02:30.650,11:02:30,57.52842638888887,30.60858611111112
1142,378153.053,Flight2_cam1-000-000113-0,-3099818.8392364285,3483613.2799107316,342.8020324707031,NkuluEP,2020-01-16,2020-01-16 11:02:33.053,11:02:33,57.52568963888888,30.60952061111112
1143,378154.521,Flight2_cam1-000-000114-0,-3099806.332637361,3483608.765724047,342.8426513671875,NkuluEP,2020-01-16,2020-01-16 11:02:34.521,11:02:34,57.52401774999999,30.610091500000003
1144,378156.523,Flight2_cam1-000-000115-0,-3099789.6660046186,3483602.682326724,342.812255859375,NkuluEP,2020-01-16,2020-01-16 11:02:36.523,11:02:36,57.52173769444446,30.61087005555555
1145,378158.525,Flight2_cam1-000-000116-0,-3099773.2520229532,3483596.39903519,342.7463684082031,NkuluEP,2020-01-16,2020-01-16 11:02:38.525,11:02:38,57.519457638888866,30.61164861111112
1146,378161.061,Flight2_cam1-000-000117-0,-3099752.0519076297,3483588.552689582,342.619873046875,NkuluEP,2020-01-16,2020-01-16 11:02:41.061,11:02:41,57.516569416666684,30.612634833333328
1147,378162.529,Flight2_cam1-000-000118-0,-3099739.5186682194,3483584.0817878987,342.5363464355469,NkuluEP,2020-01-16,2020-01-16 11:02:42.529,11:02:42,57.514897527777805,30.613205722222215
1148,378164.531,Flight2_cam1-000-000119-0,-3099723.1655345424,3483578.0732947886,342.4757385253906,NkuluEP,2020-01-16,2020-01-16 11:02:44.531,11:02:44,57.5126174722222,30.613984277777785
1149,378166.533,Flight2_cam1-000-000120-0,-3099706.7193772392,3483572.00383312,342.4089050292969,NkuluEP,2020-01-16,2020-01-16 11:02:46.533,11:02:46,57.51033741666667,30.614762833333334
1150,378168.668,Flight2_cam1-000-000121-0,-3099688.5720674023,3483565.6802432514,342.2432861328125,NkuluEP,2020-01-16,2020-01-16 11:02:48.668,11:02:48,57.507905888888885,30.615593111111114
1151,378171.071,Flight2_cam1-000-000122-0,-3099667.871333477,3483558.115136091,342.09979248046875,NkuluEP,2020-01-16,2020-01-16 11:02:51.071,11:02:51,57.505169138888895,30.61652761111111
1152,378172.539,Flight2_cam1-000-000123-0,-3099656.121438591,3483553.527236647,342.0496520996094,NkuluEP,2020-01-16,2020-01-16 11:02:52.539,11:02:52,57.50349725000002,30.617098499999997
1153,378174.541,Flight2_cam1-000-000124-0,-3099639.8111954834,3483547.3553169845,342.06719970703125,NkuluEP,2020-01-16,2020-01-16 11:02:54.541,11:02:54,57.501217194444415,30.617877055555567
1154,378176.543,Flight2_cam1-000-000125-0,-3099623.187493275,3483541.415592597,342.0803527832031,NkuluEP,2020-01-16,2020-01-16 11:02:56.543,11:02:56,57.498937138888884,30.618655611111112
1155,378179.078,Flight2_cam1-000-000126-0,-3099602.0884009814,3483533.7207605327,342.1216735839844,NkuluEP,2020-01-16,2020-01-16 11:02:59.078,11:02:59,57.49605005555558,30.619641444444436
1156,378180.547,Flight2_cam1-000-000127-0,-3099589.6303661214,3483529.2036707527,342.0982666015625,NkuluEP,2020-01-16,2020-01-16 11:03:00.547,11:03:00,57.49437702777776,30.62021272222223
1157,378182.415,Flight2_cam1-000-000128-0,-3099574.432210915,3483523.373443538,342.0816955566406,NkuluEP,2020-01-16,2020-01-16 11:03:02.415,11:03:02,57.49224958333336,30.62093916666666
1158,378184.417,Flight2_cam1-000-000129-0,-3099557.1646489496,3483516.9399318593,342.06317138671875,NkuluEP,2020-01-16,2020-01-16 11:03:04.417,11:03:04,57.48996952777776,30.62171772222223
1159,378186.686,Flight2_cam1-000-000130-0,-3099538.666754093,3483510.1809334303,342.0680847167969,NkuluEP,2020-01-16,2020-01-16 11:03:06.686,11:03:06,57.4873853888889,30.622600111111108
1160,378189.088,Flight2_cam1-000-000131-0,-3099518.0454306435,3483502.741252757,342.1568603515625,NkuluEP,2020-01-16,2020-01-16 11:03:09.088,11:03:09,57.48464977777779,30.62353422222222
1161,378190.557,Flight2_cam1-000-000132-0,-3099506.119084347,3483498.318098561,342.19061279296875,NkuluEP,2020-01-16,2020-01-16 11:03:10.557,11:03:10,57.482976750000034,30.624105499999988
1162,378192.425,Flight2_cam1-000-000133-0,-3099490.1363055287,3483492.5444336855,342.1636657714844,NkuluEP,2020-01-16,2020-01-16 11:03:12.425,11:03:12,57.48084930555557,30.62483194444444
1163,378194.427,Flight2_cam1-000-000134-0,-3099473.720083462,3483486.4800357292,342.1391296386719,NkuluEP,2020-01-16,2020-01-16 11:03:14.427,11:03:14,57.47856924999997,30.62561050000001
1164,378197.096,Flight2_cam1-000-000135-0,-3099451.7994960905,3483478.302584981,342.172607421875,NkuluEP,2020-01-16,2020-01-16 11:03:17.096,11:03:17,57.47552955555554,30.626648444444452
1165,378198.431,Flight2_cam1-000-000136-0,-3099440.562921858,3483474.1902024704,342.1571044921875,NkuluEP,2020-01-16,2020-01-16 11:03:18.431,11:03:18,57.47400913888891,30.627167611111105
1166,378200.433,Flight2_cam1-000-000137-0,-3099424.0316189523,3483468.147350041,342.1437683105469,NkuluEP,2020-01-16,2020-01-16 11:03:20.433,11:03:20,57.471729083333315,30.627946166666675
1167,378202.435,Flight2_cam1-000-000138-0,-3099406.718185777,3483461.7645273744,342.1233825683594,NkuluEP,2020-01-16,2020-01-16 11:03:22.435,11:03:22,57.469449027777785,30.628724722222223
1168,378205.104,Flight2_cam1-000-000139-0,-3099384.8140233615,3483453.734034577,342.1171875,NkuluEP,2020-01-16,2020-01-16 11:03:25.104,11:03:25,57.466409333333345,30.629762666666664
1169,378206.439,Flight2_cam1-000-000140-0,-3099373.698529555,3483449.6304642265,342.1756286621094,NkuluEP,2020-01-16,2020-01-16 11:03:26.439,11:03:26,57.46488891666665,30.63028183333334
1170,378208.441,Flight2_cam1-000-000141-0,-3099357.1222094614,3483443.6345522734,342.1445617675781,NkuluEP,2020-01-16,2020-01-16 11:03:28.441,11:03:28,57.46260886111112,30.631060388888887
1171,378210.443,Flight2_cam1-000-000142-0,-3099339.84150372,3483437.3107791916,342.1999816894531,NkuluEP,2020-01-16,2020-01-16 11:03:30.443,11:03:30,57.46032880555553,30.631838944444457
1172,378212.712,Flight2_cam1-000-000143-0,-3099321.443868363,3483430.4261271073,342.2157897949219,NkuluEP,2020-01-16,2020-01-16 11:03:32.712,11:03:32,57.45774466666667,30.632721333333333
1173,378215.248,Flight2_cam1-000-000144-0,-3099300.345087576,3483422.6172679644,342.1457214355469,NkuluEP,2020-01-16,2020-01-16 11:03:35.248,11:03:35,57.454856444444424,30.633707555555564
1174,378216.449,Flight2_cam1-000-000145-0,-3099290.44957861,3483418.960858498,342.1993103027344,NkuluEP,2020-01-16,2020-01-16 11:03:36.449,11:03:36,57.453488638888864,30.63417461111112
1175,378218.451,Flight2_cam1-000-000146-0,-3099273.8687738283,3483412.895499632,342.2161865234375,NkuluEP,2020-01-16,2020-01-16 11:03:38.451,11:03:38,57.45120858333333,30.63495316666667
1176,378220.453,Flight2_cam1-000-000147-0,-3099256.558997764,3483406.52003276,342.20281982421875,NkuluEP,2020-01-16,2020-01-16 11:03:40.453,11:03:40,57.4489285277778,30.635731722222214
1177,378222.455,Flight2_cam1-000-000148-0,-3099239.9488650253,3483400.501263642,342.25848388671875,NkuluEP,2020-01-16,2020-01-16 11:03:42.455,11:03:42,57.44664847222221,30.636510277777784
1178,378225.124,Flight2_cam1-000-000149-0,-3099217.39609126,3483392.240994746,342.24615478515625,NkuluEP,2020-01-16,2020-01-16 11:03:45.124,11:03:45,57.44360877777777,30.637548222222225
1179,378226.459,Flight2_cam1-000-000150-0,-3099206.774979214,3483388.3834831486,342.2613525390625,NkuluEP,2020-01-16,2020-01-16 11:03:46.459,11:03:46,57.442088361111146,30.638067388888878
1180,378228.461,Flight2_cam1-000-000151-0,-3099189.442992117,3483382.0627495623,342.23199462890625,NkuluEP,2020-01-16,2020-01-16 11:03:48.461,11:03:48,57.439808305555545,30.638845944444448
1181,378230.463,Flight2_cam1-000-000152-0,-3099172.9938999554,3483375.9817415737,342.229736328125,NkuluEP,2020-01-16,2020-01-16 11:03:50.463,11:03:50,57.437528250000014,30.639624499999996
1182,378232.598,Flight2_cam1-000-000153-0,-3099155.101782211,3483369.4411765356,342.1905517578125,NkuluEP,2020-01-16,2020-01-16 11:03:52.598,11:03:52,57.43509672222223,30.640454777777776
1183,378235.134,Flight2_cam1-000-000154-0,-3099134.3480762644,3483361.5369736874,342.247314453125,NkuluEP,2020-01-16,2020-01-16 11:03:55.134,11:03:55,57.43220849999998,30.641441000000007
1184,378236.469,Flight2_cam1-000-000155-0,-3099123.755221376,3483357.574658031,342.21722412109375,NkuluEP,2020-01-16,2020-01-16 11:03:56.469,11:03:56,57.43068808333336,30.64196016666666
1185,378238.471,Flight2_cam1-000-000156-0,-3099106.3001639196,3483351.172213018,342.1808166503906,NkuluEP,2020-01-16,2020-01-16 11:03:58.471,11:03:58,57.428408027777756,30.64273872222223
1186,378240.473,Flight2_cam1-000-000157-0,-3099089.639818219,3483345.0008425517,342.2068176269531,NkuluEP,2020-01-16,2020-01-16 11:04:00.473,11:04:00,57.426127972222226,30.64351727777778
1187,378243.142,Flight2_cam1-000-000158-0,-3099067.2651068885,3483336.715903741,342.1577453613281,NkuluEP,2020-01-16,2020-01-16 11:04:03.142,11:04:03,57.42308827777779,30.64455522222222
1188,378244.477,Flight2_cam1-000-000159-0,-3099056.7727425615,3483332.8082408854,342.1701354980469,NkuluEP,2020-01-16,2020-01-16 11:04:04.477,11:04:04,57.4215678611111,30.645074388888894
1189,378246.479,Flight2_cam1-000-000160-0,-3099039.461195986,3483326.400074026,342.2560119628906,NkuluEP,2020-01-16,2020-01-16 11:04:06.479,11:04:06,57.41928780555557,30.645852944444442
1190,378248.481,Flight2_cam1-000-000161-0,-3099022.778623595,3483320.3458158765,342.2890625,NkuluEP,2020-01-16,2020-01-16 11:04:08.481,11:04:08,57.41700774999997,30.646631500000012
1191,378250.616,Flight2_cam1-000-000162-0,-3099004.8921556952,3483313.842949558,342.323486328125,NkuluEP,2020-01-16,2020-01-16 11:04:10.616,11:04:10,57.414576222222244,30.64746177777777
1192,378253.152,Flight2_cam1-000-000163-0,-3098983.7985022767,3483306.129972362,342.2818908691406,NkuluEP,2020-01-16,2020-01-16 11:04:13.152,11:04:13,57.411688,30.648448000000002
1193,378254.487,Flight2_cam1-000-000164-0,-3098972.4250657046,3483302.358788216,342.28009033203125,NkuluEP,2020-01-16,2020-01-16 11:04:14.487,11:04:14,57.41016758333331,30.648967166666676
1194,378256.489,Flight2_cam1-000-000165-0,-3098955.191295234,3483298.7865283,342.3345031738281,NkuluEP,2020-01-16,2020-01-16 11:04:16.489,11:04:16,57.40788752777778,30.649745722222224
1195,378258.491,Flight2_cam1-000-000166-0,-3098937.5856567854,3483298.1138814404,342.3364562988281,NkuluEP,2020-01-16,2020-01-16 11:04:18.491,11:04:18,57.40560747222225,30.65052427777777
1196,378261.16,Flight2_cam1-000-000167-0,-3098913.7801083825,3483301.8221626165,342.3382263183594,NkuluEP,2020-01-16,2020-01-16 11:04:21.160,11:04:21,57.40256777777781,30.651562222222214
1197,378262.495,Flight2_cam1-000-000168-0,-3098902.925941164,3483305.28955951,342.31732177734375,NkuluEP,2020-01-16,2020-01-16 11:04:22.495,11:04:22,57.40104736111112,30.652081388888888
1198,378264.497,Flight2_cam1-000-000169-0,-3098886.2624570653,3483312.9380168403,342.2156066894531,NkuluEP,2020-01-16,2020-01-16 11:04:24.497,11:04:24,57.39876730555559,30.652859944444433
1199,378266.499,Flight2_cam1-000-000170-0,-3098870.963383446,3483321.4547542823,342.1355895996094,NkuluEP,2020-01-16,2020-01-16 11:04:26.499,11:04:26,57.39648724999999,30.653638500000003
1200,378269.035,Flight2_cam1-000-000171-0,-3098851.4808489326,3483331.9051768836,342.135986328125,NkuluEP,2020-01-16,2020-01-16 11:04:29.035,11:04:29,57.39359902777781,30.654624722222213
1201,378270.503,Flight2_cam1-000-000172-0,-3098841.0572695597,3483338.551700202,342.1986389160156,NkuluEP,2020-01-16,2020-01-16 11:04:30.503,11:04:30,57.39192713888886,30.65519561111112
1202,378272.505,Flight2_cam1-000-000173-0,-3098831.618983183,3483350.7824010463,342.15277099609375,NkuluEP,2020-01-16,2020-01-16 11:04:32.505,11:04:32,57.38964708333333,30.65597416666667
1203,378274.507,Flight2_cam1-000-000174-0,-3098835.911070275,3483361.4510499258,342.02783203125,NkuluEP,2020-01-16,2020-01-16 11:04:34.507,11:04:34,57.3873670277778,30.656752722222215
1204,378276.642,Flight2_cam1-000-000175-0,-3098852.29373414,3483370.2366485796,341.9314880371094,NkuluEP,2020-01-16,2020-01-16 11:04:36.642,11:04:36,57.38493550000001,30.657583
1205,378279.044,Flight2_cam1-000-000176-0,-3098873.0589413815,3483377.568830927,342.1473083496094,NkuluEP,2020-01-16,2020-01-16 11:04:39.044,11:04:39,57.3821998888889,30.65851711111111
1206,378280.513,Flight2_cam1-000-000177-0,-3098883.736161448,3483381.805150524,342.24688720703125,NkuluEP,2020-01-16,2020-01-16 11:04:40.513,11:04:40,57.38052686111114,30.65908838888888
1207,378282.515,Flight2_cam1-000-000178-0,-3098899.189387807,3483387.642427118,342.3860778808594,NkuluEP,2020-01-16,2020-01-16 11:04:42.515,11:04:42,57.37824680555554,30.65986694444445
1208,378284.517,Flight2_cam1-000-000179-0,-3098914.810767965,3483393.368235009,342.4378967285156,NkuluEP,2020-01-16,2020-01-16 11:04:44.517,11:04:44,57.37596675000001,30.660645499999998
1209,378287.052,Flight2_cam1-000-000180-0,-3098936.01285004,3483400.905751028,342.72601318359375,NkuluEP,2020-01-16,2020-01-16 11:04:47.052,11:04:47,57.37307966666664,30.661631333333343
1210,378288.521,Flight2_cam1-000-000181-0,-3098947.641350168,3483405.407148136,342.93475341796875,NkuluEP,2020-01-16,2020-01-16 11:04:48.521,11:04:48,57.371406638888885,30.662202611111116
1211,378290.523,Flight2_cam1-000-000182-0,-3098964.670449468,3483411.7852920387,343.1004943847656,NkuluEP,2020-01-16,2020-01-16 11:04:50.523,11:04:50,57.369126583333355,30.66298116666666
1212,378292.525,Flight2_cam1-000-000183-0,-3098981.1900779135,3483418.07093299,343.1329650878906,NkuluEP,2020-01-16,2020-01-16 11:04:52.525,11:04:52,57.36684652777775,30.66375972222223
1213,378295.06,Flight2_cam1-000-000184-0,-3099002.3884889474,3483426.0475409934,343.2220153808594,NkuluEP,2020-01-16,2020-01-16 11:04:55.060,11:04:55,57.36395944444445,30.664745555555555
1214,378296.529,Flight2_cam1-000-000185-0,-3099014.091418428,3483430.499525679,343.28021240234375,NkuluEP,2020-01-16,2020-01-16 11:04:56.529,11:04:56,57.36228641666669,30.665316833333325
1215,378298.531,Flight2_cam1-000-000186-0,-3099030.3400578755,3483436.4152003773,343.3080139160156,NkuluEP,2020-01-16,2020-01-16 11:04:58.531,11:04:58,57.3600063611111,30.666095388888895
1216,378300.533,Flight2_cam1-000-000187-0,-3099047.4805208277,3483442.5183931096,343.35736083984375,NkuluEP,2020-01-16,2020-01-16 11:05:00.533,11:05:00,57.357726305555566,30.666873944444443
1217,378302.668,Flight2_cam1-000-000188-0,-3099065.3286478524,3483449.0375245875,343.44573974609375,NkuluEP,2020-01-16,2020-01-16 11:05:02.668,11:05:02,57.35529477777777,30.667704222222223
1218,378305.07,Flight2_cam1-000-000189-0,-3099085.1888277237,3483456.325965156,343.2945556640625,NkuluEP,2020-01-16,2020-01-16 11:05:05.070,11:05:05,57.35255916666666,30.668638333333337
1219,378306.538,Flight2_cam1-000-000190-0,-3099097.3205536976,3483460.662157698,343.4010314941406,NkuluEP,2020-01-16,2020-01-16 11:05:06.538,11:05:06,57.35088727777778,30.66920922222222
1220,378308.54,Flight2_cam1-000-000191-0,-3099114.620720546,3483467.0410964945,343.2729187011719,NkuluEP,2020-01-16,2020-01-16 11:05:08.540,11:05:08,57.34860722222225,30.66998777777777
1221,378310.542,Flight2_cam1-000-000192-0,-3099131.2963402583,3483473.192830209,343.2845458984375,NkuluEP,2020-01-16,2020-01-16 11:05:10.542,11:05:10,57.346327166666654,30.67076633333334
1222,378313.078,Flight2_cam1-000-000193-0,-3099152.3147784304,3483480.7900645914,343.218994140625,NkuluEP,2020-01-16,2020-01-16 11:05:13.078,11:05:13,57.34343894444447,30.67175255555555
1223,378314.546,Flight2_cam1-000-000194-0,-3099164.266361004,3483485.036929308,343.10784912109375,NkuluEP,2020-01-16,2020-01-16 11:05:14.546,11:05:14,57.341767055555586,30.672323444444434
1224,378316.415,Flight2_cam1-000-000195-0,-3099180.0285206498,3483490.7588330973,343.0597229003906,NkuluEP,2020-01-16,2020-01-16 11:05:16.415,11:05:16,57.33963847222225,30.67305027777777
1225,378318.55,Flight2_cam1-000-000196-0,-3099198.0719321617,3483497.489289741,343.03179931640625,NkuluEP,2020-01-16,2020-01-16 11:05:18.550,11:05:18,57.33720694444446,30.673880555555552
1226,378320.686,Flight2_cam1-000-000197-0,-3099216.257798516,3483504.1175532234,342.9193420410156,NkuluEP,2020-01-16,2020-01-16 11:05:20.686,11:05:20,57.3347742777778,30.674711222222218
1227,378323.088,Flight2_cam1-000-000198-0,-3099235.706722459,3483511.6499198806,342.7785949707031,NkuluEP,2020-01-16,2020-01-16 11:05:23.088,11:05:23,57.33203866666668,30.67564533333333
1228,378324.423,Flight2_cam1-000-000199-0,-3099246.873577753,3483515.7235672474,342.7167663574219,NkuluEP,2020-01-16,2020-01-16 11:05:24.423,11:05:24,57.33051824999999,30.676164500000006
1229,378326.425,Flight2_cam1-000-000200-0,-3099263.3905385085,3483521.728004022,342.694580078125,NkuluEP,2020-01-16,2020-01-16 11:05:26.425,11:05:26,57.32823819444446,30.67694305555555
1230,378328.427,Flight2_cam1-000-000201-0,-3099279.8367121145,3483527.712512336,342.75079345703125,NkuluEP,2020-01-16,2020-01-16 11:05:28.427,11:05:28,57.325958138888865,30.67772161111112
1231,378331.096,Flight2_cam1-000-000202-0,-3099302.4957900182,3483536.1192386476,342.90240478515625,NkuluEP,2020-01-16,2020-01-16 11:05:31.096,11:05:31,57.322918444444426,30.678759555555565
1232,378332.431,Flight2_cam1-000-000203-0,-3099313.8295460604,3483540.275621507,342.9286804199219,NkuluEP,2020-01-16,2020-01-16 11:05:32.431,11:05:32,57.3213980277778,30.679278722222215
1233,378334.433,Flight2_cam1-000-000204-0,-3099330.3007892463,3483546.388684785,342.9496154785156,NkuluEP,2020-01-16,2020-01-16 11:05:34.433,11:05:34,57.3191179722222,30.680057277777784
1234,378336.435,Flight2_cam1-000-000205-0,-3099346.5593316406,3483552.334078316,342.862548828125,NkuluEP,2020-01-16,2020-01-16 11:05:36.435,11:05:36,57.31683791666667,30.680835833333333
1235,378338.704,Flight2_cam1-000-000206-0,-3099365.7553350814,3483559.455389611,342.7323303222656,NkuluEP,2020-01-16,2020-01-16 11:05:38.704,11:05:38,57.31425377777775,30.681718222222234
1236,378341.106,Flight2_cam1-000-000207-0,-3099385.596048539,3483566.626124308,342.6497802734375,NkuluEP,2020-01-16,2020-01-16 11:05:41.106,11:05:41,57.31151816666664,30.682652333333344
1237,378342.441,Flight2_cam1-000-000208-0,-3099396.894385316,3483570.8511287034,342.6065368652344,NkuluEP,2020-01-16,2020-01-16 11:05:42.441,11:05:42,57.309997750000015,30.683171499999997
1238,378344.443,Flight2_cam1-000-000209-0,-3099413.2464245143,3483576.7815392246,342.5441589355469,NkuluEP,2020-01-16,2020-01-16 11:05:44.443,11:05:44,57.30771769444441,30.683950055555567
1239,378346.445,Flight2_cam1-000-000210-0,-3099429.810100471,3483582.6862238734,342.6001281738281,NkuluEP,2020-01-16,2020-01-16 11:05:46.445,11:05:46,57.30543763888888,30.684728611111115
1240,378349.114,Flight2_cam1-000-000211-0,-3099452.772482008,3483590.877505006,342.50164794921875,NkuluEP,2020-01-16,2020-01-16 11:05:49.114,11:05:49,57.302397944444444,30.685766555555556
1241,378350.449,Flight2_cam1-000-000212-0,-3099464.03316327,3483595.0973294205,342.507080078125,NkuluEP,2020-01-16,2020-01-16 11:05:50.449,11:05:50,57.30087752777776,30.68628572222223
1242,378352.451,Flight2_cam1-000-000213-0,-3099480.4010389755,3483601.2850350062,342.5895690917969,NkuluEP,2020-01-16,2020-01-16 11:05:52.451,11:05:52,57.29859747222223,30.68706427777778
1243,378354.453,Flight2_cam1-000-000214-0,-3099496.944129478,3483607.503446405,342.6590881347656,NkuluEP,2020-01-16,2020-01-16 11:05:54.453,11:05:54,57.296317416666696,30.687842833333328
1244,378357.122,Flight2_cam1-000-000215-0,-3099519.470976347,3483615.7754098857,342.6774597167969,NkuluEP,2020-01-16,2020-01-16 11:05:57.122,11:05:57,57.29327772222226,30.68888077777777
1245,378358.457,Flight2_cam1-000-000216-0,-3099530.7732542967,3483619.9238823247,342.68597412109375,NkuluEP,2020-01-16,2020-01-16 11:05:58.457,11:05:58,57.291757305555564,30.689399944444443
1246,378360.459,Flight2_cam1-000-000217-0,-3099547.2757130736,3483626.0276168543,342.6962890625,NkuluEP,2020-01-16,2020-01-16 11:06:00.459,11:06:00,57.28947725000003,30.69017849999999
1247,378362.461,Flight2_cam1-000-000218-0,-3099563.7529237443,3483632.1207879945,342.7616882324219,NkuluEP,2020-01-16,2020-01-16 11:06:02.461,11:06:02,57.28719719444444,30.69095705555556
1248,378364.596,Flight2_cam1-000-000219-0,-3099581.565960337,3483638.7515751687,342.8054504394531,NkuluEP,2020-01-16,2020-01-16 11:06:04.596,11:06:04,57.284765666666644,30.69178733333334
1249,378367.132,Flight2_cam1-000-000220-0,-3099602.833445842,3483646.553767431,342.8243408203125,NkuluEP,2020-01-16,2020-01-16 11:06:07.132,11:06:07,57.28187744444447,30.69277355555555
1250,378368.467,Flight2_cam1-000-000221-0,-3099614.2005185867,3483650.794929848,342.706787109375,NkuluEP,2020-01-16,2020-01-16 11:06:08.467,11:06:08,57.280357027777775,30.693292722222225
1251,378370.469,Flight2_cam1-000-000222-0,-3099630.5699593476,3483656.7496468183,342.72503662109375,NkuluEP,2020-01-16,2020-01-16 11:06:10.469,11:06:10,57.278076972222244,30.694071277777773
1252,378372.471,Flight2_cam1-000-000223-0,-3099647.06900222,3483662.75825855,342.7594299316406,NkuluEP,2020-01-16,2020-01-16 11:06:12.471,11:06:12,57.27579691666665,30.694849833333343
1253,378375.14,Flight2_cam1-000-000224-0,-3099669.686319835,3483671.1827545776,342.6759033203125,NkuluEP,2020-01-16,2020-01-16 11:06:15.140,11:06:15,57.27275722222221,30.695887777777784
1254,378376.475,Flight2_cam1-000-000225-0,-3099681.0464675208,3483675.360481598,342.6434326171875,NkuluEP,2020-01-16,2020-01-16 11:06:16.475,11:06:16,57.27123680555558,30.696406944444437
1255,378378.477,Flight2_cam1-000-000226-0,-3099697.6801736285,3483681.4621324763,342.55908203125,NkuluEP,2020-01-16,2020-01-16 11:06:18.477,11:06:18,57.26895674999999,30.697185500000007
1256,378380.479,Flight2_cam1-000-000227-0,-3099714.1629648777,3483687.485681405,342.4964294433594,NkuluEP,2020-01-16,2020-01-16 11:06:20.479,11:06:20,57.266676694444456,30.697964055555552
1257,378382.614,Flight2_cam1-000-000228-0,-3099732.044829232,3483693.9846973047,342.38812255859375,NkuluEP,2020-01-16,2020-01-16 11:06:22.614,11:06:22,57.26424516666667,30.698794333333336
1258,378385.016,Flight2_cam1-000-000229-0,-3099752.136743313,3483701.0370608442,342.3352355957031,NkuluEP,2020-01-16,2020-01-16 11:06:25.016,11:06:25,57.261509555555556,30.699728444444446
1259,378386.485,Flight2_cam1-000-000230-0,-3099764.7661901647,3483705.632892413,342.2376708984375,NkuluEP,2020-01-16,2020-01-16 11:06:26.485,11:06:26,57.25983652777779,30.700299722222216
1260,378388.487,Flight2_cam1-000-000231-0,-3099781.1817577803,3483711.888666404,342.147216796875,NkuluEP,2020-01-16,2020-01-16 11:06:28.487,11:06:28,57.2575564722222,30.701078277777786
1261,378390.489,Flight2_cam1-000-000232-0,-3099797.3633743967,3483718.0837562294,342.2167053222656,NkuluEP,2020-01-16,2020-01-16 11:06:30.489,11:06:30,57.25527641666667,30.701856833333334
1262,378393.158,Flight2_cam1-000-000233-0,-3099819.745463213,3483726.2723375275,342.2188720703125,NkuluEP,2020-01-16,2020-01-16 11:06:33.158,11:06:33,57.25223672222223,30.702894777777775
1263,378394.493,Flight2_cam1-000-000234-0,-3099831.123947621,3483730.3881467762,342.188232421875,NkuluEP,2020-01-16,2020-01-16 11:06:34.493,11:06:34,57.25071630555554,30.703413944444453
1264,378396.495,Flight2_cam1-000-000235-0,-3099847.669588713,3483736.3757255073,342.2515563964844,NkuluEP,2020-01-16,2020-01-16 11:06:36.495,11:06:36,57.248436250000005,30.704192499999998
1265,378398.496,Flight2_cam1-000-000236-0,-3099864.0645752936,3483742.530009967,342.2424621582031,NkuluEP,2020-01-16,2020-01-16 11:06:38.496,11:06:38,57.24615733333335,30.70497066666666
1266,378400.632,Flight2_cam1-000-000237-0,-3099881.9475097666,3483749.361442899,342.39642333984375,NkuluEP,2020-01-16,2020-01-16 11:06:40.632,11:06:40,57.24372466666669,30.705801333333326
1267,378403.034,Flight2_cam1-000-000238-0,-3099901.80085148,3483756.5805711434,342.4458312988281,NkuluEP,2020-01-16,2020-01-16 11:06:43.034,11:06:43,57.24098905555557,30.70673544444444
1268,378404.502,Flight2_cam1-000-000239-0,-3099914.3009563643,3483761.0968558523,342.4974060058594,NkuluEP,2020-01-16,2020-01-16 11:06:44.502,11:06:44,57.239317166666694,30.707306333333324
1269,378406.504,Flight2_cam1-000-000240-0,-3099930.893230246,3483767.1510431683,342.5521240234375,NkuluEP,2020-01-16,2020-01-16 11:06:46.504,11:06:46,57.23703711111109,30.708084888888894
1270,378408.506,Flight2_cam1-000-000241-0,-3099947.610590749,3483773.4274005396,342.5733337402344,NkuluEP,2020-01-16,2020-01-16 11:06:48.506,11:06:48,57.23475705555556,30.708863444444443
1271,378411.042,Flight2_cam1-000-000242-0,-3099968.9554805215,3483781.2549232747,342.5818176269531,NkuluEP,2020-01-16,2020-01-16 11:06:51.042,11:06:51,57.231868833333316,30.709849666666674
1272,378412.51,Flight2_cam1-000-000243-0,-3099981.592045746,3483785.9613833562,342.62982177734375,NkuluEP,2020-01-16,2020-01-16 11:06:52.510,11:06:52,57.23019694444444,30.710420555555558
1273,378414.512,Flight2_cam1-000-000244-0,-3099998.0309333922,3483792.11510153,342.5862121582031,NkuluEP,2020-01-16,2020-01-16 11:06:54.512,11:06:54,57.227916888888906,30.711199111111107
1274,378416.514,Flight2_cam1-000-000245-0,-3100014.439112389,3483798.1247685193,342.4934997558594,NkuluEP,2020-01-16,2020-01-16 11:06:56.514,11:06:56,57.22563683333331,30.711977666666677
1275,378418.65,Flight2_cam1-000-000246-0,-3100032.33258738,3483804.5776254027,342.4512023925781,NkuluEP,2020-01-16,2020-01-16 11:06:58.650,11:06:58,57.22320416666664,30.712808333333342
1276,378421.052,Flight2_cam1-000-000247-0,-3100052.247849527,3483811.7820532643,342.38519287109375,NkuluEP,2020-01-16,2020-01-16 11:07:01.052,11:07:01,57.22046855555553,30.713742444444456
1277,378422.52,Flight2_cam1-000-000248-0,-3100064.8059753394,3483816.288098053,342.3644104003906,NkuluEP,2020-01-16,2020-01-16 11:07:02.520,11:07:02,57.21879666666665,30.71431333333334
1278,378424.522,Flight2_cam1-000-000249-0,-3100081.57474938,3483822.4299743176,342.4306945800781,NkuluEP,2020-01-16,2020-01-16 11:07:04.522,11:07:04,57.21651661111112,30.71509188888889
1279,378426.524,Flight2_cam1-000-000250-0,-3100098.1873861523,3483828.56676624,342.42047119140625,NkuluEP,2020-01-16,2020-01-16 11:07:06.524,11:07:06,57.21423655555559,30.715870444444434
1280,378429.06,Flight2_cam1-000-000251-0,-3100119.4097882626,3483836.421402829,342.357177734375,NkuluEP,2020-01-16,2020-01-16 11:07:09.060,11:07:09,57.21134833333334,30.716856666666665
1281,378430.528,Flight2_cam1-000-000252-0,-3100131.9428364616,3483841.1679280526,342.2947998046875,NkuluEP,2020-01-16,2020-01-16 11:07:10.528,11:07:10,57.209676444444455,30.717427555555552
1282,378432.53,Flight2_cam1-000-000253-0,-3100148.334279402,3483847.1669230605,342.32342529296875,NkuluEP,2020-01-16,2020-01-16 11:07:12.530,11:07:12,57.20739638888886,30.718206111111122
1283,378434.532,Flight2_cam1-000-000254-0,-3100164.752239641,3483853.372048016,342.2762756347656,NkuluEP,2020-01-16,2020-01-16 11:07:14.532,11:07:14,57.20511633333333,30.71898466666667
1284,378436.668,Flight2_cam1-000-000255-0,-3100181.454286322,3483862.559616362,342.2023010253906,NkuluEP,2020-01-16,2020-01-16 11:07:16.668,11:07:16,57.202683666666665,30.719815333333337
1285,378439.07,Flight2_cam1-000-000256-0,-3100197.71264698,3483876.4015450575,342.14935302734375,NkuluEP,2020-01-16,2020-01-16 11:07:19.070,11:07:19,57.19994805555555,30.720749444444447
1286,378440.538,Flight2_cam1-000-000257-0,-3100206.5202016635,3483886.5485420967,342.1432189941406,NkuluEP,2020-01-16,2020-01-16 11:07:20.538,11:07:20,57.198276166666666,30.721320333333335
1287,378442.54,Flight2_cam1-000-000258-0,-3100215.968546827,3483901.568984381,342.07647705078125,NkuluEP,2020-01-16,2020-01-16 11:07:22.540,11:07:22,57.195996111111135,30.72209888888888
1288,378444.542,Flight2_cam1-000-000259-0,-3100223.7139106537,3483917.2618127544,342.0238037109375,NkuluEP,2020-01-16,2020-01-16 11:07:24.542,11:07:24,57.19371605555554,30.72287744444445
1289,378447.078,Flight2_cam1-000-000260-0,-3100233.7261135406,3483937.321300295,342.0199279785156,NkuluEP,2020-01-16,2020-01-16 11:07:27.078,11:07:27,57.19082783333336,30.72386366666666
1290,378448.546,Flight2_cam1-000-000261-0,-3100239.69878954,3483949.0619087927,342.01239013671875,NkuluEP,2020-01-16,2020-01-16 11:07:28.546,11:07:28,57.18915594444448,30.724434555555547
1291,378450.548,Flight2_cam1-000-000262-0,-3100247.1722138114,3483965.0629713563,341.9819030761719,NkuluEP,2020-01-16,2020-01-16 11:07:30.548,11:07:30,57.18687588888888,30.725213111111117
1292,378452.417,Flight2_cam1-000-000263-0,-3100250.1288956436,3483980.7299600844,342.0477600097656,NkuluEP,2020-01-16,2020-01-16 11:07:32.417,11:07:32,57.18474730555554,30.725939944444452
1293,378455.086,Flight2_cam1-000-000264-0,-3100238.3585148696,3483991.0996596846,341.7810363769531,NkuluEP,2020-01-16,2020-01-16 11:07:35.086,11:07:35,57.1817076111111,30.726977888888893
1294,378456.421,Flight2_cam1-000-000265-0,-3100228.3887056843,3483989.8006141377,341.84149169921875,NkuluEP,2020-01-16,2020-01-16 11:07:36.421,11:07:36,57.18018719444448,30.727497055555546
1295,378458.423,Flight2_cam1-000-000266-0,-3100213.632066342,3483984.060802005,341.7106628417969,NkuluEP,2020-01-16,2020-01-16 11:07:38.423,11:07:38,57.177907138888884,30.728275611111115
1296,378460.558,Flight2_cam1-000-000267-0,-3100198.102649881,3483976.8734571254,341.6868896484375,NkuluEP,2020-01-16,2020-01-16 11:07:40.558,11:07:40,57.17547561111109,30.729105888888895
1297,378463.094,Flight2_cam1-000-000268-0,-3100180.557401081,3483970.213804615,341.549560546875,NkuluEP,2020-01-16,2020-01-16 11:07:43.094,11:07:43,57.172587388888914,30.730092111111105
1298,378464.429,Flight2_cam1-000-000269-0,-3100170.4965716084,3483966.791811517,341.4607238769531,NkuluEP,2020-01-16,2020-01-16 11:07:44.429,11:07:44,57.17106697222222,30.73061127777778
1299,378466.431,Flight2_cam1-000-000270-0,-3100154.636407455,3483961.331268611,341.44085693359375,NkuluEP,2020-01-16,2020-01-16 11:07:46.431,11:07:46,57.16878691666669,30.731389833333328
1300,378468.433,Flight2_cam1-000-000271-0,-3100138.055878559,3483955.3871737937,341.4203186035156,NkuluEP,2020-01-16,2020-01-16 11:07:48.433,11:07:48,57.166506861111095,30.732168388888898
1301,378470.568,Flight2_cam1-000-000272-0,-3100120.1153662927,3483948.8679387285,341.3839416503906,NkuluEP,2020-01-16,2020-01-16 11:07:50.568,11:07:50,57.1640753333333,30.732998666666678
1302,378473.104,Flight2_cam1-000-000273-0,-3100098.751667363,3483941.0402311585,341.3845520019531,NkuluEP,2020-01-16,2020-01-16 11:07:53.104,11:07:53,57.161187111111126,30.733984888888887
1303,378474.439,Flight2_cam1-000-000274-0,-3100087.4111082526,3483936.8497931818,341.3233337402344,NkuluEP,2020-01-16,2020-01-16 11:07:54.439,11:07:54,57.15966669444443,30.73450405555556
1304,378476.441,Flight2_cam1-000-000275-0,-3100071.0301507544,3483930.7923750766,341.30126953125,NkuluEP,2020-01-16,2020-01-16 11:07:56.441,11:07:56,57.1573866388889,30.73528261111111
1305,378478.443,Flight2_cam1-000-000276-0,-3100054.7190125044,3483924.762156349,341.27044677734375,NkuluEP,2020-01-16,2020-01-16 11:07:58.443,11:07:58,57.15510658333331,30.73606116666668
1306,378481.112,Flight2_cam1-000-000277-0,-3100032.2765341853,3483916.609952929,341.2100830078125,NkuluEP,2020-01-16,2020-01-16 11:08:01.112,11:08:01,57.15206688888887,30.73709911111112
1307,378482.447,Flight2_cam1-000-000278-0,-3100020.8953805207,3483912.6165399165,341.1888427734375,NkuluEP,2020-01-16,2020-01-16 11:08:02.447,11:08:02,57.15054647222224,30.737618277777774
1308,378484.449,Flight2_cam1-000-000279-0,-3100004.468693825,3483906.7415392348,341.1954345703125,NkuluEP,2020-01-16,2020-01-16 11:08:04.449,11:08:04,57.148266416666644,30.738396833333343
1309,378486.451,Flight2_cam1-000-000280-0,-3099987.763552495,3483900.5500953277,341.1885681152344,NkuluEP,2020-01-16,2020-01-16 11:08:06.451,11:08:06,57.14598636111111,30.73917538888889
1310,378488.586,Flight2_cam1-000-000281-0,-3099969.8442878495,3483893.9962220476,341.2414855957031,NkuluEP,2020-01-16,2020-01-16 11:08:08.586,11:08:08,57.143554833333326,30.740005666666672
1311,378491.122,Flight2_cam1-000-000282-0,-3099948.6935252375,3483886.288928417,341.25274658203125,NkuluEP,2020-01-16,2020-01-16 11:08:11.122,11:08:11,57.14066661111114,30.74099188888888
1312,378492.456,Flight2_cam1-000-000283-0,-3099937.4516780274,3483882.2101164144,341.2466125488281,NkuluEP,2020-01-16,2020-01-16 11:08:12.456,11:08:12,57.13914733333333,30.74151066666667
1313,378494.458,Flight2_cam1-000-000284-0,-3099920.771753703,3483876.0984100555,341.27288818359375,NkuluEP,2020-01-16,2020-01-16 11:08:14.458,11:08:14,57.136867277777796,30.742289222222215
1314,378496.46,Flight2_cam1-000-000285-0,-3099904.27859216,3483869.953382212,341.2942199707031,NkuluEP,2020-01-16,2020-01-16 11:08:16.460,11:08:16,57.1345872222222,30.743067777777785
1315,378499.13,Flight2_cam1-000-000286-0,-3099881.884393187,3483861.693542444,341.3194885253906,NkuluEP,2020-01-16,2020-01-16 11:08:19.130,11:08:19,57.131546388888886,30.744106111111112
1316,378500.598,Flight2_cam1-000-000287-0,-3099869.937770332,3483857.293696687,341.2989807128906,NkuluEP,2020-01-16,2020-01-16 11:08:20.598,11:08:20,57.12987450000001,30.744677
1317,378502.466,Flight2_cam1-000-000288-0,-3099854.1357534486,3483851.5319263795,341.26129150390625,NkuluEP,2020-01-16,2020-01-16 11:08:22.466,11:08:22,57.12774705555554,30.745403444444452
1318,378504.468,Flight2_cam1-000-000289-0,-3099837.5348362974,3483845.500574558,341.28564453125,NkuluEP,2020-01-16,2020-01-16 11:08:24.468,11:08:24,57.12546700000001,30.746181999999997
1319,378506.604,Flight2_cam1-000-000290-0,-3099819.6191362357,3483838.8995705997,341.3096618652344,NkuluEP,2020-01-16,2020-01-16 11:08:26.604,11:08:26,57.123034333333344,30.747012666666663
1320,378509.14,Flight2_cam1-000-000291-0,-3099798.5052708313,3483831.0847102166,341.3033447265625,NkuluEP,2020-01-16,2020-01-16 11:08:29.140,11:08:29,57.1201461111111,30.747998888888894
1321,378510.741,Flight2_cam1-000-000292-0,-3099785.4071943127,3483826.0461771586,341.2901611328125,NkuluEP,2020-01-16,2020-01-16 11:08:30.741,11:08:30,57.118322750000026,30.74862149999999
1322,378512.476,Flight2_cam1-000-000293-0,-3099770.84781745,3483820.808923016,341.28900146484375,NkuluEP,2020-01-16,2020-01-16 11:08:32.476,11:08:32,57.11634677777775,30.74929622222223
1323,378514.478,Flight2_cam1-000-000294-0,-3099754.1489137057,3483814.744189692,341.3068542480469,NkuluEP,2020-01-16,2020-01-16 11:08:34.478,11:08:34,57.11406672222222,30.75007477777778
1324,378517.148,Flight2_cam1-000-000295-0,-3099731.671621968,3483806.2976992764,341.27935791015625,NkuluEP,2020-01-16,2020-01-16 11:08:37.148,11:08:37,57.1110258888889,30.751113111111106
1325,378518.482,Flight2_cam1-000-000296-0,-3099720.4433657513,3483802.2097995863,341.2801513671875,NkuluEP,2020-01-16,2020-01-16 11:08:38.482,11:08:38,57.109506611111094,30.751631888888898
1326,378520.484,Flight2_cam1-000-000297-0,-3099703.967849739,3483796.0768350824,341.28076171875,NkuluEP,2020-01-16,2020-01-16 11:08:40.484,11:08:40,57.10722655555556,30.752410444444443
1327,378522.486,Flight2_cam1-000-000298-0,-3099687.5355919204,3483790.1509524817,341.25640869140625,NkuluEP,2020-01-16,2020-01-16 11:08:42.486,11:08:42,57.10494650000003,30.753188999999992
1328,378524.622,Flight2_cam1-000-000299-0,-3099669.5503575527,3483783.5424336554,341.17816162109375,NkuluEP,2020-01-16,2020-01-16 11:08:44.622,11:08:44,57.10251383333337,30.754019666666657
1329,378527.024,Flight2_cam1-000-000300-0,-3099649.5797889573,3483776.1902546054,341.19873046875,NkuluEP,2020-01-16,2020-01-16 11:08:47.024,11:08:47,57.099778222222255,30.754953777777768
1330,378528.492,Flight2_cam1-000-000301-0,-3099636.9265530175,3483771.500361989,341.1494445800781,NkuluEP,2020-01-16,2020-01-16 11:08:48.492,11:08:48,57.098106333333305,30.755524666666677
1331,378530.494,Flight2_cam1-000-000302-0,-3099620.488046273,3483765.442999193,341.1548156738281,NkuluEP,2020-01-16,2020-01-16 11:08:50.494,11:08:50,57.095826277777775,30.756303222222225
1332,378532.496,Flight2_cam1-000-000303-0,-3099604.052279373,3483759.4462147737,341.0955505371094,NkuluEP,2020-01-16,2020-01-16 11:08:52.496,11:08:52,57.093546222222244,30.75708177777777
1333,378535.032,Flight2_cam1-000-000304-0,-3099582.7314363564,3483751.676064136,341.0889587402344,NkuluEP,2020-01-16,2020-01-16 11:08:55.032,11:08:55,57.090658,30.758068
1334,378536.5,Flight2_cam1-000-000305-0,-3099570.2534121904,3483747.0309857493,341.0392150878906,NkuluEP,2020-01-16,2020-01-16 11:08:56.500,11:08:56,57.08898611111111,30.75863888888889
1335,378538.502,Flight2_cam1-000-000306-0,-3099553.7329109735,3483740.9898754978,341.03424072265625,NkuluEP,2020-01-16,2020-01-16 11:08:58.502,11:08:58,57.08670605555558,30.759417444444438
1336,378540.504,Flight2_cam1-000-000307-0,-3099537.1981713423,3483734.940126944,341.03399658203125,NkuluEP,2020-01-16,2020-01-16 11:09:00.504,11:09:00,57.084425999999986,30.760196000000008
1337,378542.64,Flight2_cam1-000-000308-0,-3099519.4187699826,3483728.332524519,341.005615234375,NkuluEP,2020-01-16,2020-01-16 11:09:02.640,11:09:02,57.08199333333332,30.761026666666673
1338,378545.042,Flight2_cam1-000-000309-0,-3099498.8477434,3483720.7730072644,340.9483947753906,NkuluEP,2020-01-16,2020-01-16 11:09:05.042,11:09:05,57.07925772222221,30.761960777777784
1339,378546.51,Flight2_cam1-000-000310-0,-3099486.957931799,3483716.3014480644,340.9647521972656,NkuluEP,2020-01-16,2020-01-16 11:09:06.510,11:09:06,57.07758583333332,30.76253166666667
1340,378548.512,Flight2_cam1-000-000311-0,-3099470.4083905187,3483710.270960228,340.910888671875,NkuluEP,2020-01-16,2020-01-16 11:09:08.512,11:09:08,57.07530577777779,30.763310222222216
1341,378550.514,Flight2_cam1-000-000312-0,-3099453.963947223,3483704.268619292,340.9013366699219,NkuluEP,2020-01-16,2020-01-16 11:09:10.514,11:09:10,57.0730257222222,30.764088777777786
1342,378553.183,Flight2_cam1-000-000313-0,-3099431.5641320306,3483696.0047848527,340.96051025390625,NkuluEP,2020-01-16,2020-01-16 11:09:13.183,11:09:13,57.06998602777776,30.76512672222223
1343,378554.518,Flight2_cam1-000-000314-0,-3099420.2310154038,3483691.833383973,340.9766845703125,NkuluEP,2020-01-16,2020-01-16 11:09:14.518,11:09:14,57.06846561111114,30.765645888888884
1344,378556.52,Flight2_cam1-000-000315-0,-3099403.6349815847,3483685.6924239034,340.955322265625,NkuluEP,2020-01-16,2020-01-16 11:09:16.520,11:09:16,57.066185555555535,30.766424444444453
1345,378558.522,Flight2_cam1-000-000316-0,-3099387.0724975104,3483679.546722727,340.9105224609375,NkuluEP,2020-01-16,2020-01-16 11:09:18.522,11:09:18,57.063905500000004,30.767203
1346,378560.658,Flight2_cam1-000-000317-0,-3099369.063671462,3483672.943972497,340.9237976074219,NkuluEP,2020-01-16,2020-01-16 11:09:20.658,11:09:20,57.06147283333334,30.768033666666664
1347,378563.06,Flight2_cam1-000-000318-0,-3099348.66211345,3483665.3922296064,340.9260559082031,NkuluEP,2020-01-16,2020-01-16 11:09:23.060,11:09:23,57.05873722222223,30.768967777777778
1348,378564.528,Flight2_cam1-000-000319-0,-3099336.814195045,3483660.995310216,340.9189147949219,NkuluEP,2020-01-16,2020-01-16 11:09:24.528,11:09:24,57.05706533333335,30.769538666666662
1349,378566.53,Flight2_cam1-000-000320-0,-3099320.2980006007,3483654.9233601633,340.9026794433594,NkuluEP,2020-01-16,2020-01-16 11:09:26.530,11:09:26,57.054785277777746,30.770317222222232
1350,378568.532,Flight2_cam1-000-000321-0,-3099303.706272954,3483648.871925965,340.9039001464844,NkuluEP,2020-01-16,2020-01-16 11:09:28.532,11:09:28,57.052505222222216,30.77109577777778
1351,378571.068,Flight2_cam1-000-000322-0,-3099282.3919461947,3483641.017423141,340.9849853515625,NkuluEP,2020-01-16,2020-01-16 11:09:31.068,11:09:31,57.04961699999997,30.77208200000001
1352,378572.536,Flight2_cam1-000-000323-0,-3099269.8346337834,3483636.571642524,341.01239013671875,NkuluEP,2020-01-16,2020-01-16 11:09:32.536,11:09:32,57.04794511111109,30.7726528888889
1353,378574.538,Flight2_cam1-000-000324-0,-3099253.2573346966,3483630.5067286827,341.0340270996094,NkuluEP,2020-01-16,2020-01-16 11:09:34.538,11:09:34,57.04566505555556,30.773431444444444
1354,378576.54,Flight2_cam1-000-000325-0,-3099236.7412132183,3483624.4619590086,341.03826904296875,NkuluEP,2020-01-16,2020-01-16 11:09:36.540,11:09:36,57.04338500000003,30.774209999999993
1355,378578.675,Flight2_cam1-000-000326-0,-3099218.882553458,3483617.952087662,341.12603759765625,NkuluEP,2020-01-16,2020-01-16 11:09:38.675,11:09:38,57.040953472222235,30.775040277777773
1356,378581.078,Flight2_cam1-000-000327-0,-3099198.6567727383,3483610.1036361065,341.1054382324219,NkuluEP,2020-01-16,2020-01-16 11:09:41.078,11:09:41,57.038216722222245,30.77597477777777
1357,378582.546,Flight2_cam1-000-000328-0,-3099186.783719807,3483605.5336420066,341.1664733886719,NkuluEP,2020-01-16,2020-01-16 11:09:42.546,11:09:42,57.036544833333366,30.776545666666657
1358,378584.548,Flight2_cam1-000-000329-0,-3099169.839299391,3483599.7858336177,341.1747131347656,NkuluEP,2020-01-16,2020-01-16 11:09:44.548,11:09:44,57.03426477777777,30.777324222222227
1359,378586.55,Flight2_cam1-000-000330-0,-3099153.397266597,3483593.7375908014,341.1694641113281,NkuluEP,2020-01-16,2020-01-16 11:09:46.550,11:09:46,57.03198472222224,30.778102777777775
1360,378589.086,Flight2_cam1-000-000331-0,-3099132.2187325684,3483585.8439614535,341.1916809082031,NkuluEP,2020-01-16,2020-01-16 11:09:49.086,11:09:49,57.029096499999994,30.779089000000006
1361,378590.554,Flight2_cam1-000-000332-0,-3099119.710496616,3483581.2323701177,341.2086181640625,NkuluEP,2020-01-16,2020-01-16 11:09:50.554,11:09:50,57.02742461111111,30.77965988888889
1362,378592.422,Flight2_cam1-000-000333-0,-3099104.5730906646,3483575.533928245,341.2431640625,NkuluEP,2020-01-16,2020-01-16 11:09:52.422,11:09:52,57.02529716666665,30.780386333333343
1363,378594.424,Flight2_cam1-000-000334-0,-3099087.240652876,3483569.1894275644,341.27777099609375,NkuluEP,2020-01-16,2020-01-16 11:09:54.424,11:09:54,57.023017111111116,30.78116488888889
1364,378596.56,Flight2_cam1-000-000335-0,-3099069.247731209,3483562.646980793,341.276123046875,NkuluEP,2020-01-16,2020-01-16 11:09:56.560,11:09:56,57.02058444444445,30.781995555555554
1365,378599.096,Flight2_cam1-000-000336-0,-3099048.2025181903,3483554.995346923,341.3012390136719,NkuluEP,2020-01-16,2020-01-16 11:09:59.096,11:09:59,57.017696222222206,30.782981777777785
1366,378600.564,Flight2_cam1-000-000337-0,-3099036.451006467,3483550.5257465313,341.2727355957031,NkuluEP,2020-01-16,2020-01-16 11:10:00.564,11:10:00,57.01602433333332,30.783552666666672
1367,378602.432,Flight2_cam1-000-000338-0,-3099020.6019563694,3483544.733390771,341.27740478515625,NkuluEP,2020-01-16,2020-01-16 11:10:02.432,11:10:02,57.01389688888892,30.7842791111111
1368,378604.434,Flight2_cam1-000-000339-0,-3099003.894505939,3483538.7159666372,341.2548522949219,NkuluEP,2020-01-16,2020-01-16 11:10:04.434,11:10:04,57.01161683333333,30.78505766666667
1369,378607.104,Flight2_cam1-000-000340-0,-3098981.2695819335,3483530.4357025702,341.23193359375,NkuluEP,2020-01-16,2020-01-16 11:10:07.104,11:10:07,57.00857600000001,30.786095999999997
1370,378608.438,Flight2_cam1-000-000341-0,-3098970.691588835,3483526.4231769373,341.2159118652344,NkuluEP,2020-01-16,2020-01-16 11:10:08.438,11:10:08,57.007056722222195,30.78661477777779
1371,378610.44,Flight2_cam1-000-000342-0,-3098953.561664197,3483519.977667871,341.18328857421875,NkuluEP,2020-01-16,2020-01-16 11:10:10.440,11:10:10,57.004776666666665,30.787393333333334
1372,378612.442,Flight2_cam1-000-000343-0,-3098937.0097265174,3483513.9071665322,341.2048034667969,NkuluEP,2020-01-16,2020-01-16 11:10:12.442,11:10:12,57.002496611111134,30.788171888888883
1373,378614.578,Flight2_cam1-000-000344-0,-3098919.105422404,3483507.3940120204,341.1649169921875,NkuluEP,2020-01-16,2020-01-16 11:10:14.578,11:10:14,57.00006394444447,30.789002555555548
1374,378617.114,Flight2_cam1-000-000345-0,-3098898.0111288214,3483499.635339203,341.09429931640625,NkuluEP,2020-01-16,2020-01-16 11:10:17.114,11:10:17,56.997175722222224,30.78998877777778
1375,378618.448,Flight2_cam1-000-000346-0,-3098887.4892060077,3483495.7503043762,341.11297607421875,NkuluEP,2020-01-16,2020-01-16 11:10:18.448,11:10:18,56.99565644444448,30.790507555555546
1376,378620.45,Flight2_cam1-000-000347-0,-3098870.2709760806,3483489.2866688995,341.0500183105469,NkuluEP,2020-01-16,2020-01-16 11:10:20.450,11:10:20,56.993376388888876,30.791286111111116
1377,378622.452,Flight2_cam1-000-000348-0,-3098853.7055438943,3483483.190329965,341.0103759765625,NkuluEP,2020-01-16,2020-01-16 11:10:22.452,11:10:22,56.991096333333346,30.792064666666665
1378,378625.122,Flight2_cam1-000-000349-0,-3098831.2098795706,3483474.9562660367,341.00689697265625,NkuluEP,2020-01-16,2020-01-16 11:10:25.122,11:10:25,56.98805550000003,30.79310299999999
1379,378626.456,Flight2_cam1-000-000350-0,-3098820.5880639055,3483470.9371839133,341.0951232910156,NkuluEP,2020-01-16,2020-01-16 11:10:26.456,11:10:26,56.98653622222222,30.79362177777778
1380,378628.458,Flight2_cam1-000-000351-0,-3098803.320217511,3483464.676287134,341.05828857421875,NkuluEP,2020-01-16,2020-01-16 11:10:28.458,11:10:28,56.98425616666669,30.79440033333333
1381,378630.46,Flight2_cam1-000-000352-0,-3098786.6293484713,3483458.7127536926,340.9757080078125,NkuluEP,2020-01-16,2020-01-16 11:10:30.460,11:10:30,56.98197611111109,30.7951788888889
1382,378632.596,Flight2_cam1-000-000353-0,-3098771.042368893,3483453.0881829085,340.9942626953125,NkuluEP,2020-01-16,2020-01-16 11:10:32.596,11:10:32,56.979543444444424,30.796009555555564
1383,378635.132,Flight2_cam1-000-000354-0,-3098765.4651267445,3483458.682304815,341.02093505859375,NkuluEP,2020-01-16,2020-01-16 11:10:35.132,11:10:35,56.97665522222224,30.79699577777777
1384,378636.466,Flight2_cam1-000-000355-0,-3098766.5346919466,3483464.673342961,340.9632263183594,NkuluEP,2020-01-16,2020-01-16 11:10:36.466,11:10:36,56.97513594444443,30.797514555555562
1385,378638.468,Flight2_cam1-000-000356-0,-3098764.4754150854,3483480.2127472814,340.8443603515625,NkuluEP,2020-01-16,2020-01-16 11:10:38.468,11:10:38,56.9728558888889,30.79829311111111
1386,378640.47,Flight2_cam1-000-000357-0,-3098759.0075285486,3483497.5372332125,340.806396484375,NkuluEP,2020-01-16,2020-01-16 11:10:40.470,11:10:40,56.97057583333337,30.799071666666656
1387,378642.472,Flight2_cam1-000-000358-0,-3098752.8134093443,3483513.3819753653,340.88836669921875,NkuluEP,2020-01-16,2020-01-16 11:10:42.472,11:10:42,56.96829577777777,30.799850222222226
1388,378645.141,Flight2_cam1-000-000359-0,-3098747.6067985194,3483535.3829649705,340.87908935546875,NkuluEP,2020-01-16,2020-01-16 11:10:45.141,11:10:45,56.96525608333333,30.800888166666667
1389,378646.476,Flight2_cam1-000-000360-0,-3098749.757719094,3483546.708834486,340.83349609375,NkuluEP,2020-01-16,2020-01-16 11:10:46.476,11:10:46,56.96373566666664,30.801407333333344
1390,378648.478,Flight2_cam1-000-000361-0,-3098759.8731148527,3483559.7344944356,340.8746032714844,NkuluEP,2020-01-16,2020-01-16 11:10:48.478,11:10:48,56.96145561111111,30.80218588888889
1391,378650.48,Flight2_cam1-000-000362-0,-3098775.9807987143,3483567.276757317,340.96160888671875,NkuluEP,2020-01-16,2020-01-16 11:10:50.480,11:10:50,56.95917555555558,30.802964444444438
1392,378652.616,Flight2_cam1-000-000363-0,-3098790.375985099,3483571.929869686,340.5898132324219,NkuluEP,2020-01-16,2020-01-16 11:10:52.616,11:10:52,56.95674288888891,30.803795111111103
1393,378655.018,Flight2_cam1-000-000364-0,-3098802.494487038,3483592.587532958,338.7774963378906,NkuluEP,2020-01-16,2020-01-16 11:10:55.018,11:10:55,56.9540072777778,30.804729222222214
1394,378657.687,Flight2_cam1-000-000365-0,-3098823.021134656,3483620.392315163,337.68719482421875,NkuluEP,2020-01-16,2020-01-16 11:10:57.687,11:10:57,56.950967583333366,30.80576716666666
1395,378658.488,Flight2_cam1-000-000366-0,-3098830.281457905,3483628.153931783,336.93634033203125,NkuluEP,2020-01-16,2020-01-16 11:10:58.488,11:10:58,56.950055333333324,30.80607866666667
1396,378660.49,Flight2_cam1-000-000367-0,-3098847.3609867953,3483646.821918734,334.92974853515625,NkuluEP,2020-01-16,2020-01-16 11:11:00.490,11:11:00,56.947775277777794,30.80685722222222
1397,378662.492,Flight2_cam1-000-000368-0,-3098863.632157526,3483664.2169734817,333.12542724609375,NkuluEP,2020-01-16,2020-01-16 11:11:02.492,11:11:02,56.94549522222219,30.80763577777779
1398,378664.494,Flight2_cam1-000-000369-0,-3098879.75869567,3483680.580458534,331.453125,NkuluEP,2020-01-16,2020-01-16 11:11:04.494,11:11:04,56.94321516666666,30.808414333333335
1399,378667.163,Flight2_cam1-000-000370-0,-3098898.238747828,3483699.9080594163,329.33819580078125,NkuluEP,2020-01-16,2020-01-16 11:11:07.163,11:11:07,56.94017547222222,30.80945227777778
1400,378668.498,Flight2_cam1-000-000371-0,-3098908.630868138,3483711.506408413,329.2301025390625,NkuluEP,2020-01-16,2020-01-16 11:11:08.498,11:11:08,56.938655055555536,30.809971444444454
1401,378670.5,Flight2_cam1-000-000372-0,-3098925.557137161,3483730.610347326,329.3426818847656,NkuluEP,2020-01-16,2020-01-16 11:11:10.500,11:11:10,56.936375000000005,30.81075
1402,378672.502,Flight2_cam1-000-000373-0,-3098942.7897887207,3483750.6655782484,329.2308044433594,NkuluEP,2020-01-16,2020-01-16 11:11:12.502,11:11:12,56.934094944444475,30.811528555555547
1403,378675.038,Flight2_cam1-000-000374-0,-3098965.154596644,3483777.2823398174,328.5919494628906,NkuluEP,2020-01-16,2020-01-16 11:11:15.038,11:11:15,56.93120672222222,30.81251477777778
1404,378676.506,Flight2_cam1-000-000375-0,-3098979.0644797375,3483793.658533497,327.45245361328125,NkuluEP,2020-01-16,2020-01-16 11:11:16.506,11:11:16,56.92953483333334,30.813085666666666
1405,378678.508,Flight2_cam1-000-000376-0,-3098997.6129960455,3483815.300197651,325.8173522949219,NkuluEP,2020-01-16,2020-01-16 11:11:18.508,11:11:18,56.92725477777781,30.81386422222221
1406,378680.51,Flight2_cam1-000-000377-0,-3099016.1814197856,3483836.9512291937,324.0502014160156,NkuluEP,2020-01-16,2020-01-16 11:11:20.510,11:11:20,56.92497472222222,30.81464277777778
1407,378682.645,Flight2_cam1-000-000378-0,-3099036.1361151543,3483860.1669314783,322.1926574707031,NkuluEP,2020-01-16,2020-01-16 11:11:22.645,11:11:22,56.92254319444442,30.815473055555564
1408,378685.048,Flight2_cam1-000-000379-0,-3099058.84390191,3483885.7501536207,320.50762939453125,NkuluEP,2020-01-16,2020-01-16 11:11:25.048,11:11:25,56.91980644444443,30.81640755555556
1409,378686.516,Flight2_cam1-000-000380-0,-3099073.9921770412,3483902.6026571314,319.7603759765625,NkuluEP,2020-01-16,2020-01-16 11:11:26.516,11:11:26,56.918134555555554,30.816978444444445
1410,378688.518,Flight2_cam1-000-000381-0,-3099094.774039407,3483923.878105069,319.52679443359375,NkuluEP,2020-01-16,2020-01-16 11:11:28.518,11:11:28,56.91585450000002,30.817756999999993
1411,378690.52,Flight2_cam1-000-000382-0,-3099113.363065985,3483941.963750245,318.7768859863281,NkuluEP,2020-01-16,2020-01-16 11:11:30.520,11:11:30,56.91357444444443,30.818535555555563
1412,378693.056,Flight2_cam1-000-000383-0,-3099131.2296179696,3483959.313387738,316.2105407714844,NkuluEP,2020-01-16,2020-01-16 11:11:33.056,11:11:33,56.910686222222246,30.819521777777773
1413,378694.524,Flight2_cam1-000-000384-0,-3099140.5154289585,3483968.404200746,314.6086730957031,NkuluEP,2020-01-16,2020-01-16 11:11:34.524,11:11:34,56.90901433333336,30.820092666666657
1414,378696.526,Flight2_cam1-000-000385-0,-3099156.5287858895,3483983.6628183867,311.6885681152344,NkuluEP,2020-01-16,2020-01-16 11:11:36.526,11:11:36,56.906734277777765,30.820871222222227
1415,378698.528,Flight2_cam1-000-000386-0,-3099171.478703024,3483998.3486557333,308.5867919921875,NkuluEP,2020-01-16,2020-01-16 11:11:38.528,11:11:38,56.904454222222235,30.821649777777775
1416,378701.064,Flight2_cam1-000-000387-0,-3099188.8202169943,3484015.022078648,304.54840087890625,NkuluEP,2020-01-16,2020-01-16 11:11:41.064,11:11:41,56.90156599999999,30.822636000000006
1417,378702.532,Flight2_cam1-000-000388-0,-3099197.3266737815,3484022.956922742,302.2301330566406,NkuluEP,2020-01-16,2020-01-16 11:11:42.532,11:11:42,56.89989411111111,30.82320688888889
1418,378704.534,Flight2_cam1-000-000389-0,-3099208.916147914,3484033.186920932,298.87982177734375,NkuluEP,2020-01-16,2020-01-16 11:11:44.534,11:11:44,56.89761405555557,30.82398544444444
1419,378706.536,Flight2_cam1-000-000390-0,-3099220.442848225,3484040.673797412,295.7525634765625,NkuluEP,2020-01-16,2020-01-16 11:11:46.536,11:11:46,56.89533399999998,30.82476400000001
1420,378709.072,Flight2_cam1-000-000391-0,-3099235.3847792046,3484050.054940834,292.45111083984375,NkuluEP,2020-01-16,2020-01-16 11:11:49.072,11:11:49,56.892445777777795,30.82575022222222
1421,378710.54,Flight2_cam1-000-000392-0,-3099243.407964999,3484055.7029288476,290.4091796875,NkuluEP,2020-01-16,2020-01-16 11:11:50.540,11:11:50,56.890773888888916,30.826321111111103
1422,378712.542,Flight2_cam1-000-000393-0,-3099252.4646982388,3484061.8082689666,287.45977783203125,NkuluEP,2020-01-16,2020-01-16 11:11:52.542,11:11:52,56.88849383333332,30.827099666666673
1423,378714.544,Flight2_cam1-000-000394-0,-3099260.4044907526,3484065.953965878,284.27984619140625,NkuluEP,2020-01-16,2020-01-16 11:11:54.544,11:11:54,56.88621377777778,30.82787822222222
1424,378716.679,Flight2_cam1-000-000395-0,-3099267.979589352,3484069.6126200147,280.8636779785156,NkuluEP,2020-01-16,2020-01-16 11:11:56.679,11:11:56,56.883782249999996,30.8287085
1425,378719.082,Flight2_cam1-000-000396-0,-3099276.267284302,3484075.8795028045,276.8190002441406,NkuluEP,2020-01-16,2020-01-16 11:11:59.082,11:11:59,56.881045500000006,30.829642999999997
1426,378720.817,Flight2_cam1-000-000397-0,-3099282.680995396,3484081.587600413,273.85626220703125,NkuluEP,2020-01-16,2020-01-16 11:12:00.817,11:12:00,56.8790695277778,30.830317722222215
1427,378722.552,Flight2_cam1-000-000398-0,-3099289.093463043,3484085.3938441714,271.0735778808594,NkuluEP,2020-01-16,2020-01-16 11:12:02.552,11:12:02,56.87709355555553,30.830992444444455
1428,378724.554,Flight2_cam1-000-000399-0,-3099295.4343911945,3484089.624625876,268.4032897949219,NkuluEP,2020-01-16,2020-01-16 11:12:04.554,11:12:04,56.874813499999995,30.831771000000003
1429,378727.09,Flight2_cam1-000-000400-0,-3099302.3158675935,3484097.3964269836,265.11273193359375,NkuluEP,2020-01-16,2020-01-16 11:12:07.090,11:12:07,56.87192527777775,30.832757222222234
1430,378728.558,Flight2_cam1-000-000401-0,-3099307.0673595825,3484100.310357842,263.300537109375,NkuluEP,2020-01-16,2020-01-16 11:12:08.558,11:12:08,56.87025338888887,30.83332811111112
1431,378730.426,Flight2_cam1-000-000402-0,-3099312.936699385,3484103.3662965763,260.7546081542969,NkuluEP,2020-01-16,2020-01-16 11:12:10.426,11:12:10,56.86812594444447,30.834054555555547
1432,378732.428,Flight2_cam1-000-000403-0,-3099315.061308734,3484105.664339209,258.50531005859375,NkuluEP,2020-01-16,2020-01-16 11:12:12.428,11:12:12,56.86584588888888,30.834833111111116
1433,378735.097,Flight2_cam1-000-000404-0,-3099314.3167269384,3484105.127777716,256.1645202636719,NkuluEP,2020-01-16,2020-01-16 11:12:15.097,11:12:15,56.86280619444444,30.83587105555556
1434,378736.432,Flight2_cam1-000-000405-0,-3099314.081924686,3484104.8990426064,255.31040954589844,NkuluEP,2020-01-16,2020-01-16 11:12:16.432,11:12:16,56.861285777777816,30.83639022222221
1435,378738.434,Flight2_cam1-000-000406-0,-3099314.107114265,3484104.74691624,253.6579132080078,NkuluEP,2020-01-16,2020-01-16 11:12:18.434,11:12:18,56.859005722222214,30.83716877777778
1436,378740.436,Flight2_cam1-000-000407-0,-3099314.3360766657,3484104.7927616723,251.94686889648438,NkuluEP,2020-01-16,2020-01-16 11:12:20.436,11:12:20,56.856725666666684,30.83794733333333
1437,378742.572,Flight2_cam1-000-000408-0,-3099314.731555851,3484103.0693649976,250.52525329589844,NkuluEP,2020-01-16,2020-01-16 11:12:22.572,11:12:22,56.85429300000002,30.838777999999994
1438,378745.107,Flight2_cam1-000-000409-0,-3099315.858709692,3484102.0892408397,249.45404052734375,NkuluEP,2020-01-16,2020-01-16 11:12:25.107,11:12:25,56.85140591666665,30.83976383333334
1439,378746.442,Flight2_cam1-000-000410-0,-3099316.056803881,3484101.6735536577,248.76173400878906,NkuluEP,2020-01-16,2020-01-16 11:12:26.442,11:12:26,56.84988550000003,30.840282999999992
1440,378748.444,Flight2_cam1-000-000411-0,-3099316.5125695593,3484101.49382409,248.353271484375,NkuluEP,2020-01-16,2020-01-16 11:12:28.444,11:12:28,56.847605444444426,30.841061555555562
1441,378750.446,Flight2_cam1-000-000412-0,-3099316.556433148,3484101.615920183,247.8429718017578,NkuluEP,2020-01-16,2020-01-16 11:12:30.446,11:12:30,56.845325388888895,30.84184011111111
1442,378753.115,Flight2_cam1-000-000413-0,-3099316.5975441854,3484101.634558127,246.88800048828125,NkuluEP,2020-01-16,2020-01-16 11:12:33.115,11:12:33,56.842285694444456,30.842878055555552
1443,378754.45,Flight2_cam1-000-000414-0,-3099316.3732091603,3484101.601963472,246.32400512695312,NkuluEP,2020-01-16,2020-01-16 11:12:34.450,11:12:34,56.84076527777777,30.843397222222226
1444,379122.549,Flight2_cam1-001-000000-0,-3099314.8415118502,3484102.846585224,260.9189453125,NkuluEP,2020-01-16,2020-01-16 11:18:42.549,11:18:42,56.42154141666667,30.986546833333332
1445,379123.884,Flight2_cam1-001-000001-0,-3099313.163134397,3484104.726306113,266.5106506347656,NkuluEP,2020-01-16,2020-01-16 11:18:43.884,11:18:43,56.42002099999998,30.98706600000001
1446,379125.886,Flight2_cam1-001-000002-0,-3099304.801963453,3484110.38892469,274.0451965332031,NkuluEP,2020-01-16,2020-01-16 11:18:45.886,11:18:45,56.417740944444446,30.987844555555554
1447,379127.888,Flight2_cam1-001-000003-0,-3099289.1559093297,3484114.9077115054,280.616455078125,NkuluEP,2020-01-16,2020-01-16 11:18:47.888,11:18:47,56.415460888888916,30.988623111111103
1448,379130.557,Flight2_cam1-001-000004-0,-3099266.9521679357,3484111.6668446288,288.23089599609375,NkuluEP,2020-01-16,2020-01-16 11:18:50.557,11:18:50,56.41242119444448,30.989661055555544
1449,379131.892,Flight2_cam1-001-000005-0,-3099258.977843937,3484106.9888431225,291.3948059082031,NkuluEP,2020-01-16,2020-01-16 11:18:51.892,11:18:51,56.41090077777779,30.990180222222218
1450,379133.894,Flight2_cam1-001-000006-0,-3099247.2786136605,3484094.6604622765,291.83087158203125,NkuluEP,2020-01-16,2020-01-16 11:18:53.894,11:18:53,56.40862072222226,30.990958777777767
1451,379135.896,Flight2_cam1-001-000007-0,-3099237.5824663416,3484080.7149264794,291.61370849609375,NkuluEP,2020-01-16,2020-01-16 11:18:55.896,11:18:55,56.40634066666666,30.991737333333337
1452,379138.031,Flight2_cam1-001-000008-0,-3099230.936795037,3484064.9886800474,293.3312683105469,NkuluEP,2020-01-16,2020-01-16 11:18:58.031,11:18:58,56.40390913888887,30.992567611111117
1453,379140.567,Flight2_cam1-001-000009-0,-3099225.8079221155,3484045.715650557,297.7601013183594,NkuluEP,2020-01-16,2020-01-16 11:19:00.567,11:19:00,56.40102091666669,30.993553833333326
1454,379141.902,Flight2_cam1-001-000010-0,-3099223.3309470788,3484035.794683367,300.28216552734375,NkuluEP,2020-01-16,2020-01-16 11:19:01.902,11:19:01,56.3995005,30.994073
1455,379143.904,Flight2_cam1-001-000011-0,-3099219.108805448,3484021.5156445014,304.02850341796875,NkuluEP,2020-01-16,2020-01-16 11:19:03.904,11:19:03,56.39722044444447,30.99485155555555
1456,379145.905,Flight2_cam1-001-000012-0,-3099212.023659405,3484004.6351839914,307.89300537109375,NkuluEP,2020-01-16,2020-01-16 11:19:05.905,11:19:05,56.394941527777746,30.995629722222233
1457,379148.575,Flight2_cam1-001-000013-0,-3099198.984702919,3483980.239349615,312.9930114746094,NkuluEP,2020-01-16,2020-01-16 11:19:08.575,11:19:08,56.39190069444443,30.99666805555556
1458,379149.909,Flight2_cam1-001-000014-0,-3099189.8492304226,3483967.100884722,315.51702880859375,NkuluEP,2020-01-16,2020-01-16 11:19:09.909,11:19:09,56.390381416666685,30.997186833333327
1459,379151.911,Flight2_cam1-001-000015-0,-3099174.77985024,3483947.0737652928,319.55120849609375,NkuluEP,2020-01-16,2020-01-16 11:19:11.911,11:19:11,56.38810136111109,30.997965388888897
1460,379153.913,Flight2_cam1-001-000016-0,-3099158.8337472244,3483926.8700328507,323.8866271972656,NkuluEP,2020-01-16,2020-01-16 11:19:13.913,11:19:13,56.38582130555556,30.998743944444445
1461,379156.583,Flight2_cam1-001-000017-0,-3099137.499517858,3483900.7604118865,329.7188415527344,NkuluEP,2020-01-16,2020-01-16 11:19:16.583,11:19:16,56.382780472222244,30.999782277777772
1462,379157.917,Flight2_cam1-001-000018-0,-3099126.696772022,3483887.719557789,332.6728820800781,NkuluEP,2020-01-16,2020-01-16 11:19:17.917,11:19:17,56.38126119444443,31.00030105555556
1463,379159.919,Flight2_cam1-001-000019-0,-3099111.2947237804,3483868.6114739883,337.0203552246094,NkuluEP,2020-01-16,2020-01-16 11:19:19.919,11:19:19,56.378981138888896,31.00107961111111
1464,379161.921,Flight2_cam1-001-000020-0,-3099096.2966331076,3483849.550634985,341.371826171875,NkuluEP,2020-01-16,2020-01-16 11:19:21.921,11:19:21,56.376701083333366,31.001858166666658
1465,379164.057,Flight2_cam1-001-000021-0,-3099079.6267445195,3483828.8929996663,345.6907043457031,NkuluEP,2020-01-16,2020-01-16 11:19:24.057,11:19:24,56.3742684166667,31.002688833333323
1466,379166.593,Flight2_cam1-001-000022-0,-3099059.8636478856,3483804.1090123663,345.2995300292969,NkuluEP,2020-01-16,2020-01-16 11:19:26.593,11:19:26,56.371380194444455,31.003675055555554
1467,379167.927,Flight2_cam1-001-000023-0,-3099049.3280183515,3483790.949322429,345.18310546875,NkuluEP,2020-01-16,2020-01-16 11:19:27.927,11:19:27,56.36986091666664,31.004193833333343
1468,379169.929,Flight2_cam1-001-000024-0,-3099034.0686857128,3483771.717861117,345.1098327636719,NkuluEP,2020-01-16,2020-01-16 11:19:29.929,11:19:29,56.36758086111111,31.00497238888889
1469,379171.931,Flight2_cam1-001-000025-0,-3099018.971333364,3483750.241175152,344.9336242675781,NkuluEP,2020-01-16,2020-01-16 11:19:31.931,11:19:31,56.36530080555558,31.005750944444436
1470,379174.601,Flight2_cam1-001-000026-0,-3099002.4279334247,3483720.7760009863,345.0069885253906,NkuluEP,2020-01-16,2020-01-16 11:19:34.601,11:19:34,56.3622599722222,31.006789277777788
1471,379175.935,Flight2_cam1-001-000027-0,-3098994.2583427248,3483705.259563867,345.2196350097656,NkuluEP,2020-01-16,2020-01-16 11:19:35.935,11:19:35,56.36074069444445,31.007308055555555
1472,379177.937,Flight2_cam1-001-000028-0,-3098982.7984342994,3483682.2496740506,345.24749755859375,NkuluEP,2020-01-16,2020-01-16 11:19:37.937,11:19:37,56.35846063888892,31.008086611111104
1473,379179.939,Flight2_cam1-001-000029-0,-3098971.8173996313,3483659.372991401,345.1463928222656,NkuluEP,2020-01-16,2020-01-16 11:19:39.939,11:19:39,56.35618058333332,31.008865166666673
1474,379182.609,Flight2_cam1-001-000030-0,-3098956.4688315927,3483628.253870439,345.0345458984375,NkuluEP,2020-01-16,2020-01-16 11:19:42.609,11:19:42,56.353139750000004,31.0099035
1475,379185.945,Flight2_cam1-001-000031-0,-3098925.4328177953,3483596.751049784,345.1613464355469,NkuluEP,2020-01-16,2020-01-16 11:19:45.945,11:19:45,56.349340416666664,31.011200833333337
1476,379187.947,Flight2_cam1-001-000032-0,-3098901.629304144,3483581.0141946548,345.18743896484375,NkuluEP,2020-01-16,2020-01-16 11:19:47.947,11:19:47,56.34706036111113,31.011979388888882
1477,379189.949,Flight2_cam1-001-000033-0,-3098875.785121151,3483565.1597002815,345.1170654296875,NkuluEP,2020-01-16,2020-01-16 11:19:49.949,11:19:49,56.34478030555553,31.012757944444452
1478,379191.951,Flight2_cam1-001-000034-0,-3098852.6330062347,3483549.7713005063,345.132080078125,NkuluEP,2020-01-16,2020-01-16 11:19:51.951,11:19:51,56.34250025,31.0135365
1479,379193.953,Flight2_cam1-001-000035-0,-3098832.379691318,3483532.076799209,344.987060546875,NkuluEP,2020-01-16,2020-01-16 11:19:53.953,11:19:53,56.34022019444447,31.01431505555555
1480,379196.489,Flight2_cam1-001-000036-0,-3098804.046061379,3483506.222443515,345.2242431640625,NkuluEP,2020-01-16,2020-01-16 11:19:56.489,11:19:56,56.33733197222222,31.01530127777778
1481,379197.957,Flight2_cam1-001-000037-0,-3098785.461705047,3483493.0957800807,345.23077392578125,NkuluEP,2020-01-16,2020-01-16 11:19:57.957,11:19:57,56.335660083333345,31.015872166666664
1482,379199.959,Flight2_cam1-001-000038-0,-3098757.8839631067,3483479.9268576736,345.2630310058594,NkuluEP,2020-01-16,2020-01-16 11:19:59.959,11:19:59,56.33338002777781,31.016650722222213
1483,379202.762,Flight2_cam1-001-000039-0,-3098742.5274496437,3483479.5951875113,344.6461181640625,NkuluEP,2020-01-16,2020-01-16 11:20:02.762,11:20:02,56.33018772222224,31.017740777777774
1484,379203.963,Flight2_cam1-001-000040-0,-3098742.5408774423,3483484.6594636,344.5068054199219,NkuluEP,2020-01-16,2020-01-16 11:20:03.963,11:20:03,56.32881991666668,31.018207833333328
1485,379205.965,Flight2_cam1-001-000041-0,-3098745.1600272954,3483501.3439276707,344.298828125,NkuluEP,2020-01-16,2020-01-16 11:20:05.965,11:20:05,56.32653986111109,31.018986388888898
1486,379207.967,Flight2_cam1-001-000042-0,-3098745.799128746,3483524.6396399336,344.21221923828125,NkuluEP,2020-01-16,2020-01-16 11:20:07.967,11:20:07,56.324259805555556,31.019764944444447
1487,379209.969,Flight2_cam1-001-000043-0,-3098741.0356756444,3483541.8556845137,343.9027404785156,NkuluEP,2020-01-16,2020-01-16 11:20:09.969,11:20:09,56.321979750000025,31.020543499999995
1488,379212.505,Flight2_cam1-001-000044-0,-3098737.780528184,3483551.518461003,344.1672058105469,NkuluEP,2020-01-16,2020-01-16 11:20:12.505,11:20:12,56.31909152777777,31.021529722222223
1489,379213.973,Flight2_cam1-001-000045-0,-3098737.7126677777,3483552.3530252366,344.0433349609375,NkuluEP,2020-01-16,2020-01-16 11:20:13.973,11:20:13,56.31741963888889,31.02210061111111
1490,379216.642,Flight2_cam1-001-000046-0,-3098740.923948792,3483551.879198894,344.015625,NkuluEP,2020-01-16,2020-01-16 11:20:16.642,11:20:16,56.314379944444454,31.02313855555555
1491,379217.977,Flight2_cam1-001-000047-0,-3098747.711791268,3483554.568357944,344.0083923339844,NkuluEP,2020-01-16,2020-01-16 11:20:17.977,11:20:17,56.31285952777777,31.02365772222223
1492,379219.979,Flight2_cam1-001-000048-0,-3098763.3146959124,3483561.1219856534,344.38189697265625,NkuluEP,2020-01-16,2020-01-16 11:20:19.979,11:20:19,56.31057947222223,31.024436277777774
1493,379221.981,Flight2_cam1-001-000049-0,-3098780.31141371,3483567.7271289905,344.8994445800781,NkuluEP,2020-01-16,2020-01-16 11:20:21.981,11:20:21,56.308299416666635,31.025214833333344
1494,379223.983,Flight2_cam1-001-000050-0,-3098796.479280042,3483573.7746899216,344.5906677246094,NkuluEP,2020-01-16,2020-01-16 11:20:23.983,11:20:23,56.306019361111105,31.025993388888892
1495,379226.519,Flight2_cam1-001-000051-0,-3098815.556318202,3483580.9137791945,344.13067626953125,NkuluEP,2020-01-16,2020-01-16 11:20:26.519,11:20:26,56.30313113888892,31.0269796111111
1496,379227.987,Flight2_cam1-001-000052-0,-3098828.1469714986,3483585.411472818,344.4084777832031,NkuluEP,2020-01-16,2020-01-16 11:20:27.987,11:20:27,56.30145924999998,31.027550500000007
1497,379229.989,Flight2_cam1-001-000053-0,-3098844.8743771617,3483591.573510728,344.1369934082031,NkuluEP,2020-01-16,2020-01-16 11:20:29.989,11:20:29,56.29917919444445,31.028329055555556
1498,379231.991,Flight2_cam1-001-000054-0,-3098861.238243868,3483597.537851062,344.2493591308594,NkuluEP,2020-01-16,2020-01-16 11:20:31.991,11:20:31,56.29689913888891,31.029107611111105
1499,379234.527,Flight2_cam1-001-000055-0,-3098882.733647121,3483605.3648380865,344.18438720703125,NkuluEP,2020-01-16,2020-01-16 11:20:34.527,11:20:34,56.294010916666664,31.030093833333336
1500,379235.995,Flight2_cam1-001-000056-0,-3098894.946123695,3483610.169820389,344.15045166015625,NkuluEP,2020-01-16,2020-01-16 11:20:35.995,11:20:35,56.292339027777786,31.03066472222222
1501,379237.997,Flight2_cam1-001-000057-0,-3098911.510659385,3483616.224893027,344.4129333496094,NkuluEP,2020-01-16,2020-01-16 11:20:37.997,11:20:37,56.290058972222255,31.03144327777777
1502,379239.999,Flight2_cam1-001-000058-0,-3098928.07625524,3483622.0598288835,344.5956115722656,NkuluEP,2020-01-16,2020-01-16 11:20:39.999,11:20:39,56.28777891666665,31.032221833333338
1503,379242.535,Flight2_cam1-001-000059-0,-3098949.378629996,3483629.6036418974,344.6742858886719,NkuluEP,2020-01-16,2020-01-16 11:20:42.535,11:20:42,56.28489069444448,31.033208055555544
1504,379244.003,Flight2_cam1-001-000060-0,-3098962.0873500975,3483634.353457707,344.38909912109375,NkuluEP,2020-01-16,2020-01-16 11:20:44.003,11:20:44,56.28321880555553,31.033778944444453
1505,379246.005,Flight2_cam1-001-000061-0,-3098978.3188944184,3483640.5309126056,344.0702819824219,NkuluEP,2020-01-16,2020-01-16 11:20:46.005,11:20:46,56.28093875,31.034557500000002
1506,379248.007,Flight2_cam1-001-000062-0,-3098994.815689744,3483646.971580197,344.0208740234375,NkuluEP,2020-01-16,2020-01-16 11:20:48.007,11:20:48,56.27865869444447,31.03533605555555
1507,379250.009,Flight2_cam1-001-000063-0,-3099011.2421239843,3483652.9861859195,344.2734069824219,NkuluEP,2020-01-16,2020-01-16 11:20:50.009,11:20:50,56.27637863888887,31.03611461111112
1508,379252.545,Flight2_cam1-001-000064-0,-3099032.3358342703,3483660.7134231166,343.9591979980469,NkuluEP,2020-01-16,2020-01-16 11:20:52.545,11:20:52,56.27349041666669,31.037100833333326
1509,379253.879,Flight2_cam1-001-000065-0,-3099043.716011718,3483664.757073893,343.55621337890625,NkuluEP,2020-01-16,2020-01-16 11:20:53.879,11:20:53,56.27197113888887,31.03761961111112
1510,379255.881,Flight2_cam1-001-000066-0,-3099059.691307269,3483670.768045217,343.15399169921875,NkuluEP,2020-01-16,2020-01-16 11:20:55.881,11:20:55,56.26969108333334,31.038398166666664
1511,379257.883,Flight2_cam1-001-000067-0,-3099076.611714721,3483677.1104112905,343.25457763671875,NkuluEP,2020-01-16,2020-01-16 11:20:57.883,11:20:57,56.26741102777781,31.039176722222212
1512,379260.553,Flight2_cam1-001-000068-0,-3099098.1452830606,3483685.2516614306,343.4617614746094,NkuluEP,2020-01-16,2020-01-16 11:21:00.553,11:21:00,56.26437019444443,31.04021505555556
1513,379261.887,Flight2_cam1-001-000069-0,-3099108.985847204,3483689.2790079676,343.9115905761719,NkuluEP,2020-01-16,2020-01-16 11:21:01.887,11:21:01,56.262850916666686,31.040733833333327
1514,379264.023,Flight2_cam1-001-000070-0,-3099126.0293484326,3483695.4549437347,344.6883544921875,NkuluEP,2020-01-16,2020-01-16 11:21:04.023,11:21:04,56.260418250000015,31.041564499999996
1515,379265.891,Flight2_cam1-001-000071-0,-3099141.2704443093,3483701.186838971,344.7030029296875,NkuluEP,2020-01-16,2020-01-16 11:21:05.891,11:21:05,56.25829080555555,31.042290944444446
1516,379268.027,Flight2_cam1-001-000072-0,-3099159.0884704157,3483707.775908827,344.89208984375,NkuluEP,2020-01-16,2020-01-16 11:21:08.027,11:21:08,56.25585813888889,31.04312161111111
1517,379270.563,Flight2_cam1-001-000073-0,-3099180.4590058313,3483715.5177099486,345.01324462890625,NkuluEP,2020-01-16,2020-01-16 11:21:10.563,11:21:10,56.25296991666664,31.044107833333342
1518,379271.897,Flight2_cam1-001-000074-0,-3099191.68533869,3483719.6485895473,345.0249938964844,NkuluEP,2020-01-16,2020-01-16 11:21:11.897,11:21:11,56.2514506388889,31.04462661111111
1519,379273.899,Flight2_cam1-001-000075-0,-3099208.3456528923,3483725.7305986686,345.2671813964844,NkuluEP,2020-01-16,2020-01-16 11:21:13.899,11:21:13,56.24917058333336,31.045405166666658
1520,379275.901,Flight2_cam1-001-000076-0,-3099225.743719418,3483732.2642791276,344.9588317871094,NkuluEP,2020-01-16,2020-01-16 11:21:15.901,11:21:15,56.246890527777765,31.046183722222228
1521,379278.571,Flight2_cam1-001-000077-0,-3099247.2837103447,3483740.345000988,344.7998046875,NkuluEP,2020-01-16,2020-01-16 11:21:18.571,11:21:18,56.24384969444445,31.047222055555554
1522,379279.905,Flight2_cam1-001-000078-0,-3099258.364904158,3483744.4462726116,344.89422607421875,NkuluEP,2020-01-16,2020-01-16 11:21:19.905,11:21:19,56.24233041666664,31.047740833333343
1523,379281.907,Flight2_cam1-001-000079-0,-3099274.8739921986,3483750.3946398166,344.94268798828125,NkuluEP,2020-01-16,2020-01-16 11:21:21.907,11:21:21,56.24005036111111,31.04851938888889
1524,379283.909,Flight2_cam1-001-000080-0,-3099291.4201987786,3483756.438434521,344.86248779296875,NkuluEP,2020-01-16,2020-01-16 11:21:23.909,11:21:23,56.23777030555557,31.04929794444444
1525,379286.579,Flight2_cam1-001-000081-0,-3099313.6794720795,3483764.663443347,344.9594421386719,NkuluEP,2020-01-16,2020-01-16 11:21:26.579,11:21:26,56.23472947222219,31.050336277777788
1526,379287.913,Flight2_cam1-001-000082-0,-3099324.834951146,3483768.825885274,345.0262451171875,NkuluEP,2020-01-16,2020-01-16 11:21:27.913,11:21:27,56.233210194444446,31.050855055555555
1527,379289.915,Flight2_cam1-001-000083-0,-3099341.581019455,3483775.0196787426,345.03759765625,NkuluEP,2020-01-16,2020-01-16 11:21:29.915,11:21:29,56.230930138888915,31.051633611111104
1528,379291.917,Flight2_cam1-001-000084-0,-3099358.024078211,3483781.1981339,344.9792785644531,NkuluEP,2020-01-16,2020-01-16 11:21:31.917,11:21:31,56.22865008333332,31.052412166666674
1529,379294.053,Flight2_cam1-001-000085-0,-3099376.091690275,3483787.7441464104,344.58660888671875,NkuluEP,2020-01-16,2020-01-16 11:21:34.053,11:21:34,56.22621741666665,31.05324283333334
1530,379296.455,Flight2_cam1-001-000086-0,-3099396.6241600397,3483795.1310898038,344.3011169433594,NkuluEP,2020-01-16,2020-01-16 11:21:36.455,11:21:36,56.22348180555554,31.05417694444445
1531,379297.923,Flight2_cam1-001-000087-0,-3099408.5481336606,3483799.548938493,344.44024658203125,NkuluEP,2020-01-16,2020-01-16 11:21:37.923,11:21:37,56.22180991666666,31.054747833333337
1532,379299.925,Flight2_cam1-001-000088-0,-3099424.9944717684,3483805.870526104,344.5794372558594,NkuluEP,2020-01-16,2020-01-16 11:21:39.925,11:21:39,56.21952986111113,31.055526388888886
1533,379301.927,Flight2_cam1-001-000089-0,-3099441.541765145,3483811.678672337,344.8531188964844,NkuluEP,2020-01-16,2020-01-16 11:21:41.927,11:21:41,56.21724980555553,31.056304944444456
1534,379304.596,Flight2_cam1-001-000090-0,-3099464.4251470217,3483819.976921881,344.8731994628906,NkuluEP,2020-01-16,2020-01-16 11:21:44.596,11:21:44,56.21421011111109,31.057342888888897
1535,379305.931,Flight2_cam1-001-000091-0,-3099475.6445175647,3483824.152843716,344.5364074707031,NkuluEP,2020-01-16,2020-01-16 11:21:45.931,11:21:45,56.212689694444464,31.05786205555555
1536,379307.933,Flight2_cam1-001-000092-0,-3099492.247424624,3483830.0921698366,344.2857360839844,NkuluEP,2020-01-16,2020-01-16 11:21:47.933,11:21:47,56.21040963888887,31.05864061111112
1537,379309.935,Flight2_cam1-001-000093-0,-3099508.891003244,3483835.940907531,344.2971496582031,NkuluEP,2020-01-16,2020-01-16 11:21:49.935,11:21:49,56.20812958333334,31.059419166666665
1538,379312.071,Flight2_cam1-001-000094-0,-3099526.8841103576,3483842.3043769067,344.5291442871094,NkuluEP,2020-01-16,2020-01-16 11:21:52.071,11:21:52,56.205696916666675,31.060249833333334
1539,379314.473,Flight2_cam1-001-000095-0,-3099547.4773934297,3483849.8831708613,344.3397216796875,NkuluEP,2020-01-16,2020-01-16 11:21:54.473,11:21:54,56.20296130555556,31.061183944444444
1540,379315.941,Flight2_cam1-001-000096-0,-3099559.3977152007,3483854.4677751497,344.3304748535156,NkuluEP,2020-01-16,2020-01-16 11:21:55.941,11:21:55,56.201289416666675,31.06175483333333
1541,379317.943,Flight2_cam1-001-000097-0,-3099575.860235697,3483860.658553596,344.2325744628906,NkuluEP,2020-01-16,2020-01-16 11:21:57.943,11:21:57,56.19900936111108,31.0625333888889
1542,379319.945,Flight2_cam1-001-000098-0,-3099592.350214104,3483866.8012847253,344.2961730957031,NkuluEP,2020-01-16,2020-01-16 11:21:59.945,11:21:59,56.19672930555555,31.063311944444447
1543,379322.614,Flight2_cam1-001-000099-0,-3099614.6374631515,3483874.8498868565,344.41326904296875,NkuluEP,2020-01-16,2020-01-16 11:22:02.614,11:22:02,56.19368961111111,31.06434988888889
1544,379323.949,Flight2_cam1-001-000100-0,-3099625.812788558,3483878.99386721,344.5887756347656,NkuluEP,2020-01-16,2020-01-16 11:22:03.949,11:22:03,56.19216919444442,31.064869055555565
1545,379325.951,Flight2_cam1-001-000101-0,-3099642.170619506,3483885.154924419,344.9159240722656,NkuluEP,2020-01-16,2020-01-16 11:22:05.951,11:22:05,56.18988913888889,31.06564761111111
1546,379327.953,Flight2_cam1-001-000102-0,-3099658.9151853267,3483891.282757412,344.98748779296875,NkuluEP,2020-01-16,2020-01-16 11:22:07.953,11:22:07,56.187609083333356,31.06642616666666
1547,379330.088,Flight2_cam1-001-000103-0,-3099676.8766479525,3483897.8796589356,344.8652038574219,NkuluEP,2020-01-16,2020-01-16 11:22:10.088,11:22:10,56.18517755555557,31.06725644444444
1548,379332.491,Flight2_cam1-001-000104-0,-3099697.4761757883,3483905.3942308333,344.87969970703125,NkuluEP,2020-01-16,2020-01-16 11:22:12.491,11:22:12,56.18244080555558,31.06819094444444
1549,379333.959,Flight2_cam1-001-000105-0,-3099709.4590332685,3483909.871216138,344.94140625,NkuluEP,2020-01-16,2020-01-16 11:22:13.959,11:22:13,56.1807689166667,31.068761833333323
1550,379335.961,Flight2_cam1-001-000106-0,-3099725.8936639847,3483916.019851973,344.8641662597656,NkuluEP,2020-01-16,2020-01-16 11:22:15.961,11:22:15,56.1784888611111,31.069540388888893
1551,379337.963,Flight2_cam1-001-000107-0,-3099742.8531762194,3483922.280641058,344.7290954589844,NkuluEP,2020-01-16,2020-01-16 11:22:17.963,11:22:17,56.17620880555557,31.07031894444444
1552,379340.499,Flight2_cam1-001-000108-0,-3099763.582073028,3483929.7458519107,344.7276306152344,NkuluEP,2020-01-16,2020-01-16 11:22:20.499,11:22:20,56.17332058333332,31.071305166666672
1553,379341.967,Flight2_cam1-001-000109-0,-3099776.0752197853,3483934.37157858,344.71502685546875,NkuluEP,2020-01-16,2020-01-16 11:22:21.967,11:22:21,56.17164869444444,31.071876055555556
1554,379343.969,Flight2_cam1-001-000110-0,-3099792.508098526,3483940.3594338545,344.7879638671875,NkuluEP,2020-01-16,2020-01-16 11:22:23.969,11:22:23,56.16936863888891,31.072654611111105
1555,379345.971,Flight2_cam1-001-000111-0,-3099809.4005184015,3483946.4756244808,344.4949035644531,NkuluEP,2020-01-16,2020-01-16 11:22:25.971,11:22:25,56.16708858333331,31.073433166666675
1556,379348.106,Flight2_cam1-001-000112-0,-3099827.217456953,3483952.9941335605,344.01812744140625,NkuluEP,2020-01-16,2020-01-16 11:22:28.106,11:22:28,56.16465705555552,31.074263444444455
1557,379350.509,Flight2_cam1-001-000113-0,-3099847.246479656,3483960.868704662,344.37017822265625,NkuluEP,2020-01-16,2020-01-16 11:22:30.509,11:22:30,56.16192030555553,31.07519794444445
1558,379351.977,Flight2_cam1-001-000114-0,-3099859.217927332,3483965.3608312975,344.5054931640625,NkuluEP,2020-01-16,2020-01-16 11:22:31.977,11:22:31,56.160248416666654,31.07576883333334
1559,379353.979,Flight2_cam1-001-000115-0,-3099875.9517508955,3483971.3751466875,344.6111755371094,NkuluEP,2020-01-16,2020-01-16 11:22:33.979,11:22:33,56.157968361111124,31.076547388888887
1560,379355.981,Flight2_cam1-001-000116-0,-3099893.1844313564,3483977.7693589046,344.7436828613281,NkuluEP,2020-01-16,2020-01-16 11:22:35.981,11:22:35,56.15568830555552,31.077325944444457
1561,379358.517,Flight2_cam1-001-000117-0,-3099914.36342792,3483985.2358316295,344.1213684082031,NkuluEP,2020-01-16,2020-01-16 11:22:38.517,11:22:38,56.15280008333335,31.078312166666663
1562,379359.985,Flight2_cam1-001-000118-0,-3099925.9866745295,3483989.726144705,344.1322021484375,NkuluEP,2020-01-16,2020-01-16 11:22:39.985,11:22:39,56.15112819444446,31.07888305555555
1563,379361.987,Flight2_cam1-001-000119-0,-3099942.427121071,3483996.2556314655,344.12939453125,NkuluEP,2020-01-16,2020-01-16 11:22:41.987,11:22:41,56.148848138888866,31.07966161111112
1564,379363.989,Flight2_cam1-001-000120-0,-3099959.260660424,3484002.2258414757,343.7340393066406,NkuluEP,2020-01-16,2020-01-16 11:22:43.989,11:22:43,56.146568083333335,31.08044016666667
1565,379366.124,Flight2_cam1-001-000121-0,-3099976.9530105507,3484008.3579528383,343.3428955078125,NkuluEP,2020-01-16,2020-01-16 11:22:46.124,11:22:46,56.14413655555555,31.08127044444445
1566,379368.527,Flight2_cam1-001-000122-0,-3099997.4523349707,3484015.5093406625,343.4267578125,NkuluEP,2020-01-16,2020-01-16 11:22:48.527,11:22:48,56.14139980555556,31.082204944444445
1567,379369.995,Flight2_cam1-001-000123-0,-3100009.330696565,3484020.092871315,343.5164794921875,NkuluEP,2020-01-16,2020-01-16 11:22:49.995,11:22:49,56.13972791666667,31.082775833333333
1568,379374.666,Flight2_cam1-001-000124-0,-3100048.4853322404,3484034.63536768,343.6302185058594,NkuluEP,2020-01-16,2020-01-16 11:22:54.666,11:22:54,56.13440816666664,31.084592333333344
1569,379377.335,Flight2_cam1-001-000125-0,-3100070.8944547446,3484042.8821869073,343.6860046386719,NkuluEP,2020-01-16,2020-01-16 11:22:57.335,11:22:57,56.1313684722222,31.085630277777785
1570,379378.67,Flight2_cam1-001-000126-0,-3100081.764973659,3484046.9920328506,343.4690246582031,NkuluEP,2020-01-16,2020-01-16 11:22:58.670,11:22:58,56.12984805555558,31.086149444444438
1571,379380.672,Flight2_cam1-001-000127-0,-3100098.619405644,3484053.1505132564,343.42041015625,NkuluEP,2020-01-16,2020-01-16 11:23:00.672,11:23:00,56.12756799999998,31.086928000000007
1572,379382.674,Flight2_cam1-001-000128-0,-3100114.5586313847,3484059.210293123,344.00421142578125,NkuluEP,2020-01-16,2020-01-16 11:23:02.674,11:23:02,56.125287944444445,31.087706555555556
1573,379384.81,Flight2_cam1-001-000129-0,-3100132.3817529385,3484065.8324528416,344.4275207519531,NkuluEP,2020-01-16,2020-01-16 11:23:04.810,11:23:04,56.12285527777778,31.08853722222222
1574,379387.345,Flight2_cam1-001-000130-0,-3100153.77949883,3484073.5346186394,344.06964111328125,NkuluEP,2020-01-16,2020-01-16 11:23:07.345,11:23:07,56.11996819444448,31.089523055555546
1575,379388.68,Flight2_cam1-001-000131-0,-3100165.01665835,3484077.499066959,344.1988525390625,NkuluEP,2020-01-16,2020-01-16 11:23:08.680,11:23:08,56.11844777777779,31.09004222222222
1576,379390.682,Flight2_cam1-001-000132-0,-3100181.7591506317,3484083.8706569998,344.196533203125,NkuluEP,2020-01-16,2020-01-16 11:23:10.682,11:23:10,56.11616772222226,31.09082077777777
1577,379392.684,Flight2_cam1-001-000133-0,-3100198.3401115853,3484090.0469902307,343.74267578125,NkuluEP,2020-01-16,2020-01-16 11:23:12.684,11:23:12,56.113887666666656,31.09159933333334
1578,379395.353,Flight2_cam1-001-000134-0,-3100220.7715559304,3484098.1701586414,343.9049987792969,NkuluEP,2020-01-16,2020-01-16 11:23:15.353,11:23:15,56.110847972222224,31.09263727777778
1579,379396.688,Flight2_cam1-001-000135-0,-3100231.498586844,3484101.9068054794,344.07415771484375,NkuluEP,2020-01-16,2020-01-16 11:23:16.688,11:23:16,56.10932755555553,31.093156444444453
1580,379398.69,Flight2_cam1-001-000136-0,-3100248.7593405545,3484108.1203412972,344.2684631347656,NkuluEP,2020-01-16,2020-01-16 11:23:18.690,11:23:18,56.1070475,31.093935000000002
1581,379400.692,Flight2_cam1-001-000137-0,-3100265.323477273,3484114.2743563475,344.45220947265625,NkuluEP,2020-01-16,2020-01-16 11:23:20.692,11:23:20,56.10476744444447,31.094713555555547
1582,379402.827,Flight2_cam1-001-000138-0,-3100283.1578003857,3484120.9027376566,344.165771484375,NkuluEP,2020-01-16,2020-01-16 11:23:22.827,11:23:22,56.10233591666668,31.09554383333333
1583,379405.23,Flight2_cam1-001-000139-0,-3100302.7058558776,3484128.72944796,343.7965087890625,NkuluEP,2020-01-16,2020-01-16 11:23:25.230,11:23:25,56.09959916666669,31.096478333333327
1584,379406.698,Flight2_cam1-001-000140-0,-3100314.463490558,3484135.126983478,343.5321044921875,NkuluEP,2020-01-16,2020-01-16 11:23:26.698,11:23:26,56.097927277777806,31.097049222222214
1585,379408.7,Flight2_cam1-001-000141-0,-3100328.8352826857,3484145.4139349023,343.38153076171875,NkuluEP,2020-01-16,2020-01-16 11:23:28.700,11:23:28,56.09564722222221,31.097827777777784
1586,379410.702,Flight2_cam1-001-000142-0,-3100341.2840214027,3484158.0878342018,343.3323059082031,NkuluEP,2020-01-16,2020-01-16 11:23:30.702,11:23:30,56.09336716666668,31.09860633333333
1587,379413.371,Flight2_cam1-001-000143-0,-3100354.270386466,3484178.4610034036,343.3020935058594,NkuluEP,2020-01-16,2020-01-16 11:23:33.371,11:23:33,56.09032747222224,31.09964427777777
1588,379414.706,Flight2_cam1-001-000144-0,-3100359.227478717,3484188.6289864443,343.3314208984375,NkuluEP,2020-01-16,2020-01-16 11:23:34.706,11:23:34,56.08880705555555,31.100163444444448
1589,379416.708,Flight2_cam1-001-000145-0,-3100367.370643203,3484205.0079935635,343.35894775390625,NkuluEP,2020-01-16,2020-01-16 11:23:36.708,11:23:36,56.08652700000002,31.100941999999993
1590,379418.71,Flight2_cam1-001-000146-0,-3100375.336412653,3484220.711833026,343.3924255371094,NkuluEP,2020-01-16,2020-01-16 11:23:38.710,11:23:38,56.08424694444442,31.101720555555563
1591,379421.379,Flight2_cam1-001-000147-0,-3100385.384452069,3484242.326951045,343.3654479980469,NkuluEP,2020-01-16,2020-01-16 11:23:41.379,11:23:41,56.081207249999984,31.102758500000007
1592,379422.714,Flight2_cam1-001-000148-0,-3100387.591779848,3484253.083149007,343.4259338378906,NkuluEP,2020-01-16,2020-01-16 11:23:42.714,11:23:42,56.07968683333336,31.10327766666666
1593,379424.716,Flight2_cam1-001-000149-0,-3100382.419242664,3484263.680557867,343.29010009765625,NkuluEP,2020-01-16,2020-01-16 11:23:44.716,11:23:44,56.07740677777776,31.104056222222226
1594,379426.718,Flight2_cam1-001-000150-0,-3100367.539294039,3484264.2906446913,343.0670166015625,NkuluEP,2020-01-16,2020-01-16 11:23:46.718,11:23:46,56.07512672222223,31.104834777777775
1595,379428.853,Flight2_cam1-001-000151-0,-3100348.3843394383,3484257.870022594,342.9873352050781,NkuluEP,2020-01-16,2020-01-16 11:23:48.853,11:23:48,56.07269519444444,31.10566505555556
1596,379431.256,Flight2_cam1-001-000152-0,-3100330.956850634,3484250.549062863,342.92608642578125,NkuluEP,2020-01-16,2020-01-16 11:23:51.256,11:23:51,56.06995844444445,31.106599555555555
1597,379432.724,Flight2_cam1-001-000153-0,-3100320.6472934517,3484246.7812731033,342.8975830078125,NkuluEP,2020-01-16,2020-01-16 11:23:52.724,11:23:52,56.068286555555574,31.10717044444444
1598,379434.726,Flight2_cam1-001-000154-0,-3100306.5851438604,3484241.692259582,342.8976745605469,NkuluEP,2020-01-16,2020-01-16 11:23:54.726,11:23:54,56.06600649999997,31.10794900000001
1599,379436.728,Flight2_cam1-001-000155-0,-3100290.9190466534,3484236.0439107446,342.89483642578125,NkuluEP,2020-01-16,2020-01-16 11:23:56.728,11:23:56,56.06372644444444,31.108727555555557
1600,379439.397,Flight2_cam1-001-000156-0,-3100268.2831696933,3484227.817354631,342.8526916503906,NkuluEP,2020-01-16,2020-01-16 11:23:59.397,11:23:59,56.06068675,31.109765499999998
1601,379440.732,Flight2_cam1-001-000157-0,-3100258.142841068,3484224.141401679,342.76983642578125,NkuluEP,2020-01-16,2020-01-16 11:24:00.732,11:24:00,56.059166333333316,31.110284666666672
1602,379442.734,Flight2_cam1-001-000158-0,-3100241.1557706115,3484217.9757322087,342.7159729003906,NkuluEP,2020-01-16,2020-01-16 11:24:02.734,11:24:02,56.056886277777785,31.11106322222222
1603,379444.736,Flight2_cam1-001-000159-0,-3100224.651534763,3484211.981824336,342.674072265625,NkuluEP,2020-01-16,2020-01-16 11:24:04.736,11:24:04,56.054606222222255,31.11184177777777
1604,379447.272,Flight2_cam1-001-000160-0,-3100203.4863980194,3484204.4387130816,342.6634826660156,NkuluEP,2020-01-16,2020-01-16 11:24:07.272,11:24:07,56.05171800000001,31.112828
1605,379448.74,Flight2_cam1-001-000161-0,-3100191.507453623,3484200.029344963,342.6398620605469,NkuluEP,2020-01-16,2020-01-16 11:24:08.740,11:24:08,56.05004611111112,31.113398888888884
1606,379450.742,Flight2_cam1-001-000162-0,-3100174.4132977957,3484193.792953087,342.6980895996094,NkuluEP,2020-01-16,2020-01-16 11:24:10.742,11:24:10,56.04776605555553,31.114177444444454
1607,379452.744,Flight2_cam1-001-000163-0,-3100157.9096466177,3484187.727561291,342.68701171875,NkuluEP,2020-01-16,2020-01-16 11:24:12.744,11:24:12,56.045486,31.114956000000003
1608,379454.879,Flight2_cam1-001-000164-0,-3100139.947410125,3484181.1152982293,342.64239501953125,NkuluEP,2020-01-16,2020-01-16 11:24:14.879,11:24:14,56.04305447222221,31.115786277777783
1609,379457.281,Flight2_cam1-001-000165-0,-3100120.100612769,3484173.770830312,342.6491394042969,NkuluEP,2020-01-16,2020-01-16 11:24:17.281,11:24:17,56.040318861111096,31.116720388888897
1610,379458.75,Flight2_cam1-001-000166-0,-3100108.2925088326,3484169.4402672076,342.75579833984375,NkuluEP,2020-01-16,2020-01-16 11:24:18.750,11:24:18,56.038645833333334,31.117291666666667
1611,379460.752,Flight2_cam1-001-000167-0,-3100091.2022058065,3484163.0547078056,342.8171691894531,NkuluEP,2020-01-16,2020-01-16 11:24:20.752,11:24:20,56.0363657777778,31.118070222222215
1612,379462.754,Flight2_cam1-001-000168-0,-3100074.784062953,3484156.999233375,342.802490234375,NkuluEP,2020-01-16,2020-01-16 11:24:22.754,11:24:22,56.03408572222221,31.118848777777785
1613,379465.289,Flight2_cam1-001-000169-0,-3100053.537886687,3484149.356199491,342.81805419921875,NkuluEP,2020-01-16,2020-01-16 11:24:25.289,11:24:25,56.0311986388889,31.119834611111106
1614,379466.758,Flight2_cam1-001-000170-0,-3100041.5845553037,3484145.010251215,342.7728576660156,NkuluEP,2020-01-16,2020-01-16 11:24:26.758,11:24:26,56.02952561111115,31.12040588888888
1615,379468.76,Flight2_cam1-001-000171-0,-3100024.484871436,3484138.373735279,342.6658020019531,NkuluEP,2020-01-16,2020-01-16 11:24:28.760,11:24:28,56.027245555555545,31.12118444444445
1616,379470.762,Flight2_cam1-001-000172-0,-3100007.8111844957,3484132.3394444464,342.7047119140625,NkuluEP,2020-01-16,2020-01-16 11:24:30.762,11:24:30,56.024965500000015,31.121962999999994
1617,379472.764,Flight2_cam1-001-000173-0,-3099991.336974417,3484126.3310804153,342.7298889160156,NkuluEP,2020-01-16,2020-01-16 11:24:32.764,11:24:32,56.02268544444442,31.122741555555564
1618,379475.299,Flight2_cam1-001-000174-0,-3099970.3216123357,3484118.5977441515,342.81622314453125,NkuluEP,2020-01-16,2020-01-16 11:24:35.299,11:24:35,56.019798361111114,31.123727388888888
1619,379476.768,Flight2_cam1-001-000175-0,-3099958.3431351753,3484114.2191440854,342.8121032714844,NkuluEP,2020-01-16,2020-01-16 11:24:36.768,11:24:36,56.01812533333336,31.12429866666666
1620,379478.77,Flight2_cam1-001-000176-0,-3099941.09006644,3484107.814717943,342.8055419921875,NkuluEP,2020-01-16,2020-01-16 11:24:38.770,11:24:38,56.01584527777776,31.12507722222223
1621,379480.772,Flight2_cam1-001-000177-0,-3099924.555859711,3484101.6764748385,342.7740478515625,NkuluEP,2020-01-16,2020-01-16 11:24:40.772,11:24:40,56.013565222222226,31.125855777777776
1622,379483.307,Flight2_cam1-001-000178-0,-3099903.4572608704,3484093.944160162,342.7990417480469,NkuluEP,2020-01-16,2020-01-16 11:24:43.307,11:24:43,56.01067813888892,31.1268416111111
1623,379484.775,Flight2_cam1-001-000179-0,-3099891.452314354,3484089.5968407565,342.8515930175781,NkuluEP,2020-01-16,2020-01-16 11:24:44.775,11:24:44,56.00900624999998,31.12741250000001
1624,379486.777,Flight2_cam1-001-000180-0,-3099874.2358987005,3484083.3499157466,342.864013671875,NkuluEP,2020-01-16,2020-01-16 11:24:46.777,11:24:46,56.00672619444445,31.128191055555558
1625,379488.779,Flight2_cam1-001-000181-0,-3099857.755654506,3484077.283742542,342.7961120605469,NkuluEP,2020-01-16,2020-01-16 11:24:48.779,11:24:48,56.004446138888916,31.128969611111103
1626,379490.781,Flight2_cam1-001-000182-0,-3099841.230197805,3484071.134890597,342.8374328613281,NkuluEP,2020-01-16,2020-01-16 11:24:50.781,11:24:50,56.002166083333314,31.129748166666673
1627,379493.317,Flight2_cam1-001-000183-0,-3099820.1596787022,3484063.4396226685,342.89581298828125,NkuluEP,2020-01-16,2020-01-16 11:24:53.317,11:24:53,55.99927786111113,31.130734388888882
1628,379494.652,Flight2_cam1-001-000184-0,-3099808.928954725,3484059.2853264366,342.8553771972656,NkuluEP,2020-01-16,2020-01-16 11:24:54.652,11:24:54,55.997757444444446,31.131253555555556
1629,379496.654,Flight2_cam1-001-000185-0,-3099792.351793709,3484053.0053478824,342.8375549316406,NkuluEP,2020-01-16,2020-01-16 11:24:56.654,11:24:56,55.995477388888915,31.132032111111105
1630,379498.656,Flight2_cam1-001-000186-0,-3099775.759106904,3484046.8745046444,342.81146240234375,NkuluEP,2020-01-16,2020-01-16 11:24:58.656,11:24:58,55.99319733333331,31.132810666666675
1631,379501.325,Flight2_cam1-001-000187-0,-3099753.10048922,3484038.620767525,342.87115478515625,NkuluEP,2020-01-16,2020-01-16 11:25:01.325,11:25:01,55.990157638888874,31.133848611111116
1632,379502.66,Flight2_cam1-001-000188-0,-3099741.835992024,3484034.5773765426,342.89508056640625,NkuluEP,2020-01-16,2020-01-16 11:25:02.660,11:25:02,55.98863722222225,31.13436777777777
1633,379504.662,Flight2_cam1-001-000189-0,-3099725.2589691663,3484028.510384098,342.8880615234375,NkuluEP,2020-01-16,2020-01-16 11:25:04.662,11:25:04,55.98635716666666,31.13514633333334
1634,379506.664,Flight2_cam1-001-000190-0,-3099708.7642059783,3484022.3461505026,342.8935546875,NkuluEP,2020-01-16,2020-01-16 11:25:06.664,11:25:06,55.98407711111113,31.135924888888884
1635,379509.333,Flight2_cam1-001-000191-0,-3099686.3819569903,3484014.187659522,342.8879699707031,NkuluEP,2020-01-16,2020-01-16 11:25:09.333,11:25:09,55.98103741666669,31.136962833333328
1636,379510.668,Flight2_cam1-001-000192-0,-3099675.0694115725,3484010.1379712233,342.938232421875,NkuluEP,2020-01-16,2020-01-16 11:25:10.668,11:25:10,55.979516999999994,31.137482000000002
1637,379512.67,Flight2_cam1-001-000193-0,-3099658.323248218,3484003.9525676784,343.05987548828125,NkuluEP,2020-01-16,2020-01-16 11:25:12.670,11:25:12,55.97723694444446,31.13826055555555
1638,379514.672,Flight2_cam1-001-000194-0,-3099641.6964036087,3483997.7358970167,343.0561828613281,NkuluEP,2020-01-16,2020-01-16 11:25:14.672,11:25:14,55.97495688888887,31.13903911111112
1639,379516.807,Flight2_cam1-001-000195-0,-3099624.0777848754,3483991.163409305,343.0307312011719,NkuluEP,2020-01-16,2020-01-16 11:25:16.807,11:25:16,55.972525361111146,31.13986938888888
1640,379519.343,Flight2_cam1-001-000196-0,-3099602.955166974,3483983.432668815,343.05731201171875,NkuluEP,2020-01-16,2020-01-16 11:25:19.343,11:25:19,55.9696371388889,31.14085561111111
1641,379520.678,Flight2_cam1-001-000197-0,-3099591.6143965274,3483979.29611817,343.0691223144531,NkuluEP,2020-01-16,2020-01-16 11:25:20.678,11:25:20,55.968116722222206,31.141374777777784
1642,379522.68,Flight2_cam1-001-000198-0,-3099574.9955490576,3483973.3378666313,343.0704345703125,NkuluEP,2020-01-16,2020-01-16 11:25:22.680,11:25:22,55.965836666666675,31.14215333333333
1643,379524.682,Flight2_cam1-001-000199-0,-3099558.4817126384,3483967.302188144,343.052490234375,NkuluEP,2020-01-16,2020-01-16 11:25:24.682,11:25:24,55.963556611111144,31.142931888888878
1644,379527.351,Flight2_cam1-001-000200-0,-3099535.937201188,3483958.895678527,343.024169921875,NkuluEP,2020-01-16,2020-01-16 11:25:27.351,11:25:27,55.96051691666664,31.143969833333344
1645,379528.686,Flight2_cam1-001-000201-0,-3099524.59786053,3483954.746914338,343.0450439453125,NkuluEP,2020-01-16,2020-01-16 11:25:28.686,11:25:28,55.95899650000002,31.144488999999997
1646,379530.688,Flight2_cam1-001-000202-0,-3099507.995334081,3483948.455117898,343.01611328125,NkuluEP,2020-01-16,2020-01-16 11:25:30.688,11:25:30,55.95671644444442,31.145267555555566
1647,379532.69,Flight2_cam1-001-000203-0,-3099491.3576569976,3483942.1742274617,342.9359130859375,NkuluEP,2020-01-16,2020-01-16 11:25:32.690,11:25:32,55.95443638888889,31.14604611111111
1648,379535.359,Flight2_cam1-001-000204-0,-3099468.832812505,3483933.997211274,343.00677490234375,NkuluEP,2020-01-16,2020-01-16 11:25:35.359,11:25:35,55.95139669444445,31.147084055555553
1649,379536.694,Flight2_cam1-001-000205-0,-3099457.709529051,3483929.9147131187,343.059814453125,NkuluEP,2020-01-16,2020-01-16 11:25:36.694,11:25:36,55.94987627777776,31.14760322222223
1650,379538.696,Flight2_cam1-001-000206-0,-3099441.370787416,3483923.890829949,343.0656433105469,NkuluEP,2020-01-16,2020-01-16 11:25:38.696,11:25:38,55.94759622222223,31.148381777777775
1651,379540.698,Flight2_cam1-001-000207-0,-3099424.8144732886,3483917.923063118,343.1617126464844,NkuluEP,2020-01-16,2020-01-16 11:25:40.698,11:25:40,55.9453161666667,31.149160333333324
1652,379542.833,Flight2_cam1-001-000208-0,-3099406.679866307,3483911.4431900196,343.29437255859375,NkuluEP,2020-01-16,2020-01-16 11:25:42.833,11:25:42,55.942884638888906,31.149990611111104
1653,379545.236,Flight2_cam1-001-000209-0,-3099386.6992023923,3483904.040492118,343.28851318359375,NkuluEP,2020-01-16,2020-01-16 11:25:45.236,11:25:45,55.940147888888916,31.1509251111111
1654,379546.704,Flight2_cam1-001-000210-0,-3099374.138281703,3483899.365991136,343.2346496582031,NkuluEP,2020-01-16,2020-01-16 11:25:46.704,11:25:46,55.93847599999997,31.151496000000012
1655,379548.706,Flight2_cam1-001-000211-0,-3099357.6977054924,3483893.320358546,343.2501525878906,NkuluEP,2020-01-16,2020-01-16 11:25:48.706,11:25:48,55.93619594444444,31.152274555555557
1656,379550.708,Flight2_cam1-001-000212-0,-3099340.902846155,3483887.1870928975,343.2320861816406,NkuluEP,2020-01-16,2020-01-16 11:25:50.708,11:25:50,55.93391588888891,31.153053111111106
1657,379553.377,Flight2_cam1-001-000213-0,-3099318.5354046044,3483878.824083581,343.1016540527344,NkuluEP,2020-01-16,2020-01-16 11:25:53.377,11:25:53,55.93087619444447,31.154091055555547
1658,379554.712,Flight2_cam1-001-000214-0,-3099307.3350409227,3483874.6554941987,343.0923156738281,NkuluEP,2020-01-16,2020-01-16 11:25:54.712,11:25:54,55.92935577777778,31.15461022222222
1659,379556.714,Flight2_cam1-001-000215-0,-3099290.756595385,3483868.5298418174,343.0709228515625,NkuluEP,2020-01-16,2020-01-16 11:25:56.714,11:25:56,55.92707572222225,31.15538877777777
1660,379558.716,Flight2_cam1-001-000216-0,-3099274.273214972,3483862.6527004936,343.07110595703125,NkuluEP,2020-01-16,2020-01-16 11:25:58.716,11:25:58,55.924795666666654,31.15616733333334
1661,379560.851,Flight2_cam1-001-000217-0,-3099256.455807778,3483856.154946909,343.19403076171875,NkuluEP,2020-01-16,2020-01-16 11:26:00.851,11:26:00,55.92236413888887,31.15699761111112
1662,379563.253,Flight2_cam1-001-000218-0,-3099236.628463972,3483848.448465409,343.33416748046875,NkuluEP,2020-01-16,2020-01-16 11:26:03.253,11:26:03,55.91962852777775,31.157931722222234
1663,379564.722,Flight2_cam1-001-000219-0,-3099223.9677069997,3483843.8928980194,343.3592224121094,NkuluEP,2020-01-16,2020-01-16 11:26:04.722,11:26:04,55.91795549999999,31.158503000000003
1664,379566.724,Flight2_cam1-001-000220-0,-3099207.3569839313,3483837.951230687,343.2618408203125,NkuluEP,2020-01-16,2020-01-16 11:26:06.724,11:26:06,55.91567544444446,31.159281555555552
1665,379568.726,Flight2_cam1-001-000221-0,-3099190.704261655,3483832.047015976,343.064208984375,NkuluEP,2020-01-16,2020-01-16 11:26:08.726,11:26:08,55.913395388888866,31.16006011111112
1666,379571.395,Flight2_cam1-001-000222-0,-3099168.406722747,3483823.830804759,342.89776611328125,NkuluEP,2020-01-16,2020-01-16 11:26:11.395,11:26:11,55.910355694444426,31.161098055555563
1667,379572.73,Flight2_cam1-001-000223-0,-3099157.0857186615,3483819.8139329455,342.9739685058594,NkuluEP,2020-01-16,2020-01-16 11:26:12.730,11:26:12,55.908835277777804,31.161617222222215
1668,379574.731,Flight2_cam1-001-000224-0,-3099140.511039482,3483813.6986592724,342.9620666503906,NkuluEP,2020-01-16,2020-01-16 11:26:14.731,11:26:14,55.90655636111108,31.1623953888889
1669,379576.733,Flight2_cam1-001-000225-0,-3099123.909569679,3483807.554177946,343.0103454589844,NkuluEP,2020-01-16,2020-01-16 11:26:16.733,11:26:16,55.90427630555555,31.16317394444445
1670,379578.869,Flight2_cam1-001-000226-0,-3099106.0940599553,3483800.9228390045,343.0741271972656,NkuluEP,2020-01-16,2020-01-16 11:26:18.869,11:26:18,55.901843638888884,31.164004611111114
1671,379581.271,Flight2_cam1-001-000227-0,-3099086.2198234894,3483793.4983879193,343.1602783203125,NkuluEP,2020-01-16,2020-01-16 11:26:21.271,11:26:21,55.89910802777777,31.164938722222224
1672,379582.739,Flight2_cam1-001-000228-0,-3099073.5709383953,3483788.722317834,343.12396240234375,NkuluEP,2020-01-16,2020-01-16 11:26:22.739,11:26:22,55.89743613888889,31.165509611111112
1673,379584.741,Flight2_cam1-001-000229-0,-3099057.0533942585,3483782.7378079547,343.0325622558594,NkuluEP,2020-01-16,2020-01-16 11:26:24.741,11:26:24,55.89515608333336,31.16628816666666
1674,379586.743,Flight2_cam1-001-000230-0,-3099040.517005729,3483776.816177486,342.9595031738281,NkuluEP,2020-01-16,2020-01-16 11:26:26.743,11:26:26,55.89287602777776,31.16706672222223
1675,379589.279,Flight2_cam1-001-000231-0,-3099019.3278013896,3483769.0423456803,342.9975280761719,NkuluEP,2020-01-16,2020-01-16 11:26:29.279,11:26:29,55.88998780555558,31.168052944444437
1676,379590.747,Flight2_cam1-001-000232-0,-3099006.6702310196,3483764.3802133217,343.00128173828125,NkuluEP,2020-01-16,2020-01-16 11:26:30.747,11:26:30,55.8883159166667,31.168623833333324
1677,379592.749,Flight2_cam1-001-000233-0,-3098990.098563732,3483758.2082123356,342.9166259765625,NkuluEP,2020-01-16,2020-01-16 11:26:32.749,11:26:32,55.886035861111104,31.169402388888894
1678,379594.751,Flight2_cam1-001-000234-0,-3098973.518235802,3483752.2715987787,342.81884765625,NkuluEP,2020-01-16,2020-01-16 11:26:34.751,11:26:34,55.88375580555557,31.17018094444444
1679,379596.887,Flight2_cam1-001-000235-0,-3098955.8653212204,3483745.6805222016,342.7473449707031,NkuluEP,2020-01-16,2020-01-16 11:26:36.887,11:26:36,55.8813231388889,31.171011611111105
1680,379599.289,Flight2_cam1-001-000236-0,-3098936.13969992,3483738.286618278,342.7762145996094,NkuluEP,2020-01-16,2020-01-16 11:26:39.289,11:26:39,55.87858752777779,31.17194572222222
1681,379600.757,Flight2_cam1-001-000237-0,-3098923.6444690623,3483733.4231910664,342.8831481933594,NkuluEP,2020-01-16,2020-01-16 11:26:40.757,11:26:40,55.87691563888891,31.172516611111103
1682,379602.759,Flight2_cam1-001-000238-0,-3098907.0646517794,3483727.3625789057,342.9390869140625,NkuluEP,2020-01-16,2020-01-16 11:26:42.759,11:26:42,55.874635583333315,31.173295166666673
1683,379604.761,Flight2_cam1-001-000239-0,-3098890.4662952526,3483721.421020468,342.90228271484375,NkuluEP,2020-01-16,2020-01-16 11:26:44.761,11:26:44,55.872355527777785,31.17407372222222
1684,379607.297,Flight2_cam1-001-000240-0,-3098869.0939614982,3483713.6629200517,342.9689025878906,NkuluEP,2020-01-16,2020-01-16 11:26:47.297,11:26:47,55.86946730555553,31.175059944444452
1685,379608.765,Flight2_cam1-001-000241-0,-3098856.328187044,3483709.158612748,342.9365234375,NkuluEP,2020-01-16,2020-01-16 11:26:48.765,11:26:48,55.86779541666665,31.17563083333334
1686,379610.767,Flight2_cam1-001-000242-0,-3098839.762460989,3483703.092004561,342.9289855957031,NkuluEP,2020-01-16,2020-01-16 11:26:50.767,11:26:50,55.86551536111112,31.176409388888885
1687,379612.769,Flight2_cam1-001-000243-0,-3098823.474297151,3483696.9181482107,342.9075622558594,NkuluEP,2020-01-16,2020-01-16 11:26:52.769,11:26:52,55.86323530555559,31.177187944444434
1688,379614.771,Flight2_cam1-001-000244-0,-3098806.892098413,3483690.9177689455,342.8525390625,NkuluEP,2020-01-16,2020-01-16 11:26:54.771,11:26:54,55.860955249999996,31.177966500000004
1689,379617.307,Flight2_cam1-001-000245-0,-3098785.7407428958,3483683.0264899884,342.8370666503906,NkuluEP,2020-01-16,2020-01-16 11:26:57.307,11:26:57,55.858067027777814,31.17895272222221
1690,379618.775,Flight2_cam1-001-000246-0,-3098773.2356378227,3483678.241427498,342.8684997558594,NkuluEP,2020-01-16,2020-01-16 11:26:58.775,11:26:58,55.856395138888864,31.17952361111112
1691,379620.777,Flight2_cam1-001-000247-0,-3098756.6574761057,3483672.0807370306,342.949462890625,NkuluEP,2020-01-16,2020-01-16 11:27:00.777,11:27:00,55.85411508333333,31.180302166666667
1692,379622.779,Flight2_cam1-001-000248-0,-3098740.1326594804,3483665.9720530426,343.02667236328125,NkuluEP,2020-01-16,2020-01-16 11:27:02.779,11:27:02,55.8518350277778,31.181080722222216
1693,379625.315,Flight2_cam1-001-000249-0,-3098719.148102673,3483658.273988786,343.0669250488281,NkuluEP,2020-01-16,2020-01-16 11:27:05.315,11:27:05,55.848946805555556,31.182066944444447
1694,379626.783,Flight2_cam1-001-000250-0,-3098706.5880973577,3483653.726973175,343.0606689453125,NkuluEP,2020-01-16,2020-01-16 11:27:06.783,11:27:06,55.84727491666667,31.18263783333333
1695,379628.785,Flight2_cam1-001-000251-0,-3098695.357990438,3483650.1281758477,343.03289794921875,NkuluEP,2020-01-16,2020-01-16 11:27:08.785,11:27:08,55.84499486111114,31.18341638888888
1696,379631.454,Flight2_cam1-001-000252-0,-3098696.3307724753,3483659.0191629394,342.81640625,NkuluEP,2020-01-16,2020-01-16 11:27:11.454,11:27:11,55.84195516666664,31.184454333333345
1697,379632.656,Flight2_cam1-001-000253-0,-3098695.7045473517,3483667.200712017,342.7879638671875,NkuluEP,2020-01-16,2020-01-16 11:27:12.656,11:27:12,55.84058622222221,31.184921777777785
1698,379634.658,Flight2_cam1-001-000254-0,-3098691.1852454445,3483684.3724257676,342.9920349121094,NkuluEP,2020-01-16,2020-01-16 11:27:14.658,11:27:14,55.838306166666676,31.185700333333333
1699,379636.66,Flight2_cam1-001-000255-0,-3098685.027884681,3483701.767325888,343.12994384765625,NkuluEP,2020-01-16,2020-01-16 11:27:16.660,11:27:16,55.836026111111146,31.186478888888878
1700,379638.929,Flight2_cam1-001-000256-0,-3098678.3945865827,3483720.3160851146,343.0888366699219,NkuluEP,2020-01-16,2020-01-16 11:27:18.929,11:27:18,55.83344197222222,31.18736127777778
1701,379641.331,Flight2_cam1-001-000257-0,-3098676.6800579284,3483739.5745261395,343.0932312011719,NkuluEP,2020-01-16,2020-01-16 11:27:21.331,11:27:21,55.830706361111105,31.188295388888893
1702,379642.666,Flight2_cam1-001-000258-0,-3098680.962838651,3483749.6567247435,343.04144287109375,NkuluEP,2020-01-16,2020-01-16 11:27:22.666,11:27:22,55.82918594444442,31.188814555555567
1703,379644.668,Flight2_cam1-001-000259-0,-3098694.0599485897,3483761.1502060387,343.27655029296875,NkuluEP,2020-01-16,2020-01-16 11:27:24.668,11:27:24,55.82690588888889,31.18959311111111
1704,379646.67,Flight2_cam1-001-000260-0,-3098711.414113793,3483767.6844849093,343.28033447265625,NkuluEP,2020-01-16,2020-01-16 11:27:26.670,11:27:26,55.82462583333336,31.19037166666666
1705,379649.339,Flight2_cam1-001-000261-0,-3098728.9177538007,3483773.9724494577,342.4371032714844,NkuluEP,2020-01-16,2020-01-16 11:27:29.339,11:27:29,55.82158613888892,31.1914096111111
1706,379650.674,Flight2_cam1-001-000262-0,-3098739.48604291,3483777.92446749,342.7950744628906,NkuluEP,2020-01-16,2020-01-16 11:27:30.674,11:27:30,55.820065722222225,31.19192877777778
1707,379652.676,Flight2_cam1-001-000263-0,-3098756.337944023,3483784.308871643,342.66644287109375,NkuluEP,2020-01-16,2020-01-16 11:27:32.676,11:27:32,55.817785666666694,31.192707333333324
1708,379654.678,Flight2_cam1-001-000264-0,-3098771.986224323,3483790.1153326347,342.10150146484375,NkuluEP,2020-01-16,2020-01-16 11:27:34.678,11:27:34,55.8155056111111,31.193485888888894
1709,379656.813,Flight2_cam1-001-000265-0,-3098788.267523614,3483796.4873146387,342.56103515625,NkuluEP,2020-01-16,2020-01-16 11:27:36.813,11:27:36,55.813074083333305,31.194316166666678
1710,379659.349,Flight2_cam1-001-000266-0,-3098809.544261507,3483804.329044276,343.05230712890625,NkuluEP,2020-01-16,2020-01-16 11:27:39.349,11:27:39,55.81018586111113,31.195302388888884
1711,379660.684,Flight2_cam1-001-000267-0,-3098820.9790390376,3483808.5297293128,342.8695068359375,NkuluEP,2020-01-16,2020-01-16 11:27:40.684,11:27:40,55.808665444444436,31.195821555555558
1712,379662.686,Flight2_cam1-001-000268-0,-3098837.276697657,3483814.5063330126,342.8097839355469,NkuluEP,2020-01-16,2020-01-16 11:27:42.686,11:27:42,55.806385388888906,31.196600111111106
1713,379664.688,Flight2_cam1-001-000269-0,-3098854.053752414,3483820.412409482,342.7236328125,NkuluEP,2020-01-16,2020-01-16 11:27:44.688,11:27:44,55.80410533333331,31.197378666666676
1714,379667.357,Flight2_cam1-001-000270-0,-3098876.098882073,3483828.853231557,342.7257080078125,NkuluEP,2020-01-16,2020-01-16 11:27:47.357,11:27:47,55.80106563888887,31.198416611111117
1715,379668.691,Flight2_cam1-001-000271-0,-3098887.399829381,3483832.961080559,342.8752746582031,NkuluEP,2020-01-16,2020-01-16 11:27:48.691,11:27:48,55.799546361111126,31.198935388888884
1716,379670.693,Flight2_cam1-001-000272-0,-3098904.235079234,3483839.190249891,342.8999938964844,NkuluEP,2020-01-16,2020-01-16 11:27:50.693,11:27:50,55.797266305555524,31.199713944444454
1717,379672.695,Flight2_cam1-001-000273-0,-3098920.847027567,3483845.352444978,342.8189392089844,NkuluEP,2020-01-16,2020-01-16 11:27:52.695,11:27:52,55.794986249999994,31.200492500000003
1718,379674.831,Flight2_cam1-001-000274-0,-3098938.765674169,3483851.83332807,342.9418029785156,NkuluEP,2020-01-16,2020-01-16 11:27:54.831,11:27:54,55.79255358333333,31.20132316666667
1719,379677.233,Flight2_cam1-001-000275-0,-3098958.483722865,3483858.9516836368,343.1895751953125,NkuluEP,2020-01-16,2020-01-16 11:27:57.233,11:27:57,55.78981797222222,31.202257277777782
1720,379678.701,Flight2_cam1-001-000276-0,-3098971.186513068,3483863.534936891,343.266845703125,NkuluEP,2020-01-16,2020-01-16 11:27:58.701,11:27:58,55.78814608333333,31.202828166666666
1721,379680.703,Flight2_cam1-001-000277-0,-3098987.6576838996,3483869.6380790304,343.41741943359375,NkuluEP,2020-01-16,2020-01-16 11:28:00.703,11:28:00,55.7858660277778,31.203606722222215
1722,379682.705,Flight2_cam1-001-000278-0,-3099004.1023819926,3483875.935597277,343.6405944824219,NkuluEP,2020-01-16,2020-01-16 11:28:02.705,11:28:02,55.783585972222205,31.204385277777785
1723,379685.375,Flight2_cam1-001-000279-0,-3099026.6132232337,3483884.155921897,343.5317687988281,NkuluEP,2020-01-16,2020-01-16 11:28:05.375,11:28:05,55.78054513888889,31.20542361111111
1724,379686.709,Flight2_cam1-001-000280-0,-3099037.9900126634,3483888.2201639963,343.193603515625,NkuluEP,2020-01-16,2020-01-16 11:28:06.709,11:28:06,55.779025861111144,31.20594238888888
1725,379688.711,Flight2_cam1-001-000281-0,-3099054.6806521122,3483894.0179365505,342.8360900878906,NkuluEP,2020-01-16,2020-01-16 11:28:08.711,11:28:08,55.77674580555555,31.20672094444445
1726,379690.713,Flight2_cam1-001-000282-0,-3099070.723381697,3483900.3170306436,342.7529296875,NkuluEP,2020-01-16,2020-01-16 11:28:10.713,11:28:10,55.77446575000001,31.207499499999997
1727,379692.849,Flight2_cam1-001-000283-0,-3099088.274557113,3483907.1065155314,343.1924133300781,NkuluEP,2020-01-16,2020-01-16 11:28:12.849,11:28:12,55.77203308333335,31.208330166666663
1728,379695.251,Flight2_cam1-001-000284-0,-3099108.577189052,3483914.268639547,343.1466979980469,NkuluEP,2020-01-16,2020-01-16 11:28:15.251,11:28:15,55.769297472222235,31.209264277777773
1729,379696.719,Flight2_cam1-001-000285-0,-3099121.3443709766,3483918.868409356,342.861328125,NkuluEP,2020-01-16,2020-01-16 11:28:16.719,11:28:16,55.767625583333356,31.20983516666666
1730,379698.721,Flight2_cam1-001-000286-0,-3099137.9933568975,3483924.9368325635,342.5216979980469,NkuluEP,2020-01-16,2020-01-16 11:28:18.721,11:28:18,55.765345527777754,31.21061372222223
1731,379700.723,Flight2_cam1-001-000287-0,-3099154.3202727083,3483931.058128383,342.5398864746094,NkuluEP,2020-01-16,2020-01-16 11:28:20.723,11:28:20,55.76306547222222,31.211392277777776
1732,379703.393,Flight2_cam1-001-000288-0,-3099177.1444142777,3483939.257873754,342.2947998046875,NkuluEP,2020-01-16,2020-01-16 11:28:23.393,11:28:23,55.760024638888915,31.212430611111103
1733,379704.727,Flight2_cam1-001-000289-0,-3099188.4484318052,3483943.2579541304,342.1238098144531,NkuluEP,2020-01-16,2020-01-16 11:28:24.727,11:28:24,55.7585053611111,31.212949388888894
1734,379706.729,Flight2_cam1-001-000290-0,-3099204.829606108,3483949.210216854,342.0946044921875,NkuluEP,2020-01-16,2020-01-16 11:28:26.729,11:28:26,55.75622530555557,31.213727944444443
1735,379708.731,Flight2_cam1-001-000291-0,-3099220.9883628557,3483955.6585071627,342.0714111328125,NkuluEP,2020-01-16,2020-01-16 11:28:28.731,11:28:28,55.75394524999997,31.214506500000013
1736,379711.267,Flight2_cam1-001-000292-0,-3099241.3486294895,3483963.0485906103,342.7639465332031,NkuluEP,2020-01-16,2020-01-16 11:28:31.267,11:28:31,55.75105702777779,31.21549272222222
1737,379712.735,Flight2_cam1-001-000293-0,-3099254.038348832,3483967.434570529,342.9946594238281,NkuluEP,2020-01-16,2020-01-16 11:28:32.735,11:28:32,55.749385138888904,31.216063611111107
1738,379714.737,Flight2_cam1-001-000294-0,-3099271.1783657577,3483973.6190327625,342.54156494140625,NkuluEP,2020-01-16,2020-01-16 11:28:34.737,11:28:34,55.74710508333331,31.216842166666677
1739,379716.739,Flight2_cam1-001-000295-0,-3099287.3377383896,3483979.660206781,342.24346923828125,NkuluEP,2020-01-16,2020-01-16 11:28:36.739,11:28:36,55.74482502777778,31.21762072222222
1740,379718.875,Flight2_cam1-001-000296-0,-3099304.7784825806,3483986.4753569644,342.4564514160156,NkuluEP,2020-01-16,2020-01-16 11:28:38.875,11:28:38,55.742392361111115,31.218451388888887
1741,379721.277,Flight2_cam1-001-000297-0,-3099323.763439092,3483993.7154482612,343.1164855957031,NkuluEP,2020-01-16,2020-01-16 11:28:41.277,11:28:41,55.73965675,31.2193855
1742,379722.745,Flight2_cam1-001-000298-0,-3099336.518249471,3483998.2057009526,343.34100341796875,NkuluEP,2020-01-16,2020-01-16 11:28:42.745,11:28:42,55.737984861111116,31.21995638888889
1743,379724.747,Flight2_cam1-001-000299-0,-3099353.5062723914,3484004.060898219,343.1054382324219,NkuluEP,2020-01-16,2020-01-16 11:28:44.747,11:28:44,55.735704805555585,31.220734944444434
1744,379726.749,Flight2_cam1-001-000300-0,-3099369.8326235344,3484010.2427384243,342.67877197265625,NkuluEP,2020-01-16,2020-01-16 11:28:46.749,11:28:46,55.73342474999999,31.221513500000004
1745,379729.285,Flight2_cam1-001-000301-0,-3099390.854315789,3484018.0001310655,342.99505615234375,NkuluEP,2020-01-16,2020-01-16 11:28:49.285,11:28:49,55.73053652777781,31.222499722222214
1746,379730.753,Flight2_cam1-001-000302-0,-3099403.6688771164,3484022.7679110225,343.1424255371094,NkuluEP,2020-01-16,2020-01-16 11:28:50.753,11:28:50,55.72886463888886,31.223070611111122
1747,379732.755,Flight2_cam1-001-000303-0,-3099420.5420148927,3484028.9678966226,342.8979187011719,NkuluEP,2020-01-16,2020-01-16 11:28:52.755,11:28:52,55.72658458333333,31.223849166666668
1748,379734.757,Flight2_cam1-001-000304-0,-3099436.6736997734,3484034.891027481,343.0362243652344,NkuluEP,2020-01-16,2020-01-16 11:28:54.757,11:28:54,55.7243045277778,31.224627722222216
1749,379736.759,Flight2_cam1-001-000305-0,-3099452.9844974,3484041.037760233,343.22735595703125,NkuluEP,2020-01-16,2020-01-16 11:28:56.759,11:28:56,55.7220244722222,31.225406277777786
1750,379739.295,Flight2_cam1-001-000306-0,-3099474.0910005667,3484048.7844028664,343.54144287109375,NkuluEP,2020-01-16,2020-01-16 11:28:59.295,11:28:59,55.71913625000002,31.226392499999992
1751,379740.763,Flight2_cam1-001-000307-0,-3099487.3422751147,3484053.3000852135,343.37591552734375,NkuluEP,2020-01-16,2020-01-16 11:29:00.763,11:29:00,55.71746436111114,31.22696338888888
1752,379742.765,Flight2_cam1-001-000308-0,-3099503.8656958267,3484059.409294865,342.76373291015625,NkuluEP,2020-01-16,2020-01-16 11:29:02.765,11:29:02,55.71518430555554,31.22774194444445
1753,379744.767,Flight2_cam1-001-000309-0,-3099519.758711345,3484065.431247015,342.798583984375,NkuluEP,2020-01-16,2020-01-16 11:29:04.767,11:29:04,55.71290425000001,31.2285205
1754,379747.303,Flight2_cam1-001-000310-0,-3099540.4580506166,3484072.905945637,343.5131530761719,NkuluEP,2020-01-16,2020-01-16 11:29:07.303,11:29:07,55.71001602777776,31.22950672222223
1755,379748.771,Flight2_cam1-001-000311-0,-3099553.1847466654,3484077.566893061,343.8497009277344,NkuluEP,2020-01-16,2020-01-16 11:29:08.771,11:29:08,55.70834413888888,31.230077611111113
1756,379750.773,Flight2_cam1-001-000312-0,-3099569.8272342775,3484083.645361939,343.8562316894531,NkuluEP,2020-01-16,2020-01-16 11:29:10.773,11:29:10,55.70606408333335,31.230856166666662
1757,379752.775,Flight2_cam1-001-000313-0,-3099586.4583453243,3484089.711910763,344.06396484375,NkuluEP,2020-01-16,2020-01-16 11:29:12.775,11:29:12,55.70378402777775,31.231634722222232
1758,379755.311,Flight2_cam1-001-000314-0,-3099607.6238469547,3484097.629233045,343.8801574707031,NkuluEP,2020-01-16,2020-01-16 11:29:15.311,11:29:15,55.700895805555575,31.232620944444438
1759,379756.779,Flight2_cam1-001-000315-0,-3099620.1364728343,3484102.287326691,343.7335510253906,NkuluEP,2020-01-16,2020-01-16 11:29:16.779,11:29:16,55.69922391666669,31.233191833333326
1760,379758.781,Flight2_cam1-001-000316-0,-3099636.674019895,3484108.2955380455,343.63238525390625,NkuluEP,2020-01-16,2020-01-16 11:29:18.781,11:29:18,55.696943861111095,31.233970388888896
1761,379760.783,Flight2_cam1-001-000317-0,-3099653.142757828,3484114.3649042947,343.6168518066406,NkuluEP,2020-01-16,2020-01-16 11:29:20.783,11:29:20,55.694663805555564,31.234748944444444
1762,379762.785,Flight2_cam1-001-000318-0,-3099669.7466398072,3484120.574085355,343.3351135253906,NkuluEP,2020-01-16,2020-01-16 11:29:22.785,11:29:22,55.69238375000003,31.23552749999999
1763,379765.321,Flight2_cam1-001-000319-0,-3099691.099477579,3484128.3048632345,342.9783020019531,NkuluEP,2020-01-16,2020-01-16 11:29:25.321,11:29:25,55.68949552777779,31.23651372222222
1764,379766.655,Flight2_cam1-001-000320-0,-3099702.368726486,3484132.3589452542,342.868408203125,NkuluEP,2020-01-16,2020-01-16 11:29:26.655,11:29:26,55.68797624999997,31.237032500000012
1765,379768.657,Flight2_cam1-001-000321-0,-3099718.951072644,3484138.461575125,342.7898254394531,NkuluEP,2020-01-16,2020-01-16 11:29:28.657,11:29:28,55.68569619444444,31.237811055555557
1766,379770.659,Flight2_cam1-001-000322-0,-3099735.349384985,3484144.3370670583,342.8393859863281,NkuluEP,2020-01-16,2020-01-16 11:29:30.659,11:29:30,55.68341613888891,31.238589611111106
1767,379773.329,Flight2_cam1-001-000323-0,-3099757.492480072,3484152.1497437474,343.4112243652344,NkuluEP,2020-01-16,2020-01-16 11:29:33.329,11:29:33,55.68037530555553,31.239627944444454
1768,379774.663,Flight2_cam1-001-000324-0,-3099768.3716472494,3484156.3703249833,343.6804504394531,NkuluEP,2020-01-16,2020-01-16 11:29:34.663,11:29:34,55.678856027777776,31.24014672222222
1769,379776.665,Flight2_cam1-001-000325-0,-3099785.021074867,3484162.7304269164,343.9996032714844,NkuluEP,2020-01-16,2020-01-16 11:29:36.665,11:29:36,55.676575972222246,31.24092527777777
1770,379778.667,Flight2_cam1-001-000326-0,-3099801.5596509334,3484168.9590213206,344.0913391113281,NkuluEP,2020-01-16,2020-01-16 11:29:38.667,11:29:38,55.67429591666665,31.24170383333334
1771,379781.337,Flight2_cam1-001-000327-0,-3099824.0803061826,3484177.2977898167,344.2613830566406,NkuluEP,2020-01-16,2020-01-16 11:29:41.337,11:29:41,55.671255083333335,31.242742166666666
1772,379782.671,Flight2_cam1-001-000328-0,-3099835.3058079924,3484181.3969163373,344.1823425292969,NkuluEP,2020-01-16,2020-01-16 11:29:42.671,11:29:42,55.66973580555559,31.243260944444433
1773,379784.673,Flight2_cam1-001-000329-0,-3099852.2023047917,3484187.4572725813,343.5701904296875,NkuluEP,2020-01-16,2020-01-16 11:29:44.673,11:29:44,55.66745574999999,31.244039500000003
1774,379786.675,Flight2_cam1-001-000330-0,-3099867.554749109,3484193.4482814097,342.9691162109375,NkuluEP,2020-01-16,2020-01-16 11:29:46.675,11:29:46,55.66517569444446,31.24481805555555
1775,379788.811,Flight2_cam1-001-000331-0,-3099885.4709819485,3484199.953156507,343.18310546875,NkuluEP,2020-01-16,2020-01-16 11:29:48.811,11:29:48,55.66274302777779,31.245648722222217
1776,379791.213,Flight2_cam1-001-000332-0,-3099906.3237926606,3484207.4146570447,342.5414733886719,NkuluEP,2020-01-16,2020-01-16 11:29:51.213,11:29:51,55.66000741666668,31.246582833333328
1777,379792.681,Flight2_cam1-001-000333-0,-3099917.5829592487,3484211.7236356405,342.5223388671875,NkuluEP,2020-01-16,2020-01-16 11:29:52.681,11:29:52,55.6583355277778,31.247153722222215
1778,379794.683,Flight2_cam1-001-000334-0,-3099933.5515757534,3484217.7315780288,343.1664733886719,NkuluEP,2020-01-16,2020-01-16 11:29:54.683,11:29:54,55.6560554722222,31.247932277777785
1779,379796.685,Flight2_cam1-001-000335-0,-3099950.2300472003,3484223.7388785467,343.38702392578125,NkuluEP,2020-01-16,2020-01-16 11:29:56.685,11:29:56,55.65377541666667,31.248710833333334
1780,379799.355,Flight2_cam1-001-000336-0,-3099972.9935727594,3484231.961380841,343.1623229980469,NkuluEP,2020-01-16,2020-01-16 11:29:59.355,11:29:59,55.65073458333336,31.24974916666666
1781,379800.689,Flight2_cam1-001-000337-0,-3099984.337621233,3484235.988609538,342.992919921875,NkuluEP,2020-01-16,2020-01-16 11:30:00.689,11:30:00,55.64921530555554,31.25026794444445
1782,379802.691,Flight2_cam1-001-000338-0,-3100000.9109217464,3484242.0819880157,342.7823791503906,NkuluEP,2020-01-16,2020-01-16 11:30:02.691,11:30:02,55.64693525000001,31.251046499999998
1783,379804.693,Flight2_cam1-001-000339-0,-3100017.3613729626,3484248.24268128,342.6355285644531,NkuluEP,2020-01-16,2020-01-16 11:30:04.693,11:30:04,55.64465519444441,31.251825055555567
1784,379807.363,Flight2_cam1-001-000340-0,-3100039.8357152943,3484256.475830372,343.1083068847656,NkuluEP,2020-01-16,2020-01-16 11:30:07.363,11:30:07,55.6416143611111,31.252863388888894
1785,379808.697,Flight2_cam1-001-000341-0,-3100051.0111337556,3484260.737427385,343.2057189941406,NkuluEP,2020-01-16,2020-01-16 11:30:08.697,11:30:08,55.64009508333335,31.25338216666666
1786,379810.699,Flight2_cam1-001-000342-0,-3100067.501657775,3484266.7973054647,343.00384521484375,NkuluEP,2020-01-16,2020-01-16 11:30:10.699,11:30:10,55.637815027777755,31.25416072222223
1787,379812.701,Flight2_cam1-001-000343-0,-3100083.9911155077,3484272.867984762,342.9405517578125,NkuluEP,2020-01-16,2020-01-16 11:30:12.701,11:30:12,55.635534972222224,31.25493927777778
1788,379814.837,Flight2_cam1-001-000344-0,-3100101.8489347585,3484279.5193989747,342.9412841796875,NkuluEP,2020-01-16,2020-01-16 11:30:14.837,11:30:14,55.63310230555556,31.255769944444445
1789,379817.372,Flight2_cam1-001-000345-0,-3100123.2205843627,3484287.466150578,342.8982238769531,NkuluEP,2020-01-16,2020-01-16 11:30:17.372,11:30:17,55.630215222222255,31.25675577777777
1790,379818.707,Flight2_cam1-001-000346-0,-3100134.5267923856,3484291.6379800113,342.7272644042969,NkuluEP,2020-01-16,2020-01-16 11:30:18.707,11:30:18,55.62869480555556,31.257274944444443
1791,379820.709,Flight2_cam1-001-000347-0,-3100150.984097807,3484297.738516762,342.732177734375,NkuluEP,2020-01-16,2020-01-16 11:30:20.709,11:30:20,55.62641475000003,31.25805349999999
1792,379823.645,Flight2_cam1-001-000348-0,-3100175.6819044845,3484306.8217661786,342.5127258300781,NkuluEP,2020-01-16,2020-01-16 11:30:23.645,11:30:23,55.6230709722222,31.259195277777785
1793,379826.181,Flight2_cam1-001-000349-0,-3100196.7113109813,3484314.4373576576,342.2301940917969,NkuluEP,2020-01-16,2020-01-16 11:30:26.181,11:30:26,55.62018275000002,31.260181499999995
1794,379826.715,Flight2_cam1-001-000350-0,-3100201.3007076015,3484316.032390417,342.2261962890625,NkuluEP,2020-01-16,2020-01-16 11:30:26.715,11:30:26,55.6195745833333,31.260389166666677
1795,379828.717,Flight2_cam1-001-000351-0,-3100217.806834667,3484321.9272255218,342.4890441894531,NkuluEP,2020-01-16,2020-01-16 11:30:28.717,11:30:28,55.61729452777777,31.261167722222226
1796,379830.719,Flight2_cam1-001-000352-0,-3100234.5162434066,3484328.124817536,342.5485534667969,NkuluEP,2020-01-16,2020-01-16 11:30:30.719,11:30:30,55.61501447222224,31.26194627777777
1797,379832.721,Flight2_cam1-001-000353-0,-3100251.039455781,3484333.9178141467,342.5483703613281,NkuluEP,2020-01-16,2020-01-16 11:30:32.721,11:30:32,55.61273441666665,31.26272483333334
1798,379835.39,Flight2_cam1-001-000354-0,-3100273.669457307,3484342.425176819,342.478759765625,NkuluEP,2020-01-16,2020-01-16 11:30:35.390,11:30:35,55.60969472222221,31.26376277777778
1799,379836.725,Flight2_cam1-001-000355-0,-3100284.72518083,3484346.736530937,342.42071533203125,NkuluEP,2020-01-16,2020-01-16 11:30:36.725,11:30:36,55.608174305555586,31.264281944444434
1800,379838.727,Flight2_cam1-001-000356-0,-3100301.079231698,3484352.7318465663,342.9143371582031,NkuluEP,2020-01-16,2020-01-16 11:30:38.727,11:30:38,55.605894249999984,31.265060500000004
1801,379840.729,Flight2_cam1-001-000357-0,-3100317.7396667344,3484358.7882307437,343.1713562011719,NkuluEP,2020-01-16,2020-01-16 11:30:40.729,11:30:40,55.603614194444454,31.265839055555553
1802,379842.864,Flight2_cam1-001-000358-0,-3100335.979382678,3484365.36902869,342.7714538574219,NkuluEP,2020-01-16,2020-01-16 11:30:42.864,11:30:42,55.601182666666666,31.266669333333333
1803,379845.267,Flight2_cam1-001-000359-0,-3100356.060507599,3484372.7044538,342.9361267089844,NkuluEP,2020-01-16,2020-01-16 11:30:45.267,11:30:45,55.59844591666668,31.26760383333333
1804,379846.735,Flight2_cam1-001-000360-0,-3100368.0450421968,3484377.176114088,343.0294189453125,NkuluEP,2020-01-16,2020-01-16 11:30:46.735,11:30:46,55.5967740277778,31.268174722222216
1805,379848.737,Flight2_cam1-001-000361-0,-3100384.579039056,3484383.5185186383,342.85992431640625,NkuluEP,2020-01-16,2020-01-16 11:30:48.737,11:30:48,55.594493972222196,31.268953277777786
1806,379850.739,Flight2_cam1-001-000362-0,-3100401.040125587,3484389.537298869,343.1707458496094,NkuluEP,2020-01-16,2020-01-16 11:30:50.739,11:30:50,55.592213916666665,31.269731833333335
1807,379853.408,Flight2_cam1-001-000363-0,-3100423.548307057,3484397.7594893407,343.490478515625,NkuluEP,2020-01-16,2020-01-16 11:30:53.408,11:30:53,55.589174222222226,31.270769777777776
1808,379854.743,Flight2_cam1-001-000364-0,-3100434.8038216946,3484401.840513441,343.4513244628906,NkuluEP,2020-01-16,2020-01-16 11:30:54.743,11:30:54,55.58765380555554,31.27128894444445
1809,379856.745,Flight2_cam1-001-000365-0,-3100450.177943353,3484409.644787352,342.94940185546875,NkuluEP,2020-01-16,2020-01-16 11:30:56.745,11:30:56,55.58537375000001,31.2720675
1810,379858.747,Flight2_cam1-001-000366-0,-3100454.8488020776,3484419.6628020993,342.8134460449219,NkuluEP,2020-01-16,2020-01-16 11:30:58.747,11:30:58,55.58309369444448,31.272846055555547
1811,379860.882,Flight2_cam1-001-000367-0,-3100444.7796826237,3484430.572753606,342.5398864746094,NkuluEP,2020-01-16,2020-01-16 11:31:00.882,11:31:00,55.580662166666684,31.273676333333327
1812,379863.285,Flight2_cam1-001-000368-0,-3100425.0498582344,3484439.5937807956,342.60223388671875,NkuluEP,2020-01-16,2020-01-16 11:31:03.285,11:31:03,55.577925416666695,31.274610833333323
1813,379864.753,Flight2_cam1-001-000369-0,-3100414.8904827167,3484444.000591936,342.6340026855469,NkuluEP,2020-01-16,2020-01-16 11:31:04.753,11:31:04,55.57625352777775,31.275181722222232
1814,379866.755,Flight2_cam1-001-000370-0,-3100401.215769653,3484450.310059608,342.6609802246094,NkuluEP,2020-01-16,2020-01-16 11:31:06.755,11:31:06,55.57397347222222,31.27596027777778
1815,379868.757,Flight2_cam1-001-000371-0,-3100386.629221516,3484457.424962544,342.6495056152344,NkuluEP,2020-01-16,2020-01-16 11:31:08.757,11:31:08,55.57169341666669,31.276738833333326
1816,379871.293,Flight2_cam1-001-000372-0,-3100365.910936709,3484465.2857033866,342.6718444824219,NkuluEP,2020-01-16,2020-01-16 11:31:11.293,11:31:11,55.56880519444444,31.277725055555557
1817,379872.761,Flight2_cam1-001-000373-0,-3100352.8233489087,3484468.1637309063,342.6815490722656,NkuluEP,2020-01-16,2020-01-16 11:31:12.761,11:31:12,55.56713330555556,31.278295944444444
1818,379874.763,Flight2_cam1-001-000374-0,-3100335.396367635,3484469.4662454403,342.6104431152344,NkuluEP,2020-01-16,2020-01-16 11:31:14.763,11:31:14,55.56485325000003,31.27907449999999
1819,379876.765,Flight2_cam1-001-000375-0,-3100317.9185871743,3484468.2817780315,342.6339416503906,NkuluEP,2020-01-16,2020-01-16 11:31:16.765,11:31:16,55.56257319444443,31.27985305555556
1820,379878.767,Flight2_cam1-001-000376-0,-3100300.0440546023,3484464.4014540804,342.4563903808594,NkuluEP,2020-01-16,2020-01-16 11:31:18.767,11:31:18,55.5602931388889,31.280631611111108
1821,379881.303,Flight2_cam1-001-000377-0,-3100278.7437474686,3484456.732175111,342.507080078125,NkuluEP,2020-01-16,2020-01-16 11:31:21.303,11:31:21,55.557404916666655,31.28161783333334
1822,379882.771,Flight2_cam1-001-000378-0,-3100266.9468838517,3484452.232304577,342.49456787109375,NkuluEP,2020-01-16,2020-01-16 11:31:22.771,11:31:22,55.55573302777777,31.282188722222227
1823,379884.773,Flight2_cam1-001-000379-0,-3100250.711392506,3484446.2749509146,342.45941162109375,NkuluEP,2020-01-16,2020-01-16 11:31:24.773,11:31:24,55.55345297222224,31.28296727777777
1824,379886.775,Flight2_cam1-001-000380-0,-3100233.623774195,3484440.3530829856,342.44830322265625,NkuluEP,2020-01-16,2020-01-16 11:31:26.775,11:31:26,55.551172916666644,31.28374583333334
1825,379889.311,Flight2_cam1-001-000381-0,-3100212.5982285244,3484432.6374701806,342.52191162109375,NkuluEP,2020-01-16,2020-01-16 11:31:29.311,11:31:29,55.54828469444446,31.28473205555555
1826,379890.779,Flight2_cam1-001-000382-0,-3100200.541642761,3484428.2807101724,342.5483093261719,NkuluEP,2020-01-16,2020-01-16 11:31:30.779,11:31:30,55.54661280555558,31.285302944444435
1827,379892.781,Flight2_cam1-001-000383-0,-3100183.8024821915,3484422.38437273,342.5827941894531,NkuluEP,2020-01-16,2020-01-16 11:31:32.781,11:31:32,55.54433274999998,31.286081500000005
1828,379894.783,Flight2_cam1-001-000384-0,-3100167.32293562,3484416.2970057335,342.630859375,NkuluEP,2020-01-16,2020-01-16 11:31:34.783,11:31:34,55.54205269444445,31.286860055555554
1829,379896.785,Flight2_cam1-001-000385-0,-3100150.0955831786,3484409.724366009,342.62579345703125,NkuluEP,2020-01-16,2020-01-16 11:31:36.785,11:31:36,55.53977263888892,31.287638611111102
1830,379899.321,Flight2_cam1-001-000386-0,-3100129.208272041,3484401.8524455624,342.5400695800781,NkuluEP,2020-01-16,2020-01-16 11:31:39.321,11:31:39,55.53688441666667,31.288624833333333
1831,379900.789,Flight2_cam1-001-000387-0,-3100117.274575609,3484397.8700383534,342.5494079589844,NkuluEP,2020-01-16,2020-01-16 11:31:40.789,11:31:40,55.535212527777794,31.289195722222217
1832,379902.791,Flight2_cam1-001-000388-0,-3100100.586252979,3484391.6702532847,342.55126953125,NkuluEP,2020-01-16,2020-01-16 11:31:42.791,11:31:42,55.53293247222219,31.289974277777787
1833,379904.793,Flight2_cam1-001-000389-0,-3100083.6172487773,3484385.247662023,342.71697998046875,NkuluEP,2020-01-16,2020-01-16 11:31:44.793,11:31:44,55.53065241666666,31.290752833333336
1834,379907.328,Flight2_cam1-001-000390-0,-3100062.343272151,3484377.2253003996,343.0854187011719,NkuluEP,2020-01-16,2020-01-16 11:31:47.328,11:31:47,55.527765333333356,31.29173866666666
1835,379908.663,Flight2_cam1-001-000391-0,-3100051.6925261267,3484373.3996107643,343.0840148925781,NkuluEP,2020-01-16,2020-01-16 11:31:48.663,11:31:48,55.52624491666667,31.292257833333334
1836,379910.799,Flight2_cam1-001-000392-0,-3100033.8173311576,3484366.89599072,343.1551818847656,NkuluEP,2020-01-16,2020-01-16 11:31:50.799,11:31:50,55.523812250000006,31.2930885
1837,379912.667,Flight2_cam1-001-000393-0,-3100017.701579485,3484360.993828492,342.96783447265625,NkuluEP,2020-01-16,2020-01-16 11:31:52.667,11:31:52,55.52168480555554,31.29381494444445
1838,379915.336,Flight2_cam1-001-000394-0,-3099996.144201326,3484353.0997105874,342.8174743652344,NkuluEP,2020-01-16,2020-01-16 11:31:55.336,11:31:55,55.5186451111111,31.294852888888894
1839,379916.671,Flight2_cam1-001-000395-0,-3099984.952553801,3484349.024584705,342.9434509277344,NkuluEP,2020-01-16,2020-01-16 11:31:56.671,11:31:56,55.517124694444476,31.295372055555546
1840,379918.673,Flight2_cam1-001-000396-0,-3099968.3154387926,3484342.7447109856,343.0683288574219,NkuluEP,2020-01-16,2020-01-16 11:31:58.673,11:31:58,55.51484463888888,31.296150611111116
1841,379920.675,Flight2_cam1-001-000397-0,-3099950.7889388343,3484336.6239214735,342.9014587402344,NkuluEP,2020-01-16,2020-01-16 11:32:00.675,11:32:00,55.51256458333335,31.29692916666666
1842,379923.344,Flight2_cam1-001-000398-0,-3099928.9617787376,3484328.4021901726,342.6142578125,NkuluEP,2020-01-16,2020-01-16 11:32:03.344,11:32:03,55.50952488888891,31.297967111111106
1843,379924.679,Flight2_cam1-001-000399-0,-3099917.828707738,3484324.177626693,342.3808898925781,NkuluEP,2020-01-16,2020-01-16 11:32:04.679,11:32:04,55.50800447222222,31.29848627777778
1844,379926.681,Flight2_cam1-001-000400-0,-3099901.5171542633,3484318.2145845294,342.1979064941406,NkuluEP,2020-01-16,2020-01-16 11:32:06.681,11:32:06,55.50572441666669,31.299264833333325
1845,379928.683,Flight2_cam1-001-000401-0,-3099884.0420203363,3484311.946555858,342.1505432128906,NkuluEP,2020-01-16,2020-01-16 11:32:08.683,11:32:08,55.50344436111109,31.300043388888895
1846,379931.352,Flight2_cam1-001-000402-0,-3099862.413285751,3484304.2014109935,342.3613586425781,NkuluEP,2020-01-16,2020-01-16 11:32:11.352,11:32:11,55.500404666666654,31.30108133333334
1847,379932.687,Flight2_cam1-001-000403-0,-3099851.0436408613,3484299.925136281,342.4410095214844,NkuluEP,2020-01-16,2020-01-16 11:32:12.687,11:32:12,55.49888425000003,31.301600499999992
1848,379934.689,Flight2_cam1-001-000404-0,-3099834.3603633284,3484293.451813308,342.39447021484375,NkuluEP,2020-01-16,2020-01-16 11:32:14.689,11:32:14,55.49660419444443,31.302379055555562
1849,379936.691,Flight2_cam1-001-000405-0,-3099818.0853642896,3484287.2940810244,342.36370849609375,NkuluEP,2020-01-16,2020-01-16 11:32:16.691,11:32:16,55.4943241388889,31.303157611111107
1850,379938.826,Flight2_cam1-001-000406-0,-3099800.0436240984,3484280.879258319,342.35882568359375,NkuluEP,2020-01-16,2020-01-16 11:32:18.826,11:32:18,55.49189261111111,31.30398788888889
1851,379941.229,Flight2_cam1-001-000407-0,-3099779.635960417,3484273.450708191,342.42523193359375,NkuluEP,2020-01-16,2020-01-16 11:32:21.229,11:32:21,55.48915586111112,31.304922388888887
1852,379942.697,Flight2_cam1-001-000408-0,-3099767.8038318693,3484269.367087002,342.3729553222656,NkuluEP,2020-01-16,2020-01-16 11:32:22.697,11:32:22,55.48748397222224,31.30549327777777
1853,379944.699,Flight2_cam1-001-000409-0,-3099750.951417519,3484263.1138672493,342.3362731933594,NkuluEP,2020-01-16,2020-01-16 11:32:24.699,11:32:24,55.48520391666664,31.30627183333334
1854,379946.701,Flight2_cam1-001-000410-0,-3099733.9674288603,3484256.440204014,342.2549743652344,NkuluEP,2020-01-16,2020-01-16 11:32:26.701,11:32:26,55.48292386111111,31.30705038888889
1855,379949.37,Flight2_cam1-001-000411-0,-3099712.016085198,3484248.3668550155,342.254638671875,NkuluEP,2020-01-16,2020-01-16 11:32:29.370,11:32:29,55.47988416666667,31.30808833333333
1856,379950.705,Flight2_cam1-001-000412-0,-3099700.6582836327,3484244.2800274147,342.1756591796875,NkuluEP,2020-01-16,2020-01-16 11:32:30.705,11:32:30,55.478363749999986,31.308607500000008
1857,379952.707,Flight2_cam1-001-000413-0,-3099684.1631162427,3484238.526201754,342.1851501464844,NkuluEP,2020-01-16,2020-01-16 11:32:32.707,11:32:32,55.476083694444455,31.309386055555553
1858,379954.709,Flight2_cam1-001-000414-0,-3099667.4065477364,3484232.49091584,342.14166259765625,NkuluEP,2020-01-16,2020-01-16 11:32:34.709,11:32:34,55.473803638888924,31.3101646111111
1859,379956.844,Flight2_cam1-001-000415-0,-3099649.606458441,3484225.806035809,342.0634765625,NkuluEP,2020-01-16,2020-01-16 11:32:36.844,11:32:36,55.47137211111113,31.31099488888888
1860,379959.247,Flight2_cam1-001-000416-0,-3099629.020988167,3484218.0527292215,342.04595947265625,NkuluEP,2020-01-16,2020-01-16 11:32:39.247,11:32:39,55.46863536111114,31.311929388888878
1861,379960.715,Flight2_cam1-001-000417-0,-3099617.0217030086,3484213.6433671257,342.0942077636719,NkuluEP,2020-01-16,2020-01-16 11:32:40.715,11:32:40,55.4669634722222,31.312500277777787
1862,379962.717,Flight2_cam1-001-000418-0,-3099600.638755501,3484207.76922306,342.2109680175781,NkuluEP,2020-01-16,2020-01-16 11:32:42.717,11:32:42,55.46468341666667,31.313278833333335
1863,379964.719,Flight2_cam1-001-000419-0,-3099583.502250367,3484201.4276491525,342.18402099609375,NkuluEP,2020-01-16,2020-01-16 11:32:44.719,11:32:44,55.462403361111136,31.314057388888884
1864,379967.388,Flight2_cam1-001-000420-0,-3099561.7261713855,3484193.3439544616,342.21478271484375,NkuluEP,2020-01-16,2020-01-16 11:32:47.388,11:32:47,55.4593636666667,31.315095333333325
1865,379968.723,Flight2_cam1-001-000421-0,-3099550.517302075,3484189.2212394867,342.24468994140625,NkuluEP,2020-01-16,2020-01-16 11:32:48.723,11:32:48,55.45784325,31.3156145
1866,379970.725,Flight2_cam1-001-000422-0,-3099534.012055164,3484183.1226181914,342.20751953125,NkuluEP,2020-01-16,2020-01-16 11:32:50.725,11:32:50,55.45556319444447,31.316393055555547
1867,379972.727,Flight2_cam1-001-000423-0,-3099516.793277432,3484176.8007549993,342.16229248046875,NkuluEP,2020-01-16,2020-01-16 11:32:52.727,11:32:52,55.45328313888888,31.317171611111117
1868,379975.396,Flight2_cam1-001-000424-0,-3099494.877671694,3484168.9737111568,342.18011474609375,NkuluEP,2020-01-16,2020-01-16 11:32:55.396,11:32:55,55.45024344444444,31.31820955555556
1869,379976.731,Flight2_cam1-001-000425-0,-3099483.590804998,3484164.776243647,342.1561279296875,NkuluEP,2020-01-16,2020-01-16 11:32:56.731,11:32:56,55.448723027777746,31.318728722222232
1870,379978.733,Flight2_cam1-001-000426-0,-3099469.062785559,3484159.5207518153,342.1746520996094,NkuluEP,2020-01-16,2020-01-16 11:32:58.733,11:32:58,55.446442972222215,31.31950727777778
1871,379980.735,Flight2_cam1-001-000427-0,-3099457.587449632,3484155.761742932,342.1531066894531,NkuluEP,2020-01-16,2020-01-16 11:33:00.735,11:33:00,55.444162916666684,31.32028583333333
1872,379982.87,Flight2_cam1-001-000428-0,-3099442.393470225,3484150.6943786815,341.9751892089844,NkuluEP,2020-01-16,2020-01-16 11:33:02.870,11:33:02,55.4417313888889,31.32111611111111
1873,379985.273,Flight2_cam1-001-000429-0,-3099426.289764382,3484145.3972013933,342.02825927734375,NkuluEP,2020-01-16,2020-01-16 11:33:05.273,11:33:05,55.43899463888891,31.322050611111106
1874,379986.741,Flight2_cam1-001-000430-0,-3099417.6539961556,3484142.4877399057,341.2798156738281,NkuluEP,2020-01-16,2020-01-16 11:33:06.741,11:33:06,55.43732275000002,31.322621499999993
1875,379989.143,Flight2_cam1-001-000431-0,-3099402.6867097653,3484141.31681632,335.88995361328125,NkuluEP,2020-01-16,2020-01-16 11:33:09.143,11:33:09,55.434587138888915,31.323555611111104
1876,379990.745,Flight2_cam1-001-000432-0,-3099389.0010094885,3484142.5864820215,330.9512023925781,NkuluEP,2020-01-16,2020-01-16 11:33:10.745,11:33:10,55.432762638888896,31.32417861111111
1877,379994.215,Flight2_cam1-001-000433-0,-3099363.1048843144,3484138.1658749017,320.80242919921875,NkuluEP,2020-01-16,2020-01-16 11:33:14.215,11:33:14,55.428810694444415,31.325528055555566
1878,379994.749,Flight2_cam1-001-000434-0,-3099359.9057514044,3484135.3435980524,319.14825439453125,NkuluEP,2020-01-16,2020-01-16 11:33:14.749,11:33:14,55.42820252777777,31.325735722222227
1879,379996.751,Flight2_cam1-001-000435-0,-3099356.8797537945,3484122.2768332576,313.1351013183594,NkuluEP,2020-01-16,2020-01-16 11:33:16.751,11:33:16,55.42592247222224,31.326514277777772
1880,379998.753,Flight2_cam1-001-000436-0,-3099368.7638108386,3484114.789646501,307.28814697265625,NkuluEP,2020-01-16,2020-01-16 11:33:18.753,11:33:18,55.42364241666664,31.327292833333342
1881,380000.755,Flight2_cam1-001-000437-0,-3099383.2984086433,3484125.7606426207,301.3991394042969,NkuluEP,2020-01-16,2020-01-16 11:33:20.755,11:33:20,55.42136236111111,31.32807138888889
1882,380003.29,Flight2_cam1-001-000438-0,-3099378.13335383,3484142.3236247054,293.9720764160156,NkuluEP,2020-01-16,2020-01-16 11:33:23.290,11:33:23,55.4184752777778,31.329057222222215
1883,380006.093,Flight2_cam1-001-000439-0,-3099362.135285408,3484138.885455604,287.3616638183594,NkuluEP,2020-01-16,2020-01-16 11:33:26.093,11:33:26,55.41528297222223,31.330147277777776
1884,380006.761,Flight2_cam1-001-000440-0,-3099358.7463609716,3484136.0191466007,285.8612976074219,NkuluEP,2020-01-16,2020-01-16 11:33:26.761,11:33:26,55.414522194444444,31.330407055555554
1885,380008.763,Flight2_cam1-001-000441-0,-3099349.1920537087,3484126.3627043767,280.9872741699219,NkuluEP,2020-01-16,2020-01-16 11:33:28.763,11:33:28,55.412242138888914,31.331185611111103
1886,380010.765,Flight2_cam1-001-000442-0,-3099342.6499601007,3484119.4594501522,276.9806213378906,NkuluEP,2020-01-16,2020-01-16 11:33:30.765,11:33:30,55.40996208333332,31.331964166666673
1887,380012.767,Flight2_cam1-001-000443-0,-3099337.5018044594,3484114.427894424,273.6281433105469,NkuluEP,2020-01-16,2020-01-16 11:33:32.767,11:33:32,55.40768202777779,31.332742722222218
1888,380015.302,Flight2_cam1-001-000444-0,-3099331.663541062,3484111.1820691056,269.1477966308594,NkuluEP,2020-01-16,2020-01-16 11:33:35.302,11:33:35,55.40479494444442,31.333728555555567
1889,380016.771,Flight2_cam1-001-000445-0,-3099328.812448184,3484112.164206645,266.89068603515625,NkuluEP,2020-01-16,2020-01-16 11:33:36.771,11:33:36,55.40312191666666,31.334299833333336
1890,380018.772,Flight2_cam1-001-000446-0,-3099330.359653166,3484115.335065677,265.1941223144531,NkuluEP,2020-01-16,2020-01-16 11:33:38.772,11:33:38,55.400843,31.335078
1891,380022.243,Flight2_cam1-001-000447-0,-3099329.6319261994,3484111.2760173804,262.5732116699219,NkuluEP,2020-01-16,2020-01-16 11:33:42.243,11:33:42,55.39688991666665,31.33642783333334
1892,380022.776,Flight2_cam1-001-000448-0,-3099328.648506508,3484110.21254936,262.01800537109375,NkuluEP,2020-01-16,2020-01-16 11:33:42.776,11:33:42,55.39628288888888,31.336635111111114
1893,380024.778,Flight2_cam1-001-000449-0,-3099327.8855933347,3484108.7258988344,261.6362609863281,NkuluEP,2020-01-16,2020-01-16 11:33:44.778,11:33:44,55.394002833333346,31.337413666666663
1894,380026.78,Flight2_cam1-001-000450-0,-3099328.0612192834,3484108.710785882,261.684814453125,NkuluEP,2020-01-16,2020-01-16 11:33:46.780,11:33:46,55.391722777777744,31.338192222222233
1895,380028.782,Flight2_cam1-001-000451-0,-3099327.9588708286,3484108.7415238675,261.2386169433594,NkuluEP,2020-01-16,2020-01-16 11:33:48.782,11:33:48,55.38944272222221,31.33897077777778
1896,380031.318,Flight2_cam1-001-000452-0,-3099326.1104015987,3484108.114296645,260.090087890625,NkuluEP,2020-01-16,2020-01-16 11:33:51.318,11:33:51,55.38655449999997,31.339957000000012
1897,380032.786,Flight2_cam1-001-000453-0,-3099325.3000639263,3484108.0761866197,259.4484558105469,NkuluEP,2020-01-16,2020-01-16 11:33:52.786,11:33:52,55.38488261111109,31.340527888888897
1898,380034.788,Flight2_cam1-001-000454-0,-3099324.323046927,3484107.6398019544,258.3081970214844,NkuluEP,2020-01-16,2020-01-16 11:33:54.788,11:33:54,55.38260255555556,31.341306444444445
1899,380036.79,Flight2_cam1-001-000455-0,-3099322.544570502,3484106.507938825,256.42022705078125,NkuluEP,2020-01-16,2020-01-16 11:33:56.790,11:33:56,55.38032250000003,31.34208499999999
1900,380038.792,Flight2_cam1-001-000456-0,-3099321.400119747,3484105.497291306,254.9129638671875,NkuluEP,2020-01-16,2020-01-16 11:33:58.792,11:33:58,55.378042444444425,31.34286355555556
1901,380041.328,Flight2_cam1-001-000457-0,-3099320.5499695074,3484105.003498084,252.96994018554688,NkuluEP,2020-01-16,2020-01-16 11:34:01.328,11:34:01,55.37515422222225,31.34384977777777
1902,380042.796,Flight2_cam1-001-000458-0,-3099320.074897337,3484104.283843766,251.8681182861328,NkuluEP,2020-01-16,2020-01-16 11:34:02.796,11:34:02,55.373482333333364,31.344420666666657
1903,380044.665,Flight2_cam1-001-000459-0,-3099318.9031514535,3484103.795462785,250.4168243408203,NkuluEP,2020-01-16,2020-01-16 11:34:04.665,11:34:04,55.371353750000026,31.345147499999992
1904,380046.667,Flight2_cam1-001-000460-0,-3099318.3376076287,3484103.9264752422,249.3082733154297,NkuluEP,2020-01-16,2020-01-16 11:34:06.667,11:34:06,55.36907369444443,31.345926055555562
1905,380049.336,Flight2_cam1-001-000461-0,-3099317.351075295,3484103.2806465593,247.9302520751953,NkuluEP,2020-01-16,2020-01-16 11:34:09.336,11:34:09,55.36603399999999,31.346964000000003
1906,380050.671,Flight2_cam1-001-000462-0,-3099317.131497307,3484103.0551236845,247.48544311523438,NkuluEP,2020-01-16,2020-01-16 11:34:10.671,11:34:10,55.36451358333336,31.347483166666656
1907,380052.673,Flight2_cam1-001-000463-0,-3099317.0278993626,3484102.624628024,246.73703002929688,NkuluEP,2020-01-16,2020-01-16 11:34:12.673,11:34:12,55.36223352777777,31.348261722222226
1908,380054.675,Flight2_cam1-001-000464-0,-3099317.0649433667,3484102.578784539,246.28094482421875,NkuluEP,2020-01-16,2020-01-16 11:34:14.675,11:34:14,55.35995347222224,31.349040277777775
1909,380056.81,Flight2_cam1-001-000465-0,-3099316.9710076638,3484102.175667198,246.0470428466797,NkuluEP,2020-01-16,2020-01-16 11:34:16.810,11:34:16,55.35752194444445,31.349870555555555
1910,380059.213,Flight2_cam1-001-000466-0,-3099316.0515850186,3484101.99068705,245.57203674316406,NkuluEP,2020-01-16,2020-01-16 11:34:19.213,11:34:19,55.35478519444446,31.35080505555555
1911,380060.681,Flight2_cam1-001-000467-0,-3099316.0213402715,3484101.669913645,245.1538848876953,NkuluEP,2020-01-16,2020-01-16 11:34:20.681,11:34:20,55.35311330555558,31.351375944444438
1912,380062.683,Flight2_cam1-001-000468-0,-3099316.055222685,3484101.652760784,244.53836059570312,NkuluEP,2020-01-16,2020-01-16 11:34:22.683,11:34:22,55.35083324999998,31.352154500000008
1913,380064.685,Flight2_cam1-001-000469-0,-3099316.219511484,3484101.6783561534,243.99717712402344,NkuluEP,2020-01-16,2020-01-16 11:34:24.685,11:34:24,55.34855319444445,31.352933055555553
1914,380067.354,Flight2_cam1-001-000470-0,-3099316.1653928696,3484101.813500467,243.3121795654297,NkuluEP,2020-01-16,2020-01-16 11:34:27.354,11:34:27,55.34551350000001,31.353970999999998
1915,380068.689,Flight2_cam1-001-000471-0,-3099316.2924532928,3484101.791894334,243.16134643554688,NkuluEP,2020-01-16,2020-01-16 11:34:28.689,11:34:28,55.343993083333324,31.35449016666667
1916,380454.672,Flight2_cam1-002-000000-0,-3099321.8440793008,3484115.508466164,267.4732666015625,NkuluEP,2020-01-16,2020-01-16 11:40:54.672,11:40:54,54.90440133333331,31.504594666666673
1917,380456.007,Flight2_cam1-002-000001-0,-3099327.3280353867,3484117.5178470244,270.97174072265625,NkuluEP,2020-01-16,2020-01-16 11:40:56.007,11:40:56,54.90288091666669,31.505113833333326
1918,380458.009,Flight2_cam1-002-000002-0,-3099335.7465990917,3484115.187502566,276.34161376953125,NkuluEP,2020-01-16,2020-01-16 11:40:58.009,11:40:58,54.90060086111109,31.505892388888896
1919,380460.812,Flight2_cam1-002-000003-0,-3099340.6180072436,3484100.7818005155,283.543212890625,NkuluEP,2020-01-16,2020-01-16 11:41:00.812,11:41:00,54.897408555555586,31.506982444444436
1920,380463.347,Flight2_cam1-002-000004-0,-3099326.2249376047,3484087.1588954404,289.4840393066406,NkuluEP,2020-01-16,2020-01-16 11:41:03.347,11:41:03,54.894521472222216,31.50796827777778
1921,380464.015,Flight2_cam1-002-000005-0,-3099319.8672050317,3484086.9551001084,291.1316223144531,NkuluEP,2020-01-16,2020-01-16 11:41:04.015,11:41:04,54.89376069444443,31.50822805555556
1922,380468.152,Flight2_cam1-002-000006-0,-3099300.378326037,3484106.276724781,303.525146484375,NkuluEP,2020-01-16,2020-01-16 11:41:08.152,11:41:08,54.88904911111111,31.509836888888888
1923,380470.021,Flight2_cam1-002-000007-0,-3099305.8160008346,3484110.9938982977,309.1849670410156,NkuluEP,2020-01-16,2020-01-16 11:41:10.021,11:41:10,54.88692052777777,31.510563722222226
1924,380474.158,Flight2_cam1-002-000008-0,-3099314.3433629065,3484094.387612964,320.4104309082031,NkuluEP,2020-01-16,2020-01-16 11:41:14.158,11:41:14,54.88220894444445,31.512172555555555
1925,380476.027,Flight2_cam1-002-000009-0,-3099308.6069193683,3484084.738364861,325.4731140136719,NkuluEP,2020-01-16,2020-01-16 11:41:16.027,11:41:16,54.88008036111111,31.51289938888889
1926,380480.164,Flight2_cam1-002-000010-0,-3099289.12869675,3484085.242368581,336.85626220703125,NkuluEP,2020-01-16,2020-01-16 11:41:20.164,11:41:20,54.875368777777794,31.51450822222222
1927,380484.035,Flight2_cam1-002-000011-0,-3099293.96094368,3484096.8722571237,343.63427734375,NkuluEP,2020-01-16,2020-01-16 11:41:24.035,11:41:24,54.87096013888892,31.516013611111102
1928,380486.037,Flight2_cam1-002-000012-0,-3099306.5828045066,3484100.2945520384,344.3043212890625,NkuluEP,2020-01-16,2020-01-16 11:41:26.037,11:41:26,54.868680083333324,31.516792166666672
1929,380488.039,Flight2_cam1-002-000013-0,-3099320.67827881,3484105.429869434,344.36968994140625,NkuluEP,2020-01-16,2020-01-16 11:41:28.039,11:41:28,54.86640002777779,31.517570722222217
1930,380490.041,Flight2_cam1-002-000014-0,-3099333.980246804,3484112.2132870574,344.366455078125,NkuluEP,2020-01-16,2020-01-16 11:41:30.041,11:41:30,54.86411997222219,31.518349277777787
1931,380492.71,Flight2_cam1-002-000015-0,-3099350.758187505,3484120.8320534276,344.32940673828125,NkuluEP,2020-01-16,2020-01-16 11:41:32.710,11:41:32,54.86108027777776,31.51938722222223
1932,380494.045,Flight2_cam1-002-000016-0,-3099358.3349631876,3484124.8016009587,344.26239013671875,NkuluEP,2020-01-16,2020-01-16 11:41:34.045,11:41:34,54.85955986111113,31.51990638888888
1933,380496.047,Flight2_cam1-002-000017-0,-3099369.7829975556,3484131.422383631,344.30120849609375,NkuluEP,2020-01-16,2020-01-16 11:41:36.047,11:41:36,54.857279805555535,31.52068494444445
1934,380498.049,Flight2_cam1-002-000018-0,-3099383.0600396297,3484140.471040968,345.14306640625,NkuluEP,2020-01-16,2020-01-16 11:41:38.049,11:41:38,54.854999750000005,31.5214635
1935,380500.184,Flight2_cam1-002-000019-0,-3099397.6812609453,3484150.4920193604,344.87109375,NkuluEP,2020-01-16,2020-01-16 11:41:40.184,11:41:40,54.85256822222222,31.52229377777778
1936,380502.586,Flight2_cam1-002-000020-0,-3099413.4810726424,3484161.326568493,344.81329345703125,NkuluEP,2020-01-16,2020-01-16 11:41:42.586,11:41:42,54.849832611111104,31.523227888888893
1937,380504.055,Flight2_cam1-002-000021-0,-3099421.6781364456,3484167.008515209,344.8448181152344,NkuluEP,2020-01-16,2020-01-16 11:41:44.055,11:41:44,54.84815958333334,31.523799166666663
1938,380506.056,Flight2_cam1-002-000022-0,-3099431.913394732,3484173.5060448204,344.813720703125,NkuluEP,2020-01-16,2020-01-16 11:41:46.056,11:41:46,54.84588066666669,31.524577333333326
1939,380508.058,Flight2_cam1-002-000023-0,-3099442.4140635272,3484175.731892798,344.88934326171875,NkuluEP,2020-01-16,2020-01-16 11:41:48.058,11:41:48,54.84360061111109,31.525355888888896
1940,380510.594,Flight2_cam1-002-000024-0,-3099456.9784240336,3484177.1089125946,345.0264587402344,NkuluEP,2020-01-16,2020-01-16 11:41:50.594,11:41:50,54.84071238888891,31.526342111111106
1941,380512.062,Flight2_cam1-002-000025-0,-3099465.0167321702,3484178.2545821653,345.1803283691406,NkuluEP,2020-01-16,2020-01-16 11:41:52.062,11:41:52,54.83904050000003,31.52691299999999
1942,380514.064,Flight2_cam1-002-000026-0,-3099476.342287212,3484180.411720649,345.2165222167969,NkuluEP,2020-01-16,2020-01-16 11:41:54.064,11:41:54,54.83676044444443,31.52769155555556
1943,380516.066,Flight2_cam1-002-000027-0,-3099487.7680388475,3484183.069463801,345.17218017578125,NkuluEP,2020-01-16,2020-01-16 11:41:56.066,11:41:56,54.8344803888889,31.52847011111111
1944,380518.068,Flight2_cam1-002-000028-0,-3099496.9318147553,3484185.27221578,345.2215270996094,NkuluEP,2020-01-16,2020-01-16 11:41:58.068,11:41:58,54.832200333333304,31.52924866666668
1945,380520.604,Flight2_cam1-002-000029-0,-3099505.794088682,3484187.584343604,345.297607421875,NkuluEP,2020-01-16,2020-01-16 11:42:00.604,11:42:00,54.82931211111112,31.530234888888884
1946,380522.072,Flight2_cam1-002-000030-0,-3099510.5982556106,3484188.2181802816,345.3205261230469,NkuluEP,2020-01-16,2020-01-16 11:42:02.072,11:42:02,54.82764022222224,31.530805777777772
1947,380524.074,Flight2_cam1-002-000031-0,-3099518.0608577495,3484189.346148395,345.31536865234375,NkuluEP,2020-01-16,2020-01-16 11:42:04.074,11:42:04,54.82536016666664,31.531584333333342
1948,380526.076,Flight2_cam1-002-000032-0,-3099525.3908864334,3484188.495267466,345.36181640625,NkuluEP,2020-01-16,2020-01-16 11:42:06.076,11:42:06,54.82308011111111,31.53236288888889
1949,380528.612,Flight2_cam1-002-000033-0,-3099530.8950155717,3484181.691403917,345.2862854003906,NkuluEP,2020-01-16,2020-01-16 11:42:08.612,11:42:08,54.820191888888864,31.53334911111112
1950,380530.08,Flight2_cam1-002-000034-0,-3099530.9690691615,3484178.8102378496,345.2574768066406,NkuluEP,2020-01-16,2020-01-16 11:42:10.080,11:42:10,54.818519999999985,31.533920000000006
1951,380533.684,Flight2_cam1-002-000035-0,-3099521.62723072,3484174.253143204,345.0792541503906,NkuluEP,2020-01-16,2020-01-16 11:42:13.684,11:42:13,54.814415444444435,31.53532155555556
1952,380534.084,Flight2_cam1-002-000036-0,-3099519.596617053,3484173.9539784226,345.0683288574219,NkuluEP,2020-01-16,2020-01-16 11:42:14.084,11:42:14,54.813959888888924,31.5354771111111
1953,380536.086,Flight2_cam1-002-000037-0,-3099504.9019629504,3484171.40802783,344.96966552734375,NkuluEP,2020-01-16,2020-01-16 11:42:16.086,11:42:16,54.81167983333332,31.53625566666667
1954,380538.088,Flight2_cam1-002-000038-0,-3099493.322655803,3484168.395605736,344.7803039550781,NkuluEP,2020-01-16,2020-01-16 11:42:18.088,11:42:18,54.80939977777779,31.537034222222218
1955,380540.09,Flight2_cam1-002-000039-0,-3099491.14814501,3484167.468419456,344.73944091796875,NkuluEP,2020-01-16,2020-01-16 11:42:20.090,11:42:20,54.8071197222222,31.537812777777788
1956,380542.493,Flight2_cam1-002-000040-0,-3099487.4587751734,3484166.658960697,344.7070617675781,NkuluEP,2020-01-16,2020-01-16 11:42:22.493,11:42:22,54.80438297222221,31.538747277777784
1957,380544.094,Flight2_cam1-002-000041-0,-3099479.0090432023,3484163.786987408,344.67596435546875,NkuluEP,2020-01-16,2020-01-16 11:42:24.094,11:42:24,54.802559611111135,31.53936988888888
1958,380546.096,Flight2_cam1-002-000042-0,-3099463.7100635082,3484157.503095523,344.6884460449219,NkuluEP,2020-01-16,2020-01-16 11:42:26.096,11:42:26,54.800279555555534,31.54014844444445
1959,380548.098,Flight2_cam1-002-000043-0,-3099446.7174887173,3484150.5767185087,344.7073974609375,NkuluEP,2020-01-16,2020-01-16 11:42:28.098,11:42:28,54.7979995,31.540927
1960,380550.634,Flight2_cam1-002-000044-0,-3099425.315078945,3484142.527438649,344.6010437011719,NkuluEP,2020-01-16,2020-01-16 11:42:30.634,11:42:30,54.79511127777776,31.54191322222223
1961,380552.102,Flight2_cam1-002-000045-0,-3099413.9580375925,3484138.5232353285,344.5893859863281,NkuluEP,2020-01-16,2020-01-16 11:42:32.102,11:42:32,54.79343938888888,31.542484111111115
1962,380554.104,Flight2_cam1-002-000046-0,-3099398.8736048206,3484133.185809045,344.5528259277344,NkuluEP,2020-01-16,2020-01-16 11:42:34.104,11:42:34,54.79115933333335,31.543262666666664
1963,380555.973,Flight2_cam1-002-000047-0,-3099383.218856474,3484127.4724318236,344.53582763671875,NkuluEP,2020-01-16,2020-01-16 11:42:35.973,11:42:35,54.78903075,31.5439895
1964,380558.108,Flight2_cam1-002-000048-0,-3099366.0841860236,3484121.156140191,344.4620361328125,NkuluEP,2020-01-16,2020-01-16 11:42:38.108,11:42:38,54.786599222222215,31.544819777777782
1965,380560.644,Flight2_cam1-002-000049-0,-3099344.9589520073,3484113.309780902,344.4100036621094,NkuluEP,2020-01-16,2020-01-16 11:42:40.644,11:42:40,54.78371100000003,31.54580599999999
1966,380562.112,Flight2_cam1-002-000050-0,-3099332.4533579773,3484108.8238070114,344.3343200683594,NkuluEP,2020-01-16,2020-01-16 11:42:42.112,11:42:42,54.78203911111109,31.546376888888897
1967,380563.981,Flight2_cam1-002-000051-0,-3099317.148305745,3484103.28076619,344.33758544921875,NkuluEP,2020-01-16,2020-01-16 11:42:43.981,11:42:43,54.779910527777744,31.547103722222232
1968,380565.983,Flight2_cam1-002-000052-0,-3099300.124068202,3484096.838736077,344.317626953125,NkuluEP,2020-01-16,2020-01-16 11:42:45.983,11:42:45,54.777630472222214,31.54788227777778
1969,380568.652,Flight2_cam1-002-000053-0,-3099278.369901886,3484088.653017509,344.3465881347656,NkuluEP,2020-01-16,2020-01-16 11:42:48.652,11:42:48,54.774590777777775,31.548920222222222
1970,380569.987,Flight2_cam1-002-000054-0,-3099267.1751199244,3484084.6742956024,344.3642578125,NkuluEP,2020-01-16,2020-01-16 11:42:49.987,11:42:49,54.77307036111109,31.549439388888896
1971,380571.989,Flight2_cam1-002-000055-0,-3099250.61449683,3484078.6232089503,344.37664794921875,NkuluEP,2020-01-16,2020-01-16 11:42:51.989,11:42:51,54.77079030555556,31.550217944444444
1972,380573.991,Flight2_cam1-002-000056-0,-3099233.311704266,3484072.228443599,344.3589172363281,NkuluEP,2020-01-16,2020-01-16 11:42:53.991,11:42:53,54.76851025000003,31.550996499999993
1973,380576.66,Flight2_cam1-002-000057-0,-3099211.451992841,3484064.315176361,344.3728332519531,NkuluEP,2020-01-16,2020-01-16 11:42:56.660,11:42:56,54.76547055555559,31.552034444444434
1974,380577.995,Flight2_cam1-002-000058-0,-3099200.2312817685,3484060.140903474,344.4417724609375,NkuluEP,2020-01-16,2020-01-16 11:42:57.995,11:42:57,54.763950138888895,31.552553611111108
1975,380579.997,Flight2_cam1-002-000059-0,-3099183.651143337,3484054.0528443987,344.3974609375,NkuluEP,2020-01-16,2020-01-16 11:42:59.997,11:42:59,54.761670083333364,31.553332166666657
1976,380581.999,Flight2_cam1-002-000060-0,-3099166.929778826,3484047.960400164,344.31854248046875,NkuluEP,2020-01-16,2020-01-16 11:43:01.999,11:43:01,54.75939002777777,31.554110722222227
1977,380584.134,Flight2_cam1-002-000061-0,-3099149.03812388,3484041.442972422,344.24420166015625,NkuluEP,2020-01-16,2020-01-16 11:43:04.134,11:43:04,54.75695849999998,31.554941000000007
1978,380586.536,Flight2_cam1-002-000062-0,-3099128.5698076803,3484033.8181368276,344.22674560546875,NkuluEP,2020-01-16,2020-01-16 11:43:06.536,11:43:06,54.75422288888887,31.55587511111112
1979,380588.005,Flight2_cam1-002-000063-0,-3099116.6655813768,3484029.400867116,344.25152587890625,NkuluEP,2020-01-16,2020-01-16 11:43:08.005,11:43:08,54.752549861111106,31.55644638888889
1980,380590.007,Flight2_cam1-002-000064-0,-3099100.150583335,3484023.395403975,344.2773742675781,NkuluEP,2020-01-16,2020-01-16 11:43:10.007,11:43:10,54.750269805555575,31.55722494444444
1981,380593.61,Flight2_cam1-002-000065-0,-3099069.6980385156,3484012.2441787166,344.3146057128906,NkuluEP,2020-01-16,2020-01-16 11:43:13.610,11:43:13,54.74616638888891,31.558626111111106
1982,380594.011,Flight2_cam1-002-000066-0,-3099066.408928242,3484011.0227401326,344.3125305175781,NkuluEP,2020-01-16,2020-01-16 11:43:14.011,11:43:14,54.74570969444445,31.558782055555554
1983,380596.279,Flight2_cam1-002-000067-0,-3099048.0908217984,3484004.100671069,344.29852294921875,NkuluEP,2020-01-16,2020-01-16 11:43:16.279,11:43:16,54.74312669444447,31.559664055555547
1984,380598.015,Flight2_cam1-002-000068-0,-3099033.438945212,3483998.6208994207,344.30047607421875,NkuluEP,2020-01-16,2020-01-16 11:43:18.015,11:43:18,54.74114958333332,31.560339166666672
1985,380600.017,Flight2_cam1-002-000069-0,-3099016.8387504905,3483992.482181317,344.2801513671875,NkuluEP,2020-01-16,2020-01-16 11:43:20.017,11:43:20,54.73886952777779,31.561117722222217
1986,380602.552,Flight2_cam1-002-000070-0,-3098995.4301902386,3483984.7121032164,344.2458190917969,NkuluEP,2020-01-16,2020-01-16 11:43:22.552,11:43:22,54.73598244444442,31.562103555555566
1987,380605.088,Flight2_cam1-002-000071-0,-3098974.240433543,3483976.982312608,344.299072265625,NkuluEP,2020-01-16,2020-01-16 11:43:25.088,11:43:25,54.733094222222235,31.563089777777773
1988,380606.022,Flight2_cam1-002-000072-0,-3098966.2590611624,3483974.0298389783,344.2695617675781,NkuluEP,2020-01-16,2020-01-16 11:43:26.022,11:43:26,54.73203050000001,31.563453
1989,380608.024,Flight2_cam1-002-000073-0,-3098949.626419632,3483967.99129416,344.2587585449219,NkuluEP,2020-01-16,2020-01-16 11:43:28.024,11:43:28,54.72975044444448,31.564231555555544
1990,380610.026,Flight2_cam1-002-000074-0,-3098932.532330628,3483961.584296977,344.2962951660156,NkuluEP,2020-01-16,2020-01-16 11:43:30.026,11:43:30,54.727470388888875,31.565010111111114
1991,380612.028,Flight2_cam1-002-000075-0,-3098915.9893307406,3483955.5515568936,344.3432312011719,NkuluEP,2020-01-16,2020-01-16 11:43:32.028,11:43:32,54.725190333333344,31.565788666666663
1992,380614.698,Flight2_cam1-002-000076-0,-3098894.2937657833,3483947.6260402906,344.294677734375,NkuluEP,2020-01-16,2020-01-16 11:43:34.698,11:43:34,54.72214950000003,31.56682699999999
1993,380616.032,Flight2_cam1-002-000077-0,-3098883.0533277565,3483943.5037528495,344.2441101074219,NkuluEP,2020-01-16,2020-01-16 11:43:36.032,11:43:36,54.72063022222222,31.56734577777778
1994,380618.034,Flight2_cam1-002-000078-0,-3098866.5294467346,3483937.292211437,344.2311706542969,NkuluEP,2020-01-16,2020-01-16 11:43:38.034,11:43:38,54.71835016666669,31.568124333333326
1995,380620.036,Flight2_cam1-002-000079-0,-3098849.1996671013,3483930.9988689194,344.1921081542969,NkuluEP,2020-01-16,2020-01-16 11:43:40.036,11:43:40,54.71607011111109,31.568902888888896
1996,380622.706,Flight2_cam1-002-000080-0,-3098827.2701869616,3483923.0826691403,344.1733703613281,NkuluEP,2020-01-16,2020-01-16 11:43:42.706,11:43:42,54.71302927777777,31.569941222222223
1997,380624.04,Flight2_cam1-002-000081-0,-3098816.023561862,3483918.9927357165,344.13458251953125,NkuluEP,2020-01-16,2020-01-16 11:43:44.040,11:43:44,54.711510000000025,31.57045999999999
1998,380626.042,Flight2_cam1-002-000082-0,-3098799.55793148,3483912.951094479,344.24615478515625,NkuluEP,2020-01-16,2020-01-16 11:43:46.042,11:43:46,54.70922994444443,31.57123855555556
1999,380628.044,Flight2_cam1-002-000083-0,-3098782.4578745742,3483906.5433179988,344.2076110839844,NkuluEP,2020-01-16,2020-01-16 11:43:48.044,11:43:48,54.7069498888889,31.57201711111111
2000,380630.18,Flight2_cam1-002-000084-0,-3098764.7023405256,3483899.9568987917,344.2015686035156,NkuluEP,2020-01-16,2020-01-16 11:43:50.180,11:43:50,54.70451722222223,31.572847777777774
2001,380632.582,Flight2_cam1-002-000085-0,-3098744.95111489,3483892.6580145773,344.1833801269531,NkuluEP,2020-01-16,2020-01-16 11:43:52.582,11:43:52,54.701781611111116,31.573781888888888
2002,380634.05,Flight2_cam1-002-000086-0,-3098732.8672637306,3483888.242681221,344.1488342285156,NkuluEP,2020-01-16,2020-01-16 11:43:54.050,11:43:54,54.70010972222224,31.574352777777772
2003,380636.052,Flight2_cam1-002-000087-0,-3098715.7119512158,3483881.737293063,344.18231201171875,NkuluEP,2020-01-16,2020-01-16 11:43:56.052,11:43:56,54.69782966666664,31.575131333333342
2004,380638.054,Flight2_cam1-002-000088-0,-3098699.3300834424,3483875.6574549056,344.233642578125,NkuluEP,2020-01-16,2020-01-16 11:43:58.054,11:43:58,54.69554961111111,31.57590988888889
2005,380640.724,Flight2_cam1-002-000089-0,-3098677.6464839336,3483867.5855393345,344.2646789550781,NkuluEP,2020-01-16,2020-01-16 11:44:00.724,11:44:00,54.692508777777796,31.576948222222217
2006,380642.058,Flight2_cam1-002-000090-0,-3098666.200991784,3483863.3960304414,344.2760925292969,NkuluEP,2020-01-16,2020-01-16 11:44:02.058,11:44:02,54.69098949999998,31.577467000000006
2007,380644.06,Flight2_cam1-002-000091-0,-3098649.500258003,3483857.3723555864,344.2707214355469,NkuluEP,2020-01-16,2020-01-16 11:44:04.060,11:44:04,54.68870944444445,31.578245555555554
2008,380646.062,Flight2_cam1-002-000092-0,-3098633.7417178596,3483851.56045184,344.2071838378906,NkuluEP,2020-01-16,2020-01-16 11:44:06.062,11:44:06,54.68642938888892,31.579024111111103
2009,380650.2,Flight2_cam1-002-000093-0,-3098627.8102211575,3483867.91763099,344.1736145019531,NkuluEP,2020-01-16,2020-01-16 11:44:10.200,11:44:10,54.68171666666665,31.58063333333334
2010,380652.068,Flight2_cam1-002-000094-0,-3098623.3563496964,3483883.82146438,344.2728271484375,NkuluEP,2020-01-16,2020-01-16 11:44:12.068,11:44:12,54.67958922222219,31.581359777777788
2011,380654.07,Flight2_cam1-002-000095-0,-3098616.970359394,3483901.436698844,344.4242248535156,NkuluEP,2020-01-16,2020-01-16 11:44:14.070,11:44:14,54.67730916666666,31.582138333333337
2012,380656.072,Flight2_cam1-002-000096-0,-3098611.21903929,3483917.256382636,344.40447998046875,NkuluEP,2020-01-16,2020-01-16 11:44:16.072,11:44:16,54.67502911111113,31.58291688888888
2013,380658.608,Flight2_cam1-002-000097-0,-3098608.4469516315,3483937.6372683067,344.3997497558594,NkuluEP,2020-01-16,2020-01-16 11:44:18.608,11:44:18,54.67214088888888,31.583903111111113
2014,380660.076,Flight2_cam1-002-000098-0,-3098612.5516570415,3483948.7575389077,344.41546630859375,NkuluEP,2020-01-16,2020-01-16 11:44:20.076,11:44:20,54.670469,31.584474
2015,380662.078,Flight2_cam1-002-000099-0,-3098625.46975676,3483960.237506509,344.3751220703125,NkuluEP,2020-01-16,2020-01-16 11:44:22.078,11:44:22,54.668188944444466,31.58525255555555
2016,380664.08,Flight2_cam1-002-000100-0,-3098643.382944008,3483967.2792170565,344.4350280761719,NkuluEP,2020-01-16,2020-01-16 11:44:24.080,11:44:24,54.66590888888887,31.58603111111112
2017,380666.082,Flight2_cam1-002-000101-0,-3098659.200799018,3483972.6591765275,344.4847106933594,NkuluEP,2020-01-16,2020-01-16 11:44:26.082,11:44:26,54.66362883333334,31.586809666666664
2018,380668.618,Flight2_cam1-002-000102-0,-3098676.7035112544,3483979.4842326343,344.5284729003906,NkuluEP,2020-01-16,2020-01-16 11:44:28.618,11:44:28,54.660740611111095,31.587795888888895
2019,380670.086,Flight2_cam1-002-000103-0,-3098688.1813641414,3483983.849939993,344.66094970703125,NkuluEP,2020-01-16,2020-01-16 11:44:30.086,11:44:30,54.659068722222216,31.588366777777782
2020,380672.088,Flight2_cam1-002-000104-0,-3098705.4143604077,3483990.1252745846,344.6916198730469,NkuluEP,2020-01-16,2020-01-16 11:44:32.088,11:44:32,54.65678866666668,31.589145333333327
2021,380674.09,Flight2_cam1-002-000105-0,-3098722.0688859248,3483996.07024811,344.79034423828125,NkuluEP,2020-01-16,2020-01-16 11:44:34.090,11:44:34,54.65450861111108,31.589923888888897
2022,380676.626,Flight2_cam1-002-000106-0,-3098743.1033274666,3484003.964703789,345.009521484375,NkuluEP,2020-01-16,2020-01-16 11:44:36.626,11:44:36,54.6516203888889,31.590910111111107
2023,380678.094,Flight2_cam1-002-000107-0,-3098754.8767725565,3484008.4677162743,345.0572204589844,NkuluEP,2020-01-16,2020-01-16 11:44:38.094,11:44:38,54.64994850000002,31.591480999999995
2024,380680.096,Flight2_cam1-002-000108-0,-3098771.4617222706,3484014.7116262997,345.1118469238281,NkuluEP,2020-01-16,2020-01-16 11:44:40.096,11:44:40,54.64766844444442,31.592259555555565
2025,380682.098,Flight2_cam1-002-000109-0,-3098788.8487947905,3484020.785090443,345.0721740722656,NkuluEP,2020-01-16,2020-01-16 11:44:42.098,11:44:42,54.64538838888889,31.59303811111111
2026,380684.1,Flight2_cam1-002-000110-0,-3098805.506875997,3484026.7581989043,345.2731628417969,NkuluEP,2020-01-16,2020-01-16 11:44:44.100,11:44:44,54.64310833333336,31.593816666666658
2027,380686.636,Flight2_cam1-002-000111-0,-3098826.737449659,3484034.6751427664,345.2502746582031,NkuluEP,2020-01-16,2020-01-16 11:44:46.636,11:44:46,54.64022011111111,31.59480288888889
2028,380688.104,Flight2_cam1-002-000112-0,-3098838.671869183,3484039.1179303583,345.0873718261719,NkuluEP,2020-01-16,2020-01-16 11:44:48.104,11:44:48,54.638548222222234,31.595373777777773
2029,380690.106,Flight2_cam1-002-000113-0,-3098855.5665737367,3484045.703660042,345.0928649902344,NkuluEP,2020-01-16,2020-01-16 11:44:50.106,11:44:50,54.63626816666664,31.596152333333343
2030,380692.108,Flight2_cam1-002-000114-0,-3098872.021043748,3484051.855187598,344.9748229980469,NkuluEP,2020-01-16,2020-01-16 11:44:52.108,11:44:52,54.6339881111111,31.596930888888892
2031,380694.644,Flight2_cam1-002-000115-0,-3098893.0467947247,3484059.5417469265,344.8879699707031,NkuluEP,2020-01-16,2020-01-16 11:44:54.644,11:44:54,54.631099888888926,31.597917111111098
2032,380696.112,Flight2_cam1-002-000116-0,-3098905.120059979,3484063.7217833633,344.8251647949219,NkuluEP,2020-01-16,2020-01-16 11:44:56.112,11:44:56,54.629427999999976,31.59848800000001
2033,380698.114,Flight2_cam1-002-000117-0,-3098922.567418455,3484070.012797335,344.6921081542969,NkuluEP,2020-01-16,2020-01-16 11:44:58.114,11:44:58,54.627147944444445,31.599266555555555
2034,380699.983,Flight2_cam1-002-000118-0,-3098937.592881234,3484075.896212523,344.60772705078125,NkuluEP,2020-01-16,2020-01-16 11:44:59.983,11:44:59,54.62501936111111,31.59999338888889
2035,380702.652,Flight2_cam1-002-000119-0,-3098959.944801294,3484083.8789916066,344.5670471191406,NkuluEP,2020-01-16,2020-01-16 11:45:02.652,11:45:02,54.62197966666667,31.601031333333335
2036,380703.987,Flight2_cam1-002-000120-0,-3098970.5940711405,3484087.7433180823,344.57586669921875,NkuluEP,2020-01-16,2020-01-16 11:45:03.987,11:45:03,54.620459249999975,31.60155050000001
2037,380705.989,Flight2_cam1-002-000121-0,-3098987.6706127683,3484094.295301811,344.5251159667969,NkuluEP,2020-01-16,2020-01-16 11:45:05.989,11:45:05,54.618179194444444,31.602329055555558
2038,380707.991,Flight2_cam1-002-000122-0,-3099003.982938406,3484100.516076607,344.52923583984375,NkuluEP,2020-01-16,2020-01-16 11:45:07.991,11:45:07,54.61589913888891,31.603107611111103
2039,380710.126,Flight2_cam1-002-000123-0,-3099021.9759817263,3484106.8134012143,344.5801086425781,NkuluEP,2020-01-16,2020-01-16 11:45:10.126,11:45:10,54.613467611111126,31.603937888888886
2040,380712.528,Flight2_cam1-002-000124-0,-3099041.896629612,3484113.999405753,344.7835998535156,NkuluEP,2020-01-16,2020-01-16 11:45:12.528,11:45:12,54.61073200000001,31.604871999999997
2041,380713.996,Flight2_cam1-002-000125-0,-3099054.721737129,3484118.660593049,344.79412841796875,NkuluEP,2020-01-16,2020-01-16 11:45:13.996,11:45:13,54.60906011111113,31.60544288888888
2042,380715.998,Flight2_cam1-002-000126-0,-3099071.280285378,3484124.8672542544,344.76617431640625,NkuluEP,2020-01-16,2020-01-16 11:45:15.998,11:45:15,54.60678005555553,31.60622144444445
2043,380718.0,Flight2_cam1-002-000127-0,-3099087.408054413,3484131.0770445433,344.7379150390625,NkuluEP,2020-01-16,2020-01-16 11:45:18.000,11:45:18,54.6045,31.607
2044,380720.67,Flight2_cam1-002-000128-0,-3099109.587429192,3484139.389499802,344.92535400390625,NkuluEP,2020-01-16,2020-01-16 11:45:20.670,11:45:20,54.601459166666686,31.608038333333326
2045,380722.004,Flight2_cam1-002-000129-0,-3099120.4361111145,3484143.2010341645,344.884521484375,NkuluEP,2020-01-16,2020-01-16 11:45:22.004,11:45:22,54.59993988888887,31.608557111111118
2046,380724.006,Flight2_cam1-002-000130-0,-3099137.7453905297,3484149.4352925303,344.9298095703125,NkuluEP,2020-01-16,2020-01-16 11:45:24.006,11:45:24,54.59765983333334,31.609335666666663
2047,380726.008,Flight2_cam1-002-000131-0,-3099154.655128876,3484155.3157688575,344.96673583984375,NkuluEP,2020-01-16,2020-01-16 11:45:26.008,11:45:26,54.59537977777781,31.61011422222221
2048,380728.144,Flight2_cam1-002-000132-0,-3099172.207451475,3484161.959229753,344.8990173339844,NkuluEP,2020-01-16,2020-01-16 11:45:28.144,11:45:28,54.592947111111144,31.610944888888877
2049,380730.546,Flight2_cam1-002-000133-0,-3099192.0950813405,3484169.0580966985,344.81103515625,NkuluEP,2020-01-16,2020-01-16 11:45:30.546,11:45:30,54.59021150000003,31.611878999999988
2050,380732.014,Flight2_cam1-002-000134-0,-3099204.5834048777,3484173.482756472,344.7982177734375,NkuluEP,2020-01-16,2020-01-16 11:45:32.014,11:45:32,54.58853961111109,31.612449888888897
2051,380734.016,Flight2_cam1-002-000135-0,-3099220.9680588767,3484179.752609417,344.84454345703125,NkuluEP,2020-01-16,2020-01-16 11:45:34.016,11:45:34,54.58625955555555,31.613228444444445
2052,380736.018,Flight2_cam1-002-000136-0,-3099237.3320109416,3484185.9699795563,344.9732666015625,NkuluEP,2020-01-16,2020-01-16 11:45:36.018,11:45:36,54.58397950000002,31.614006999999994
2053,380738.688,Flight2_cam1-002-000137-0,-3099260.105243238,3484194.3613273,345.1981506347656,NkuluEP,2020-01-16,2020-01-16 11:45:38.688,11:45:38,54.58093866666664,31.61504533333334
2054,380740.022,Flight2_cam1-002-000138-0,-3099271.584511848,3484198.7019014442,345.19281005859375,NkuluEP,2020-01-16,2020-01-16 11:45:40.022,11:45:40,54.579419388888894,31.61556411111111
2055,380742.024,Flight2_cam1-002-000139-0,-3099287.951276761,3484204.625007611,345.12481689453125,NkuluEP,2020-01-16,2020-01-16 11:45:42.024,11:45:42,54.57713933333336,31.616342666666657
2056,380744.026,Flight2_cam1-002-000140-0,-3099304.526615061,3484210.7640717323,344.9471435546875,NkuluEP,2020-01-16,2020-01-16 11:45:44.026,11:45:44,54.57485927777776,31.617121222222227
2057,380746.696,Flight2_cam1-002-000141-0,-3099326.843125186,3484218.9599467404,344.74993896484375,NkuluEP,2020-01-16,2020-01-16 11:45:46.696,11:45:46,54.57181844444445,31.618159555555554
2058,380748.03,Flight2_cam1-002-000142-0,-3099337.725586588,3484222.8218908273,344.6562805175781,NkuluEP,2020-01-16,2020-01-16 11:45:48.030,11:45:48,54.570299166666636,31.618678333333342
2059,380750.032,Flight2_cam1-002-000143-0,-3099354.432134837,3484229.3575374736,344.65582275390625,NkuluEP,2020-01-16,2020-01-16 11:45:50.032,11:45:50,54.568019111111106,31.61945688888889
2060,380752.034,Flight2_cam1-002-000144-0,-3099371.2209423087,3484235.3320368333,344.550537109375,NkuluEP,2020-01-16,2020-01-16 11:45:52.034,11:45:52,54.565739055555575,31.62023544444444
2061,380754.17,Flight2_cam1-002-000145-0,-3099389.0466943425,3484241.7569604656,344.5083312988281,NkuluEP,2020-01-16,2020-01-16 11:45:54.170,11:45:54,54.56330638888891,31.621066111111105
2062,380756.572,Flight2_cam1-002-000146-0,-3099408.7458592113,3484248.885454433,344.4720153808594,NkuluEP,2020-01-16,2020-01-16 11:45:56.572,11:45:56,54.5605707777778,31.622000222222216
2063,380758.04,Flight2_cam1-002-000147-0,-3099421.4049875163,3484253.5241102753,344.56683349609375,NkuluEP,2020-01-16,2020-01-16 11:45:58.040,11:45:58,54.55889888888891,31.622571111111103
2064,380760.042,Flight2_cam1-002-000148-0,-3099438.089166308,3484259.7404127973,344.5856628417969,NkuluEP,2020-01-16,2020-01-16 11:46:00.042,11:46:00,54.55661883333332,31.623349666666673
2065,380762.044,Flight2_cam1-002-000149-0,-3099454.4633237445,3484265.7357646516,344.55487060546875,NkuluEP,2020-01-16,2020-01-16 11:46:02.044,11:46:02,54.55433877777779,31.624128222222218
2066,380764.714,Flight2_cam1-002-000150-0,-3099477.296717852,3484273.8612515605,344.55133056640625,NkuluEP,2020-01-16,2020-01-16 11:46:04.714,11:46:04,54.55129794444447,31.625166555555545
2067,380766.048,Flight2_cam1-002-000151-0,-3099488.028902915,3484277.5864870036,344.5866394042969,NkuluEP,2020-01-16,2020-01-16 11:46:06.048,11:46:06,54.549778666666654,31.625685333333337
2068,380768.05,Flight2_cam1-002-000152-0,-3099504.610499519,3484283.8152958076,344.6127624511719,NkuluEP,2020-01-16,2020-01-16 11:46:08.050,11:46:08,54.54749861111112,31.626463888888885
2069,380770.052,Flight2_cam1-002-000153-0,-3099520.9788568383,3484290.012795693,344.6761779785156,NkuluEP,2020-01-16,2020-01-16 11:46:10.052,11:46:10,54.54521855555553,31.627242444444455
2070,380772.588,Flight2_cam1-002-000154-0,-3099542.095136053,3484297.9908272205,344.70367431640625,NkuluEP,2020-01-16,2020-01-16 11:46:12.588,11:46:12,54.54233033333335,31.62822866666666
2071,380774.056,Flight2_cam1-002-000155-0,-3099554.048325283,3484302.566007388,344.7550964355469,NkuluEP,2020-01-16,2020-01-16 11:46:14.056,11:46:14,54.54065844444447,31.62879955555555
2072,380776.058,Flight2_cam1-002-000156-0,-3099571.108459185,3484308.980203528,344.8929443359375,NkuluEP,2020-01-16,2020-01-16 11:46:16.058,11:46:16,54.538378388888866,31.62957811111112
2073,380778.06,Flight2_cam1-002-000157-0,-3099587.4352782215,3484314.93750294,345.0281066894531,NkuluEP,2020-01-16,2020-01-16 11:46:18.060,11:46:18,54.536098333333335,31.630356666666664
2074,380780.729,Flight2_cam1-002-000158-0,-3099609.4135410837,3484322.8274064106,345.2284851074219,NkuluEP,2020-01-16,2020-01-16 11:46:20.729,11:46:20,54.5330586388889,31.63139461111111
2075,380782.064,Flight2_cam1-002-000159-0,-3099620.8476675455,3484326.9400423146,345.40374755859375,NkuluEP,2020-01-16,2020-01-16 11:46:22.064,11:46:22,54.53153822222221,31.631913777777783
2076,380784.066,Flight2_cam1-002-000160-0,-3099638.1313573285,3484333.3628826444,345.56341552734375,NkuluEP,2020-01-16,2020-01-16 11:46:24.066,11:46:24,54.52925816666668,31.63269233333333
2077,380786.068,Flight2_cam1-002-000161-0,-3099654.5845409543,3484339.7188610635,345.6614685058594,NkuluEP,2020-01-16,2020-01-16 11:46:26.068,11:46:26,54.52697811111108,31.6334708888889
2078,380788.07,Flight2_cam1-002-000162-0,-3099671.202225269,3484345.789861792,345.6756591796875,NkuluEP,2020-01-16,2020-01-16 11:46:28.070,11:46:28,54.52469805555555,31.634249444444446
2079,380790.606,Flight2_cam1-002-000163-0,-3099692.27603831,3484353.5651427815,345.7068786621094,NkuluEP,2020-01-16,2020-01-16 11:46:30.606,11:46:30,54.5218098333333,31.635235666666677
2080,380792.074,Flight2_cam1-002-000164-0,-3099704.230468153,3484357.8739040536,345.6969299316406,NkuluEP,2020-01-16,2020-01-16 11:46:32.074,11:46:32,54.52013794444442,31.635806555555565
2081,380794.076,Flight2_cam1-002-000165-0,-3099721.4494339926,3484364.097394424,345.6385498046875,NkuluEP,2020-01-16,2020-01-16 11:46:34.076,11:46:34,54.51785788888889,31.63658511111111
2082,380796.078,Flight2_cam1-002-000166-0,-3099738.0842937785,3484370.2746951994,345.6894226074219,NkuluEP,2020-01-16,2020-01-16 11:46:36.078,11:46:36,54.51557783333336,31.63736366666666
2083,380798.614,Flight2_cam1-002-000167-0,-3099759.2992095994,3484378.212423477,345.71441650390625,NkuluEP,2020-01-16,2020-01-16 11:46:38.614,11:46:38,54.512689611111114,31.63834988888889
2084,380800.082,Flight2_cam1-002-000168-0,-3099771.328676185,3484382.4958293396,345.6988830566406,NkuluEP,2020-01-16,2020-01-16 11:46:40.082,11:46:40,54.51101772222223,31.638920777777777
2085,380802.084,Flight2_cam1-002-000169-0,-3099788.611378282,3484388.6623759572,345.68316650390625,NkuluEP,2020-01-16,2020-01-16 11:46:42.084,11:46:42,54.5087376666667,31.639699333333322
2086,380804.086,Flight2_cam1-002-000170-0,-3099805.243985593,3484394.551658483,345.6794128417969,NkuluEP,2020-01-16,2020-01-16 11:46:44.086,11:46:44,54.5064576111111,31.640477888888892
2087,380806.622,Flight2_cam1-002-000171-0,-3099826.207096881,3484402.2106454377,345.63299560546875,NkuluEP,2020-01-16,2020-01-16 11:46:46.622,11:46:46,54.50356938888892,31.6414641111111
2088,380808.09,Flight2_cam1-002-000172-0,-3099837.887527606,3484406.753564413,345.687744140625,NkuluEP,2020-01-16,2020-01-16 11:46:48.090,11:46:48,54.50189749999997,31.64203500000001
2089,380810.092,Flight2_cam1-002-000173-0,-3099854.344189984,3484412.913034788,345.6968688964844,NkuluEP,2020-01-16,2020-01-16 11:46:50.092,11:46:50,54.49961744444444,31.642813555555556
2090,380812.094,Flight2_cam1-002-000174-0,-3099871.5281133517,3484419.2813784177,345.9027404785156,NkuluEP,2020-01-16,2020-01-16 11:46:52.094,11:46:52,54.49733738888891,31.643592111111104
2091,380814.096,Flight2_cam1-002-000175-0,-3099888.118415465,3484425.4958577147,345.8228759765625,NkuluEP,2020-01-16,2020-01-16 11:46:54.096,11:46:54,54.495057333333314,31.644370666666674
2092,380816.632,Flight2_cam1-002-000176-0,-3099909.335355957,3484433.398768834,345.7339782714844,NkuluEP,2020-01-16,2020-01-16 11:46:56.632,11:46:56,54.49216911111113,31.64535688888888
2093,380818.1,Flight2_cam1-002-000177-0,-3099921.1766548087,3484437.789519226,345.7312316894531,NkuluEP,2020-01-16,2020-01-16 11:46:58.100,11:46:58,54.49049722222225,31.645927777777768
2094,380820.102,Flight2_cam1-002-000178-0,-3099938.419884366,3484444.077236506,345.77935791015625,NkuluEP,2020-01-16,2020-01-16 11:47:00.102,11:47:00,54.48821716666665,31.646706333333338
2095,380822.104,Flight2_cam1-002-000179-0,-3099955.016467212,3484450.1227430524,345.85235595703125,NkuluEP,2020-01-16,2020-01-16 11:47:02.104,11:47:02,54.48593711111112,31.647484888888886
2096,380824.64,Flight2_cam1-002-000180-0,-3099976.2920875577,3484457.917681211,345.765869140625,NkuluEP,2020-01-16,2020-01-16 11:47:04.640,11:47:04,54.483048888888874,31.648471111111117
2097,380826.108,Flight2_cam1-002-000181-0,-3099988.0667474954,3484462.3128262376,345.7042236328125,NkuluEP,2020-01-16,2020-01-16 11:47:06.108,11:47:06,54.481376999999995,31.649042
2098,380828.11,Flight2_cam1-002-000182-0,-3100004.741454758,3484468.474510367,345.7464904785156,NkuluEP,2020-01-16,2020-01-16 11:47:08.110,11:47:08,54.479096944444464,31.64982055555555
2099,380830.112,Flight2_cam1-002-000183-0,-3100021.8880446125,3484474.6539847944,345.860107421875,NkuluEP,2020-01-16,2020-01-16 11:47:10.112,11:47:10,54.47681688888886,31.65059911111112
2100,380832.114,Flight2_cam1-002-000184-0,-3100038.425923415,3484480.8798442753,345.8058166503906,NkuluEP,2020-01-16,2020-01-16 11:47:12.114,11:47:12,54.47453683333333,31.65137766666667
2101,380834.65,Flight2_cam1-002-000185-0,-3100059.6032066178,3484488.687107775,345.74896240234375,NkuluEP,2020-01-16,2020-01-16 11:47:14.650,11:47:14,54.471648611111085,31.652363888888896
2102,380835.984,Flight2_cam1-002-000186-0,-3100070.9985681255,3484492.60015605,345.7061462402344,NkuluEP,2020-01-16,2020-01-16 11:47:15.984,11:47:15,54.47012933333334,31.652882666666663
2103,380837.986,Flight2_cam1-002-000187-0,-3100087.6767565026,3484498.6461443766,345.6701965332031,NkuluEP,2020-01-16,2020-01-16 11:47:17.986,11:47:17,54.46784927777781,31.653661222222212
2104,380840.122,Flight2_cam1-002-000188-0,-3100105.365860244,3484505.4396796394,345.5114440917969,NkuluEP,2020-01-16,2020-01-16 11:47:20.122,11:47:20,54.465416611111145,31.654491888888877
2105,380842.658,Flight2_cam1-002-000189-0,-3100126.535388114,3484513.2231871127,345.44818115234375,NkuluEP,2020-01-16,2020-01-16 11:47:22.658,11:47:22,54.4625283888889,31.65547811111111
2106,380843.992,Flight2_cam1-002-000190-0,-3100137.7239502165,3484517.428275908,345.3906555175781,NkuluEP,2020-01-16,2020-01-16 11:47:23.992,11:47:23,54.46100911111108,31.6559968888889
2107,380845.994,Flight2_cam1-002-000191-0,-3100153.1904172283,3484524.523187829,345.42095947265625,NkuluEP,2020-01-16,2020-01-16 11:47:25.994,11:47:25,54.45872905555555,31.656775444444445
2108,380849.865,Flight2_cam1-002-000192-0,-3100148.939711715,3484538.7631967287,344.89715576171875,NkuluEP,2020-01-16,2020-01-16 11:47:29.865,11:47:29,54.454320416666675,31.65828083333333
2109,380850.666,Flight2_cam1-002-000193-0,-3100141.786157642,3484541.0595232844,344.8643798828125,NkuluEP,2020-01-16,2020-01-16 11:47:30.666,11:47:30,54.45340816666664,31.658592333333342
2110,380852.0,Flight2_cam1-002-000194-0,-3100130.8934986796,3484543.240485363,344.7973327636719,NkuluEP,2020-01-16,2020-01-16 11:47:32.000,11:47:32,54.45188888888889,31.65911111111111
2111,380854.002,Flight2_cam1-002-000195-0,-3100116.0358930132,3484546.6104214755,344.702392578125,NkuluEP,2020-01-16,2020-01-16 11:47:34.002,11:47:34,54.44960883333336,31.659889666666658
2112,380856.004,Flight2_cam1-002-000196-0,-3100102.717347037,3484550.635562786,344.58453369140625,NkuluEP,2020-01-16,2020-01-16 11:47:36.004,11:47:36,54.44732877777776,31.660668222222228
2113,380858.674,Flight2_cam1-002-000197-0,-3100081.961958184,3484557.4053487256,344.4122314453125,NkuluEP,2020-01-16,2020-01-16 11:47:38.674,11:47:38,54.44428794444445,31.661706555555554
2114,380860.008,Flight2_cam1-002-000198-0,-3100071.086345088,3484560.8271330046,344.37030029296875,NkuluEP,2020-01-16,2020-01-16 11:47:40.008,11:47:40,54.4427686666667,31.66222533333332
2115,380862.01,Flight2_cam1-002-000199-0,-3100053.334705934,3484565.771928831,344.2826232910156,NkuluEP,2020-01-16,2020-01-16 11:47:42.010,11:47:42,54.4404886111111,31.66300388888889
2116,380864.012,Flight2_cam1-002-000200-0,-3100035.930590539,3484568.9427545154,344.1811218261719,NkuluEP,2020-01-16,2020-01-16 11:47:44.012,11:47:44,54.43820855555557,31.66378244444444
2117,380866.681,Flight2_cam1-002-000201-0,-3100012.803658137,3484570.7188797374,344.1174011230469,NkuluEP,2020-01-16,2020-01-16 11:47:46.681,11:47:46,54.43516886111113,31.66482038888888
2118,380868.016,Flight2_cam1-002-000202-0,-3100000.7751974035,3484570.4710886423,344.1074523925781,NkuluEP,2020-01-16,2020-01-16 11:47:48.016,11:47:48,54.433648444444444,31.665339555555555
2119,380870.018,Flight2_cam1-002-000203-0,-3099983.323534601,3484568.595574616,344.10821533203125,NkuluEP,2020-01-16,2020-01-16 11:47:50.018,11:47:50,54.43136838888891,31.666118111111103
2120,380872.02,Flight2_cam1-002-000204-0,-3099965.480062235,3484564.9228546335,344.0213928222656,NkuluEP,2020-01-16,2020-01-16 11:47:52.020,11:47:52,54.42908833333331,31.666896666666673
2121,380874.156,Flight2_cam1-002-000205-0,-3099947.4051921256,3484559.449073437,343.9081726074219,NkuluEP,2020-01-16,2020-01-16 11:47:54.156,11:47:54,54.42665566666665,31.66772733333334
2122,380876.558,Flight2_cam1-002-000206-0,-3099927.75190549,3484552.0419342946,343.8498840332031,NkuluEP,2020-01-16,2020-01-16 11:47:56.558,11:47:56,54.423920055555534,31.668661444444453
2123,380878.026,Flight2_cam1-002-000207-0,-3099915.906932931,3484547.6474352283,343.815185546875,NkuluEP,2020-01-16,2020-01-16 11:47:58.026,11:47:58,54.422248166666655,31.669232333333337
2124,380880.028,Flight2_cam1-002-000208-0,-3099898.6193933287,3484541.3658272456,343.80718994140625,NkuluEP,2020-01-16,2020-01-16 11:48:00.028,11:48:00,54.419968111111125,31.670010888888886
2125,380882.03,Flight2_cam1-002-000209-0,-3099882.0612317096,3484535.284919241,343.77044677734375,NkuluEP,2020-01-16,2020-01-16 11:48:02.030,11:48:02,54.41768805555552,31.670789444444456
2126,380884.699,Flight2_cam1-002-000210-0,-3099860.2917036605,3484527.4353109384,343.7845764160156,NkuluEP,2020-01-16,2020-01-16 11:48:04.699,11:48:04,54.414648361111084,31.671827388888897
2127,380886.034,Flight2_cam1-002-000211-0,-3099849.011548289,3484523.2972812797,343.76824951171875,NkuluEP,2020-01-16,2020-01-16 11:48:06.034,11:48:06,54.41312794444446,31.67234655555555
2128,380888.036,Flight2_cam1-002-000212-0,-3099832.487231735,3484517.220718407,343.81787109375,NkuluEP,2020-01-16,2020-01-16 11:48:08.036,11:48:08,54.41084788888887,31.67312511111112
2129,380890.038,Flight2_cam1-002-000213-0,-3099815.337774135,3484511.044866513,343.846435546875,NkuluEP,2020-01-16,2020-01-16 11:48:10.038,11:48:10,54.408567833333336,31.673903666666668
2130,380892.173,Flight2_cam1-002-000214-0,-3099797.466741631,3484504.6012789295,343.8328552246094,NkuluEP,2020-01-16,2020-01-16 11:48:12.173,11:48:12,54.40613630555555,31.674733944444448
2131,380894.576,Flight2_cam1-002-000215-0,-3099777.5709930276,3484497.292476433,343.79669189453125,NkuluEP,2020-01-16,2020-01-16 11:48:14.576,11:48:14,54.40339955555556,31.675668444444444
2132,380896.044,Flight2_cam1-002-000216-0,-3099765.5630410104,3484492.934000791,343.7832946777344,NkuluEP,2020-01-16,2020-01-16 11:48:16.044,11:48:16,54.40172766666667,31.67623933333333
2133,380898.046,Flight2_cam1-002-000217-0,-3099748.360785896,3484486.7226125845,343.7991638183594,NkuluEP,2020-01-16,2020-01-16 11:48:18.046,11:48:18,54.39944761111114,31.677017888888876
2134,380900.048,Flight2_cam1-002-000218-0,-3099731.757519318,3484480.526727924,343.7386474609375,NkuluEP,2020-01-16,2020-01-16 11:48:20.048,11:48:20,54.39716755555555,31.677796444444446
2135,380902.717,Flight2_cam1-002-000219-0,-3099709.8875775933,3484472.324957199,343.7394714355469,NkuluEP,2020-01-16,2020-01-16 11:48:22.717,11:48:22,54.39412786111111,31.67883438888889
2136,380904.052,Flight2_cam1-002-000220-0,-3099698.7948211366,3484468.2095439606,343.7056579589844,NkuluEP,2020-01-16,2020-01-16 11:48:24.052,11:48:24,54.392607444444415,31.679353555555565
2137,380906.054,Flight2_cam1-002-000221-0,-3099681.658490873,3484462.106509191,343.7668151855469,NkuluEP,2020-01-16,2020-01-16 11:48:26.054,11:48:26,54.390327388888885,31.680132111111114
2138,380908.056,Flight2_cam1-002-000222-0,-3099664.979010664,3484456.218675961,343.77740478515625,NkuluEP,2020-01-16,2020-01-16 11:48:28.056,11:48:28,54.388047333333354,31.68091066666666
2139,380910.058,Flight2_cam1-002-000223-0,-3099648.2764769695,3484450.0852753846,343.74530029296875,NkuluEP,2020-01-16,2020-01-16 11:48:30.058,11:48:30,54.38576727777776,31.68168922222223
2140,380912.594,Flight2_cam1-002-000224-0,-3099627.308864612,3484442.0912341005,343.81982421875,NkuluEP,2020-01-16,2020-01-16 11:48:32.594,11:48:32,54.38287905555558,31.68267544444444
2141,380914.062,Flight2_cam1-002-000225-0,-3099615.2948419508,3484437.637895075,343.82330322265625,NkuluEP,2020-01-16,2020-01-16 11:48:34.062,11:48:34,54.3812071666667,31.683246333333322
2142,380916.064,Flight2_cam1-002-000226-0,-3099598.068115031,3484431.4593306123,343.7959899902344,NkuluEP,2020-01-16,2020-01-16 11:48:36.064,11:48:36,54.378927111111096,31.684024888888892
2143,380918.066,Flight2_cam1-002-000227-0,-3099581.397274764,3484425.4128766535,343.7991943359375,NkuluEP,2020-01-16,2020-01-16 11:48:38.066,11:48:38,54.376647055555566,31.68480344444444
2144,380920.602,Flight2_cam1-002-000228-0,-3099560.2027729093,3484417.637110094,343.7103271484375,NkuluEP,2020-01-16,2020-01-16 11:48:40.602,11:48:40,54.37375883333332,31.685789666666672
2145,380922.07,Flight2_cam1-002-000229-0,-3099548.321688892,3484413.1817057943,343.7512512207031,NkuluEP,2020-01-16,2020-01-16 11:48:42.070,11:48:42,54.37208694444444,31.68636055555556
2146,380924.072,Flight2_cam1-002-000230-0,-3099531.2202293905,3484406.828447081,343.7061767578125,NkuluEP,2020-01-16,2020-01-16 11:48:44.072,11:48:44,54.36980688888891,31.687139111111104
2147,380926.074,Flight2_cam1-002-000231-0,-3099514.6549915713,3484400.7095870404,343.7099914550781,NkuluEP,2020-01-16,2020-01-16 11:48:46.074,11:48:46,54.36752683333331,31.687917666666674
2148,380928.61,Flight2_cam1-002-000232-0,-3099493.447580906,3484392.9550126353,343.7594299316406,NkuluEP,2020-01-16,2020-01-16 11:48:48.610,11:48:48,54.364638611111125,31.688903888888884
2149,380930.078,Flight2_cam1-002-000233-0,-3099481.65381494,3484388.6132469247,343.80255126953125,NkuluEP,2020-01-16,2020-01-16 11:48:50.078,11:48:50,54.36296672222225,31.689474777777768
2150,380932.08,Flight2_cam1-002-000234-0,-3099465.17803734,3484382.4641549024,343.7929992675781,NkuluEP,2020-01-16,2020-01-16 11:48:52.080,11:48:52,54.36068666666665,31.690253333333338
2151,380934.082,Flight2_cam1-002-000235-0,-3099448.1654252736,3484376.2165566715,343.7684020996094,NkuluEP,2020-01-16,2020-01-16 11:48:54.082,11:48:54,54.35840661111112,31.691031888888887
2152,380936.618,Flight2_cam1-002-000236-0,-3099426.7702135234,3484368.323525374,343.7590026855469,NkuluEP,2020-01-16,2020-01-16 11:48:56.618,11:48:56,54.35551838888887,31.692018111111118
2153,380938.086,Flight2_cam1-002-000237-0,-3099414.731842426,3484363.940408342,343.77984619140625,NkuluEP,2020-01-16,2020-01-16 11:48:58.086,11:48:58,54.35384649999999,31.692589000000005
2154,380940.088,Flight2_cam1-002-000238-0,-3099398.1992826797,3484357.8463563602,343.7638854980469,NkuluEP,2020-01-16,2020-01-16 11:49:00.088,11:49:00,54.35156644444446,31.69336755555555
2155,380942.09,Flight2_cam1-002-000239-0,-3099381.170800562,3484351.607897029,343.700927734375,NkuluEP,2020-01-16,2020-01-16 11:49:02.090,11:49:02,54.34928638888886,31.69414611111112
2156,380944.626,Flight2_cam1-002-000240-0,-3099360.5115829986,3484343.9564904803,343.72906494140625,NkuluEP,2020-01-16,2020-01-16 11:49:04.626,11:49:04,54.34639816666668,31.69513233333333
2157,380946.094,Flight2_cam1-002-000241-0,-3099347.9689925513,3484339.3951317184,343.78302001953125,NkuluEP,2020-01-16,2020-01-16 11:49:06.094,11:49:06,54.344726277777795,31.695703222222214
2158,380948.096,Flight2_cam1-002-000242-0,-3099331.4059026316,3484333.2412680993,343.7994384765625,NkuluEP,2020-01-16,2020-01-16 11:49:08.096,11:49:08,54.3424462222222,31.696481777777784
2159,380950.098,Flight2_cam1-002-000243-0,-3099314.8610237595,3484327.1425982937,343.81158447265625,NkuluEP,2020-01-16,2020-01-16 11:49:10.098,11:49:10,54.34016616666667,31.697260333333332
2160,380952.634,Flight2_cam1-002-000244-0,-3099293.7438044734,3484319.4048441555,343.8616943359375,NkuluEP,2020-01-16,2020-01-16 11:49:12.634,11:49:12,54.33727794444442,31.698246555555563
2161,380954.102,Flight2_cam1-002-000245-0,-3099281.0818383833,3484314.734339373,343.8647155761719,NkuluEP,2020-01-16,2020-01-16 11:49:14.102,11:49:14,54.335606055555544,31.69881744444445
2162,380956.104,Flight2_cam1-002-000246-0,-3099264.4453061344,3484308.7119670394,343.8752136230469,NkuluEP,2020-01-16,2020-01-16 11:49:16.104,11:49:16,54.333326000000014,31.699595999999996
2163,380958.106,Flight2_cam1-002-000247-0,-3099247.9619065956,3484302.663203174,343.92767333984375,NkuluEP,2020-01-16,2020-01-16 11:49:18.106,11:49:18,54.33104594444441,31.700374555555566
2164,380960.108,Flight2_cam1-002-000248-0,-3099230.854934646,3484296.233275998,343.921875,NkuluEP,2020-01-16,2020-01-16 11:49:20.108,11:49:20,54.32876588888888,31.701153111111115
2165,380962.51,Flight2_cam1-002-000249-0,-3099210.971605695,3484288.992303556,343.891845703125,NkuluEP,2020-01-16,2020-01-16 11:49:22.510,11:49:22,54.32603027777777,31.702087222222225
2166,380964.112,Flight2_cam1-002-000250-0,-3099197.7181865186,3484284.1338650743,343.8870544433594,NkuluEP,2020-01-16,2020-01-16 11:49:24.112,11:49:24,54.324205777777756,31.70271022222223
2167,380966.114,Flight2_cam1-002-000251-0,-3099181.134719941,3484278.163558862,343.8939514160156,NkuluEP,2020-01-16,2020-01-16 11:49:26.114,11:49:26,54.321925722222225,31.70348877777778
2168,380968.116,Flight2_cam1-002-000252-0,-3099163.8884437783,3484271.828008306,343.9204406738281,NkuluEP,2020-01-16,2020-01-16 11:49:28.116,11:49:28,54.31964566666669,31.704267333333327
2169,380970.651,Flight2_cam1-002-000253-0,-3099143.2531079007,3484264.2399324584,343.9226989746094,NkuluEP,2020-01-16,2020-01-16 11:49:30.651,11:49:30,54.31675858333332,31.705253166666672
2170,380971.986,Flight2_cam1-002-000254-0,-3099131.982089361,3484260.151168137,343.91510009765625,NkuluEP,2020-01-16,2020-01-16 11:49:31.986,11:49:31,54.315238166666695,31.70577233333332
2171,380973.988,Flight2_cam1-002-000255-0,-3099115.5039843684,3484254.0914858817,343.8836364746094,NkuluEP,2020-01-16,2020-01-16 11:49:33.988,11:49:33,54.3129581111111,31.70655088888889
2172,380975.99,Flight2_cam1-002-000256-0,-3099098.259370393,3484247.6345198574,343.8583679199219,NkuluEP,2020-01-16,2020-01-16 11:49:35.990,11:49:35,54.31067805555557,31.70732944444444
2173,380978.126,Flight2_cam1-002-000257-0,-3099080.48897208,3484240.98770387,343.85015869140625,NkuluEP,2020-01-16,2020-01-16 11:49:38.126,11:49:38,54.3082453888889,31.708160111111106
2174,380980.528,Flight2_cam1-002-000258-0,-3099060.6414998947,3484233.6803461034,343.84405517578125,NkuluEP,2020-01-16,2020-01-16 11:49:40.528,11:49:40,54.305509777777786,31.70909422222222
2175,380981.996,Flight2_cam1-002-000259-0,-3099048.7154971175,3484229.2623923616,343.795166015625,NkuluEP,2020-01-16,2020-01-16 11:49:41.996,11:49:41,54.30383788888891,31.709665111111104
2176,380983.998,Flight2_cam1-002-000260-0,-3099031.6541169104,3484222.950807392,343.8508605957031,NkuluEP,2020-01-16,2020-01-16 11:49:43.998,11:49:43,54.30155783333331,31.710443666666674
2177,380986.0,Flight2_cam1-002-000261-0,-3099015.068105204,3484216.878965301,343.84149169921875,NkuluEP,2020-01-16,2020-01-16 11:49:46.000,11:49:46,54.29927777777778,31.711222222222222
2178,380988.669,Flight2_cam1-002-000262-0,-3098993.0182168684,3484208.8153752796,343.8941650390625,NkuluEP,2020-01-16,2020-01-16 11:49:48.669,11:49:48,54.29623808333334,31.712260166666663
2179,380990.004,Flight2_cam1-002-000263-0,-3098981.703606813,3484204.694472676,343.8548278808594,NkuluEP,2020-01-16,2020-01-16 11:49:50.004,11:49:50,54.29471766666665,31.712779333333337
2180,380992.006,Flight2_cam1-002-000264-0,-3098965.2582398527,3484198.7029501502,343.8544921875,NkuluEP,2020-01-16,2020-01-16 11:49:52.006,11:49:52,54.29243761111112,31.713557888888886
2181,380994.008,Flight2_cam1-002-000265-0,-3098948.1280990825,3484192.391524938,343.8281555175781,NkuluEP,2020-01-16,2020-01-16 11:49:54.008,11:49:54,54.29015755555559,31.714336444444434
2182,380996.677,Flight2_cam1-002-000266-0,-3098926.293960089,3484184.3976701293,343.8542175292969,NkuluEP,2020-01-16,2020-01-16 11:49:56.677,11:49:56,54.287117861111085,31.715374388888897
2183,380998.012,Flight2_cam1-002-000267-0,-3098915.012287595,3484180.216539386,343.9105224609375,NkuluEP,2020-01-16,2020-01-16 11:49:58.012,11:49:58,54.28559744444446,31.71589355555555
2184,381000.014,Flight2_cam1-002-000268-0,-3098898.5380088077,3484174.122456642,343.9169921875,NkuluEP,2020-01-16,2020-01-16 11:50:00.014,11:50:00,54.28331738888886,31.71667211111112
2185,381002.016,Flight2_cam1-002-000269-0,-3098881.3058158383,3484167.8020590395,343.8856201171875,NkuluEP,2020-01-16,2020-01-16 11:50:02.016,11:50:02,54.28103733333333,31.717450666666668
2186,381004.151,Flight2_cam1-002-000270-0,-3098863.4166386505,3484161.0720576807,343.82537841796875,NkuluEP,2020-01-16,2020-01-16 11:50:04.151,11:50:04,54.27860580555554,31.718280944444448
2187,381006.554,Flight2_cam1-002-000271-0,-3098843.5360761154,3484153.750152536,343.8074645996094,NkuluEP,2020-01-16,2020-01-16 11:50:06.554,11:50:06,54.27586905555555,31.719215444444444
2188,381008.022,Flight2_cam1-002-000272-0,-3098831.6912318342,3484149.452973346,343.84912109375,NkuluEP,2020-01-16,2020-01-16 11:50:08.022,11:50:08,54.274197166666674,31.71978633333333
2189,381010.024,Flight2_cam1-002-000273-0,-3098814.4991553156,3484143.1177300694,343.83367919921875,NkuluEP,2020-01-16,2020-01-16 11:50:10.024,11:50:10,54.27191711111114,31.72056488888888
2190,381012.026,Flight2_cam1-002-000274-0,-3098797.958288274,3484137.046334857,343.8988037109375,NkuluEP,2020-01-16,2020-01-16 11:50:12.026,11:50:12,54.26963705555554,31.72134344444445
2191,381014.695,Flight2_cam1-002-000275-0,-3098776.0149985435,3484129.023785685,343.959716796875,NkuluEP,2020-01-16,2020-01-16 11:50:14.695,11:50:14,54.2665973611111,31.72238138888889
2192,381016.03,Flight2_cam1-002-000276-0,-3098764.769477475,3484124.9624723643,343.9300231933594,NkuluEP,2020-01-16,2020-01-16 11:50:16.030,11:50:16,54.26507694444442,31.722900555555565
2193,381018.032,Flight2_cam1-002-000277-0,-3098748.1836479167,3484118.7919170195,343.89129638671875,NkuluEP,2020-01-16,2020-01-16 11:50:18.032,11:50:18,54.262796888888886,31.723679111111114
2194,381020.034,Flight2_cam1-002-000278-0,-3098731.025548011,3484112.5044857482,343.9630126953125,NkuluEP,2020-01-16,2020-01-16 11:50:20.034,11:50:20,54.260516833333355,31.72445766666666
2195,381022.036,Flight2_cam1-002-000279-0,-3098714.623030388,3484106.4259635075,343.9980773925781,NkuluEP,2020-01-16,2020-01-16 11:50:22.036,11:50:22,54.25823677777775,31.72523622222223
2196,381024.572,Flight2_cam1-002-000280-0,-3098693.5219556377,3484098.640421445,343.9876403808594,NkuluEP,2020-01-16,2020-01-16 11:50:24.572,11:50:24,54.25534855555557,31.72622244444444
2197,381026.04,Flight2_cam1-002-000281-0,-3098681.519325219,3484094.208139055,344.03314208984375,NkuluEP,2020-01-16,2020-01-16 11:50:26.040,11:50:26,54.25367666666669,31.726793333333326
2198,381028.042,Flight2_cam1-002-000282-0,-3098664.210180952,3484087.851797531,344.08026123046875,NkuluEP,2020-01-16,2020-01-16 11:50:28.042,11:50:28,54.2513966111111,31.727571888888896
2199,381030.044,Flight2_cam1-002-000283-0,-3098647.552745562,3484081.8123600716,344.09832763671875,NkuluEP,2020-01-16,2020-01-16 11:50:30.044,11:50:30,54.24911655555556,31.72835044444444
2200,381032.713,Flight2_cam1-002-000284-0,-3098625.592052819,3484073.626309718,344.1029968261719,NkuluEP,2020-01-16,2020-01-16 11:50:32.713,11:50:32,54.24607686111113,31.729388388888886
2201,381034.048,Flight2_cam1-002-000285-0,-3098614.2958197976,3484069.485608678,344.1120910644531,NkuluEP,2020-01-16,2020-01-16 11:50:34.048,11:50:34,54.244556444444434,31.72990755555556
2202,381036.05,Flight2_cam1-002-000286-0,-3098597.781861334,3484063.533992563,344.11102294921875,NkuluEP,2020-01-16,2020-01-16 11:50:36.050,11:50:36,54.242276388888904,31.730686111111105
2203,381038.052,Flight2_cam1-002-000287-0,-3098579.765215413,3484060.558183654,344.12158203125,NkuluEP,2020-01-16,2020-01-16 11:50:38.052,11:50:38,54.23999633333331,31.731464666666675
2204,381040.187,Flight2_cam1-002-000288-0,-3098562.752709078,3484066.8205969753,344.0461730957031,NkuluEP,2020-01-16,2020-01-16 11:50:40.187,11:50:40,54.237564805555586,31.732294944444433
2205,381042.59,Flight2_cam1-002-000289-0,-3098551.842388261,3484083.966573181,343.92779541015625,NkuluEP,2020-01-16,2020-01-16 11:50:42.590,11:50:42,54.234828055555525,31.733229444444454
2206,381044.058,Flight2_cam1-002-000290-0,-3098548.156974478,3484096.634864581,343.8930358886719,NkuluEP,2020-01-16,2020-01-16 11:50:44.058,11:50:44,54.233156166666646,31.733800333333342
2207,381046.06,Flight2_cam1-002-000291-0,-3098543.0102194594,3484113.057921795,343.8447265625,NkuluEP,2020-01-16,2020-01-16 11:50:46.060,11:50:46,54.230876111111115,31.734578888888887
2208,381048.062,Flight2_cam1-002-000292-0,-3098538.9166309536,3484127.7354087452,343.80511474609375,NkuluEP,2020-01-16,2020-01-16 11:50:48.062,11:50:48,54.228596055555585,31.735357444444436
2209,381050.731,Flight2_cam1-002-000293-0,-3098543.358751656,3484149.191477705,343.98760986328125,NkuluEP,2020-01-16,2020-01-16 11:50:50.731,11:50:50,54.22555636111108,31.7363953888889
2210,381052.066,Flight2_cam1-002-000294-0,-3098551.6536617116,3484157.6681387173,344.1003723144531,NkuluEP,2020-01-16,2020-01-16 11:50:52.066,11:50:52,54.22403594444445,31.73691455555555
2211,381054.068,Flight2_cam1-002-000295-0,-3098565.8349186573,3484164.921862067,344.1358642578125,NkuluEP,2020-01-16,2020-01-16 11:50:54.068,11:50:54,54.22175588888886,31.73769311111112
2212,381056.07,Flight2_cam1-002-000296-0,-3098580.5452028434,3484173.5096567143,342.98681640625,NkuluEP,2020-01-16,2020-01-16 11:50:56.070,11:50:56,54.21947583333333,31.73847166666667
2213,381058.605,Flight2_cam1-002-000297-0,-3098609.94707046,3484177.0483737015,341.3643798828125,NkuluEP,2020-01-16,2020-01-16 11:50:58.605,11:50:58,54.21658875000002,31.739457499999993
2214,381060.074,Flight2_cam1-002-000298-0,-3098628.985424049,3484171.7977112676,340.1224365234375,NkuluEP,2020-01-16,2020-01-16 11:51:00.074,11:51:00,54.2149157222222,31.740028777777788
2215,381062.076,Flight2_cam1-002-000299-0,-3098657.7627341244,3484161.6169382147,337.6852722167969,NkuluEP,2020-01-16,2020-01-16 11:51:02.076,11:51:02,54.212635666666664,31.740807333333333
2216,381064.078,Flight2_cam1-002-000300-0,-3098690.135337256,3484150.4392037205,334.73077392578125,NkuluEP,2020-01-16,2020-01-16 11:51:04.078,11:51:04,54.21035561111113,31.74158588888888
2217,381066.08,Flight2_cam1-002-000301-0,-3098723.826995095,3484140.955931206,331.47430419921875,NkuluEP,2020-01-16,2020-01-16 11:51:06.080,11:51:06,54.20807555555554,31.74236444444445
2218,381068.615,Flight2_cam1-002-000302-0,-3098768.4563085455,3484132.4492284027,327.685546875,NkuluEP,2020-01-16,2020-01-16 11:51:08.615,11:51:08,54.20518847222223,31.743350277777772
2219,381070.084,Flight2_cam1-002-000303-0,-3098793.3861781564,3484128.3460936365,327.3670654296875,NkuluEP,2020-01-16,2020-01-16 11:51:10.084,11:51:10,54.20351544444448,31.743921555555545
2220,381072.086,Flight2_cam1-002-000304-0,-3098828.4298264133,3484122.3921788423,326.6484680175781,NkuluEP,2020-01-16,2020-01-16 11:51:12.086,11:51:12,54.201235388888875,31.744700111111115
2221,381074.088,Flight2_cam1-002-000305-0,-3098862.7894692677,3484117.1662999205,323.82427978515625,NkuluEP,2020-01-16,2020-01-16 11:51:14.088,11:51:14,54.198955333333345,31.745478666666664
2222,381076.089,Flight2_cam1-002-000306-0,-3098896.0003145905,3484112.4197718357,319.90997314453125,NkuluEP,2020-01-16,2020-01-16 11:51:16.089,11:51:16,54.19667641666669,31.746256833333323
2223,381078.625,Flight2_cam1-002-000307-0,-3098934.145086374,3484107.2791807493,315.0885925292969,NkuluEP,2020-01-16,2020-01-16 11:51:18.625,11:51:18,54.193788194444444,31.747243055555554
2224,381080.093,Flight2_cam1-002-000308-0,-3098954.395127546,3484104.554270607,312.18939208984375,NkuluEP,2020-01-16,2020-01-16 11:51:20.093,11:51:20,54.192116305555565,31.74781394444444
2225,381082.095,Flight2_cam1-002-000309-0,-3098983.854125215,3484100.2889554235,309.0798645019531,NkuluEP,2020-01-16,2020-01-16 11:51:22.095,11:51:22,54.189836250000035,31.74859249999999
2226,381084.097,Flight2_cam1-002-000310-0,-3099013.7517330367,3484095.379265103,307.0267028808594,NkuluEP,2020-01-16,2020-01-16 11:51:24.097,11:51:24,54.18755619444443,31.749371055555557
2227,381086.633,Flight2_cam1-002-000311-0,-3099053.4922789284,3484088.561545681,304.36065673828125,NkuluEP,2020-01-16,2020-01-16 11:51:26.633,11:51:26,54.18466797222226,31.750357277777766
2228,381088.101,Flight2_cam1-002-000312-0,-3099075.4734995533,3484085.294767788,301.91705322265625,NkuluEP,2020-01-16,2020-01-16 11:51:28.101,11:51:28,54.18299608333331,31.750928166666675
2229,381090.103,Flight2_cam1-002-000313-0,-3099106.175792559,3484081.047654919,298.4273681640625,NkuluEP,2020-01-16,2020-01-16 11:51:30.103,11:51:30,54.18071602777778,31.751706722222224
2230,381092.105,Flight2_cam1-002-000314-0,-3099134.59517977,3484077.909575185,295.4322814941406,NkuluEP,2020-01-16,2020-01-16 11:51:32.105,11:51:32,54.178435972222246,31.75248527777777
2231,381094.107,Flight2_cam1-002-000315-0,-3099161.849359551,3484076.6189176845,292.0750427246094,NkuluEP,2020-01-16,2020-01-16 11:51:34.107,11:51:34,54.176155916666644,31.75326383333334
2232,381096.51,Flight2_cam1-002-000316-0,-3099194.4297361947,3484078.2150857323,289.02130126953125,NkuluEP,2020-01-16,2020-01-16 11:51:36.510,11:51:36,54.173419166666655,31.754198333333335
2233,381098.111,Flight2_cam1-002-000317-0,-3099216.4083702657,3484080.232128921,286.89117431640625,NkuluEP,2020-01-16,2020-01-16 11:51:38.111,11:51:38,54.17159580555558,31.754820944444432
2234,381100.113,Flight2_cam1-002-000318-0,-3099243.0181123973,3484083.026616024,282.5456848144531,NkuluEP,2020-01-16,2020-01-16 11:51:40.113,11:51:40,54.16931574999999,31.755599500000002
2235,381102.115,Flight2_cam1-002-000319-0,-3099266.3858966995,3484085.4001052496,278.4137878417969,NkuluEP,2020-01-16,2020-01-16 11:51:42.115,11:51:42,54.16703569444446,31.75637805555555
2236,381104.651,Flight2_cam1-002-000320-0,-3099291.2191345207,3484089.149053768,273.7669372558594,NkuluEP,2020-01-16,2020-01-16 11:51:44.651,11:51:44,54.16414747222221,31.757364277777782
2237,381106.119,Flight2_cam1-002-000321-0,-3099300.935716179,3484092.939061044,271.2864990234375,NkuluEP,2020-01-16,2020-01-16 11:51:46.119,11:51:46,54.162475583333325,31.75793516666667
2238,381108.121,Flight2_cam1-002-000322-0,-3099309.2811548323,3484099.8768867194,267.8182678222656,NkuluEP,2020-01-16,2020-01-16 11:51:48.121,11:51:48,54.160195527777795,31.758713722222215
2239,381110.123,Flight2_cam1-002-000323-0,-3099309.4013415016,3484104.238301445,265.9239196777344,NkuluEP,2020-01-16,2020-01-16 11:51:50.123,11:51:50,54.1579154722222,31.759492277777785
2240,381112.659,Flight2_cam1-002-000324-0,-3099309.7804521373,3484105.575384477,264.0556945800781,NkuluEP,2020-01-16,2020-01-16 11:51:52.659,11:51:52,54.15502725000002,31.760478499999994
2241,381491.702,Flight2_cam1-004-000000-0,-3099315.6716809724,3484102.3171574576,245.05751037597656,NkuluEP,2020-01-16,2020-01-16 11:58:11.702,11:58:11,53.7233393888889,31.907884111111105
2242,381493.704,Flight2_cam1-004-000001-0,-3099315.2744673844,3484104.3680412928,247.86199951171875,NkuluEP,2020-01-16,2020-01-16 11:58:13.704,11:58:13,53.7210593333333,31.908662666666675
2243,381495.706,Flight2_cam1-004-000002-0,-3099313.6600226127,3484113.1168443197,251.9934539794922,NkuluEP,2020-01-16,2020-01-16 11:58:15.706,11:58:15,53.71877927777777,31.909441222222224
2244,381498.376,Flight2_cam1-004-000003-0,-3099307.218863586,3484131.2401724583,259.0975036621094,NkuluEP,2020-01-16,2020-01-16 11:58:18.376,11:58:18,53.715738444444455,31.91047955555555
2245,381499.71,Flight2_cam1-004-000004-0,-3099300.7512546196,3484142.422009945,263.1295166015625,NkuluEP,2020-01-16,2020-01-16 11:58:19.710,11:58:19,53.714219166666645,31.91099833333334
2246,381501.712,Flight2_cam1-004-000005-0,-3099286.4553624513,3484156.105557486,269.2167663574219,NkuluEP,2020-01-16,2020-01-16 11:58:21.712,11:58:21,53.711939111111114,31.911776888888888
2247,381503.714,Flight2_cam1-004-000006-0,-3099267.0869227014,3484166.0245878687,275.0343322753906,NkuluEP,2020-01-16,2020-01-16 11:58:23.714,11:58:23,53.70965905555558,31.912555444444436
2248,381505.716,Flight2_cam1-004-000007-0,-3099245.444360293,3484174.10917695,280.85565185546875,NkuluEP,2020-01-16,2020-01-16 11:58:25.716,11:58:25,53.70737899999998,31.913334000000006
2249,381508.252,Flight2_cam1-004-000008-0,-3099216.188363728,3484182.786015636,288.9307861328125,NkuluEP,2020-01-16,2020-01-16 11:58:28.252,11:58:28,53.704490777777806,31.914320222222212
2250,381509.72,Flight2_cam1-004-000009-0,-3099197.355230724,3484185.0169207626,293.7375793457031,NkuluEP,2020-01-16,2020-01-16 11:58:29.720,11:58:29,53.70281888888892,31.9148911111111
2251,381511.722,Flight2_cam1-004-000010-0,-3099171.906476312,3484184.385037731,299.9206848144531,NkuluEP,2020-01-16,2020-01-16 11:58:31.722,11:58:31,53.700538833333326,31.91566966666667
2252,381513.724,Flight2_cam1-004-000011-0,-3099147.181758108,3484182.346784492,305.93414306640625,NkuluEP,2020-01-16,2020-01-16 11:58:33.724,11:58:33,53.698258777777795,31.916448222222215
2253,381516.394,Flight2_cam1-004-000012-0,-3099114.10548445,3484179.554347232,314.0829162597656,NkuluEP,2020-01-16,2020-01-16 11:58:36.394,11:58:36,53.69521794444448,31.917486555555545
2254,381517.728,Flight2_cam1-004-000013-0,-3099099.807282175,3484178.260454126,318.0858459472656,NkuluEP,2020-01-16,2020-01-16 11:58:37.728,11:58:37,53.69369866666666,31.918005333333333
2255,381519.73,Flight2_cam1-004-000014-0,-3099080.4379938496,3484176.8255495266,323.9132080078125,NkuluEP,2020-01-16,2020-01-16 11:58:39.730,11:58:39,53.69141861111113,31.918783888888882
2256,381521.732,Flight2_cam1-004-000015-0,-3099059.175760138,3484175.445793092,330.059326171875,NkuluEP,2020-01-16,2020-01-16 11:58:41.732,11:58:41,53.68913855555554,31.919562444444452
2257,381524.402,Flight2_cam1-004-000016-0,-3099023.482909793,3484171.23132508,338.0153503417969,NkuluEP,2020-01-16,2020-01-16 11:58:44.402,11:58:44,53.68609772222222,31.92060077777778
2258,381525.736,Flight2_cam1-004-000017-0,-3099005.676442132,3484168.656665593,341.7910461425781,NkuluEP,2020-01-16,2020-01-16 11:58:45.736,11:58:45,53.684578444444476,31.921119555555546
2259,381527.738,Flight2_cam1-004-000018-0,-3098976.243816793,3484164.517165057,345.23382568359375,NkuluEP,2020-01-16,2020-01-16 11:58:47.738,11:58:47,53.682298388888874,31.921898111111116
2260,381529.74,Flight2_cam1-004-000019-0,-3098948.142500478,3484160.898241657,345.4278564453125,NkuluEP,2020-01-16,2020-01-16 11:58:49.740,11:58:49,53.680018333333344,31.92267666666666
2261,381531.742,Flight2_cam1-004-000020-0,-3098920.7902473514,3484157.7750710347,345.346435546875,NkuluEP,2020-01-16,2020-01-16 11:58:51.742,11:58:51,53.67773827777775,31.92345522222223
2262,381534.278,Flight2_cam1-004-000021-0,-3098886.7650544406,3484155.409296176,345.3094482421875,NkuluEP,2020-01-16,2020-01-16 11:58:54.278,11:58:54,53.67485005555557,31.92444144444444
2263,381535.746,Flight2_cam1-004-000022-0,-3098867.5062391865,3484154.655818733,345.3409729003906,NkuluEP,2020-01-16,2020-01-16 11:58:55.746,11:58:55,53.67317816666669,31.925012333333328
2264,381537.748,Flight2_cam1-004-000023-0,-3098844.5893639526,3484153.5103082648,345.28399658203125,NkuluEP,2020-01-16,2020-01-16 11:58:57.748,11:58:57,53.670898111111086,31.925790888888898
2265,381539.75,Flight2_cam1-004-000024-0,-3098822.6766503067,3484151.488866922,345.380859375,NkuluEP,2020-01-16,2020-01-16 11:58:59.750,11:58:59,53.668618055555555,31.926569444444443
2266,381542.419,Flight2_cam1-004-000025-0,-3098792.991687959,3484148.273393042,345.4890441894531,NkuluEP,2020-01-16,2020-01-16 11:59:02.419,11:59:02,53.665578361111116,31.927607388888887
2267,381543.754,Flight2_cam1-004-000026-0,-3098778.879119824,3484146.9260134683,345.54376220703125,NkuluEP,2020-01-16,2020-01-16 11:59:03.754,11:59:03,53.66405794444443,31.92812655555556
2268,381569.142,Flight2_cam1-004-000027-0,-3098554.791317233,3484115.53335715,345.1927795410156,NkuluEP,2020-01-16,2020-01-16 11:59:29.142,11:59:29,53.635143833333345,31.937999666666663
2269,381570.61,Flight2_cam1-004-000028-0,-3098548.910457418,3484126.69672923,345.0242919921875,NkuluEP,2020-01-16,2020-01-16 11:59:30.610,11:59:30,53.63347194444446,31.93857055555555
2270,381571.678,Flight2_cam1-004-000029-0,-3098543.0290449015,3484134.82996699,345.0743713378906,NkuluEP,2020-01-16,2020-01-16 11:59:31.678,11:59:31,53.6322556111111,31.938985888888894
2271,381573.68,Flight2_cam1-004-000030-0,-3098531.2066306374,3484147.3623278956,344.9007263183594,NkuluEP,2020-01-16,2020-01-16 11:59:33.680,11:59:33,53.62997555555557,31.939764444444442
2272,381576.349,Flight2_cam1-004-000031-0,-3098527.57189094,3484150.482526841,344.7581481933594,NkuluEP,2020-01-16,2020-01-16 11:59:36.349,11:59:36,53.62693586111113,31.940802388888883
2273,381579.686,Flight2_cam1-004-000032-0,-3098532.7167896223,3484150.6564018675,344.6810302734375,NkuluEP,2020-01-16,2020-01-16 11:59:39.686,11:59:39,53.623135388888905,31.942100111111106
2274,381581.688,Flight2_cam1-004-000033-0,-3098545.872228503,3484155.3335874965,344.75665283203125,NkuluEP,2020-01-16,2020-01-16 11:59:41.688,11:59:41,53.62085533333331,31.942878666666676
2275,381583.69,Flight2_cam1-004-000034-0,-3098562.0736685474,3484162.1388894026,344.7057189941406,NkuluEP,2020-01-16,2020-01-16 11:59:43.690,11:59:43,53.61857527777778,31.94365722222222
2276,381585.692,Flight2_cam1-004-000035-0,-3098575.45036776,3484167.7205405696,344.6794128417969,NkuluEP,2020-01-16,2020-01-16 11:59:45.692,11:59:45,53.61629522222225,31.94443577777777
2277,381588.361,Flight2_cam1-004-000036-0,-3098597.5903543322,3484176.1135301418,344.7653503417969,NkuluEP,2020-01-16,2020-01-16 11:59:48.361,11:59:48,53.61325552777781,31.94547372222221
2278,381589.696,Flight2_cam1-004-000037-0,-3098607.619870446,3484179.9948781547,344.9329528808594,NkuluEP,2020-01-16,2020-01-16 11:59:49.696,11:59:49,53.611735111111116,31.945992888888888
2279,381591.698,Flight2_cam1-004-000038-0,-3098624.6931074513,3484185.906183402,345.06005859375,NkuluEP,2020-01-16,2020-01-16 11:59:51.698,11:59:51,53.609455055555586,31.946771444444433
2280,381593.7,Flight2_cam1-004-000039-0,-3098641.3476929483,3484191.952537729,345.02947998046875,NkuluEP,2020-01-16,2020-01-16 11:59:53.700,11:59:53,53.60717499999999,31.947550000000003
2281,381596.369,Flight2_cam1-004-000040-0,-3098663.207471817,3484200.1426404477,345.2384033203125,NkuluEP,2020-01-16,2020-01-16 11:59:56.369,11:59:56,53.60413530555555,31.948587944444448
2282,381597.704,Flight2_cam1-004-000041-0,-3098674.473043162,3484204.1410838473,345.28961181640625,NkuluEP,2020-01-16,2020-01-16 11:59:57.704,11:59:57,53.60261488888886,31.949107111111122
2283,381599.706,Flight2_cam1-004-000042-0,-3098690.92482117,3484209.909374258,345.414794921875,NkuluEP,2020-01-16,2020-01-16 11:59:59.706,11:59:59,53.60033483333333,31.949885666666667
2284,381601.708,Flight2_cam1-004-000043-0,-3098708.046094494,3484216.401583104,345.4314880371094,NkuluEP,2020-01-16,2020-01-16 12:00:01.708,12:00:01,53.598956222222235,31.95051714444444
2285,381604.377,Flight2_cam1-004-000044-0,-3098729.811586982,3484224.6416924815,345.4115295410156,NkuluEP,2020-01-16,2020-01-16 12:00:04.377,12:00:04,53.59732516666668,31.951325258333327
2286,381605.712,Flight2_cam1-004-000045-0,-3098741.113424512,3484228.8839189834,345.5301208496094,NkuluEP,2020-01-16,2020-01-16 12:00:05.712,12:00:05,53.59650933333334,31.951729466666666
2287,381607.714,Flight2_cam1-004-000046-0,-3098757.531597942,3484234.8116695583,345.46807861328125,NkuluEP,2020-01-16,2020-01-16 12:00:07.714,12:00:07,53.5952858888889,31.95233562777777
2288,381609.716,Flight2_cam1-004-000047-0,-3098774.9062581058,3484240.834959767,345.376708984375,NkuluEP,2020-01-16,2020-01-16 12:00:09.716,12:00:09,53.59406244444444,31.952941788888893
2289,381611.718,Flight2_cam1-004-000048-0,-3098791.660601306,3484246.888754322,345.3174133300781,NkuluEP,2020-01-16,2020-01-16 12:00:11.718,12:00:11,53.592839000000005,31.953547949999997
2290,381614.254,Flight2_cam1-004-000049-0,-3098812.4928397792,3484254.7179407706,345.23663330078125,NkuluEP,2020-01-16,2020-01-16 12:00:14.254,12:00:14,53.591289222222215,31.954315794444447
2291,381615.722,Flight2_cam1-004-000050-0,-3098824.5273951353,3484259.2390959333,345.3221435546875,NkuluEP,2020-01-16,2020-01-16 12:00:15.722,12:00:15,53.59039211111111,31.954760272222224
2292,381617.724,Flight2_cam1-004-000051-0,-3098841.0663897716,3484265.5248383083,345.3476867675781,NkuluEP,2020-01-16,2020-01-16 12:00:17.724,12:00:17,53.58916866666667,31.955366433333328
2293,381619.726,Flight2_cam1-004-000052-0,-3098858.180533218,3484271.767893308,345.4625549316406,NkuluEP,2020-01-16,2020-01-16 12:00:19.726,12:00:19,53.58794522222221,31.95597259444445
2294,381622.395,Flight2_cam1-004-000053-0,-3098879.618689032,3484279.9368385165,345.28814697265625,NkuluEP,2020-01-16,2020-01-16 12:00:22.395,12:00:22,53.586314166666654,31.956780708333337
2295,381623.73,Flight2_cam1-004-000054-0,-3098890.819508091,3484284.0807544873,345.1862487792969,NkuluEP,2020-01-16,2020-01-16 12:00:23.730,12:00:23,53.58549833333335,31.95718491666666
2296,381625.732,Flight2_cam1-004-000055-0,-3098907.1641694796,3484290.243302664,345.1839904785156,NkuluEP,2020-01-16,2020-01-16 12:00:25.732,12:00:25,53.58427488888888,31.95779107777778
2297,381627.734,Flight2_cam1-004-000056-0,-3098924.4859766527,3484296.53467609,345.11663818359375,NkuluEP,2020-01-16,2020-01-16 12:00:27.734,12:00:27,53.58305144444445,31.95839723888889
2298,381630.403,Flight2_cam1-004-000057-0,-3098946.416912532,3484304.473663255,345.00140380859375,NkuluEP,2020-01-16,2020-01-16 12:00:30.403,12:00:30,53.581420388888894,31.959205352777776
2299,381631.738,Flight2_cam1-004-000058-0,-3098957.546283082,3484308.632218009,344.9939270019531,NkuluEP,2020-01-16,2020-01-16 12:00:31.738,12:00:31,53.58060455555555,31.959609561111115
2300,381633.74,Flight2_cam1-004-000059-0,-3098974.18210724,3484314.7967380635,345.00543212890625,NkuluEP,2020-01-16,2020-01-16 12:00:33.740,12:00:33,53.57938111111112,31.96021572222222
2301,381635.742,Flight2_cam1-004-000060-0,-3098991.4707121393,3484321.195512808,345.0343017578125,NkuluEP,2020-01-16,2020-01-16 12:00:35.742,12:00:35,53.57815766666665,31.96082188333334
2302,381637.744,Flight2_cam1-004-000061-0,-3099007.916653145,3484327.321203928,345.03118896484375,NkuluEP,2020-01-16,2020-01-16 12:00:37.744,12:00:37,53.57693422222222,31.961428044444446
2303,381640.279,Flight2_cam1-004-000062-0,-3099028.893512875,3484334.9344680803,345.0841064453125,NkuluEP,2020-01-16,2020-01-16 12:00:40.279,12:00:40,53.57538505555557,31.962195586111104
2304,381641.747,Flight2_cam1-004-000063-0,-3099040.457725563,3484339.4854991636,345.0882568359375,NkuluEP,2020-01-16,2020-01-16 12:00:41.747,12:00:41,53.57448794444446,31.96264006388888
2305,381643.749,Flight2_cam1-004-000064-0,-3099056.6781946253,3484345.383742031,345.3419189453125,NkuluEP,2020-01-16,2020-01-16 12:00:43.749,12:00:43,53.57326449999999,31.963246225000002
2306,381645.751,Flight2_cam1-004-000065-0,-3099074.139210555,3484351.5846819268,345.4042663574219,NkuluEP,2020-01-16,2020-01-16 12:00:45.751,12:00:45,53.572041055555566,31.963852386111107
2307,381648.421,Flight2_cam1-004-000066-0,-3099096.1777233165,3484359.8517461303,345.296875,NkuluEP,2020-01-16,2020-01-16 12:00:48.421,12:00:48,53.570409388888905,31.964660802777768
2308,381649.755,Flight2_cam1-004-000067-0,-3099107.3482825723,3484363.974916061,345.3157043457031,NkuluEP,2020-01-16,2020-01-16 12:00:49.755,12:00:49,53.56959416666667,31.965064708333333
2309,381651.757,Flight2_cam1-004-000068-0,-3099123.4125371506,3484369.819192053,345.4263916015625,NkuluEP,2020-01-16,2020-01-16 12:00:51.757,12:00:51,53.568370722222234,31.965670869444438
2310,381653.759,Flight2_cam1-004-000069-0,-3099140.389275735,3484375.921943976,345.6147155761719,NkuluEP,2020-01-16,2020-01-16 12:00:53.759,12:00:53,53.567147277777764,31.96627703055556
2311,381655.761,Flight2_cam1-004-000070-0,-3099157.0842173044,3484381.9159288662,345.7940979003906,NkuluEP,2020-01-16,2020-01-16 12:00:55.761,12:00:55,53.565923833333336,31.966883191666664
2312,381658.297,Flight2_cam1-004-000071-0,-3099178.462537094,3484389.9730987144,345.9443359375,NkuluEP,2020-01-16,2020-01-16 12:00:58.297,12:00:58,53.56437405555555,31.967651036111118
2313,381659.765,Flight2_cam1-004-000072-0,-3099190.380942936,3484394.3831862085,346.0068359375,NkuluEP,2020-01-16,2020-01-16 12:00:59.765,12:00:59,53.56347694444444,31.968095513888894
2314,381661.767,Flight2_cam1-004-000073-0,-3099206.775921034,3484400.4202696388,346.02325439453125,NkuluEP,2020-01-16,2020-01-16 12:01:01.767,12:01:01,53.562253500000004,31.968701675
2315,381663.769,Flight2_cam1-004-000074-0,-3099223.86026618,3484406.7857285156,346.1002502441406,NkuluEP,2020-01-16,2020-01-16 12:01:03.769,12:01:03,53.56103005555558,31.969307836111103
2316,381666.305,Flight2_cam1-004-000075-0,-3099245.470055047,3484414.6666215877,346.25799560546875,NkuluEP,2020-01-16,2020-01-16 12:01:06.305,12:01:06,53.55948027777778,31.970075680555553
2317,381667.773,Flight2_cam1-004-000076-0,-3099257.3155054757,3484419.170442322,346.20477294921875,NkuluEP,2020-01-16,2020-01-16 12:01:07.773,12:01:07,53.55858316666668,31.97052015833333
2318,381669.775,Flight2_cam1-004-000077-0,-3099273.6422569896,3484425.1515584276,346.3473205566406,NkuluEP,2020-01-16,2020-01-16 12:01:09.775,12:01:09,53.55735972222221,31.97112631944445
2319,381671.777,Flight2_cam1-004-000078-0,-3099290.7428974253,3484431.4037638213,346.3478088378906,NkuluEP,2020-01-16,2020-01-16 12:01:11.777,12:01:11,53.556136277777775,31.971732480555556
2320,381674.313,Flight2_cam1-004-000079-0,-3099312.126725181,3484439.2350837504,346.25335693359375,NkuluEP,2020-01-16,2020-01-16 12:01:14.313,12:01:14,53.554586499999985,31.972500325000006
2321,381675.781,Flight2_cam1-004-000080-0,-3099324.0769096953,3484443.631699021,346.2060852050781,NkuluEP,2020-01-16,2020-01-16 12:01:15.781,12:01:15,53.55368938888888,31.972944802777782
2322,381677.783,Flight2_cam1-004-000081-0,-3099340.3430682807,3484449.765478616,346.3241882324219,NkuluEP,2020-01-16,2020-01-16 12:01:17.783,12:01:17,53.55246594444445,31.973550963888886
2323,381679.785,Flight2_cam1-004-000082-0,-3099356.8667603945,3484456.1379055297,346.3131408691406,NkuluEP,2020-01-16,2020-01-16 12:01:19.785,12:01:19,53.551242500000015,31.97415712499999
2324,381682.321,Flight2_cam1-004-000083-0,-3099378.017560245,3484463.718910149,345.9906921386719,NkuluEP,2020-01-16,2020-01-16 12:01:22.321,12:01:22,53.549692722222225,31.97492496944444
2325,381683.789,Flight2_cam1-004-000084-0,-3099390.589928862,3484468.1894837613,345.9375915527344,NkuluEP,2020-01-16,2020-01-16 12:01:23.789,12:01:23,53.54879561111112,31.975369447222217
2326,381685.791,Flight2_cam1-004-000085-0,-3099407.4276460204,3484474.220367987,345.92559814453125,NkuluEP,2020-01-16,2020-01-16 12:01:25.791,12:01:25,53.547572166666654,31.97597560833334
2327,381687.793,Flight2_cam1-004-000086-0,-3099423.926807346,3484480.577918882,345.7763671875,NkuluEP,2020-01-16,2020-01-16 12:01:27.793,12:01:27,53.54634872222222,31.976581769444444
2328,381689.795,Flight2_cam1-004-000087-0,-3099440.809292202,3484486.963128856,345.8877868652344,NkuluEP,2020-01-16,2020-01-16 12:01:29.795,12:01:29,53.54512527777779,31.97718793055555
2329,381692.198,Flight2_cam1-004-000088-0,-3099460.7503387616,3484494.132401734,345.8486633300781,NkuluEP,2020-01-16,2020-01-16 12:01:32.198,12:01:32,53.54365677777779,31.977915505555547
2330,381693.799,Flight2_cam1-004-000089-0,-3099474.11753895,3484498.9844390666,345.7433166503906,NkuluEP,2020-01-16,2020-01-16 12:01:33.799,12:01:33,53.54267838888889,31.978400252777778
2331,381695.801,Flight2_cam1-004-000090-0,-3099490.627806394,3484504.999161555,345.71856689453125,NkuluEP,2020-01-16,2020-01-16 12:01:35.801,12:01:35,53.54145494444446,31.979006413888882
2332,381697.803,Flight2_cam1-004-000091-0,-3099507.153352647,3484510.8716618405,345.4517822265625,NkuluEP,2020-01-16,2020-01-16 12:01:37.803,12:01:37,53.54023149999999,31.979612575000004
2333,381700.339,Flight2_cam1-004-000092-0,-3099528.6629827367,3484518.5041688946,345.5002136230469,NkuluEP,2020-01-16,2020-01-16 12:01:40.339,12:01:40,53.538681722222236,31.980380419444437
2334,381701.807,Flight2_cam1-004-000093-0,-3099541.544063998,3484523.092045969,345.3519287109375,NkuluEP,2020-01-16,2020-01-16 12:01:41.807,12:01:41,53.53778461111113,31.980824897222213
2335,381703.809,Flight2_cam1-004-000094-0,-3099557.889862003,3484529.278478741,345.2539978027344,NkuluEP,2020-01-16,2020-01-16 12:01:43.809,12:01:43,53.536561166666665,31.981431058333335
2336,381705.811,Flight2_cam1-004-000095-0,-3099574.1432620836,3484535.449558822,345.3268737792969,NkuluEP,2020-01-16,2020-01-16 12:01:45.811,12:01:45,53.53533772222223,31.98203721944444
2337,381707.813,Flight2_cam1-004-000096-0,-3099591.076268586,3484541.8455044967,345.50982666015625,NkuluEP,2020-01-16,2020-01-16 12:01:47.813,12:01:47,53.53411427777777,31.98264338055556
2338,381710.216,Flight2_cam1-004-000097-0,-3099611.128825123,3484549.1184228254,345.588134765625,NkuluEP,2020-01-16,2020-01-16 12:01:50.216,12:01:50,53.53264577777777,31.98337095555556
2339,381711.684,Flight2_cam1-004-000098-0,-3099623.3546802313,3484553.463157094,345.45220947265625,NkuluEP,2020-01-16,2020-01-16 12:01:51.684,12:01:51,53.531748666666665,31.983815433333334
2340,381713.686,Flight2_cam1-004-000099-0,-3099640.524458143,3484559.578195864,345.44293212890625,NkuluEP,2020-01-16,2020-01-16 12:01:53.686,12:01:53,53.53052522222223,31.98442159444444
2341,381715.688,Flight2_cam1-004-000100-0,-3099656.9560029414,3484565.718134052,345.5350646972656,NkuluEP,2020-01-16,2020-01-16 12:01:55.688,12:01:55,53.52930177777777,31.985027755555564
2342,381718.357,Flight2_cam1-004-000101-0,-3099678.7801383943,3484573.6489008563,345.70709228515625,NkuluEP,2020-01-16,2020-01-16 12:01:58.357,12:01:58,53.52767072222221,31.98583586944445
2343,381719.692,Flight2_cam1-004-000102-0,-3099690.0409099394,3484577.9884175365,345.7962341308594,NkuluEP,2020-01-16,2020-01-16 12:01:59.692,12:01:59,53.5268548888889,31.986240077777772
2344,381721.694,Flight2_cam1-004-000103-0,-3099706.6512445025,3484584.266917376,345.99658203125,NkuluEP,2020-01-16,2020-01-16 12:02:01.694,12:02:01,53.525631444444436,31.986846238888894
2345,381723.696,Flight2_cam1-004-000104-0,-3099723.920551443,3484590.782949618,345.85406494140625,NkuluEP,2020-01-16,2020-01-16 12:02:03.696,12:02:03,53.524408,31.9874524
2346,381725.831,Flight2_cam1-004-000105-0,-3099741.6924843946,3484597.186059174,345.8118896484375,NkuluEP,2020-01-16,2020-01-16 12:02:05.831,12:02:05,53.52310327777778,31.988098830555558
2347,381728.233,Flight2_cam1-004-000106-0,-3099761.306515961,3484604.259946687,345.8787536621094,NkuluEP,2020-01-16,2020-01-16 12:02:08.233,12:02:08,53.52163538888889,31.98882610277778
2348,381729.702,Flight2_cam1-004-000107-0,-3099773.392859705,3484608.6035143584,345.9501647949219,NkuluEP,2020-01-16,2020-01-16 12:02:09.702,12:02:09,53.520737666666676,31.98927088333333
2349,381731.704,Flight2_cam1-004-000108-0,-3099790.4211642654,3484615.0433718027,346.0823669433594,NkuluEP,2020-01-16,2020-01-16 12:02:11.704,12:02:11,53.519514222222206,31.98987704444445
2350,381733.706,Flight2_cam1-004-000109-0,-3099807.053411285,3484621.190044397,346.1574401855469,NkuluEP,2020-01-16,2020-01-16 12:02:13.706,12:02:13,53.51829077777778,31.990483205555556
2351,381736.375,Flight2_cam1-004-000110-0,-3099828.3059005816,3484629.2116201883,346.0726623535156,NkuluEP,2020-01-16,2020-01-16 12:02:16.375,12:02:16,53.51665972222222,31.991291319444443
2352,381739.578,Flight2_cam1-004-000111-0,-3099823.8481634385,3484636.110108577,345.5093078613281,NkuluEP,2020-01-16,2020-01-16 12:02:19.578,12:02:19,53.51470233333335,31.99226111666666
2353,381740.646,Flight2_cam1-004-000112-0,-3099816.4331743387,3484637.5676351935,345.3431701660156,NkuluEP,2020-01-16,2020-01-16 12:02:20.646,12:02:20,53.514049666666665,31.992584483333335
2354,381741.713,Flight2_cam1-004-000113-0,-3099806.8523055143,3484639.770079028,345.2937316894531,NkuluEP,2020-01-16,2020-01-16 12:02:21.713,12:02:21,53.51339761111112,31.992907547222217
2355,381743.715,Flight2_cam1-004-000114-0,-3099792.130400667,3484643.746947037,345.1075134277344,NkuluEP,2020-01-16,2020-01-16 12:02:23.715,12:02:23,53.512174166666654,31.99351370833334
2356,381745.717,Flight2_cam1-004-000115-0,-3099778.589621502,3484648.182664734,344.9575500488281,NkuluEP,2020-01-16,2020-01-16 12:02:25.717,12:02:25,53.51095072222222,31.994119869444447
2357,381748.387,Flight2_cam1-004-000116-0,-3099756.7961169383,3484655.3140074606,344.88201904296875,NkuluEP,2020-01-16,2020-01-16 12:02:28.387,12:02:28,53.509319055555565,31.994928286111108
2358,381749.721,Flight2_cam1-004-000117-0,-3099745.0630630697,3484658.770135912,344.9098205566406,NkuluEP,2020-01-16,2020-01-16 12:02:29.721,12:02:29,53.50850383333332,31.995332191666673
2359,381751.723,Flight2_cam1-004-000118-0,-3099728.3884579674,3484663.7728069793,344.80267333984375,NkuluEP,2020-01-16,2020-01-16 12:02:31.723,12:02:31,53.507280388888894,31.995938352777777
2360,381753.725,Flight2_cam1-004-000119-0,-3099711.6099156966,3484668.292440324,344.65777587890625,NkuluEP,2020-01-16,2020-01-16 12:02:33.725,12:02:33,53.50605694444446,31.99654451388888
2361,381756.395,Flight2_cam1-004-000120-0,-3099688.0821654764,3484671.720601611,344.5608825683594,NkuluEP,2020-01-16,2020-01-16 12:02:36.395,12:02:36,53.50442527777777,31.99735293055556
2362,381757.729,Flight2_cam1-004-000121-0,-3099676.1901963316,3484672.1917692344,344.5887145996094,NkuluEP,2020-01-16,2020-01-16 12:02:37.729,12:02:37,53.50361005555556,31.997756836111108
2363,381759.731,Flight2_cam1-004-000122-0,-3099658.688019437,3484671.3872924405,344.5833740234375,NkuluEP,2020-01-16,2020-01-16 12:02:39.731,12:02:39,53.50238661111109,31.99836299722223
2364,381761.733,Flight2_cam1-004-000123-0,-3099641.258488045,3484669.025551046,344.5897521972656,NkuluEP,2020-01-16,2020-01-16 12:02:41.733,12:02:41,53.501163166666664,31.998969158333335
2365,381763.735,Flight2_cam1-004-000124-0,-3099624.1352273016,3484665.2056730674,344.6038818359375,NkuluEP,2020-01-16,2020-01-16 12:02:43.735,12:02:43,53.49993972222223,31.99957531944444
2366,381766.271,Flight2_cam1-004-000125-0,-3099602.6854049773,3484658.258970653,344.657470703125,NkuluEP,2020-01-16,2020-01-16 12:02:46.271,12:02:46,53.49838994444444,32.00034316388889
2367,381767.739,Flight2_cam1-004-000126-0,-3099590.2817155393,3484653.705258614,344.6661376953125,NkuluEP,2020-01-16,2020-01-16 12:02:47.739,12:02:47,53.49749283333333,32.00078764166667
2368,381769.741,Flight2_cam1-004-000127-0,-3099573.8757959097,3484647.6693168343,344.6339111328125,NkuluEP,2020-01-16,2020-01-16 12:02:49.741,12:02:49,53.496269388888905,32.00139380277777
2369,381771.743,Flight2_cam1-004-000128-0,-3099557.1694868216,3484641.5980185596,344.665283203125,NkuluEP,2020-01-16,2020-01-16 12:02:51.743,12:02:51,53.495045944444435,32.00199996388889
2370,381774.413,Flight2_cam1-004-000129-0,-3099534.597233671,3484633.3082255516,344.7354736328125,NkuluEP,2020-01-16,2020-01-16 12:02:54.413,12:02:54,53.49341427777778,32.00280838055556
2371,381775.747,Flight2_cam1-004-000130-0,-3099523.4652670147,3484629.1694265227,344.692626953125,NkuluEP,2020-01-16,2020-01-16 12:02:55.747,12:02:55,53.49259905555557,32.0032122861111
2372,381777.749,Flight2_cam1-004-000131-0,-3099507.0201436356,3484623.096346046,344.6512451171875,NkuluEP,2020-01-16,2020-01-16 12:02:57.749,12:02:57,53.4913756111111,32.00381844722222
2373,381779.751,Flight2_cam1-004-000132-0,-3099490.5155270775,3484617.098688297,344.64105224609375,NkuluEP,2020-01-16,2020-01-16 12:02:59.751,12:02:59,53.490152166666675,32.00442460833333
2374,381781.753,Flight2_cam1-004-000133-0,-3099473.9075202085,3484611.0305593577,344.724609375,NkuluEP,2020-01-16,2020-01-16 12:03:01.753,12:03:01,53.488928722222205,32.00503076944445
2375,381784.289,Flight2_cam1-004-000134-0,-3099452.768023079,3484603.3061383246,344.81488037109375,NkuluEP,2020-01-16,2020-01-16 12:03:04.289,12:03:04,53.48737894444445,32.005798613888885
2376,381785.757,Flight2_cam1-004-000135-0,-3099440.178997342,3484598.711642,344.8329162597656,NkuluEP,2020-01-16,2020-01-16 12:03:05.757,12:03:05,53.48648183333334,32.00624309166666
2377,381787.759,Flight2_cam1-004-000136-0,-3099423.704898069,3484592.6441404596,344.7889404296875,NkuluEP,2020-01-16,2020-01-16 12:03:07.759,12:03:07,53.48525838888888,32.00684925277778
2378,381789.761,Flight2_cam1-004-000137-0,-3099407.3311029896,3484586.500450724,344.7885437011719,NkuluEP,2020-01-16,2020-01-16 12:03:09.761,12:03:09,53.484034944444446,32.007455413888884
2379,381792.431,Flight2_cam1-004-000138-0,-3099384.74257934,3484578.284131646,344.7995910644531,NkuluEP,2020-01-16,2020-01-16 12:03:12.431,12:03:12,53.48240327777779,32.00826383055555
2380,381793.765,Flight2_cam1-004-000139-0,-3099373.469656273,3484574.1274214834,344.71820068359375,NkuluEP,2020-01-16,2020-01-16 12:03:13.765,12:03:13,53.48158805555555,32.008667736111114
2381,381795.767,Flight2_cam1-004-000140-0,-3099357.0391319306,3484568.08727413,344.7112731933594,NkuluEP,2020-01-16,2020-01-16 12:03:15.767,12:03:15,53.48036461111111,32.00927389722222
2382,381797.769,Flight2_cam1-004-000141-0,-3099340.4851526846,3484562.0255422727,344.7506408691406,NkuluEP,2020-01-16,2020-01-16 12:03:17.769,12:03:17,53.479141166666686,32.00988005833332
2383,381799.771,Flight2_cam1-004-000142-0,-3099323.907742651,3484555.909036973,344.7311706542969,NkuluEP,2020-01-16,2020-01-16 12:03:19.771,12:03:19,53.477917722222216,32.010486219444445
2384,381802.307,Flight2_cam1-004-000143-0,-3099302.724237602,3484548.2951387805,344.71771240234375,NkuluEP,2020-01-16,2020-01-16 12:03:22.307,12:03:22,53.47636794444446,32.01125406388888
2385,381803.775,Flight2_cam1-004-000144-0,-3099290.133725829,3484543.619571866,344.7104187011719,NkuluEP,2020-01-16,2020-01-16 12:03:23.775,12:03:23,53.47547083333332,32.011698541666675
2386,381805.777,Flight2_cam1-004-000145-0,-3099273.653279459,3484537.4000792685,344.6510314941406,NkuluEP,2020-01-16,2020-01-16 12:03:25.777,12:03:25,53.47424738888889,32.012304702777776
2387,381807.779,Flight2_cam1-004-000146-0,-3099257.1419925448,3484531.2165472596,344.7032775878906,NkuluEP,2020-01-16,2020-01-16 12:03:27.779,12:03:27,53.473023944444456,32.012910863888884
2388,381810.315,Flight2_cam1-004-000147-0,-3099235.9426861503,3484523.600761255,344.6510925292969,NkuluEP,2020-01-16,2020-01-16 12:03:30.315,12:03:30,53.47147416666667,32.01367870833333
2389,381811.783,Flight2_cam1-004-000148-0,-3099223.3344999305,3484519.005136024,344.6396789550781,NkuluEP,2020-01-16,2020-01-16 12:03:31.783,12:03:31,53.47057705555556,32.01412318611111
2390,381813.785,Flight2_cam1-004-000149-0,-3099206.650443132,3484512.8840417345,344.5753173828125,NkuluEP,2020-01-16,2020-01-16 12:03:33.785,12:03:33,53.46935361111113,32.014729347222215
2391,381815.787,Flight2_cam1-004-000150-0,-3099189.99109278,3484506.8349554827,344.5559997558594,NkuluEP,2020-01-16,2020-01-16 12:03:35.787,12:03:35,53.46813016666666,32.01533550833334
2392,381817.789,Flight2_cam1-004-000151-0,-3099173.4539174237,3484500.6831825045,344.54583740234375,NkuluEP,2020-01-16,2020-01-16 12:03:37.789,12:03:37,53.46690672222223,32.01594166944444
2393,381820.191,Flight2_cam1-004-000152-0,-3099153.2004205636,3484493.1654180605,344.48223876953125,NkuluEP,2020-01-16,2020-01-16 12:03:40.191,12:03:40,53.46543883333334,32.016668941666666
2394,381821.793,Flight2_cam1-004-000153-0,-3099139.8941996675,3484488.2733634687,344.4142150878906,NkuluEP,2020-01-16,2020-01-16 12:03:41.793,12:03:41,53.46445983333333,32.01715399166667
2395,381823.795,Flight2_cam1-004-000154-0,-3099123.311602512,3484482.1332491506,344.4170837402344,NkuluEP,2020-01-16,2020-01-16 12:03:43.795,12:03:43,53.4632363888889,32.017760152777775
2396,381825.797,Flight2_cam1-004-000155-0,-3099106.6346040354,3484476.062105163,344.4544677734375,NkuluEP,2020-01-16,2020-01-16 12:03:45.797,12:03:45,53.46201294444443,32.0183663138889
2397,381828.333,Flight2_cam1-004-000156-0,-3099085.6731604855,3484468.2142434292,344.0846252441406,NkuluEP,2020-01-16,2020-01-16 12:03:48.333,12:03:48,53.46046316666668,32.01913415833333
2398,381829.801,Flight2_cam1-004-000157-0,-3099073.2226381144,3484463.5314496607,343.2409973144531,NkuluEP,2020-01-16,2020-01-16 12:03:49.801,12:03:49,53.45956605555557,32.019578636111106
2399,381831.803,Flight2_cam1-004-000158-0,-3099056.722151446,3484457.552068953,341.63623046875,NkuluEP,2020-01-16,2020-01-16 12:03:51.803,12:03:51,53.45834261111111,32.02018479722223
2400,381833.805,Flight2_cam1-004-000159-0,-3099040.4616991333,3484451.498268487,339.3097839355469,NkuluEP,2020-01-16,2020-01-16 12:03:53.805,12:03:53,53.45711916666667,32.02079095833333
2401,381836.341,Flight2_cam1-004-000160-0,-3099019.5546769365,3484443.459800536,335.6588134765625,NkuluEP,2020-01-16,2020-01-16 12:03:56.341,12:03:56,53.45556938888888,32.02155880277778
2402,381837.809,Flight2_cam1-004-000161-0,-3099007.316407581,3484438.840643943,332.9716796875,NkuluEP,2020-01-16,2020-01-16 12:03:57.809,12:03:57,53.454672277777775,32.02200328055556
2403,381839.811,Flight2_cam1-004-000162-0,-3098991.18631026,3484432.9511265378,328.9104919433594,NkuluEP,2020-01-16,2020-01-16 12:03:59.811,12:03:59,53.45344883333334,32.02260944166666
2404,381841.813,Flight2_cam1-004-000163-0,-3098975.336065699,3484427.0321207796,324.2015686035156,NkuluEP,2020-01-16,2020-01-16 12:04:01.813,12:04:01,53.45222538888888,32.02321560277778
2405,381843.815,Flight2_cam1-004-000164-0,-3098959.9626594167,3484421.0305749467,318.9932556152344,NkuluEP,2020-01-16,2020-01-16 12:04:03.815,12:04:03,53.45100194444444,32.02382176388889
2406,381846.217,Flight2_cam1-004-000165-0,-3098940.9913078016,3484413.6414403575,311.8417053222656,NkuluEP,2020-01-16,2020-01-16 12:04:06.217,12:04:06,53.44953405555555,32.02454903611111
2407,381847.819,Flight2_cam1-004-000166-0,-3098928.090779047,3484409.03713331,307.17047119140625,NkuluEP,2020-01-16,2020-01-16 12:04:07.819,12:04:07,53.448555055555545,32.02503408611111
2408,381849.687,Flight2_cam1-004-000167-0,-3098914.107567038,3484403.903502636,302.1942443847656,NkuluEP,2020-01-16,2020-01-16 12:04:09.687,12:04:09,53.44741350000002,32.025599674999995
2409,381851.823,Flight2_cam1-004-000168-0,-3098897.72579027,3484397.4599697203,296.42523193359375,NkuluEP,2020-01-16,2020-01-16 12:04:11.823,12:04:11,53.44610816666668,32.02624640833333
2410,381854.359,Flight2_cam1-004-000169-0,-3098877.4994396176,3484389.781484322,290.3700256347656,NkuluEP,2020-01-16,2020-01-16 12:04:14.359,12:04:14,53.44455838888889,32.027014252777775
2411,381855.693,Flight2_cam1-004-000170-0,-3098866.553609499,3484385.690391073,287.53228759765625,NkuluEP,2020-01-16,2020-01-16 12:04:15.693,12:04:15,53.44374316666665,32.02741815833334
2412,381857.695,Flight2_cam1-004-000171-0,-3098850.658187221,3484379.458333531,283.7971496582031,NkuluEP,2020-01-16,2020-01-16 12:04:17.695,12:04:17,53.44251972222222,32.02802431944445
2413,381859.697,Flight2_cam1-004-000172-0,-3098834.378259463,3484373.509857497,280.7409362792969,NkuluEP,2020-01-16,2020-01-16 12:04:19.697,12:04:19,53.44129627777779,32.02863048055555
2414,381861.833,Flight2_cam1-004-000173-0,-3098816.7969079507,3484366.9291511904,277.95794677734375,NkuluEP,2020-01-16,2020-01-16 12:04:21.833,12:04:21,53.43999094444445,32.02927721388888
2415,381864.235,Flight2_cam1-004-000174-0,-3098796.517549172,3484359.119896236,275.6975402832031,NkuluEP,2020-01-16,2020-01-16 12:04:24.235,12:04:24,53.438523055555564,32.0300044861111
2416,381865.703,Flight2_cam1-004-000175-0,-3098784.5050103394,3484354.450464235,274.6656188964844,NkuluEP,2020-01-16,2020-01-16 12:04:25.703,12:04:25,53.437625944444456,32.03044896388888
2417,381867.705,Flight2_cam1-004-000176-0,-3098768.1316690845,3484348.0447108424,273.86328125,NkuluEP,2020-01-16,2020-01-16 12:04:27.705,12:04:27,53.43640249999999,32.031055125
2418,381869.707,Flight2_cam1-004-000177-0,-3098751.539539344,3484341.835594306,273.6177673339844,NkuluEP,2020-01-16,2020-01-16 12:04:29.707,12:04:29,53.43517905555556,32.03166128611111
2419,381872.377,Flight2_cam1-004-000178-0,-3098729.3456005305,3484333.301773256,273.65997314453125,NkuluEP,2020-01-16,2020-01-16 12:04:32.377,12:04:32,53.433547388888904,32.03246970277777
2420,381873.711,Flight2_cam1-004-000179-0,-3098718.1975687626,3484328.942609023,273.5801086425781,NkuluEP,2020-01-16,2020-01-16 12:04:33.711,12:04:33,53.43273216666666,32.03287360833333
2421,381875.713,Flight2_cam1-004-000180-0,-3098701.5982459234,3484322.6656991486,273.5015869140625,NkuluEP,2020-01-16,2020-01-16 12:04:35.713,12:04:35,53.43150872222223,32.03347976944444
2422,381877.715,Flight2_cam1-004-000181-0,-3098685.131759949,3484316.428948198,273.4586486816406,NkuluEP,2020-01-16,2020-01-16 12:04:37.715,12:04:37,53.43028527777776,32.03408593055556
2423,381879.717,Flight2_cam1-004-000182-0,-3098668.1266181692,3484309.7438962036,273.46453857421875,NkuluEP,2020-01-16,2020-01-16 12:04:39.717,12:04:39,53.42906183333333,32.03469209166667
2424,381882.253,Flight2_cam1-004-000183-0,-3098646.789233029,3484301.8663816755,273.50921630859375,NkuluEP,2020-01-16,2020-01-16 12:04:42.253,12:04:42,53.42751205555554,32.03545993611112
2425,381883.721,Flight2_cam1-004-000184-0,-3098634.8437449327,3484297.101606791,273.52392578125,NkuluEP,2020-01-16,2020-01-16 12:04:43.721,12:04:43,53.42661494444443,32.03590441388889
2426,381885.723,Flight2_cam1-004-000185-0,-3098618.21277347,3484290.6865245686,273.4500427246094,NkuluEP,2020-01-16,2020-01-16 12:04:45.723,12:04:45,53.4253915,32.036510575
2427,381887.725,Flight2_cam1-004-000186-0,-3098602.001724761,3484284.370863888,273.47052001953125,NkuluEP,2020-01-16,2020-01-16 12:04:47.725,12:04:47,53.42416805555557,32.0371167361111
2428,381890.395,Flight2_cam1-004-000187-0,-3098579.5422076443,3484275.966185302,273.34423828125,NkuluEP,2020-01-16,2020-01-16 12:04:50.395,12:04:50,53.42253638888888,32.03792515277778
2429,381891.729,Flight2_cam1-004-000188-0,-3098568.498189092,3484271.598276797,273.2735595703125,NkuluEP,2020-01-16,2020-01-16 12:04:51.729,12:04:51,53.42172116666667,32.03832905833333
2430,381893.731,Flight2_cam1-004-000189-0,-3098551.1006000866,3484268.4889404727,273.2217712402344,NkuluEP,2020-01-16,2020-01-16 12:04:53.731,12:04:53,53.42049772222221,32.038935219444454
2431,381895.733,Flight2_cam1-004-000190-0,-3098536.2719624112,3484275.910104438,273.19854736328125,NkuluEP,2020-01-16,2020-01-16 12:04:55.733,12:04:55,53.419274277777774,32.039541380555555
2432,381897.735,Flight2_cam1-004-000191-0,-3098527.8476402382,3484291.6105634477,273.16595458984375,NkuluEP,2020-01-16,2020-01-16 12:04:57.735,12:04:57,53.418050833333346,32.04014754166666
2433,381900.271,Flight2_cam1-004-000192-0,-3098520.048030478,3484311.215274661,273.2158203125,NkuluEP,2020-01-16,2020-01-16 12:05:00.271,12:05:00,53.41650105555555,32.04091538611111
2434,381901.739,Flight2_cam1-004-000193-0,-3098516.5911810542,3484321.2795999837,273.15606689453125,NkuluEP,2020-01-16,2020-01-16 12:05:01.739,12:05:01,53.41560394444444,32.041359863888886
2435,381903.741,Flight2_cam1-004-000194-0,-3098519.743512366,3484336.857943067,273.1024169921875,NkuluEP,2020-01-16,2020-01-16 12:05:03.741,12:05:03,53.414380500000014,32.041966024999994
2436,381905.743,Flight2_cam1-004-000195-0,-3098534.205040955,3484346.806529999,273.23699951171875,NkuluEP,2020-01-16,2020-01-16 12:05:05.743,12:05:05,53.413157055555544,32.042572186111116
2437,381908.412,Flight2_cam1-004-000196-0,-3098555.37171967,3484354.4757200005,273.1880187988281,NkuluEP,2020-01-16,2020-01-16 12:05:08.412,12:05:08,53.411525999999995,32.0433803
2438,381909.747,Flight2_cam1-004-000197-0,-3098560.2120594243,3484356.766319836,273.35723876953125,NkuluEP,2020-01-16,2020-01-16 12:05:09.747,12:05:09,53.41071016666668,32.043784508333324
2439,381911.749,Flight2_cam1-004-000198-0,-3098561.4646854848,3484357.5229061907,276.9781494140625,NkuluEP,2020-01-16,2020-01-16 12:05:11.749,12:05:11,53.40948672222222,32.04439066944445
2440,381913.751,Flight2_cam1-004-000199-0,-3098567.2652650233,3484359.5881364183,280.7413330078125,NkuluEP,2020-01-16,2020-01-16 12:05:13.751,12:05:13,53.408263277777785,32.044996830555554
2441,381915.753,Flight2_cam1-004-000200-0,-3098575.6229929356,3484362.821235472,281.70355224609375,NkuluEP,2020-01-16,2020-01-16 12:05:15.753,12:05:15,53.40703983333332,32.04560299166668
2442,381918.289,Flight2_cam1-004-000201-0,-3098588.293078087,3484367.695827318,282.27886962890625,NkuluEP,2020-01-16,2020-01-16 12:05:18.289,12:05:18,53.40549005555556,32.04637083611111
2443,381919.757,Flight2_cam1-004-000202-0,-3098595.806636439,3484370.523393319,285.25018310546875,NkuluEP,2020-01-16,2020-01-16 12:05:19.757,12:05:19,53.40459294444445,32.046815313888885
2444,381921.759,Flight2_cam1-004-000203-0,-3098606.8751599626,3484374.9035344752,288.9428405761719,NkuluEP,2020-01-16,2020-01-16 12:05:21.759,12:05:21,53.40336949999999,32.04742147500001
2445,381923.761,Flight2_cam1-004-000204-0,-3098619.145268101,3484377.404654215,292.2781982421875,NkuluEP,2020-01-16,2020-01-16 12:05:23.761,12:05:23,53.402146055555555,32.04802763611111
2446,381926.297,Flight2_cam1-004-000205-0,-3098634.2403749265,3484380.9260828784,293.91082763671875,NkuluEP,2020-01-16,2020-01-16 12:05:26.297,12:05:26,53.400596277777765,32.04879548055556
2447,381927.765,Flight2_cam1-004-000206-0,-3098641.676355708,3484385.4916241136,296.5381164550781,NkuluEP,2020-01-16,2020-01-16 12:05:27.765,12:05:27,53.39969916666666,32.04923995833334
2448,381929.767,Flight2_cam1-004-000207-0,-3098648.8828093624,3484389.770912955,301.5279541015625,NkuluEP,2020-01-16,2020-01-16 12:05:29.767,12:05:29,53.39847572222223,32.04984611944444
2449,381931.769,Flight2_cam1-004-000208-0,-3098654.1979740546,3484392.1178417797,307.24029541015625,NkuluEP,2020-01-16,2020-01-16 12:05:31.769,12:05:31,53.397252277777795,32.05045228055555
2450,381933.771,Flight2_cam1-004-000209-0,-3098658.745744051,3484394.087282653,313.2637023925781,NkuluEP,2020-01-16,2020-01-16 12:05:33.771,12:05:33,53.39602883333333,32.05105844166667
2451,381936.44,Flight2_cam1-004-000210-0,-3098667.193456204,3484397.78769847,320.6141052246094,NkuluEP,2020-01-16,2020-01-16 12:05:36.440,12:05:36,53.394397777777776,32.051866555555556
2452,381937.775,Flight2_cam1-004-000211-0,-3098673.589179031,3484400.9843048267,324.2644958496094,NkuluEP,2020-01-16,2020-01-16 12:05:37.775,12:05:37,53.393581944444435,32.05227076388889
2453,381939.777,Flight2_cam1-004-000212-0,-3098683.5618443154,3484406.4393261857,329.5853576660156,NkuluEP,2020-01-16,2020-01-16 12:05:39.777,12:05:39,53.3923585,32.052876925
2454,381941.779,Flight2_cam1-004-000213-0,-3098693.679594385,3484412.4424934364,334.9317321777344,NkuluEP,2020-01-16,2020-01-16 12:05:41.779,12:05:41,53.391135055555566,32.05348308611111
2455,381944.315,Flight2_cam1-004-000214-0,-3098706.5019506016,3484419.0243015992,341.61798095703125,NkuluEP,2020-01-16,2020-01-16 12:05:44.315,12:05:44,53.389585277777776,32.054250930555554
2456,381945.783,Flight2_cam1-004-000215-0,-3098713.7697989736,3484423.190497492,345.5540771484375,NkuluEP,2020-01-16,2020-01-16 12:05:45.783,12:05:45,53.38868816666667,32.05469540833333
2457,381947.785,Flight2_cam1-004-000216-0,-3098724.063045848,3484429.024550858,346.8421936035156,NkuluEP,2020-01-16,2020-01-16 12:05:47.785,12:05:47,53.38746472222224,32.05530156944444
2458,381949.787,Flight2_cam1-004-000217-0,-3098735.0874722707,3484434.45522814,346.927734375,NkuluEP,2020-01-16,2020-01-16 12:05:49.787,12:05:49,53.38624127777777,32.05590773055556
2459,381951.789,Flight2_cam1-004-000218-0,-3098747.6653672024,3484440.2676304677,347.0135192871094,NkuluEP,2020-01-16,2020-01-16 12:05:51.789,12:05:51,53.38501783333334,32.05651389166666
2460,381954.191,Flight2_cam1-004-000219-0,-3098764.3371423623,3484448.453497252,347.2015075683594,NkuluEP,2020-01-16,2020-01-16 12:05:54.191,12:05:54,53.383549944444454,32.05724116388888
2461,381955.793,Flight2_cam1-004-000220-0,-3098776.6234814846,3484454.728504092,347.2080078125,NkuluEP,2020-01-16,2020-01-16 12:05:55.793,12:05:55,53.382570944444446,32.05772621388889
2462,381957.795,Flight2_cam1-004-000221-0,-3098791.8688239367,3484462.3135637557,347.25543212890625,NkuluEP,2020-01-16,2020-01-16 12:05:57.795,12:05:57,53.38134750000001,32.05833237499999
2463,381959.797,Flight2_cam1-004-000222-0,-3098807.4945522407,3484469.6225497033,347.33282470703125,NkuluEP,2020-01-16,2020-01-16 12:05:59.797,12:05:59,53.38012405555554,32.058938536111114
2464,381962.333,Flight2_cam1-004-000223-0,-3098827.287634686,3484478.781922514,347.29010009765625,NkuluEP,2020-01-16,2020-01-16 12:06:02.333,12:06:02,53.37857427777779,32.05970638055555
2465,381963.801,Flight2_cam1-004-000224-0,-3098839.2001480977,3484484.120721512,347.26690673828125,NkuluEP,2020-01-16,2020-01-16 12:06:03.801,12:06:03,53.37767716666668,32.06015085833332
2466,381965.803,Flight2_cam1-004-000225-0,-3098855.547533524,3484491.31355485,347.3140869140625,NkuluEP,2020-01-16,2020-01-16 12:06:05.803,12:06:05,53.376453722222216,32.060757019444445
2467,381967.805,Flight2_cam1-004-000226-0,-3098872.030480889,3484498.781305125,347.41241455078125,NkuluEP,2020-01-16,2020-01-16 12:06:07.805,12:06:07,53.37523027777778,32.06136318055555
2468,381969.807,Flight2_cam1-004-000227-0,-3098889.4106921596,3484506.5512567633,347.5619201660156,NkuluEP,2020-01-16,2020-01-16 12:06:09.807,12:06:09,53.374006833333354,32.06196934166666
2469,381972.209,Flight2_cam1-004-000228-0,-3098910.0231035496,3484516.06071316,347.631103515625,NkuluEP,2020-01-16,2020-01-16 12:06:12.209,12:06:12,53.372538944444464,32.06269661388888
2470,381973.811,Flight2_cam1-004-000229-0,-3098924.1183181796,3484522.463940429,347.705322265625,NkuluEP,2020-01-16,2020-01-16 12:06:13.811,12:06:13,53.371559944444456,32.063181663888884
2471,381975.813,Flight2_cam1-004-000230-0,-3098939.0314814956,3484529.0635855123,347.49627685546875,NkuluEP,2020-01-16,2020-01-16 12:06:15.813,12:06:15,53.370336499999986,32.063787825000006
2472,381977.815,Flight2_cam1-004-000231-0,-3098950.8912978508,3484534.3287029387,347.3598937988281,NkuluEP,2020-01-16,2020-01-16 12:06:17.815,12:06:17,53.36911305555555,32.064393986111114
2473,381980.351,Flight2_cam1-004-000232-0,-3098966.490793183,3484541.3654963295,347.499755859375,NkuluEP,2020-01-16,2020-01-16 12:06:20.351,12:06:20,53.36756327777776,32.06516183055556
2474,381983.153,Flight2_cam1-004-000233-0,-3098985.053295737,3484549.347152795,347.5375671386719,NkuluEP,2020-01-16,2020-01-16 12:06:23.153,12:06:23,53.36585094444445,32.06601021388889
2475,381984.488,Flight2_cam1-004-000234-0,-3098994.4648815575,3484553.0716869496,347.58074951171875,NkuluEP,2020-01-16,2020-01-16 12:06:24.488,12:06:24,53.365035111111105,32.06641442222222
2476,381985.823,Flight2_cam1-004-000235-0,-3099003.568271422,3484556.4662537137,347.6854248046875,NkuluEP,2020-01-16,2020-01-16 12:06:25.823,12:06:25,53.36421927777779,32.066818630555545
2477,381988.359,Flight2_cam1-004-000236-0,-3099022.0296571115,3484563.1139301485,347.7386779785156,NkuluEP,2020-01-16,2020-01-16 12:06:28.359,12:06:28,53.3626695,32.067586475
2478,381989.693,Flight2_cam1-004-000237-0,-3099031.7759192395,3484566.6124221655,347.77862548828125,NkuluEP,2020-01-16,2020-01-16 12:06:29.693,12:06:29,53.36185427777776,32.067990380555564
2479,381991.962,Flight2_cam1-004-000238-0,-3099048.123291392,3484572.8897239254,347.7903747558594,NkuluEP,2020-01-16,2020-01-16 12:06:31.962,12:06:31,53.360467666666665,32.06867738333333
2480,381993.697,Flight2_cam1-004-000239-0,-3099060.33410832,3484577.5815315065,347.83050537109375,NkuluEP,2020-01-16,2020-01-16 12:06:33.697,12:06:33,53.3594073888889,32.06920270277777
2481,381995.833,Flight2_cam1-004-000240-0,-3099075.36271913,3484583.2450204873,347.87396240234375,NkuluEP,2020-01-16,2020-01-16 12:06:35.833,12:06:35,53.35810205555557,32.069849436111106
2482,381998.235,Flight2_cam1-004-000241-0,-3099092.927054103,3484589.667734584,348.00482177734375,NkuluEP,2020-01-16,2020-01-16 12:06:38.235,12:06:38,53.35663416666667,32.07057670833333
2483,381999.703,Flight2_cam1-004-000242-0,-3099103.812711026,3484593.5750529245,348.0301513671875,NkuluEP,2020-01-16,2020-01-16 12:06:39.703,12:06:39,53.35573705555557,32.0710211861111
2484,382001.705,Flight2_cam1-004-000243-0,-3099119.817905465,3484599.7118792767,347.98358154296875,NkuluEP,2020-01-16,2020-01-16 12:06:41.705,12:06:41,53.3545136111111,32.071627347222226
2485,382003.707,Flight2_cam1-004-000244-0,-3099135.280822147,3484605.802960548,347.916748046875,NkuluEP,2020-01-16,2020-01-16 12:06:43.707,12:06:43,53.35329016666667,32.07223350833333
2486,382006.376,Flight2_cam1-004-000245-0,-3099155.020000683,3484613.711542311,347.88262939453125,NkuluEP,2020-01-16,2020-01-16 12:06:46.376,12:06:46,53.35165911111112,32.07304162222222
2487,382007.711,Flight2_cam1-004-000246-0,-3099163.588121215,3484617.4649503217,347.8637390136719,NkuluEP,2020-01-16,2020-01-16 12:06:47.711,12:06:47,53.35084327777777,32.073445830555556
2488,382009.713,Flight2_cam1-004-000247-0,-3099177.0470644673,3484625.2620864403,347.8731994628906,NkuluEP,2020-01-16,2020-01-16 12:06:49.713,12:06:49,53.34961983333334,32.074051991666664
2489,382011.715,Flight2_cam1-004-000248-0,-3099190.3132106136,3484633.168177201,347.85845947265625,NkuluEP,2020-01-16,2020-01-16 12:06:51.715,12:06:51,53.34839638888887,32.074658152777786
2490,382014.384,Flight2_cam1-004-000249-0,-3099207.1044734786,3484643.050267349,347.7496032714844,NkuluEP,2020-01-16,2020-01-16 12:06:54.384,12:06:54,53.34676533333332,32.07546626666667
2491,382015.719,Flight2_cam1-004-000250-0,-3099215.311013179,3484647.8766028117,347.761474609375,NkuluEP,2020-01-16,2020-01-16 12:06:55.719,12:06:55,53.34594950000001,32.075870474999995
2492,382017.721,Flight2_cam1-004-000251-0,-3099227.4314992065,3484654.656293247,347.7566223144531,NkuluEP,2020-01-16,2020-01-16 12:06:57.721,12:06:57,53.34472605555555,32.07647663611112
2493,382019.723,Flight2_cam1-004-000252-0,-3099240.601065687,3484661.792061743,347.6880798339844,NkuluEP,2020-01-16,2020-01-16 12:06:59.723,12:06:59,53.34350261111111,32.07708279722222
2494,382021.858,Flight2_cam1-004-000253-0,-3099254.9575897367,3484669.8070817166,347.6725769042969,NkuluEP,2020-01-16,2020-01-16 12:07:01.858,12:07:01,53.34219788888888,32.07772922777778
2495,382024.261,Flight2_cam1-004-000254-0,-3099271.224495102,3484678.8022739184,347.5665588378906,NkuluEP,2020-01-16,2020-01-16 12:07:04.261,12:07:04,53.34072938888889,32.07845680277778
2496,382025.729,Flight2_cam1-004-000255-0,-3099280.988994137,3484684.209300272,347.4658203125,NkuluEP,2020-01-16,2020-01-16 12:07:05.729,12:07:05,53.33983227777778,32.078901280555556
2497,382027.731,Flight2_cam1-004-000256-0,-3099295.0401233956,3484691.927701879,347.36529541015625,NkuluEP,2020-01-16,2020-01-16 12:07:07.731,12:07:07,53.33860883333332,32.07950744166668
2498,382029.733,Flight2_cam1-004-000257-0,-3099309.0452406793,3484699.433502856,347.375,NkuluEP,2020-01-16,2020-01-16 12:07:09.733,12:07:09,53.33738538888888,32.08011360277778
2499,382032.402,Flight2_cam1-004-000258-0,-3099328.2905343776,3484710.0848627207,347.3398742675781,NkuluEP,2020-01-16,2020-01-16 12:07:12.402,12:07:12,53.335754333333334,32.080921716666666
2500,382033.737,Flight2_cam1-004-000259-0,-3099338.1858667494,3484715.649523359,347.3398742675781,NkuluEP,2020-01-16,2020-01-16 12:07:13.737,12:07:13,53.334938499999986,32.08132592500001
2501,382035.739,Flight2_cam1-004-000260-0,-3099353.5706285266,3484723.71582913,347.319091796875,NkuluEP,2020-01-16,2020-01-16 12:07:15.739,12:07:15,53.33371505555556,32.08193208611111
2502,382037.741,Flight2_cam1-004-000261-0,-3099373.5329262796,3484731.5315134604,347.335693359375,NkuluEP,2020-01-16,2020-01-16 12:07:17.741,12:07:17,53.332491611111124,32.08253824722222
2503,382039.743,Flight2_cam1-004-000262-0,-3099395.2583532557,3484737.616405038,347.307373046875,NkuluEP,2020-01-16,2020-01-16 12:07:19.743,12:07:19,53.33126816666666,32.08314440833334
2504,382042.279,Flight2_cam1-004-000263-0,-3099424.7724219393,3484745.137207715,347.317626953125,NkuluEP,2020-01-16,2020-01-16 12:07:22.279,12:07:22,53.3297183888889,32.08391225277777
2505,382043.747,Flight2_cam1-004-000264-0,-3099442.3197727916,3484749.263608437,347.4084167480469,NkuluEP,2020-01-16,2020-01-16 12:07:23.747,12:07:23,53.32882127777779,32.08435673055555
2506,382045.749,Flight2_cam1-004-000265-0,-3099468.102672161,3484754.9174392554,347.385009765625,NkuluEP,2020-01-16,2020-01-16 12:07:25.749,12:07:25,53.32759783333333,32.08496289166667
2507,382047.751,Flight2_cam1-004-000266-0,-3099492.5404116753,3484760.415137331,347.233642578125,NkuluEP,2020-01-16,2020-01-16 12:07:27.751,12:07:27,53.326374388888894,32.08556905277777
2508,382050.42,Flight2_cam1-004-000267-0,-3099523.769848062,3484768.142906807,347.13348388671875,NkuluEP,2020-01-16,2020-01-16 12:07:30.420,12:07:30,53.324743333333345,32.08637716666666
2509,382051.755,Flight2_cam1-004-000268-0,-3099539.632650095,3484772.2567760316,347.0447082519531,NkuluEP,2020-01-16,2020-01-16 12:07:31.755,12:07:31,53.323927499999996,32.086781375
2510,382053.757,Flight2_cam1-004-000269-0,-3099562.007323401,3484778.177225375,346.9457092285156,NkuluEP,2020-01-16,2020-01-16 12:07:33.757,12:07:33,53.32270405555557,32.0873875361111
2511,382055.759,Flight2_cam1-004-000270-0,-3099583.170130542,3484785.215050646,346.8294372558594,NkuluEP,2020-01-16,2020-01-16 12:07:35.759,12:07:35,53.3214806111111,32.08799369722223
2512,382058.428,Flight2_cam1-004-000271-0,-3099602.5760381753,3484800.1179970717,346.7494201660156,NkuluEP,2020-01-16,2020-01-16 12:07:38.428,12:07:38,53.31984955555555,32.08880181111112
2513,382061.364,Flight2_cam1-004-000272-0,-3099596.404016503,3484832.098242028,346.5387268066406,NkuluEP,2020-01-16,2020-01-16 12:07:41.364,12:07:41,53.318055333333334,32.08969076666666
2514,382061.765,Flight2_cam1-004-000273-0,-3099593.8346355883,3484837.116271338,346.59259033203125,NkuluEP,2020-01-16,2020-01-16 12:07:41.765,12:07:41,53.317810277777774,32.08981218055556
2515,382063.767,Flight2_cam1-004-000274-0,-3099575.575566858,3484861.977707097,346.7007751464844,NkuluEP,2020-01-16,2020-01-16 12:07:43.767,12:07:43,53.31658683333334,32.09041834166666
2516,382065.769,Flight2_cam1-004-000275-0,-3099553.465804691,3484882.4683840126,346.874755859375,NkuluEP,2020-01-16,2020-01-16 12:07:45.769,12:07:45,53.315363388888905,32.09102450277777
2517,382067.771,Flight2_cam1-004-000276-0,-3099533.841936367,3484902.2463341174,346.8521423339844,NkuluEP,2020-01-16,2020-01-16 12:07:47.771,12:07:47,53.31413994444444,32.09163066388889
2518,382070.307,Flight2_cam1-004-000277-0,-3099509.6680534133,3484922.7837347477,346.84088134765625,NkuluEP,2020-01-16,2020-01-16 12:07:50.307,12:07:50,53.31259016666669,32.092398508333325
2519,382071.775,Flight2_cam1-004-000278-0,-3099494.7156273155,3484931.3790738317,346.8235778808594,NkuluEP,2020-01-16,2020-01-16 12:07:51.775,12:07:51,53.311693055555544,32.092842986111116
2520,382073.777,Flight2_cam1-004-000279-0,-3099472.869613196,3484942.4836644046,346.7842102050781,NkuluEP,2020-01-16,2020-01-16 12:07:53.777,12:07:53,53.31046961111111,32.09344914722222
2521,382075.779,Flight2_cam1-004-000280-0,-3099457.7740747277,3484947.555431609,346.74798583984375,NkuluEP,2020-01-16,2020-01-16 12:07:55.779,12:07:55,53.30924616666668,32.094055308333324
2522,382078.315,Flight2_cam1-004-000281-0,-3099445.1659625648,3484949.4984053755,346.5840759277344,NkuluEP,2020-01-16,2020-01-16 12:07:58.315,12:07:58,53.307696388888886,32.09482315277778
2523,382079.783,Flight2_cam1-004-000282-0,-3099439.679733756,3484950.228452697,346.5479736328125,NkuluEP,2020-01-16,2020-01-16 12:07:59.783,12:07:59,53.306799277777785,32.095267630555554
2524,382083.52,Flight2_cam1-004-000283-0,-3099422.670231236,3484938.9885473824,346.4610900878906,NkuluEP,2020-01-16,2020-01-16 12:08:03.520,12:08:03,53.30451555555555,32.09639911111112
2525,382083.787,Flight2_cam1-004-000284-0,-3099421.270944007,3484937.257078124,346.4720153808594,NkuluEP,2020-01-16,2020-01-16 12:08:03.787,12:08:03,53.30435238888888,32.09647995277778
2526,382085.789,Flight2_cam1-004-000285-0,-3099407.9730755915,3484920.4704961167,346.4876403808594,NkuluEP,2020-01-16,2020-01-16 12:08:05.789,12:08:05,53.30312894444445,32.097086113888885
2527,382087.791,Flight2_cam1-004-000286-0,-3099392.0335322767,3484902.485972379,346.4713439941406,NkuluEP,2020-01-16,2020-01-16 12:08:07.791,12:08:07,53.30190549999998,32.09769227500001
2528,382089.793,Flight2_cam1-004-000287-0,-3099376.127431836,3484887.341503722,346.5288391113281,NkuluEP,2020-01-16,2020-01-16 12:08:09.793,12:08:09,53.300682055555555,32.098298436111115
2529,382091.795,Flight2_cam1-004-000288-0,-3099366.4832140505,3484878.261191682,346.4944152832031,NkuluEP,2020-01-16,2020-01-16 12:08:11.795,12:08:11,53.29945861111112,32.098904597222216
2530,382094.33,Flight2_cam1-004-000289-0,-3099352.6035569836,3484866.4379093694,346.5132141113281,NkuluEP,2020-01-16,2020-01-16 12:08:14.330,12:08:14,53.297909444444436,32.09967213888889
2531,382095.799,Flight2_cam1-004-000290-0,-3099343.3013288486,3484859.149861981,346.4631042480469,NkuluEP,2020-01-16,2020-01-16 12:08:15.799,12:08:15,53.29701172222222,32.100116919444446
2532,382097.801,Flight2_cam1-004-000291-0,-3099328.881531073,3484847.874723652,346.4532470703125,NkuluEP,2020-01-16,2020-01-16 12:08:17.801,12:08:17,53.295788277777795,32.10072308055555
2533,382099.803,Flight2_cam1-004-000292-0,-3099311.3477057517,3484835.0319072395,346.4754943847656,NkuluEP,2020-01-16,2020-01-16 12:08:19.803,12:08:19,53.294564833333325,32.10132924166667
2534,382101.805,Flight2_cam1-004-000293-0,-3099291.892354737,3484822.728849388,346.4747009277344,NkuluEP,2020-01-16,2020-01-16 12:08:21.805,12:08:21,53.29334138888889,32.10193540277778
2535,382104.207,Flight2_cam1-004-000294-0,-3099266.4097746415,3484806.96086895,346.4931640625,NkuluEP,2020-01-16,2020-01-16 12:08:24.207,12:08:24,53.2918735,32.102662675
2536,382105.809,Flight2_cam1-004-000295-0,-3099248.5286095273,3484795.6645583417,346.5110168457031,NkuluEP,2020-01-16,2020-01-16 12:08:25.809,12:08:25,53.29089449999999,32.103147725
2537,382107.811,Flight2_cam1-004-000296-0,-3099224.567660966,3484780.6417446313,346.5299987792969,NkuluEP,2020-01-16,2020-01-16 12:08:27.811,12:08:27,53.289671055555566,32.10375388611111
2538,382109.812,Flight2_cam1-004-000297-0,-3099205.996588628,3484768.453578682,346.2972106933594,NkuluEP,2020-01-16,2020-01-16 12:08:29.812,12:08:29,53.288448222222236,32.10435974444444
2539,382112.215,Flight2_cam1-004-000298-0,-3099203.3342410047,3484758.104531046,346.0559997558594,NkuluEP,2020-01-16,2020-01-16 12:08:32.215,12:08:32,53.286979722222206,32.10508731944445
2540,382114.884,Flight2_cam1-004-000299-0,-3099213.0533152265,3484732.4720259937,346.16351318359375,NkuluEP,2020-01-16,2020-01-16 12:08:34.884,12:08:34,53.28534866666666,32.10589543333334
2541,382115.818,Flight2_cam1-004-000300-0,-3099217.591729295,3484722.464795022,346.23846435546875,NkuluEP,2020-01-16,2020-01-16 12:08:35.818,12:08:35,53.284777888888875,32.10617822777778
2542,382117.82,Flight2_cam1-004-000301-0,-3099228.506160025,3484697.980195016,346.25823974609375,NkuluEP,2020-01-16,2020-01-16 12:08:37.820,12:08:37,53.28355444444444,32.10678438888889
2543,382119.822,Flight2_cam1-004-000302-0,-3099237.404764483,3484676.1957432814,346.2606506347656,NkuluEP,2020-01-16,2020-01-16 12:08:39.822,12:08:39,53.28233100000001,32.10739055
2544,382121.691,Flight2_cam1-004-000303-0,-3099244.152468843,3484659.0890925033,346.23016357421875,NkuluEP,2020-01-16,2020-01-16 12:08:41.691,12:08:41,53.28118883333334,32.107956441666666
2545,382124.36,Flight2_cam1-004-000304-0,-3099253.715722267,3484632.912916871,346.3095397949219,NkuluEP,2020-01-16,2020-01-16 12:08:44.360,12:08:44,53.27955777777779,32.10876455555555
2546,382125.695,Flight2_cam1-004-000305-0,-3099258.659174508,3484618.8329211636,346.3643798828125,NkuluEP,2020-01-16,2020-01-16 12:08:45.695,12:08:45,53.27874194444444,32.10916876388889
2547,382127.697,Flight2_cam1-004-000306-0,-3099265.0325892908,3484599.6826894283,346.4820861816406,NkuluEP,2020-01-16,2020-01-16 12:08:47.697,12:08:47,53.277518500000006,32.109774924999996
2548,382129.699,Flight2_cam1-004-000307-0,-3099270.628358947,3484582.995095898,346.4603576660156,NkuluEP,2020-01-16,2020-01-16 12:08:49.699,12:08:49,53.27629505555554,32.11038108611112
2549,382132.368,Flight2_cam1-004-000308-0,-3099279.207227203,3484558.226129003,346.4724426269531,NkuluEP,2020-01-16,2020-01-16 12:08:52.368,12:08:52,53.274663999999994,32.111189200000005
2550,382133.703,Flight2_cam1-004-000309-0,-3099283.971012285,3484544.5819163965,346.4387512207031,NkuluEP,2020-01-16,2020-01-16 12:08:53.703,12:08:53,53.27384816666668,32.11159340833333
2551,382135.705,Flight2_cam1-004-000310-0,-3099291.0113508278,3484523.5785303153,346.4836730957031,NkuluEP,2020-01-16,2020-01-16 12:08:55.705,12:08:55,53.27262472222221,32.11219956944445
2552,382137.707,Flight2_cam1-004-000311-0,-3099297.9468296003,3484501.8242119974,346.48541259765625,NkuluEP,2020-01-16,2020-01-16 12:08:57.707,12:08:57,53.271401277777784,32.11280573055555
2553,382139.842,Flight2_cam1-004-000312-0,-3099305.4335480947,3484477.708974957,346.451904296875,NkuluEP,2020-01-16,2020-01-16 12:08:59.842,12:08:59,53.270096555555554,32.11345216111111
2554,382142.245,Flight2_cam1-004-000313-0,-3099313.8891456355,3484450.101061518,346.47381591796875,NkuluEP,2020-01-16,2020-01-16 12:09:02.245,12:09:02,53.26862805555556,32.11417973611111
2555,382143.713,Flight2_cam1-004-000314-0,-3099319.4962052726,3484432.030799431,346.4419860839844,NkuluEP,2020-01-16,2020-01-16 12:09:03.713,12:09:03,53.26773094444445,32.11462421388889
2556,382145.715,Flight2_cam1-004-000315-0,-3099327.3213656866,3484407.25469797,346.49755859375,NkuluEP,2020-01-16,2020-01-16 12:09:05.715,12:09:05,53.26650749999999,32.11523037500001
2557,382147.717,Flight2_cam1-004-000316-0,-3099335.294313711,3484381.798542574,346.5045471191406,NkuluEP,2020-01-16,2020-01-16 12:09:07.717,12:09:07,53.265284055555554,32.11583653611111
2558,382150.386,Flight2_cam1-004-000317-0,-3099346.0819251067,3484346.987025225,346.5481872558594,NkuluEP,2020-01-16,2020-01-16 12:09:10.386,12:09:10,53.263653000000005,32.11664465
2559,382151.721,Flight2_cam1-004-000318-0,-3099351.568352302,3484329.3309830837,346.5633850097656,NkuluEP,2020-01-16,2020-01-16 12:09:11.721,12:09:11,53.26283716666666,32.11704885833334
2560,382153.723,Flight2_cam1-004-000319-0,-3099359.670459841,3484303.269865128,346.5956726074219,NkuluEP,2020-01-16,2020-01-16 12:09:13.723,12:09:13,53.26161372222222,32.11765501944444
2561,382155.725,Flight2_cam1-004-000320-0,-3099366.4806161234,3484281.4171860716,346.5924987792969,NkuluEP,2020-01-16,2020-01-16 12:09:15.725,12:09:15,53.260390277777795,32.11826118055555
2562,382157.727,Flight2_cam1-004-000321-0,-3099372.2425200315,3484262.711128163,346.5716857910156,NkuluEP,2020-01-16,2020-01-16 12:09:17.727,12:09:17,53.259166833333325,32.11886734166667
2563,382160.263,Flight2_cam1-004-000322-0,-3099379.802465467,3484239.6821977207,346.5771179199219,NkuluEP,2020-01-16,2020-01-16 12:09:20.263,12:09:20,53.25761705555557,32.119635186111104
2564,382161.731,Flight2_cam1-004-000323-0,-3099384.1347604357,3484226.4897725647,346.5227966308594,NkuluEP,2020-01-16,2020-01-16 12:09:21.731,12:09:21,53.25671994444443,32.120079663888895
2565,382163.733,Flight2_cam1-004-000324-0,-3099390.5067807017,3484207.052549307,346.43780517578125,NkuluEP,2020-01-16,2020-01-16 12:09:23.733,12:09:23,53.2554965,32.120685825
2566,382165.735,Flight2_cam1-004-000325-0,-3099397.0901457155,3484187.30628398,346.393798828125,NkuluEP,2020-01-16,2020-01-16 12:09:25.735,12:09:25,53.254273055555565,32.1212919861111
2567,382168.404,Flight2_cam1-004-000326-0,-3099406.0424795547,3484159.795680833,346.425537109375,NkuluEP,2020-01-16,2020-01-16 12:09:28.404,12:09:28,53.252642000000016,32.12210009999999
2568,382169.739,Flight2_cam1-004-000327-0,-3099410.237857493,3484146.654327574,346.45098876953125,NkuluEP,2020-01-16,2020-01-16 12:09:29.739,12:09:29,53.25182616666667,32.12250430833333
2569,382171.741,Flight2_cam1-004-000328-0,-3099417.3588527106,3484124.4416049654,346.3891296386719,NkuluEP,2020-01-16,2020-01-16 12:09:31.741,12:09:31,53.25060272222223,32.12311046944444
2570,382173.743,Flight2_cam1-004-000329-0,-3099424.785388083,3484101.6562525253,346.379150390625,NkuluEP,2020-01-16,2020-01-16 12:09:33.743,12:09:33,53.24937927777777,32.12371663055556
2571,382175.745,Flight2_cam1-004-000330-0,-3099432.7453747913,3484078.0123110656,346.3293151855469,NkuluEP,2020-01-16,2020-01-16 12:09:35.745,12:09:35,53.248155833333335,32.124322791666664
2572,382178.28,Flight2_cam1-004-000331-0,-3099441.3793775407,3484050.2581325695,346.3254089355469,NkuluEP,2020-01-16,2020-01-16 12:09:38.280,12:09:38,53.24660666666665,32.12509033333334
2573,382179.749,Flight2_cam1-004-000332-0,-3099445.9530002107,3484035.7923158533,346.2928771972656,NkuluEP,2020-01-16,2020-01-16 12:09:39.749,12:09:39,53.24570894444444,32.125535113888894
2574,382181.751,Flight2_cam1-004-000333-0,-3099452.429527401,3484016.3835497345,346.29705810546875,NkuluEP,2020-01-16,2020-01-16 12:09:41.751,12:09:41,53.24448550000001,32.126141274999995
2575,382183.753,Flight2_cam1-004-000334-0,-3099456.914083906,3484000.2613525963,346.32489013671875,NkuluEP,2020-01-16,2020-01-16 12:09:43.753,12:09:43,53.24326205555554,32.12674743611112
2576,382186.422,Flight2_cam1-004-000335-0,-3099463.4286282132,3483978.6652071252,346.4950866699219,NkuluEP,2020-01-16,2020-01-16 12:09:46.422,12:09:46,53.24163099999999,32.127555550000004
2577,382187.757,Flight2_cam1-004-000336-0,-3099466.8165235026,3483968.0002348763,346.53851318359375,NkuluEP,2020-01-16,2020-01-16 12:09:47.757,12:09:47,53.24081516666668,32.127959758333326
2578,382189.759,Flight2_cam1-004-000337-0,-3099472.828974003,3483949.408126619,346.6418762207031,NkuluEP,2020-01-16,2020-01-16 12:09:49.759,12:09:49,53.23959172222221,32.12856591944445
2579,382191.761,Flight2_cam1-004-000338-0,-3099479.4112080825,3483929.3361047185,346.642578125,NkuluEP,2020-01-16,2020-01-16 12:09:51.761,12:09:51,53.23836827777778,32.129172080555556
2580,382194.43,Flight2_cam1-004-000339-0,-3099488.573797176,3483901.1335844886,346.70458984375,NkuluEP,2020-01-16,2020-01-16 12:09:54.430,12:09:54,53.236737222222224,32.12998019444444
2581,382195.765,Flight2_cam1-004-000340-0,-3099493.339921865,3483886.3030557116,346.79791259765625,NkuluEP,2020-01-16,2020-01-16 12:09:55.765,12:09:55,53.23592138888888,32.13038440277778
2582,382197.767,Flight2_cam1-004-000341-0,-3099500.4727823096,3483864.287974534,346.80487060546875,NkuluEP,2020-01-16,2020-01-16 12:09:57.767,12:09:57,53.23469794444445,32.130990563888886
2583,382199.769,Flight2_cam1-004-000342-0,-3099508.42602467,3483839.9990352793,346.6919250488281,NkuluEP,2020-01-16,2020-01-16 12:09:59.769,12:09:59,53.23347450000002,32.13159672499999
2584,382202.438,Flight2_cam1-004-000343-0,-3099521.1017807955,3483799.4692400293,346.83221435546875,NkuluEP,2020-01-16,2020-01-16 12:10:02.438,12:10:02,53.23184344444443,32.132404838888895
2585,382203.772,Flight2_cam1-004-000344-0,-3099528.3271049573,3483776.841534466,346.9156494140625,NkuluEP,2020-01-16,2020-01-16 12:10:03.772,12:10:03,53.23102822222223,32.132808744444446
2586,382205.774,Flight2_cam1-004-000345-0,-3099538.6576208035,3483744.3621018576,347.04510498046875,NkuluEP,2020-01-16,2020-01-16 12:10:05.774,12:10:05,53.229804777777794,32.13341490555555
2587,382207.776,Flight2_cam1-004-000346-0,-3099547.5771547486,3483714.9136751457,346.9472961425781,NkuluEP,2020-01-16,2020-01-16 12:10:07.776,12:10:07,53.228581333333324,32.13402106666667
2588,382209.778,Flight2_cam1-004-000347-0,-3099555.325544825,3483689.3337958516,346.8935546875,NkuluEP,2020-01-16,2020-01-16 12:10:09.778,12:10:09,53.227357888888896,32.13462722777778
2589,382212.181,Flight2_cam1-004-000348-0,-3099564.277092288,3483660.242903459,346.95928955078125,NkuluEP,2020-01-16,2020-01-16 12:10:12.181,12:10:12,53.2258893888889,32.13535480277777
2590,382213.782,Flight2_cam1-004-000349-0,-3099569.935004488,3483642.4761497136,346.96661376953125,NkuluEP,2020-01-16,2020-01-16 12:10:13.782,12:10:13,53.224911,32.13583955
2591,382215.784,Flight2_cam1-004-000350-0,-3099575.959276102,3483623.266819512,346.9510803222656,NkuluEP,2020-01-16,2020-01-16 12:10:15.784,12:10:15,53.223687555555564,32.13644571111111
2592,382217.786,Flight2_cam1-004-000351-0,-3099583.2636175035,3483601.909975918,346.9864501953125,NkuluEP,2020-01-16,2020-01-16 12:10:17.786,12:10:17,53.2224641111111,32.13705187222223
2593,382220.456,Flight2_cam1-004-000352-0,-3099594.4646057636,3483569.918391825,346.9645080566406,NkuluEP,2020-01-16,2020-01-16 12:10:20.456,12:10:20,53.22083244444444,32.13786028888889
2594,382221.79,Flight2_cam1-004-000353-0,-3099600.31537338,3483552.057983275,346.8382568359375,NkuluEP,2020-01-16,2020-01-16 12:10:21.790,12:10:21,53.22001722222224,32.13826419444444
2595,382223.792,Flight2_cam1-004-000354-0,-3099608.700483118,3483525.3868972096,346.7455139160156,NkuluEP,2020-01-16,2020-01-16 12:10:23.792,12:10:23,53.21879377777777,32.13887035555556
2596,382225.794,Flight2_cam1-004-000355-0,-3099617.102690613,3483497.71392079,346.553466796875,NkuluEP,2020-01-16,2020-01-16 12:10:25.794,12:10:25,53.217570333333335,32.13947651666666
2597,382227.796,Flight2_cam1-004-000356-0,-3099625.670627655,3483471.619667118,346.31927490234375,NkuluEP,2020-01-16,2020-01-16 12:10:27.796,12:10:27,53.21634688888891,32.14008267777777
2598,382230.199,Flight2_cam1-004-000357-0,-3099635.8576170085,3483440.117266271,346.17413330078125,NkuluEP,2020-01-16,2020-01-16 12:10:30.199,12:10:30,53.21487838888888,32.14081025277778
2599,382231.8,Flight2_cam1-004-000358-0,-3099641.8183617257,3483417.5690067643,346.2668762207031,NkuluEP,2020-01-16,2020-01-16 12:10:31.800,12:10:31,53.21390000000001,32.14129499999999
2600,382235.537,Flight2_cam1-004-000359-0,-3099629.5817773603,3483399.418647206,344.3144836425781,NkuluEP,2020-01-16,2020-01-16 12:10:35.537,12:10:35,53.21161627777777,32.14242648055556
2601,382235.804,Flight2_cam1-004-000360-0,-3099629.078791807,3483400.0162536367,344.2135925292969,NkuluEP,2020-01-16,2020-01-16 12:10:35.804,12:10:35,53.21145311111111,32.14250732222222
2602,382237.806,Flight2_cam1-004-000361-0,-3099629.5185717107,3483411.2759900447,344.0450134277344,NkuluEP,2020-01-16,2020-01-16 12:10:37.806,12:10:37,53.21022966666668,32.14311348333333
2603,382239.808,Flight2_cam1-004-000362-0,-3099626.681626176,3483434.7049932936,343.4527893066406,NkuluEP,2020-01-16,2020-01-16 12:10:39.808,12:10:39,53.209006222222214,32.14371964444445
2604,382241.81,Flight2_cam1-004-000363-0,-3099613.8655276755,3483465.705647694,341.51837158203125,NkuluEP,2020-01-16,2020-01-16 12:10:41.810,12:10:41,53.20778277777778,32.14432580555555
2605,382243.812,Flight2_cam1-004-000364-0,-3099594.2988270954,3483502.2042619423,338.70819091796875,NkuluEP,2020-01-16,2020-01-16 12:10:43.812,12:10:43,53.206559333333345,32.14493196666666
2606,382246.348,Flight2_cam1-004-000365-0,-3099566.9581512846,3483550.1265969668,334.37652587890625,NkuluEP,2020-01-16,2020-01-16 12:10:46.348,12:10:46,53.205009555555556,32.14569981111111
2607,382247.816,Flight2_cam1-004-000366-0,-3099551.1670775353,3483577.2159257815,331.5028381347656,NkuluEP,2020-01-16,2020-01-16 12:10:47.816,12:10:47,53.20411244444445,32.146144288888884
2608,382249.818,Flight2_cam1-004-000367-0,-3099528.983467398,3483613.467630505,327.4000244140625,NkuluEP,2020-01-16,2020-01-16 12:10:49.818,12:10:49,53.202888999999985,32.146750450000006
2609,382251.82,Flight2_cam1-004-000368-0,-3099507.2769094184,3483649.1039100685,323.5423889160156,NkuluEP,2020-01-16,2020-01-16 12:10:51.820,12:10:51,53.20166555555555,32.147356611111114
2610,382253.822,Flight2_cam1-004-000369-0,-3099487.8855280406,3483681.659658717,319.5666198730469,NkuluEP,2020-01-16,2020-01-16 12:10:53.822,12:10:53,53.20044211111112,32.147962772222215
2611,382256.225,Flight2_cam1-004-000370-0,-3099465.2368921153,3483720.4626353616,315.127685546875,NkuluEP,2020-01-16,2020-01-16 12:10:56.225,12:10:56,53.19897361111113,32.148690347222214
2612,382257.826,Flight2_cam1-004-000371-0,-3099450.248609322,3483746.5389567856,312.9179992675781,NkuluEP,2020-01-16,2020-01-16 12:10:57.826,12:10:57,53.197995222222225,32.149175094444445
2613,382259.828,Flight2_cam1-004-000372-0,-3099431.981241001,3483777.9846354867,311.6245422363281,NkuluEP,2020-01-16,2020-01-16 12:10:59.828,12:10:59,53.19677177777779,32.149781255555546
2614,382261.83,Flight2_cam1-004-000373-0,-3099414.851394119,3483808.2679315954,309.7226867675781,NkuluEP,2020-01-16,2020-01-16 12:11:01.830,12:11:01,53.19554833333333,32.15038741666667
2615,382264.366,Flight2_cam1-004-000374-0,-3099397.2923967275,3483838.2445745994,308.144287109375,NkuluEP,2020-01-16,2020-01-16 12:11:04.366,12:11:04,53.19399855555557,32.15115526111111
2616,382265.701,Flight2_cam1-004-000375-0,-3099390.3969180756,3483852.332755865,307.3516845703125,NkuluEP,2020-01-16,2020-01-16 12:11:05.701,12:11:05,53.193182722222225,32.15155946944444
2617,382267.703,Flight2_cam1-004-000376-0,-3099379.9799014297,3483876.722036112,305.7224426269531,NkuluEP,2020-01-16,2020-01-16 12:11:07.703,12:11:07,53.19195927777779,32.15216563055555
2618,382270.505,Flight2_cam1-004-000377-0,-3099387.9891512794,3483907.3239951883,304.744384765625,NkuluEP,2020-01-16,2020-01-16 12:11:10.505,12:11:10,53.19024694444444,32.15301401388889
2619,382271.707,Flight2_cam1-004-000378-0,-3099392.130672074,3483919.260887401,304.5981750488281,NkuluEP,2020-01-16,2020-01-16 12:11:11.707,12:11:11,53.18951238888889,32.153377952777774
2620,382275.043,Flight2_cam1-004-000379-0,-3099372.8359649335,3483940.6511827274,303.85528564453125,NkuluEP,2020-01-16,2020-01-16 12:11:15.043,12:11:15,53.18747372222222,32.15438801944445
2621,382275.711,Flight2_cam1-004-000380-0,-3099366.07614481,3483942.8675616593,303.8597106933594,NkuluEP,2020-01-16,2020-01-16 12:11:15.711,12:11:15,53.187065499999996,32.154590275000004
2622,382277.713,Flight2_cam1-004-000381-0,-3099352.680743762,3483951.0837489716,303.8013916015625,NkuluEP,2020-01-16,2020-01-16 12:11:17.713,12:11:17,53.18584205555556,32.155196436111105
2623,382279.715,Flight2_cam1-004-000382-0,-3099350.65270247,3483961.649271403,303.7245788574219,NkuluEP,2020-01-16,2020-01-16 12:11:19.715,12:11:19,53.1846186111111,32.15580259722223
2624,382281.717,Flight2_cam1-004-000383-0,-3099360.3874903223,3483968.871270807,303.73541259765625,NkuluEP,2020-01-16,2020-01-16 12:11:21.717,12:11:21,53.183395166666664,32.156408758333335
2625,388909.296,Flight3_cam1-000-000000-0,-3098032.6161220637,3484013.768488619,292.01873779296875,NkuluEP,2020-01-16,2020-01-16 14:01:49.296,14:01:49,52.68178400000001,32.9918216
2626,388910.631,Flight3_cam1-000-000001-0,-3098043.307160067,3484013.574858639,295.027587890625,NkuluEP,2020-01-16,2020-01-16 14:01:50.631,14:01:50,52.6815615,32.99184385
2627,388912.633,Flight3_cam1-000-000002-0,-3098064.644751192,3484007.7440561554,299.7303161621094,NkuluEP,2020-01-16,2020-01-16 14:01:52.633,14:01:52,52.68122783333334,32.991877216666666
2628,388914.635,Flight3_cam1-000-000003-0,-3098087.4884983967,3483996.1529169823,304.58514404296875,NkuluEP,2020-01-16,2020-01-16 14:01:54.635,14:01:54,52.68089416666667,32.991910583333336
2629,388917.171,Flight3_cam1-000-000004-0,-3098116.2838678807,3483975.4040492927,312.7154235839844,NkuluEP,2020-01-16,2020-01-16 14:01:57.171,14:01:57,52.68047150000001,32.991952850000004
2630,388918.639,Flight3_cam1-000-000005-0,-3098134.068250665,3483963.360064004,317.1491394042969,NkuluEP,2020-01-16,2020-01-16 14:01:58.639,14:01:58,52.68022683333333,32.99197731666667
2631,388920.641,Flight3_cam1-000-000006-0,-3098156.8490213878,3483948.0365642253,322.3819580078125,NkuluEP,2020-01-16,2020-01-16 14:02:00.641,14:02:00,52.679893166666666,32.99201068333333
2632,388922.643,Flight3_cam1-000-000007-0,-3098177.883655184,3483934.1519991555,326.9036865234375,NkuluEP,2020-01-16,2020-01-16 14:02:02.643,14:02:02,52.6795595,32.992044050000004
2633,388924.778,Flight3_cam1-000-000008-0,-3098200.3176641106,3483921.720742195,329.6693115234375,NkuluEP,2020-01-16,2020-01-16 14:02:04.778,14:02:04,52.67920366666667,32.99207963333333
2634,388927.181,Flight3_cam1-000-000009-0,-3098224.7054137066,3483908.8840679056,332.00537109375,NkuluEP,2020-01-16,2020-01-16 14:02:07.181,14:02:07,52.678803166666675,32.992119683333335
2635,388928.649,Flight3_cam1-000-000010-0,-3098240.49796769,3483900.645418492,333.29412841796875,NkuluEP,2020-01-16,2020-01-16 14:02:08.649,14:02:08,52.67855850000001,32.99214415
2636,388930.651,Flight3_cam1-000-000011-0,-3098261.7463310887,3483890.151901546,333.9299621582031,NkuluEP,2020-01-16,2020-01-16 14:02:10.651,14:02:10,52.67822483333333,32.99217751666667
2637,388932.653,Flight3_cam1-000-000012-0,-3098283.0250062407,3483879.3789343666,334.4492492675781,NkuluEP,2020-01-16,2020-01-16 14:02:12.653,14:02:12,52.67789116666667,32.992210883333335
2638,388935.189,Flight3_cam1-000-000013-0,-3098309.7407515924,3483865.7501603467,334.7496643066406,NkuluEP,2020-01-16,2020-01-16 14:02:15.189,14:02:15,52.6774685,32.99225315
2639,388936.657,Flight3_cam1-000-000014-0,-3098325.6646071714,3483857.9051709455,334.8970031738281,NkuluEP,2020-01-16,2020-01-16 14:02:16.657,14:02:16,52.677223833333336,32.99227761666667
2640,388938.659,Flight3_cam1-000-000015-0,-3098345.9589169538,3483847.69663982,334.9044189453125,NkuluEP,2020-01-16,2020-01-16 14:02:18.659,14:02:18,52.676890166666674,32.99231098333333
2641,388940.661,Flight3_cam1-000-000016-0,-3098365.161438686,3483837.636658396,334.82672119140625,NkuluEP,2020-01-16,2020-01-16 14:02:20.661,14:02:20,52.6765565,32.99234435
2642,388942.796,Flight3_cam1-000-000017-0,-3098387.103378432,3483825.422232629,334.6988525390625,NkuluEP,2020-01-16,2020-01-16 14:02:22.796,14:02:22,52.676200666666674,32.99237993333333
2643,388945.199,Flight3_cam1-000-000018-0,-3098414.6525430838,3483811.746486175,334.7061767578125,NkuluEP,2020-01-16,2020-01-16 14:02:25.199,14:02:25,52.67580016666667,32.992419983333335
2644,388946.667,Flight3_cam1-000-000019-0,-3098431.638267721,3483804.295434781,334.7149658203125,NkuluEP,2020-01-16,2020-01-16 14:02:26.667,14:02:26,52.6755555,32.99244445
2645,388948.535,Flight3_cam1-000-000020-0,-3098455.1033228883,3483794.7055934197,334.72381591796875,NkuluEP,2020-01-16,2020-01-16 14:02:28.535,14:02:28,52.67524416666667,32.99247558333334
2646,388950.537,Flight3_cam1-000-000021-0,-3098480.138612884,3483784.2656243113,334.6682434082031,NkuluEP,2020-01-16,2020-01-16 14:02:30.537,14:02:30,52.6749105,32.99250895
2647,388953.207,Flight3_cam1-000-000022-0,-3098513.3511860184,3483772.426078022,334.5925598144531,NkuluEP,2020-01-16,2020-01-16 14:02:33.207,14:02:33,52.674465500000004,32.99255345
2648,388954.541,Flight3_cam1-000-000023-0,-3098529.9413573146,3483767.211211384,334.5523986816406,NkuluEP,2020-01-16,2020-01-16 14:02:34.541,14:02:34,52.67424316666666,32.992575683333335
2649,388956.543,Flight3_cam1-000-000024-0,-3098553.4484413993,3483759.5623678584,334.4974670410156,NkuluEP,2020-01-16,2020-01-16 14:02:36.543,14:02:36,52.6739095,32.99260905
2650,388958.545,Flight3_cam1-000-000025-0,-3098577.728703379,3483751.669130856,334.57159423828125,NkuluEP,2020-01-16,2020-01-16 14:02:38.545,14:02:38,52.67357583333334,32.99264241666667
2651,388960.681,Flight3_cam1-000-000026-0,-3098603.638684621,3483742.5037389286,334.6048583984375,NkuluEP,2020-01-16,2020-01-16 14:02:40.681,14:02:40,52.67321983333334,32.992678016666666
2652,388963.216,Flight3_cam1-000-000027-0,-3098632.960239506,3483731.682654653,334.4789733886719,NkuluEP,2020-01-16,2020-01-16 14:02:43.216,14:02:43,52.672797333333335,32.992720266666666
2653,388964.551,Flight3_cam1-000-000028-0,-3098647.42199424,3483726.505330943,334.4736633300781,NkuluEP,2020-01-16,2020-01-16 14:02:44.551,14:02:44,52.67257483333334,32.99274251666667
2654,388966.553,Flight3_cam1-000-000029-0,-3098671.134840513,3483718.4616243257,334.3837585449219,NkuluEP,2020-01-16,2020-01-16 14:02:46.553,14:02:46,52.672241166666666,32.99277588333334
2655,388968.555,Flight3_cam1-000-000030-0,-3098694.862085529,3483711.397200837,334.2929382324219,NkuluEP,2020-01-16,2020-01-16 14:02:48.555,14:02:48,52.6719075,32.99280925
2656,388971.224,Flight3_cam1-000-000031-0,-3098725.4754012874,3483702.549821341,334.1474609375,NkuluEP,2020-01-16,2020-01-16 14:02:51.224,14:02:51,52.67146266666667,32.992853733333334
2657,388972.559,Flight3_cam1-000-000032-0,-3098741.221323913,3483698.3451198223,334.0954284667969,NkuluEP,2020-01-16,2020-01-16 14:02:52.559,14:02:52,52.67124016666667,32.992875983333334
2658,388974.561,Flight3_cam1-000-000033-0,-3098764.0037704366,3483692.724003931,333.9911804199219,NkuluEP,2020-01-16,2020-01-16 14:02:54.561,14:02:54,52.67090650000001,32.992909350000005
2659,388976.563,Flight3_cam1-000-000034-0,-3098787.579312142,3483687.548146241,333.88604736328125,NkuluEP,2020-01-16,2020-01-16 14:02:56.563,14:02:56,52.67057283333333,32.99294271666667
2660,388978.699,Flight3_cam1-000-000035-0,-3098811.6867080606,3483680.8687364096,333.78851318359375,NkuluEP,2020-01-16,2020-01-16 14:02:58.699,14:02:58,52.670216833333335,32.992978316666665
2661,388981.234,Flight3_cam1-000-000036-0,-3098838.4787560655,3483670.540063447,333.6679992675781,NkuluEP,2020-01-16,2020-01-16 14:03:01.234,14:03:01,52.669794333333336,32.993020566666665
2662,388982.569,Flight3_cam1-000-000037-0,-3098851.64941538,3483665.2095333524,333.6466979980469,NkuluEP,2020-01-16,2020-01-16 14:03:02.569,14:03:02,52.669571833333336,32.993042816666666
2663,388984.571,Flight3_cam1-000-000038-0,-3098873.3723647916,3483656.5888445424,333.58172607421875,NkuluEP,2020-01-16,2020-01-16 14:03:04.571,14:03:04,52.66923816666667,32.993076183333336
2664,388986.573,Flight3_cam1-000-000039-0,-3098892.946884299,3483648.5574841476,333.56121826171875,NkuluEP,2020-01-16,2020-01-16 14:03:06.573,14:03:06,52.668904500000004,32.99310955
2665,388989.242,Flight3_cam1-000-000040-0,-3098914.88785643,3483638.9263245976,333.535888671875,NkuluEP,2020-01-16,2020-01-16 14:03:09.242,14:03:09,52.668459666666664,32.99315403333333
2666,388992.579,Flight3_cam1-000-000041-0,-3098920.3504122165,3483631.3000413757,333.195068359375,NkuluEP,2020-01-16,2020-01-16 14:03:12.579,14:03:12,52.6679035,32.993209650000004
2667,388994.581,Flight3_cam1-000-000042-0,-3098923.6780428244,3483619.336237788,333.1091003417969,NkuluEP,2020-01-16,2020-01-16 14:03:14.581,14:03:14,52.66756983333334,32.99324301666667
2668,388996.583,Flight3_cam1-000-000043-0,-3098930.8201476866,3483602.182799508,333.2017822265625,NkuluEP,2020-01-16,2020-01-16 14:03:16.583,14:03:16,52.66723616666667,32.99327638333334
2669,388998.585,Flight3_cam1-000-000044-0,-3098937.848463641,3483585.4626415507,333.2008361816406,NkuluEP,2020-01-16,2020-01-16 14:03:18.585,14:03:18,52.6669025,32.99330975
2670,389001.254,Flight3_cam1-000-000045-0,-3098947.386340967,3483563.4790041754,333.295166015625,NkuluEP,2020-01-16,2020-01-16 14:03:21.254,14:03:21,52.666457666666666,32.993354233333335
2671,389002.589,Flight3_cam1-000-000046-0,-3098952.161324383,3483552.533368876,333.30877685546875,NkuluEP,2020-01-16,2020-01-16 14:03:22.589,14:03:22,52.666235166666674,32.993376483333336
2672,389004.591,Flight3_cam1-000-000047-0,-3098959.017294838,3483536.4525205772,333.33673095703125,NkuluEP,2020-01-16,2020-01-16 14:03:24.591,14:03:24,52.6659015,32.99340985
2673,389006.593,Flight3_cam1-000-000048-0,-3098965.890790682,3483520.302451835,333.3873291015625,NkuluEP,2020-01-16,2020-01-16 14:03:26.593,14:03:26,52.665567833333334,32.99344321666667
2674,389009.262,Flight3_cam1-000-000049-0,-3098970.652967786,3483508.883056592,333.42901611328125,NkuluEP,2020-01-16,2020-01-16 14:03:29.262,14:03:29,52.665123,32.9934877
2675,389010.597,Flight3_cam1-000-000050-0,-3098971.4050320336,3483508.394350261,333.32666015625,NkuluEP,2020-01-16,2020-01-16 14:03:30.597,14:03:30,52.6649005,32.99350995
2676,389013.533,Flight3_cam1-000-000051-0,-3098967.8504101597,3483507.5603553466,333.20458984375,NkuluEP,2020-01-16,2020-01-16 14:03:33.533,14:03:33,52.66441116666667,32.993558883333336
2677,389014.601,Flight3_cam1-000-000052-0,-3098963.0971916327,3483506.05802971,333.1863708496094,NkuluEP,2020-01-16,2020-01-16 14:03:34.601,14:03:34,52.66423316666666,32.99357668333334
2678,389016.603,Flight3_cam1-000-000053-0,-3098948.9095802223,3483501.446537697,333.180419921875,NkuluEP,2020-01-16,2020-01-16 14:03:36.603,14:03:36,52.6638995,32.99361005
2679,389018.605,Flight3_cam1-000-000054-0,-3098932.785359209,3483495.473902774,333.18414306640625,NkuluEP,2020-01-16,2020-01-16 14:03:38.605,14:03:38,52.66356583333334,32.99364341666667
2680,389020.607,Flight3_cam1-000-000055-0,-3098916.1340624765,3483489.045541809,333.2498779296875,NkuluEP,2020-01-16,2020-01-16 14:03:40.607,14:03:40,52.66323216666667,32.993676783333335
2681,389023.276,Flight3_cam1-000-000056-0,-3098895.2915133215,3483481.2407977916,333.3267517089844,NkuluEP,2020-01-16,2020-01-16 14:03:43.276,14:03:43,52.662787333333334,32.99372126666667
2682,389024.611,Flight3_cam1-000-000057-0,-3098884.2399188513,3483477.165996658,333.35968017578125,NkuluEP,2020-01-16,2020-01-16 14:03:44.611,14:03:44,52.66256483333334,32.99374351666667
2683,389026.613,Flight3_cam1-000-000058-0,-3098868.3319457825,3483471.1194394003,333.3326110839844,NkuluEP,2020-01-16,2020-01-16 14:03:46.613,14:03:46,52.662231166666665,32.99377688333333
2684,389028.615,Flight3_cam1-000-000059-0,-3098851.3441359825,3483464.844141653,333.3088684082031,NkuluEP,2020-01-16,2020-01-16 14:03:48.615,14:03:48,52.6618975,32.99381025
2685,389031.151,Flight3_cam1-000-000060-0,-3098830.387670833,3483457.2423916347,333.2938232421875,NkuluEP,2020-01-16,2020-01-16 14:03:51.151,14:03:51,52.66147483333334,32.99385251666667
2686,389032.619,Flight3_cam1-000-000061-0,-3098818.570300549,3483452.8994681295,333.233154296875,NkuluEP,2020-01-16,2020-01-16 14:03:52.619,14:03:52,52.66123016666667,32.99387698333334
2687,389034.621,Flight3_cam1-000-000062-0,-3098802.178082618,3483446.7778794738,333.20001220703125,NkuluEP,2020-01-16,2020-01-16 14:03:54.621,14:03:54,52.66089650000001,32.99391035
2688,389036.623,Flight3_cam1-000-000063-0,-3098785.6988790175,3483440.622155169,333.2765197753906,NkuluEP,2020-01-16,2020-01-16 14:03:56.623,14:03:56,52.66056283333333,32.99394371666667
2689,389038.758,Flight3_cam1-000-000064-0,-3098767.82141278,3483433.807601408,333.39190673828125,NkuluEP,2020-01-16,2020-01-16 14:03:58.758,14:03:58,52.66020700000001,32.9939793
2690,389041.161,Flight3_cam1-000-000065-0,-3098747.3625734607,3483426.3506542654,333.49615478515625,NkuluEP,2020-01-16,2020-01-16 14:04:01.161,14:04:01,52.6598065,32.99401935
2691,389042.629,Flight3_cam1-000-000066-0,-3098735.3307345677,3483422.000125674,333.5284118652344,NkuluEP,2020-01-16,2020-01-16 14:04:02.629,14:04:02,52.659561833333335,32.99404381666667
2692,389044.631,Flight3_cam1-000-000067-0,-3098718.781414767,3483416.0564483125,333.56488037109375,NkuluEP,2020-01-16,2020-01-16 14:04:04.631,14:04:04,52.65922816666667,32.99407718333333
2693,389046.633,Flight3_cam1-000-000068-0,-3098701.458734336,3483409.7671750737,333.6015625,NkuluEP,2020-01-16,2020-01-16 14:04:06.633,14:04:06,52.65889450000001,32.99411055
2694,389049.169,Flight3_cam1-000-000069-0,-3098680.451094312,3483401.7451249114,333.5942077636719,NkuluEP,2020-01-16,2020-01-16 14:04:09.169,14:04:09,52.65847183333334,32.99415281666667
2695,389050.637,Flight3_cam1-000-000070-0,-3098668.693983375,3483397.4465864627,333.6036682128906,NkuluEP,2020-01-16,2020-01-16 14:04:10.637,14:04:10,52.65822716666667,32.994177283333336
2696,389052.639,Flight3_cam1-000-000071-0,-3098652.3828977766,3483391.3037958955,333.5862121582031,NkuluEP,2020-01-16,2020-01-16 14:04:12.639,14:04:12,52.6578935,32.99421065
2697,389054.641,Flight3_cam1-000-000072-0,-3098635.8576016906,3483385.087884566,333.59771728515625,NkuluEP,2020-01-16,2020-01-16 14:04:14.641,14:04:14,52.65755983333334,32.99424401666667
2698,389056.643,Flight3_cam1-000-000073-0,-3098618.3889448536,3483378.8162949644,333.5915832519531,NkuluEP,2020-01-16,2020-01-16 14:04:16.643,14:04:16,52.657226166666675,32.99427738333333
2699,389059.179,Flight3_cam1-000-000074-0,-3098597.2676793686,3483371.013476967,333.6206970214844,NkuluEP,2020-01-16,2020-01-16 14:04:19.179,14:04:19,52.6568035,32.99431965
2700,389060.647,Flight3_cam1-000-000075-0,-3098585.3813308543,3483366.6323070135,333.6285705566406,NkuluEP,2020-01-16,2020-01-16 14:04:20.647,14:04:20,52.656558833333335,32.99434411666667
2701,389062.649,Flight3_cam1-000-000076-0,-3098568.887790646,3483360.677095323,333.61077880859375,NkuluEP,2020-01-16,2020-01-16 14:04:22.649,14:04:22,52.65622516666667,32.99437748333334
2702,389064.651,Flight3_cam1-000-000077-0,-3098551.822360821,3483354.2680029855,333.6073913574219,NkuluEP,2020-01-16,2020-01-16 14:04:24.651,14:04:24,52.6558915,32.99441085
2703,389066.786,Flight3_cam1-000-000078-0,-3098534.351342233,3483349.528860473,333.65484619140625,NkuluEP,2020-01-16,2020-01-16 14:04:26.786,14:04:26,52.655535666666665,32.99444643333334
2704,389069.188,Flight3_cam1-000-000079-0,-3098512.8124234146,3483345.5651986967,333.64599609375,NkuluEP,2020-01-16,2020-01-16 14:04:29.188,14:04:29,52.655135333333334,32.99448646666667
2705,389070.657,Flight3_cam1-000-000080-0,-3098500.200304779,3483343.15980564,333.6325988769531,NkuluEP,2020-01-16,2020-01-16 14:04:30.657,14:04:30,52.6548905,32.99451095
2706,389072.659,Flight3_cam1-000-000081-0,-3098482.81955034,3483339.787993578,333.65814208984375,NkuluEP,2020-01-16,2020-01-16 14:04:32.659,14:04:32,52.65455683333334,32.99454431666667
2707,389074.661,Flight3_cam1-000-000082-0,-3098464.7653472363,3483336.3615912544,333.6602478027344,NkuluEP,2020-01-16,2020-01-16 14:04:34.661,14:04:34,52.65422316666667,32.99457768333333
2708,389077.196,Flight3_cam1-000-000083-0,-3098442.642531556,3483331.8373785564,333.6437072753906,NkuluEP,2020-01-16,2020-01-16 14:04:37.196,14:04:37,52.65380066666667,32.99461993333333
2709,389078.665,Flight3_cam1-000-000084-0,-3098430.147354337,3483329.098504362,333.63726806640625,NkuluEP,2020-01-16,2020-01-16 14:04:38.665,14:04:38,52.65355583333334,32.99464441666667
2710,389080.667,Flight3_cam1-000-000085-0,-3098412.970915146,3483325.5859060553,333.64971923828125,NkuluEP,2020-01-16,2020-01-16 14:04:40.667,14:04:40,52.653222166666666,32.99467778333334
2711,389082.669,Flight3_cam1-000-000086-0,-3098395.1156267193,3483322.0643711314,333.63397216796875,NkuluEP,2020-01-16,2020-01-16 14:04:42.669,14:04:42,52.6528885,32.99471115
2712,389084.804,Flight3_cam1-000-000087-0,-3098376.998239731,3483318.6747105992,333.6179504394531,NkuluEP,2020-01-16,2020-01-16 14:04:44.804,14:04:44,52.652532666666666,32.994746733333336
2713,389087.206,Flight3_cam1-000-000088-0,-3098355.79661898,3483314.458591963,333.5974426269531,NkuluEP,2020-01-16,2020-01-16 14:04:47.206,14:04:47,52.652132333333334,32.99478676666667
2714,389088.541,Flight3_cam1-000-000089-0,-3098344.1113356,3483312.058914793,333.64825439453125,NkuluEP,2020-01-16,2020-01-16 14:04:48.541,14:04:48,52.651909833333335,32.99480901666667
2715,389090.543,Flight3_cam1-000-000090-0,-3098326.794661829,3483308.440403192,333.7436828613281,NkuluEP,2020-01-16,2020-01-16 14:04:50.543,14:04:50,52.65157616666667,32.994842383333335
2716,389092.545,Flight3_cam1-000-000091-0,-3098309.4664288554,3483304.8871441972,333.90008544921875,NkuluEP,2020-01-16,2020-01-16 14:04:52.545,14:04:52,52.6512425,32.99487575
2717,389095.214,Flight3_cam1-000-000092-0,-3098285.6276320503,3483300.2893903446,333.7905578613281,NkuluEP,2020-01-16,2020-01-16 14:04:55.214,14:04:55,52.650797666666676,32.99492023333333
2718,389096.549,Flight3_cam1-000-000093-0,-3098274.4388605403,3483298.0396419447,333.7772521972656,NkuluEP,2020-01-16,2020-01-16 14:04:56.549,14:04:56,52.65057516666667,32.99494248333333
2719,389098.551,Flight3_cam1-000-000094-0,-3098256.5319884354,3483294.719918237,333.76287841796875,NkuluEP,2020-01-16,2020-01-16 14:04:58.551,14:04:58,52.65024150000001,32.99497585
2720,389100.553,Flight3_cam1-000-000095-0,-3098239.373125257,3483291.357861694,333.6555480957031,NkuluEP,2020-01-16,2020-01-16 14:05:00.553,14:05:00,52.64990783333333,32.995009216666666
2721,389102.822,Flight3_cam1-000-000096-0,-3098219.9056243245,3483287.297105588,333.56658935546875,NkuluEP,2020-01-16,2020-01-16 14:05:02.822,14:05:02,52.64952966666667,32.995047033333336
2722,389105.224,Flight3_cam1-000-000097-0,-3098198.341046585,3483283.169831446,333.4894714355469,NkuluEP,2020-01-16,2020-01-16 14:05:05.224,14:05:05,52.64912933333334,32.99508706666667
2723,389106.559,Flight3_cam1-000-000098-0,-3098186.5722092306,3483280.95565977,333.4501953125,NkuluEP,2020-01-16,2020-01-16 14:05:06.559,14:05:06,52.648906833333335,32.99510931666667
2724,389108.561,Flight3_cam1-000-000099-0,-3098169.347034307,3483277.3056161576,333.5411682128906,NkuluEP,2020-01-16,2020-01-16 14:05:08.561,14:05:08,52.64857316666667,32.995142683333334
2725,389110.563,Flight3_cam1-000-000100-0,-3098152.2913896926,3483273.7436944377,333.5263671875,NkuluEP,2020-01-16,2020-01-16 14:05:10.563,14:05:10,52.648239499999995,32.995176050000005
2726,389113.232,Flight3_cam1-000-000101-0,-3098128.88543565,3483269.0396324885,333.4853515625,NkuluEP,2020-01-16,2020-01-16 14:05:13.232,14:05:13,52.64779466666667,32.99522053333334
2727,389114.567,Flight3_cam1-000-000102-0,-3098117.7641648664,3483266.791937059,333.4624938964844,NkuluEP,2020-01-16,2020-01-16 14:05:14.567,14:05:14,52.64757216666667,32.99524278333333
2728,389116.569,Flight3_cam1-000-000103-0,-3098099.7177726408,3483263.4901799,333.44378662109375,NkuluEP,2020-01-16,2020-01-16 14:05:16.569,14:05:16,52.6472385,32.99527615
2729,389118.571,Flight3_cam1-000-000104-0,-3098082.352986548,3483260.394644516,333.39117431640625,NkuluEP,2020-01-16,2020-01-16 14:05:18.571,14:05:18,52.64690483333334,32.995309516666666
2730,389120.706,Flight3_cam1-000-000105-0,-3098063.559689678,3483256.6784063843,333.4739074707031,NkuluEP,2020-01-16,2020-01-16 14:05:20.706,14:05:20,52.646549,32.9953451
2731,389123.242,Flight3_cam1-000-000106-0,-3098041.3706451533,3483251.8846452255,333.5420227050781,NkuluEP,2020-01-16,2020-01-16 14:05:23.242,14:05:23,52.646126333333335,32.99538736666667
2732,389124.577,Flight3_cam1-000-000107-0,-3098029.6608583066,3483249.512436866,333.4791259765625,NkuluEP,2020-01-16,2020-01-16 14:05:24.577,14:05:24,52.645903833333335,32.99540961666667
2733,389126.579,Flight3_cam1-000-000108-0,-3098012.4283620683,3483246.315162737,333.5047607421875,NkuluEP,2020-01-16,2020-01-16 14:05:26.579,14:05:26,52.645570166666666,32.995442983333334
2734,389128.581,Flight3_cam1-000-000109-0,-3097995.190235736,3483242.934776602,333.5220642089844,NkuluEP,2020-01-16,2020-01-16 14:05:28.581,14:05:28,52.6452365,32.995476350000004
2735,389131.25,Flight3_cam1-000-000110-0,-3097971.551539521,3483238.203860899,333.5713806152344,NkuluEP,2020-01-16,2020-01-16 14:05:31.250,14:05:31,52.64479166666667,32.99552083333334
2736,389132.585,Flight3_cam1-000-000111-0,-3097959.807242635,3483235.8347971346,333.6330871582031,NkuluEP,2020-01-16,2020-01-16 14:05:32.585,14:05:32,52.64456916666666,32.99554308333334
2737,389134.587,Flight3_cam1-000-000112-0,-3097942.527506586,3483232.9085011943,333.6021423339844,NkuluEP,2020-01-16,2020-01-16 14:05:34.587,14:05:34,52.6442355,32.99557645
2738,389136.589,Flight3_cam1-000-000113-0,-3097927.1462327726,3483231.3868720825,333.5409240722656,NkuluEP,2020-01-16,2020-01-16 14:05:36.589,14:05:36,52.64390183333334,32.995609816666665
2739,389139.258,Flight3_cam1-000-000114-0,-3097926.0546767153,3483234.3671450126,333.5074157714844,NkuluEP,2020-01-16,2020-01-16 14:05:39.258,14:05:39,52.643457000000005,32.9956543
2740,389140.593,Flight3_cam1-000-000115-0,-3097933.064597053,3483237.478044434,333.28240966796875,NkuluEP,2020-01-16,2020-01-16 14:05:40.593,14:05:40,52.643234500000005,32.99567655
2741,389142.595,Flight3_cam1-000-000116-0,-3097950.5285648145,3483244.309359694,333.3638916015625,NkuluEP,2020-01-16,2020-01-16 14:05:42.595,14:05:42,52.64290083333334,32.99570991666667
2742,389144.597,Flight3_cam1-000-000117-0,-3097965.3136682226,3483250.400308692,333.24859619140625,NkuluEP,2020-01-16,2020-01-16 14:05:44.597,14:05:44,52.642567166666666,32.99574328333333
2743,389147.266,Flight3_cam1-000-000118-0,-3097984.169685946,3483257.4661236107,333.4994201660156,NkuluEP,2020-01-16,2020-01-16 14:05:47.266,14:05:47,52.64212233333333,32.995787766666666
2744,389148.601,Flight3_cam1-000-000119-0,-3097993.986763235,3483261.190582925,333.43963623046875,NkuluEP,2020-01-16,2020-01-16 14:05:48.601,14:05:48,52.64189983333333,32.99581001666667
2745,389150.603,Flight3_cam1-000-000120-0,-3098010.549692117,3483267.480652156,333.3726806640625,NkuluEP,2020-01-16,2020-01-16 14:05:50.603,14:05:50,52.64156616666667,32.99584338333334
2746,389152.605,Flight3_cam1-000-000121-0,-3098025.858265351,3483272.922514644,333.189208984375,NkuluEP,2020-01-16,2020-01-16 14:05:52.605,14:05:52,52.64123250000001,32.99587675
2747,389154.74,Flight3_cam1-000-000122-0,-3098043.390700315,3483279.3061469486,333.1255798339844,NkuluEP,2020-01-16,2020-01-16 14:05:54.740,14:05:54,52.64087666666667,32.99591233333334
2748,389157.143,Flight3_cam1-000-000123-0,-3098063.046726034,3483286.5351612912,333.1631774902344,NkuluEP,2020-01-16,2020-01-16 14:05:57.143,14:05:57,52.64047616666667,32.99595238333333
2749,389158.611,Flight3_cam1-000-000124-0,-3098074.857035997,3483291.023833485,333.17706298828125,NkuluEP,2020-01-16,2020-01-16 14:05:58.611,14:05:58,52.640231500000006,32.99597685
2750,389160.613,Flight3_cam1-000-000125-0,-3098092.39014374,3483297.3062901646,333.267822265625,NkuluEP,2020-01-16,2020-01-16 14:06:00.613,14:06:00,52.639897833333336,32.99601021666667
2751,389162.615,Flight3_cam1-000-000126-0,-3098108.8725944874,3483303.6661790633,333.3329162597656,NkuluEP,2020-01-16,2020-01-16 14:06:02.615,14:06:02,52.63956416666667,32.99604358333333
2752,389165.284,Flight3_cam1-000-000127-0,-3098131.0687980196,3483312.0563617754,333.3174133300781,NkuluEP,2020-01-16,2020-01-16 14:06:05.284,14:06:05,52.63911933333334,32.996088066666665
2753,389166.619,Flight3_cam1-000-000128-0,-3098141.5629304764,3483315.781440199,333.30743408203125,NkuluEP,2020-01-16,2020-01-16 14:06:06.619,14:06:06,52.638896833333334,32.996110316666666
2754,389168.621,Flight3_cam1-000-000129-0,-3098158.9127485855,3483321.911498728,333.6327819824219,NkuluEP,2020-01-16,2020-01-16 14:06:08.621,14:06:08,52.63856316666667,32.99614368333334
2755,389170.623,Flight3_cam1-000-000130-0,-3098175.519773752,3483327.975119252,333.7655029296875,NkuluEP,2020-01-16,2020-01-16 14:06:10.623,14:06:10,52.6382295,32.99617705
2756,389172.758,Flight3_cam1-000-000131-0,-3098193.2505509434,3483334.6566543933,333.840087890625,NkuluEP,2020-01-16,2020-01-16 14:06:12.758,14:06:12,52.63787366666667,32.996212633333336
2757,389175.16,Flight3_cam1-000-000132-0,-3098213.2314239996,3483341.7799059153,333.6556701660156,NkuluEP,2020-01-16,2020-01-16 14:06:15.160,14:06:15,52.63747333333334,32.99625266666667
2758,389177.296,Flight3_cam1-000-000133-0,-3098231.2229011627,3483348.468737958,333.5641784667969,NkuluEP,2020-01-16,2020-01-16 14:06:17.296,14:06:17,52.63711733333334,32.99628826666667
2759,389178.764,Flight3_cam1-000-000134-0,-3098243.185698511,3483352.7306843684,333.49163818359375,NkuluEP,2020-01-16,2020-01-16 14:06:18.764,14:06:18,52.63687266666666,32.99631273333333
2760,389180.633,Flight3_cam1-000-000135-0,-3098258.985637875,3483358.670242691,333.4059753417969,NkuluEP,2020-01-16,2020-01-16 14:06:20.633,14:06:20,52.636561166666674,32.99634388333333
2761,389183.168,Flight3_cam1-000-000136-0,-3098280.299006734,3483366.6534434594,333.2565002441406,NkuluEP,2020-01-16,2020-01-16 14:06:23.168,14:06:23,52.63613866666667,32.99638613333334
2762,389184.637,Flight3_cam1-000-000137-0,-3098292.208080793,3483370.997512338,333.2176513671875,NkuluEP,2020-01-16,2020-01-16 14:06:24.637,14:06:24,52.63589383333334,32.996410616666665
2763,389188.374,Flight3_cam1-000-000138-0,-3098323.0015722746,3483382.242420185,333.4543762207031,NkuluEP,2020-01-16,2020-01-16 14:06:28.374,14:06:28,52.635271,32.9964729
2764,389188.64,Flight3_cam1-000-000139-0,-3098325.658124359,3483383.217853264,333.4145812988281,NkuluEP,2020-01-16,2020-01-16 14:06:28.640,14:06:28,52.63522666666667,32.99647733333334
2765,389190.642,Flight3_cam1-000-000140-0,-3098341.9310488524,3483389.5208103457,333.5856628417969,NkuluEP,2020-01-16,2020-01-16 14:06:30.642,14:06:30,52.634893000000005,32.9965107
2766,389193.178,Flight3_cam1-000-000141-0,-3098363.1544267405,3483397.2483464507,333.21466064453125,NkuluEP,2020-01-16,2020-01-16 14:06:33.178,14:06:33,52.63447033333333,32.99655296666667
2767,389194.646,Flight3_cam1-000-000142-0,-3098375.2285216684,3483401.455432393,333.257568359375,NkuluEP,2020-01-16,2020-01-16 14:06:34.646,14:06:34,52.634225666666666,32.996577433333336
2768,389196.648,Flight3_cam1-000-000143-0,-3098392.716809851,3483408.1701200614,333.3438720703125,NkuluEP,2020-01-16,2020-01-16 14:06:36.648,14:06:36,52.633892,32.9966108
2769,389198.65,Flight3_cam1-000-000144-0,-3098408.883834388,3483414.298922432,333.2065734863281,NkuluEP,2020-01-16,2020-01-16 14:06:38.650,14:06:38,52.63355833333333,32.99664416666667
2770,389200.786,Flight3_cam1-000-000145-0,-3098426.664838111,3483420.751421616,333.0968017578125,NkuluEP,2020-01-16,2020-01-16 14:06:40.786,14:06:40,52.63320233333333,32.99667976666667
2771,389203.188,Flight3_cam1-000-000146-0,-3098446.5454071313,3483427.8529408826,333.09283447265625,NkuluEP,2020-01-16,2020-01-16 14:06:43.188,14:06:43,52.632802,32.9967198
2772,389204.656,Flight3_cam1-000-000147-0,-3098459.1653183415,3483432.512741684,332.9468994140625,NkuluEP,2020-01-16,2020-01-16 14:06:44.656,14:06:44,52.63255733333333,32.99674426666667
2773,389206.658,Flight3_cam1-000-000148-0,-3098475.935864529,3483438.5034761084,332.81500244140625,NkuluEP,2020-01-16,2020-01-16 14:06:46.658,14:06:46,52.63222366666667,32.99677763333334
2774,389208.66,Flight3_cam1-000-000149-0,-3098492.593593779,3483444.6496419236,332.72369384765625,NkuluEP,2020-01-16,2020-01-16 14:06:48.660,14:06:48,52.631890000000006,32.996811
2775,389211.196,Flight3_cam1-000-000150-0,-3098513.761302679,3483452.2546448116,332.62445068359375,NkuluEP,2020-01-16,2020-01-16 14:06:51.196,14:06:51,52.63146733333333,32.99685326666667
2776,389212.664,Flight3_cam1-000-000151-0,-3098526.4536388754,3483456.7145436564,332.619140625,NkuluEP,2020-01-16,2020-01-16 14:06:52.664,14:06:52,52.63122266666667,32.996877733333335
2777,389214.666,Flight3_cam1-000-000152-0,-3098543.0447372627,3483463.0140380682,332.4955749511719,NkuluEP,2020-01-16,2020-01-16 14:06:54.666,14:06:54,52.630888999999996,32.9969111
2778,389216.668,Flight3_cam1-000-000153-0,-3098559.4324497203,3483469.406597149,332.3590393066406,NkuluEP,2020-01-16,2020-01-16 14:06:56.668,14:06:56,52.630555333333334,32.99694446666667
2779,389219.204,Flight3_cam1-000-000154-0,-3098580.363644178,3483477.0389228817,332.29791259765625,NkuluEP,2020-01-16,2020-01-16 14:06:59.204,14:06:59,52.63013266666667,32.99698673333334
2780,389220.672,Flight3_cam1-000-000155-0,-3098592.2505425434,3483481.592664934,332.24212646484375,NkuluEP,2020-01-16,2020-01-16 14:07:00.672,14:07:00,52.629888,32.9970112
2781,389222.541,Flight3_cam1-000-000156-0,-3098608.062202093,3483487.2255809335,332.18621826171875,NkuluEP,2020-01-16,2020-01-16 14:07:02.541,14:07:02,52.6295765,32.99704235
2782,389224.543,Flight3_cam1-000-000157-0,-3098624.918658498,3483493.3827371285,332.1491394042969,NkuluEP,2020-01-16,2020-01-16 14:07:04.543,14:07:04,52.629242833333336,32.99707571666667
2783,389226.678,Flight3_cam1-000-000158-0,-3098642.715948375,3483499.9619011832,332.0217590332031,NkuluEP,2020-01-16,2020-01-16 14:07:06.678,14:07:06,52.628887,32.9971113
2784,389229.214,Flight3_cam1-000-000159-0,-3098663.75023185,3483507.55377248,331.9514465332031,NkuluEP,2020-01-16,2020-01-16 14:07:09.214,14:07:09,52.62846433333334,32.99715356666667
2785,389230.549,Flight3_cam1-000-000160-0,-3098675.1517833937,3483511.7280911654,332.0346984863281,NkuluEP,2020-01-16,2020-01-16 14:07:10.549,14:07:10,52.628241833333334,32.99717581666667
2786,389232.551,Flight3_cam1-000-000161-0,-3098691.694061792,3483517.8751567653,332.1387023925781,NkuluEP,2020-01-16,2020-01-16 14:07:12.551,14:07:12,52.62790816666667,32.99720918333333
2787,389234.553,Flight3_cam1-000-000162-0,-3098708.2247066526,3483523.9215842276,332.25445556640625,NkuluEP,2020-01-16,2020-01-16 14:07:14.553,14:07:14,52.6275745,32.99724255
2788,389237.222,Flight3_cam1-000-000163-0,-3098730.785798927,3483532.2875681054,332.39996337890625,NkuluEP,2020-01-16,2020-01-16 14:07:17.222,14:07:17,52.62712966666667,32.997287033333336
2789,389238.557,Flight3_cam1-000-000164-0,-3098741.8277466195,3483536.5898470297,332.4452819824219,NkuluEP,2020-01-16,2020-01-16 14:07:18.557,14:07:18,52.626907166666676,32.99730928333334
2790,389240.559,Flight3_cam1-000-000165-0,-3098758.380598132,3483542.541176715,332.5274353027344,NkuluEP,2020-01-16,2020-01-16 14:07:20.559,14:07:20,52.6265735,32.99734265
2791,389242.561,Flight3_cam1-000-000166-0,-3098775.139125844,3483548.698468813,332.5211181640625,NkuluEP,2020-01-16,2020-01-16 14:07:22.561,14:07:22,52.62623983333334,32.99737601666667
2792,389245.23,Flight3_cam1-000-000167-0,-3098797.3747102944,3483557.001413882,332.3140869140625,NkuluEP,2020-01-16,2020-01-16 14:07:25.230,14:07:25,52.625795000000004,32.997420500000004
2793,389246.565,Flight3_cam1-000-000168-0,-3098808.7020973223,3483561.232348265,332.2930908203125,NkuluEP,2020-01-16,2020-01-16 14:07:26.565,14:07:26,52.625572500000004,32.997442750000005
2794,389248.567,Flight3_cam1-000-000169-0,-3098825.018412535,3483567.400336208,332.495849609375,NkuluEP,2020-01-16,2020-01-16 14:07:28.567,14:07:28,52.62523883333334,32.99747611666667
2795,389250.569,Flight3_cam1-000-000170-0,-3098841.4963856884,3483573.462815308,332.6790466308594,NkuluEP,2020-01-16,2020-01-16 14:07:30.569,14:07:30,52.624905166666665,32.99750948333333
2796,389253.238,Flight3_cam1-000-000171-0,-3098864.113973795,3483581.608721513,332.82244873046875,NkuluEP,2020-01-16,2020-01-16 14:07:33.238,14:07:33,52.62446033333333,32.997553966666665
2797,389254.573,Flight3_cam1-000-000172-0,-3098875.5917936456,3483585.8820305048,332.9104919433594,NkuluEP,2020-01-16,2020-01-16 14:07:34.573,14:07:34,52.62423783333334,32.997576216666666
2798,389256.575,Flight3_cam1-000-000173-0,-3098892.2649832764,3483591.9171586432,333.0217590332031,NkuluEP,2020-01-16,2020-01-16 14:07:36.575,14:07:36,52.62390416666667,32.997609583333336
2799,389258.577,Flight3_cam1-000-000174-0,-3098908.460009758,3483598.1373457997,332.99517822265625,NkuluEP,2020-01-16,2020-01-16 14:07:38.577,14:07:38,52.62357050000001,32.99764295
2800,389260.712,Flight3_cam1-000-000175-0,-3098923.6119943084,3483610.036630023,333.21380615234375,NkuluEP,2020-01-16,2020-01-16 14:07:40.712,14:07:40,52.62321466666667,32.997678533333335
2801,389263.248,Flight3_cam1-000-000176-0,-3098929.5797715043,3483630.9048251435,333.0849609375,NkuluEP,2020-01-16,2020-01-16 14:07:43.248,14:07:43,52.622792,32.9977208
2802,389264.583,Flight3_cam1-000-000177-0,-3098927.4114033375,3483642.356288345,333.09130859375,NkuluEP,2020-01-16,2020-01-16 14:07:44.583,14:07:44,52.622569500000004,32.997743050000004
2803,389266.585,Flight3_cam1-000-000178-0,-3098921.1253964975,3483657.8840307216,332.98651123046875,NkuluEP,2020-01-16,2020-01-16 14:07:46.585,14:07:46,52.622235833333335,32.99777641666667
2804,389268.587,Flight3_cam1-000-000179-0,-3098915.9398382744,3483672.3350452287,332.8489074707031,NkuluEP,2020-01-16,2020-01-16 14:07:48.587,14:07:48,52.62190216666667,32.99780978333334
2805,389271.256,Flight3_cam1-000-000180-0,-3098904.857799099,3483692.6215848685,332.73919677734375,NkuluEP,2020-01-16,2020-01-16 14:07:51.256,14:07:51,52.62145733333334,32.99785426666667
2806,389272.591,Flight3_cam1-000-000181-0,-3098895.1552447057,3483698.8056585896,332.8084411621094,NkuluEP,2020-01-16,2020-01-16 14:07:52.591,14:07:52,52.62123483333333,32.997876516666665
2807,389274.593,Flight3_cam1-000-000182-0,-3098879.540933649,3483699.613135637,332.7290954589844,NkuluEP,2020-01-16,2020-01-16 14:07:54.593,14:07:54,52.62090116666667,32.997909883333335
2808,389276.595,Flight3_cam1-000-000183-0,-3098864.7538644136,3483694.495544716,332.6578369140625,NkuluEP,2020-01-16,2020-01-16 14:07:56.595,14:07:56,52.62056750000001,32.99794325
2809,389278.73,Flight3_cam1-000-000184-0,-3098850.150398859,3483687.902924697,332.7096862792969,NkuluEP,2020-01-16,2020-01-16 14:07:58.730,14:07:58,52.62021166666667,32.997978833333335
2810,389281.266,Flight3_cam1-000-000185-0,-3098831.116072042,3483681.223286157,332.703125,NkuluEP,2020-01-16,2020-01-16 14:08:01.266,14:08:01,52.619789000000004,32.9980211
2811,389282.601,Flight3_cam1-000-000186-0,-3098820.19697862,3483677.417674802,332.767822265625,NkuluEP,2020-01-16,2020-01-16 14:08:02.601,14:08:02,52.6195665,32.99804335
2812,389284.602,Flight3_cam1-000-000187-0,-3098803.625375141,3483671.4277789216,332.76220703125,NkuluEP,2020-01-16,2020-01-16 14:08:04.602,14:08:04,52.619233,32.9980767
2813,389286.604,Flight3_cam1-000-000188-0,-3098787.0894072545,3483665.506160344,332.7420959472656,NkuluEP,2020-01-16,2020-01-16 14:08:06.604,14:08:06,52.61889933333334,32.99811006666667
2814,389289.274,Flight3_cam1-000-000189-0,-3098764.5895861294,3483657.424264752,332.6394958496094,NkuluEP,2020-01-16,2020-01-16 14:08:09.274,14:08:09,52.61845433333334,32.99815456666667
2815,389290.608,Flight3_cam1-000-000190-0,-3098754.008918185,3483653.5033191172,332.6428527832031,NkuluEP,2020-01-16,2020-01-16 14:08:10.608,14:08:10,52.618232,32.9981768
2816,389292.61,Flight3_cam1-000-000191-0,-3098737.3710076613,3483647.402378895,332.61651611328125,NkuluEP,2020-01-16,2020-01-16 14:08:12.610,14:08:12,52.617898333333336,32.99821016666667
2817,389294.612,Flight3_cam1-000-000192-0,-3098720.175788265,3483640.997239546,332.556884765625,NkuluEP,2020-01-16,2020-01-16 14:08:14.612,14:08:14,52.61756466666667,32.99824353333334
2818,389296.748,Flight3_cam1-000-000193-0,-3098702.965019557,3483634.602975851,332.4976806640625,NkuluEP,2020-01-16,2020-01-16 14:08:16.748,14:08:16,52.61720866666666,32.998279133333334
2819,389299.15,Flight3_cam1-000-000194-0,-3098682.5963062663,3483627.2498701345,332.49530029296875,NkuluEP,2020-01-16,2020-01-16 14:08:19.150,14:08:19,52.61680833333333,32.99831916666667
2820,389300.618,Flight3_cam1-000-000195-0,-3098670.7129892497,3483622.963519023,332.486328125,NkuluEP,2020-01-16,2020-01-16 14:08:20.618,14:08:20,52.616563666666664,32.998343633333334
2821,389302.62,Flight3_cam1-000-000196-0,-3098654.111569855,3483616.879692444,332.52130126953125,NkuluEP,2020-01-16,2020-01-16 14:08:22.620,14:08:22,52.61623,32.998377
2822,389304.622,Flight3_cam1-000-000197-0,-3098636.837231166,3483610.596643555,332.53143310546875,NkuluEP,2020-01-16,2020-01-16 14:08:24.622,14:08:24,52.61589633333334,32.99841036666667
2823,389307.292,Flight3_cam1-000-000198-0,-3098615.1072501657,3483602.4789653895,332.5061340332031,NkuluEP,2020-01-16,2020-01-16 14:08:27.292,14:08:27,52.61545133333333,32.99845486666667
2824,389308.626,Flight3_cam1-000-000199-0,-3098603.8813606207,3483598.293977751,332.4996643066406,NkuluEP,2020-01-16,2020-01-16 14:08:28.626,14:08:28,52.61522900000001,32.9984771
2825,389310.628,Flight3_cam1-000-000200-0,-3098587.503485926,3483592.103852444,332.52606201171875,NkuluEP,2020-01-16,2020-01-16 14:08:30.628,14:08:30,52.61489533333333,32.998510466666666
2826,389312.63,Flight3_cam1-000-000201-0,-3098570.405309318,3483585.858990447,332.5309753417969,NkuluEP,2020-01-16,2020-01-16 14:08:32.630,14:08:32,52.61456166666667,32.998543833333336
2827,389314.766,Flight3_cam1-000-000202-0,-3098553.1425239732,3483579.54065611,332.46319580078125,NkuluEP,2020-01-16,2020-01-16 14:08:34.766,14:08:34,52.61420566666667,32.99857943333333
2828,389317.168,Flight3_cam1-000-000203-0,-3098532.579079045,3483571.984145573,332.46307373046875,NkuluEP,2020-01-16,2020-01-16 14:08:37.168,14:08:37,52.61380533333333,32.99861946666667
2829,389318.636,Flight3_cam1-000-000204-0,-3098520.678838688,3483567.587909576,332.43121337890625,NkuluEP,2020-01-16,2020-01-16 14:08:38.636,14:08:38,52.61356066666667,32.998643933333334
2830,389320.638,Flight3_cam1-000-000205-0,-3098504.214737193,3483561.755450936,332.3729248046875,NkuluEP,2020-01-16,2020-01-16 14:08:40.638,14:08:40,52.61322700000001,32.998677300000004
2831,389322.64,Flight3_cam1-000-000206-0,-3098487.0778076923,3483555.4329643925,332.3506774902344,NkuluEP,2020-01-16,2020-01-16 14:08:42.640,14:08:42,52.61289333333333,32.99871066666667
2832,389325.176,Flight3_cam1-000-000207-0,-3098465.6185812256,3483547.499341147,332.3360900878906,NkuluEP,2020-01-16,2020-01-16 14:08:45.176,14:08:45,52.612470666666674,32.998752933333336
2833,389326.644,Flight3_cam1-000-000208-0,-3098453.7613691716,3483543.090552522,332.37152099609375,NkuluEP,2020-01-16,2020-01-16 14:08:46.644,14:08:46,52.61222600000001,32.9987774
2834,389328.646,Flight3_cam1-000-000209-0,-3098437.268846634,3483536.9812082644,332.42236328125,NkuluEP,2020-01-16,2020-01-16 14:08:48.646,14:08:48,52.61189233333334,32.998810766666665
2835,389330.648,Flight3_cam1-000-000210-0,-3098420.144697713,3483530.542283648,332.37530517578125,NkuluEP,2020-01-16,2020-01-16 14:08:50.648,14:08:50,52.611558666666674,32.998844133333336
2836,389333.184,Flight3_cam1-000-000211-0,-3098399.0233968236,3483522.7047519847,332.39599609375,NkuluEP,2020-01-16,2020-01-16 14:08:53.184,14:08:53,52.611136,32.9988864
2837,389334.652,Flight3_cam1-000-000212-0,-3098387.0414357246,3483518.405105086,332.3365783691406,NkuluEP,2020-01-16,2020-01-16 14:08:54.652,14:08:54,52.610891333333335,32.99891086666667
2838,389336.654,Flight3_cam1-000-000213-0,-3098370.6013214816,3483512.6104237665,332.3034362792969,NkuluEP,2020-01-16,2020-01-16 14:08:56.654,14:08:56,52.61055766666667,32.99894423333333
2839,389338.656,Flight3_cam1-000-000214-0,-3098354.04582897,3483506.512654343,332.33868408203125,NkuluEP,2020-01-16,2020-01-16 14:08:58.656,14:08:58,52.610224,32.9989776
2840,389340.792,Flight3_cam1-000-000215-0,-3098336.281820757,3483499.496998974,332.23919677734375,NkuluEP,2020-01-16,2020-01-16 14:09:00.792,14:09:00,52.609868,32.9990132
2841,389343.194,Flight3_cam1-000-000216-0,-3098315.880635028,3483491.8976890505,332.1218566894531,NkuluEP,2020-01-16,2020-01-16 14:09:03.194,14:09:03,52.60946766666667,32.999053233333335
2842,389344.662,Flight3_cam1-000-000217-0,-3098303.829591979,3483487.710657488,332.0133361816406,NkuluEP,2020-01-16,2020-01-16 14:09:04.662,14:09:04,52.609223,32.9990777
2843,389346.664,Flight3_cam1-000-000218-0,-3098287.1397572313,3483482.0678785834,332.0230407714844,NkuluEP,2020-01-16,2020-01-16 14:09:06.664,14:09:06,52.60888933333334,32.999111066666664
2844,389348.666,Flight3_cam1-000-000219-0,-3098269.797989191,3483475.6023688423,332.0461120605469,NkuluEP,2020-01-16,2020-01-16 14:09:08.666,14:09:08,52.60855566666667,32.999144433333335
2845,389351.202,Flight3_cam1-000-000220-0,-3098248.836679601,3483467.4637132366,332.1150207519531,NkuluEP,2020-01-16,2020-01-16 14:09:11.202,14:09:11,52.608133,32.9991867
2846,389352.67,Flight3_cam1-000-000221-0,-3098236.9678453803,3483463.1809408,332.1239929199219,NkuluEP,2020-01-16,2020-01-16 14:09:12.670,14:09:12,52.607888333333335,32.99921116666667
2847,389354.672,Flight3_cam1-000-000222-0,-3098220.5102232024,3483456.9459994575,332.18798828125,NkuluEP,2020-01-16,2020-01-16 14:09:14.672,14:09:14,52.607554666666665,32.99924453333333
2848,389356.674,Flight3_cam1-000-000223-0,-3098203.2083967775,3483450.3966602255,332.196044921875,NkuluEP,2020-01-16,2020-01-16 14:09:16.674,14:09:16,52.607221,32.9992779
2849,389358.676,Flight3_cam1-000-000224-0,-3098186.5505117998,3483444.5558496816,332.2368469238281,NkuluEP,2020-01-16,2020-01-16 14:09:18.676,14:09:18,52.60688733333334,32.999311266666666
2850,389361.212,Flight3_cam1-000-000225-0,-3098165.39435416,3483436.7149083856,332.23443603515625,NkuluEP,2020-01-16,2020-01-16 14:09:21.212,14:09:21,52.60646466666667,32.999353533333334
2851,389362.547,Flight3_cam1-000-000226-0,-3098154.0360998623,3483432.7275167475,332.1870422363281,NkuluEP,2020-01-16,2020-01-16 14:09:22.547,14:09:22,52.60624216666667,32.999375783333335
2852,389364.549,Flight3_cam1-000-000227-0,-3098137.4471596805,3483426.5990002756,332.1712341308594,NkuluEP,2020-01-16,2020-01-16 14:09:24.549,14:09:24,52.605908500000005,32.99940915
2853,389366.551,Flight3_cam1-000-000228-0,-3098120.955298345,3483420.6116161263,332.226806640625,NkuluEP,2020-01-16,2020-01-16 14:09:26.551,14:09:26,52.60557483333334,32.99944251666667
2854,389369.22,Flight3_cam1-000-000229-0,-3098098.5198779404,3483412.337967548,332.1934814453125,NkuluEP,2020-01-16,2020-01-16 14:09:29.220,14:09:29,52.60513000000001,32.999487
2855,389370.555,Flight3_cam1-000-000230-0,-3098087.9758982523,3483408.5034196284,332.23193359375,NkuluEP,2020-01-16,2020-01-16 14:09:30.555,14:09:30,52.6049075,32.99950925
2856,389372.557,Flight3_cam1-000-000231-0,-3098070.643335057,3483402.154786615,332.2284240722656,NkuluEP,2020-01-16,2020-01-16 14:09:32.557,14:09:32,52.60457383333334,32.999542616666666
2857,389374.559,Flight3_cam1-000-000232-0,-3098054.098531052,3483395.99733544,332.24603271484375,NkuluEP,2020-01-16,2020-01-16 14:09:34.559,14:09:34,52.60424016666667,32.99957598333334
2858,389377.228,Flight3_cam1-000-000233-0,-3098031.7458134363,3483387.4561428106,332.23089599609375,NkuluEP,2020-01-16,2020-01-16 14:09:37.228,14:09:37,52.60379533333334,32.99962046666667
2859,389378.563,Flight3_cam1-000-000234-0,-3098021.2102601314,3483383.479832679,332.1882629394531,NkuluEP,2020-01-16,2020-01-16 14:09:38.563,14:09:38,52.60357283333333,32.99964271666667
2860,389380.564,Flight3_cam1-000-000235-0,-3098003.8793745297,3483377.1967963497,332.3208312988281,NkuluEP,2020-01-16,2020-01-16 14:09:40.564,14:09:40,52.603239333333335,32.999676066666666
2861,389382.566,Flight3_cam1-000-000236-0,-3097987.448520877,3483370.867332479,332.3782653808594,NkuluEP,2020-01-16,2020-01-16 14:09:42.566,14:09:42,52.60290566666667,32.99970943333334
2862,389384.702,Flight3_cam1-000-000237-0,-3097969.3617753596,3483364.8278241656,332.4608154296875,NkuluEP,2020-01-16,2020-01-16 14:09:44.702,14:09:44,52.60254966666667,32.99974503333333
2863,389387.238,Flight3_cam1-000-000238-0,-3097948.121335738,3483357.294573014,332.4164123535156,NkuluEP,2020-01-16,2020-01-16 14:09:47.238,14:09:47,52.602127,32.9997873
2864,389388.572,Flight3_cam1-000-000239-0,-3097937.541921915,3483353.394226189,332.304931640625,NkuluEP,2020-01-16,2020-01-16 14:09:48.572,14:09:48,52.60190466666667,32.999809533333334
2865,389390.574,Flight3_cam1-000-000240-0,-3097920.2287675687,3483347.0585371717,332.2564697265625,NkuluEP,2020-01-16,2020-01-16 14:09:50.574,14:09:50,52.601571,32.999842900000004
2866,389392.576,Flight3_cam1-000-000241-0,-3097903.704018724,3483340.73624335,332.2364501953125,NkuluEP,2020-01-16,2020-01-16 14:09:52.576,14:09:52,52.60123733333334,32.99987626666667
2867,389395.246,Flight3_cam1-000-000242-0,-3097881.4750751257,3483332.2606678503,332.2733154296875,NkuluEP,2020-01-16,2020-01-16 14:09:55.246,14:09:55,52.60079233333334,32.99992076666667
2868,389396.58,Flight3_cam1-000-000243-0,-3097870.950843638,3483328.287520392,332.2012023925781,NkuluEP,2020-01-16,2020-01-16 14:09:56.580,14:09:56,52.60057,32.999943
2869,389398.582,Flight3_cam1-000-000244-0,-3097853.7317924136,3483321.910528451,332.2254638671875,NkuluEP,2020-01-16,2020-01-16 14:09:58.582,14:09:58,52.600236333333335,32.999976366666665
2870,389400.584,Flight3_cam1-000-000245-0,-3097837.1114006853,3483316.0208618054,332.2064208984375,NkuluEP,2020-01-16,2020-01-16 14:10:00.584,14:10:00,52.59990266666667,33.000009733333336
2871,389403.254,Flight3_cam1-000-000246-0,-3097815.310493704,3483307.942987726,332.31591796875,NkuluEP,2020-01-16,2020-01-16 14:10:03.254,14:10:03,52.599457666666666,33.00005423333334
2872,389404.588,Flight3_cam1-000-000247-0,-3097804.0193476914,3483303.7883083457,332.290771484375,NkuluEP,2020-01-16,2020-01-16 14:10:04.588,14:10:04,52.59923533333334,33.00007646666667
2873,389406.59,Flight3_cam1-000-000248-0,-3097787.589054112,3483297.6606434886,332.2774963378906,NkuluEP,2020-01-16,2020-01-16 14:10:06.590,14:10:06,52.59890166666666,33.00010983333333
2874,389408.592,Flight3_cam1-000-000249-0,-3097770.3674517125,3483291.231183111,332.269775390625,NkuluEP,2020-01-16,2020-01-16 14:10:08.592,14:10:08,52.598568,33.000143200000004
2875,389410.728,Flight3_cam1-000-000250-0,-3097752.478227332,3483284.591164829,332.2640075683594,NkuluEP,2020-01-16,2020-01-16 14:10:10.728,14:10:10,52.598212000000004,33.0001788
2876,389413.13,Flight3_cam1-000-000251-0,-3097732.624128503,3483277.426262418,332.2130126953125,NkuluEP,2020-01-16,2020-01-16 14:10:13.130,14:10:13,52.597811666666665,33.000218833333335
2877,389414.598,Flight3_cam1-000-000252-0,-3097720.591677733,3483273.0065019093,332.2388610839844,NkuluEP,2020-01-16,2020-01-16 14:10:14.598,14:10:14,52.597567000000005,33.0002433
2878,389416.6,Flight3_cam1-000-000253-0,-3097703.3101943,3483266.728496283,332.238037109375,NkuluEP,2020-01-16,2020-01-16 14:10:16.600,14:10:16,52.59723333333334,33.000276666666664
2879,389418.602,Flight3_cam1-000-000254-0,-3097686.7737458693,3483260.643650927,332.2787170410156,NkuluEP,2020-01-16,2020-01-16 14:10:18.602,14:10:18,52.596899666666665,33.000310033333335
2880,389421.272,Flight3_cam1-000-000255-0,-3097664.8813747284,3483252.6319271093,332.2343444824219,NkuluEP,2020-01-16,2020-01-16 14:10:21.272,14:10:21,52.596454666666666,33.000354533333336
2881,389422.606,Flight3_cam1-000-000256-0,-3097653.6760735027,3483248.5200027013,332.18304443359375,NkuluEP,2020-01-16,2020-01-16 14:10:22.606,14:10:22,52.59623233333333,33.00037676666667
2882,389424.608,Flight3_cam1-000-000257-0,-3097637.171650243,3483242.466383457,332.14520263671875,NkuluEP,2020-01-16,2020-01-16 14:10:24.608,14:10:24,52.59589866666667,33.00041013333333
2883,389426.744,Flight3_cam1-000-000258-0,-3097619.381559753,3483235.902633902,332.0716857910156,NkuluEP,2020-01-16,2020-01-16 14:10:26.744,14:10:26,52.59554266666667,33.000445733333336
2884,389429.28,Flight3_cam1-000-000259-0,-3097598.3753678817,3483228.032772506,332.10400390625,NkuluEP,2020-01-16,2020-01-16 14:10:29.280,14:10:29,52.59512,33.000488000000004
2885,389430.614,Flight3_cam1-000-000260-0,-3097587.1428403165,3483223.8082797388,332.1007080078125,NkuluEP,2020-01-16,2020-01-16 14:10:30.614,14:10:30,52.59489766666667,33.00051023333334
2886,389432.616,Flight3_cam1-000-000261-0,-3097570.650046597,3483217.6512531927,332.04058837890625,NkuluEP,2020-01-16,2020-01-16 14:10:32.616,14:10:32,52.594564000000005,33.0005436
2887,389434.618,Flight3_cam1-000-000262-0,-3097553.415834001,3483211.286173048,332.0466003417969,NkuluEP,2020-01-16,2020-01-16 14:10:34.618,14:10:34,52.594230333333336,33.00057696666667
2888,389436.62,Flight3_cam1-000-000263-0,-3097536.7541033835,3483205.0966213983,332.0789489746094,NkuluEP,2020-01-16,2020-01-16 14:10:36.620,14:10:36,52.59389666666667,33.000610333333334
2889,389439.289,Flight3_cam1-000-000264-0,-3097514.099891937,3483197.0909413076,331.9485778808594,NkuluEP,2020-01-16,2020-01-16 14:10:39.289,14:10:39,52.59345183333334,33.00065481666667
2890,389440.624,Flight3_cam1-000-000265-0,-3097503.5835976684,3483193.5732071255,331.9394226074219,NkuluEP,2020-01-16,2020-01-16 14:10:40.624,14:10:40,52.59322933333333,33.00067706666667
2891,389442.626,Flight3_cam1-000-000266-0,-3097486.3114844337,3483187.1651978586,331.9626159667969,NkuluEP,2020-01-16,2020-01-16 14:10:42.626,14:10:42,52.59289566666667,33.00071043333333
2892,389444.628,Flight3_cam1-000-000267-0,-3097470.1345165656,3483180.5871589677,332.0278625488281,NkuluEP,2020-01-16,2020-01-16 14:10:44.628,14:10:44,52.592562,33.0007438
2893,389447.164,Flight3_cam1-000-000268-0,-3097448.847887316,3483173.0479382593,332.02117919921875,NkuluEP,2020-01-16,2020-01-16 14:10:47.164,14:10:47,52.592139333333336,33.00078606666667
2894,389448.632,Flight3_cam1-000-000269-0,-3097436.913869028,3483168.790679251,332.068115234375,NkuluEP,2020-01-16,2020-01-16 14:10:48.632,14:10:48,52.591894666666676,33.000810533333336
2895,389450.634,Flight3_cam1-000-000270-0,-3097420.2830288005,3483162.7134970548,332.08251953125,NkuluEP,2020-01-16,2020-01-16 14:10:50.634,14:10:50,52.591561,33.0008439
2896,389452.636,Flight3_cam1-000-000271-0,-3097403.155440912,3483156.168552681,332.14886474609375,NkuluEP,2020-01-16,2020-01-16 14:10:52.636,14:10:52,52.591227333333336,33.00087726666667
2897,389454.772,Flight3_cam1-000-000272-0,-3097385.1710566743,3483149.6021375326,332.1418762207031,NkuluEP,2020-01-16,2020-01-16 14:10:54.772,14:10:54,52.59087133333334,33.00091286666667
2898,389457.174,Flight3_cam1-000-000273-0,-3097365.30902187,3483142.425302744,332.17779541015625,NkuluEP,2020-01-16,2020-01-16 14:10:57.174,14:10:57,52.590471,33.0009529
2899,389458.642,Flight3_cam1-000-000274-0,-3097353.4711225,3483138.0817991756,332.1856384277344,NkuluEP,2020-01-16,2020-01-16 14:10:58.642,14:10:58,52.590226333333334,33.00097736666667
2900,389460.644,Flight3_cam1-000-000275-0,-3097336.379385489,3483131.669119873,332.2152099609375,NkuluEP,2020-01-16,2020-01-16 14:11:00.644,14:11:00,52.58989266666667,33.00101073333333
2901,389462.646,Flight3_cam1-000-000276-0,-3097319.678414469,3483126.2550346195,332.253662109375,NkuluEP,2020-01-16,2020-01-16 14:11:02.646,14:11:02,52.589559,33.0010441
2902,389465.182,Flight3_cam1-000-000277-0,-3097298.067768658,3483129.1024460224,332.2152099609375,NkuluEP,2020-01-16,2020-01-16 14:11:05.182,14:11:05,52.58913633333334,33.00108636666667
2903,389466.65,Flight3_cam1-000-000278-0,-3097289.490598962,3483137.953868102,332.1483459472656,NkuluEP,2020-01-16,2020-01-16 14:11:06.650,14:11:06,52.58889166666667,33.001110833333335
2904,389468.652,Flight3_cam1-000-000279-0,-3097283.1248976407,3483155.0978102875,332.1650085449219,NkuluEP,2020-01-16,2020-01-16 14:11:08.652,14:11:08,52.588558,33.0011442
2905,389470.654,Flight3_cam1-000-000280-0,-3097279.7072743447,3483172.700532017,332.1319580078125,NkuluEP,2020-01-16,2020-01-16 14:11:10.654,14:11:10,52.588224333333336,33.00117756666667
2906,389473.19,Flight3_cam1-000-000281-0,-3097275.2046466973,3483191.241872597,332.02264404296875,NkuluEP,2020-01-16,2020-01-16 14:11:13.190,14:11:13,52.58780166666667,33.00121983333334
2907,389474.658,Flight3_cam1-000-000282-0,-3097275.2323203003,3483203.065728246,331.9765930175781,NkuluEP,2020-01-16,2020-01-16 14:11:14.658,14:11:14,52.587557000000004,33.0012443
2908,389476.66,Flight3_cam1-000-000283-0,-3097282.2907676436,3483218.7747143516,332.0753479003906,NkuluEP,2020-01-16,2020-01-16 14:11:16.660,14:11:16,52.58722333333334,33.00127766666667
2909,389478.662,Flight3_cam1-000-000284-0,-3097297.4400118366,3483229.898677934,331.9970703125,NkuluEP,2020-01-16,2020-01-16 14:11:18.662,14:11:18,52.586889666666664,33.00131103333334
2910,389480.797,Flight3_cam1-000-000285-0,-3097314.231963762,3483235.617422484,331.8962707519531,NkuluEP,2020-01-16,2020-01-16 14:11:20.797,14:11:20,52.586533833333334,33.001346616666666
2911,389483.2,Flight3_cam1-000-000286-0,-3097331.952786557,3483241.926095032,331.8788757324219,NkuluEP,2020-01-16,2020-01-16 14:11:23.200,14:11:23,52.586133333333336,33.00138666666667
2912,389484.668,Flight3_cam1-000-000287-0,-3097342.8972389954,3483246.0643077088,331.8899230957031,NkuluEP,2020-01-16,2020-01-16 14:11:24.668,14:11:24,52.58588866666667,33.001411133333335
2913,389486.67,Flight3_cam1-000-000288-0,-3097358.727968462,3483252.0623628595,331.9099426269531,NkuluEP,2020-01-16,2020-01-16 14:11:26.670,14:11:26,52.58555500000001,33.0014445
2914,389488.672,Flight3_cam1-000-000289-0,-3097375.598639995,3483258.4057105896,331.9527587890625,NkuluEP,2020-01-16,2020-01-16 14:11:28.672,14:11:28,52.58522133333333,33.00147786666667
2915,389491.208,Flight3_cam1-000-000290-0,-3097396.7344766757,3483266.241358957,332.0294494628906,NkuluEP,2020-01-16,2020-01-16 14:11:31.208,14:11:31,52.58479866666667,33.00152013333334
2916,389492.676,Flight3_cam1-000-000291-0,-3097408.647033981,3483270.764444876,332.0460510253906,NkuluEP,2020-01-16,2020-01-16 14:11:32.676,14:11:32,52.584554000000004,33.0015446
2917,389494.678,Flight3_cam1-000-000292-0,-3097425.00715487,3483276.876646872,331.95074462890625,NkuluEP,2020-01-16,2020-01-16 14:11:34.678,14:11:34,52.584220333333334,33.001577966666666
2918,389496.68,Flight3_cam1-000-000293-0,-3097441.871970729,3483283.4470134806,331.93963623046875,NkuluEP,2020-01-16,2020-01-16 14:11:36.680,14:11:36,52.58388666666667,33.00161133333334
2919,389498.682,Flight3_cam1-000-000294-0,-3097458.2514027543,3483289.492599303,331.9990234375,NkuluEP,2020-01-16,2020-01-16 14:11:38.682,14:11:38,52.58355300000001,33.0016447
2920,389501.218,Flight3_cam1-000-000295-0,-3097479.5883454275,3483296.9912688457,332.00054931640625,NkuluEP,2020-01-16,2020-01-16 14:11:41.218,14:11:41,52.58313033333334,33.00168696666667
2921,389502.552,Flight3_cam1-000-000296-0,-3097490.8894032664,3483301.1369907083,331.9921569824219,NkuluEP,2020-01-16,2020-01-16 14:11:42.552,14:11:42,52.582907999999996,33.0017092
2922,389504.554,Flight3_cam1-000-000297-0,-3097507.4537844476,3483307.240515452,332.05401611328125,NkuluEP,2020-01-16,2020-01-16 14:11:44.554,14:11:44,52.58257433333333,33.00174256666667
2923,389506.556,Flight3_cam1-000-000298-0,-3097523.9211085937,3483313.357008479,332.1069030761719,NkuluEP,2020-01-16,2020-01-16 14:11:46.556,14:11:46,52.58224066666667,33.001775933333334
2924,389509.226,Flight3_cam1-000-000299-0,-3097546.22399399,3483321.306758904,332.09393310546875,NkuluEP,2020-01-16,2020-01-16 14:11:49.226,14:11:49,52.581795666666665,33.001820433333336
2925,389510.56,Flight3_cam1-000-000300-0,-3097556.8605346573,3483325.042155307,332.0877685546875,NkuluEP,2020-01-16,2020-01-16 14:11:50.560,14:11:50,52.58157333333334,33.00184266666667
2926,389512.562,Flight3_cam1-000-000301-0,-3097574.1834848695,3483331.484031126,331.992431640625,NkuluEP,2020-01-16,2020-01-16 14:11:52.562,14:11:52,52.581239666666676,33.00187603333333
2927,389514.564,Flight3_cam1-000-000302-0,-3097590.529390291,3483337.8966650725,331.9407043457031,NkuluEP,2020-01-16,2020-01-16 14:11:54.564,14:11:54,52.580906,33.0019094
2928,389516.7,Flight3_cam1-000-000303-0,-3097608.281446943,3483344.747163734,331.97161865234375,NkuluEP,2020-01-16,2020-01-16 14:11:56.700,14:11:56,52.58055,33.001945
2929,389519.236,Flight3_cam1-000-000304-0,-3097629.3872036613,3483352.443134948,331.9671325683594,NkuluEP,2020-01-16,2020-01-16 14:11:59.236,14:11:59,52.58012733333334,33.00198726666667
2930,389520.57,Flight3_cam1-000-000305-0,-3097640.553590511,3483356.5143729863,331.8797302246094,NkuluEP,2020-01-16,2020-01-16 14:12:00.570,14:12:00,52.579905000000004,33.0020095
2931,389522.572,Flight3_cam1-000-000306-0,-3097656.983153188,3483362.5108898124,331.8160095214844,NkuluEP,2020-01-16,2020-01-16 14:12:02.572,14:12:02,52.57957133333334,33.00204286666667
2932,389524.574,Flight3_cam1-000-000307-0,-3097673.375032409,3483368.6464286163,331.8304748535156,NkuluEP,2020-01-16,2020-01-16 14:12:04.574,14:12:04,52.579237666666664,33.002076233333334
2933,389527.244,Flight3_cam1-000-000308-0,-3097696.053998908,3483376.823883035,331.8543395996094,NkuluEP,2020-01-16,2020-01-16 14:12:07.244,14:12:07,52.578792666666665,33.002120733333335
2934,389528.578,Flight3_cam1-000-000309-0,-3097707.2657386526,3483380.948640693,331.9683837890625,NkuluEP,2020-01-16,2020-01-16 14:12:08.578,14:12:08,52.57857033333334,33.00214296666667
2935,389530.58,Flight3_cam1-000-000310-0,-3097723.8485425757,3483386.999333363,331.9955749511719,NkuluEP,2020-01-16,2020-01-16 14:12:10.580,14:12:10,52.57823666666667,33.00217633333333
2936,389532.582,Flight3_cam1-000-000311-0,-3097740.4636073597,3483393.0736168176,331.903076171875,NkuluEP,2020-01-16,2020-01-16 14:12:12.582,14:12:12,52.577903000000006,33.0022097
2937,389535.251,Flight3_cam1-000-000312-0,-3097762.6965154596,3483401.8182728966,331.78155517578125,NkuluEP,2020-01-16,2020-01-16 14:12:15.251,14:12:15,52.57745816666667,33.002254183333335
2938,389536.586,Flight3_cam1-000-000313-0,-3097773.480495277,3483405.794253224,331.7239074707031,NkuluEP,2020-01-16,2020-01-16 14:12:16.586,14:12:16,52.57723566666667,33.002276433333336
2939,389538.588,Flight3_cam1-000-000314-0,-3097790.8849186143,3483411.6561686606,331.6924743652344,NkuluEP,2020-01-16,2020-01-16 14:12:18.588,14:12:18,52.576902000000004,33.0023098
2940,389540.59,Flight3_cam1-000-000315-0,-3097807.4895479907,3483417.731126069,331.6275634765625,NkuluEP,2020-01-16,2020-01-16 14:12:20.590,14:12:20,52.576568333333334,33.00234316666667
2941,389542.726,Flight3_cam1-000-000316-0,-3097825.280710421,3483424.460789075,331.56072998046875,NkuluEP,2020-01-16,2020-01-16 14:12:22.726,14:12:22,52.57621233333333,33.002378766666666
2942,389545.261,Flight3_cam1-000-000317-0,-3097845.9352304097,3483432.040604758,331.55035400390625,NkuluEP,2020-01-16,2020-01-16 14:12:25.261,14:12:25,52.57578983333334,33.002421016666666
2943,389546.596,Flight3_cam1-000-000318-0,-3097857.1802121555,3483436.1640626085,331.64056396484375,NkuluEP,2020-01-16,2020-01-16 14:12:26.596,14:12:26,52.57556733333333,33.00244326666667
2944,389548.598,Flight3_cam1-000-000319-0,-3097873.9528471963,3483442.3586943964,331.76898193359375,NkuluEP,2020-01-16,2020-01-16 14:12:28.598,14:12:28,52.57523366666667,33.00247663333334
2945,389550.6,Flight3_cam1-000-000320-0,-3097890.6440622355,3483448.6035745516,331.78021240234375,NkuluEP,2020-01-16,2020-01-16 14:12:30.600,14:12:30,52.57490000000001,33.00251
2946,389553.269,Flight3_cam1-000-000321-0,-3097913.036177995,3483456.972784535,331.9409484863281,NkuluEP,2020-01-16,2020-01-16 14:12:33.269,14:12:33,52.574455166666674,33.002554483333334
2947,389554.604,Flight3_cam1-000-000322-0,-3097923.7403463274,3483460.747817164,331.9770812988281,NkuluEP,2020-01-16,2020-01-16 14:12:34.604,14:12:34,52.57423266666667,33.002576733333335
2948,389556.606,Flight3_cam1-000-000323-0,-3097941.122036556,3483467.0595422136,331.97265625,NkuluEP,2020-01-16,2020-01-16 14:12:36.606,14:12:36,52.573899,33.0026101
2949,389558.608,Flight3_cam1-000-000324-0,-3097957.7133423947,3483473.035815349,332.008056640625,NkuluEP,2020-01-16,2020-01-16 14:12:38.608,14:12:38,52.573565333333335,33.00264346666667
2950,389560.743,Flight3_cam1-000-000325-0,-3097975.5920432582,3483479.667894381,331.998291015625,NkuluEP,2020-01-16,2020-01-16 14:12:40.743,14:12:40,52.5732095,33.002679050000005
2951,389563.146,Flight3_cam1-000-000326-0,-3097995.309765053,3483486.9481256683,332.0541687011719,NkuluEP,2020-01-16,2020-01-16 14:12:43.146,14:12:43,52.572809,33.0027191
2952,389564.614,Flight3_cam1-000-000327-0,-3098007.870235357,3483491.6171636074,332.0495300292969,NkuluEP,2020-01-16,2020-01-16 14:12:44.614,14:12:44,52.57256433333333,33.002743566666666
2953,389566.616,Flight3_cam1-000-000328-0,-3098024.2915616934,3483497.7188646914,332.0135192871094,NkuluEP,2020-01-16,2020-01-16 14:12:46.616,14:12:46,52.57223066666667,33.00277693333334
2954,389568.618,Flight3_cam1-000-000329-0,-3098040.8820192385,3483503.7923037773,332.0010681152344,NkuluEP,2020-01-16,2020-01-16 14:12:48.618,14:12:48,52.571897,33.0028103
2955,389571.287,Flight3_cam1-000-000330-0,-3098063.394177409,3483512.0992309386,332.0309143066406,NkuluEP,2020-01-16,2020-01-16 14:12:51.287,14:12:51,52.57145216666667,33.00285478333333
2956,389572.622,Flight3_cam1-000-000331-0,-3098074.0983084394,3483515.9097662657,332.072509765625,NkuluEP,2020-01-16,2020-01-16 14:12:52.622,14:12:52,52.571229666666675,33.002877033333334
2957,389574.624,Flight3_cam1-000-000332-0,-3098091.4201859236,3483522.135996504,332.05364990234375,NkuluEP,2020-01-16,2020-01-16 14:12:54.624,14:12:54,52.570896,33.002910400000005
2958,389576.626,Flight3_cam1-000-000333-0,-3098108.0662627104,3483528.2048427095,332.116943359375,NkuluEP,2020-01-16,2020-01-16 14:12:56.626,14:12:56,52.570562333333335,33.00294376666667
2959,389579.162,Flight3_cam1-000-000334-0,-3098129.093321834,3483536.165401643,332.00787353515625,NkuluEP,2020-01-16,2020-01-16 14:12:59.162,14:12:59,52.57013966666667,33.002986033333336
2960,389580.63,Flight3_cam1-000-000335-0,-3098141.021595223,3483540.2447068673,332.03302001953125,NkuluEP,2020-01-16,2020-01-16 14:13:00.630,14:13:00,52.569895,33.0030105
2961,389582.632,Flight3_cam1-000-000336-0,-3098158.2654668614,3483546.6885068025,331.9985656738281,NkuluEP,2020-01-16,2020-01-16 14:13:02.632,14:13:02,52.56956133333334,33.003043866666665
2962,389584.634,Flight3_cam1-000-000337-0,-3098174.7204296463,3483552.759679809,332.0445556640625,NkuluEP,2020-01-16,2020-01-16 14:13:04.634,14:13:04,52.56922766666666,33.003077233333336
2963,389586.769,Flight3_cam1-000-000338-0,-3098192.744864515,3483559.6243563946,331.9619445800781,NkuluEP,2020-01-16,2020-01-16 14:13:06.769,14:13:06,52.56887183333334,33.003112816666665
2964,389589.172,Flight3_cam1-000-000339-0,-3098212.687422779,3483566.980045255,331.876220703125,NkuluEP,2020-01-16,2020-01-16 14:13:09.172,14:13:09,52.568471333333335,33.00315286666667
2965,389590.64,Flight3_cam1-000-000340-0,-3098224.7664126204,3483571.2288120175,331.77691650390625,NkuluEP,2020-01-16,2020-01-16 14:13:10.640,14:13:10,52.56822666666667,33.00317733333333
2966,389592.642,Flight3_cam1-000-000341-0,-3098242.2294948427,3483577.304877625,331.6441345214844,NkuluEP,2020-01-16,2020-01-16 14:13:12.642,14:13:12,52.567893000000005,33.003210700000004
2967,389594.644,Flight3_cam1-000-000342-0,-3098258.5159899127,3483583.174668272,331.5218505859375,NkuluEP,2020-01-16,2020-01-16 14:13:14.644,14:13:14,52.56755933333334,33.00324406666667
2968,389597.18,Flight3_cam1-000-000343-0,-3098279.3370518107,3483591.5773182698,331.5226745605469,NkuluEP,2020-01-16,2020-01-16 14:13:17.180,14:13:17,52.56713666666667,33.003286333333335
2969,389598.648,Flight3_cam1-000-000344-0,-3098291.32409663,3483595.9958120533,331.47052001953125,NkuluEP,2020-01-16,2020-01-16 14:13:18.648,14:13:18,52.566892,33.0033108
2970,389600.65,Flight3_cam1-000-000345-0,-3098308.69047272,3483602.228028048,331.402099609375,NkuluEP,2020-01-16,2020-01-16 14:13:20.650,14:13:20,52.56655833333333,33.003344166666665
2971,389602.652,Flight3_cam1-000-000346-0,-3098325.269936464,3483608.2308442234,331.2635803222656,NkuluEP,2020-01-16,2020-01-16 14:13:22.652,14:13:22,52.56622466666667,33.003377533333335
2972,389604.787,Flight3_cam1-000-000347-0,-3098342.6598066106,3483614.922779149,331.1632385253906,NkuluEP,2020-01-16,2020-01-16 14:13:24.787,14:13:24,52.56586883333333,33.00341311666667
2973,389607.19,Flight3_cam1-000-000348-0,-3098362.1713493117,3483622.4615516835,331.1441345214844,NkuluEP,2020-01-16,2020-01-16 14:13:27.190,14:13:27,52.565468333333335,33.00345316666667
2974,389608.658,Flight3_cam1-000-000349-0,-3098374.8668186534,3483626.9676202647,331.12548828125,NkuluEP,2020-01-16,2020-01-16 14:13:28.658,14:13:28,52.56522366666667,33.00347763333333
2975,389610.66,Flight3_cam1-000-000350-0,-3098391.628665373,3483632.879563011,331.15765380859375,NkuluEP,2020-01-16,2020-01-16 14:13:30.660,14:13:30,52.564890000000005,33.003511
2976,389612.662,Flight3_cam1-000-000351-0,-3098408.3353018723,3483639.045179893,331.14227294921875,NkuluEP,2020-01-16,2020-01-16 14:13:32.662,14:13:32,52.564556333333336,33.00354436666667
2977,389615.198,Flight3_cam1-000-000352-0,-3098429.1951400163,3483646.6020551,331.20587158203125,NkuluEP,2020-01-16,2020-01-16 14:13:35.198,14:13:35,52.56413366666667,33.003586633333335
2978,389616.666,Flight3_cam1-000-000353-0,-3098441.032003421,3483650.9704579213,331.3138427734375,NkuluEP,2020-01-16,2020-01-16 14:13:36.666,14:13:36,52.563888999999996,33.0036111
2979,389618.668,Flight3_cam1-000-000354-0,-3098458.288238686,3483657.280618582,331.4075012207031,NkuluEP,2020-01-16,2020-01-16 14:13:38.668,14:13:38,52.56355533333333,33.00364446666667
2980,389620.67,Flight3_cam1-000-000355-0,-3098474.906718764,3483663.3352831714,331.47265625,NkuluEP,2020-01-16,2020-01-16 14:13:40.670,14:13:40,52.56322166666667,33.003677833333334
2981,389622.805,Flight3_cam1-000-000356-0,-3098492.765631291,3483670.0953691225,331.52020263671875,NkuluEP,2020-01-16,2020-01-16 14:13:42.805,14:13:42,52.56286583333334,33.00371341666667
2982,389625.208,Flight3_cam1-000-000357-0,-3098512.5326225082,3483677.602338133,331.6531677246094,NkuluEP,2020-01-16,2020-01-16 14:13:45.208,14:13:45,52.562465333333336,33.003753466666666
2983,389626.676,Flight3_cam1-000-000358-0,-3098525.195393519,3483682.1578513347,331.7054138183594,NkuluEP,2020-01-16,2020-01-16 14:13:46.676,14:13:46,52.562220666666676,33.00377793333333
2984,389628.678,Flight3_cam1-000-000359-0,-3098541.723496758,3483688.0502286744,331.7215881347656,NkuluEP,2020-01-16,2020-01-16 14:13:48.678,14:13:48,52.561887,33.0038113
2985,389630.68,Flight3_cam1-000-000360-0,-3098558.302507422,3483694.067251166,331.73773193359375,NkuluEP,2020-01-16,2020-01-16 14:13:50.680,14:13:50,52.561553333333336,33.003844666666666
2986,389633.215,Flight3_cam1-000-000361-0,-3098579.4982436,3483702.0356303263,331.7197265625,NkuluEP,2020-01-16,2020-01-16 14:13:53.215,14:13:53,52.56113083333333,33.003886916666666
2987,389634.684,Flight3_cam1-000-000362-0,-3098591.471512924,3483706.5271037114,331.6599426269531,NkuluEP,2020-01-16,2020-01-16 14:13:54.684,14:13:54,52.560886,33.0039114
2988,389636.686,Flight3_cam1-000-000363-0,-3098608.8544756556,3483712.7197481785,331.5691223144531,NkuluEP,2020-01-16,2020-01-16 14:13:56.686,14:13:56,52.56055233333334,33.00394476666667
2989,389638.554,Flight3_cam1-000-000364-0,-3098623.8988779313,3483718.4564313693,331.63580322265625,NkuluEP,2020-01-16,2020-01-16 14:13:58.554,14:13:58,52.560241000000005,33.0039759
2990,389640.69,Flight3_cam1-000-000365-0,-3098641.674098257,3483724.6904088496,331.73297119140625,NkuluEP,2020-01-16,2020-01-16 14:14:00.690,14:14:00,52.559885,33.004011500000004
2991,389643.225,Flight3_cam1-000-000366-0,-3098662.962758609,3483732.675425377,331.7363586425781,NkuluEP,2020-01-16,2020-01-16 14:14:03.225,14:14:03,52.55946250000001,33.00405375
2992,389644.56,Flight3_cam1-000-000367-0,-3098674.323354826,3483736.873308784,331.740966796875,NkuluEP,2020-01-16,2020-01-16 14:14:04.560,14:14:04,52.55924,33.004076
2993,389646.562,Flight3_cam1-000-000368-0,-3098690.890999288,3483742.805901985,331.6908874511719,NkuluEP,2020-01-16,2020-01-16 14:14:06.562,14:14:06,52.55890633333334,33.00410936666667
2994,389648.564,Flight3_cam1-000-000369-0,-3098707.2805307107,3483748.8481793813,331.6601867675781,NkuluEP,2020-01-16,2020-01-16 14:14:08.564,14:14:08,52.55857266666667,33.00414273333333
2995,389651.233,Flight3_cam1-000-000370-0,-3098729.526194896,3483757.292006982,331.6631774902344,NkuluEP,2020-01-16,2020-01-16 14:14:11.233,14:14:11,52.55812783333334,33.004187216666665
2996,389652.568,Flight3_cam1-000-000371-0,-3098740.839963132,3483761.4178038733,331.7240905761719,NkuluEP,2020-01-16,2020-01-16 14:14:12.568,14:14:12,52.55790533333333,33.004209466666666
2997,389654.57,Flight3_cam1-000-000372-0,-3098757.496380894,3483767.4620642513,331.7215881347656,NkuluEP,2020-01-16,2020-01-16 14:14:14.570,14:14:14,52.55757166666667,33.004242833333336
2998,389656.572,Flight3_cam1-000-000373-0,-3098774.1375418296,3483773.6119855936,331.74481201171875,NkuluEP,2020-01-16,2020-01-16 14:14:16.572,14:14:16,52.557238000000005,33.0042762
2999,389659.241,Flight3_cam1-000-000374-0,-3098796.830561608,3483781.9163844585,331.6588439941406,NkuluEP,2020-01-16,2020-01-16 14:14:19.241,14:14:19,52.55679316666667,33.00432068333333
3000,389660.576,Flight3_cam1-000-000375-0,-3098808.0420682137,3483786.0319046876,331.59747314453125,NkuluEP,2020-01-16,2020-01-16 14:14:20.576,14:14:20,52.556570666666666,33.004342933333334
3001,389662.578,Flight3_cam1-000-000376-0,-3098824.295275623,3483791.928419721,331.63714599609375,NkuluEP,2020-01-16,2020-01-16 14:14:22.578,14:14:22,52.556237,33.0043763
3002,389664.58,Flight3_cam1-000-000377-0,-3098840.7050432027,3483798.0107012345,331.7093811035156,NkuluEP,2020-01-16,2020-01-16 14:14:24.580,14:14:24,52.55590333333333,33.00440966666667
3003,389666.715,Flight3_cam1-000-000378-0,-3098855.8060362604,3483808.7427853984,331.75726318359375,NkuluEP,2020-01-16,2020-01-16 14:14:26.715,14:14:26,52.555547499999996,33.00444525
3004,389669.251,Flight3_cam1-000-000379-0,-3098862.889698707,3483829.513316845,331.6184387207031,NkuluEP,2020-01-16,2020-01-16 14:14:29.251,14:14:29,52.55512483333334,33.004487516666664
3005,389670.586,Flight3_cam1-000-000380-0,-3098860.701564156,3483841.6991671184,331.5733642578125,NkuluEP,2020-01-16,2020-01-16 14:14:30.586,14:14:30,52.55490233333333,33.004509766666665
3006,389672.588,Flight3_cam1-000-000381-0,-3098854.648680415,3483856.8096151245,331.5496520996094,NkuluEP,2020-01-16,2020-01-16 14:14:32.588,14:14:32,52.55456866666667,33.004543133333335
3007,389674.59,Flight3_cam1-000-000382-0,-3098850.227747597,3483871.087592497,331.4962463378906,NkuluEP,2020-01-16,2020-01-16 14:14:34.590,14:14:34,52.554235,33.0045765
3008,389677.259,Flight3_cam1-000-000383-0,-3098839.623775071,3483892.1051920243,331.3901062011719,NkuluEP,2020-01-16,2020-01-16 14:14:37.259,14:14:37,52.553790166666666,33.00462098333333
3009,389678.594,Flight3_cam1-000-000384-0,-3098829.7252871767,3483899.017662375,331.2977294921875,NkuluEP,2020-01-16,2020-01-16 14:14:38.594,14:14:38,52.55356766666667,33.00464323333333
3010,389680.596,Flight3_cam1-000-000385-0,-3098815.5507704145,3483900.2977548875,330.8984375,NkuluEP,2020-01-16,2020-01-16 14:14:40.596,14:14:40,52.553233999999996,33.0046766
3011,389682.598,Flight3_cam1-000-000386-0,-3098800.7539302036,3483895.673129585,330.91912841796875,NkuluEP,2020-01-16,2020-01-16 14:14:42.598,14:14:42,52.55290033333333,33.00470996666667
3012,389684.733,Flight3_cam1-000-000387-0,-3098784.5820956286,3483888.695012017,331.04412841796875,NkuluEP,2020-01-16,2020-01-16 14:14:44.733,14:14:44,52.5525445,33.00474555
3013,389687.269,Flight3_cam1-000-000388-0,-3098765.441116846,3483882.075966539,331.13800048828125,NkuluEP,2020-01-16,2020-01-16 14:14:47.269,14:14:47,52.55212183333334,33.00478781666666
3014,389688.604,Flight3_cam1-000-000389-0,-3098757.88274736,3483878.9300938044,331.189697265625,NkuluEP,2020-01-16,2020-01-16 14:14:48.604,14:14:48,52.55189933333334,33.004810066666664
3015,389690.606,Flight3_cam1-000-000390-0,-3098737.861446598,3483872.520958919,331.2711181640625,NkuluEP,2020-01-16,2020-01-16 14:14:50.606,14:14:50,52.55156566666666,33.004843433333335
3016,389692.608,Flight3_cam1-000-000391-0,-3098705.3836265136,3483870.3620048305,331.4530944824219,NkuluEP,2020-01-16,2020-01-16 14:14:52.608,14:14:52,52.551232,33.0048768
3017,389695.277,Flight3_cam1-000-000392-0,-3098652.938663767,3483876.7644604365,331.1926574707031,NkuluEP,2020-01-16,2020-01-16 14:14:55.277,14:14:55,52.550787166666666,33.00492128333333
3018,389696.612,Flight3_cam1-000-000393-0,-3098624.6965956343,3483879.045855456,330.97955322265625,NkuluEP,2020-01-16,2020-01-16 14:14:56.612,14:14:56,52.550564666666666,33.00494353333333
3019,389698.614,Flight3_cam1-000-000394-0,-3098582.9682774455,3483882.1070768167,330.5985107421875,NkuluEP,2020-01-16,2020-01-16 14:14:58.614,14:14:58,52.550231000000004,33.0049769
3020,389700.616,Flight3_cam1-000-000395-0,-3098541.104335467,3483884.8231459893,329.8616638183594,NkuluEP,2020-01-16,2020-01-16 14:15:00.616,14:15:00,52.54989733333334,33.005010266666666
3021,389703.285,Flight3_cam1-000-000396-0,-3098484.1603351585,3483887.945560759,328.315185546875,NkuluEP,2020-01-16,2020-01-16 14:15:03.285,14:15:03,52.54945250000001,33.00505475
3022,389704.62,Flight3_cam1-000-000397-0,-3098458.492033436,3483889.2179444,328.089111328125,NkuluEP,2020-01-16,2020-01-16 14:15:04.620,14:15:04,52.54923,33.005077
3023,389706.622,Flight3_cam1-000-000398-0,-3098431.422158063,3483889.5826511467,327.6973876953125,NkuluEP,2020-01-16,2020-01-16 14:15:06.622,14:15:06,52.54889633333334,33.00511036666667
3024,389708.624,Flight3_cam1-000-000399-0,-3098410.518897494,3483889.5521506066,327.55584716796875,NkuluEP,2020-01-16,2020-01-16 14:15:08.624,14:15:08,52.54856266666667,33.005143733333334
3025,389711.16,Flight3_cam1-000-000400-0,-3098376.33081367,3483889.9651624467,325.9873046875,NkuluEP,2020-01-16,2020-01-16 14:15:11.160,14:15:11,52.548140000000004,33.005186
3026,389712.628,Flight3_cam1-000-000401-0,-3098356.4980573226,3483890.3384933313,324.04339599609375,NkuluEP,2020-01-16,2020-01-16 14:15:12.628,14:15:12,52.54789533333333,33.00521046666667
3027,389714.63,Flight3_cam1-000-000402-0,-3098333.520971895,3483890.8624381935,321.1978454589844,NkuluEP,2020-01-16,2020-01-16 14:15:14.630,14:15:14,52.54756166666667,33.00524383333333
3028,389716.632,Flight3_cam1-000-000403-0,-3098309.7895157295,3483893.3781655733,318.6249084472656,NkuluEP,2020-01-16,2020-01-16 14:15:16.632,14:15:16,52.547228000000004,33.0052772
3029,389718.767,Flight3_cam1-000-000404-0,-3098283.6339816926,3483896.0655299444,315.424072265625,NkuluEP,2020-01-16,2020-01-16 14:15:18.767,14:15:18,52.546872166666674,33.00531278333333
3030,389721.169,Flight3_cam1-000-000405-0,-3098255.0549542853,3483898.8237335263,311.5055236816406,NkuluEP,2020-01-16,2020-01-16 14:15:21.169,14:15:21,52.546471833333335,33.005352816666665
3031,389722.638,Flight3_cam1-000-000406-0,-3098237.0435844967,3483900.440672494,308.89849853515625,NkuluEP,2020-01-16,2020-01-16 14:15:22.638,14:15:22,52.54622700000001,33.0053773
3032,390095.541,Flight3_cam1-001-000000-0,-3098017.2389489408,3483924.5535759083,254.7130584716797,NkuluEP,2020-01-16,2020-01-16 14:21:35.541,14:21:35,52.4840765,33.01159235
3033,390096.876,Flight3_cam1-001-000001-0,-3098022.3403027947,3483919.964438665,258.5443420410156,NkuluEP,2020-01-16,2020-01-16 14:21:36.876,14:21:36,52.483854,33.0116146
3034,390098.878,Flight3_cam1-001-000002-0,-3098028.0155679216,3483911.624721344,263.6886291503906,NkuluEP,2020-01-16,2020-01-16 14:21:38.878,14:21:38,52.48352033333333,33.011647966666665
3035,390100.88,Flight3_cam1-001-000003-0,-3098031.834422933,3483904.225118644,268.2725524902344,NkuluEP,2020-01-16,2020-01-16 14:21:40.880,14:21:40,52.48318666666667,33.011681333333335
3036,390103.549,Flight3_cam1-001-000004-0,-3098036.248645156,3483895.1191386296,269.0032958984375,NkuluEP,2020-01-16,2020-01-16 14:21:43.549,14:21:43,52.482741833333336,33.01172581666667
3037,390104.884,Flight3_cam1-001-000005-0,-3098037.818547054,3483891.6304203942,268.93377685546875,NkuluEP,2020-01-16,2020-01-16 14:21:44.884,14:21:44,52.48251933333333,33.01174806666667
3038,390106.886,Flight3_cam1-001-000006-0,-3098040.570412281,3483887.4613399026,269.6061096191406,NkuluEP,2020-01-16,2020-01-16 14:21:46.886,14:21:46,52.482185666666666,33.01178143333333
3039,390108.888,Flight3_cam1-001-000007-0,-3098046.722512948,3483883.3313414184,271.6200256347656,NkuluEP,2020-01-16,2020-01-16 14:21:48.888,14:21:48,52.481852,33.0118148
3040,390111.023,Flight3_cam1-001-000008-0,-3098057.0058578514,3483878.8217647015,275.655029296875,NkuluEP,2020-01-16,2020-01-16 14:21:51.023,14:21:51,52.48149616666667,33.01185038333333
3041,390113.426,Flight3_cam1-001-000009-0,-3098073.5374589046,3483871.917730618,280.3788146972656,NkuluEP,2020-01-16,2020-01-16 14:21:53.426,14:21:53,52.481095666666675,33.011890433333335
3042,390114.894,Flight3_cam1-001-000010-0,-3098088.5098566674,3483869.0032431455,283.4544372558594,NkuluEP,2020-01-16,2020-01-16 14:21:54.894,14:21:54,52.48085100000001,33.0119149
3043,390116.896,Flight3_cam1-001-000011-0,-3098110.1574208196,3483867.2992957276,288.05078125,NkuluEP,2020-01-16,2020-01-16 14:21:56.896,14:21:56,52.48051733333333,33.011948266666664
3044,390118.898,Flight3_cam1-001-000012-0,-3098131.2548391307,3483866.850984055,292.5560607910156,NkuluEP,2020-01-16,2020-01-16 14:21:58.898,14:21:58,52.48018366666667,33.011981633333335
3045,390121.567,Flight3_cam1-001-000013-0,-3098157.178352578,3483864.7295567836,298.4477233886719,NkuluEP,2020-01-16,2020-01-16 14:22:01.567,14:22:01,52.479738833333336,33.01202611666667
3046,390122.902,Flight3_cam1-001-000014-0,-3098169.1588557516,3483862.678326906,301.5269775390625,NkuluEP,2020-01-16,2020-01-16 14:22:02.902,14:22:02,52.479516333333336,33.01204836666667
3047,390124.904,Flight3_cam1-001-000015-0,-3098186.580733814,3483858.755926405,306.0257873535156,NkuluEP,2020-01-16,2020-01-16 14:22:04.904,14:22:04,52.479182666666674,33.01208173333333
3048,390126.906,Flight3_cam1-001-000016-0,-3098205.852402368,3483854.282004476,309.8495788574219,NkuluEP,2020-01-16,2020-01-16 14:22:06.906,14:22:06,52.478849,33.0121151
3049,390129.041,Flight3_cam1-001-000017-0,-3098230.9789326973,3483848.960985285,314.5678405761719,NkuluEP,2020-01-16,2020-01-16 14:22:09.041,14:22:09,52.47849316666667,33.01215068333333
3050,390131.444,Flight3_cam1-001-000018-0,-3098261.4991811807,3483843.325035766,319.5333251953125,NkuluEP,2020-01-16,2020-01-16 14:22:11.444,14:22:11,52.47809266666667,33.012190733333334
3051,390132.912,Flight3_cam1-001-000019-0,-3098281.4064947153,3483839.867234892,322.5583190917969,NkuluEP,2020-01-16,2020-01-16 14:22:12.912,14:22:12,52.477848,33.0122152
3052,390134.914,Flight3_cam1-001-000020-0,-3098307.624098975,3483834.8280802565,326.49578857421875,NkuluEP,2020-01-16,2020-01-16 14:22:14.914,14:22:14,52.47751433333334,33.01224856666666
3053,390136.916,Flight3_cam1-001-000021-0,-3098332.7650191174,3483830.013877813,330.4962463378906,NkuluEP,2020-01-16,2020-01-16 14:22:16.916,14:22:16,52.47718066666666,33.012281933333334
3054,390139.585,Flight3_cam1-001-000022-0,-3098365.8691884214,3483824.2743153223,335.553955078125,NkuluEP,2020-01-16,2020-01-16 14:22:19.585,14:22:19,52.47673583333333,33.01232641666667
3055,390140.92,Flight3_cam1-001-000023-0,-3098382.183541779,3483822.353295148,337.9384460449219,NkuluEP,2020-01-16,2020-01-16 14:22:20.920,14:22:20,52.47651333333334,33.01234866666667
3056,390142.922,Flight3_cam1-001-000024-0,-3098406.3017929047,3483820.5768222706,341.45794677734375,NkuluEP,2020-01-16,2020-01-16 14:22:22.922,14:22:22,52.47617966666667,33.01238203333333
3057,390144.924,Flight3_cam1-001-000025-0,-3098430.6769659785,3483819.397099529,343.462890625,NkuluEP,2020-01-16,2020-01-16 14:22:24.924,14:22:24,52.475846000000004,33.0124154
3058,390147.593,Flight3_cam1-001-000026-0,-3098465.750243737,3483816.764523144,342.24755859375,NkuluEP,2020-01-16,2020-01-16 14:22:27.593,14:22:27,52.47540116666667,33.012459883333335
3059,390148.928,Flight3_cam1-001-000027-0,-3098482.801508471,3483815.294822904,341.3672180175781,NkuluEP,2020-01-16,2020-01-16 14:22:28.928,14:22:28,52.475178666666665,33.012482133333336
3060,390150.93,Flight3_cam1-001-000028-0,-3098510.8897351827,3483812.6742278007,339.99664306640625,NkuluEP,2020-01-16,2020-01-16 14:22:30.930,14:22:30,52.474845,33.0125155
3061,390152.932,Flight3_cam1-001-000029-0,-3098537.7690277966,3483809.8449248844,338.7370910644531,NkuluEP,2020-01-16,2020-01-16 14:22:32.932,14:22:32,52.47451133333334,33.01254886666667
3062,390155.067,Flight3_cam1-001-000030-0,-3098566.196272753,3483806.5421781032,337.8159484863281,NkuluEP,2020-01-16,2020-01-16 14:22:35.067,14:22:35,52.4741555,33.01258445
3063,390157.47,Flight3_cam1-001-000031-0,-3098597.372543454,3483803.0173901767,336.6790771484375,NkuluEP,2020-01-16,2020-01-16 14:22:37.470,14:22:37,52.473755000000004,33.0126245
3064,390158.938,Flight3_cam1-001-000032-0,-3098617.2276497376,3483801.1226524506,335.9909362792969,NkuluEP,2020-01-16,2020-01-16 14:22:38.938,14:22:38,52.47351033333333,33.01264896666667
3065,390160.94,Flight3_cam1-001-000033-0,-3098643.307269037,3483798.626324136,335.27374267578125,NkuluEP,2020-01-16,2020-01-16 14:22:40.940,14:22:40,52.47317666666667,33.01268233333333
3066,390162.942,Flight3_cam1-001-000034-0,-3098669.1995513034,3483796.2233371916,335.14752197265625,NkuluEP,2020-01-16,2020-01-16 14:22:42.942,14:22:42,52.472843000000005,33.0127157
3067,390165.611,Flight3_cam1-001-000035-0,-3098702.3258878062,3483792.7404932645,335.1781005859375,NkuluEP,2020-01-16,2020-01-16 14:22:45.611,14:22:45,52.47239816666667,33.012760183333334
3068,390166.946,Flight3_cam1-001-000036-0,-3098716.852941132,3483791.2131484863,335.1498718261719,NkuluEP,2020-01-16,2020-01-16 14:22:46.946,14:22:46,52.47217566666667,33.012782433333335
3069,390168.948,Flight3_cam1-001-000037-0,-3098737.648272893,3483788.953434269,335.0123291015625,NkuluEP,2020-01-16,2020-01-16 14:22:48.948,14:22:48,52.47184200000001,33.0128158
3070,390170.95,Flight3_cam1-001-000038-0,-3098755.508725447,3483787.279113673,334.8927917480469,NkuluEP,2020-01-16,2020-01-16 14:22:50.950,14:22:50,52.47150833333333,33.01284916666667
3071,390173.085,Flight3_cam1-001-000039-0,-3098774.450036896,3483790.686201427,334.7818908691406,NkuluEP,2020-01-16,2020-01-16 14:22:53.085,14:22:53,52.4711525,33.01288475
3072,390175.487,Flight3_cam1-001-000040-0,-3098796.3543473845,3483799.889438339,334.82598876953125,NkuluEP,2020-01-16,2020-01-16 14:22:55.487,14:22:55,52.470752166666664,33.01292478333333
3073,390176.956,Flight3_cam1-001-000041-0,-3098810.9124519704,3483806.6645931294,334.9015808105469,NkuluEP,2020-01-16,2020-01-16 14:22:56.956,14:22:56,52.47050733333334,33.012949266666666
3074,390178.958,Flight3_cam1-001-000042-0,-3098831.1580730844,3483814.824949265,334.8939514160156,NkuluEP,2020-01-16,2020-01-16 14:22:58.958,14:22:58,52.470173666666675,33.01298263333333
3075,390180.96,Flight3_cam1-001-000043-0,-3098851.2787227067,3483822.248182105,334.9211120605469,NkuluEP,2020-01-16,2020-01-16 14:23:00.960,14:23:00,52.46984,33.013016
3076,390183.495,Flight3_cam1-001-000044-0,-3098870.5518556596,3483834.8040262694,334.7736511230469,NkuluEP,2020-01-16,2020-01-16 14:23:03.495,14:23:03,52.469417500000006,33.01305825
3077,390184.964,Flight3_cam1-001-000045-0,-3098874.2006606595,3483844.724291893,334.4617919921875,NkuluEP,2020-01-16,2020-01-16 14:23:04.964,14:23:04,52.46917266666667,33.013082733333334
3078,390188.701,Flight3_cam1-001-000046-0,-3098864.381707974,3483854.5151951057,334.26434326171875,NkuluEP,2020-01-16,2020-01-16 14:23:08.701,14:23:08,52.468549833333334,33.01314501666667
3079,390188.968,Flight3_cam1-001-000047-0,-3098863.8269021614,3483855.954984759,334.2037658691406,NkuluEP,2020-01-16,2020-01-16 14:23:08.968,14:23:08,52.46850533333334,33.01314946666667
3080,390190.97,Flight3_cam1-001-000048-0,-3098858.7109043067,3483874.0568224424,333.7523498535156,NkuluEP,2020-01-16,2020-01-16 14:23:10.970,14:23:10,52.46817166666667,33.01318283333333
3081,390192.972,Flight3_cam1-001-000049-0,-3098851.3303063153,3483892.5194042022,334.5606994628906,NkuluEP,2020-01-16,2020-01-16 14:23:12.972,14:23:12,52.467838,33.0132162
3082,390194.974,Flight3_cam1-001-000050-0,-3098842.574967083,3483905.0565751465,334.4534606933594,NkuluEP,2020-01-16,2020-01-16 14:23:14.974,14:23:14,52.46750433333334,33.013249566666666
3083,390197.509,Flight3_cam1-001-000051-0,-3098838.1611022074,3483908.5876586363,333.9861145019531,NkuluEP,2020-01-16,2020-01-16 14:23:17.509,14:23:17,52.46708183333333,33.013291816666666
3084,390201.113,Flight3_cam1-001-000052-0,-3098835.391714906,3483907.3690629355,333.8565979003906,NkuluEP,2020-01-16,2020-01-16 14:23:21.113,14:23:21,52.46648116666667,33.013351883333335
3085,390202.981,Flight3_cam1-001-000053-0,-3098825.4158753175,3483903.8156620264,333.8457336425781,NkuluEP,2020-01-16,2020-01-16 14:23:22.981,14:23:22,52.46616983333333,33.013383016666666
3086,390204.983,Flight3_cam1-001-000054-0,-3098809.526406677,3483897.902616054,333.8778381347656,NkuluEP,2020-01-16,2020-01-16 14:23:24.983,14:23:24,52.46583616666667,33.013416383333336
3087,390206.985,Flight3_cam1-001-000055-0,-3098792.49375486,3483891.7547782883,333.8671569824219,NkuluEP,2020-01-16,2020-01-16 14:23:26.985,14:23:26,52.46550250000001,33.01344975
3088,390209.521,Flight3_cam1-001-000056-0,-3098771.840535561,3483884.2983008516,333.8201904296875,NkuluEP,2020-01-16,2020-01-16 14:23:29.521,14:23:29,52.465079833333334,33.01349201666667
3089,390210.989,Flight3_cam1-001-000057-0,-3098760.4131892137,3483880.1475987015,333.7744140625,NkuluEP,2020-01-16,2020-01-16 14:23:30.989,14:23:30,52.46483516666667,33.01351648333333
3090,390212.991,Flight3_cam1-001-000058-0,-3098743.792291037,3483874.012947511,333.8119812011719,NkuluEP,2020-01-16,2020-01-16 14:23:32.991,14:23:32,52.464501500000004,33.01354985
3091,390214.86,Flight3_cam1-001-000059-0,-3098728.838567171,3483868.5934128496,333.7916564941406,NkuluEP,2020-01-16,2020-01-16 14:23:34.860,14:23:34,52.46419,33.013581
3092,390216.995,Flight3_cam1-001-000060-0,-3098711.05585761,3483862.1200209763,333.7766418457031,NkuluEP,2020-01-16,2020-01-16 14:23:36.995,14:23:36,52.46383416666667,33.01361658333333
3093,390219.531,Flight3_cam1-001-000061-0,-3098690.0055046966,3483854.436115956,333.8152770996094,NkuluEP,2020-01-16,2020-01-16 14:23:39.531,14:23:39,52.4634115,33.01365885
3094,390220.866,Flight3_cam1-001-000062-0,-3098678.753110266,3483850.323702747,333.8089599609375,NkuluEP,2020-01-16,2020-01-16 14:23:40.866,14:23:40,52.46318900000001,33.0136811
3095,390222.868,Flight3_cam1-001-000063-0,-3098662.195637964,3483844.218074106,333.80682373046875,NkuluEP,2020-01-16,2020-01-16 14:23:42.868,14:23:42,52.46285533333333,33.01371446666667
3096,390224.87,Flight3_cam1-001-000064-0,-3098645.5485555804,3483838.2330476483,333.8531188964844,NkuluEP,2020-01-16,2020-01-16 14:23:44.870,14:23:44,52.46252166666667,33.01374783333333
3097,390227.539,Flight3_cam1-001-000065-0,-3098622.9758077916,3483830.1187283685,333.7770080566406,NkuluEP,2020-01-16,2020-01-16 14:23:47.539,14:23:47,52.462076833333334,33.01379231666667
3098,390228.874,Flight3_cam1-001-000066-0,-3098611.6750656287,3483825.8983832537,333.7351989746094,NkuluEP,2020-01-16,2020-01-16 14:23:48.874,14:23:48,52.461854333333335,33.01381456666667
3099,390230.876,Flight3_cam1-001-000067-0,-3098595.264873292,3483819.7335538743,333.7167053222656,NkuluEP,2020-01-16,2020-01-16 14:23:50.876,14:23:50,52.46152066666667,33.01384793333333
3100,390232.878,Flight3_cam1-001-000068-0,-3098578.7853582785,3483813.603570959,333.726806640625,NkuluEP,2020-01-16,2020-01-16 14:23:52.878,14:23:52,52.461186999999995,33.0138813
3101,390235.547,Flight3_cam1-001-000069-0,-3098556.2366197514,3483805.3576079565,333.65997314453125,NkuluEP,2020-01-16,2020-01-16 14:23:55.547,14:23:55,52.46074216666666,33.013925783333335
3102,390236.882,Flight3_cam1-001-000070-0,-3098544.9829843217,3483801.203214751,333.63787841796875,NkuluEP,2020-01-16,2020-01-16 14:23:56.882,14:23:56,52.46051966666667,33.013948033333335
3103,390238.884,Flight3_cam1-001-000071-0,-3098528.5947872205,3483795.1726886993,333.6802062988281,NkuluEP,2020-01-16,2020-01-16 14:23:58.884,14:23:58,52.460186,33.0139814
3104,390240.886,Flight3_cam1-001-000072-0,-3098512.1754467525,3483789.260377211,333.6334228515625,NkuluEP,2020-01-16,2020-01-16 14:24:00.886,14:24:00,52.45985233333334,33.01401476666667
3105,390243.555,Flight3_cam1-001-000073-0,-3098489.59619329,3483780.905587116,333.6218566894531,NkuluEP,2020-01-16,2020-01-16 14:24:03.555,14:24:03,52.459407500000005,33.01405925
3106,390244.89,Flight3_cam1-001-000074-0,-3098478.354495816,3483776.840461038,333.66912841796875,NkuluEP,2020-01-16,2020-01-16 14:24:04.890,14:24:04,52.459185,33.0140815
3107,390246.892,Flight3_cam1-001-000075-0,-3098461.7205585446,3483770.69319782,333.6141052246094,NkuluEP,2020-01-16,2020-01-16 14:24:06.892,14:24:06,52.458851333333335,33.01411486666667
3108,390248.894,Flight3_cam1-001-000076-0,-3098445.2087689852,3483764.6945156977,333.5969543457031,NkuluEP,2020-01-16,2020-01-16 14:24:08.894,14:24:08,52.45851766666667,33.01414823333333
3109,390251.029,Flight3_cam1-001-000077-0,-3098427.245985638,3483758.2845717887,333.57720947265625,NkuluEP,2020-01-16,2020-01-16 14:24:11.029,14:24:11,52.45816183333334,33.014183816666666
3110,390253.432,Flight3_cam1-001-000078-0,-3098407.424667097,3483750.7249837583,333.566162109375,NkuluEP,2020-01-16,2020-01-16 14:24:13.432,14:24:13,52.45776133333334,33.01422386666667
3111,390254.9,Flight3_cam1-001-000079-0,-3098394.9739854736,3483746.0714708897,333.5442810058594,NkuluEP,2020-01-16,2020-01-16 14:24:14.900,14:24:14,52.45751666666666,33.014248333333335
3112,390256.902,Flight3_cam1-001-000080-0,-3098378.4739745064,3483739.924022645,333.5534973144531,NkuluEP,2020-01-16,2020-01-16 14:24:16.902,14:24:16,52.457183,33.0142817
3113,390258.904,Flight3_cam1-001-000081-0,-3098361.9293829133,3483733.725688769,333.5894470214844,NkuluEP,2020-01-16,2020-01-16 14:24:18.904,14:24:18,52.45684933333334,33.01431506666667
3114,390261.573,Flight3_cam1-001-000082-0,-3098339.6792552127,3483725.3029249487,333.656494140625,NkuluEP,2020-01-16,2020-01-16 14:24:21.573,14:24:21,52.456404500000005,33.01435955
3115,390262.908,Flight3_cam1-001-000083-0,-3098328.504158923,3483721.2049892377,333.6625061035156,NkuluEP,2020-01-16,2020-01-16 14:24:22.908,14:24:22,52.456182000000005,33.0143818
3116,390264.91,Flight3_cam1-001-000084-0,-3098311.787962549,3483715.4210921763,333.5900573730469,NkuluEP,2020-01-16,2020-01-16 14:24:24.910,14:24:24,52.45584833333334,33.014415166666666
3117,390266.912,Flight3_cam1-001-000085-0,-3098295.1530758357,3483709.252006438,333.5892028808594,NkuluEP,2020-01-16,2020-01-16 14:24:26.912,14:24:26,52.455514666666666,33.014448533333336
3118,390269.581,Flight3_cam1-001-000086-0,-3098272.6823296393,3483701.2812395794,333.458740234375,NkuluEP,2020-01-16,2020-01-16 14:24:29.581,14:24:29,52.45506983333333,33.01449301666667
3119,390270.916,Flight3_cam1-001-000087-0,-3098262.1268009893,3483697.281642608,333.418212890625,NkuluEP,2020-01-16,2020-01-16 14:24:30.916,14:24:30,52.45484733333333,33.01451526666667
3120,390272.918,Flight3_cam1-001-000088-0,-3098244.9198561795,3483691.2059112126,333.43035888671875,NkuluEP,2020-01-16,2020-01-16 14:24:32.918,14:24:32,52.45451366666667,33.014548633333334
3121,390274.92,Flight3_cam1-001-000089-0,-3098228.293326118,3483685.21115805,333.4427795410156,NkuluEP,2020-01-16,2020-01-16 14:24:34.920,14:24:34,52.45418000000001,33.014582
3122,390277.055,Flight3_cam1-001-000090-0,-3098210.4266943117,3483678.1324241767,333.4653015136719,NkuluEP,2020-01-16,2020-01-16 14:24:37.055,14:24:37,52.45382416666667,33.01461758333333
3123,390279.457,Flight3_cam1-001-000091-0,-3098190.718351174,3483670.885123657,333.4267272949219,NkuluEP,2020-01-16,2020-01-16 14:24:39.457,14:24:39,52.45342383333334,33.01465761666667
3124,390280.926,Flight3_cam1-001-000092-0,-3098178.056731368,3483666.3715450508,333.4218444824219,NkuluEP,2020-01-16,2020-01-16 14:24:40.926,14:24:40,52.453179000000006,33.0146821
3125,390282.928,Flight3_cam1-001-000093-0,-3098161.4098099684,3483660.292974302,333.372802734375,NkuluEP,2020-01-16,2020-01-16 14:24:42.928,14:24:42,52.452845333333336,33.014715466666665
3126,390284.93,Flight3_cam1-001-000094-0,-3098145.06964204,3483654.0648273565,333.3504638671875,NkuluEP,2020-01-16,2020-01-16 14:24:44.930,14:24:44,52.45251166666667,33.014748833333336
3127,390287.465,Flight3_cam1-001-000095-0,-3098124.0318349563,3483646.1791937845,333.356201171875,NkuluEP,2020-01-16,2020-01-16 14:24:47.465,14:24:47,52.45208916666667,33.014791083333336
3128,390290.268,Flight3_cam1-001-000096-0,-3098100.7496115672,3483637.769062521,333.3963928222656,NkuluEP,2020-01-16,2020-01-16 14:24:50.268,14:24:50,52.45162200000001,33.0148378
3129,390290.936,Flight3_cam1-001-000097-0,-3098094.7281268043,3483635.5661153477,333.4126281738281,NkuluEP,2020-01-16,2020-01-16 14:24:50.936,14:24:50,52.45151066666667,33.01484893333333
3130,390292.938,Flight3_cam1-001-000098-0,-3098078.1527042664,3483629.5610495796,333.44390869140625,NkuluEP,2020-01-16,2020-01-16 14:24:52.938,14:24:52,52.451177,33.014882300000004
3131,390295.073,Flight3_cam1-001-000099-0,-3098060.359653943,3483622.9967202577,333.4306640625,NkuluEP,2020-01-16,2020-01-16 14:24:55.073,14:24:55,52.45082116666667,33.01491788333333
3132,390297.475,Flight3_cam1-001-000100-0,-3098040.5680251615,3483615.659404566,333.4468994140625,NkuluEP,2020-01-16,2020-01-16 14:24:57.475,14:24:57,52.45042083333334,33.01495791666667
3133,390298.943,Flight3_cam1-001-000101-0,-3098027.928749435,3483611.023065181,333.4922790527344,NkuluEP,2020-01-16,2020-01-16 14:24:58.943,14:24:58,52.450176166666665,33.01498238333333
3134,390300.945,Flight3_cam1-001-000102-0,-3098011.314709681,3483604.969482091,333.46771240234375,NkuluEP,2020-01-16,2020-01-16 14:25:00.945,14:25:00,52.4498425,33.01501575
3135,390302.947,Flight3_cam1-001-000103-0,-3097994.733354338,3483598.942393494,333.4253845214844,NkuluEP,2020-01-16,2020-01-16 14:25:02.947,14:25:02,52.44950883333334,33.01504911666667
3136,390305.617,Flight3_cam1-001-000104-0,-3097972.2558976854,3483590.5633370485,333.32867431640625,NkuluEP,2020-01-16,2020-01-16 14:25:05.617,14:25:05,52.449063833333334,33.01509361666667
3137,390306.951,Flight3_cam1-001-000105-0,-3097961.0874569966,3483586.4091042215,333.33709716796875,NkuluEP,2020-01-16,2020-01-16 14:25:06.951,14:25:06,52.4488415,33.01511585
3138,390308.953,Flight3_cam1-001-000106-0,-3097944.4822558677,3483580.290296209,333.3101501464844,NkuluEP,2020-01-16,2020-01-16 14:25:08.953,14:25:08,52.44850783333334,33.015149216666664
3139,390310.955,Flight3_cam1-001-000107-0,-3097927.976626038,3483574.193592433,333.27880859375,NkuluEP,2020-01-16,2020-01-16 14:25:10.955,14:25:10,52.44817416666667,33.015182583333335
3140,390313.091,Flight3_cam1-001-000108-0,-3097910.2297478374,3483567.7719804486,333.24884033203125,NkuluEP,2020-01-16,2020-01-16 14:25:13.091,14:25:13,52.447818166666664,33.01521818333333
3141,390315.493,Flight3_cam1-001-000109-0,-3097890.2205838254,3483560.4660723386,333.25860595703125,NkuluEP,2020-01-16,2020-01-16 14:25:15.493,14:25:15,52.44741783333333,33.015258216666666
3142,390316.961,Flight3_cam1-001-000110-0,-3097877.567488019,3483555.802937362,333.24212646484375,NkuluEP,2020-01-16,2020-01-16 14:25:16.961,14:25:16,52.447173166666666,33.01528268333333
3143,390318.963,Flight3_cam1-001-000111-0,-3097861.0200823364,3483549.6825330555,333.2384338378906,NkuluEP,2020-01-16,2020-01-16 14:25:18.963,14:25:18,52.4468395,33.01531605
3144,390320.965,Flight3_cam1-001-000112-0,-3097844.551386028,3483543.517678402,333.1911926269531,NkuluEP,2020-01-16,2020-01-16 14:25:20.965,14:25:20,52.44650583333333,33.015349416666666
3145,390323.501,Flight3_cam1-001-000113-0,-3097823.5324451714,3483535.7856621393,333.1152648925781,NkuluEP,2020-01-16,2020-01-16 14:25:23.501,14:25:23,52.44608316666667,33.015391683333334
3146,390324.969,Flight3_cam1-001-000114-0,-3097810.9207441746,3483531.0973130413,333.1131591796875,NkuluEP,2020-01-16,2020-01-16 14:25:24.969,14:25:24,52.44583850000001,33.01541615
3147,390326.971,Flight3_cam1-001-000115-0,-3097794.346146053,3483524.990182068,333.1181335449219,NkuluEP,2020-01-16,2020-01-16 14:25:26.971,14:25:26,52.44550483333333,33.01544951666666
3148,390328.973,Flight3_cam1-001-000116-0,-3097777.8851736137,3483519.0011875043,333.1033020019531,NkuluEP,2020-01-16,2020-01-16 14:25:28.973,14:25:28,52.44517116666667,33.015482883333334
3149,390331.109,Flight3_cam1-001-000117-0,-3097760.130280926,3483512.522378895,333.1030578613281,NkuluEP,2020-01-16,2020-01-16 14:25:31.109,14:25:31,52.44481516666667,33.01551848333333
3150,390333.511,Flight3_cam1-001-000118-0,-3097740.289181401,3483505.366323831,333.03094482421875,NkuluEP,2020-01-16,2020-01-16 14:25:33.511,14:25:33,52.44441483333333,33.015558516666665
3151,390334.979,Flight3_cam1-001-000119-0,-3097727.7226978918,3483500.773734279,333.0409240722656,NkuluEP,2020-01-16,2020-01-16 14:25:34.979,14:25:34,52.44417016666667,33.01558298333333
3152,390336.981,Flight3_cam1-001-000120-0,-3097711.1479003886,3483494.553697891,333.01080322265625,NkuluEP,2020-01-16,2020-01-16 14:25:36.981,14:25:36,52.443836499999996,33.01561635
3153,390338.983,Flight3_cam1-001-000121-0,-3097694.486778309,3483488.2799786837,333.0226135253906,NkuluEP,2020-01-16,2020-01-16 14:25:38.983,14:25:38,52.44350283333333,33.015649716666665
3154,390341.519,Flight3_cam1-001-000122-0,-3097673.3033001814,3483480.592623118,333.03643798828125,NkuluEP,2020-01-16,2020-01-16 14:25:41.519,14:25:41,52.443080166666675,33.01569198333333
3155,390342.987,Flight3_cam1-001-000123-0,-3097660.666264902,3483475.983581548,333.0009460449219,NkuluEP,2020-01-16,2020-01-16 14:25:42.987,14:25:42,52.4428355,33.01571645
3156,390344.989,Flight3_cam1-001-000124-0,-3097643.984115487,3483469.858971092,333.0171813964844,NkuluEP,2020-01-16,2020-01-16 14:25:44.989,14:25:44,52.44250183333334,33.01574981666667
3157,390346.991,Flight3_cam1-001-000125-0,-3097627.5354179284,3483463.8112271335,332.94793701171875,NkuluEP,2020-01-16,2020-01-16 14:25:46.991,14:25:46,52.442168166666676,33.01578318333333
3158,390348.993,Flight3_cam1-001-000126-0,-3097611.0839118506,3483457.692679796,332.9267578125,NkuluEP,2020-01-16,2020-01-16 14:25:48.993,14:25:48,52.4418345,33.01581655
3159,390351.529,Flight3_cam1-001-000127-0,-3097589.8943932373,3483449.9641668,332.9583740234375,NkuluEP,2020-01-16,2020-01-16 14:25:51.529,14:25:51,52.44141183333334,33.015858816666665
3160,390352.864,Flight3_cam1-001-000128-0,-3097578.6963114925,3483445.8182549463,332.9588623046875,NkuluEP,2020-01-16,2020-01-16 14:25:52.864,14:25:52,52.441189333333334,33.015881066666665
3161,390354.999,Flight3_cam1-001-000129-0,-3097560.768366452,3483439.2052747244,332.9158630371094,NkuluEP,2020-01-16,2020-01-16 14:25:54.999,14:25:54,52.440833500000004,33.01591665
3162,390356.868,Flight3_cam1-001-000130-0,-3097545.62030821,3483433.43438611,332.92822265625,NkuluEP,2020-01-16,2020-01-16 14:25:56.868,14:25:56,52.440522,33.0159478
3163,390359.537,Flight3_cam1-001-000131-0,-3097523.228280894,3483425.143210035,332.99591064453125,NkuluEP,2020-01-16,2020-01-16 14:25:59.537,14:25:59,52.44007716666667,33.01599228333333
3164,390360.872,Flight3_cam1-001-000132-0,-3097511.9639515104,3483421.1098329616,333.0074462890625,NkuluEP,2020-01-16,2020-01-16 14:26:00.872,14:26:00,52.439854666666676,33.01601453333333
3165,390362.874,Flight3_cam1-001-000133-0,-3097495.5800119154,3483415.0368844583,333.055419921875,NkuluEP,2020-01-16,2020-01-16 14:26:02.874,14:26:02,52.439521,33.0160479
3166,390365.009,Flight3_cam1-001-000134-0,-3097477.638990194,3483408.442380903,333.0856018066406,NkuluEP,2020-01-16,2020-01-16 14:26:05.009,14:26:05,52.43916516666667,33.01608348333333
3167,390367.545,Flight3_cam1-001-000135-0,-3097456.3517961847,3483400.701325599,333.07403564453125,NkuluEP,2020-01-16,2020-01-16 14:26:07.545,14:26:07,52.438742500000004,33.01612575
3168,390368.88,Flight3_cam1-001-000136-0,-3097445.053771475,3483396.5129949637,333.068115234375,NkuluEP,2020-01-16,2020-01-16 14:26:08.880,14:26:08,52.438520000000004,33.016148
3169,390370.882,Flight3_cam1-001-000137-0,-3097428.473745553,3483390.418942577,333.0633239746094,NkuluEP,2020-01-16,2020-01-16 14:26:10.882,14:26:10,52.43818633333334,33.016181366666665
3170,390372.884,Flight3_cam1-001-000138-0,-3097411.791562204,3483384.32494673,333.0375061035156,NkuluEP,2020-01-16,2020-01-16 14:26:12.884,14:26:12,52.437852666666664,33.016214733333335
3171,390375.019,Flight3_cam1-001-000139-0,-3097393.7816514336,3483377.813498092,332.9745178222656,NkuluEP,2020-01-16,2020-01-16 14:26:15.019,14:26:15,52.43749683333334,33.016250316666664
3172,390377.555,Flight3_cam1-001-000140-0,-3097372.6890943563,3483369.987987131,332.8736877441406,NkuluEP,2020-01-16,2020-01-16 14:26:17.555,14:26:17,52.43707416666667,33.01629258333333
3173,390378.89,Flight3_cam1-001-000141-0,-3097361.3874048786,3483365.930676494,332.8195495605469,NkuluEP,2020-01-16,2020-01-16 14:26:18.890,14:26:18,52.43685166666667,33.01631483333333
3174,390380.892,Flight3_cam1-001-000142-0,-3097344.708640162,3483359.9226529417,332.79559326171875,NkuluEP,2020-01-16,2020-01-16 14:26:20.892,14:26:20,52.43651800000001,33.0163482
3175,390382.894,Flight3_cam1-001-000143-0,-3097328.229686648,3483353.6724185697,332.7525634765625,NkuluEP,2020-01-16,2020-01-16 14:26:22.894,14:26:22,52.43618433333334,33.01638156666667
3176,390385.563,Flight3_cam1-001-000144-0,-3097305.870439661,3483345.4062950644,332.61834716796875,NkuluEP,2020-01-16,2020-01-16 14:26:25.563,14:26:25,52.4357395,33.01642605
3177,390386.898,Flight3_cam1-001-000145-0,-3097294.6785960966,3483341.2878123913,332.5816345214844,NkuluEP,2020-01-16,2020-01-16 14:26:26.898,14:26:26,52.435517000000004,33.0164483
3178,390388.9,Flight3_cam1-001-000146-0,-3097278.2360182684,3483335.2181860157,332.56756591796875,NkuluEP,2020-01-16,2020-01-16 14:26:28.900,14:26:28,52.435183333333335,33.016481666666664
3179,390390.902,Flight3_cam1-001-000147-0,-3097261.424537452,3483330.983576144,332.5771179199219,NkuluEP,2020-01-16,2020-01-16 14:26:30.902,14:26:30,52.43484966666667,33.016515033333334
3180,390393.037,Flight3_cam1-001-000148-0,-3097243.748238467,3483335.4476267803,332.6758728027344,NkuluEP,2020-01-16,2020-01-16 14:26:33.037,14:26:33,52.434493833333335,33.01655061666667
3181,390395.573,Flight3_cam1-001-000149-0,-3097231.6798175727,3483354.24074109,332.6507873535156,NkuluEP,2020-01-16,2020-01-16 14:26:35.573,14:26:35,52.434071166666676,33.01659288333333
3182,390396.907,Flight3_cam1-001-000150-0,-3097229.0025787973,3483366.646850621,332.6756591796875,NkuluEP,2020-01-16,2020-01-16 14:26:36.907,14:26:36,52.433848833333336,33.016615116666664
3183,390398.909,Flight3_cam1-001-000151-0,-3097225.4538637055,3483382.326904788,332.67169189453125,NkuluEP,2020-01-16,2020-01-16 14:26:38.909,14:26:38,52.43351516666667,33.016648483333334
3184,390400.911,Flight3_cam1-001-000152-0,-3097222.1131151044,3483396.9286941956,332.7509765625,NkuluEP,2020-01-16,2020-01-16 14:26:40.911,14:26:40,52.433181499999996,33.01668185
3185,390403.581,Flight3_cam1-001-000153-0,-3097225.804653445,3483419.1439352324,332.92974853515625,NkuluEP,2020-01-16,2020-01-16 14:26:43.581,14:26:43,52.432736500000004,33.01672635
3186,390404.915,Flight3_cam1-001-000154-0,-3097233.288449093,3483428.5460883025,333.13665771484375,NkuluEP,2020-01-16,2020-01-16 14:26:44.915,14:26:44,52.43251416666667,33.01674858333333
3187,390406.917,Flight3_cam1-001-000155-0,-3097248.7162743947,3483437.6372340354,333.20379638671875,NkuluEP,2020-01-16,2020-01-16 14:26:46.917,14:26:46,52.4321805,33.01678195
3188,390408.919,Flight3_cam1-001-000156-0,-3097265.089111191,3483442.8162730937,333.2819519042969,NkuluEP,2020-01-16,2020-01-16 14:26:48.919,14:26:48,52.43184683333334,33.016815316666666
3189,390411.055,Flight3_cam1-001-000157-0,-3097281.638105908,3483448.539908788,333.28460693359375,NkuluEP,2020-01-16,2020-01-16 14:26:51.055,14:26:51,52.431490833333335,33.01685091666667
3190,390413.457,Flight3_cam1-001-000158-0,-3097300.5423838184,3483455.5889876927,333.27215576171875,NkuluEP,2020-01-16,2020-01-16 14:26:53.457,14:26:53,52.4310905,33.01689095
3191,390414.925,Flight3_cam1-001-000159-0,-3097312.2649028692,3483460.0307882945,333.3501281738281,NkuluEP,2020-01-16,2020-01-16 14:26:54.925,14:26:54,52.430845833333336,33.01691541666666
3192,390416.927,Flight3_cam1-001-000160-0,-3097328.758777806,3483466.3507120335,333.32177734375,NkuluEP,2020-01-16,2020-01-16 14:26:56.927,14:26:56,52.43051216666667,33.01694878333333
3193,390418.929,Flight3_cam1-001-000161-0,-3097345.206034765,3483472.429479405,333.2669372558594,NkuluEP,2020-01-16,2020-01-16 14:26:58.929,14:26:58,52.430178500000004,33.01698215
3194,390421.599,Flight3_cam1-001-000162-0,-3097367.367914581,3483480.5057323026,333.2766418457031,NkuluEP,2020-01-16,2020-01-16 14:27:01.599,14:27:01,52.429733500000005,33.01702665
3195,390422.933,Flight3_cam1-001-000163-0,-3097378.5423872103,3483484.666327605,333.2606201171875,NkuluEP,2020-01-16,2020-01-16 14:27:02.933,14:27:02,52.429511166666664,33.01704888333333
3196,390424.935,Flight3_cam1-001-000164-0,-3097395.149615912,3483490.7507160455,333.1395568847656,NkuluEP,2020-01-16,2020-01-16 14:27:04.935,14:27:04,52.4291775,33.01708225
3197,390426.937,Flight3_cam1-001-000165-0,-3097411.920428038,3483496.7399494858,333.04248046875,NkuluEP,2020-01-16,2020-01-16 14:27:06.937,14:27:06,52.42884383333334,33.017115616666665
3198,390429.607,Flight3_cam1-001-000166-0,-3097434.2361406838,3483504.831573906,332.8136291503906,NkuluEP,2020-01-16,2020-01-16 14:27:09.607,14:27:09,52.42839883333333,33.017160116666666
3199,390430.941,Flight3_cam1-001-000167-0,-3097445.361567768,3483508.9633082957,332.801025390625,NkuluEP,2020-01-16,2020-01-16 14:27:10.941,14:27:10,52.428176500000006,33.01718235
3200,390432.943,Flight3_cam1-001-000168-0,-3097461.7828148855,3483515.244494332,332.7696838378906,NkuluEP,2020-01-16,2020-01-16 14:27:12.943,14:27:12,52.42784283333333,33.01721571666667
3201,390434.945,Flight3_cam1-001-000169-0,-3097478.264705715,3483521.573352208,332.7015380859375,NkuluEP,2020-01-16,2020-01-16 14:27:14.945,14:27:14,52.42750916666667,33.01724908333333
3202,390437.081,Flight3_cam1-001-000170-0,-3097496.337690771,3483528.222805575,332.65997314453125,NkuluEP,2020-01-16,2020-01-16 14:27:17.081,14:27:17,52.42715316666667,33.01728468333334
3203,390439.483,Flight3_cam1-001-000171-0,-3097515.942185746,3483535.2665717746,332.7809753417969,NkuluEP,2020-01-16,2020-01-16 14:27:19.483,14:27:19,52.42675283333333,33.017324716666664
3204,390440.951,Flight3_cam1-001-000172-0,-3097528.38443102,3483539.928618997,332.8130187988281,NkuluEP,2020-01-16,2020-01-16 14:27:20.951,14:27:20,52.42650816666667,33.01734918333333
3205,390442.953,Flight3_cam1-001-000173-0,-3097544.9073709096,3483546.1954127206,332.9058532714844,NkuluEP,2020-01-16,2020-01-16 14:27:22.953,14:27:22,52.42617450000001,33.01738255
3206,390444.955,Flight3_cam1-001-000174-0,-3097561.8753093854,3483552.438452574,332.89385986328125,NkuluEP,2020-01-16,2020-01-16 14:27:24.955,14:27:24,52.42584083333333,33.017415916666664
3207,390447.625,Flight3_cam1-001-000175-0,-3097584.1191583956,3483560.6429534545,332.7945556640625,NkuluEP,2020-01-16,2020-01-16 14:27:27.625,14:27:27,52.42539583333333,33.017460416666665
3208,390448.959,Flight3_cam1-001-000176-0,-3097595.220149191,3483564.591221191,332.8226623535156,NkuluEP,2020-01-16,2020-01-16 14:27:28.959,14:27:28,52.42517350000001,33.01748265
3209,390450.961,Flight3_cam1-001-000177-0,-3097611.6795698646,3483570.5689383224,332.9779968261719,NkuluEP,2020-01-16,2020-01-16 14:27:30.961,14:27:30,52.42483983333334,33.01751601666667
3210,390452.963,Flight3_cam1-001-000178-0,-3097628.213095384,3483576.5862825094,332.9987487792969,NkuluEP,2020-01-16,2020-01-16 14:27:32.963,14:27:32,52.42450616666667,33.01754938333333
3211,390455.099,Flight3_cam1-001-000179-0,-3097645.883473064,3483582.93348506,333.16595458984375,NkuluEP,2020-01-16,2020-01-16 14:27:35.099,14:27:35,52.42415016666667,33.017584983333336
3212,390457.501,Flight3_cam1-001-000180-0,-3097665.7768908474,3483590.4020072655,333.2500305175781,NkuluEP,2020-01-16,2020-01-16 14:27:37.501,14:27:37,52.42374983333334,33.01762501666666
3213,390458.969,Flight3_cam1-001-000181-0,-3097678.4261073377,3483595.1182953482,333.3365783691406,NkuluEP,2020-01-16,2020-01-16 14:27:38.969,14:27:38,52.42350516666667,33.01764948333333
3214,390460.971,Flight3_cam1-001-000182-0,-3097695.169146782,3483601.327221786,333.35284423828125,NkuluEP,2020-01-16,2020-01-16 14:27:40.971,14:27:40,52.4231715,33.01768285
3215,390462.973,Flight3_cam1-001-000183-0,-3097711.827515162,3483607.425411987,333.264404296875,NkuluEP,2020-01-16,2020-01-16 14:27:42.973,14:27:42,52.42283783333333,33.01771621666666
3216,390465.509,Flight3_cam1-001-000184-0,-3097732.8084256845,3483615.158300463,333.2527160644531,NkuluEP,2020-01-16,2020-01-16 14:27:45.509,14:27:45,52.42241516666667,33.01775848333333
3217,390466.977,Flight3_cam1-001-000185-0,-3097745.4641504087,3483619.8522425313,333.3860778808594,NkuluEP,2020-01-16,2020-01-16 14:27:46.977,14:27:46,52.4221705,33.01778295
3218,390468.979,Flight3_cam1-001-000186-0,-3097762.119680863,3483626.0850694394,333.314697265625,NkuluEP,2020-01-16,2020-01-16 14:27:48.979,14:27:48,52.42183683333334,33.01781631666667
3219,390470.981,Flight3_cam1-001-000187-0,-3097778.487487794,3483631.9439166468,333.27752685546875,NkuluEP,2020-01-16,2020-01-16 14:27:50.981,14:27:50,52.42150316666667,33.01784968333333
3220,390472.983,Flight3_cam1-001-000188-0,-3097795.6647561947,3483638.1288795876,333.3726806640625,NkuluEP,2020-01-16,2020-01-16 14:27:52.983,14:27:52,52.4211695,33.01788305
3221,390475.519,Flight3_cam1-001-000189-0,-3097816.7079674285,3483645.926850211,333.5351867675781,NkuluEP,2020-01-16,2020-01-16 14:27:55.519,14:27:55,52.42074683333334,33.01792531666666
3222,390476.987,Flight3_cam1-001-000190-0,-3097828.5638178918,3483650.3917610226,333.5616149902344,NkuluEP,2020-01-16,2020-01-16 14:27:56.987,14:27:56,52.420502166666665,33.017949783333336
3223,390478.989,Flight3_cam1-001-000191-0,-3097845.287989582,3483656.466971064,333.6654052734375,NkuluEP,2020-01-16,2020-01-16 14:27:58.989,14:27:58,52.4201685,33.01798315
3224,390480.991,Flight3_cam1-001-000192-0,-3097862.209182315,3483662.7382252472,333.719482421875,NkuluEP,2020-01-16,2020-01-16 14:28:00.991,14:28:00,52.41983483333334,33.01801651666666
3225,390483.527,Flight3_cam1-001-000193-0,-3097883.4152079336,3483670.419591868,333.611572265625,NkuluEP,2020-01-16,2020-01-16 14:28:03.527,14:28:03,52.41941216666667,33.01805878333333
3226,390484.995,Flight3_cam1-001-000194-0,-3097895.9363272665,3483674.928874016,333.5232849121094,NkuluEP,2020-01-16,2020-01-16 14:28:04.995,14:28:04,52.4191675,33.01808325
3227,390486.997,Flight3_cam1-001-000195-0,-3097912.199791721,3483681.0421852353,333.5342102050781,NkuluEP,2020-01-16,2020-01-16 14:28:06.997,14:28:06,52.41883383333334,33.01811661666667
3228,390488.999,Flight3_cam1-001-000196-0,-3097928.9431695547,3483687.201307592,333.5205993652344,NkuluEP,2020-01-16,2020-01-16 14:28:08.999,14:28:08,52.41850016666667,33.01814998333333
3229,390491.535,Flight3_cam1-001-000197-0,-3097950.019029818,3483695.041390194,333.45458984375,NkuluEP,2020-01-16,2020-01-16 14:28:11.535,14:28:11,52.41807750000001,33.01819225
3230,390492.869,Flight3_cam1-001-000198-0,-3097961.3323009675,3483699.1732851574,333.417724609375,NkuluEP,2020-01-16,2020-01-16 14:28:12.869,14:28:12,52.41785516666667,33.01821448333333
3231,390495.005,Flight3_cam1-001-000199-0,-3097979.323553689,3483706.081809237,333.3207702636719,NkuluEP,2020-01-16,2020-01-16 14:28:15.005,14:28:15,52.417499166666666,33.018250083333335
3232,390496.873,Flight3_cam1-001-000200-0,-3097995.135728373,3483711.924304471,333.2023010253906,NkuluEP,2020-01-16,2020-01-16 14:28:16.873,14:28:16,52.41718783333333,33.018281216666665
3233,390499.009,Flight3_cam1-001-000201-0,-3098012.1497150646,3483718.052051001,333.11773681640625,NkuluEP,2020-01-16,2020-01-16 14:28:19.009,14:28:19,52.41683183333333,33.01831681666667
3234,390501.545,Flight3_cam1-001-000202-0,-3098033.3242954323,3483725.7222927264,333.0309753417969,NkuluEP,2020-01-16,2020-01-16 14:28:21.545,14:28:21,52.416409166666675,33.01835908333333
3235,390502.879,Flight3_cam1-001-000203-0,-3098044.751015669,3483729.80461506,332.9656677246094,NkuluEP,2020-01-16,2020-01-16 14:28:22.879,14:28:22,52.416186833333335,33.01838131666667
3236,390504.881,Flight3_cam1-001-000204-0,-3098061.1355841104,3483736.1352158557,332.9161376953125,NkuluEP,2020-01-16,2020-01-16 14:28:24.881,14:28:24,52.41585316666667,33.01841468333333
3237,390506.883,Flight3_cam1-001-000205-0,-3098078.2656690804,3483742.604566103,332.94488525390625,NkuluEP,2020-01-16,2020-01-16 14:28:26.883,14:28:26,52.41551950000001,33.018448049999996
3238,390509.553,Flight3_cam1-001-000206-0,-3098100.3358229147,3483750.6210306818,332.815673828125,NkuluEP,2020-01-16,2020-01-16 14:28:29.553,14:28:29,52.4150745,33.01849255
3239,390510.887,Flight3_cam1-001-000207-0,-3098111.6733810203,3483754.5235820883,332.7735900878906,NkuluEP,2020-01-16,2020-01-16 14:28:30.887,14:28:30,52.41485216666667,33.01851478333333
3240,390512.889,Flight3_cam1-001-000208-0,-3098128.135630842,3483760.561181858,332.71685791015625,NkuluEP,2020-01-16,2020-01-16 14:28:32.889,14:28:32,52.4145185,33.01854815
3241,390514.891,Flight3_cam1-001-000209-0,-3098145.0520882644,3483766.628230097,332.7159118652344,NkuluEP,2020-01-16,2020-01-16 14:28:34.891,14:28:34,52.41418483333334,33.018581516666664
3242,390517.027,Flight3_cam1-001-000210-0,-3098162.91041558,3483773.433853251,332.78558349609375,NkuluEP,2020-01-16,2020-01-16 14:28:37.027,14:28:37,52.41382883333333,33.01861711666667
3243,390519.429,Flight3_cam1-001-000211-0,-3098182.781613323,3483780.6809249506,332.8305969238281,NkuluEP,2020-01-16,2020-01-16 14:28:39.429,14:28:39,52.4134285,33.01865715
3244,390520.897,Flight3_cam1-001-000212-0,-3098194.882718329,3483785.234245889,332.8479919433594,NkuluEP,2020-01-16,2020-01-16 14:28:40.897,14:28:40,52.413183833333335,33.01868161666667
3245,390522.899,Flight3_cam1-001-000213-0,-3098211.718535466,3483791.3120978363,332.7247314453125,NkuluEP,2020-01-16,2020-01-16 14:28:42.899,14:28:42,52.41285016666667,33.01871498333333
3246,390524.901,Flight3_cam1-001-000214-0,-3098228.8154009255,3483797.4732492003,332.6734313964844,NkuluEP,2020-01-16,2020-01-16 14:28:44.901,14:28:44,52.4125165,33.01874835
3247,390527.571,Flight3_cam1-001-000215-0,-3098250.4211633215,3483805.1373899863,332.7098388671875,NkuluEP,2020-01-16,2020-01-16 14:28:47.571,14:28:47,52.4120715,33.01879285
3248,390528.905,Flight3_cam1-001-000216-0,-3098261.700734478,3483809.2619367726,332.79266357421875,NkuluEP,2020-01-16,2020-01-16 14:28:48.905,14:28:48,52.41184916666666,33.01881508333334
3249,390530.907,Flight3_cam1-001-000217-0,-3098278.3939745147,3483815.5642443085,332.80047607421875,NkuluEP,2020-01-16,2020-01-16 14:28:50.907,14:28:50,52.4115155,33.01884845
3250,390532.909,Flight3_cam1-001-000218-0,-3098295.7613125076,3483822.1208707006,332.7848815917969,NkuluEP,2020-01-16,2020-01-16 14:28:52.909,14:28:52,52.41118183333334,33.018881816666664
3251,390535.045,Flight3_cam1-001-000219-0,-3098313.57782204,3483828.6821107944,332.82843017578125,NkuluEP,2020-01-16,2020-01-16 14:28:55.045,14:28:55,52.41082583333334,33.01891741666667
3252,390537.447,Flight3_cam1-001-000220-0,-3098333.530417261,3483836.0581579832,332.7581787109375,NkuluEP,2020-01-16,2020-01-16 14:28:57.447,14:28:57,52.4104255,33.01895745
3253,390538.915,Flight3_cam1-001-000221-0,-3098345.5049933526,3483840.350236889,332.74896240234375,NkuluEP,2020-01-16,2020-01-16 14:28:58.915,14:28:58,52.41018083333334,33.01898191666667
3254,390540.917,Flight3_cam1-001-000222-0,-3098361.974576436,3483846.3446828867,332.7493591308594,NkuluEP,2020-01-16,2020-01-16 14:29:00.917,14:29:00,52.409847166666665,33.01901528333333
3255,390542.919,Flight3_cam1-001-000223-0,-3098379.0439910726,3483853.0777579676,332.67742919921875,NkuluEP,2020-01-16,2020-01-16 14:29:02.919,14:29:02,52.4095135,33.01904865
3256,390545.589,Flight3_cam1-001-000224-0,-3098400.8621729044,3483861.140969345,332.57110595703125,NkuluEP,2020-01-16,2020-01-16 14:29:05.589,14:29:05,52.409068500000004,33.019093149999996
3257,390546.923,Flight3_cam1-001-000225-0,-3098412.3105520923,3483865.209997726,332.46136474609375,NkuluEP,2020-01-16,2020-01-16 14:29:06.923,14:29:06,52.40884616666667,33.019115383333336
3258,390548.925,Flight3_cam1-001-000226-0,-3098428.507286945,3483871.3891162914,332.2912902832031,NkuluEP,2020-01-16,2020-01-16 14:29:08.925,14:29:08,52.40851250000001,33.01914875
3259,390550.927,Flight3_cam1-001-000227-0,-3098445.493064863,3483877.6428977307,332.27960205078125,NkuluEP,2020-01-16,2020-01-16 14:29:10.927,14:29:10,52.40817883333333,33.01918211666667
3260,390553.596,Flight3_cam1-001-000228-0,-3098467.1236834615,3483885.8469388974,332.18157958984375,NkuluEP,2020-01-16,2020-01-16 14:29:13.596,14:29:13,52.407734,33.0192266
3261,390554.931,Flight3_cam1-001-000229-0,-3098478.1716104457,3483889.825601087,332.23046875,NkuluEP,2020-01-16,2020-01-16 14:29:14.931,14:29:14,52.407511500000005,33.01924885
3262,390556.933,Flight3_cam1-001-000230-0,-3098494.5898973728,3483895.558971054,332.3697814941406,NkuluEP,2020-01-16,2020-01-16 14:29:16.933,14:29:16,52.407177833333336,33.01928221666667
3263,390558.935,Flight3_cam1-001-000231-0,-3098511.9929094934,3483901.7579782465,332.7013854980469,NkuluEP,2020-01-16,2020-01-16 14:29:18.935,14:29:18,52.406844166666666,33.01931558333333
3264,390561.071,Flight3_cam1-001-000232-0,-3098529.9481773535,3483908.4557741834,332.89453125,NkuluEP,2020-01-16,2020-01-16 14:29:21.071,14:29:21,52.40648816666667,33.019351183333335
3265,390563.473,Flight3_cam1-001-000233-0,-3098549.976018019,3483915.833450099,332.92535400390625,NkuluEP,2020-01-16,2020-01-16 14:29:23.473,14:29:23,52.40608783333334,33.01939121666667
3266,390564.941,Flight3_cam1-001-000234-0,-3098561.8311327035,3483920.253801346,332.8962707519531,NkuluEP,2020-01-16,2020-01-16 14:29:24.941,14:29:24,52.40584316666667,33.019415683333335
3267,390566.943,Flight3_cam1-001-000235-0,-3098578.1121507417,3483926.3919668295,332.80987548828125,NkuluEP,2020-01-16,2020-01-16 14:29:26.943,14:29:26,52.4055095,33.01944905
3268,390568.945,Flight3_cam1-001-000236-0,-3098595.191568412,3483932.651087683,332.84344482421875,NkuluEP,2020-01-16,2020-01-16 14:29:28.945,14:29:28,52.40517583333333,33.01948241666667
3269,390571.614,Flight3_cam1-001-000237-0,-3098617.075031794,3483940.763276509,332.9376220703125,NkuluEP,2020-01-16,2020-01-16 14:29:31.614,14:29:31,52.404731000000005,33.0195269
3270,390572.949,Flight3_cam1-001-000238-0,-3098628.4321260974,3483945.036176187,332.9106750488281,NkuluEP,2020-01-16,2020-01-16 14:29:32.949,14:29:32,52.4045085,33.01954915
3271,390574.951,Flight3_cam1-001-000239-0,-3098645.321163112,3483950.885602362,332.76611328125,NkuluEP,2020-01-16,2020-01-16 14:29:34.951,14:29:34,52.404174833333336,33.01958251666667
3272,390576.953,Flight3_cam1-001-000240-0,-3098662.417782656,3483956.941424008,332.8236389160156,NkuluEP,2020-01-16,2020-01-16 14:29:36.953,14:29:36,52.40384116666667,33.01961588333333
3273,390579.088,Flight3_cam1-001-000241-0,-3098680.392152125,3483963.3959474624,332.7684020996094,NkuluEP,2020-01-16,2020-01-16 14:29:39.088,14:29:39,52.403485333333336,33.019651466666666
3274,390581.491,Flight3_cam1-001-000242-0,-3098700.1583899413,3483970.6926006535,332.6600646972656,NkuluEP,2020-01-16,2020-01-16 14:29:41.491,14:29:41,52.40308483333334,33.01969151666667
3275,390582.959,Flight3_cam1-001-000243-0,-3098712.0078355893,3483975.1760164737,332.694580078125,NkuluEP,2020-01-16,2020-01-16 14:29:42.959,14:29:42,52.40284016666667,33.019715983333334
3276,390584.961,Flight3_cam1-001-000244-0,-3098728.588751341,3483981.378078889,332.6917724609375,NkuluEP,2020-01-16,2020-01-16 14:29:44.961,14:29:44,52.4025065,33.01974935
3277,390586.963,Flight3_cam1-001-000245-0,-3098745.9598249113,3483987.785828159,332.6407470703125,NkuluEP,2020-01-16,2020-01-16 14:29:46.963,14:29:46,52.40217283333334,33.01978271666667
3278,390589.499,Flight3_cam1-001-000246-0,-3098767.2779018064,3483995.917902194,332.5803527832031,NkuluEP,2020-01-16,2020-01-16 14:29:49.499,14:29:49,52.401750166666666,33.019824983333336
3279,390590.967,Flight3_cam1-001-000247-0,-3098779.06617583,3484000.8622625293,332.4720764160156,NkuluEP,2020-01-16,2020-01-16 14:29:50.967,14:29:50,52.4015055,33.01984945
3280,390592.969,Flight3_cam1-001-000248-0,-3098791.9504112313,3484012.4936192953,332.3752746582031,NkuluEP,2020-01-16,2020-01-16 14:29:52.969,14:29:52,52.401171833333336,33.019882816666666
3281,390594.971,Flight3_cam1-001-000249-0,-3098796.7332718614,3484030.0160484174,332.3175964355469,NkuluEP,2020-01-16,2020-01-16 14:29:54.971,14:29:54,52.40083816666667,33.019916183333336
3282,390597.106,Flight3_cam1-001-000250-0,-3098792.8250630395,3484048.342677464,332.1963195800781,NkuluEP,2020-01-16,2020-01-16 14:29:57.106,14:29:57,52.40048233333333,33.019951766666665
3283,390599.509,Flight3_cam1-001-000251-0,-3098785.879936159,3484065.751430741,332.15740966796875,NkuluEP,2020-01-16,2020-01-16 14:29:59.509,14:29:59,52.40008183333333,33.01999181666667
3284,390600.977,Flight3_cam1-001-000252-0,-3098782.261764681,3484076.423159835,332.1879577636719,NkuluEP,2020-01-16,2020-01-16 14:30:00.977,14:30:00,52.399837166666664,33.020016283333334
3285,390602.979,Flight3_cam1-001-000253-0,-3098773.5701033073,3484092.034330401,332.13299560546875,NkuluEP,2020-01-16,2020-01-16 14:30:02.979,14:30:02,52.3995035,33.02004965
3286,390604.981,Flight3_cam1-001-000254-0,-3098759.0345927575,3484100.572030118,332.1292724609375,NkuluEP,2020-01-16,2020-01-16 14:30:04.981,14:30:04,52.39916983333333,33.02008301666667
3287,390607.517,Flight3_cam1-001-000255-0,-3098739.80240241,3484098.6389776887,331.993896484375,NkuluEP,2020-01-16,2020-01-16 14:30:07.517,14:30:07,52.39874716666667,33.020125283333336
3288,390608.985,Flight3_cam1-001-000256-0,-3098729.656366395,3484094.184079071,331.8987731933594,NkuluEP,2020-01-16,2020-01-16 14:30:08.985,14:30:08,52.398502500000006,33.02014975
3289,390610.987,Flight3_cam1-001-000257-0,-3098715.7043987378,3484088.21851853,331.8906555175781,NkuluEP,2020-01-16,2020-01-16 14:30:10.987,14:30:10,52.39816883333333,33.020183116666665
3290,390612.989,Flight3_cam1-001-000258-0,-3098700.283420887,3484082.488493692,331.8749694824219,NkuluEP,2020-01-16,2020-01-16 14:30:12.989,14:30:12,52.39783516666667,33.020216483333336
3291,390615.525,Flight3_cam1-001-000259-0,-3098680.178302925,3484075.3566787234,331.8477478027344,NkuluEP,2020-01-16,2020-01-16 14:30:15.525,14:30:15,52.3974125,33.020258749999996
3292,390616.993,Flight3_cam1-001-000260-0,-3098668.470143789,3484071.2676819386,331.8297424316406,NkuluEP,2020-01-16,2020-01-16 14:30:16.993,14:30:16,52.397167833333334,33.02028321666667
3293,390618.995,Flight3_cam1-001-000261-0,-3098651.854588716,3484065.3741234387,331.8526916503906,NkuluEP,2020-01-16,2020-01-16 14:30:18.995,14:30:18,52.39683416666667,33.02031658333333
3294,390620.997,Flight3_cam1-001-000262-0,-3098634.6562165995,3484059.166584888,331.8156433105469,NkuluEP,2020-01-16,2020-01-16 14:30:20.997,14:30:20,52.39650050000001,33.020349949999996
3295,390622.999,Flight3_cam1-001-000263-0,-3098618.1070368635,3484053.1755631766,331.87445068359375,NkuluEP,2020-01-16,2020-01-16 14:30:22.999,14:30:22,52.39616683333333,33.02038331666667
3296,390625.535,Flight3_cam1-001-000264-0,-3098597.1335700843,3484045.316927634,331.92059326171875,NkuluEP,2020-01-16,2020-01-16 14:30:25.535,14:30:25,52.395744166666674,33.020425583333335
3297,390627.003,Flight3_cam1-001-000265-0,-3098585.276654122,3484041.019055632,331.9396667480469,NkuluEP,2020-01-16,2020-01-16 14:30:27.003,14:30:27,52.3954995,33.02045005
3298,390629.005,Flight3_cam1-001-000266-0,-3098568.7257509786,3484034.802318253,331.9620361328125,NkuluEP,2020-01-16,2020-01-16 14:30:29.005,14:30:29,52.39516583333334,33.020483416666664
3299,390631.007,Flight3_cam1-001-000267-0,-3098551.5093979426,3484028.496181751,331.9866943359375,NkuluEP,2020-01-16,2020-01-16 14:30:31.007,14:30:31,52.394832166666674,33.020516783333335
3300,390633.543,Flight3_cam1-001-000268-0,-3098530.3620124348,3484020.9549019965,331.9783020019531,NkuluEP,2020-01-16,2020-01-16 14:30:33.543,14:30:33,52.3944095,33.02055905
3301,390634.877,Flight3_cam1-001-000269-0,-3098519.745719808,3484017.101556774,331.9716796875,NkuluEP,2020-01-16,2020-01-16 14:30:34.877,14:30:34,52.394187166666676,33.020581283333335
3302,390636.879,Flight3_cam1-001-000270-0,-3098502.5222387156,3484010.665864098,331.9227600097656,NkuluEP,2020-01-16,2020-01-16 14:30:36.879,14:30:36,52.3938535,33.02061465
3303,390638.881,Flight3_cam1-001-000271-0,-3098485.9204965592,3484004.5119247176,331.9090270996094,NkuluEP,2020-01-16,2020-01-16 14:30:38.881,14:30:38,52.393519833333336,33.02064801666667
3304,390641.017,Flight3_cam1-001-000272-0,-3098467.9404698648,3483997.97422207,331.9217224121094,NkuluEP,2020-01-16,2020-01-16 14:30:41.017,14:30:41,52.39316383333334,33.020683616666666
3305,390643.552,Flight3_cam1-001-000273-0,-3098446.857012464,3483990.3168740724,331.9233703613281,NkuluEP,2020-01-16,2020-01-16 14:30:43.552,14:30:43,52.39274133333333,33.020725866666666
3306,390644.887,Flight3_cam1-001-000274-0,-3098435.5923692468,3483986.2012879145,331.9507141113281,NkuluEP,2020-01-16,2020-01-16 14:30:44.887,14:30:44,52.39251883333334,33.02074811666667
3307,390646.889,Flight3_cam1-001-000275-0,-3098419.1660521943,3483980.1541548083,331.9540710449219,NkuluEP,2020-01-16,2020-01-16 14:30:46.889,14:30:46,52.392185166666664,33.02078148333333
3308,390648.891,Flight3_cam1-001-000276-0,-3098402.6258757804,3483974.1017849557,331.9233703613281,NkuluEP,2020-01-16,2020-01-16 14:30:48.891,14:30:48,52.3918515,33.02081485
3309,390651.56,Flight3_cam1-001-000277-0,-3098380.231608582,3483965.9320440264,331.99658203125,NkuluEP,2020-01-16,2020-01-16 14:30:51.560,14:30:51,52.39140666666667,33.020859333333334
3310,390652.895,Flight3_cam1-001-000278-0,-3098369.56161467,3483962.1483289036,332.0556640625,NkuluEP,2020-01-16,2020-01-16 14:30:52.895,14:30:52,52.39118416666667,33.020881583333335
3311,390654.897,Flight3_cam1-001-000279-0,-3098352.2899195375,3483955.6611062577,332.14306640625,NkuluEP,2020-01-16,2020-01-16 14:30:54.897,14:30:54,52.3908505,33.02091495
3312,390656.899,Flight3_cam1-001-000280-0,-3098335.7293858402,3483949.5501145334,332.19354248046875,NkuluEP,2020-01-16,2020-01-16 14:30:56.899,14:30:56,52.390516833333336,33.02094831666667
3313,390659.035,Flight3_cam1-001-000281-0,-3098317.7705531707,3483943.0077404534,332.20806884765625,NkuluEP,2020-01-16,2020-01-16 14:30:59.035,14:30:59,52.39016083333334,33.020983916666665
3314,390661.437,Flight3_cam1-001-000282-0,-3098297.8024195456,3483935.746621895,332.155517578125,NkuluEP,2020-01-16,2020-01-16 14:31:01.437,14:31:01,52.38976050000001,33.02102395
3315,390662.905,Flight3_cam1-001-000283-0,-3098285.316615956,3483930.978709625,332.1676025390625,NkuluEP,2020-01-16,2020-01-16 14:31:02.905,14:31:02,52.389515833333334,33.021048416666666
3316,390664.907,Flight3_cam1-001-000284-0,-3098268.8969193664,3483924.721250845,332.1099548339844,NkuluEP,2020-01-16,2020-01-16 14:31:04.907,14:31:04,52.389182166666664,33.02108178333333
3317,390666.909,Flight3_cam1-001-000285-0,-3098252.3142747567,3483918.8808575533,332.18719482421875,NkuluEP,2020-01-16,2020-01-16 14:31:06.909,14:31:06,52.3888485,33.02111515
3318,390669.578,Flight3_cam1-001-000286-0,-3098229.82276098,3483910.541552274,332.210205078125,NkuluEP,2020-01-16,2020-01-16 14:31:09.578,14:31:09,52.38840366666667,33.02115963333333
3319,390670.913,Flight3_cam1-001-000287-0,-3098219.105408155,3483906.59447106,332.20819091796875,NkuluEP,2020-01-16,2020-01-16 14:31:10.913,14:31:10,52.38818116666667,33.021181883333334
3320,390672.915,Flight3_cam1-001-000288-0,-3098201.8730563475,3483900.3603726393,332.27374267578125,NkuluEP,2020-01-16,2020-01-16 14:31:12.915,14:31:12,52.38784750000001,33.02121525
3321,390674.917,Flight3_cam1-001-000289-0,-3098185.445436266,3483894.2866343455,332.3148193359375,NkuluEP,2020-01-16,2020-01-16 14:31:14.917,14:31:14,52.38751383333333,33.02124861666667
3322,390677.586,Flight3_cam1-001-000290-0,-3098163.1427957746,3483885.71031031,332.39410400390625,NkuluEP,2020-01-16,2020-01-16 14:31:17.586,14:31:17,52.387069000000004,33.0212931
3323,390678.921,Flight3_cam1-001-000291-0,-3098152.5711621647,3483881.7019538446,332.37799072265625,NkuluEP,2020-01-16,2020-01-16 14:31:18.921,14:31:18,52.386846500000004,33.02131535
3324,390680.923,Flight3_cam1-001-000292-0,-3098135.248036261,3483875.424562491,332.3852233886719,NkuluEP,2020-01-16,2020-01-16 14:31:20.923,14:31:20,52.386512833333335,33.021348716666665
3325,390682.925,Flight3_cam1-001-000293-0,-3098118.5945343706,3483869.5130707202,332.4729309082031,NkuluEP,2020-01-16,2020-01-16 14:31:22.925,14:31:22,52.38617916666667,33.021382083333336
3326,390685.06,Flight3_cam1-001-000294-0,-3098100.7252097316,3483863.0819801944,332.4453430175781,NkuluEP,2020-01-16,2020-01-16 14:31:25.060,14:31:25,52.385823333333335,33.021417666666665
3327,390687.463,Flight3_cam1-001-000295-0,-3098080.8912994624,3483855.808332268,332.3406677246094,NkuluEP,2020-01-16,2020-01-16 14:31:27.463,14:31:27,52.38542283333334,33.02145771666667
3328,390688.931,Flight3_cam1-001-000296-0,-3098068.9648348726,3483851.442141766,332.34375,NkuluEP,2020-01-16,2020-01-16 14:31:28.931,14:31:28,52.38517816666667,33.02148218333333
3329,390690.933,Flight3_cam1-001-000297-0,-3098051.808776737,3483845.047299265,332.3486328125,NkuluEP,2020-01-16,2020-01-16 14:31:30.933,14:31:30,52.3848445,33.02151555
3330,390692.935,Flight3_cam1-001-000298-0,-3098035.286244546,3483838.98625976,332.361083984375,NkuluEP,2020-01-16,2020-01-16 14:31:32.935,14:31:32,52.38451083333334,33.02154891666667
3331,390695.604,Flight3_cam1-001-000299-0,-3098012.811911544,3483830.6703414223,332.3885498046875,NkuluEP,2020-01-16,2020-01-16 14:31:35.604,14:31:35,52.384066000000004,33.0215934
3332,390696.939,Flight3_cam1-001-000300-0,-3098002.254260786,3483826.827131528,332.4149169921875,NkuluEP,2020-01-16,2020-01-16 14:31:36.939,14:31:36,52.3838435,33.02161565
3333,390698.941,Flight3_cam1-001-000301-0,-3097985.0900601847,3483820.5611024485,332.43408203125,NkuluEP,2020-01-16,2020-01-16 14:31:38.941,14:31:38,52.383509833333335,33.021649016666665
3334,390700.943,Flight3_cam1-001-000302-0,-3097968.2918470297,3483814.623281689,332.5093994140625,NkuluEP,2020-01-16,2020-01-16 14:31:40.943,14:31:40,52.383176166666665,33.021682383333335
3335,390703.078,Flight3_cam1-001-000303-0,-3097950.452904544,3483808.121398602,332.551025390625,NkuluEP,2020-01-16,2020-01-16 14:31:43.078,14:31:43,52.38282033333334,33.021717966666664
3336,390705.481,Flight3_cam1-001-000304-0,-3097930.888806277,3483800.380397941,332.5120544433594,NkuluEP,2020-01-16,2020-01-16 14:31:45.481,14:31:45,52.38241983333333,33.021758016666666
3337,390706.949,Flight3_cam1-001-000305-0,-3097919.022105243,3483795.959818639,332.44744873046875,NkuluEP,2020-01-16,2020-01-16 14:31:46.949,14:31:46,52.38217516666666,33.02178248333333
3338,390708.951,Flight3_cam1-001-000306-0,-3097901.7938171444,3483789.8075463655,332.42877197265625,NkuluEP,2020-01-16,2020-01-16 14:31:48.951,14:31:48,52.3818415,33.02181585
3339,390710.953,Flight3_cam1-001-000307-0,-3097885.153723256,3483783.77592268,332.3936767578125,NkuluEP,2020-01-16,2020-01-16 14:31:50.953,14:31:50,52.38150783333334,33.021849216666666
3340,390713.622,Flight3_cam1-001-000308-0,-3097862.486255237,3483775.586958331,332.35357666015625,NkuluEP,2020-01-16,2020-01-16 14:31:53.622,14:31:53,52.381063000000005,33.0218937
3341,390714.957,Flight3_cam1-001-000309-0,-3097851.994143426,3483771.5819238275,332.37261962890625,NkuluEP,2020-01-16,2020-01-16 14:31:54.957,14:31:54,52.380840500000005,33.02191595
3342,390716.959,Flight3_cam1-001-000310-0,-3097834.930851724,3483765.3250890775,332.36236572265625,NkuluEP,2020-01-16,2020-01-16 14:31:56.959,14:31:56,52.38050683333334,33.021949316666664
3343,390718.961,Flight3_cam1-001-000311-0,-3097818.5175483427,3483759.062890936,332.3138122558594,NkuluEP,2020-01-16,2020-01-16 14:31:58.961,14:31:58,52.380173166666665,33.021982683333334
3344,390721.096,Flight3_cam1-001-000312-0,-3097800.600614387,3483752.4868976716,332.2778625488281,NkuluEP,2020-01-16,2020-01-16 14:32:01.096,14:32:01,52.379817333333335,33.02201826666666
3345,390723.499,Flight3_cam1-001-000313-0,-3097780.5425141845,3483745.2446909733,332.23980712890625,NkuluEP,2020-01-16,2020-01-16 14:32:03.499,14:32:03,52.37941683333333,33.022058316666666
3346,390724.967,Flight3_cam1-001-000314-0,-3097767.950058762,3483740.766155723,332.2579040527344,NkuluEP,2020-01-16,2020-01-16 14:32:04.967,14:32:04,52.37917216666667,33.02208278333333
3347,390726.969,Flight3_cam1-001-000315-0,-3097751.339357084,3483734.5506143803,332.20037841796875,NkuluEP,2020-01-16,2020-01-16 14:32:06.969,14:32:06,52.37883850000001,33.02211615
3348,390728.971,Flight3_cam1-001-000316-0,-3097734.7459258065,3483728.705152121,332.191162109375,NkuluEP,2020-01-16,2020-01-16 14:32:08.971,14:32:08,52.37850483333333,33.022149516666666
3349,390731.507,Flight3_cam1-001-000317-0,-3097713.728831933,3483721.0410227105,332.15618896484375,NkuluEP,2020-01-16,2020-01-16 14:32:11.507,14:32:11,52.37808216666667,33.022191783333334
3350,390732.975,Flight3_cam1-001-000318-0,-3097701.869597848,3483716.554009589,332.1488037109375,NkuluEP,2020-01-16,2020-01-16 14:32:12.975,14:32:12,52.377837500000005,33.02221625
3351,390734.977,Flight3_cam1-001-000319-0,-3097684.636180063,3483710.2595321005,332.14013671875,NkuluEP,2020-01-16,2020-01-16 14:32:14.977,14:32:14,52.377503833333336,33.02224961666666
3352,390736.979,Flight3_cam1-001-000320-0,-3097668.0611993405,3483704.0080706286,332.098876953125,NkuluEP,2020-01-16,2020-01-16 14:32:16.979,14:32:16,52.37717016666667,33.022282983333334
3353,390738.981,Flight3_cam1-001-000321-0,-3097651.4306594115,3483697.792200401,332.0269775390625,NkuluEP,2020-01-16,2020-01-16 14:32:18.981,14:32:18,52.376836499999996,33.02231635
3354,390741.516,Flight3_cam1-001-000322-0,-3097630.244736369,3483690.089068903,331.9859619140625,NkuluEP,2020-01-16,2020-01-16 14:32:21.516,14:32:21,52.376414000000004,33.0223586
3355,390742.985,Flight3_cam1-001-000323-0,-3097617.786710938,3483685.4940983793,331.96331787109375,NkuluEP,2020-01-16,2020-01-16 14:32:22.985,14:32:22,52.37616916666667,33.02238308333333
3356,390744.987,Flight3_cam1-001-000324-0,-3097601.1955533046,3483679.3626287603,331.86529541015625,NkuluEP,2020-01-16,2020-01-16 14:32:24.987,14:32:24,52.3758355,33.02241645
3357,390746.989,Flight3_cam1-001-000325-0,-3097584.4780056546,3483673.1976872315,331.8634948730469,NkuluEP,2020-01-16,2020-01-16 14:32:26.989,14:32:26,52.37550183333334,33.022449816666665
3358,390749.524,Flight3_cam1-001-000326-0,-3097563.6257041288,3483665.497709189,331.8318786621094,NkuluEP,2020-01-16,2020-01-16 14:32:29.524,14:32:29,52.37507933333334,33.022492066666665
3359,390750.993,Flight3_cam1-001-000327-0,-3097551.7878937335,3483661.199351481,331.8284912109375,NkuluEP,2020-01-16,2020-01-16 14:32:30.993,14:32:30,52.3748345,33.02251655
3360,390752.995,Flight3_cam1-001-000328-0,-3097534.5755335754,3483654.861772818,331.8240051269531,NkuluEP,2020-01-16,2020-01-16 14:32:32.995,14:32:32,52.374500833333336,33.02254991666667
3361,390754.997,Flight3_cam1-001-000329-0,-3097517.9721604786,3483648.773917579,331.8775329589844,NkuluEP,2020-01-16,2020-01-16 14:32:34.997,14:32:34,52.37416716666667,33.02258328333333
3362,390756.999,Flight3_cam1-001-000330-0,-3097501.43294942,3483642.569014162,331.8569030761719,NkuluEP,2020-01-16,2020-01-16 14:32:36.999,14:32:36,52.3738335,33.022616649999996
3363,390759.534,Flight3_cam1-001-000331-0,-3097480.0804901756,3483634.7064858247,331.8108825683594,NkuluEP,2020-01-16,2020-01-16 14:32:39.534,14:32:39,52.373411000000004,33.022658899999996
3364,390761.002,Flight3_cam1-001-000332-0,-3097467.443931701,3483630.0301482007,331.7698059082031,NkuluEP,2020-01-16,2020-01-16 14:32:41.002,14:32:41,52.37316633333334,33.02268336666666
3365,390763.004,Flight3_cam1-001-000333-0,-3097450.752638597,3483623.948504578,331.7569580078125,NkuluEP,2020-01-16,2020-01-16 14:32:43.004,14:32:43,52.37283266666667,33.02271673333333
3366,390765.006,Flight3_cam1-001-000334-0,-3097434.13472085,3483618.0713045024,331.7334899902344,NkuluEP,2020-01-16,2020-01-16 14:32:45.006,14:32:45,52.372499000000005,33.022750099999996
3367,390767.542,Flight3_cam1-001-000335-0,-3097412.839990907,3483610.36334197,331.6413269042969,NkuluEP,2020-01-16,2020-01-16 14:32:47.542,14:32:47,52.37207633333333,33.022792366666664
3368,390768.877,Flight3_cam1-001-000336-0,-3097401.7035536296,3483606.17464196,331.63275146484375,NkuluEP,2020-01-16,2020-01-16 14:32:48.877,14:32:48,52.37185383333334,33.022814616666665
3369,390770.879,Flight3_cam1-001-000337-0,-3097385.394411641,3483599.9850317594,331.6527099609375,NkuluEP,2020-01-16,2020-01-16 14:32:50.879,14:32:50,52.37152016666666,33.022847983333335
3370,390772.881,Flight3_cam1-001-000338-0,-3097368.753751916,3483593.932081965,331.6494445800781,NkuluEP,2020-01-16,2020-01-16 14:32:52.881,14:32:52,52.3711865,33.02288135
3371,390775.016,Flight3_cam1-001-000339-0,-3097350.780089867,3483587.304640648,331.6029357910156,NkuluEP,2020-01-16,2020-01-16 14:32:55.016,14:32:55,52.37083066666667,33.022916933333335
3372,390777.552,Flight3_cam1-001-000340-0,-3097329.673101993,3483579.435405774,331.55303955078125,NkuluEP,2020-01-16,2020-01-16 14:32:57.552,14:32:57,52.370408,33.0229592
3373,390778.887,Flight3_cam1-001-000341-0,-3097318.4100956433,3483575.2259903043,331.539306640625,NkuluEP,2020-01-16,2020-01-16 14:32:58.887,14:32:58,52.370185500000005,33.022981449999996
3374,390780.889,Flight3_cam1-001-000342-0,-3097301.9163058717,3483569.1023040065,331.50958251953125,NkuluEP,2020-01-16,2020-01-16 14:33:00.889,14:33:00,52.36985183333333,33.02301481666667
3375,390782.891,Flight3_cam1-001-000343-0,-3097285.378374269,3483562.972391279,331.4493713378906,NkuluEP,2020-01-16,2020-01-16 14:33:02.891,14:33:02,52.369518166666666,33.02304818333333
3376,390785.56,Flight3_cam1-001-000344-0,-3097262.894410831,3483554.655361371,331.37945556640625,NkuluEP,2020-01-16,2020-01-16 14:33:05.560,14:33:05,52.36907333333333,33.02309266666666
3377,390786.895,Flight3_cam1-001-000345-0,-3097251.6223754017,3483550.5754472003,331.384033203125,NkuluEP,2020-01-16,2020-01-16 14:33:06.895,14:33:06,52.36885083333333,33.023114916666664
3378,390788.897,Flight3_cam1-001-000346-0,-3097234.9910548613,3483544.53330035,331.3627624511719,NkuluEP,2020-01-16,2020-01-16 14:33:08.897,14:33:08,52.36851716666667,33.023148283333335
3379,390790.899,Flight3_cam1-001-000347-0,-3097218.3700086167,3483538.4633619455,331.3890380859375,NkuluEP,2020-01-16,2020-01-16 14:33:10.899,14:33:10,52.36818350000001,33.02318165
3380,390793.568,Flight3_cam1-001-000348-0,-3097195.3422299097,3483537.7530388623,331.50885009765625,NkuluEP,2020-01-16,2020-01-16 14:33:13.568,14:33:13,52.36773866666666,33.02322613333333
3381,390794.903,Flight3_cam1-001-000349-0,-3097186.110879655,3483543.945929361,331.5208740234375,NkuluEP,2020-01-16,2020-01-16 14:33:14.903,14:33:14,52.36751616666667,33.02324838333333
3382,390796.905,Flight3_cam1-001-000350-0,-3097178.3168172487,3483559.28888144,331.5527038574219,NkuluEP,2020-01-16,2020-01-16 14:33:16.905,14:33:16,52.3671825,33.02328175
3383,390798.907,Flight3_cam1-001-000351-0,-3097174.4846527586,3483577.454138908,331.6981506347656,NkuluEP,2020-01-16,2020-01-16 14:33:18.907,14:33:18,52.366848833333336,33.023315116666666
3384,390801.576,Flight3_cam1-001-000352-0,-3097169.587790127,3483597.392230787,331.6355895996094,NkuluEP,2020-01-16,2020-01-16 14:33:21.576,14:33:21,52.366404,33.0233596
3385,390802.911,Flight3_cam1-001-000353-0,-3097168.5992488298,3483608.0631228145,331.7137756347656,NkuluEP,2020-01-16,2020-01-16 14:33:22.911,14:33:22,52.366181499999996,33.02338185
3386,390804.913,Flight3_cam1-001-000354-0,-3097172.760885463,3483624.7481732266,331.8150329589844,NkuluEP,2020-01-16,2020-01-16 14:33:24.913,14:33:24,52.36584783333333,33.02341521666666
3387,390806.915,Flight3_cam1-001-000355-0,-3097184.403052578,3483637.561701783,331.7091064453125,NkuluEP,2020-01-16,2020-01-16 14:33:26.915,14:33:26,52.36551416666667,33.023448583333334
3388,390809.05,Flight3_cam1-001-000356-0,-3097201.0084811575,3483644.9280870217,331.61541748046875,NkuluEP,2020-01-16,2020-01-16 14:33:29.050,14:33:29,52.36515833333334,33.02348416666666
3389,390811.453,Flight3_cam1-001-000357-0,-3097220.465824336,3483651.1540072747,331.4181213378906,NkuluEP,2020-01-16,2020-01-16 14:33:31.453,14:33:31,52.364757833333336,33.023524216666665
3390,390812.921,Flight3_cam1-001-000358-0,-3097231.2833694005,3483655.122789313,331.31494140625,NkuluEP,2020-01-16,2020-01-16 14:33:32.921,14:33:32,52.364513166666676,33.02354868333333
3391,390814.923,Flight3_cam1-001-000359-0,-3097246.724188289,3483660.7237277552,331.3580627441406,NkuluEP,2020-01-16,2020-01-16 14:33:34.923,14:33:34,52.3641795,33.02358205
3392,390816.925,Flight3_cam1-001-000360-0,-3097263.1541583072,3483666.942962401,331.311279296875,NkuluEP,2020-01-16,2020-01-16 14:33:36.925,14:33:36,52.363845833333336,33.023615416666665
3393,390819.594,Flight3_cam1-001-000361-0,-3097285.5359762264,3483675.638215353,331.52581787109375,NkuluEP,2020-01-16,2020-01-16 14:33:39.594,14:33:39,52.363401,33.0236599
3394,390820.929,Flight3_cam1-001-000362-0,-3097297.1276196674,3483679.9321453995,331.5577392578125,NkuluEP,2020-01-16,2020-01-16 14:33:40.929,14:33:40,52.363178500000004,33.02368215
3395,390822.931,Flight3_cam1-001-000363-0,-3097313.6902751946,3483685.996058131,331.458251953125,NkuluEP,2020-01-16,2020-01-16 14:33:42.931,14:33:42,52.36284483333334,33.02371551666666
3396,390824.933,Flight3_cam1-001-000364-0,-3097330.1431375784,3483691.8729614145,331.3809814453125,NkuluEP,2020-01-16,2020-01-16 14:33:44.933,14:33:44,52.362511166666664,33.02374888333333
3397,390827.068,Flight3_cam1-001-000365-0,-3097347.9508331623,3483698.2055238625,331.37255859375,NkuluEP,2020-01-16,2020-01-16 14:33:47.068,14:33:47,52.362155333333334,33.02378446666667
3398,390829.47,Flight3_cam1-001-000366-0,-3097367.450690646,3483705.5307779256,331.3368225097656,NkuluEP,2020-01-16,2020-01-16 14:33:49.470,14:33:49,52.36175500000001,33.023824499999996
3399,390830.939,Flight3_cam1-001-000367-0,-3097380.278501723,3483710.140784784,331.3752746582031,NkuluEP,2020-01-16,2020-01-16 14:33:50.939,14:33:50,52.36151016666667,33.02384898333333
3400,390832.941,Flight3_cam1-001-000368-0,-3097397.105416231,3483716.302342271,331.32696533203125,NkuluEP,2020-01-16,2020-01-16 14:33:52.941,14:33:52,52.361176500000006,33.02388235
3401,390834.943,Flight3_cam1-001-000369-0,-3097413.3740694323,3483722.3569362853,331.32086181640625,NkuluEP,2020-01-16,2020-01-16 14:33:54.943,14:33:54,52.36084283333333,33.023915716666664
3402,390838.279,Flight3_cam1-001-000370-0,-3097441.060486832,3483732.675035549,331.5110778808594,NkuluEP,2020-01-16,2020-01-16 14:33:58.279,14:33:58,52.36028683333334,33.02397131666667
3403,390838.947,Flight3_cam1-001-000371-0,-3097447.289297093,3483734.8516740855,331.5244140625,NkuluEP,2020-01-16,2020-01-16 14:33:58.947,14:33:58,52.360175500000004,33.02398245
3404,390840.949,Flight3_cam1-001-000372-0,-3097463.8724936065,3483741.013281146,331.53961181640625,NkuluEP,2020-01-16,2020-01-16 14:34:00.949,14:34:00,52.359841833333334,33.02401581666667
3405,390842.951,Flight3_cam1-001-000373-0,-3097480.5451517547,3483747.0036057946,331.6755676269531,NkuluEP,2020-01-16,2020-01-16 14:34:02.951,14:34:02,52.35950816666667,33.02404918333333
3406,390845.086,Flight3_cam1-001-000374-0,-3097498.5687966538,3483753.587733505,331.6492614746094,NkuluEP,2020-01-16,2020-01-16 14:34:05.086,14:34:05,52.359152333333334,33.02408476666667
3407,390848.156,Flight3_cam1-001-000375-0,-3097523.809028153,3483763.5254821745,331.56427001953125,NkuluEP,2020-01-16,2020-01-16 14:34:08.156,14:34:08,52.358640666666666,33.02413593333333
3408,390848.957,Flight3_cam1-001-000376-0,-3097530.4754771097,3483765.9116842938,331.5135498046875,NkuluEP,2020-01-16,2020-01-16 14:34:08.957,14:34:08,52.35850716666667,33.02414928333333
3409,390850.959,Flight3_cam1-001-000377-0,-3097546.9204596044,3483772.1464622924,331.4562683105469,NkuluEP,2020-01-16,2020-01-16 14:34:10.959,14:34:10,52.35817350000001,33.02418265
3410,390852.96,Flight3_cam1-001-000378-0,-3097563.3520092196,3483778.4323708424,331.3499450683594,NkuluEP,2020-01-16,2020-01-16 14:34:12.960,14:34:12,52.357839999999996,33.024216
3411,390855.496,Flight3_cam1-001-000379-0,-3097584.571521088,3483786.139189168,331.3467102050781,NkuluEP,2020-01-16,2020-01-16 14:34:15.496,14:34:15,52.35741733333334,33.02425826666666
3412,390856.964,Flight3_cam1-001-000380-0,-3097597.182275316,3483790.765747177,331.2706298828125,NkuluEP,2020-01-16,2020-01-16 14:34:16.964,14:34:16,52.35717266666667,33.02428273333333
3413,390858.966,Flight3_cam1-001-000381-0,-3097613.6622035014,3483796.90296799,331.1617126464844,NkuluEP,2020-01-16,2020-01-16 14:34:18.966,14:34:18,52.356839,33.0243161
3414,390860.968,Flight3_cam1-001-000382-0,-3097630.164765198,3483802.7366797165,331.1715393066406,NkuluEP,2020-01-16,2020-01-16 14:34:20.968,14:34:20,52.35650533333334,33.02434946666666
3415,390863.104,Flight3_cam1-001-000383-0,-3097648.0984945926,3483809.160441089,331.1681823730469,NkuluEP,2020-01-16,2020-01-16 14:34:23.104,14:34:23,52.356149333333335,33.02438506666667
3416,390865.506,Flight3_cam1-001-000384-0,-3097667.9537293343,3483816.6064859875,331.199462890625,NkuluEP,2020-01-16,2020-01-16 14:34:25.506,14:34:25,52.355749,33.0244251
3417,390866.974,Flight3_cam1-001-000385-0,-3097680.5258704047,3483821.1864349204,331.2225646972656,NkuluEP,2020-01-16,2020-01-16 14:34:26.974,14:34:26,52.355504333333336,33.02444956666667
3418,390868.976,Flight3_cam1-001-000386-0,-3097697.2045128024,3483827.29561442,331.1883239746094,NkuluEP,2020-01-16,2020-01-16 14:34:28.976,14:34:28,52.355170666666666,33.02448293333333
3419,390870.978,Flight3_cam1-001-000387-0,-3097713.709029014,3483833.485027708,331.1337585449219,NkuluEP,2020-01-16,2020-01-16 14:34:30.978,14:34:30,52.354837,33.0245163
3420,390873.514,Flight3_cam1-001-000388-0,-3097734.684583748,3483840.9089700095,331.1869201660156,NkuluEP,2020-01-16,2020-01-16 14:34:33.514,14:34:33,52.35441433333333,33.02455856666666
3421,390874.982,Flight3_cam1-001-000389-0,-3097747.3969778484,3483845.40967115,331.153564453125,NkuluEP,2020-01-16,2020-01-16 14:34:34.982,14:34:34,52.354169666666664,33.024583033333336
3422,390876.984,Flight3_cam1-001-000390-0,-3097763.935846704,3483851.5882636155,331.1231384277344,NkuluEP,2020-01-16,2020-01-16 14:34:36.984,14:34:36,52.353836,33.0246164
3423,390878.986,Flight3_cam1-001-000391-0,-3097780.4407104105,3483857.939135955,331.0450439453125,NkuluEP,2020-01-16,2020-01-16 14:34:38.986,14:34:38,52.35350233333334,33.02464976666666
3424,390880.988,Flight3_cam1-001-000392-0,-3097796.954782558,3483863.8658899814,330.9693603515625,NkuluEP,2020-01-16,2020-01-16 14:34:40.988,14:34:40,52.35316866666667,33.02468313333333
3425,390883.524,Flight3_cam1-001-000393-0,-3097818.2899365113,3483871.4534365037,330.9254150390625,NkuluEP,2020-01-16,2020-01-16 14:34:43.524,14:34:43,52.352746,33.0247254
3426,390884.992,Flight3_cam1-001-000394-0,-3097830.636807319,3483876.141525715,330.8848571777344,NkuluEP,2020-01-16,2020-01-16 14:34:44.992,14:34:44,52.35250133333333,33.02474986666667
3427,390886.994,Flight3_cam1-001-000395-0,-3097847.1574954223,3483882.236598311,330.8861083984375,NkuluEP,2020-01-16,2020-01-16 14:34:46.994,14:34:46,52.352167666666666,33.02478323333333
3428,390888.996,Flight3_cam1-001-000396-0,-3097863.8752329387,3483888.5964434426,331.00836181640625,NkuluEP,2020-01-16,2020-01-16 14:34:48.996,14:34:48,52.351834000000004,33.0248166
3429,390891.532,Flight3_cam1-001-000397-0,-3097885.071542182,3483896.348704898,331.07525634765625,NkuluEP,2020-01-16,2020-01-16 14:34:51.532,14:34:51,52.35141133333333,33.02485886666667
3430,390893.0,Flight3_cam1-001-000398-0,-3097897.5824264423,3483900.952158149,331.1291198730469,NkuluEP,2020-01-16,2020-01-16 14:34:53.000,14:34:53,52.35116666666667,33.024883333333335
3431,390895.002,Flight3_cam1-001-000399-0,-3097914.119410499,3483907.045029154,331.2500915527344,NkuluEP,2020-01-16,2020-01-16 14:34:55.002,14:34:55,52.35083300000001,33.0249167
3432,390897.004,Flight3_cam1-001-000400-0,-3097930.6198675516,3483913.1326828846,331.351318359375,NkuluEP,2020-01-16,2020-01-16 14:34:57.004,14:34:57,52.35049933333333,33.02495006666667
3433,390899.54,Flight3_cam1-001-000401-0,-3097951.62360929,3483920.81190267,331.4864196777344,NkuluEP,2020-01-16,2020-01-16 14:34:59.540,14:34:59,52.35007666666667,33.02499233333333
3434,390901.008,Flight3_cam1-001-000402-0,-3097964.2728838646,3483925.4377195803,331.57269287109375,NkuluEP,2020-01-16,2020-01-16 14:35:01.008,14:35:01,52.349832000000006,33.025016799999996
3435,390903.01,Flight3_cam1-001-000403-0,-3097980.869603153,3483931.533874129,331.6324768066406,NkuluEP,2020-01-16,2020-01-16 14:35:03.010,14:35:03,52.34949833333334,33.02505016666667
3436,390905.012,Flight3_cam1-001-000404-0,-3097997.4218113907,3483937.6931098066,331.69891357421875,NkuluEP,2020-01-16,2020-01-16 14:35:05.012,14:35:05,52.349164666666674,33.02508353333333
3437,390907.014,Flight3_cam1-001-000405-0,-3098013.8266928983,3483943.825096733,331.7430725097656,NkuluEP,2020-01-16,2020-01-16 14:35:07.014,14:35:07,52.348831,33.0251169
3438,390909.55,Flight3_cam1-001-000406-0,-3098034.8490364957,3483951.574323286,331.66094970703125,NkuluEP,2020-01-16,2020-01-16 14:35:09.550,14:35:09,52.34840833333334,33.02515916666667
3439,390911.018,Flight3_cam1-001-000407-0,-3098047.7969593536,3483956.1887295083,331.5317077636719,NkuluEP,2020-01-16,2020-01-16 14:35:11.018,14:35:11,52.34816366666667,33.025183633333334
3440,390912.887,Flight3_cam1-001-000408-0,-3098062.8778799996,3483961.830440714,331.47088623046875,NkuluEP,2020-01-16,2020-01-16 14:35:12.887,14:35:12,52.34785216666667,33.02521478333333
3441,390914.889,Flight3_cam1-001-000409-0,-3098080.030849985,3483968.274104273,331.5008850097656,NkuluEP,2020-01-16,2020-01-16 14:35:14.889,14:35:14,52.3475185,33.02524815
3442,390917.558,Flight3_cam1-001-000410-0,-3098102.1188044506,3483976.342239554,331.4303283691406,NkuluEP,2020-01-16,2020-01-16 14:35:17.558,14:35:17,52.34707366666667,33.025292633333336
3443,390918.893,Flight3_cam1-001-000411-0,-3098113.5783431833,3483980.393459125,331.29693603515625,NkuluEP,2020-01-16,2020-01-16 14:35:18.893,14:35:18,52.346851166666674,33.02531488333333
3444,390920.895,Flight3_cam1-001-000412-0,-3098129.768967621,3483986.216324568,331.2657470703125,NkuluEP,2020-01-16,2020-01-16 14:35:20.895,14:35:20,52.3465175,33.02534825
3445,390922.897,Flight3_cam1-001-000413-0,-3098146.067959054,3483992.114717445,331.1860656738281,NkuluEP,2020-01-16,2020-01-16 14:35:22.897,14:35:22,52.346183833333335,33.025381616666664
3446,390925.566,Flight3_cam1-001-000414-0,-3098167.630401161,3484000.0466182507,331.425048828125,NkuluEP,2020-01-16,2020-01-16 14:35:25.566,14:35:25,52.345739,33.0254261
3447,390926.901,Flight3_cam1-001-000415-0,-3098178.5165472436,3484004.1219968875,331.6170349121094,NkuluEP,2020-01-16,2020-01-16 14:35:26.901,14:35:26,52.3455165,33.02544835
3448,390928.903,Flight3_cam1-001-000416-0,-3098194.7862602575,3484010.1773801525,331.84783935546875,NkuluEP,2020-01-16,2020-01-16 14:35:28.903,14:35:28,52.34518283333334,33.02548171666667
3449,390930.905,Flight3_cam1-001-000417-0,-3098211.491093716,3484016.554860982,332.013916015625,NkuluEP,2020-01-16,2020-01-16 14:35:30.905,14:35:30,52.34484916666666,33.02551508333333
3450,390933.04,Flight3_cam1-001-000418-0,-3098229.5295244874,3484022.9942974825,332.0236511230469,NkuluEP,2020-01-16,2020-01-16 14:35:33.040,14:35:33,52.34449333333334,33.02555066666667
3451,390935.442,Flight3_cam1-001-000419-0,-3098249.6899917694,3484030.490458114,332.049560546875,NkuluEP,2020-01-16,2020-01-16 14:35:35.442,14:35:35,52.34409300000001,33.0255907
3452,390936.911,Flight3_cam1-001-000420-0,-3098261.3867217423,3484034.9614499197,332.242919921875,NkuluEP,2020-01-16,2020-01-16 14:35:36.911,14:35:36,52.34384816666667,33.025615183333336
3453,390938.913,Flight3_cam1-001-000421-0,-3098277.6618861584,3484040.8838691744,332.39111328125,NkuluEP,2020-01-16,2020-01-16 14:35:38.913,14:35:38,52.343514500000005,33.02564855
3454,390940.915,Flight3_cam1-001-000422-0,-3098289.2936459505,3484045.755010747,332.42681884765625,NkuluEP,2020-01-16,2020-01-16 14:35:40.915,14:35:40,52.34318083333334,33.02568191666666
3455,390943.584,Flight3_cam1-001-000423-0,-3098293.3273988697,3484055.705878376,332.0336608886719,NkuluEP,2020-01-16,2020-01-16 14:35:43.584,14:35:43,52.34273600000001,33.025726399999996
3456,390944.918,Flight3_cam1-001-000424-0,-3098289.029098125,3484062.637080624,331.5870666503906,NkuluEP,2020-01-16,2020-01-16 14:35:44.918,14:35:44,52.34251366666667,33.02574863333333
3457,390946.92,Flight3_cam1-001-000425-0,-3098276.484130216,3484066.547724646,330.26373291015625,NkuluEP,2020-01-16,2020-01-16 14:35:46.920,14:35:46,52.342180000000006,33.025782
3458,390949.99,Flight3_cam1-001-000426-0,-3098261.853904262,3484060.129988195,327.3302917480469,NkuluEP,2020-01-16,2020-01-16 14:35:49.990,14:35:49,52.34166833333334,33.025833166666665
3459,390950.924,Flight3_cam1-001-000427-0,-3098259.109926227,3484058.0381611893,326.15411376953125,NkuluEP,2020-01-16,2020-01-16 14:35:50.924,14:35:50,52.34151266666667,33.02584873333333
3460,390952.926,Flight3_cam1-001-000428-0,-3098254.555415168,3484053.4938686313,323.62353515625,NkuluEP,2020-01-16,2020-01-16 14:35:52.926,14:35:52,52.341179000000004,33.0258821
3461,390954.928,Flight3_cam1-001-000429-0,-3098251.3594940677,3484049.431647475,321.87811279296875,NkuluEP,2020-01-16,2020-01-16 14:35:54.928,14:35:54,52.340845333333334,33.02591546666667
3462,390956.93,Flight3_cam1-001-000430-0,-3098247.803100271,3484045.8504492636,320.638671875,NkuluEP,2020-01-16,2020-01-16 14:35:56.930,14:35:56,52.34051166666667,33.02594883333333
3463,390959.066,Flight3_cam1-001-000431-0,-3098240.7770775235,3484042.137572916,320.0867004394531,NkuluEP,2020-01-16,2020-01-16 14:35:59.066,14:35:59,52.34015566666667,33.025984433333335
3464,390961.468,Flight3_cam1-001-000432-0,-3098229.4021561043,3484038.197769931,320.0417175292969,NkuluEP,2020-01-16,2020-01-16 14:36:01.468,14:36:01,52.339755333333336,33.02602446666666
3465,390962.936,Flight3_cam1-001-000433-0,-3098221.0731937843,3484035.576155113,320.0789489746094,NkuluEP,2020-01-16,2020-01-16 14:36:02.936,14:36:02,52.33951066666667,33.026048933333335
3466,390964.938,Flight3_cam1-001-000434-0,-3098207.8905638084,3484031.44988685,320.057861328125,NkuluEP,2020-01-16,2020-01-16 14:36:04.938,14:36:04,52.339177,33.0260823
3467,390966.94,Flight3_cam1-001-000435-0,-3098191.818937368,3484026.246953372,319.9518737792969,NkuluEP,2020-01-16,2020-01-16 14:36:06.940,14:36:06,52.33884333333334,33.02611566666667
3468,390969.61,Flight3_cam1-001-000436-0,-3098170.1815274726,3484018.90605704,319.152099609375,NkuluEP,2020-01-16,2020-01-16 14:36:09.610,14:36:09,52.33839833333334,33.02616016666666
3469,390970.944,Flight3_cam1-001-000437-0,-3098161.3453623108,3484015.8448774824,318.2753601074219,NkuluEP,2020-01-16,2020-01-16 14:36:10.944,14:36:10,52.338176,33.026182399999996
3470,390972.946,Flight3_cam1-001-000438-0,-3098148.581080493,3484011.5740346625,316.7439270019531,NkuluEP,2020-01-16,2020-01-16 14:36:12.946,14:36:12,52.337842333333334,33.02621576666667
3471,390974.948,Flight3_cam1-001-000439-0,-3098135.1240509893,3484007.0884084743,315.270751953125,NkuluEP,2020-01-16,2020-01-16 14:36:14.948,14:36:14,52.33750866666667,33.02624913333333
3472,390977.084,Flight3_cam1-001-000440-0,-3098121.317925743,3484002.5477248956,313.562744140625,NkuluEP,2020-01-16,2020-01-16 14:36:17.084,14:36:17,52.337152666666675,33.026284733333334
3473,390979.486,Flight3_cam1-001-000441-0,-3098107.5818760665,3483997.9911546577,311.548828125,NkuluEP,2020-01-16,2020-01-16 14:36:19.486,14:36:19,52.33675233333334,33.02632476666667
3474,390980.954,Flight3_cam1-001-000442-0,-3098099.193825339,3483995.3254333767,310.0813903808594,NkuluEP,2020-01-16,2020-01-16 14:36:20.954,14:36:20,52.33650766666666,33.026349233333335
3475,390982.956,Flight3_cam1-001-000443-0,-3098088.1598693896,3483991.681855634,308.1361389160156,NkuluEP,2020-01-16,2020-01-16 14:36:22.956,14:36:22,52.336174,33.0263826
3476,390984.958,Flight3_cam1-001-000444-0,-3098078.854593672,3483988.1873097955,305.8656311035156,NkuluEP,2020-01-16,2020-01-16 14:36:24.958,14:36:24,52.33584033333334,33.02641596666667
3477,391433.27,Flight3_cam1-002-000000-0,-3098007.008135644,3483931.995817754,250.11911010742188,NkuluEP,2020-01-16,2020-01-16 14:43:53.270,14:43:53,52.26112166666667,33.03388783333333
3478,391434.605,Flight3_cam1-002-000001-0,-3098009.4830238265,3483932.445988951,253.78977966308594,NkuluEP,2020-01-16,2020-01-16 14:43:54.605,14:43:54,52.26089916666667,33.03391008333333
3479,391436.607,Flight3_cam1-002-000002-0,-3098013.9532549884,3483931.9642469413,259.1192321777344,NkuluEP,2020-01-16,2020-01-16 14:43:56.607,14:43:56,52.2605655,33.033943449999995
3480,391438.609,Flight3_cam1-002-000003-0,-3098019.6579672075,3483929.524365253,264.6308898925781,NkuluEP,2020-01-16,2020-01-16 14:43:58.609,14:43:58,52.260231833333336,33.033976816666666
3481,391441.278,Flight3_cam1-002-000004-0,-3098029.2556022913,3483922.261911564,272.9873046875,NkuluEP,2020-01-16,2020-01-16 14:44:01.278,14:44:01,52.259787,33.0340213
3482,391442.613,Flight3_cam1-002-000005-0,-3098033.9787773276,3483918.2508242256,277.8904724121094,NkuluEP,2020-01-16,2020-01-16 14:44:02.613,14:44:02,52.259564499999996,33.03404355
3483,391444.615,Flight3_cam1-002-000006-0,-3098042.4002059675,3483914.89916919,285.5834045410156,NkuluEP,2020-01-16,2020-01-16 14:44:04.615,14:44:04,52.25923083333333,33.03407691666666
3484,391446.617,Flight3_cam1-002-000007-0,-3098050.5147583475,3483914.9157337067,293.5213317871094,NkuluEP,2020-01-16,2020-01-16 14:44:06.617,14:44:06,52.258897166666664,33.034110283333334
3485,391449.286,Flight3_cam1-002-000008-0,-3098060.2929543327,3483921.3498287923,304.0545349121094,NkuluEP,2020-01-16,2020-01-16 14:44:09.286,14:44:09,52.25845233333333,33.03415476666667
3486,391450.621,Flight3_cam1-002-000009-0,-3098064.982862554,3483925.90871834,309.0022888183594,NkuluEP,2020-01-16,2020-01-16 14:44:10.621,14:44:10,52.25822983333334,33.03417701666667
3487,391452.623,Flight3_cam1-002-000010-0,-3098073.252214796,3483933.0962701454,316.88720703125,NkuluEP,2020-01-16,2020-01-16 14:44:12.623,14:44:12,52.25789616666666,33.03421038333333
3488,391454.625,Flight3_cam1-002-000011-0,-3098081.083164681,3483939.0116213635,324.732666015625,NkuluEP,2020-01-16,2020-01-16 14:44:14.625,14:44:14,52.2575625,33.03424375
3489,391456.76,Flight3_cam1-002-000012-0,-3098086.6122065717,3483942.909049574,333.23651123046875,NkuluEP,2020-01-16,2020-01-16 14:44:16.760,14:44:16,52.25720666666667,33.03427933333333
3490,391459.163,Flight3_cam1-002-000013-0,-3098090.8232595567,3483944.8937783483,340.8329772949219,NkuluEP,2020-01-16,2020-01-16 14:44:19.163,14:44:19,52.25680616666667,33.03431938333333
3491,391460.631,Flight3_cam1-002-000014-0,-3098093.3306134804,3483945.700117839,340.5342102050781,NkuluEP,2020-01-16,2020-01-16 14:44:20.631,14:44:20,52.256561500000004,33.03434385
3492,391462.633,Flight3_cam1-002-000015-0,-3098096.0258946144,3483946.096770226,340.4991149902344,NkuluEP,2020-01-16,2020-01-16 14:44:22.633,14:44:22,52.25622783333334,33.03437721666666
3493,391464.635,Flight3_cam1-002-000016-0,-3098098.0892697996,3483945.8381357808,339.93798828125,NkuluEP,2020-01-16,2020-01-16 14:44:24.635,14:44:24,52.255894166666664,33.03441058333333
3494,391467.304,Flight3_cam1-002-000017-0,-3098101.4775841883,3483947.2887253882,338.9627380371094,NkuluEP,2020-01-16,2020-01-16 14:44:27.304,14:44:27,52.25544933333333,33.034455066666666
3495,391468.639,Flight3_cam1-002-000018-0,-3098104.4466661196,3483950.141451886,338.9185791015625,NkuluEP,2020-01-16,2020-01-16 14:44:28.639,14:44:28,52.25522683333333,33.03447731666667
3496,391470.641,Flight3_cam1-002-000019-0,-3098111.407987738,3483957.5757513787,338.8491516113281,NkuluEP,2020-01-16,2020-01-16 14:44:30.641,14:44:30,52.25489316666667,33.03451068333333
3497,391472.643,Flight3_cam1-002-000020-0,-3098119.4310553805,3483965.59158625,339.0240478515625,NkuluEP,2020-01-16,2020-01-16 14:44:32.643,14:44:32,52.254559500000006,33.03454405
3498,391474.645,Flight3_cam1-002-000021-0,-3098126.5596592375,3483972.0909265378,339.1376953125,NkuluEP,2020-01-16,2020-01-16 14:44:34.645,14:44:34,52.25422583333333,33.034577416666664
3499,391477.181,Flight3_cam1-002-000022-0,-3098133.3346745255,3483977.2824528273,339.1290283203125,NkuluEP,2020-01-16,2020-01-16 14:44:37.181,14:44:37,52.25380316666667,33.03461968333333
3500,391478.649,Flight3_cam1-002-000023-0,-3098137.175783541,3483979.3036284344,339.157958984375,NkuluEP,2020-01-16,2020-01-16 14:44:38.649,14:44:38,52.253558500000004,33.03464415
3501,391480.651,Flight3_cam1-002-000024-0,-3098144.068471068,3483982.370721466,339.17877197265625,NkuluEP,2020-01-16,2020-01-16 14:44:40.651,14:44:40,52.253224833333334,33.03467751666666
3502,391482.653,Flight3_cam1-002-000025-0,-3098151.892709665,3483986.3817088166,339.20745849609375,NkuluEP,2020-01-16,2020-01-16 14:44:42.653,14:44:42,52.25289116666667,33.03471088333333
3503,391485.189,Flight3_cam1-002-000026-0,-3098161.674176418,3483992.499327027,339.2007751464844,NkuluEP,2020-01-16,2020-01-16 14:44:45.189,14:44:45,52.2524685,33.03475315
3504,391486.657,Flight3_cam1-002-000027-0,-3098166.4762425064,3483996.0581167894,339.2200927734375,NkuluEP,2020-01-16,2020-01-16 14:44:46.657,14:44:46,52.25222383333333,33.034777616666666
3505,391488.659,Flight3_cam1-002-000028-0,-3098172.640594225,3484001.3000443853,339.2552490234375,NkuluEP,2020-01-16,2020-01-16 14:44:48.659,14:44:48,52.25189016666667,33.03481098333333
3506,391490.661,Flight3_cam1-002-000029-0,-3098178.830930631,3484005.716384904,339.2811584472656,NkuluEP,2020-01-16,2020-01-16 14:44:50.661,14:44:50,52.2515565,33.03484435
3507,391492.663,Flight3_cam1-002-000030-0,-3098185.9079438224,3484009.1393918507,339.05926513671875,NkuluEP,2020-01-16,2020-01-16 14:44:52.663,14:44:52,52.25122283333334,33.034877716666664
3508,391495.198,Flight3_cam1-002-000031-0,-3098197.5158132594,3484013.8113473654,338.9743957519531,NkuluEP,2020-01-16,2020-01-16 14:44:55.198,14:44:55,52.25080033333334,33.03491996666666
3509,391496.667,Flight3_cam1-002-000032-0,-3098207.2076933603,3484017.841146139,338.94305419921875,NkuluEP,2020-01-16,2020-01-16 14:44:56.667,14:44:56,52.2505555,33.03494445
3510,391498.669,Flight3_cam1-002-000033-0,-3098219.3809246137,3484023.0995199364,339.1320495605469,NkuluEP,2020-01-16,2020-01-16 14:44:58.669,14:44:58,52.250221833333335,33.03497781666667
3511,391500.671,Flight3_cam1-002-000034-0,-3098223.5288070333,3484024.3559824103,338.82598876953125,NkuluEP,2020-01-16,2020-01-16 14:45:00.671,14:45:00,52.24988816666667,33.03501118333333
3512,391503.206,Flight3_cam1-002-000035-0,-3098241.587421467,3484029.6923627956,338.6412658691406,NkuluEP,2020-01-16,2020-01-16 14:45:03.206,14:45:03,52.249465666666666,33.03505343333333
3513,391504.675,Flight3_cam1-002-000036-0,-3098254.6558631416,3484034.491362433,338.8226318359375,NkuluEP,2020-01-16,2020-01-16 14:45:04.675,14:45:04,52.24922083333334,33.035077916666665
3514,391506.677,Flight3_cam1-002-000037-0,-3098272.5620127716,3484041.3497313918,338.7663879394531,NkuluEP,2020-01-16,2020-01-16 14:45:06.677,14:45:06,52.24888716666666,33.03511128333333
3515,391508.679,Flight3_cam1-002-000038-0,-3098289.1725744926,3484047.262130856,338.6816101074219,NkuluEP,2020-01-16,2020-01-16 14:45:08.679,14:45:08,52.2485535,33.03514465
3516,391510.681,Flight3_cam1-002-000039-0,-3098305.5886641243,3484052.87061924,338.6388854980469,NkuluEP,2020-01-16,2020-01-16 14:45:10.681,14:45:10,52.24821983333334,33.03517801666666
3517,391513.216,Flight3_cam1-002-000040-0,-3098326.567528311,3484060.601741518,338.8102111816406,NkuluEP,2020-01-16,2020-01-16 14:45:13.216,14:45:13,52.24779733333333,33.03522026666666
3518,391514.685,Flight3_cam1-002-000041-0,-3098339.3001744375,3484065.065327632,339.0086669921875,NkuluEP,2020-01-16,2020-01-16 14:45:14.685,14:45:14,52.247552500000005,33.03524475
3519,391516.687,Flight3_cam1-002-000042-0,-3098356.0076897745,3484070.8306129626,339.19708251953125,NkuluEP,2020-01-16,2020-01-16 14:45:16.687,14:45:16,52.24721883333334,33.03527811666667
3520,391518.689,Flight3_cam1-002-000043-0,-3098372.716908354,3484076.763940463,339.325927734375,NkuluEP,2020-01-16,2020-01-16 14:45:18.689,14:45:18,52.246885166666665,33.03531148333333
3521,391521.224,Flight3_cam1-002-000044-0,-3098394.130345295,3484084.2129239975,339.5389709472656,NkuluEP,2020-01-16,2020-01-16 14:45:21.224,14:45:21,52.24646266666667,33.03535373333333
3522,391522.692,Flight3_cam1-002-000045-0,-3098406.194511169,3484088.4468875146,339.57427978515625,NkuluEP,2020-01-16,2020-01-16 14:45:22.692,14:45:22,52.246218000000006,33.0353782
3523,391524.694,Flight3_cam1-002-000046-0,-3098423.276551944,3484094.5755381864,339.6672668457031,NkuluEP,2020-01-16,2020-01-16 14:45:24.694,14:45:24,52.24588433333333,33.03541156666667
3524,391526.696,Flight3_cam1-002-000047-0,-3098433.5442207176,3484098.380191785,339.4798889160156,NkuluEP,2020-01-16,2020-01-16 14:45:26.696,14:45:26,52.24555066666667,33.03544493333333
3525,391529.232,Flight3_cam1-002-000048-0,-3098434.3034501323,3484098.4767895355,338.4781494140625,NkuluEP,2020-01-16,2020-01-16 14:45:29.232,14:45:29,52.245128,33.0354872
3526,391530.7,Flight3_cam1-002-000049-0,-3098434.338260724,3484098.4077121927,336.5496520996094,NkuluEP,2020-01-16,2020-01-16 14:45:30.700,14:45:30,52.244883333333334,33.035511666666665
3527,391532.702,Flight3_cam1-002-000050-0,-3098436.4637140296,3484098.842649739,335.6087646484375,NkuluEP,2020-01-16,2020-01-16 14:45:32.702,14:45:32,52.24454966666667,33.03554503333333
3528,391534.571,Flight3_cam1-002-000051-0,-3098445.8046014565,3484101.8712064894,335.33160400390625,NkuluEP,2020-01-16,2020-01-16 14:45:34.571,14:45:34,52.24423816666667,33.03557618333333
3529,391536.706,Flight3_cam1-002-000052-0,-3098462.67777477,3484108.3142028395,335.3207092285156,NkuluEP,2020-01-16,2020-01-16 14:45:36.706,14:45:36,52.24388233333333,33.03561176666666
3530,391539.109,Flight3_cam1-002-000053-0,-3098483.2502780533,3484116.1865622727,335.36590576171875,NkuluEP,2020-01-16,2020-01-16 14:45:39.109,14:45:39,52.243481833333334,33.035651816666665
3531,391540.577,Flight3_cam1-002-000054-0,-3098495.8464500853,3484120.838293032,335.32342529296875,NkuluEP,2020-01-16,2020-01-16 14:45:40.577,14:45:40,52.24323716666667,33.03567628333333
3532,391542.579,Flight3_cam1-002-000055-0,-3098512.1555238366,3484127.061305301,335.3645324707031,NkuluEP,2020-01-16,2020-01-16 14:45:42.579,14:45:42,52.2429035,33.03570965
3533,391544.581,Flight3_cam1-002-000056-0,-3098528.808964357,3484132.8636199106,335.2750549316406,NkuluEP,2020-01-16,2020-01-16 14:45:44.581,14:45:44,52.242569833333334,33.035743016666665
3534,391547.25,Flight3_cam1-002-000057-0,-3098551.41527522,3484141.515340021,335.162353515625,NkuluEP,2020-01-16,2020-01-16 14:45:47.250,14:45:47,52.242125,33.0357875
3535,391548.585,Flight3_cam1-002-000058-0,-3098562.4430582915,3484145.587079061,335.0916442871094,NkuluEP,2020-01-16,2020-01-16 14:45:48.585,14:45:48,52.241902499999995,33.03580975
3536,391550.587,Flight3_cam1-002-000059-0,-3098578.7983316644,3484151.6852552188,335.0127258300781,NkuluEP,2020-01-16,2020-01-16 14:45:50.587,14:45:50,52.24156883333333,33.03584311666666
3537,391552.589,Flight3_cam1-002-000060-0,-3098595.435686544,3484157.7431961154,334.9818420410156,NkuluEP,2020-01-16,2020-01-16 14:45:52.589,14:45:52,52.24123516666667,33.03587648333333
3538,391555.258,Flight3_cam1-002-000061-0,-3098618.0477485755,3484165.9531052453,335.11041259765625,NkuluEP,2020-01-16,2020-01-16 14:45:55.258,14:45:55,52.24079033333334,33.035920966666666
3539,391556.593,Flight3_cam1-002-000062-0,-3098629.26039651,3484170.051121627,335.1194763183594,NkuluEP,2020-01-16,2020-01-16 14:45:56.593,14:45:56,52.24056783333334,33.035943216666666
3540,391558.595,Flight3_cam1-002-000063-0,-3098645.638851823,3484176.1709862524,335.276123046875,NkuluEP,2020-01-16,2020-01-16 14:45:58.595,14:45:58,52.240234166666674,33.03597658333333
3541,391560.597,Flight3_cam1-002-000064-0,-3098662.235435755,3484182.2579046465,335.4099426269531,NkuluEP,2020-01-16,2020-01-16 14:46:00.597,14:46:00,52.2399005,33.03600995
3542,391562.732,Flight3_cam1-002-000065-0,-3098680.084680243,3484188.8577971137,335.5299377441406,NkuluEP,2020-01-16,2020-01-16 14:46:02.732,14:46:02,52.23954466666667,33.03604553333333
3543,391565.135,Flight3_cam1-002-000066-0,-3098699.7996813995,3484196.087270289,335.59039306640625,NkuluEP,2020-01-16,2020-01-16 14:46:05.135,14:46:05,52.23914416666667,33.03608558333333
3544,391566.603,Flight3_cam1-002-000067-0,-3098712.4101701863,3484201.033412938,335.576904296875,NkuluEP,2020-01-16,2020-01-16 14:46:06.603,14:46:06,52.2388995,33.03611005
3545,391568.605,Flight3_cam1-002-000068-0,-3098725.91200361,3484212.38249293,335.40106201171875,NkuluEP,2020-01-16,2020-01-16 14:46:08.605,14:46:08,52.23856583333334,33.03614341666666
3546,391570.607,Flight3_cam1-002-000069-0,-3098730.7421850595,3484229.7124692244,335.20184326171875,NkuluEP,2020-01-16,2020-01-16 14:46:10.607,14:46:10,52.23823216666666,33.03617678333333
3547,391573.276,Flight3_cam1-002-000070-0,-3098724.9153141053,3484250.9231809536,335.0045471191406,NkuluEP,2020-01-16,2020-01-16 14:46:13.276,14:46:13,52.23778733333333,33.036221266666665
3548,391574.611,Flight3_cam1-002-000071-0,-3098721.393481308,3484260.163150403,334.973388671875,NkuluEP,2020-01-16,2020-01-16 14:46:14.611,14:46:14,52.23756483333334,33.036243516666666
3549,391576.613,Flight3_cam1-002-000072-0,-3098716.449777238,3484275.6578656905,334.9336242675781,NkuluEP,2020-01-16,2020-01-16 14:46:16.613,14:46:16,52.23723116666667,33.03627688333333
3550,391578.615,Flight3_cam1-002-000073-0,-3098708.452619133,3484291.3108978467,334.9302673339844,NkuluEP,2020-01-16,2020-01-16 14:46:18.615,14:46:18,52.236897500000005,33.03631025
3551,391581.284,Flight3_cam1-002-000074-0,-3098688.8412387883,3484301.4824122745,334.8702697753906,NkuluEP,2020-01-16,2020-01-16 14:46:21.284,14:46:21,52.23645266666667,33.03635473333333
3552,391582.619,Flight3_cam1-002-000075-0,-3098677.9110201215,3484300.74757077,334.7729797363281,NkuluEP,2020-01-16,2020-01-16 14:46:22.619,14:46:22,52.236230166666665,33.036376983333334
3553,391584.621,Flight3_cam1-002-000076-0,-3098664.0529726227,3484295.542219255,334.7314453125,NkuluEP,2020-01-16,2020-01-16 14:46:24.621,14:46:24,52.2358965,33.03641035
3554,391586.623,Flight3_cam1-002-000077-0,-3098650.400360615,3484289.1738657034,334.65264892578125,NkuluEP,2020-01-16,2020-01-16 14:46:26.623,14:46:26,52.23556283333333,33.03644371666667
3555,391588.758,Flight3_cam1-002-000078-0,-3098634.9772024252,3484283.3594042426,334.4469299316406,NkuluEP,2020-01-16,2020-01-16 14:46:28.758,14:46:28,52.23520700000001,33.036479299999996
3556,391591.161,Flight3_cam1-002-000079-0,-3098616.503619624,3484276.931734537,334.3746337890625,NkuluEP,2020-01-16,2020-01-16 14:46:31.161,14:46:31,52.2348065,33.03651935
3557,391592.629,Flight3_cam1-002-000080-0,-3098604.087471851,3484272.6122139506,334.3289489746094,NkuluEP,2020-01-16,2020-01-16 14:46:32.629,14:46:32,52.23456183333333,33.036543816666665
3558,391594.631,Flight3_cam1-002-000081-0,-3098587.408339157,3484266.6483789813,334.2417297363281,NkuluEP,2020-01-16,2020-01-16 14:46:34.631,14:46:34,52.23422816666667,33.03657718333333
3559,391596.633,Flight3_cam1-002-000082-0,-3098570.939500558,3484260.5421926333,334.1954650878906,NkuluEP,2020-01-16,2020-01-16 14:46:36.633,14:46:36,52.233894500000005,33.03661055
3560,391599.302,Flight3_cam1-002-000083-0,-3098548.6883245907,3484252.5404071505,334.167724609375,NkuluEP,2020-01-16,2020-01-16 14:46:39.302,14:46:39,52.233449666666665,33.03665503333333
3561,391600.637,Flight3_cam1-002-000084-0,-3098537.367837967,3484248.382240151,334.134521484375,NkuluEP,2020-01-16,2020-01-16 14:46:40.637,14:46:40,52.23322716666667,33.03667728333333
3562,391602.639,Flight3_cam1-002-000085-0,-3098520.9050422907,3484242.4223263995,334.10662841796875,NkuluEP,2020-01-16,2020-01-16 14:46:42.639,14:46:42,52.232893499999996,33.036710649999996
3563,391604.641,Flight3_cam1-002-000086-0,-3098504.2588502234,3484236.4144240003,334.0920715332031,NkuluEP,2020-01-16,2020-01-16 14:46:44.641,14:46:44,52.23255983333333,33.03674401666667
3564,391606.776,Flight3_cam1-002-000087-0,-3098486.2724452564,3484229.8023196575,334.06829833984375,NkuluEP,2020-01-16,2020-01-16 14:46:46.776,14:46:46,52.232204,33.036779599999996
3565,391609.178,Flight3_cam1-002-000088-0,-3098466.3727354836,3484222.4633169356,334.068115234375,NkuluEP,2020-01-16,2020-01-16 14:46:49.178,14:46:49,52.231803666666664,33.03681963333333
3566,391610.647,Flight3_cam1-002-000089-0,-3098453.7335329517,3484217.964721382,334.0635070800781,NkuluEP,2020-01-16,2020-01-16 14:46:50.647,14:46:50,52.23155883333334,33.036844116666664
3567,391612.649,Flight3_cam1-002-000090-0,-3098437.185393448,3484211.845650197,334.0485534667969,NkuluEP,2020-01-16,2020-01-16 14:46:52.649,14:46:52,52.231225166666675,33.03687748333333
3568,391614.651,Flight3_cam1-002-000091-0,-3098420.669467455,3484205.7240894064,334.0833740234375,NkuluEP,2020-01-16,2020-01-16 14:46:54.651,14:46:54,52.2308915,33.03691085
3569,391617.32,Flight3_cam1-002-000092-0,-3098398.2521209507,3484197.5514814393,334.08428955078125,NkuluEP,2020-01-16,2020-01-16 14:46:57.320,14:46:57,52.230446666666666,33.03695533333333
3570,391618.655,Flight3_cam1-002-000093-0,-3098386.928894771,3484193.4501910517,334.02490234375,NkuluEP,2020-01-16,2020-01-16 14:46:58.655,14:46:58,52.230224166666666,33.03697758333333
3571,391620.657,Flight3_cam1-002-000094-0,-3098370.323593469,3484187.3590227948,334.0200500488281,NkuluEP,2020-01-16,2020-01-16 14:47:00.657,14:47:00,52.2298905,33.037010949999996
3572,391622.659,Flight3_cam1-002-000095-0,-3098353.675698308,3484181.353205939,333.9692687988281,NkuluEP,2020-01-16,2020-01-16 14:47:02.659,14:47:02,52.22955683333334,33.037044316666666
3573,391624.66,Flight3_cam1-002-000096-0,-3098337.1097761868,3484175.3603104833,333.96099853515625,NkuluEP,2020-01-16,2020-01-16 14:47:04.660,14:47:04,52.22922333333334,33.03707766666666
3574,391627.196,Flight3_cam1-002-000097-0,-3098316.1282484974,3484167.43333053,333.969482421875,NkuluEP,2020-01-16,2020-01-16 14:47:07.196,14:47:07,52.22880066666667,33.03711993333333
3575,391628.664,Flight3_cam1-002-000098-0,-3098303.6181300404,3484162.771110979,334.0060729980469,NkuluEP,2020-01-16,2020-01-16 14:47:08.664,14:47:08,52.228556000000005,33.037144399999995
3576,391630.666,Flight3_cam1-002-000099-0,-3098287.064427369,3484156.783779011,333.9617614746094,NkuluEP,2020-01-16,2020-01-16 14:47:10.666,14:47:10,52.22822233333333,33.037177766666666
3577,391632.668,Flight3_cam1-002-000100-0,-3098270.591881779,3484150.650202703,333.87652587890625,NkuluEP,2020-01-16,2020-01-16 14:47:12.668,14:47:12,52.227888666666665,33.03721113333333
3578,391635.204,Flight3_cam1-002-000101-0,-3098249.3788803234,3484142.8365688375,333.8096008300781,NkuluEP,2020-01-16,2020-01-16 14:47:15.204,14:47:15,52.227466,33.0372534
3579,391636.672,Flight3_cam1-002-000102-0,-3098236.670342102,3484138.2677228223,333.8471984863281,NkuluEP,2020-01-16,2020-01-16 14:47:16.672,14:47:16,52.22722133333333,33.03727786666666
3580,391638.674,Flight3_cam1-002-000103-0,-3098220.0465149186,3484132.30914789,333.8423156738281,NkuluEP,2020-01-16,2020-01-16 14:47:18.674,14:47:18,52.22688766666667,33.037311233333334
3581,391640.676,Flight3_cam1-002-000104-0,-3098203.4119873843,3484126.2153755412,333.82879638671875,NkuluEP,2020-01-16,2020-01-16 14:47:20.676,14:47:20,52.22655400000001,33.0373446
3582,391642.678,Flight3_cam1-002-000105-0,-3098186.8865310308,3484120.044976459,333.81768798828125,NkuluEP,2020-01-16,2020-01-16 14:47:22.678,14:47:22,52.22622033333333,33.03737796666667
3583,391645.214,Flight3_cam1-002-000106-0,-3098165.746827383,3484112.2706373977,333.8116149902344,NkuluEP,2020-01-16,2020-01-16 14:47:25.214,14:47:25,52.22579766666667,33.03742023333333
3584,391646.682,Flight3_cam1-002-000107-0,-3098153.2077116617,3484107.6532829795,333.83953857421875,NkuluEP,2020-01-16,2020-01-16 14:47:26.682,14:47:26,52.225553000000005,33.037444699999995
3585,391648.684,Flight3_cam1-002-000108-0,-3098136.781610074,3484101.567362742,333.8586730957031,NkuluEP,2020-01-16,2020-01-16 14:47:28.684,14:47:28,52.225219333333335,33.037478066666665
3586,391650.686,Flight3_cam1-002-000109-0,-3098120.3049403094,3484095.5623306814,333.8941955566406,NkuluEP,2020-01-16,2020-01-16 14:47:30.686,14:47:30,52.22488566666667,33.03751143333333
3587,391653.222,Flight3_cam1-002-000110-0,-3098099.052071892,3484087.789853991,333.8720397949219,NkuluEP,2020-01-16,2020-01-16 14:47:33.222,14:47:33,52.224463,33.0375537
3588,391654.69,Flight3_cam1-002-000111-0,-3098086.4513716577,3484083.025347414,333.8497619628906,NkuluEP,2020-01-16,2020-01-16 14:47:34.690,14:47:34,52.22421833333333,33.03757816666666
3589,391656.692,Flight3_cam1-002-000112-0,-3098069.9456624766,3484076.9087363468,333.875,NkuluEP,2020-01-16,2020-01-16 14:47:36.692,14:47:36,52.22388466666667,33.03761153333333
3590,391658.694,Flight3_cam1-002-000113-0,-3098053.37770357,3484070.7724259044,333.8505554199219,NkuluEP,2020-01-16,2020-01-16 14:47:38.694,14:47:38,52.223551,33.0376449
3591,391661.23,Flight3_cam1-002-000114-0,-3098032.241466736,3484062.987463932,333.83416748046875,NkuluEP,2020-01-16,2020-01-16 14:47:41.230,14:47:41,52.223128333333335,33.037687166666664
3592,391662.698,Flight3_cam1-002-000115-0,-3098020.327840618,3484058.605791407,333.8415222167969,NkuluEP,2020-01-16,2020-01-16 14:47:42.698,14:47:42,52.222883666666675,33.03771163333333
3593,391664.7,Flight3_cam1-002-000116-0,-3098003.2306117457,3484052.165226197,333.8338928222656,NkuluEP,2020-01-16,2020-01-16 14:47:44.700,14:47:44,52.22255,33.037745
3594,391666.702,Flight3_cam1-002-000117-0,-3097986.64960034,3484046.0463032047,333.7882385253906,NkuluEP,2020-01-16,2020-01-16 14:47:46.702,14:47:46,52.222216333333336,33.037778366666664
3595,391668.704,Flight3_cam1-002-000118-0,-3097970.0965030035,3484040.0575238783,333.7811584472656,NkuluEP,2020-01-16,2020-01-16 14:47:48.704,14:47:48,52.221882666666666,33.037811733333335
3596,391671.107,Flight3_cam1-002-000119-0,-3097950.1284486544,3484032.7519746874,333.7720947265625,NkuluEP,2020-01-16,2020-01-16 14:47:51.107,14:47:51,52.22148216666667,33.03785178333333
3597,391672.575,Flight3_cam1-002-000120-0,-3097937.6256805216,3484028.120458852,333.7709045410156,NkuluEP,2020-01-16,2020-01-16 14:47:52.575,14:47:52,52.2212375,33.03787625
3598,391674.577,Flight3_cam1-002-000121-0,-3097921.2001494044,3484022.072819407,333.7640380859375,NkuluEP,2020-01-16,2020-01-16 14:47:54.577,14:47:54,52.22090383333334,33.03790961666667
3599,391676.579,Flight3_cam1-002-000122-0,-3097904.6274338006,3484016.0188873424,333.7594299316406,NkuluEP,2020-01-16,2020-01-16 14:47:56.579,14:47:56,52.22057016666666,33.03794298333333
3600,391679.248,Flight3_cam1-002-000123-0,-3097882.1106521348,3484007.7449474614,333.7605285644531,NkuluEP,2020-01-16,2020-01-16 14:47:59.248,14:47:59,52.22012533333333,33.037987466666664
3601,391680.583,Flight3_cam1-002-000124-0,-3097870.892372421,3484003.6426164582,333.7388000488281,NkuluEP,2020-01-16,2020-01-16 14:48:00.583,14:48:00,52.219902833333336,33.038009716666664
3602,391682.585,Flight3_cam1-002-000125-0,-3097854.265805252,3483997.492978538,333.7602233886719,NkuluEP,2020-01-16,2020-01-16 14:48:02.585,14:48:02,52.219569166666666,33.038043083333335
3603,391684.587,Flight3_cam1-002-000126-0,-3097837.564425616,3483991.3440937954,333.6861877441406,NkuluEP,2020-01-16,2020-01-16 14:48:04.587,14:48:04,52.2192355,33.03807645
3604,391686.722,Flight3_cam1-002-000127-0,-3097819.6706017596,3483984.7457706416,333.6730041503906,NkuluEP,2020-01-16,2020-01-16 14:48:06.722,14:48:06,52.218879666666666,33.038112033333334
3605,391689.125,Flight3_cam1-002-000128-0,-3097799.2257730304,3483977.2341995933,333.6599426269531,NkuluEP,2020-01-16,2020-01-16 14:48:09.125,14:48:09,52.21847916666667,33.03815208333333
3606,391690.593,Flight3_cam1-002-000129-0,-3097787.2595048505,3483972.9264327623,333.6578369140625,NkuluEP,2020-01-16,2020-01-16 14:48:10.593,14:48:10,52.2182345,33.038176549999996
3607,391692.595,Flight3_cam1-002-000130-0,-3097770.669002002,3483966.857815033,333.6523132324219,NkuluEP,2020-01-16,2020-01-16 14:48:12.595,14:48:12,52.21790083333334,33.038209916666666
3608,391694.597,Flight3_cam1-002-000131-0,-3097754.080669469,3483960.8088893206,333.6500244140625,NkuluEP,2020-01-16,2020-01-16 14:48:14.597,14:48:14,52.21756716666667,33.03824328333333
3609,391697.266,Flight3_cam1-002-000132-0,-3097731.5678381817,3483952.643872202,333.6399230957031,NkuluEP,2020-01-16,2020-01-16 14:48:17.266,14:48:17,52.217122333333336,33.03828776666666
3610,391698.601,Flight3_cam1-002-000133-0,-3097720.3364904826,3483948.5352274077,333.6495056152344,NkuluEP,2020-01-16,2020-01-16 14:48:18.601,14:48:18,52.21689983333333,33.038310016666664
3611,391700.603,Flight3_cam1-002-000134-0,-3097704.000269244,3483942.3839358487,333.7229919433594,NkuluEP,2020-01-16,2020-01-16 14:48:20.603,14:48:20,52.21656616666667,33.038343383333334
3612,391702.605,Flight3_cam1-002-000135-0,-3097687.5875972183,3483936.271162065,333.76007080078125,NkuluEP,2020-01-16,2020-01-16 14:48:22.605,14:48:22,52.216232500000004,33.03837675
3613,391704.74,Flight3_cam1-002-000136-0,-3097669.660929736,3483929.6816223464,333.75653076171875,NkuluEP,2020-01-16,2020-01-16 14:48:24.740,14:48:24,52.21587666666667,33.03841233333333
3614,391707.142,Flight3_cam1-002-000137-0,-3097649.1796781374,3483922.0705331573,333.7210998535156,NkuluEP,2020-01-16,2020-01-16 14:48:27.142,14:48:27,52.215476333333335,33.03845236666667
3615,391708.611,Flight3_cam1-002-000138-0,-3097637.2100484874,3483917.6742283395,333.717041015625,NkuluEP,2020-01-16,2020-01-16 14:48:28.611,14:48:28,52.21523150000001,33.038476849999995
3616,391710.613,Flight3_cam1-002-000139-0,-3097620.713413985,3483911.650141062,333.6919250488281,NkuluEP,2020-01-16,2020-01-16 14:48:30.613,14:48:30,52.21489783333333,33.038510216666666
3617,391712.615,Flight3_cam1-002-000140-0,-3097604.1204790277,3483905.6285708323,333.6637268066406,NkuluEP,2020-01-16,2020-01-16 14:48:32.615,14:48:32,52.21456416666667,33.03854358333333
3618,391715.284,Flight3_cam1-002-000141-0,-3097581.757486726,3483897.3023771704,333.6507263183594,NkuluEP,2020-01-16,2020-01-16 14:48:35.284,14:48:35,52.214119333333336,33.03858806666666
3619,391716.619,Flight3_cam1-002-000142-0,-3097570.5479682754,3483893.083585059,333.6630554199219,NkuluEP,2020-01-16,2020-01-16 14:48:36.619,14:48:36,52.21389683333334,33.03861031666666
3620,391718.621,Flight3_cam1-002-000143-0,-3097554.054592256,3483886.910207378,333.61285400390625,NkuluEP,2020-01-16,2020-01-16 14:48:38.621,14:48:38,52.213563166666674,33.03864368333333
3621,391720.623,Flight3_cam1-002-000144-0,-3097537.5040129195,3483880.7938402146,333.5761413574219,NkuluEP,2020-01-16,2020-01-16 14:48:40.623,14:48:40,52.2132295,33.03867705
3622,391722.758,Flight3_cam1-002-000145-0,-3097519.5245265896,3483874.2926350594,333.56524658203125,NkuluEP,2020-01-16,2020-01-16 14:48:42.758,14:48:42,52.212873666666674,33.03871263333333
3623,391725.16,Flight3_cam1-002-000146-0,-3097499.0470841364,3483866.8065118454,333.5979919433594,NkuluEP,2020-01-16,2020-01-16 14:48:45.160,14:48:45,52.21247333333334,33.03875266666667
3624,391726.628,Flight3_cam1-002-000147-0,-3097487.152207257,3483862.4032737063,333.6226806640625,NkuluEP,2020-01-16,2020-01-16 14:48:46.628,14:48:46,52.21222866666666,33.03877713333333
3625,391728.63,Flight3_cam1-002-000148-0,-3097470.648514649,3483856.4246131536,333.6001892089844,NkuluEP,2020-01-16,2020-01-16 14:48:48.630,14:48:48,52.211895,33.0388105
3626,391730.632,Flight3_cam1-002-000149-0,-3097454.1362937824,3483850.400309036,333.6421813964844,NkuluEP,2020-01-16,2020-01-16 14:48:50.632,14:48:50,52.211561333333336,33.03884386666667
3627,391733.302,Flight3_cam1-002-000150-0,-3097431.5727195977,3483842.157620889,333.6185607910156,NkuluEP,2020-01-16,2020-01-16 14:48:53.302,14:48:53,52.21111633333333,33.03888836666667
3628,391734.636,Flight3_cam1-002-000151-0,-3097420.3165295925,3483838.032731066,333.63250732421875,NkuluEP,2020-01-16,2020-01-16 14:48:54.636,14:48:54,52.210894,33.0389106
3629,391736.638,Flight3_cam1-002-000152-0,-3097403.8050719085,3483831.8139349776,333.63330078125,NkuluEP,2020-01-16,2020-01-16 14:48:56.638,14:48:56,52.21056033333334,33.038943966666665
3630,391738.64,Flight3_cam1-002-000153-0,-3097387.2212718003,3483825.6223900076,333.6254577636719,NkuluEP,2020-01-16,2020-01-16 14:48:58.640,14:48:58,52.210226666666664,33.03897733333333
3631,391740.642,Flight3_cam1-002-000154-0,-3097369.8660235777,3483819.3253705422,333.6170959472656,NkuluEP,2020-01-16,2020-01-16 14:49:00.642,14:49:00,52.209893,33.0390107
3632,391743.178,Flight3_cam1-002-000155-0,-3097348.70947278,3483811.4550651964,333.5887756347656,NkuluEP,2020-01-16,2020-01-16 14:49:03.178,14:49:03,52.209470333333336,33.03905296666667
3633,391744.646,Flight3_cam1-002-000156-0,-3097336.838679165,3483807.2039659387,333.54888916015625,NkuluEP,2020-01-16,2020-01-16 14:49:04.646,14:49:04,52.20922566666667,33.03907743333333
3634,391746.648,Flight3_cam1-002-000157-0,-3097320.2654440072,3483801.1399513097,333.60162353515625,NkuluEP,2020-01-16,2020-01-16 14:49:06.648,14:49:06,52.208892000000006,33.039110799999996
3635,391748.65,Flight3_cam1-002-000158-0,-3097303.803923414,3483794.896182015,333.6189270019531,NkuluEP,2020-01-16,2020-01-16 14:49:08.650,14:49:08,52.20855833333333,33.03914416666667
3636,391751.186,Flight3_cam1-002-000159-0,-3097282.7227311432,3483787.1310910173,333.626708984375,NkuluEP,2020-01-16,2020-01-16 14:49:11.186,14:49:11,52.20813566666667,33.039186433333334
3637,391752.654,Flight3_cam1-002-000160-0,-3097270.057374965,3483782.516798493,333.64300537109375,NkuluEP,2020-01-16,2020-01-16 14:49:12.654,14:49:12,52.207891000000004,33.0392109
3638,391754.656,Flight3_cam1-002-000161-0,-3097253.52021746,3483776.3658395037,333.62567138671875,NkuluEP,2020-01-16,2020-01-16 14:49:14.656,14:49:14,52.207557333333334,33.039244266666664
3639,391756.658,Flight3_cam1-002-000162-0,-3097237.0142862806,3483770.3233064446,333.6612854003906,NkuluEP,2020-01-16,2020-01-16 14:49:16.658,14:49:16,52.20722366666667,33.039277633333334
3640,391759.328,Flight3_cam1-002-000163-0,-3097214.4127231715,3483762.0513799717,333.6875,NkuluEP,2020-01-16,2020-01-16 14:49:19.328,14:49:19,52.20677866666667,33.03932213333333
3641,391760.662,Flight3_cam1-002-000164-0,-3097203.142519304,3483757.883511591,333.6568298339844,NkuluEP,2020-01-16,2020-01-16 14:49:20.662,14:49:20,52.20655633333333,33.03934436666667
3642,391762.664,Flight3_cam1-002-000165-0,-3097186.555946929,3483751.7924107127,333.646240234375,NkuluEP,2020-01-16,2020-01-16 14:49:22.664,14:49:22,52.20622266666667,33.03937773333333
3643,391764.666,Flight3_cam1-002-000166-0,-3097170.0293246615,3483745.781472772,333.614013671875,NkuluEP,2020-01-16,2020-01-16 14:49:24.666,14:49:24,52.205889,33.039411099999995
3644,391766.668,Flight3_cam1-002-000167-0,-3097152.625555914,3483740.587400797,333.607421875,NkuluEP,2020-01-16,2020-01-16 14:49:26.668,14:49:26,52.205555333333336,33.039444466666666
3645,391769.204,Flight3_cam1-002-000168-0,-3097132.9665710083,3483746.9562305138,333.54388427734375,NkuluEP,2020-01-16,2020-01-16 14:49:29.204,14:49:29,52.205132666666664,33.039486733333334
3646,391770.672,Flight3_cam1-002-000169-0,-3097126.9439007756,3483757.204116262,333.4765319824219,NkuluEP,2020-01-16,2020-01-16 14:49:30.672,14:49:30,52.204888,33.0395112
3647,391772.674,Flight3_cam1-002-000170-0,-3097123.142011109,3483775.035230825,333.4768371582031,NkuluEP,2020-01-16,2020-01-16 14:49:32.674,14:49:32,52.204554333333334,33.03954456666666
3648,391774.676,Flight3_cam1-002-000171-0,-3097119.3217969257,3483791.4955317862,333.5350036621094,NkuluEP,2020-01-16,2020-01-16 14:49:34.676,14:49:34,52.20422066666667,33.039577933333334
3649,391777.212,Flight3_cam1-002-000172-0,-3097115.2712700954,3483810.9888487775,333.5926818847656,NkuluEP,2020-01-16,2020-01-16 14:49:37.212,14:49:37,52.203798,33.039620199999995
3650,391778.68,Flight3_cam1-002-000173-0,-3097116.732668764,3483823.8688221024,333.74859619140625,NkuluEP,2020-01-16,2020-01-16 14:49:38.680,14:49:38,52.20355333333334,33.03964466666667
3651,391780.682,Flight3_cam1-002-000174-0,-3097125.99061054,3483838.7085157465,333.8776550292969,NkuluEP,2020-01-16,2020-01-16 14:49:40.682,14:49:40,52.203219666666676,33.03967803333333
3652,391782.684,Flight3_cam1-002-000175-0,-3097141.579554595,3483848.005974249,333.9815673828125,NkuluEP,2020-01-16,2020-01-16 14:49:42.684,14:49:42,52.202886,33.0397114
3653,391784.686,Flight3_cam1-002-000176-0,-3097158.159296538,3483853.4520003875,333.9617919921875,NkuluEP,2020-01-16,2020-01-16 14:49:44.686,14:49:44,52.20255233333334,33.039744766666665
3654,391787.089,Flight3_cam1-002-000177-0,-3097175.286864246,3483859.415841445,333.9851379394531,NkuluEP,2020-01-16,2020-01-16 14:49:47.089,14:49:47,52.20215183333334,33.03978481666667
3655,391788.69,Flight3_cam1-002-000178-0,-3097187.227808232,3483863.7772201854,334.0127258300781,NkuluEP,2020-01-16,2020-01-16 14:49:48.690,14:49:48,52.201885000000004,33.0398115
3656,391790.692,Flight3_cam1-002-000179-0,-3097203.0777097424,3483869.646034825,334.0495910644531,NkuluEP,2020-01-16,2020-01-16 14:49:50.692,14:49:50,52.20155133333334,33.03984486666666
3657,391792.694,Flight3_cam1-002-000180-0,-3097219.0016156016,3483875.460897816,334.0896911621094,NkuluEP,2020-01-16,2020-01-16 14:49:52.694,14:49:52,52.201217666666665,33.03987823333333
3658,391795.23,Flight3_cam1-002-000181-0,-3097239.859665447,3483883.4096789043,334.1265869140625,NkuluEP,2020-01-16,2020-01-16 14:49:55.230,14:49:55,52.20079500000001,33.0399205
3659,391796.698,Flight3_cam1-002-000182-0,-3097252.12730906,3483887.901860586,334.0948181152344,NkuluEP,2020-01-16,2020-01-16 14:49:56.698,14:49:56,52.20055033333334,33.03994496666667
3660,391798.7,Flight3_cam1-002-000183-0,-3097267.823140871,3483893.8125196844,334.16766357421875,NkuluEP,2020-01-16,2020-01-16 14:49:58.700,14:49:58,52.20021666666667,33.03997833333333
3661,391800.702,Flight3_cam1-002-000184-0,-3097283.747629811,3483899.9123754967,334.39788818359375,NkuluEP,2020-01-16,2020-01-16 14:50:00.702,14:50:00,52.199883,33.0400117
3662,391802.704,Flight3_cam1-002-000185-0,-3097300.980314672,3483906.226124403,334.5024108886719,NkuluEP,2020-01-16,2020-01-16 14:50:02.704,14:50:02,52.19954933333333,33.040045066666664
3663,391805.106,Flight3_cam1-002-000186-0,-3097320.808668822,3483913.622405145,334.7465515136719,NkuluEP,2020-01-16,2020-01-16 14:50:05.106,14:50:05,52.199149,33.0400851
3664,391806.708,Flight3_cam1-002-000187-0,-3097334.0232556583,3483918.7425608537,334.8142395019531,NkuluEP,2020-01-16,2020-01-16 14:50:06.708,14:50:06,52.198882000000005,33.0401118
3665,391808.71,Flight3_cam1-002-000188-0,-3097350.6939773317,3483924.973139889,334.9212341308594,NkuluEP,2020-01-16,2020-01-16 14:50:08.710,14:50:08,52.198548333333335,33.04014516666666
3666,391810.712,Flight3_cam1-002-000189-0,-3097367.2581128553,3483931.212131288,335.05181884765625,NkuluEP,2020-01-16,2020-01-16 14:50:10.712,14:50:10,52.198214666666665,33.04017853333333
3667,391813.248,Flight3_cam1-002-000190-0,-3097388.6161000696,3483938.880261835,335.1903991699219,NkuluEP,2020-01-16,2020-01-16 14:50:13.248,14:50:13,52.197792,33.0402208
3668,391814.583,Flight3_cam1-002-000191-0,-3097399.933422744,3483942.989999674,335.1770324707031,NkuluEP,2020-01-16,2020-01-16 14:50:14.583,14:50:14,52.19756950000001,33.04024305
3669,391816.585,Flight3_cam1-002-000192-0,-3097416.4066323196,3483949.0031143464,335.2859191894531,NkuluEP,2020-01-16,2020-01-16 14:50:16.585,14:50:16,52.19723583333333,33.040276416666664
3670,391818.587,Flight3_cam1-002-000193-0,-3097433.6260114233,3483955.17010501,335.31103515625,NkuluEP,2020-01-16,2020-01-16 14:50:18.587,14:50:18,52.19690216666667,33.040309783333335
3671,391820.722,Flight3_cam1-002-000194-0,-3097451.4924403173,3483961.6648118505,335.37432861328125,NkuluEP,2020-01-16,2020-01-16 14:50:20.722,14:50:20,52.19654633333333,33.04034536666666
3672,391823.124,Flight3_cam1-002-000195-0,-3097471.322307916,3483968.8598335735,335.439453125,NkuluEP,2020-01-16,2020-01-16 14:50:23.124,14:50:23,52.196146,33.0403854
3673,391824.592,Flight3_cam1-002-000196-0,-3097483.355383686,3483973.2942670593,335.4667663574219,NkuluEP,2020-01-16,2020-01-16 14:50:24.592,14:50:24,52.19590133333333,33.040409866666664
3674,391826.995,Flight3_cam1-002-000197-0,-3097503.739078955,3483980.9882862093,335.4429016113281,NkuluEP,2020-01-16,2020-01-16 14:50:26.995,14:50:26,52.195500833333334,33.04044991666667
3675,391828.596,Flight3_cam1-002-000198-0,-3097516.981904387,3483985.7520194063,335.4352111816406,NkuluEP,2020-01-16,2020-01-16 14:50:28.596,14:50:28,52.195234,33.0404766
3676,391831.266,Flight3_cam1-002-000199-0,-3097538.8431809624,3483993.8392973375,335.3695983886719,NkuluEP,2020-01-16,2020-01-16 14:50:31.266,14:50:31,52.194789,33.0405211
3677,391832.6,Flight3_cam1-002-000200-0,-3097550.2039327403,3483997.9779764717,335.3626708984375,NkuluEP,2020-01-16,2020-01-16 14:50:32.600,14:50:32,52.194566666666674,33.04054333333333
3678,391834.602,Flight3_cam1-002-000201-0,-3097566.668291157,3484004.0579863642,335.30487060546875,NkuluEP,2020-01-16,2020-01-16 14:50:34.602,14:50:34,52.194233,33.040576699999995
3679,391838.74,Flight3_cam1-002-000202-0,-3097601.514506624,3484016.805651472,335.09326171875,NkuluEP,2020-01-16,2020-01-16 14:50:38.740,14:50:38,52.19354333333334,33.04064566666666
3680,391841.142,Flight3_cam1-002-000203-0,-3097621.2310355455,3484024.0318436236,335.1458435058594,NkuluEP,2020-01-16,2020-01-16 14:50:41.142,14:50:41,52.193143000000006,33.0406857
3681,391842.61,Flight3_cam1-002-000204-0,-3097633.3054058794,3484028.60240301,335.1014709472656,NkuluEP,2020-01-16,2020-01-16 14:50:42.610,14:50:42,52.19289833333334,33.04071016666666
3682,391844.612,Flight3_cam1-002-000205-0,-3097650.550557986,3484034.9403385515,334.9297180175781,NkuluEP,2020-01-16,2020-01-16 14:50:44.612,14:50:44,52.19256466666666,33.040743533333334
3683,391846.614,Flight3_cam1-002-000206-0,-3097667.1580196037,3484041.146639705,334.8578796386719,NkuluEP,2020-01-16,2020-01-16 14:50:46.614,14:50:46,52.192231,33.0407769
3684,391849.284,Flight3_cam1-002-000207-0,-3097689.582460524,3484049.1214010483,334.74505615234375,NkuluEP,2020-01-16,2020-01-16 14:50:49.284,14:50:49,52.19178600000001,33.0408214
3685,391850.618,Flight3_cam1-002-000208-0,-3097700.1965671144,3484053.1880994365,334.68621826171875,NkuluEP,2020-01-16,2020-01-16 14:50:50.618,14:50:50,52.19156366666667,33.04084363333333
3686,391852.62,Flight3_cam1-002-000209-0,-3097716.627690751,3484059.262993205,334.6954040527344,NkuluEP,2020-01-16,2020-01-16 14:50:52.620,14:50:52,52.191230000000004,33.040876999999995
3687,391854.622,Flight3_cam1-002-000210-0,-3097733.8887782604,3484065.6392735597,334.5567321777344,NkuluEP,2020-01-16,2020-01-16 14:50:54.622,14:50:54,52.19089633333334,33.040910366666665
3688,391857.292,Flight3_cam1-002-000211-0,-3097755.7650898113,3484073.686567577,334.4549560546875,NkuluEP,2020-01-16,2020-01-16 14:50:57.292,14:50:57,52.190451333333336,33.04095486666667
3689,391858.626,Flight3_cam1-002-000212-0,-3097766.9250539057,3484077.796945359,334.4150695800781,NkuluEP,2020-01-16,2020-01-16 14:50:58.626,14:50:58,52.190229,33.0409771
3690,391860.628,Flight3_cam1-002-000213-0,-3097782.9108278346,3484083.6722391685,334.44024658203125,NkuluEP,2020-01-16,2020-01-16 14:51:00.628,14:51:00,52.18989533333333,33.04101046666666
3691,391862.63,Flight3_cam1-002-000214-0,-3097799.24110406,3484089.803628163,334.4557189941406,NkuluEP,2020-01-16,2020-01-16 14:51:02.630,14:51:02,52.18956166666667,33.04104383333333
3692,391864.766,Flight3_cam1-002-000215-0,-3097816.193629827,3484096.2470398294,334.7397155761719,NkuluEP,2020-01-16,2020-01-16 14:51:04.766,14:51:04,52.189205666666666,33.04107943333333
3693,391867.168,Flight3_cam1-002-000216-0,-3097836.102645361,3484103.1542006857,334.974853515625,NkuluEP,2020-01-16,2020-01-16 14:51:07.168,14:51:07,52.188805333333335,33.041119466666665
3694,391868.636,Flight3_cam1-002-000217-0,-3097848.4387612487,3484107.514080116,334.9342956542969,NkuluEP,2020-01-16,2020-01-16 14:51:08.636,14:51:08,52.18856066666667,33.04114393333333
3695,391870.638,Flight3_cam1-002-000218-0,-3097865.89175871,3484114.059389733,334.85980224609375,NkuluEP,2020-01-16,2020-01-16 14:51:10.638,14:51:10,52.188227000000005,33.041177299999994
3696,391872.64,Flight3_cam1-002-000219-0,-3097882.272157484,3484120.489479744,334.6822204589844,NkuluEP,2020-01-16,2020-01-16 14:51:12.640,14:51:12,52.187893333333335,33.041210666666665
3697,391875.31,Flight3_cam1-002-000220-0,-3097903.241760567,3484128.1416127468,334.5923767089844,NkuluEP,2020-01-16,2020-01-16 14:51:15.310,14:51:15,52.187448333333336,33.041255166666666
3698,391876.644,Flight3_cam1-002-000221-0,-3097914.1061590365,3484132.0067823986,334.7055358886719,NkuluEP,2020-01-16,2020-01-16 14:51:16.644,14:51:16,52.18722600000001,33.0412774
3699,391878.646,Flight3_cam1-002-000222-0,-3097930.999871115,3484138.0996244852,334.83343505859375,NkuluEP,2020-01-16,2020-01-16 14:51:18.646,14:51:18,52.18689233333333,33.04131076666666
3700,391880.648,Flight3_cam1-002-000223-0,-3097948.3356429795,3484144.954943079,334.759033203125,NkuluEP,2020-01-16,2020-01-16 14:51:20.648,14:51:20,52.18655866666667,33.04134413333333
3701,391882.65,Flight3_cam1-002-000224-0,-3097964.813782402,3484150.7518719565,334.7374572753906,NkuluEP,2020-01-16,2020-01-16 14:51:22.650,14:51:22,52.186225,33.041377499999996
3702,391885.186,Flight3_cam1-002-000225-0,-3097985.659011002,3484158.5134859146,334.7052307128906,NkuluEP,2020-01-16,2020-01-16 14:51:25.186,14:51:25,52.185802333333335,33.041419766666664
3703,391886.654,Flight3_cam1-002-000226-0,-3097997.7143595708,3484162.876188684,334.7721252441406,NkuluEP,2020-01-16,2020-01-16 14:51:26.654,14:51:26,52.185557666666675,33.04144423333333
3704,391888.656,Flight3_cam1-002-000227-0,-3098015.075878589,3484169.3089948245,334.6985778808594,NkuluEP,2020-01-16,2020-01-16 14:51:28.656,14:51:28,52.185224,33.0414776
3705,391890.658,Flight3_cam1-002-000228-0,-3098031.659147704,3484175.2196132,334.662353515625,NkuluEP,2020-01-16,2020-01-16 14:51:30.658,14:51:30,52.184890333333335,33.041510966666664
3706,391893.327,Flight3_cam1-002-000229-0,-3098053.3094503237,3484183.2917773915,334.54632568359375,NkuluEP,2020-01-16,2020-01-16 14:51:33.327,14:51:33,52.1844455,33.04155545
3707,391894.662,Flight3_cam1-002-000230-0,-3098064.327967625,3484187.252844689,334.6506042480469,NkuluEP,2020-01-16,2020-01-16 14:51:34.662,14:51:34,52.184223,33.0415777
3708,391896.664,Flight3_cam1-002-000231-0,-3098080.815885312,3484193.186124651,334.7497253417969,NkuluEP,2020-01-16,2020-01-16 14:51:36.664,14:51:36,52.18388933333334,33.04161106666666
3709,391898.666,Flight3_cam1-002-000232-0,-3098098.5901250187,3484199.513389245,334.7529296875,NkuluEP,2020-01-16,2020-01-16 14:51:38.666,14:51:38,52.18355566666666,33.04164443333333
3710,391901.202,Flight3_cam1-002-000233-0,-3098119.2766242647,3484207.3184732897,334.8119812011719,NkuluEP,2020-01-16,2020-01-16 14:51:41.202,14:51:41,52.183133000000005,33.0416867
3711,391902.67,Flight3_cam1-002-000234-0,-3098131.2635269333,3484211.5446631936,334.9247741699219,NkuluEP,2020-01-16,2020-01-16 14:51:42.670,14:51:42,52.18288833333334,33.041711166666666
3712,391904.672,Flight3_cam1-002-000235-0,-3098148.306272086,3484217.898176151,335.10552978515625,NkuluEP,2020-01-16,2020-01-16 14:51:44.672,14:51:44,52.18255466666667,33.04174453333333
3713,391906.674,Flight3_cam1-002-000236-0,-3098165.846421766,3484224.5047766613,335.0276184082031,NkuluEP,2020-01-16,2020-01-16 14:51:46.674,14:51:46,52.182221,33.0417779
3714,391908.676,Flight3_cam1-002-000237-0,-3098181.9766824595,3484230.7632746045,335.0773620605469,NkuluEP,2020-01-16,2020-01-16 14:51:48.676,14:51:48,52.181887333333336,33.04181126666666
3715,391911.212,Flight3_cam1-002-000238-0,-3098203.0847347323,3484238.405867307,335.0064392089844,NkuluEP,2020-01-16,2020-01-16 14:51:51.212,14:51:51,52.18146466666667,33.04185353333333
3716,391912.68,Flight3_cam1-002-000239-0,-3098214.8306750283,3484243.0268323934,334.9131164550781,NkuluEP,2020-01-16,2020-01-16 14:51:52.680,14:51:52,52.18122,33.041878
3717,391914.682,Flight3_cam1-002-000240-0,-3098231.4141025865,3484248.912925557,334.7919616699219,NkuluEP,2020-01-16,2020-01-16 14:51:54.682,14:51:54,52.18088633333334,33.04191136666667
3718,391916.684,Flight3_cam1-002-000241-0,-3098249.018705421,3484254.84057389,334.71612548828125,NkuluEP,2020-01-16,2020-01-16 14:51:56.684,14:51:56,52.180552666666664,33.04194473333333
3719,391919.22,Flight3_cam1-002-000242-0,-3098269.921522943,3484262.5777417715,334.63018798828125,NkuluEP,2020-01-16,2020-01-16 14:51:59.220,14:51:59,52.180130000000005,33.041987
3720,391920.688,Flight3_cam1-002-000243-0,-3098281.9767649886,3484267.0505078607,334.66961669921875,NkuluEP,2020-01-16,2020-01-16 14:52:00.688,14:52:00,52.17988533333333,33.042011466666665
3721,391922.69,Flight3_cam1-002-000244-0,-3098298.441906566,3484272.987202431,334.6719055175781,NkuluEP,2020-01-16,2020-01-16 14:52:02.690,14:52:02,52.17955166666667,33.04204483333333
3722,391924.692,Flight3_cam1-002-000245-0,-3098315.896606649,3484279.112716829,334.79351806640625,NkuluEP,2020-01-16,2020-01-16 14:52:04.692,14:52:04,52.179218000000006,33.0420782
3723,391927.228,Flight3_cam1-002-000246-0,-3098337.4889957323,3484287.0941240233,334.6601257324219,NkuluEP,2020-01-16,2020-01-16 14:52:07.228,14:52:07,52.17879533333333,33.04212046666667
3724,391928.696,Flight3_cam1-002-000247-0,-3098348.9965157714,3484291.421548394,334.5632629394531,NkuluEP,2020-01-16,2020-01-16 14:52:08.696,14:52:08,52.178550666666666,33.04214493333333
3725,391930.698,Flight3_cam1-002-000248-0,-3098364.9463374484,3484297.3998847413,334.44488525390625,NkuluEP,2020-01-16,2020-01-16 14:52:10.698,14:52:10,52.178217000000004,33.042178299999996
3726,391932.7,Flight3_cam1-002-000249-0,-3098381.037446319,3484303.5992864724,334.4547119140625,NkuluEP,2020-01-16,2020-01-16 14:52:12.700,14:52:12,52.177883333333334,33.04221166666667
3727,391934.702,Flight3_cam1-002-000250-0,-3098398.5405077212,3484309.8739159545,334.4006042480469,NkuluEP,2020-01-16,2020-01-16 14:52:14.702,14:52:14,52.17754966666667,33.04224503333333
3728,391937.104,Flight3_cam1-002-000251-0,-3098418.565978005,3484317.1275491985,334.3757629394531,NkuluEP,2020-01-16,2020-01-16 14:52:17.104,14:52:17,52.17714933333334,33.042285066666665
3729,391938.706,Flight3_cam1-002-000252-0,-3098431.4825659217,3484321.995733442,334.2808532714844,NkuluEP,2020-01-16,2020-01-16 14:52:18.706,14:52:18,52.17688233333333,33.042311766666664
3730,391940.708,Flight3_cam1-002-000253-0,-3098447.9782247804,3484328.008408186,334.2054748535156,NkuluEP,2020-01-16,2020-01-16 14:52:20.708,14:52:20,52.17654866666667,33.04234513333333
3731,391942.71,Flight3_cam1-002-000254-0,-3098465.0232915957,3484334.282926527,334.23602294921875,NkuluEP,2020-01-16,2020-01-16 14:52:22.710,14:52:22,52.176215,33.0423785
3732,391945.246,Flight3_cam1-002-000255-0,-3098486.0315227974,3484342.237153615,334.37158203125,NkuluEP,2020-01-16,2020-01-16 14:52:25.246,14:52:25,52.17579233333334,33.042420766666666
3733,391946.714,Flight3_cam1-002-000256-0,-3098497.8940636283,3484346.6934781577,334.4324035644531,NkuluEP,2020-01-16,2020-01-16 14:52:26.714,14:52:26,52.175547666666674,33.04244523333333
3734,391948.582,Flight3_cam1-002-000257-0,-3098513.6465633656,3484352.38940134,334.54931640625,NkuluEP,2020-01-16,2020-01-16 14:52:28.582,14:52:28,52.17523633333334,33.04247636666666
3735,391950.584,Flight3_cam1-002-000258-0,-3098530.717694603,3484358.5451065055,334.5147705078125,NkuluEP,2020-01-16,2020-01-16 14:52:30.584,14:52:30,52.174902666666675,33.04250973333333
3736,391953.254,Flight3_cam1-002-000259-0,-3098553.041808569,3484367.192382564,334.3358154296875,NkuluEP,2020-01-16,2020-01-16 14:52:33.254,14:52:33,52.17445766666667,33.042554233333334
3737,391954.588,Flight3_cam1-002-000260-0,-3098563.7057555052,3484370.5265149036,334.3766784667969,NkuluEP,2020-01-16,2020-01-16 14:52:34.588,14:52:34,52.174235333333336,33.04257646666667
3738,391956.59,Flight3_cam1-002-000261-0,-3098581.3542731595,3484376.9371207557,334.22772216796875,NkuluEP,2020-01-16,2020-01-16 14:52:36.590,14:52:36,52.173901666666666,33.04260983333333
3739,391958.592,Flight3_cam1-002-000262-0,-3098597.498436948,3484382.9256079,334.12109375,NkuluEP,2020-01-16,2020-01-16 14:52:38.592,14:52:38,52.173568,33.0426432
3740,391960.728,Flight3_cam1-002-000263-0,-3098615.1027415446,3484389.3194982125,334.121826171875,NkuluEP,2020-01-16,2020-01-16 14:52:40.728,14:52:40,52.173212,33.0426788
3741,391963.13,Flight3_cam1-002-000264-0,-3098634.8538388303,3484397.0919406153,334.1002502441406,NkuluEP,2020-01-16,2020-01-16 14:52:43.130,14:52:43,52.17281166666667,33.04271883333333
3742,391964.598,Flight3_cam1-002-000265-0,-3098646.8479804615,3484401.637353808,334.0769348144531,NkuluEP,2020-01-16,2020-01-16 14:52:44.598,14:52:44,52.172567,33.0427433
3743,391966.6,Flight3_cam1-002-000266-0,-3098661.8469236502,3484412.6927820747,333.8711242675781,NkuluEP,2020-01-16,2020-01-16 14:52:46.600,14:52:46,52.17223333333334,33.04277666666666
3744,391968.602,Flight3_cam1-002-000267-0,-3098665.8208107185,3484428.786940819,333.7935791015625,NkuluEP,2020-01-16,2020-01-16 14:52:48.602,14:52:48,52.17189966666667,33.04281003333333
3745,391971.272,Flight3_cam1-002-000268-0,-3098659.434136557,3484448.396752637,333.709228515625,NkuluEP,2020-01-16,2020-01-16 14:52:51.272,14:52:51,52.17145466666667,33.04285453333333
3746,391972.606,Flight3_cam1-002-000269-0,-3098655.51918004,3484457.413234678,333.64947509765625,NkuluEP,2020-01-16,2020-01-16 14:52:52.606,14:52:52,52.17123233333333,33.042876766666666
3747,391974.608,Flight3_cam1-002-000270-0,-3098650.846313071,3484471.620863345,333.6227722167969,NkuluEP,2020-01-16,2020-01-16 14:52:54.608,14:52:54,52.170898666666666,33.04291013333333
3748,391976.61,Flight3_cam1-002-000271-0,-3098644.776943912,3484487.1748257633,333.643310546875,NkuluEP,2020-01-16,2020-01-16 14:52:56.610,14:52:56,52.170565,33.0429435
3749,391979.28,Flight3_cam1-002-000272-0,-3098626.802850746,3484501.1807364016,333.5111999511719,NkuluEP,2020-01-16,2020-01-16 14:52:59.280,14:52:59,52.17012,33.042988
3750,391980.614,Flight3_cam1-002-000273-0,-3098616.8154259752,3484502.0275994884,333.4858703613281,NkuluEP,2020-01-16,2020-01-16 14:53:00.614,14:53:00,52.16989766666667,33.043010233333334
3751,391982.616,Flight3_cam1-002-000274-0,-3098603.634803227,3484498.560188463,333.41400146484375,NkuluEP,2020-01-16,2020-01-16 14:53:02.616,14:53:02,52.16956400000001,33.0430436
3752,391984.618,Flight3_cam1-002-000275-0,-3098588.6000715313,3484491.7720085615,333.380615234375,NkuluEP,2020-01-16,2020-01-16 14:53:04.618,14:53:04,52.16923033333333,33.04307696666667
3753,391986.754,Flight3_cam1-002-000276-0,-3098572.5343925008,3484484.9844930563,333.3567199707031,NkuluEP,2020-01-16,2020-01-16 14:53:06.754,14:53:06,52.168874333333335,33.043112566666665
3754,391989.156,Flight3_cam1-002-000277-0,-3098555.035913389,3484478.8190085394,333.3250427246094,NkuluEP,2020-01-16,2020-01-16 14:53:09.156,14:53:09,52.168473999999996,33.0431526
3755,391990.624,Flight3_cam1-002-000278-0,-3098543.7617179155,3484474.9675652776,333.32861328125,NkuluEP,2020-01-16,2020-01-16 14:53:10.624,14:53:10,52.168229333333336,33.043177066666665
3756,391992.626,Flight3_cam1-002-000279-0,-3098526.79799791,3484468.958237187,333.3262634277344,NkuluEP,2020-01-16,2020-01-16 14:53:12.626,14:53:12,52.167895666666666,33.04321043333333
3757,391994.628,Flight3_cam1-002-000280-0,-3098510.265858671,3484462.901767643,333.3040466308594,NkuluEP,2020-01-16,2020-01-16 14:53:14.628,14:53:14,52.167562,33.0432438
3758,391997.297,Flight3_cam1-002-000281-0,-3098488.580021961,3484455.0945335967,333.4010314941406,NkuluEP,2020-01-16,2020-01-16 14:53:17.297,14:53:17,52.167117166666664,33.04328828333333
3759,391998.632,Flight3_cam1-002-000282-0,-3098477.285844225,3484451.0685976464,333.4208984375,NkuluEP,2020-01-16,2020-01-16 14:53:18.632,14:53:18,52.16689466666667,33.04331053333333
3760,392000.634,Flight3_cam1-002-000283-0,-3098460.703149055,3484445.0230132802,333.4523010253906,NkuluEP,2020-01-16,2020-01-16 14:53:20.634,14:53:20,52.166561,33.043343899999996
3761,392002.636,Flight3_cam1-002-000284-0,-3098443.575625765,3484438.8306430858,333.4796142578125,NkuluEP,2020-01-16,2020-01-16 14:53:22.636,14:53:22,52.16622733333333,33.04337726666667
3762,392005.305,Flight3_cam1-002-000285-0,-3098421.645411396,3484431.0533698206,333.4402770996094,NkuluEP,2020-01-16,2020-01-16 14:53:25.305,14:53:25,52.165782500000006,33.04342175
3763,392006.64,Flight3_cam1-002-000286-0,-3098410.22729537,3484426.917346528,333.4643249511719,NkuluEP,2020-01-16,2020-01-16 14:53:26.640,14:53:26,52.16556,33.043444
3764,392008.642,Flight3_cam1-002-000287-0,-3098393.7528911307,3484420.6827832065,333.5370788574219,NkuluEP,2020-01-16,2020-01-16 14:53:28.642,14:53:28,52.16522633333334,33.043477366666664
3765,392010.644,Flight3_cam1-002-000288-0,-3098376.365263749,3484414.3588484596,333.49298095703125,NkuluEP,2020-01-16,2020-01-16 14:53:30.644,14:53:30,52.164892666666674,33.04351073333333
3766,392012.779,Flight3_cam1-002-000289-0,-3098359.020909273,3484408.346576813,333.5416259765625,NkuluEP,2020-01-16,2020-01-16 14:53:32.779,14:53:32,52.16453683333334,33.043546316666664
3767,392015.182,Flight3_cam1-002-000290-0,-3098338.5549238836,3484400.7526661395,333.6221008300781,NkuluEP,2020-01-16,2020-01-16 14:53:35.182,14:53:35,52.16413633333334,33.043586366666666
3768,392016.65,Flight3_cam1-002-000291-0,-3098326.784777987,3484396.313276832,333.6590576171875,NkuluEP,2020-01-16,2020-01-16 14:53:36.650,14:53:36,52.163891666666665,33.04361083333333
3769,392018.652,Flight3_cam1-002-000292-0,-3098310.338438006,3484390.1299852734,333.6615295410156,NkuluEP,2020-01-16,2020-01-16 14:53:38.652,14:53:38,52.163558,33.043644199999996
3770,392020.654,Flight3_cam1-002-000293-0,-3098293.062026565,3484383.6932677575,333.6514892578125,NkuluEP,2020-01-16,2020-01-16 14:53:40.654,14:53:40,52.16322433333334,33.043677566666666
3771,392023.323,Flight3_cam1-002-000294-0,-3098271.2240529754,3484375.703943459,333.64593505859375,NkuluEP,2020-01-16,2020-01-16 14:53:43.323,14:53:43,52.162779500000006,33.04372205
3772,392024.658,Flight3_cam1-002-000295-0,-3098259.96384812,3484371.569609325,333.6104431152344,NkuluEP,2020-01-16,2020-01-16 14:53:44.658,14:53:44,52.162557,33.0437443
3773,392026.66,Flight3_cam1-002-000296-0,-3098243.415200329,3484365.4079762762,333.6171875,NkuluEP,2020-01-16,2020-01-16 14:53:46.660,14:53:46,52.16222333333334,33.043777666666664
3774,392028.662,Flight3_cam1-002-000297-0,-3098226.141959296,3484358.97959112,333.6104736328125,NkuluEP,2020-01-16,2020-01-16 14:53:48.662,14:53:48,52.16188966666667,33.043811033333334
3775,392030.664,Flight3_cam1-002-000298-0,-3098209.7173364586,3484352.8905188045,333.58160400390625,NkuluEP,2020-01-16,2020-01-16 14:53:50.664,14:53:50,52.161556000000004,33.0438444
3776,392033.2,Flight3_cam1-002-000299-0,-3098188.867962578,3484345.181134836,333.6042175292969,NkuluEP,2020-01-16,2020-01-16 14:53:53.200,14:53:53,52.16113333333333,33.043886666666666
3777,392034.668,Flight3_cam1-002-000300-0,-3098177.040302069,3484340.795918304,333.6219482421875,NkuluEP,2020-01-16,2020-01-16 14:53:54.668,14:53:54,52.160888666666665,33.04391113333333
3778,392036.67,Flight3_cam1-002-000301-0,-3098159.924292718,3484334.3895013146,333.5994873046875,NkuluEP,2020-01-16,2020-01-16 14:53:56.670,14:53:56,52.160555,33.043944499999995
3779,392038.672,Flight3_cam1-002-000302-0,-3098143.311541021,3484328.2877276633,333.58489990234375,NkuluEP,2020-01-16,2020-01-16 14:53:58.672,14:53:58,52.16022133333333,33.043977866666665
3780,392041.341,Flight3_cam1-002-000303-0,-3098121.3474889393,3484320.330925615,333.5348815917969,NkuluEP,2020-01-16,2020-01-16 14:54:01.341,14:54:01,52.1597765,33.04402235
3781,392042.676,Flight3_cam1-002-000304-0,-3098110.0702897934,3484316.2088440103,333.53814697265625,NkuluEP,2020-01-16,2020-01-16 14:54:02.676,14:54:02,52.15955400000001,33.0440446
3782,392044.678,Flight3_cam1-002-000305-0,-3098093.514761732,3484310.188059898,333.46185302734375,NkuluEP,2020-01-16,2020-01-16 14:54:04.678,14:54:04,52.15922033333333,33.04407796666666
3783,392046.68,Flight3_cam1-002-000306-0,-3098076.249464962,3484303.8606893225,333.4682922363281,NkuluEP,2020-01-16,2020-01-16 14:54:06.680,14:54:06,52.15888666666667,33.04411133333333
3784,392048.682,Flight3_cam1-002-000307-0,-3098059.517010004,3484297.7658162424,333.4315490722656,NkuluEP,2020-01-16,2020-01-16 14:54:08.682,14:54:08,52.158553000000005,33.0441447
3785,392051.084,Flight3_cam1-002-000308-0,-3098039.698713395,3484290.5198777346,333.48870849609375,NkuluEP,2020-01-16,2020-01-16 14:54:11.084,14:54:11,52.15815266666667,33.04418473333333
3786,392052.686,Flight3_cam1-002-000309-0,-3098026.741645825,3484285.7830040487,333.533447265625,NkuluEP,2020-01-16,2020-01-16 14:54:12.686,14:54:12,52.15788566666667,33.04421143333333
3787,392054.688,Flight3_cam1-002-000310-0,-3098009.5137814493,3484279.4322753893,333.515869140625,NkuluEP,2020-01-16,2020-01-16 14:54:14.688,14:54:14,52.157551999999995,33.0442448
3788,392056.69,Flight3_cam1-002-000311-0,-3097993.027984208,3484273.2415382615,333.4951477050781,NkuluEP,2020-01-16,2020-01-16 14:54:16.690,14:54:16,52.15721833333333,33.044278166666665
3789,392059.226,Flight3_cam1-002-000312-0,-3097972.102881699,3484265.57249426,333.4661865234375,NkuluEP,2020-01-16,2020-01-16 14:54:19.226,14:54:19,52.15679566666667,33.04432043333333
3790,392060.694,Flight3_cam1-002-000313-0,-3097960.0490193996,3484261.2204904417,333.4946594238281,NkuluEP,2020-01-16,2020-01-16 14:54:20.694,14:54:20,52.156551,33.0443449
3791,392062.696,Flight3_cam1-002-000314-0,-3097943.29640715,3484255.1035105595,333.48193359375,NkuluEP,2020-01-16,2020-01-16 14:54:22.696,14:54:22,52.15621733333334,33.04437826666666
3792,392064.698,Flight3_cam1-002-000315-0,-3097926.1494254647,3484248.6925618476,333.4495544433594,NkuluEP,2020-01-16,2020-01-16 14:54:24.698,14:54:24,52.155883666666675,33.04441163333333
3793,392066.7,Flight3_cam1-002-000316-0,-3097909.8498753933,3484242.5504393214,333.4441833496094,NkuluEP,2020-01-16,2020-01-16 14:54:26.700,14:54:26,52.15555,33.044444999999996
3794,392069.102,Flight3_cam1-002-000317-0,-3097890.17358435,3484235.393880645,333.4672546386719,NkuluEP,2020-01-16,2020-01-16 14:54:29.102,14:54:29,52.15514966666667,33.04448503333333
3795,392070.704,Flight3_cam1-002-000318-0,-3097876.7986581973,3484230.6342279376,333.5099792480469,NkuluEP,2020-01-16,2020-01-16 14:54:30.704,14:54:30,52.154882666666666,33.04451173333333
3796,392072.706,Flight3_cam1-002-000319-0,-3097859.4904627986,3484224.3441481,333.4996337890625,NkuluEP,2020-01-16,2020-01-16 14:54:32.706,14:54:32,52.154549,33.0445451
3797,392074.708,Flight3_cam1-002-000320-0,-3097842.9403973627,3484218.2319994546,333.4654235839844,NkuluEP,2020-01-16,2020-01-16 14:54:34.708,14:54:34,52.15421533333334,33.044578466666664
3798,392077.244,Flight3_cam1-002-000321-0,-3097821.784048146,3484210.2633504714,333.4044189453125,NkuluEP,2020-01-16,2020-01-16 14:54:37.244,14:54:37,52.15379266666667,33.04462073333333
3799,392078.712,Flight3_cam1-002-000322-0,-3097809.908251127,3484205.850108618,333.43670654296875,NkuluEP,2020-01-16,2020-01-16 14:54:38.712,14:54:38,52.153548,33.0446452
3800,392080.714,Flight3_cam1-002-000323-0,-3097793.4243520955,3484199.793667558,333.43902587890625,NkuluEP,2020-01-16,2020-01-16 14:54:40.714,14:54:40,52.15321433333334,33.04467856666666
3801,392082.716,Flight3_cam1-002-000324-0,-3097776.151763111,3484193.4751630067,333.3812255859375,NkuluEP,2020-01-16,2020-01-16 14:54:42.716,14:54:42,52.15288066666667,33.04471193333333
3802,392084.718,Flight3_cam1-002-000325-0,-3097759.5043392186,3484187.3939653724,333.3744201660156,NkuluEP,2020-01-16,2020-01-16 14:54:44.718,14:54:44,52.152547000000006,33.044745299999995
3803,392087.12,Flight3_cam1-002-000326-0,-3097739.6685397313,3484180.108488034,333.3611755371094,NkuluEP,2020-01-16,2020-01-16 14:54:47.120,14:54:47,52.15214666666667,33.04478533333333
3804,392088.722,Flight3_cam1-002-000327-0,-3097726.4683607016,3484175.2653517155,333.3658447265625,NkuluEP,2020-01-16,2020-01-16 14:54:48.722,14:54:48,52.151879666666666,33.04481203333333
3805,392090.59,Flight3_cam1-002-000328-0,-3097710.7169016,3484169.5002997136,333.3955078125,NkuluEP,2020-01-16,2020-01-16 14:54:50.590,14:54:50,52.15156833333333,33.044843166666666
3806,392092.592,Flight3_cam1-002-000329-0,-3097694.2135627586,3484163.343130681,333.42510986328125,NkuluEP,2020-01-16,2020-01-16 14:54:52.592,14:54:52,52.15123466666667,33.04487653333333
3807,392095.261,Flight3_cam1-002-000330-0,-3097671.5981119303,3484154.910066177,333.44610595703125,NkuluEP,2020-01-16,2020-01-16 14:54:55.261,14:54:55,52.150789833333334,33.04492101666666
3808,392096.596,Flight3_cam1-002-000331-0,-3097660.380966788,3484150.7566108317,333.3971862792969,NkuluEP,2020-01-16,2020-01-16 14:54:56.596,14:54:56,52.150567333333335,33.044943266666664
3809,392098.598,Flight3_cam1-002-000332-0,-3097643.938801867,3484144.6771261957,333.3587951660156,NkuluEP,2020-01-16,2020-01-16 14:54:58.598,14:54:58,52.150233666666665,33.044976633333334
3810,392100.6,Flight3_cam1-002-000333-0,-3097627.430155087,3484138.6618818427,333.3327941894531,NkuluEP,2020-01-16,2020-01-16 14:55:00.600,14:55:00,52.1499,33.04501
3811,392102.736,Flight3_cam1-002-000334-0,-3097609.541650162,3484132.065911787,333.3451232910156,NkuluEP,2020-01-16,2020-01-16 14:55:02.736,14:55:02,52.149544000000006,33.045045599999995
3812,392105.138,Flight3_cam1-002-000335-0,-3097589.752947913,3484124.7331988476,333.3638610839844,NkuluEP,2020-01-16,2020-01-16 14:55:05.138,14:55:05,52.149143666666674,33.04508563333333
3813,392106.606,Flight3_cam1-002-000336-0,-3097577.065066915,3484120.127123119,333.36102294921875,NkuluEP,2020-01-16,2020-01-16 14:55:06.606,14:55:06,52.148899,33.045110099999995
3814,392108.608,Flight3_cam1-002-000337-0,-3097560.495237329,3484114.0107157812,333.3138122558594,NkuluEP,2020-01-16,2020-01-16 14:55:08.608,14:55:08,52.14856533333333,33.045143466666666
3815,392110.61,Flight3_cam1-002-000338-0,-3097543.9785734722,3484107.998354046,333.228271484375,NkuluEP,2020-01-16,2020-01-16 14:55:10.610,14:55:10,52.14823166666667,33.04517683333333
3816,392113.279,Flight3_cam1-002-000339-0,-3097521.4568788223,3484099.7111106394,333.2356872558594,NkuluEP,2020-01-16,2020-01-16 14:55:13.279,14:55:13,52.147786833333335,33.04522131666666
3817,392114.614,Flight3_cam1-002-000340-0,-3097510.2854897715,3484095.6194178425,333.2436218261719,NkuluEP,2020-01-16,2020-01-16 14:55:14.614,14:55:14,52.147564333333335,33.04524356666666
3818,392116.616,Flight3_cam1-002-000341-0,-3097493.7166515617,3484089.491446034,333.225341796875,NkuluEP,2020-01-16,2020-01-16 14:55:16.616,14:55:16,52.14723066666667,33.045276933333334
3819,392118.618,Flight3_cam1-002-000342-0,-3097477.1961714625,3484083.3941502147,333.18829345703125,NkuluEP,2020-01-16,2020-01-16 14:55:18.618,14:55:18,52.146896999999996,33.0453103
3820,392120.753,Flight3_cam1-002-000343-0,-3097459.2777955905,3484076.8057373213,333.1851806640625,NkuluEP,2020-01-16,2020-01-16 14:55:20.753,14:55:20,52.146541166666665,33.04534588333333
3821,392123.156,Flight3_cam1-002-000344-0,-3097439.443532786,3484069.4486262975,333.2155456542969,NkuluEP,2020-01-16,2020-01-16 14:55:23.156,14:55:23,52.14614066666667,33.04538593333333
3822,392124.624,Flight3_cam1-002-000345-0,-3097426.859302314,3484064.9021372404,333.1936950683594,NkuluEP,2020-01-16,2020-01-16 14:55:24.624,14:55:24,52.145896,33.045410399999994
3823,392126.626,Flight3_cam1-002-000346-0,-3097410.2248436115,3484058.811597496,333.1902160644531,NkuluEP,2020-01-16,2020-01-16 14:55:26.626,14:55:26,52.14556233333334,33.045443766666665
3824,392128.628,Flight3_cam1-002-000347-0,-3097393.5885390686,3484052.6684284406,333.210205078125,NkuluEP,2020-01-16,2020-01-16 14:55:28.628,14:55:28,52.14522866666666,33.04547713333333
3825,392131.297,Flight3_cam1-002-000348-0,-3097371.2084611882,3484044.5173284076,333.1708679199219,NkuluEP,2020-01-16,2020-01-16 14:55:31.297,14:55:31,52.14478383333333,33.04552161666666
3826,392132.632,Flight3_cam1-002-000349-0,-3097360.017884619,3484040.3832799457,333.1859130859375,NkuluEP,2020-01-16,2020-01-16 14:55:32.632,14:55:32,52.144561333333336,33.04554386666666
3827,392134.634,Flight3_cam1-002-000350-0,-3097343.4805436833,3484034.212466119,333.21923828125,NkuluEP,2020-01-16,2020-01-16 14:55:34.634,14:55:34,52.144227666666666,33.04557723333333
3828,392136.636,Flight3_cam1-002-000351-0,-3097326.8676967006,3484028.1279945862,333.19873046875,NkuluEP,2020-01-16,2020-01-16 14:55:36.636,14:55:36,52.143894,33.045610599999996
3829,392138.638,Flight3_cam1-002-000352-0,-3097310.3389005694,3484021.9609579546,333.2251892089844,NkuluEP,2020-01-16,2020-01-16 14:55:38.638,14:55:38,52.14356033333334,33.04564396666667
3830,392141.174,Flight3_cam1-002-000353-0,-3097289.129291877,3484014.1210136684,333.31951904296875,NkuluEP,2020-01-16,2020-01-16 14:55:41.174,14:55:41,52.14313766666667,33.04568623333333
3831,392142.642,Flight3_cam1-002-000354-0,-3097276.527333074,3484009.5603935835,333.30426025390625,NkuluEP,2020-01-16,2020-01-16 14:55:42.642,14:55:42,52.142893,33.0457107
3832,392144.644,Flight3_cam1-002-000355-0,-3097259.9786854624,3484003.479062938,333.2925109863281,NkuluEP,2020-01-16,2020-01-16 14:55:44.644,14:55:44,52.14255933333334,33.045744066666664
3833,392146.646,Flight3_cam1-002-000356-0,-3097243.50958361,3483997.368788323,333.30743408203125,NkuluEP,2020-01-16,2020-01-16 14:55:46.646,14:55:46,52.14222566666667,33.04577743333333
3834,392149.315,Flight3_cam1-002-000357-0,-3097220.9761874448,3483989.128095334,333.2746887207031,NkuluEP,2020-01-16,2020-01-16 14:55:49.315,14:55:49,52.141780833333335,33.04582191666666
3835,392150.65,Flight3_cam1-002-000358-0,-3097209.6526936074,3483984.906781363,333.29620361328125,NkuluEP,2020-01-16,2020-01-16 14:55:50.650,14:55:50,52.14155833333333,33.04584416666666
3836,392152.652,Flight3_cam1-002-000359-0,-3097193.027743056,3483978.8185577746,333.35552978515625,NkuluEP,2020-01-16,2020-01-16 14:55:52.652,14:55:52,52.141224666666666,33.04587753333333
3837,392154.654,Flight3_cam1-002-000360-0,-3097176.4689155514,3483972.7720982786,333.350341796875,NkuluEP,2020-01-16,2020-01-16 14:55:54.654,14:55:54,52.140891,33.045910899999996
3838,392157.323,Flight3_cam1-002-000361-0,-3097154.018154042,3483964.619033189,333.360595703125,NkuluEP,2020-01-16,2020-01-16 14:55:57.323,14:55:57,52.14044616666667,33.04595538333333
3839,392158.658,Flight3_cam1-002-000362-0,-3097142.814051095,3483960.4356619217,333.3834228515625,NkuluEP,2020-01-16,2020-01-16 14:55:58.658,14:55:58,52.14022366666667,33.04597763333333
3840,392160.66,Flight3_cam1-002-000363-0,-3097126.303339528,3483954.328326192,333.4130554199219,NkuluEP,2020-01-16,2020-01-16 14:56:00.660,14:56:00,52.13989000000001,33.046011
3841,392162.662,Flight3_cam1-002-000364-0,-3097109.839974917,3483948.2290402064,333.404296875,NkuluEP,2020-01-16,2020-01-16 14:56:02.662,14:56:02,52.13955633333333,33.04604436666666
3842,392164.664,Flight3_cam1-002-000365-0,-3097092.786331281,3483944.0773797836,333.4011535644531,NkuluEP,2020-01-16,2020-01-16 14:56:04.664,14:56:04,52.13922266666667,33.046077733333334
3843,392167.2,Flight3_cam1-002-000366-0,-3097076.070746889,3483951.887335573,333.3170166015625,NkuluEP,2020-01-16,2020-01-16 14:56:07.200,14:56:07,52.138799999999996,33.046119999999995
3844,392168.668,Flight3_cam1-002-000367-0,-3097072.671650839,3483960.9506717445,333.1982421875,NkuluEP,2020-01-16,2020-01-16 14:56:08.668,14:56:08,52.138555333333336,33.04614446666666
3845,392170.67,Flight3_cam1-002-000368-0,-3097070.5945235444,3483977.0567302965,333.17901611328125,NkuluEP,2020-01-16,2020-01-16 14:56:10.670,14:56:10,52.138221666666674,33.04617783333333
3846,392172.672,Flight3_cam1-002-000369-0,-3097066.6572710755,3483995.0238995254,333.3218994140625,NkuluEP,2020-01-16,2020-01-16 14:56:12.672,14:56:12,52.137888,33.046211199999995
3847,392175.341,Flight3_cam1-002-000370-0,-3097061.6820313535,3484017.036712281,333.4246826171875,NkuluEP,2020-01-16,2020-01-16 14:56:15.341,14:56:15,52.137443166666664,33.04625568333333
3848,392176.676,Flight3_cam1-002-000371-0,-3097062.660744496,3484028.459473449,333.5066223144531,NkuluEP,2020-01-16,2020-01-16 14:56:16.676,14:56:16,52.13722066666667,33.04627793333333
3849,392178.678,Flight3_cam1-002-000372-0,-3097070.900959103,3484042.347333152,333.6261291503906,NkuluEP,2020-01-16,2020-01-16 14:56:18.678,14:56:18,52.136887,33.0463113
3850,392180.68,Flight3_cam1-002-000373-0,-3097084.7989553404,3484051.5398672004,333.7454528808594,NkuluEP,2020-01-16,2020-01-16 14:56:20.680,14:56:20,52.13655333333334,33.04634466666666
3851,392182.682,Flight3_cam1-002-000374-0,-3097101.443663923,3484057.029788002,333.9147033691406,NkuluEP,2020-01-16,2020-01-16 14:56:22.682,14:56:22,52.136219666666676,33.04637803333333
3852,392185.217,Flight3_cam1-002-000375-0,-3097122.861982992,3484065.102025668,334.22705078125,NkuluEP,2020-01-16,2020-01-16 14:56:25.217,14:56:25,52.13579716666667,33.04642028333333
3853,392186.686,Flight3_cam1-002-000376-0,-3097134.898586799,3484069.856862147,334.27606201171875,NkuluEP,2020-01-16,2020-01-16 14:56:26.686,14:56:26,52.13555233333334,33.04644476666667
3854,392188.688,Flight3_cam1-002-000377-0,-3097150.6207025875,3484075.8378130873,334.50604248046875,NkuluEP,2020-01-16,2020-01-16 14:56:28.688,14:56:28,52.13521866666667,33.04647813333333
3855,392190.69,Flight3_cam1-002-000378-0,-3097166.975955114,3484081.8013999276,334.56927490234375,NkuluEP,2020-01-16,2020-01-16 14:56:30.690,14:56:30,52.134885000000004,33.046511499999994
3856,392193.225,Flight3_cam1-002-000379-0,-3097188.040598647,3484089.5659534526,334.7584228515625,NkuluEP,2020-01-16,2020-01-16 14:56:33.225,14:56:33,52.134462500000005,33.046553749999994
3857,392194.694,Flight3_cam1-002-000380-0,-3097200.45355755,3484094.218911214,334.7282409667969,NkuluEP,2020-01-16,2020-01-16 14:56:34.694,14:56:34,52.134217666666665,33.04657823333333
3858,392196.696,Flight3_cam1-002-000381-0,-3097216.913663536,3484100.247297175,334.82684326171875,NkuluEP,2020-01-16,2020-01-16 14:56:36.696,14:56:36,52.133884,33.0466116
3859,392198.697,Flight3_cam1-002-000382-0,-3097233.419345024,3484106.318220533,334.83489990234375,NkuluEP,2020-01-16,2020-01-16 14:56:38.697,14:56:38,52.133550500000005,33.046644949999994
3860,392201.233,Flight3_cam1-002-000383-0,-3097254.856841377,3484113.965741674,334.8294677734375,NkuluEP,2020-01-16,2020-01-16 14:56:41.233,14:56:41,52.13312783333333,33.04668721666666
3861,392202.701,Flight3_cam1-002-000384-0,-3097266.9994318048,3484118.250766338,334.88623046875,NkuluEP,2020-01-16,2020-01-16 14:56:42.701,14:56:42,52.132883166666666,33.04671168333333
3862,392204.703,Flight3_cam1-002-000385-0,-3097284.2286594245,3484124.73903736,335.0061340332031,NkuluEP,2020-01-16,2020-01-16 14:56:44.703,14:56:44,52.1325495,33.04674505
3863,392206.705,Flight3_cam1-002-000386-0,-3097301.0017227777,3484130.894159684,334.7845458984375,NkuluEP,2020-01-16,2020-01-16 14:56:46.705,14:56:46,52.13221583333333,33.04677841666666
3864,392208.707,Flight3_cam1-002-000387-0,-3097317.5220861644,3484136.905241632,334.6418151855469,NkuluEP,2020-01-16,2020-01-16 14:56:48.707,14:56:48,52.13188216666667,33.04681178333333
3865,392211.11,Flight3_cam1-002-000388-0,-3097337.802913194,3484144.320111392,334.6835632324219,NkuluEP,2020-01-16,2020-01-16 14:56:51.110,14:56:51,52.13148166666667,33.04685183333333
3866,392212.711,Flight3_cam1-002-000389-0,-3097351.0923617366,3484149.030896988,334.6195983886719,NkuluEP,2020-01-16,2020-01-16 14:56:52.711,14:56:52,52.13121483333333,33.046878516666666
3867,392214.713,Flight3_cam1-002-000390-0,-3097367.702614771,3484155.243701727,334.53546142578125,NkuluEP,2020-01-16,2020-01-16 14:56:54.713,14:56:54,52.13088116666667,33.04691188333333
3868,392216.715,Flight3_cam1-002-000391-0,-3097384.315834429,3484161.5851646033,334.3791809082031,NkuluEP,2020-01-16,2020-01-16 14:56:56.715,14:56:56,52.1305475,33.04694525
3869,392219.251,Flight3_cam1-002-000392-0,-3097405.2534565553,3484169.278965199,334.3623962402344,NkuluEP,2020-01-16,2020-01-16 14:56:59.251,14:56:59,52.13012483333333,33.04698751666666
3870,392220.719,Flight3_cam1-002-000393-0,-3097418.0854479293,3484174.095525216,334.1468200683594,NkuluEP,2020-01-16,2020-01-16 14:57:00.719,14:57:00,52.12988016666667,33.04701198333333
3871,392222.721,Flight3_cam1-002-000394-0,-3097434.3464870406,3484180.1598939295,333.99993896484375,NkuluEP,2020-01-16,2020-01-16 14:57:02.721,14:57:02,52.1295465,33.04704535
3872,392224.723,Flight3_cam1-002-000395-0,-3097450.7492130557,3484186.4679650366,333.8299255371094,NkuluEP,2020-01-16,2020-01-16 14:57:04.723,14:57:04,52.129212833333334,33.04707871666666
3873,392227.259,Flight3_cam1-002-000396-0,-3097471.786109606,3484193.9738215716,333.7752380371094,NkuluEP,2020-01-16,2020-01-16 14:57:07.259,14:57:07,52.12879016666666,33.04712098333333
3874,392228.594,Flight3_cam1-002-000397-0,-3097483.081456792,3484198.19117581,333.67327880859375,NkuluEP,2020-01-16,2020-01-16 14:57:08.594,14:57:08,52.12856766666667,33.04714323333333
3875,392230.596,Flight3_cam1-002-000398-0,-3097499.3608766044,3484204.3761508125,333.61578369140625,NkuluEP,2020-01-16,2020-01-16 14:57:10.596,14:57:10,52.128234,33.0471766
3876,392232.598,Flight3_cam1-002-000399-0,-3097507.524414817,3484208.2396045737,332.3355407714844,NkuluEP,2020-01-16,2020-01-16 14:57:12.598,14:57:12,52.127900333333336,33.047209966666664
3877,392234.733,Flight3_cam1-002-000400-0,-3097516.0482394234,3484210.7432137183,330.6837463378906,NkuluEP,2020-01-16,2020-01-16 14:57:14.733,14:57:14,52.1275445,33.04724555
3878,392237.136,Flight3_cam1-002-000401-0,-3097532.472287257,3484209.8041930883,328.06024169921875,NkuluEP,2020-01-16,2020-01-16 14:57:17.136,14:57:17,52.127144,33.047285599999995
3879,392238.604,Flight3_cam1-002-000402-0,-3097546.558666761,3484205.7761255177,325.77294921875,NkuluEP,2020-01-16,2020-01-16 14:57:18.604,14:57:18,52.126899333333334,33.04731006666666
3880,392240.606,Flight3_cam1-002-000403-0,-3097565.445976106,3484197.314385676,322.5466003417969,NkuluEP,2020-01-16,2020-01-16 14:57:20.606,14:57:20,52.126565666666664,33.04734343333333
3881,392242.608,Flight3_cam1-002-000404-0,-3097586.3551274934,3484187.0816328377,320.1142578125,NkuluEP,2020-01-16,2020-01-16 14:57:22.608,14:57:22,52.126232,33.047376799999995
3882,392245.277,Flight3_cam1-002-000405-0,-3097617.0303204814,3484170.5143121434,319.7906494140625,NkuluEP,2020-01-16,2020-01-16 14:57:25.277,14:57:25,52.12578716666667,33.04742128333333
3883,392246.612,Flight3_cam1-002-000406-0,-3097632.600084096,3484162.3089982513,319.8779602050781,NkuluEP,2020-01-16,2020-01-16 14:57:26.612,14:57:26,52.12556466666666,33.04744353333333
3884,392248.614,Flight3_cam1-002-000407-0,-3097654.9281464717,3484150.7139940024,319.90057373046875,NkuluEP,2020-01-16,2020-01-16 14:57:28.614,14:57:28,52.125231,33.0474769
3885,392250.616,Flight3_cam1-002-000408-0,-3097676.4296846194,3484139.4085515332,319.8765869140625,NkuluEP,2020-01-16,2020-01-16 14:57:30.616,14:57:30,52.12489733333334,33.04751026666666
3886,392253.285,Flight3_cam1-002-000409-0,-3097704.412471628,3484124.5977205243,319.3745422363281,NkuluEP,2020-01-16,2020-01-16 14:57:33.285,14:57:33,52.124452500000004,33.047554749999996
3887,392254.62,Flight3_cam1-002-000410-0,-3097718.805006155,3484117.011592023,317.44329833984375,NkuluEP,2020-01-16,2020-01-16 14:57:34.620,14:57:34,52.124230000000004,33.047577
3888,392256.622,Flight3_cam1-002-000411-0,-3097740.5200453396,3484106.478205505,314.39288330078125,NkuluEP,2020-01-16,2020-01-16 14:57:36.622,14:57:36,52.12389633333334,33.04761036666666
3889,392258.624,Flight3_cam1-002-000412-0,-3097761.4280671217,3484096.5785972695,311.0179443359375,NkuluEP,2020-01-16,2020-01-16 14:57:38.624,14:57:38,52.123562666666665,33.04764373333333
3890,392260.759,Flight3_cam1-002-000413-0,-3097782.3839103756,3484086.7268939633,306.62847900390625,NkuluEP,2020-01-16,2020-01-16 14:57:40.759,14:57:40,52.123206833333334,33.04767931666667
3891,392263.162,Flight3_cam1-002-000414-0,-3097804.2169420943,3484076.44316208,301.9877624511719,NkuluEP,2020-01-16,2020-01-16 14:57:43.162,14:57:43,52.12280633333333,33.04771936666666
3892,392264.63,Flight3_cam1-002-000415-0,-3097817.4936141497,3484069.9239022583,300.1881103515625,NkuluEP,2020-01-16,2020-01-16 14:57:44.630,14:57:44,52.12256166666667,33.04774383333333
3893,392634.731,Flight3_cam1-003-000000-0,-3098007.869359246,3483932.8342032377,252.72216796875,NkuluEP,2020-01-16,2020-01-16 15:03:54.731,15:03:54,52.17172336111112,33.035655327777775
3894,392636.065,Flight3_cam1-003-000001-0,-3098009.056732636,3483937.191310628,257.3451843261719,NkuluEP,2020-01-16,2020-01-16 15:03:56.065,15:03:56,52.17213097222223,33.03557380555555
3895,392638.067,Flight3_cam1-003-000002-0,-3098006.7381395036,3483947.4326672703,264.1319885253906,NkuluEP,2020-01-16,2020-01-16 15:03:58.067,15:03:58,52.17274269444444,33.03545146111111
3896,392640.069,Flight3_cam1-003-000003-0,-3097997.1982971067,3483958.3009374263,270.91534423828125,NkuluEP,2020-01-16,2020-01-16 15:04:00.069,15:04:00,52.173354416666676,33.03532911666666
3897,392642.739,Flight3_cam1-003-000004-0,-3097976.391403125,3483966.6872512954,279.6357727050781,NkuluEP,2020-01-16,2020-01-16 15:04:02.739,15:04:02,52.17417025,33.03516595
3898,392644.073,Flight3_cam1-003-000005-0,-3097966.8970688707,3483968.628142398,283.86773681640625,NkuluEP,2020-01-16,2020-01-16 15:04:04.073,15:04:04,52.1745778611111,33.035084427777775
3899,392646.075,Flight3_cam1-003-000006-0,-3097955.8269058377,3483971.291410207,290.2970275878906,NkuluEP,2020-01-16,2020-01-16 15:04:06.075,15:04:06,52.175189583333335,33.03496208333333
3900,392648.077,Flight3_cam1-003-000007-0,-3097945.9476957885,3483972.728051052,297.1097412109375,NkuluEP,2020-01-16,2020-01-16 15:04:08.077,15:04:08,52.17580130555555,33.034839738888884
3901,392650.747,Flight3_cam1-003-000008-0,-3097928.536148242,3483974.4966197126,306.36053466796875,NkuluEP,2020-01-16,2020-01-16 15:04:10.747,15:04:10,52.17661713888888,33.034676572222224
3902,392652.081,Flight3_cam1-003-000009-0,-3097917.677456602,3483975.5128437225,310.96929931640625,NkuluEP,2020-01-16,2020-01-16 15:04:12.081,15:04:12,52.17702475,33.03459505
3903,392654.083,Flight3_cam1-003-000010-0,-3097899.7941547767,3483976.799254021,317.88629150390625,NkuluEP,2020-01-16,2020-01-16 15:04:14.083,15:04:14,52.17763647222222,33.03447270555555
3904,392656.085,Flight3_cam1-003-000011-0,-3097879.3237613887,3483978.179439634,324.71710205078125,NkuluEP,2020-01-16,2020-01-16 15:04:16.085,15:04:16,52.17824819444445,33.03435036111111
3905,392658.087,Flight3_cam1-003-000012-0,-3097858.4241751097,3483980.435570191,331.481689453125,NkuluEP,2020-01-16,2020-01-16 15:04:18.087,15:04:18,52.17885991666667,33.03422801666667
3906,392660.623,Flight3_cam1-003-000013-0,-3097832.569841374,3483984.102429446,340.2010498046875,NkuluEP,2020-01-16,2020-01-16 15:04:20.623,15:04:20,52.179634805555565,33.034073038888884
3907,392662.091,Flight3_cam1-003-000014-0,-3097817.5064320355,3483986.5465981956,345.44134521484375,NkuluEP,2020-01-16,2020-01-16 15:04:22.091,15:04:22,52.180083361111116,33.033983327777776
3908,392664.093,Flight3_cam1-003-000015-0,-3097797.337562533,3483990.220313409,350.215576171875,NkuluEP,2020-01-16,2020-01-16 15:04:24.093,15:04:24,52.18069508333333,33.033860983333334
3909,392666.095,Flight3_cam1-003-000016-0,-3097776.863854253,3483993.774586372,348.9046325683594,NkuluEP,2020-01-16,2020-01-16 15:04:26.095,15:04:26,52.18130680555555,33.033738638888885
3910,392668.631,Flight3_cam1-003-000017-0,-3097747.5659158654,3483998.2511558086,345.1216735839844,NkuluEP,2020-01-16,2020-01-16 15:04:28.631,15:04:28,52.18208169444444,33.03358366111111
3911,392670.099,Flight3_cam1-003-000018-0,-3097728.5005166973,3484000.701074282,342.91455078125,NkuluEP,2020-01-16,2020-01-16 15:04:30.099,15:04:30,52.18253025,33.03349395
3912,392672.101,Flight3_cam1-003-000019-0,-3097702.9019811256,3484004.1948900367,339.9014587402344,NkuluEP,2020-01-16,2020-01-16 15:04:32.101,15:04:32,52.18314197222223,33.03337160555555
3913,392674.103,Flight3_cam1-003-000020-0,-3097677.176091835,3484007.871047729,336.6965637207031,NkuluEP,2020-01-16,2020-01-16 15:04:34.103,15:04:34,52.18375369444445,33.03324926111111
3914,392676.105,Flight3_cam1-003-000021-0,-3097651.2687887345,3484011.4433714976,333.4165344238281,NkuluEP,2020-01-16,2020-01-16 15:04:36.105,15:04:36,52.184365416666665,33.03312691666667
3915,392678.507,Flight3_cam1-003-000022-0,-3097620.165443609,3484016.520150997,331.18310546875,NkuluEP,2020-01-16,2020-01-16 15:04:38.507,15:04:38,52.18509936111111,33.032980127777776
3916,392680.109,Flight3_cam1-003-000023-0,-3097600.402822531,3484020.1049238723,331.0463562011719,NkuluEP,2020-01-16,2020-01-16 15:04:40.109,15:04:40,52.185588861111114,33.032882227777776
3917,392682.111,Flight3_cam1-003-000024-0,-3097575.3054426596,3484024.715126603,331.0142517089844,NkuluEP,2020-01-16,2020-01-16 15:04:42.111,15:04:42,52.186200583333324,33.032759883333334
3918,392684.113,Flight3_cam1-003-000025-0,-3097550.256630675,3484030.58184424,330.9480285644531,NkuluEP,2020-01-16,2020-01-16 15:04:44.113,15:04:44,52.18681230555556,33.032637538888885
3919,392686.649,Flight3_cam1-003-000026-0,-3097520.6009835694,3484046.463702409,330.763427734375,NkuluEP,2020-01-16,2020-01-16 15:04:46.649,15:04:46,52.18758719444444,33.03248256111111
3920,392688.117,Flight3_cam1-003-000027-0,-3097503.7250460275,3484057.7207315927,330.716796875,NkuluEP,2020-01-16,2020-01-16 15:04:48.117,15:04:48,52.18803575000001,33.032392849999994
3921,392690.119,Flight3_cam1-003-000028-0,-3097482.9960466768,3484074.5553088505,330.8458557128906,NkuluEP,2020-01-16,2020-01-16 15:04:50.119,15:04:50,52.18864747222223,33.03227050555555
3922,392692.121,Flight3_cam1-003-000029-0,-3097465.574866437,3484095.1179671176,330.9383850097656,NkuluEP,2020-01-16,2020-01-16 15:04:52.121,15:04:52,52.18925919444444,33.03214816111111
3923,392694.657,Flight3_cam1-003-000030-0,-3097451.0772247436,3484116.2128349217,331.0174255371094,NkuluEP,2020-01-16,2020-01-16 15:04:54.657,15:04:54,52.19003408333334,33.03199318333333
3924,392700.129,Flight3_cam1-003-000031-0,-3097450.053179154,3484143.123875379,330.96990966796875,NkuluEP,2020-01-16,2020-01-16 15:05:00.129,15:05:00,52.19170608333334,33.03165878333333
3925,392702.798,Flight3_cam1-003-000032-0,-3097456.722793133,3484155.8321364745,332.15753173828125,NkuluEP,2020-01-16,2020-01-16 15:05:02.798,15:05:02,52.19252161111112,33.03149567777778
3926,392704.133,Flight3_cam1-003-000033-0,-3097460.532167926,3484162.107850597,332.4982604980469,NkuluEP,2020-01-16,2020-01-16 15:05:04.133,15:05:04,52.19292952777777,33.03141409444444
3927,392707.603,Flight3_cam1-003-000034-0,-3097471.8851884566,3484176.9102355237,332.5672912597656,NkuluEP,2020-01-16,2020-01-16 15:05:07.603,15:05:07,52.19398980555556,33.031202038888885
3928,392708.27,Flight3_cam1-003-000035-0,-3097474.561968346,3484179.873119772,332.5668029785156,NkuluEP,2020-01-16,2020-01-16 15:05:08.270,15:05:08,52.19419361111112,33.03116127777778
3929,392710.139,Flight3_cam1-003-000036-0,-3097482.085532329,3484186.775806829,332.5462646484375,NkuluEP,2020-01-16,2020-01-16 15:05:10.139,15:05:10,52.19476469444445,33.03104706111111
3930,392712.141,Flight3_cam1-003-000037-0,-3097491.208069502,3484193.4288992775,332.4225769042969,NkuluEP,2020-01-16,2020-01-16 15:05:12.141,15:05:12,52.19537641666667,33.03092471666666
3931,392714.143,Flight3_cam1-003-000038-0,-3097504.3289616234,3484202.077131266,332.4364013671875,NkuluEP,2020-01-16,2020-01-16 15:05:14.143,15:05:14,52.195988138888886,33.03080237222222
3932,392716.812,Flight3_cam1-003-000039-0,-3097525.908427517,3484215.939889281,332.36328125,NkuluEP,2020-01-16,2020-01-16 15:05:16.812,15:05:16,52.19680366666666,33.03063926666667
3933,392718.147,Flight3_cam1-003-000040-0,-3097537.4526119656,3484223.2497817692,332.30572509765625,NkuluEP,2020-01-16,2020-01-16 15:05:18.147,15:05:18,52.197211583333335,33.03055768333333
3934,392720.149,Flight3_cam1-003-000041-0,-3097553.4607026963,3484233.2680226583,332.364501953125,NkuluEP,2020-01-16,2020-01-16 15:05:20.149,15:05:20,52.19782330555555,33.030435338888886
3935,392722.151,Flight3_cam1-003-000042-0,-3097567.8903766638,3484242.2065685485,332.3642272949219,NkuluEP,2020-01-16,2020-01-16 15:05:22.151,15:05:22,52.19843502777778,33.030312994444444
3936,392724.687,Flight3_cam1-003-000043-0,-3097582.800561938,3484249.5033072345,332.59307861328125,NkuluEP,2020-01-16,2020-01-16 15:05:24.687,15:05:24,52.19920991666666,33.03015801666667
3937,392726.288,Flight3_cam1-003-000044-0,-3097588.9063606607,3484252.4054680043,332.7913818359375,NkuluEP,2020-01-16,2020-01-16 15:05:26.288,15:05:26,52.199699111111116,33.03006017777778
3938,392730.159,Flight3_cam1-003-000045-0,-3097592.9380201646,3484253.7602801654,333.8780212402344,NkuluEP,2020-01-16,2020-01-16 15:05:30.159,15:05:30,52.20088191666667,33.02982361666667
3939,392732.161,Flight3_cam1-003-000046-0,-3097598.807128222,3484255.7625917764,333.9287109375,NkuluEP,2020-01-16,2020-01-16 15:05:32.161,15:05:32,52.2014936388889,33.02970127222222
3940,392734.163,Flight3_cam1-003-000047-0,-3097614.8333233115,3484259.6340313377,333.8756408691406,NkuluEP,2020-01-16,2020-01-16 15:05:34.163,15:05:34,52.202105361111116,33.02957892777778
3941,392736.165,Flight3_cam1-003-000048-0,-3097633.7322621075,3484262.7647014777,334.3763732910156,NkuluEP,2020-01-16,2020-01-16 15:05:36.165,15:05:36,52.202717083333326,33.029456583333335
3942,392738.701,Flight3_cam1-003-000049-0,-3097656.299410164,3484267.193815847,334.9717102050781,NkuluEP,2020-01-16,2020-01-16 15:05:38.701,15:05:38,52.203491972222224,33.02930160555555
3943,392740.169,Flight3_cam1-003-000050-0,-3097668.5581264393,3484269.9353773165,335.1468811035156,NkuluEP,2020-01-16,2020-01-16 15:05:40.169,15:05:40,52.203940527777775,33.029211894444444
3944,392742.171,Flight3_cam1-003-000051-0,-3097684.64470091,3484273.28585086,335.19940185546875,NkuluEP,2020-01-16,2020-01-16 15:05:42.171,15:05:42,52.20455224999999,33.02908955
3945,392744.173,Flight3_cam1-003-000052-0,-3097690.0646274085,3484273.914928714,334.0445556640625,NkuluEP,2020-01-16,2020-01-16 15:05:44.173,15:05:44,52.20516397222222,33.02896720555555
3946,392746.709,Flight3_cam1-003-000053-0,-3097691.634422299,3484275.800474364,334.1418151855469,NkuluEP,2020-01-16,2020-01-16 15:05:46.709,15:05:46,52.20593886111111,33.02881222777778
3947,392748.177,Flight3_cam1-003-000054-0,-3097697.9851211524,3484278.960708951,334.1500549316406,NkuluEP,2020-01-16,2020-01-16 15:05:48.177,15:05:48,52.20638741666668,33.02872251666666
3948,392750.179,Flight3_cam1-003-000055-0,-3097712.7059059385,3484284.160611479,334.250244140625,NkuluEP,2020-01-16,2020-01-16 15:05:50.179,15:05:50,52.20699913888889,33.02860017222222
3949,392752.181,Flight3_cam1-003-000056-0,-3097730.3715719054,3484289.686474185,334.48406982421875,NkuluEP,2020-01-16,2020-01-16 15:05:52.181,15:05:52,52.20761086111111,33.02847782777778
3950,392754.183,Flight3_cam1-003-000057-0,-3097747.341941067,3484295.5330223176,334.5657653808594,NkuluEP,2020-01-16,2020-01-16 15:05:54.183,15:05:54,52.20822258333334,33.02835548333333
3951,392756.585,Flight3_cam1-003-000058-0,-3097767.096950998,3484302.7134699333,334.68548583984375,NkuluEP,2020-01-16,2020-01-16 15:05:56.585,15:05:56,52.20895652777779,33.02820869444444
3952,392758.187,Flight3_cam1-003-000059-0,-3097780.3878475577,3484307.668247045,334.7457580566406,NkuluEP,2020-01-16,2020-01-16 15:05:58.187,15:05:58,52.20944602777777,33.028110794444444
3953,392760.189,Flight3_cam1-003-000060-0,-3097797.034384736,3484313.7877011537,334.5853271484375,NkuluEP,2020-01-16,2020-01-16 15:06:00.189,15:06:00,52.210057750000004,33.027988449999995
3954,392762.191,Flight3_cam1-003-000061-0,-3097814.3008258906,3484320.165652648,334.3135681152344,NkuluEP,2020-01-16,2020-01-16 15:06:02.191,15:06:02,52.21066947222222,33.02786610555555
3955,392764.726,Flight3_cam1-003-000062-0,-3097835.343710141,3484328.0340271024,334.0889587402344,NkuluEP,2020-01-16,2020-01-16 15:06:04.726,15:06:04,52.21144405555557,33.02771118888889
3956,392766.061,Flight3_cam1-003-000063-0,-3097845.76979414,3484332.0755543406,334.1101379394531,NkuluEP,2020-01-16,2020-01-16 15:06:06.061,15:06:06,52.21185197222222,33.02762960555555
3957,392768.063,Flight3_cam1-003-000064-0,-3097862.9307584953,3484338.276625856,334.1338806152344,NkuluEP,2020-01-16,2020-01-16 15:06:08.063,15:06:08,52.21246369444445,33.027507261111104
3958,392770.065,Flight3_cam1-003-000065-0,-3097879.7381060855,3484344.3707916457,334.0664367675781,NkuluEP,2020-01-16,2020-01-16 15:06:10.065,15:06:10,52.21307541666667,33.02738491666666
3959,392772.201,Flight3_cam1-003-000066-0,-3097897.2076942944,3484351.0126421987,334.1955261230469,NkuluEP,2020-01-16,2020-01-16 15:06:12.201,15:06:12,52.213728083333336,33.02725438333333
3960,392774.603,Flight3_cam1-003-000067-0,-3097917.423603054,3484358.625774332,334.4238586425781,NkuluEP,2020-01-16,2020-01-16 15:06:14.603,15:06:14,52.21446202777778,33.027107594444445
3961,392776.205,Flight3_cam1-003-000068-0,-3097930.7207303555,3484363.393667133,334.3668518066406,NkuluEP,2020-01-16,2020-01-16 15:06:16.205,15:06:16,52.214951527777785,33.02700969444444
3962,392778.073,Flight3_cam1-003-000069-0,-3097946.5186830587,3484369.179981845,334.25909423828125,NkuluEP,2020-01-16,2020-01-16 15:06:18.073,15:06:18,52.21552230555555,33.02689553888889
3963,392780.075,Flight3_cam1-003-000070-0,-3097963.090157302,3484375.170443476,334.10546875,NkuluEP,2020-01-16,2020-01-16 15:06:20.075,15:06:20,52.216134027777784,33.02677319444444
3964,392782.744,Flight3_cam1-003-000071-0,-3097985.4438598515,3484383.3994967034,333.92974853515625,NkuluEP,2020-01-16,2020-01-16 15:06:22.744,15:06:22,52.21694955555556,33.02661008888889
3965,392784.079,Flight3_cam1-003-000072-0,-3097996.2294197474,3484387.399748276,333.99169921875,NkuluEP,2020-01-16,2020-01-16 15:06:24.079,15:06:24,52.21735747222223,33.026528505555554
3966,392786.081,Flight3_cam1-003-000073-0,-3098013.4849889283,3484393.6035822826,333.9283752441406,NkuluEP,2020-01-16,2020-01-16 15:06:26.081,15:06:26,52.21796919444445,33.026406161111105
3967,392788.083,Flight3_cam1-003-000074-0,-3098029.8066552,3484399.6301490585,333.877685546875,NkuluEP,2020-01-16,2020-01-16 15:06:28.083,15:06:28,52.21858091666666,33.02628381666666
3968,392790.752,Flight3_cam1-003-000075-0,-3098051.5235410924,3484407.590722597,333.67633056640625,NkuluEP,2020-01-16,2020-01-16 15:06:30.752,15:06:30,52.21939644444444,33.02612071111111
3969,392792.087,Flight3_cam1-003-000076-0,-3098062.929363155,3484411.7568663214,333.6595458984375,NkuluEP,2020-01-16,2020-01-16 15:06:32.087,15:06:32,52.219804361111116,33.02603912777778
3970,392794.089,Flight3_cam1-003-000077-0,-3098080.2401859397,3484417.9168759356,333.7513122558594,NkuluEP,2020-01-16,2020-01-16 15:06:34.089,15:06:34,52.220416083333326,33.02591678333333
3971,392796.091,Flight3_cam1-003-000078-0,-3098096.8129474907,3484423.666190085,333.5244140625,NkuluEP,2020-01-16,2020-01-16 15:06:36.091,15:06:36,52.221027805555565,33.02579443888889
3972,392798.226,Flight3_cam1-003-000079-0,-3098113.807657127,3484430.398780681,333.3285217285156,NkuluEP,2020-01-16,2020-01-16 15:06:38.226,15:06:38,52.22168016666667,33.02566396666666
3973,392800.629,Flight3_cam1-003-000080-0,-3098133.4062596504,3484438.125194432,333.63348388671875,NkuluEP,2020-01-16,2020-01-16 15:06:40.629,15:06:40,52.22241441666667,33.02551711666666
3974,392802.097,Flight3_cam1-003-000081-0,-3098145.8019477082,3484442.708292908,333.80999755859375,NkuluEP,2020-01-16,2020-01-16 15:06:42.097,15:06:42,52.222862972222224,33.025427405555554
3975,392804.099,Flight3_cam1-003-000082-0,-3098162.303282492,3484448.6957326294,334.2062072753906,NkuluEP,2020-01-16,2020-01-16 15:06:44.099,15:06:44,52.22347469444444,33.02530506111111
3976,392806.101,Flight3_cam1-003-000083-0,-3098179.187806239,3484454.5765611683,334.4060974121094,NkuluEP,2020-01-16,2020-01-16 15:06:46.101,15:06:46,52.22408641666667,33.02518271666666
3977,392808.77,Flight3_cam1-003-000084-0,-3098201.951719485,3484462.9409549157,334.0697021484375,NkuluEP,2020-01-16,2020-01-16 15:06:48.770,15:06:48,52.224901944444454,33.025019611111105
3978,392810.105,Flight3_cam1-003-000085-0,-3098212.5897320546,3484466.750199176,333.9013977050781,NkuluEP,2020-01-16,2020-01-16 15:06:50.105,15:06:50,52.22530986111111,33.02493802777778
3979,392812.107,Flight3_cam1-003-000086-0,-3098229.8087189165,3484473.047063089,333.70623779296875,NkuluEP,2020-01-16,2020-01-16 15:06:52.107,15:06:52,52.22592158333334,33.02481568333333
3980,392814.109,Flight3_cam1-003-000087-0,-3098246.3200496216,3484479.179778665,333.6513671875,NkuluEP,2020-01-16,2020-01-16 15:06:54.109,15:06:54,52.226533305555556,33.02469333888889
3981,392816.778,Flight3_cam1-003-000088-0,-3098267.8514909907,3484487.143852407,333.6277770996094,NkuluEP,2020-01-16,2020-01-16 15:06:56.778,15:06:56,52.22734883333333,33.02453023333333
3982,392818.113,Flight3_cam1-003-000089-0,-3098278.9939370956,3484491.2686588694,333.801513671875,NkuluEP,2020-01-16,2020-01-16 15:06:58.113,15:06:58,52.227756750000005,33.02444865
3983,392820.115,Flight3_cam1-003-000090-0,-3098296.3823940004,3484497.457364489,333.8809509277344,NkuluEP,2020-01-16,2020-01-16 15:07:00.115,15:07:00,52.22836847222222,33.024326305555554
3984,392822.117,Flight3_cam1-003-000091-0,-3098313.1568786455,3484503.477870745,333.6999816894531,NkuluEP,2020-01-16,2020-01-16 15:07:02.117,15:07:02,52.22898019444445,33.024203961111105
3985,392824.119,Flight3_cam1-003-000092-0,-3098329.768015114,3484509.6649242314,333.4992370605469,NkuluEP,2020-01-16,2020-01-16 15:07:04.119,15:07:04,52.22959191666667,33.02408161666666
3986,392826.655,Flight3_cam1-003-000093-0,-3098350.6102987374,3484517.721800171,333.236572265625,NkuluEP,2020-01-16,2020-01-16 15:07:06.655,15:07:06,52.23036680555557,33.02392663888889
3987,392828.123,Flight3_cam1-003-000094-0,-3098362.304323214,3484522.2401712122,333.3746032714844,NkuluEP,2020-01-16,2020-01-16 15:07:08.123,15:07:08,52.23081536111112,33.02383692777777
3988,392830.125,Flight3_cam1-003-000095-0,-3098379.223009329,3484528.650176639,333.83929443359375,NkuluEP,2020-01-16,2020-01-16 15:07:10.125,15:07:10,52.23142708333334,33.02371458333333
3989,392832.127,Flight3_cam1-003-000096-0,-3098395.999235171,3484534.88201063,334.0388488769531,NkuluEP,2020-01-16,2020-01-16 15:07:12.127,15:07:12,52.232038805555554,33.02359223888889
3990,392834.796,Flight3_cam1-003-000097-0,-3098418.067648321,3484542.7794992896,333.94024658203125,NkuluEP,2020-01-16,2020-01-16 15:07:14.796,15:07:14,52.23285433333333,33.02342913333333
3991,392836.131,Flight3_cam1-003-000098-0,-3098429.2217702805,3484546.9384761415,333.667724609375,NkuluEP,2020-01-16,2020-01-16 15:07:16.131,15:07:16,52.23326225,33.02334755
3992,392838.133,Flight3_cam1-003-000099-0,-3098446.4675684855,3484553.3009759346,333.6446228027344,NkuluEP,2020-01-16,2020-01-16 15:07:18.133,15:07:18,52.23387397222221,33.023225205555555
3993,392840.135,Flight3_cam1-003-000100-0,-3098463.1055009593,3484559.4035811955,333.5926818847656,NkuluEP,2020-01-16,2020-01-16 15:07:20.135,15:07:20,52.23448569444445,33.023102861111106
3994,392842.137,Flight3_cam1-003-000101-0,-3098479.3645593114,3484565.2842635396,333.7369384765625,NkuluEP,2020-01-16,2020-01-16 15:07:22.137,15:07:22,52.23509741666666,33.022980516666664
3995,392844.673,Flight3_cam1-003-000102-0,-3098500.6847630963,3484573.012804937,334.0887145996094,NkuluEP,2020-01-16,2020-01-16 15:07:24.673,15:07:24,52.23587230555556,33.02282553888889
3996,392846.141,Flight3_cam1-003-000103-0,-3098512.933591011,3484577.4975492256,333.93072509765625,NkuluEP,2020-01-16,2020-01-16 15:07:26.141,15:07:26,52.23632086111111,33.02273582777777
3997,392848.143,Flight3_cam1-003-000104-0,-3098523.8665957823,3484582.089187431,333.7447204589844,NkuluEP,2020-01-16,2020-01-16 15:07:28.143,15:07:28,52.23693258333333,33.02261348333333
3998,392850.145,Flight3_cam1-003-000105-0,-3098533.7098187217,3484588.3342857114,334.0181579589844,NkuluEP,2020-01-16,2020-01-16 15:07:30.145,15:07:30,52.23754430555556,33.02249113888889
3999,392852.681,Flight3_cam1-003-000106-0,-3098548.926110624,3484597.063022119,334.1858215332031,NkuluEP,2020-01-16,2020-01-16 15:07:32.681,15:07:32,52.23831919444444,33.02233616111111
4000,392854.149,Flight3_cam1-003-000107-0,-3098558.8019209513,3484602.7828440457,334.27301025390625,NkuluEP,2020-01-16,2020-01-16 15:07:34.149,15:07:34,52.238767749999994,33.02224645
4001,392856.151,Flight3_cam1-003-000108-0,-3098574.335852456,3484610.8711219626,334.3925476074219,NkuluEP,2020-01-16,2020-01-16 15:07:36.151,15:07:36,52.239379472222225,33.022124105555555
4002,392858.153,Flight3_cam1-003-000109-0,-3098593.5079354336,3484618.8710109256,334.26220703125,NkuluEP,2020-01-16,2020-01-16 15:07:38.153,15:07:38,52.23999119444444,33.022001761111106
4003,392860.155,Flight3_cam1-003-000110-0,-3098615.726648442,3484626.4047380793,334.47308349609375,NkuluEP,2020-01-16,2020-01-16 15:07:40.155,15:07:40,52.240602916666674,33.021879416666664
4004,392862.69,Flight3_cam1-003-000111-0,-3098638.8684757026,3484634.590882583,334.2311706542969,NkuluEP,2020-01-16,2020-01-16 15:07:42.690,15:07:42,52.241377500000006,33.0217245
4005,392864.159,Flight3_cam1-003-000112-0,-3098646.7209530417,3484639.321024832,334.1495666503906,NkuluEP,2020-01-16,2020-01-16 15:07:44.159,15:07:44,52.24182636111111,33.02163472777777
4006,392866.161,Flight3_cam1-003-000113-0,-3098651.5149996537,3484649.2210404393,333.96441650390625,NkuluEP,2020-01-16,2020-01-16 15:07:46.161,15:07:46,52.24243808333334,33.02151238333333
4007,392868.163,Flight3_cam1-003-000114-0,-3098648.614844441,3484661.0361965178,333.7417297363281,NkuluEP,2020-01-16,2020-01-16 15:07:48.163,15:07:48,52.24304980555556,33.02139003888889
4008,392870.698,Flight3_cam1-003-000115-0,-3098637.972660078,3484674.6608151905,333.4546813964844,NkuluEP,2020-01-16,2020-01-16 15:07:50.698,15:07:50,52.24382438888888,33.02123512222222
4009,392872.167,Flight3_cam1-003-000116-0,-3098629.943525597,3484680.4929943685,333.3504943847656,NkuluEP,2020-01-16,2020-01-16 15:07:52.167,15:07:52,52.244273250000006,33.02114535
4010,392874.169,Flight3_cam1-003-000117-0,-3098616.795135495,3484685.714858414,333.2913818359375,NkuluEP,2020-01-16,2020-01-16 15:07:54.169,15:07:54,52.24488497222222,33.021023005555556
4011,392876.171,Flight3_cam1-003-000118-0,-3098603.0409174273,3484687.124047618,333.4092102050781,NkuluEP,2020-01-16,2020-01-16 15:07:56.171,15:07:56,52.24549669444444,33.02090066111111
4012,392878.706,Flight3_cam1-003-000119-0,-3098584.5466767936,3484684.8321728255,333.53271484375,NkuluEP,2020-01-16,2020-01-16 15:07:58.706,15:07:58,52.24627127777778,33.02074574444444
4013,392880.175,Flight3_cam1-003-000120-0,-3098574.319896486,3484681.4554633657,333.4766540527344,NkuluEP,2020-01-16,2020-01-16 15:08:00.175,15:08:00,52.24672013888889,33.02065597222222
4014,392882.176,Flight3_cam1-003-000121-0,-3098559.5610221685,3484676.8143920973,333.4881591796875,NkuluEP,2020-01-16,2020-01-16 15:08:02.176,15:08:02,52.24733155555555,33.02053368888889
4015,392884.178,Flight3_cam1-003-000122-0,-3098541.636605914,3484673.041327924,333.4963073730469,NkuluEP,2020-01-16,2020-01-16 15:08:04.178,15:08:04,52.247943277777786,33.02041134444444
4016,392886.18,Flight3_cam1-003-000123-0,-3098521.446114688,3484670.031934612,333.4140319824219,NkuluEP,2020-01-16,2020-01-16 15:08:06.180,15:08:06,52.248554999999996,33.020289
4017,392888.583,Flight3_cam1-003-000124-0,-3098493.6871790714,3484667.5964605957,333.4351501464844,NkuluEP,2020-01-16,2020-01-16 15:08:08.583,15:08:08,52.24928925,33.02014215
4018,392890.184,Flight3_cam1-003-000125-0,-3098474.0273018624,3484666.73394242,333.58538818359375,NkuluEP,2020-01-16,2020-01-16 15:08:10.184,15:08:10,52.24977844444445,33.02004431111111
4019,392892.186,Flight3_cam1-003-000126-0,-3098450.863029509,3484664.11273134,333.7360534667969,NkuluEP,2020-01-16,2020-01-16 15:08:12.186,15:08:12,52.25039016666666,33.019921966666665
4020,392894.188,Flight3_cam1-003-000127-0,-3098434.8081096844,3484660.326264524,333.5872497558594,NkuluEP,2020-01-16,2020-01-16 15:08:14.188,15:08:14,52.2510018888889,33.019799622222216
4021,392896.724,Flight3_cam1-003-000128-0,-3098416.5668338155,3484655.3499671523,333.55364990234375,NkuluEP,2020-01-16,2020-01-16 15:08:16.724,15:08:16,52.25177677777778,33.01964464444444
4022,392898.192,Flight3_cam1-003-000129-0,-3098406.4575242866,3484652.469204863,333.5048522949219,NkuluEP,2020-01-16,2020-01-16 15:08:18.192,15:08:18,52.25222533333333,33.01955493333333
4023,392900.194,Flight3_cam1-003-000130-0,-3098390.4435801934,3484647.6068504695,333.505615234375,NkuluEP,2020-01-16,2020-01-16 15:08:20.194,15:08:20,52.25283705555556,33.01943258888888
4024,392902.196,Flight3_cam1-003-000131-0,-3098372.799255656,3484641.9106263714,333.41259765625,NkuluEP,2020-01-16,2020-01-16 15:08:22.196,15:08:22,52.25344877777778,33.01931024444444
4025,392904.732,Flight3_cam1-003-000132-0,-3098348.117841296,3484633.9570988514,333.2812805175781,NkuluEP,2020-01-16,2020-01-16 15:08:24.732,15:08:24,52.254223666666675,33.019155266666665
4026,392906.334,Flight3_cam1-003-000133-0,-3098331.9557499317,3484628.899422471,333.2308349609375,NkuluEP,2020-01-16,2020-01-16 15:08:26.334,15:08:26,52.25471316666666,33.019057366666665
4027,392908.202,Flight3_cam1-003-000134-0,-3098313.510990634,3484623.3048017016,333.21075439453125,NkuluEP,2020-01-16,2020-01-16 15:08:28.202,15:08:28,52.25528394444444,33.01894321111111
4028,392910.071,Flight3_cam1-003-000135-0,-3098297.246450263,3484618.41059492,333.2113342285156,NkuluEP,2020-01-16,2020-01-16 15:08:30.071,15:08:30,52.25585502777778,33.01882899444444
4029,392912.206,Flight3_cam1-003-000136-0,-3098279.759904091,3484613.6518615624,333.3386535644531,NkuluEP,2020-01-16,2020-01-16 15:08:32.206,15:08:32,52.25650738888889,33.018698522222216
4030,392914.609,Flight3_cam1-003-000137-0,-3098259.9814281194,3484608.712103812,333.4936828613281,NkuluEP,2020-01-16,2020-01-16 15:08:34.609,15:08:34,52.25724163888889,33.01855167222222
4031,392916.344,Flight3_cam1-003-000138-0,-3098245.045796979,3484605.0700109825,333.4504089355469,NkuluEP,2020-01-16,2020-01-16 15:08:36.344,15:08:36,52.257771777777776,33.01844564444444
4032,392918.079,Flight3_cam1-003-000139-0,-3098230.1511386917,3484601.19569074,333.3780212402344,NkuluEP,2020-01-16,2020-01-16 15:08:38.079,15:08:38,52.258301916666674,33.018339616666665
4033,392920.081,Flight3_cam1-003-000140-0,-3098213.274352798,3484596.4235750604,333.37237548828125,NkuluEP,2020-01-16,2020-01-16 15:08:40.081,15:08:40,52.25891363888889,33.018217272222216
4034,392922.75,Flight3_cam1-003-000141-0,-3098189.9558562455,3484589.66478234,333.30389404296875,NkuluEP,2020-01-16,2020-01-16 15:08:42.750,15:08:42,52.259729166666666,33.018054166666666
4035,392924.085,Flight3_cam1-003-000142-0,-3098178.254568043,3484586.212289585,333.27520751953125,NkuluEP,2020-01-16,2020-01-16 15:08:44.085,15:08:44,52.26013708333334,33.01797258333333
4036,392926.087,Flight3_cam1-003-000143-0,-3098160.900340311,3484580.9242071914,333.22857666015625,NkuluEP,2020-01-16,2020-01-16 15:08:46.087,15:08:46,52.26074880555556,33.01785023888888
4037,392928.089,Flight3_cam1-003-000144-0,-3098143.3097678027,3484575.572008341,333.2445068359375,NkuluEP,2020-01-16,2020-01-16 15:08:48.089,15:08:48,52.261360527777775,33.01772789444444
4038,392930.758,Flight3_cam1-003-000145-0,-3098118.805375171,3484568.158080025,333.24493408203125,NkuluEP,2020-01-16,2020-01-16 15:08:50.758,15:08:50,52.26217605555555,33.01756478888889
4039,392932.093,Flight3_cam1-003-000146-0,-3098107.274967587,3484564.5614863904,333.22705078125,NkuluEP,2020-01-16,2020-01-16 15:08:52.093,15:08:52,52.262583972222224,33.01748320555555
4040,392934.095,Flight3_cam1-003-000147-0,-3098088.587404332,3484558.4599270034,333.1845397949219,NkuluEP,2020-01-16,2020-01-16 15:08:54.095,15:08:54,52.263195694444434,33.01736086111111
4041,392936.097,Flight3_cam1-003-000148-0,-3098070.6172973337,3484552.089694881,333.07965087890625,NkuluEP,2020-01-16,2020-01-16 15:08:56.097,15:08:56,52.26380741666667,33.017238516666666
4042,392938.099,Flight3_cam1-003-000149-0,-3098053.4618561817,3484546.1941335313,333.20751953125,NkuluEP,2020-01-16,2020-01-16 15:08:58.099,15:08:58,52.26441913888889,33.017116172222224
4043,392940.635,Flight3_cam1-003-000150-0,-3098032.08246342,3484539.0661304095,333.47369384765625,NkuluEP,2020-01-16,2020-01-16 15:09:00.635,15:09:00,52.26519402777778,33.01696119444444
4044,392942.103,Flight3_cam1-003-000151-0,-3098018.938515502,3484535.0759755448,333.5846862792969,NkuluEP,2020-01-16,2020-01-16 15:09:02.103,15:09:02,52.26564258333334,33.01687148333333
4045,392944.105,Flight3_cam1-003-000152-0,-3098000.476228051,3484530.1960872393,333.72320556640625,NkuluEP,2020-01-16,2020-01-16 15:09:04.105,15:09:04,52.26625430555555,33.01674913888889
4046,392946.107,Flight3_cam1-003-000153-0,-3097982.0072537153,3484524.0274267844,333.8229064941406,NkuluEP,2020-01-16,2020-01-16 15:09:06.107,15:09:06,52.26686602777779,33.01662679444444
4047,392948.776,Flight3_cam1-003-000154-0,-3097957.543123655,3484512.7027040026,333.77496337890625,NkuluEP,2020-01-16,2020-01-16 15:09:08.776,15:09:08,52.26768155555556,33.016463688888884
4048,392950.111,Flight3_cam1-003-000155-0,-3097946.1738540917,3484507.1061074897,333.6053161621094,NkuluEP,2020-01-16,2020-01-16 15:09:10.111,15:09:10,52.268089472222215,33.01638210555556
4049,392952.113,Flight3_cam1-003-000156-0,-3097927.9329370605,3484497.738764991,333.6378479003906,NkuluEP,2020-01-16,2020-01-16 15:09:12.113,15:09:12,52.268701194444446,33.01625976111111
4050,392954.115,Flight3_cam1-003-000157-0,-3097909.6815354032,3484488.798110593,333.5782775878906,NkuluEP,2020-01-16,2020-01-16 15:09:14.115,15:09:14,52.269312916666664,33.016137416666666
4051,392956.784,Flight3_cam1-003-000158-0,-3097885.040040933,3484476.997252221,333.5341491699219,NkuluEP,2020-01-16,2020-01-16 15:09:16.784,15:09:16,52.27012844444444,33.01597431111111
4052,392958.119,Flight3_cam1-003-000159-0,-3097873.4643521067,3484471.4217717345,333.541015625,NkuluEP,2020-01-16,2020-01-16 15:09:18.119,15:09:18,52.27053636111111,33.015892727777775
4053,392960.121,Flight3_cam1-003-000160-0,-3097860.5049103666,3484463.2811679486,333.47222900390625,NkuluEP,2020-01-16,2020-01-16 15:09:20.121,15:09:20,52.27114808333333,33.01577038333333
4054,392962.123,Flight3_cam1-003-000161-0,-3097849.80455905,3484456.2075310503,333.3320007324219,NkuluEP,2020-01-16,2020-01-16 15:09:22.123,15:09:22,52.27175980555556,33.015648038888884
4055,392964.125,Flight3_cam1-003-000162-0,-3097837.111443342,3484449.899512298,333.3096923828125,NkuluEP,2020-01-16,2020-01-16 15:09:24.125,15:09:24,52.27237152777778,33.01552569444444
4056,392966.66,Flight3_cam1-003-000163-0,-3097818.106125562,3484441.5468442417,333.2231750488281,NkuluEP,2020-01-16,2020-01-16 15:09:26.660,15:09:26,52.2731461111111,33.015370777777775
4057,392968.129,Flight3_cam1-003-000164-0,-3097807.22302915,3484436.9774991116,333.2168273925781,NkuluEP,2020-01-16,2020-01-16 15:09:28.129,15:09:28,52.27359497222223,33.01528100555555
4058,392970.131,Flight3_cam1-003-000165-0,-3097790.161931244,3484430.2424474517,333.3016052246094,NkuluEP,2020-01-16,2020-01-16 15:09:30.131,15:09:30,52.274206694444445,33.01515866111111
4059,392972.133,Flight3_cam1-003-000166-0,-3097772.629061528,3484422.6782579115,333.3233947753906,NkuluEP,2020-01-16,2020-01-16 15:09:32.133,15:09:32,52.27481841666666,33.01503631666667
4060,392974.802,Flight3_cam1-003-000167-0,-3097747.6066692043,3484411.087398671,333.3962097167969,NkuluEP,2020-01-16,2020-01-16 15:09:34.802,15:09:34,52.27563394444445,33.01487321111111
4061,392976.403,Flight3_cam1-003-000168-0,-3097733.241053499,3484404.7842569225,333.4269104003906,NkuluEP,2020-01-16,2020-01-16 15:09:36.403,15:09:36,52.276123138888885,33.01477537222222
4062,392978.138,Flight3_cam1-003-000169-0,-3097718.2744096396,3484397.93597807,333.4818115234375,NkuluEP,2020-01-16,2020-01-16 15:09:38.138,15:09:38,52.276653277777775,33.01466934444444
4063,392980.14,Flight3_cam1-003-000170-0,-3097702.183448407,3484390.170097211,333.40789794921875,NkuluEP,2020-01-16,2020-01-16 15:09:40.140,15:09:40,52.27726500000001,33.01454699999999
4064,392982.142,Flight3_cam1-003-000171-0,-3097686.491355058,3484382.370262253,333.3302001953125,NkuluEP,2020-01-16,2020-01-16 15:09:42.142,15:09:42,52.277876722222224,33.01442465555555
4065,392984.678,Flight3_cam1-003-000172-0,-3097666.409157733,3484372.690779751,333.22064208984375,NkuluEP,2020-01-16,2020-01-16 15:09:44.678,15:09:44,52.278651611111115,33.014269677777776
4066,392986.146,Flight3_cam1-003-000173-0,-3097654.4297599522,3484367.0830387627,333.1932678222656,NkuluEP,2020-01-16,2020-01-16 15:09:46.146,15:09:46,52.27910016666667,33.01417996666666
4067,392988.148,Flight3_cam1-003-000174-0,-3097638.833755425,3484359.950395899,333.2901306152344,NkuluEP,2020-01-16,2020-01-16 15:09:48.148,15:09:48,52.27971188888888,33.01405762222222
4068,392990.15,Flight3_cam1-003-000175-0,-3097622.949759588,3484352.815361751,333.34808349609375,NkuluEP,2020-01-16,2020-01-16 15:09:50.150,15:09:50,52.28032361111112,33.013935277777776
4069,392992.82,Flight3_cam1-003-000176-0,-3097599.495912265,3484342.3928114735,333.39874267578125,NkuluEP,2020-01-16,2020-01-16 15:09:52.820,15:09:52,52.28113944444445,33.01377211111111
4070,392994.154,Flight3_cam1-003-000177-0,-3097588.2734312797,3484337.4531829283,333.4524841308594,NkuluEP,2020-01-16,2020-01-16 15:09:54.154,15:09:54,52.28154705555555,33.013690588888885
4071,392996.156,Flight3_cam1-003-000178-0,-3097569.3876969125,3484328.700475431,333.4300231933594,NkuluEP,2020-01-16,2020-01-16 15:09:56.156,15:09:56,52.28215877777779,33.01356824444444
4072,392998.158,Flight3_cam1-003-000179-0,-3097550.7865425413,3484320.2432391043,333.46087646484375,NkuluEP,2020-01-16,2020-01-16 15:09:58.158,15:09:58,52.2827705,33.0134459
4073,393000.16,Flight3_cam1-003-000180-0,-3097533.7025161977,3484312.626995141,333.5843200683594,NkuluEP,2020-01-16,2020-01-16 15:10:00.160,15:10:00,52.283382222222215,33.01332355555555
4074,393002.563,Flight3_cam1-003-000181-0,-3097513.3498380906,3484303.8868222893,333.6175231933594,NkuluEP,2020-01-16,2020-01-16 15:10:02.563,15:10:02,52.28411647222223,33.01317670555555
4075,393004.164,Flight3_cam1-003-000182-0,-3097499.3914743653,3484297.7162210466,333.638427734375,NkuluEP,2020-01-16,2020-01-16 15:10:04.164,15:10:04,52.284605666666664,33.01307886666667
4076,393006.166,Flight3_cam1-003-000183-0,-3097482.716440513,3484290.3008477157,333.583740234375,NkuluEP,2020-01-16,2020-01-16 15:10:06.166,15:10:06,52.285217388888896,33.01295652222222
4077,393008.168,Flight3_cam1-003-000184-0,-3097465.4165469008,3484282.951527979,333.49462890625,NkuluEP,2020-01-16,2020-01-16 15:10:08.168,15:10:08,52.28582911111111,33.012834177777776
4078,393010.704,Flight3_cam1-003-000185-0,-3097442.200866743,3484273.513249947,333.4131164550781,NkuluEP,2020-01-16,2020-01-16 15:10:10.704,15:10:10,52.28660400000001,33.012679199999994
4079,393012.172,Flight3_cam1-003-000186-0,-3097429.7848311793,3484268.258450222,333.4015197753906,NkuluEP,2020-01-16,2020-01-16 15:10:12.172,15:10:12,52.28705255555556,33.012589488888885
4080,393014.174,Flight3_cam1-003-000187-0,-3097411.585994469,3484260.665717592,333.3613586425781,NkuluEP,2020-01-16,2020-01-16 15:10:14.174,15:10:14,52.28766427777778,33.01246714444444
4081,393016.176,Flight3_cam1-003-000188-0,-3097394.1602424975,3484252.9538826765,333.4078369140625,NkuluEP,2020-01-16,2020-01-16 15:10:16.176,15:10:16,52.288275999999996,33.0123448
4082,393018.178,Flight3_cam1-003-000189-0,-3097376.343946148,3484245.5522889015,333.4264831542969,NkuluEP,2020-01-16,2020-01-16 15:10:18.178,15:10:18,52.28888772222223,33.01222245555555
4083,393020.581,Flight3_cam1-003-000190-0,-3097355.39810895,3484236.107272376,333.3678894042969,NkuluEP,2020-01-16,2020-01-16 15:10:20.581,15:10:20,52.28962197222223,33.01207560555555
4084,393022.182,Flight3_cam1-003-000191-0,-3097340.532611334,3484229.475038784,333.4642028808594,NkuluEP,2020-01-16,2020-01-16 15:10:22.182,15:10:22,52.29011116666666,33.01197776666667
4085,393024.184,Flight3_cam1-003-000192-0,-3097322.568602014,3484221.6702480726,333.4671936035156,NkuluEP,2020-01-16,2020-01-16 15:10:24.184,15:10:24,52.290722888888894,33.01185542222222
4086,393026.186,Flight3_cam1-003-000193-0,-3097304.7416496766,3484214.169475445,333.39678955078125,NkuluEP,2020-01-16,2020-01-16 15:10:26.186,15:10:26,52.29133461111111,33.01173307777778
4087,393028.722,Flight3_cam1-003-000194-0,-3097280.284029374,3484205.743188618,333.3230285644531,NkuluEP,2020-01-16,2020-01-16 15:10:28.722,15:10:28,52.2921095,33.011578099999994
4088,393030.19,Flight3_cam1-003-000195-0,-3097267.10544517,3484201.519294284,333.2444152832031,NkuluEP,2020-01-16,2020-01-16 15:10:30.190,15:10:30,52.29255805555556,33.011488388888885
4089,393032.192,Flight3_cam1-003-000196-0,-3097250.200525753,3484195.286808086,333.3318176269531,NkuluEP,2020-01-16,2020-01-16 15:10:32.192,15:10:32,52.29316977777778,33.01136604444444
4090,393034.194,Flight3_cam1-003-000197-0,-3097233.615978632,3484189.639864374,333.3933410644531,NkuluEP,2020-01-16,2020-01-16 15:10:34.194,15:10:34,52.29378150000001,33.011243699999994
4091,393036.73,Flight3_cam1-003-000198-0,-3097209.2595418827,3484182.436358167,333.38897705078125,NkuluEP,2020-01-16,2020-01-16 15:10:36.730,15:10:36,52.294556388888886,33.01108872222222
4092,393038.198,Flight3_cam1-003-000199-0,-3097194.778802044,3484178.4363557366,333.4615173339844,NkuluEP,2020-01-16,2020-01-16 15:10:38.198,15:10:38,52.295004944444436,33.01099901111111
4093,393040.2,Flight3_cam1-003-000200-0,-3097172.5322829443,3484172.8910271726,333.4547119140625,NkuluEP,2020-01-16,2020-01-16 15:10:40.200,15:10:40,52.295616666666675,33.01087666666666
4094,393042.202,Flight3_cam1-003-000201-0,-3097150.841846893,3484167.3853209876,333.48382568359375,NkuluEP,2020-01-16,2020-01-16 15:10:42.202,15:10:42,52.296228388888885,33.01075432222222
4095,393044.204,Flight3_cam1-003-000202-0,-3097132.6762106474,3484161.9335660255,333.3841552734375,NkuluEP,2020-01-16,2020-01-16 15:10:44.204,15:10:44,52.29684011111112,33.01063197777778
4096,393046.607,Flight3_cam1-003-000203-0,-3097115.8725010613,3484156.512935762,333.4244384765625,NkuluEP,2020-01-16,2020-01-16 15:10:46.607,15:10:46,52.29757436111112,33.01048512777778
4097,393048.075,Flight3_cam1-003-000204-0,-3097105.435624223,3484153.718313807,333.47998046875,NkuluEP,2020-01-16,2020-01-16 15:10:48.075,15:10:48,52.298022916666675,33.01039541666666
4098,393050.077,Flight3_cam1-003-000205-0,-3097091.433174319,3484150.207763739,333.53619384765625,NkuluEP,2020-01-16,2020-01-16 15:10:50.077,15:10:50,52.298634638888885,33.01027307222222
4099,393052.079,Flight3_cam1-003-000206-0,-3097079.070374838,3484147.1292066914,333.51116943359375,NkuluEP,2020-01-16,2020-01-16 15:10:52.079,15:10:52,52.29924636111112,33.01015072777778
4100,393054.748,Flight3_cam1-003-000207-0,-3097064.7224474116,3484143.7332706517,333.3967590332031,NkuluEP,2020-01-16,2020-01-16 15:10:54.748,15:10:54,52.3000618888889,33.00998762222222
4101,393056.083,Flight3_cam1-003-000208-0,-3097058.4824494654,3484142.6520356257,333.35247802734375,NkuluEP,2020-01-16,2020-01-16 15:10:56.083,15:10:56,52.30046980555555,33.009906038888886
4102,393058.085,Flight3_cam1-003-000209-0,-3097048.977971167,3484141.247165022,333.4501953125,NkuluEP,2020-01-16,2020-01-16 15:10:58.085,15:10:58,52.30108152777778,33.009783694444444
4103,393062.222,Flight3_cam1-003-000210-0,-3097038.3928124253,3484154.588128002,333.6975402832031,NkuluEP,2020-01-16,2020-01-16 15:11:02.222,15:11:02,52.302345611111114,33.00953087777778
4104,393064.091,Flight3_cam1-003-000211-0,-3097045.465393922,3484166.8169386564,333.7244567871094,NkuluEP,2020-01-16,2020-01-16 15:11:04.091,15:11:04,52.30291669444445,33.00941666111111
4105,393066.093,Flight3_cam1-003-000212-0,-3097058.631451423,3484181.5504465983,333.8599853515625,NkuluEP,2020-01-16,2020-01-16 15:11:06.093,15:11:06,52.303528416666666,33.00929431666666
4106,393068.095,Flight3_cam1-003-000213-0,-3097072.2685474325,3484199.051821148,333.89788818359375,NkuluEP,2020-01-16,2020-01-16 15:11:08.095,15:11:08,52.30414013888888,33.00917197222222
4107,393070.764,Flight3_cam1-003-000214-0,-3097092.078495034,3484221.723451474,334.0252990722656,NkuluEP,2020-01-16,2020-01-16 15:11:10.764,15:11:10,52.30495566666668,33.00900886666666
4108,393072.099,Flight3_cam1-003-000215-0,-3097103.0844855495,3484233.959679126,334.0090637207031,NkuluEP,2020-01-16,2020-01-16 15:11:12.099,15:11:12,52.30536358333333,33.00892728333333
4109,393074.1,Flight3_cam1-003-000216-0,-3097121.501389741,3484253.4285827326,334.29925537109375,NkuluEP,2020-01-16,2020-01-16 15:11:14.100,15:11:14,52.305975,33.008804999999995
4110,393076.102,Flight3_cam1-003-000217-0,-3097140.551159591,3484270.488495804,334.06695556640625,NkuluEP,2020-01-16,2020-01-16 15:11:16.102,15:11:16,52.30658672222223,33.00868265555555
4111,393078.104,Flight3_cam1-003-000218-0,-3097159.5346109844,3484284.511187279,333.7943115234375,NkuluEP,2020-01-16,2020-01-16 15:11:18.104,15:11:18,52.307198444444445,33.00856031111111
4112,393080.64,Flight3_cam1-003-000219-0,-3097183.38131676,3484298.4206699044,333.8186950683594,NkuluEP,2020-01-16,2020-01-16 15:11:20.640,15:11:20,52.30797333333334,33.00840533333333
4113,393082.108,Flight3_cam1-003-000220-0,-3097196.438783263,3484305.5473335483,334.05267333984375,NkuluEP,2020-01-16,2020-01-16 15:11:22.108,15:11:22,52.308421888888894,33.00831562222222
4114,393084.11,Flight3_cam1-003-000221-0,-3097213.7218332402,3484314.733010078,333.9367370605469,NkuluEP,2020-01-16,2020-01-16 15:11:24.110,15:11:24,52.30903361111111,33.00819327777778
4115,393086.112,Flight3_cam1-003-000222-0,-3097230.8257174236,3484322.8384826006,333.6734619140625,NkuluEP,2020-01-16,2020-01-16 15:11:26.112,15:11:26,52.30964533333334,33.00807093333333
4116,393088.782,Flight3_cam1-003-000223-0,-3097254.19681785,3484329.14357215,333.5693359375,NkuluEP,2020-01-16,2020-01-16 15:11:28.782,15:11:28,52.31046116666667,33.00790776666666
4117,393090.116,Flight3_cam1-003-000224-0,-3097266.2613265864,3484330.4658433464,333.5604553222656,NkuluEP,2020-01-16,2020-01-16 15:11:30.116,15:11:30,52.31086877777777,33.007826244444445
4118,393092.118,Flight3_cam1-003-000225-0,-3097284.9412054615,3484331.727978857,333.13665771484375,NkuluEP,2020-01-16,2020-01-16 15:11:32.118,15:11:32,52.31148050000001,33.007703899999996
4119,393094.12,Flight3_cam1-003-000226-0,-3097306.448175018,3484334.0226704003,333.4833068847656,NkuluEP,2020-01-16,2020-01-16 15:11:34.120,15:11:34,52.31209222222222,33.007581555555554
4120,393096.122,Flight3_cam1-003-000227-0,-3097332.6354810237,3484336.7361911787,333.57965087890625,NkuluEP,2020-01-16,2020-01-16 15:11:36.122,15:11:36,52.312703944444436,33.00745921111111
4121,393098.658,Flight3_cam1-003-000228-0,-3097369.5261196764,3484339.807234962,334.1626281738281,NkuluEP,2020-01-16,2020-01-16 15:11:38.658,15:11:38,52.313478833333335,33.00730423333333
4122,393100.126,Flight3_cam1-003-000229-0,-3097392.2935428284,3484341.6081003537,334.3345947265625,NkuluEP,2020-01-16,2020-01-16 15:11:40.126,15:11:40,52.313927388888885,33.00721452222222
4123,393102.128,Flight3_cam1-003-000230-0,-3097422.9556194036,3484344.1082676775,334.3483581542969,NkuluEP,2020-01-16,2020-01-16 15:11:42.128,15:11:42,52.314539111111124,33.00709217777777
4124,393104.13,Flight3_cam1-003-000231-0,-3097453.9718039613,3484345.589587273,334.64093017578125,NkuluEP,2020-01-16,2020-01-16 15:11:44.130,15:11:44,52.315150833333334,33.00696983333333
4125,393106.8,Flight3_cam1-003-000232-0,-3097491.913425026,3484346.4699206003,334.4366760253906,NkuluEP,2020-01-16,2020-01-16 15:11:46.800,15:11:46,52.31596666666667,33.00680666666666
4126,393108.134,Flight3_cam1-003-000233-0,-3097507.0983493705,3484346.714155273,333.81982421875,NkuluEP,2020-01-16,2020-01-16 15:11:48.134,15:11:48,52.31637427777778,33.00672514444444
4127,393110.136,Flight3_cam1-003-000234-0,-3097526.462169027,3484347.8324243827,333.48370361328125,NkuluEP,2020-01-16,2020-01-16 15:11:50.136,15:11:50,52.316986,33.006602799999996
4128,393112.138,Flight3_cam1-003-000235-0,-3097546.331124871,3484349.301829135,333.8951110839844,NkuluEP,2020-01-16,2020-01-16 15:11:52.138,15:11:52,52.31759772222222,33.006480455555554
4129,393114.808,Flight3_cam1-003-000236-0,-3097574.973002194,3484352.135462672,334.0957336425781,NkuluEP,2020-01-16,2020-01-16 15:11:54.808,15:11:54,52.318413555555566,33.00631728888889
4130,393116.142,Flight3_cam1-003-000237-0,-3097587.5860485635,3484353.3555206195,334.25286865234375,NkuluEP,2020-01-16,2020-01-16 15:11:56.142,15:11:56,52.318821166666666,33.00623576666666
4131,393118.144,Flight3_cam1-003-000238-0,-3097605.2744328277,3484354.3549916754,334.0340576171875,NkuluEP,2020-01-16,2020-01-16 15:11:58.144,15:11:58,52.31943288888888,33.00611342222222
4132,393121.614,Flight3_cam1-003-000239-0,-3097615.7190778553,3484343.5077304617,333.42303466796875,NkuluEP,2020-01-16,2020-01-16 15:12:01.614,15:12:01,52.320493166666665,33.00590136666666
4133,393122.148,Flight3_cam1-003-000240-0,-3097616.832572611,3484340.6349492297,333.4425964355469,NkuluEP,2020-01-16,2020-01-16 15:12:02.148,15:12:02,52.32065633333333,33.00586873333333
4134,393124.15,Flight3_cam1-003-000241-0,-3097621.553261739,3484326.3073664573,333.26251220703125,NkuluEP,2020-01-16,2020-01-16 15:12:04.150,15:12:04,52.321268055555564,33.00574638888889
4135,393126.152,Flight3_cam1-003-000242-0,-3097628.1372637693,3484305.5412847917,333.2701416015625,NkuluEP,2020-01-16,2020-01-16 15:12:06.152,15:12:06,52.32187977777778,33.00562404444444
4136,393128.154,Flight3_cam1-003-000243-0,-3097634.5954329646,3484284.6811191207,333.1643371582031,NkuluEP,2020-01-16,2020-01-16 15:12:08.154,15:12:08,52.3224915,33.005501699999996
4137,393130.156,Flight3_cam1-003-000244-0,-3097640.121630729,3484264.1147686504,332.9566650390625,NkuluEP,2020-01-16,2020-01-16 15:12:10.156,15:12:10,52.32310322222223,33.005379355555554
4138,393132.826,Flight3_cam1-003-000245-0,-3097647.6727462322,3484237.434559813,332.96990966796875,NkuluEP,2020-01-16,2020-01-16 15:12:12.826,15:12:12,52.32391905555556,33.00521618888889
4139,393134.16,Flight3_cam1-003-000246-0,-3097651.521286018,3484225.365738475,333.0482177734375,NkuluEP,2020-01-16,2020-01-16 15:12:14.160,15:12:14,52.32432666666666,33.00513466666666
4140,393136.162,Flight3_cam1-003-000247-0,-3097657.7945818566,3484206.357256722,333.1610107421875,NkuluEP,2020-01-16,2020-01-16 15:12:16.162,15:12:16,52.324938388888896,33.00501232222222
4141,393138.164,Flight3_cam1-003-000248-0,-3097664.2829648773,3484188.397630056,333.19329833984375,NkuluEP,2020-01-16,2020-01-16 15:12:18.164,15:12:18,52.32555011111111,33.00488997777778
4142,393140.166,Flight3_cam1-003-000249-0,-3097671.3982114447,3484170.4716465147,333.28729248046875,NkuluEP,2020-01-16,2020-01-16 15:12:20.166,15:12:20,52.326161833333344,33.00476763333333
4143,393142.569,Flight3_cam1-003-000250-0,-3097680.2538164766,3484148.4442272987,333.29595947265625,NkuluEP,2020-01-16,2020-01-16 15:12:22.569,15:12:22,52.32689608333334,33.00462078333333
4144,393144.17,Flight3_cam1-003-000251-0,-3097686.5173669155,3484133.1485603205,333.15826416015625,NkuluEP,2020-01-16,2020-01-16 15:12:24.170,15:12:24,52.32738527777777,33.004522944444446
4145,393146.172,Flight3_cam1-003-000252-0,-3097694.187982524,3484114.5175737203,333.15484619140625,NkuluEP,2020-01-16,2020-01-16 15:12:26.172,15:12:26,52.32799700000001,33.0044006
4146,393148.174,Flight3_cam1-003-000253-0,-3097701.8388131,3484095.820440736,333.2994384765625,NkuluEP,2020-01-16,2020-01-16 15:12:28.174,15:12:28,52.32860872222222,33.004278255555555
4147,393150.71,Flight3_cam1-003-000254-0,-3097711.7182079703,3484071.567963223,333.3094787597656,NkuluEP,2020-01-16,2020-01-16 15:12:30.710,15:12:30,52.32938361111112,33.00412327777777
4148,393152.178,Flight3_cam1-003-000255-0,-3097717.6633211467,3484057.0119729615,333.20672607421875,NkuluEP,2020-01-16,2020-01-16 15:12:32.178,15:12:32,52.32983216666667,33.00403356666666
4149,393154.18,Flight3_cam1-003-000256-0,-3097725.4697906994,3484038.5872393525,333.0401916503906,NkuluEP,2020-01-16,2020-01-16 15:12:34.180,15:12:34,52.33044388888889,33.00391122222222
4150,393156.182,Flight3_cam1-003-000257-0,-3097732.436252476,3484020.461871199,333.0218505859375,NkuluEP,2020-01-16,2020-01-16 15:12:36.182,15:12:36,52.331055611111104,33.00378887777778
4151,393158.184,Flight3_cam1-003-000258-0,-3097739.0849133204,3484002.336492863,333.0103759765625,NkuluEP,2020-01-16,2020-01-16 15:12:38.184,15:12:38,52.331667333333336,33.00366653333333
4152,393160.586,Flight3_cam1-003-000259-0,-3097747.3662695484,3483980.4292507544,333.04248046875,NkuluEP,2020-01-16,2020-01-16 15:12:40.586,15:12:40,52.332401277777784,33.00351974444444
4153,393162.188,Flight3_cam1-003-000260-0,-3097753.120925866,3483965.070205549,333.1005554199219,NkuluEP,2020-01-16,2020-01-16 15:12:42.188,15:12:42,52.332890777777784,33.00342184444444
4154,393164.19,Flight3_cam1-003-000261-0,-3097759.912203249,3483946.972533125,333.3332824707031,NkuluEP,2020-01-16,2020-01-16 15:12:44.190,15:12:44,52.3335025,33.0032995
4155,393166.192,Flight3_cam1-003-000262-0,-3097766.9650141145,3483928.573323092,333.42388916015625,NkuluEP,2020-01-16,2020-01-16 15:12:46.192,15:12:46,52.33411422222222,33.003177155555555
4156,393168.728,Flight3_cam1-003-000263-0,-3097776.5160208168,3483905.2274107407,333.3783874511719,NkuluEP,2020-01-16,2020-01-16 15:12:48.728,15:12:48,52.33488911111112,33.00302217777777
4157,393170.196,Flight3_cam1-003-000264-0,-3097782.1916145296,3483891.445857434,333.30718994140625,NkuluEP,2020-01-16,2020-01-16 15:12:50.196,15:12:50,52.33533766666667,33.002932466666664
4158,393172.198,Flight3_cam1-003-000265-0,-3097789.517854868,3483873.181029668,333.3837890625,NkuluEP,2020-01-16,2020-01-16 15:12:52.198,15:12:52,52.335949388888885,33.00281012222222
4159,393174.2,Flight3_cam1-003-000266-0,-3097796.6403647284,3483855.291108658,333.33831787109375,NkuluEP,2020-01-16,2020-01-16 15:12:54.200,15:12:54,52.336561111111116,33.00268777777777
4160,393176.736,Flight3_cam1-003-000267-0,-3097805.2395175705,3483833.6032236316,333.28192138671875,NkuluEP,2020-01-16,2020-01-16 15:12:56.736,15:12:56,52.33733599999999,33.0025328
4161,393178.204,Flight3_cam1-003-000268-0,-3097810.023822978,3483821.474946171,333.2529602050781,NkuluEP,2020-01-16,2020-01-16 15:12:58.204,15:12:58,52.337784555555565,33.00244308888888
4162,393180.206,Flight3_cam1-003-000269-0,-3097817.287094599,3483803.655324326,333.22430419921875,NkuluEP,2020-01-16,2020-01-16 15:13:00.206,15:13:00,52.33839627777778,33.00232074444444
4163,393182.208,Flight3_cam1-003-000270-0,-3097824.5412875037,3483786.399707057,333.1005859375,NkuluEP,2020-01-16,2020-01-16 15:13:02.208,15:13:02,52.339008,33.0021984
4164,393184.21,Flight3_cam1-003-000271-0,-3097831.8753647516,3483769.2813576623,333.0741271972656,NkuluEP,2020-01-16,2020-01-16 15:13:04.210,15:13:04,52.33961972222223,33.00207605555555
4165,393186.612,Flight3_cam1-003-000272-0,-3097840.5009762445,3483748.969630512,333.1981506347656,NkuluEP,2020-01-16,2020-01-16 15:13:06.612,15:13:06,52.34035366666667,33.001929266666664
4166,393188.08,Flight3_cam1-003-000273-0,-3097845.8912492655,3483736.593907084,333.20343017578125,NkuluEP,2020-01-16,2020-01-16 15:13:08.080,15:13:08,52.34080222222223,33.00183955555555
4167,393190.082,Flight3_cam1-003-000274-0,-3097852.838749689,3483720.3878501053,333.2257995605469,NkuluEP,2020-01-16,2020-01-16 15:13:10.082,15:13:10,52.34141394444445,33.00171721111111
4168,393192.084,Flight3_cam1-003-000275-0,-3097859.3680593865,3483704.4200663357,333.24359130859375,NkuluEP,2020-01-16,2020-01-16 15:13:12.084,15:13:12,52.34202566666666,33.001594866666665
4169,393194.754,Flight3_cam1-003-000276-0,-3097867.9522305294,3483684.1983449254,333.3675231933594,NkuluEP,2020-01-16,2020-01-16 15:13:14.754,15:13:14,52.342841500000006,33.0014317
4170,393196.088,Flight3_cam1-003-000277-0,-3097872.2497015134,3483673.7554035033,333.28961181640625,NkuluEP,2020-01-16,2020-01-16 15:13:16.088,15:13:16,52.343249111111106,33.00135017777777
4171,393198.09,Flight3_cam1-003-000278-0,-3097878.8811865915,3483657.6836397788,333.27099609375,NkuluEP,2020-01-16,2020-01-16 15:13:18.090,15:13:18,52.343860833333345,33.00122783333333
4172,393200.092,Flight3_cam1-003-000279-0,-3097885.691809811,3483641.2694701944,333.214111328125,NkuluEP,2020-01-16,2020-01-16 15:13:20.092,15:13:20,52.344472555555555,33.00110548888889
4173,393202.762,Flight3_cam1-003-000280-0,-3097894.973161537,3483619.078035242,333.22735595703125,NkuluEP,2020-01-16,2020-01-16 15:13:22.762,15:13:22,52.34528838888889,33.00094232222222
4174,393204.096,Flight3_cam1-003-000281-0,-3097899.539484159,3483608.03398677,333.2077331542969,NkuluEP,2020-01-16,2020-01-16 15:13:24.096,15:13:24,52.34569600000001,33.0008608
4175,393206.098,Flight3_cam1-003-000282-0,-3097906.240545441,3483591.7507915045,333.1701965332031,NkuluEP,2020-01-16,2020-01-16 15:13:26.098,15:13:26,52.34630772222222,33.000738455555556
4176,393208.1,Flight3_cam1-003-000283-0,-3097912.934694238,3483575.618102369,333.1264953613281,NkuluEP,2020-01-16,2020-01-16 15:13:28.100,15:13:28,52.34691944444444,33.00061611111111
4177,393210.102,Flight3_cam1-003-000284-0,-3097919.652851516,3483559.536857173,333.0848693847656,NkuluEP,2020-01-16,2020-01-16 15:13:30.102,15:13:30,52.34753116666667,33.000493766666665
4178,393212.638,Flight3_cam1-003-000285-0,-3097928.2158668865,3483538.8120943555,332.9737243652344,NkuluEP,2020-01-16,2020-01-16 15:13:32.638,15:13:32,52.34830605555555,33.00033878888889
4179,393214.106,Flight3_cam1-003-000286-0,-3097933.2370678224,3483526.7261417788,332.939453125,NkuluEP,2020-01-16,2020-01-16 15:13:34.106,15:13:34,52.34875461111112,33.000249077777774
4180,393216.108,Flight3_cam1-003-000287-0,-3097939.799577484,3483511.551326569,333.0333557128906,NkuluEP,2020-01-16,2020-01-16 15:13:36.108,15:13:36,52.349366333333336,33.00012673333333
4181,393218.11,Flight3_cam1-003-000288-0,-3097945.959405335,3483496.888900908,333.07720947265625,NkuluEP,2020-01-16,2020-01-16 15:13:38.110,15:13:38,52.34997805555555,33.00000438888889
4182,393220.78,Flight3_cam1-003-000289-0,-3097954.334170707,3483476.4070859617,333.02667236328125,NkuluEP,2020-01-16,2020-01-16 15:13:40.780,15:13:40,52.3507938888889,32.999841222222216
4183,393222.114,Flight3_cam1-003-000290-0,-3097958.6725555058,3483465.294706633,332.9978942871094,NkuluEP,2020-01-16,2020-01-16 15:13:42.114,15:13:42,52.3512015,32.9997597
4184,393224.116,Flight3_cam1-003-000291-0,-3097965.149796148,3483448.7760270974,333.0326843261719,NkuluEP,2020-01-16,2020-01-16 15:13:44.116,15:13:44,52.35181322222222,32.999637355555556
4185,393226.118,Flight3_cam1-003-000292-0,-3097971.602151979,3483432.2783479434,333.0311279296875,NkuluEP,2020-01-16,2020-01-16 15:13:46.118,15:13:46,52.35242494444445,32.99951501111111
4186,393228.12,Flight3_cam1-003-000293-0,-3097977.8242953173,3483415.6806775895,333.0384826660156,NkuluEP,2020-01-16,2020-01-16 15:13:48.120,15:13:48,52.35303666666667,32.999392666666665
4187,393230.656,Flight3_cam1-003-000294-0,-3097985.684317967,3483394.3804996456,333.1004943847656,NkuluEP,2020-01-16,2020-01-16 15:13:50.656,15:13:50,52.35381155555556,32.99923768888888
4188,393232.124,Flight3_cam1-003-000295-0,-3097990.441670597,3483381.5213366696,333.09759521484375,NkuluEP,2020-01-16,2020-01-16 15:13:52.124,15:13:52,52.35426011111112,32.999147977777774
4189,393234.126,Flight3_cam1-003-000296-0,-3097996.6084380765,3483363.4751951797,333.1233215332031,NkuluEP,2020-01-16,2020-01-16 15:13:54.126,15:13:54,52.354871833333334,32.99902563333333
4190,393236.128,Flight3_cam1-003-000297-0,-3098001.8131576977,3483345.019882353,333.1333923339844,NkuluEP,2020-01-16,2020-01-16 15:13:56.128,15:13:56,52.355483555555566,32.99890328888888
4191,393239.465,Flight3_cam1-003-000298-0,-3098009.846930664,3483313.9654468824,333.1422119140625,NkuluEP,2020-01-16,2020-01-16 15:13:59.465,15:13:59,52.35650319444446,32.99869936111111
4192,393240.132,Flight3_cam1-003-000299-0,-3098011.5661402573,3483307.3480488034,333.126708984375,NkuluEP,2020-01-16,2020-01-16 15:14:00.132,15:14:00,52.356707,32.9986586
4193,393242.134,Flight3_cam1-003-000300-0,-3098016.319836898,3483289.005533493,333.06317138671875,NkuluEP,2020-01-16,2020-01-16 15:14:02.134,15:14:02,52.35731872222223,32.99853625555555
4194,393244.136,Flight3_cam1-003-000301-0,-3098021.2127090907,3483270.3090918497,332.9276123046875,NkuluEP,2020-01-16,2020-01-16 15:14:04.136,15:14:04,52.35793044444445,32.99841391111111
4195,393246.805,Flight3_cam1-003-000302-0,-3098028.1364679052,3483244.254731639,333.03485107421875,NkuluEP,2020-01-16,2020-01-16 15:14:06.805,15:14:06,52.35874597222222,32.99825080555555
4196,393248.14,Flight3_cam1-003-000303-0,-3098031.4731838554,3483231.439059478,333.0738220214844,NkuluEP,2020-01-16,2020-01-16 15:14:08.140,15:14:08,52.3591538888889,32.99816922222222
4197,393250.142,Flight3_cam1-003-000304-0,-3098036.174746209,3483212.8021628945,333.0614013671875,NkuluEP,2020-01-16,2020-01-16 15:14:10.142,15:14:10,52.35976561111111,32.998046877777774
4198,393252.144,Flight3_cam1-003-000305-0,-3098040.8073049323,3483194.5893194503,332.9210510253906,NkuluEP,2020-01-16,2020-01-16 15:14:12.144,15:14:12,52.360377333333325,32.99792453333333
4199,393254.813,Flight3_cam1-003-000306-0,-3098051.5234813895,3483181.8149524108,332.06158447265625,NkuluEP,2020-01-16,2020-01-16 15:14:14.813,15:14:14,52.36119286111112,32.997761427777775
4200,393256.415,Flight3_cam1-003-000307-0,-3098059.075753526,3483187.42875561,331.3489685058594,NkuluEP,2020-01-16,2020-01-16 15:14:16.415,15:14:16,52.36168236111111,32.997663527777775
4201,393259.084,Flight3_cam1-003-000308-0,-3098061.2546425983,3483215.708944065,329.08154296875,NkuluEP,2020-01-16,2020-01-16 15:14:19.084,15:14:19,52.36249788888888,32.997500422222224
4202,393260.152,Flight3_cam1-003-000309-0,-3098060.361342054,3483228.268685074,327.924072265625,NkuluEP,2020-01-16,2020-01-16 15:14:20.152,15:14:20,52.36282422222222,32.99743515555555
4203,393262.154,Flight3_cam1-003-000310-0,-3098059.0285913493,3483253.027685395,325.1199645996094,NkuluEP,2020-01-16,2020-01-16 15:14:22.154,15:14:22,52.36343594444444,32.99731281111111
4204,393264.156,Flight3_cam1-003-000311-0,-3098058.008876127,3483277.6552358055,322.07733154296875,NkuluEP,2020-01-16,2020-01-16 15:14:24.156,15:14:24,52.36404766666667,32.997190466666666
4205,393266.158,Flight3_cam1-003-000312-0,-3098057.2587597286,3483302.837768594,318.4016418457031,NkuluEP,2020-01-16,2020-01-16 15:14:26.158,15:14:26,52.36465938888889,32.99706812222222
4206,393268.827,Flight3_cam1-003-000313-0,-3098056.4918790977,3483333.438092204,313.42852783203125,NkuluEP,2020-01-16,2020-01-16 15:14:28.827,15:14:28,52.36547491666666,32.996905016666666
4207,393270.162,Flight3_cam1-003-000314-0,-3098056.160399376,3483348.3360975063,310.9538879394531,NkuluEP,2020-01-16,2020-01-16 15:14:30.162,15:14:30,52.36588283333334,32.99682343333333
4208,393272.164,Flight3_cam1-003-000315-0,-3098055.1709769634,3483369.5680912025,307.0931396484375,NkuluEP,2020-01-16,2020-01-16 15:14:32.164,15:14:32,52.366494555555555,32.996701088888884
4209,393274.166,Flight3_cam1-003-000316-0,-3098054.212993336,3483391.478214056,302.9070129394531,NkuluEP,2020-01-16,2020-01-16 15:14:34.166,15:14:34,52.367106277777786,32.99657874444444
4210,393276.168,Flight3_cam1-003-000317-0,-3098053.5740945516,3483412.5191526664,298.8356018066406,NkuluEP,2020-01-16,2020-01-16 15:14:36.168,15:14:36,52.367718,32.9964564
4211,393278.57,Flight3_cam1-003-000318-0,-3098052.3921122323,3483438.0057318113,293.9164123535156,NkuluEP,2020-01-16,2020-01-16 15:14:38.570,15:14:38,52.36845194444445,32.99630961111111
4212,393280.172,Flight3_cam1-003-000319-0,-3098051.419924676,3483454.364054642,290.6216125488281,NkuluEP,2020-01-16,2020-01-16 15:14:40.172,15:14:40,52.36894144444445,32.99621171111111
4213,393282.174,Flight3_cam1-003-000320-0,-3098049.5350033725,3483474.1072779666,286.4651184082031,NkuluEP,2020-01-16,2020-01-16 15:14:42.174,15:14:42,52.36955316666667,32.996089366666666
4214,393284.176,Flight3_cam1-003-000321-0,-3098047.365250796,3483494.385996667,282.3748474121094,NkuluEP,2020-01-16,2020-01-16 15:14:44.176,15:14:44,52.37016488888889,32.995967022222224
4215,393286.712,Flight3_cam1-003-000322-0,-3098044.420832766,3483519.577846762,277.3262939453125,NkuluEP,2020-01-16,2020-01-16 15:14:46.712,15:14:46,52.37093977777778,32.99581204444444
4216,393288.18,Flight3_cam1-003-000323-0,-3098042.6633902527,3483533.7783382745,274.802490234375,NkuluEP,2020-01-16,2020-01-16 15:14:48.180,15:14:48,52.371388333333336,32.99572233333333
4217,393290.182,Flight3_cam1-003-000324-0,-3098040.0447967886,3483553.8623870085,271.5998229980469,NkuluEP,2020-01-16,2020-01-16 15:14:50.182,15:14:50,52.372000055555546,32.99559998888889
4218,393292.184,Flight3_cam1-003-000325-0,-3098037.2764171995,3483574.0208488773,269.5787658691406,NkuluEP,2020-01-16,2020-01-16 15:14:52.184,15:14:52,52.372611777777784,32.99547764444444
4219,393294.186,Flight3_cam1-003-000326-0,-3098034.9625541945,3483594.2627419154,269.4327392578125,NkuluEP,2020-01-16,2020-01-16 15:14:54.186,15:14:54,52.373223499999995,32.9953553
4220,393296.588,Flight3_cam1-003-000327-0,-3098032.1316265883,3483620.5504409163,269.478271484375,NkuluEP,2020-01-16,2020-01-16 15:14:56.588,15:14:56,52.37395744444444,32.99520851111111
4221,393298.19,Flight3_cam1-003-000328-0,-3098030.339535377,3483637.5197440367,269.4420166015625,NkuluEP,2020-01-16,2020-01-16 15:14:58.190,15:14:58,52.37444694444444,32.99511061111111
4222,393300.192,Flight3_cam1-003-000329-0,-3098028.52122048,3483658.1010864265,269.35382080078125,NkuluEP,2020-01-16,2020-01-16 15:15:00.192,15:15:00,52.37505866666666,32.99498826666667
4223,393302.194,Flight3_cam1-003-000330-0,-3098026.6273843623,3483678.4761376227,269.4060363769531,NkuluEP,2020-01-16,2020-01-16 15:15:02.194,15:15:02,52.3756703888889,32.99486592222222
4224,393304.73,Flight3_cam1-003-000331-0,-3098024.6028939025,3483701.36200273,269.3927307128906,NkuluEP,2020-01-16,2020-01-16 15:15:04.730,15:15:04,52.376445277777776,32.99471094444444
4225,393306.198,Flight3_cam1-003-000332-0,-3098023.7940959497,3483711.711005703,269.37322998046875,NkuluEP,2020-01-16,2020-01-16 15:15:06.198,15:15:06,52.37689383333333,32.99462123333333
4226,393308.2,Flight3_cam1-003-000333-0,-3098022.8862840952,3483724.283710003,269.1675720214844,NkuluEP,2020-01-16,2020-01-16 15:15:08.200,15:15:08,52.37750555555556,32.994498888888884
4227,393310.202,Flight3_cam1-003-000334-0,-3098021.5391444834,3483737.117198179,269.00799560546875,NkuluEP,2020-01-16,2020-01-16 15:15:10.202,15:15:10,52.378117277777775,32.99437654444444
4228,393312.204,Flight3_cam1-003-000335-0,-3098019.727172592,3483750.4185158922,268.9463806152344,NkuluEP,2020-01-16,2020-01-16 15:15:12.204,15:15:12,52.37872900000001,32.99425419999999
4229,393314.606,Flight3_cam1-003-000336-0,-3098017.456397595,3483764.155940635,268.8564147949219,NkuluEP,2020-01-16,2020-01-16 15:15:14.606,15:15:14,52.379462944444455,32.99410741111111
4230,393316.208,Flight3_cam1-003-000337-0,-3098015.8747643987,3483774.5009316136,269.0098876953125,NkuluEP,2020-01-16,2020-01-16 15:15:16.208,15:15:16,52.37995244444444,32.99400951111111
4231,393318.21,Flight3_cam1-003-000338-0,-3098014.3741654316,3483790.9305699174,269.20208740234375,NkuluEP,2020-01-16,2020-01-16 15:15:18.210,15:15:18,52.38056416666667,32.99388716666666
4232,393320.212,Flight3_cam1-003-000339-0,-3098013.215764938,3483809.968458186,269.3179931640625,NkuluEP,2020-01-16,2020-01-16 15:15:20.212,15:15:20,52.38117588888889,32.99376482222222
4233,393322.748,Flight3_cam1-003-000340-0,-3098012.928548565,3483833.067090443,269.28936767578125,NkuluEP,2020-01-16,2020-01-16 15:15:22.748,15:15:22,52.38195077777779,32.99360984444444
4234,393324.082,Flight3_cam1-003-000341-0,-3098013.613076374,3483845.7386802705,269.22967529296875,NkuluEP,2020-01-16,2020-01-16 15:15:24.082,15:15:24,52.38235838888889,32.99352832222222
4235,393326.084,Flight3_cam1-003-000342-0,-3098014.517359473,3483865.6135292156,269.0759582519531,NkuluEP,2020-01-16,2020-01-16 15:15:26.084,15:15:26,52.382970111111106,32.993405977777776
