,GPSTime,Imagef,Northing,Easting,Altitude,Site,Date,DateTime,Time,RH,AirTemp
0,456852.857,cam1-000-000000-0,7481067.228733711,321664.5943749366,475.7846374511719,RoanCamp,2020-12-04,2020-12-04 08:54:12.857,08:54:12,67.60142877777774,23.79235709444445
1,456854.191,cam1-000-000001-0,7481055.278591618,321662.3046823688,478.2528076171875,RoanCamp,2020-12-04,2020-12-04 08:54:14.191,08:54:14,67.5995018888889,23.79280917222222
2,456856.193,cam1-000-000002-0,7481033.973032707,321658.248318681,482.1062316894531,RoanCamp,2020-12-04,2020-12-04 08:54:16.193,08:54:16,67.59661011111106,23.793487627777786
3,456858.195,cam1-000-000003-0,7481010.903683989,321654.00867273787,485.770263671875,RoanCamp,2020-12-04,2020-12-04 08:54:18.195,08:54:18,67.59371833333331,23.794166083333337
4,456860.865,cam1-000-000004-0,7480978.8810136095,321648.31761079904,490.69427490234375,RoanCamp,2020-12-04,2020-12-04 08:54:20.865,08:54:20,67.58986166666668,23.795070916666663
5,456862.199,cam1-000-000005-0,7480963.669052456,321645.69284731336,492.0929260253906,RoanCamp,2020-12-04,2020-12-04 08:54:22.199,08:54:22,67.58793477777775,23.795522994444454
6,456864.201,cam1-000-000006-0,7480941.3037581,321642.0830471398,493.34906005859375,RoanCamp,2020-12-04,2020-12-04 08:54:24.201,08:54:24,67.585043,23.79620145
7,456866.203,cam1-000-000007-0,7480918.764445273,321638.55340908456,494.6512756347656,RoanCamp,2020-12-04,2020-12-04 08:54:26.203,08:54:26,67.58215122222225,23.79687990555555
8,456868.339,cam1-000-000008-0,7480894.037228204,321633.05177287,496.2759704589844,RoanCamp,2020-12-04,2020-12-04 08:54:28.339,08:54:28,67.57906588888892,23.797603772222214
9,456870.741,cam1-000-000009-0,7480873.909786418,321612.6841837646,496.5359802246094,RoanCamp,2020-12-04,2020-12-04 08:54:30.741,08:54:30,67.57559633333335,23.798417783333328
10,456872.209,cam1-000-000010-0,7480864.525238503,321595.23945464904,496.6750183105469,RoanCamp,2020-12-04,2020-12-04 08:54:32.209,08:54:32,67.57347588888892,23.798915272222214
11,456874.211,cam1-000-000011-0,7480847.8731071595,321577.7872881938,496.9654541015625,RoanCamp,2020-12-04,2020-12-04 08:54:34.211,08:54:34,67.57058411111109,23.799593727777783
12,456876.213,cam1-000-000012-0,7480826.593519086,321565.84025881934,496.8927917480469,RoanCamp,2020-12-04,2020-12-04 08:54:36.213,08:54:36,67.56769233333334,23.80027218333333
13,456878.883,cam1-000-000013-0,7480795.137856509,321548.9918494007,496.7637634277344,RoanCamp,2020-12-04,2020-12-04 08:54:38.883,08:54:38,67.5638356666667,23.801177016666657
14,456880.217,cam1-000-000014-0,7480779.4649006985,321540.2112303556,496.7852783203125,RoanCamp,2020-12-04,2020-12-04 08:54:40.217,08:54:40,67.56190877777777,23.801629094444447
15,456882.219,cam1-000-000015-0,7480756.60231398,321527.2767872476,496.87322998046875,RoanCamp,2020-12-04,2020-12-04 08:54:42.219,08:54:42,67.55901700000003,23.802307549999995
16,456884.221,cam1-000-000016-0,7480733.989105889,321514.3689052325,496.9069519042969,RoanCamp,2020-12-04,2020-12-04 08:54:44.221,08:54:44,67.55612522222219,23.802986005555564
17,456886.223,cam1-000-000017-0,7480711.387230402,321501.53941396496,496.8096923828125,RoanCamp,2020-12-04,2020-12-04 08:54:46.223,08:54:46,67.55323344444444,23.80366446111111
18,456888.759,cam1-000-000018-0,7480682.462179766,321485.2048177831,496.7218322753906,RoanCamp,2020-12-04,2020-12-04 08:54:48.759,08:54:48,67.54957033333329,23.80452388333334
19,456890.227,cam1-000-000019-0,7480665.26727261,321475.5108512774,496.66888427734375,RoanCamp,2020-12-04,2020-12-04 08:54:50.227,08:54:50,67.54744988888886,23.805021372222228
20,456892.229,cam1-000-000020-0,7480642.465582428,321462.6059321983,496.66851806640625,RoanCamp,2020-12-04,2020-12-04 08:54:52.229,08:54:52,67.54455811111112,23.805699827777776
21,456894.231,cam1-000-000021-0,7480619.469737904,321449.8821562623,496.72216796875,RoanCamp,2020-12-04,2020-12-04 08:54:54.231,08:54:54,67.54166633333328,23.806378283333345
22,456896.367,cam1-000-000022-0,7480594.6790071055,321435.87575859524,496.80694580078125,RoanCamp,2020-12-04,2020-12-04 08:54:56.367,08:54:56,67.53858099999995,23.80710215000001
23,456898.769,cam1-000-000023-0,7480565.984320619,321419.67412667756,497.0339050292969,RoanCamp,2020-12-04,2020-12-04 08:54:58.769,08:54:58,67.53511144444448,23.807916161111102
24,456900.237,cam1-000-000024-0,7480549.658175842,321410.4826953517,497.2760925292969,RoanCamp,2020-12-04,2020-12-04 08:55:00.237,08:55:00,67.53299099999997,23.80841365000001
25,456902.239,cam1-000-000025-0,7480526.888969995,321397.5882300865,497.3512878417969,RoanCamp,2020-12-04,2020-12-04 08:55:02.239,08:55:02,67.53009922222222,23.809092105555557
26,456904.241,cam1-000-000026-0,7480503.294297256,321384.2119705207,497.2808532714844,RoanCamp,2020-12-04,2020-12-04 08:55:04.241,08:55:04,67.52720744444447,23.809770561111105
27,456906.777,cam1-000-000027-0,7480475.029458281,321368.25543340703,497.3587646484375,RoanCamp,2020-12-04,2020-12-04 08:55:06.777,08:55:06,67.52354433333332,23.810629983333335
28,456908.245,cam1-000-000028-0,7480457.618516715,321358.5437484336,497.272705078125,RoanCamp,2020-12-04,2020-12-04 08:55:08.245,08:55:08,67.52142388888889,23.81112747222222
29,456910.247,cam1-000-000029-0,7480434.515217278,321345.54538210895,497.267333984375,RoanCamp,2020-12-04,2020-12-04 08:55:10.247,08:55:10,67.51853211111114,23.81180592777777
30,456912.249,cam1-000-000030-0,7480411.430007453,321332.51808716333,497.39459228515625,RoanCamp,2020-12-04,2020-12-04 08:55:12.249,08:55:12,67.51564033333331,23.812484383333338
31,456914.385,cam1-000-000031-0,7480386.607719913,321318.23613595567,497.264404296875,RoanCamp,2020-12-04,2020-12-04 08:55:14.385,08:55:14,67.51255499999998,23.813208250000002
32,456916.787,cam1-000-000032-0,7480357.935608121,321302.12134057755,497.03387451171875,RoanCamp,2020-12-04,2020-12-04 08:55:16.787,08:55:16,67.50908544444442,23.814022261111116
33,456918.255,cam1-000-000033-0,7480341.418358421,321292.825890186,496.964111328125,RoanCamp,2020-12-04,2020-12-04 08:55:18.255,08:55:18,67.506965,23.814519750000002
34,456920.257,cam1-000-000034-0,7480318.51147326,321279.7108350636,497.01300048828125,RoanCamp,2020-12-04,2020-12-04 08:55:20.257,08:55:20,67.50407322222225,23.81519820555555
35,456922.259,cam1-000-000035-0,7480294.388387901,321266.1843522107,497.1479797363281,RoanCamp,2020-12-04,2020-12-04 08:55:22.259,08:55:22,67.50118144444441,23.81587666111112
36,456924.795,cam1-000-000036-0,7480265.167505583,321249.92086370883,497.1428527832031,RoanCamp,2020-12-04,2020-12-04 08:55:24.795,08:55:24,67.49751833333335,23.81673608333333
37,456926.263,cam1-000-000037-0,7480247.403754585,321239.90982796357,497.1191711425781,RoanCamp,2020-12-04,2020-12-04 08:55:26.263,08:55:26,67.49539788888892,23.817233572222214
38,456928.265,cam1-000-000038-0,7480223.726915039,321226.36308934086,497.1971740722656,RoanCamp,2020-12-04,2020-12-04 08:55:28.265,08:55:28,67.49250611111108,23.817912027777783
39,456930.267,cam1-000-000039-0,7480199.92313884,321212.750927889,497.375244140625,RoanCamp,2020-12-04,2020-12-04 08:55:30.267,08:55:30,67.48961433333334,23.81859048333333
40,456932.803,cam1-000-000040-0,7480169.139189218,321195.36984117515,497.740234375,RoanCamp,2020-12-04,2020-12-04 08:55:32.803,08:55:32,67.4859512222222,23.81944990555556
41,456934.138,cam1-000-000041-0,7480153.217990991,321185.9695137771,497.91375732421875,RoanCamp,2020-12-04,2020-12-04 08:55:34.138,08:55:34,67.48402288888892,23.819902322222216
42,456936.14,cam1-000-000042-0,7480129.475876633,321171.9586894803,497.9560546875,RoanCamp,2020-12-04,2020-12-04 08:55:36.140,08:55:36,67.48113111111108,23.82058077777778
43,456938.142,cam1-000-000043-0,7480104.941387842,321157.66038010485,497.7688293457031,RoanCamp,2020-12-04,2020-12-04 08:55:38.142,08:55:38,67.47823933333333,23.821259233333333
44,456940.277,cam1-000-000044-0,7480079.157497752,321142.7700978125,497.6396789550781,RoanCamp,2020-12-04,2020-12-04 08:55:40.277,08:55:40,67.47515544444444,23.821982761111112
45,456942.813,cam1-000-000045-0,7480049.344654007,321125.8288170281,497.828857421875,RoanCamp,2020-12-04,2020-12-04 08:55:42.813,08:55:42,67.47149233333329,23.822842183333343
46,456944.148,cam1-000-000046-0,7480032.9881952675,321116.62591641454,497.94525146484375,RoanCamp,2020-12-04,2020-12-04 08:55:44.148,08:55:44,67.46956400000002,23.823294599999997
47,456946.15,cam1-000-000047-0,7480007.906165419,321102.6766197415,497.97412109375,RoanCamp,2020-12-04,2020-12-04 08:55:46.150,08:55:46,67.46667222222219,23.823973055555562
48,456948.152,cam1-000-000048-0,7479983.4355349485,321089.24419870734,497.9377746582031,RoanCamp,2020-12-04,2020-12-04 08:55:48.152,08:55:48,67.46378044444444,23.824651511111114
49,456950.821,cam1-000-000049-0,7479951.518835911,321071.2282482332,497.8990173339844,RoanCamp,2020-12-04,2020-12-04 08:55:50.821,08:55:50,67.45992522222222,23.825556005555555
50,456952.156,cam1-000-000050-0,7479935.105570187,321061.67972321797,497.9154357910156,RoanCamp,2020-12-04,2020-12-04 08:55:52.156,08:55:52,67.45799688888886,23.826008422222227
51,456954.158,cam1-000-000051-0,7479910.744056517,321048.1338673876,498.1024169921875,RoanCamp,2020-12-04,2020-12-04 08:55:54.158,08:55:54,67.45510511111111,23.826686877777778
52,456956.16,cam1-000-000052-0,7479885.352836613,321033.8562696134,498.20147705078125,RoanCamp,2020-12-04,2020-12-04 08:55:56.160,08:55:56,67.45221333333336,23.827365333333326
53,456958.829,cam1-000-000053-0,7479853.244240178,321015.62444029516,498.2950439453125,RoanCamp,2020-12-04,2020-12-04 08:55:58.829,08:55:58,67.44835811111106,23.82826982777779
54,456960.164,cam1-000-000054-0,7479836.71835281,321006.2921656271,498.38739013671875,RoanCamp,2020-12-04,2020-12-04 08:56:00.164,08:56:00,67.44642977777778,23.828722244444442
55,456962.166,cam1-000-000055-0,7479812.596354091,320992.5705924019,498.3750305175781,RoanCamp,2020-12-04,2020-12-04 08:56:02.166,08:56:02,67.44353799999996,23.829400700000008
56,456964.167,cam1-000-000056-0,7479787.574740255,320978.27933051495,498.2714538574219,RoanCamp,2020-12-04,2020-12-04 08:56:04.167,08:56:04,67.44064766666664,23.83007881666667
57,456966.303,cam1-000-000057-0,7479762.268078137,320963.95243413094,498.4417724609375,RoanCamp,2020-12-04,2020-12-04 08:56:06.303,08:56:06,67.4375623333333,23.83080268333334
58,456968.839,cam1-000-000058-0,7479731.356065453,320946.656091325,498.6650390625,RoanCamp,2020-12-04,2020-12-04 08:56:08.839,08:56:08,67.43389922222225,23.831662105555548
59,456970.173,cam1-000-000059-0,7479715.530300077,320937.8490678413,498.7518310546875,RoanCamp,2020-12-04,2020-12-04 08:56:10.173,08:56:10,67.43197233333332,23.83211418333334
60,456972.175,cam1-000-000060-0,7479693.904989213,320924.1532563638,498.7398376464844,RoanCamp,2020-12-04,2020-12-04 08:56:12.175,08:56:12,67.42908055555557,23.832792638888886
61,456974.177,cam1-000-000061-0,7479675.9599477565,320904.91669192864,498.51995849609375,RoanCamp,2020-12-04,2020-12-04 08:56:14.177,08:56:14,67.42618877777774,23.83347109444445
62,456976.847,cam1-000-000062-0,7479650.677516526,320879.52117178007,498.44171142578125,RoanCamp,2020-12-04,2020-12-04 08:56:16.847,08:56:16,67.42233211111109,23.83437592777778
63,456978.181,cam1-000-000063-0,7479637.427192094,320866.75462681183,498.41259765625,RoanCamp,2020-12-04,2020-12-04 08:56:18.181,08:56:18,67.42040522222224,23.83482800555555
64,456980.183,cam1-000-000064-0,7479617.725272475,320847.6275186724,498.40673828125,RoanCamp,2020-12-04,2020-12-04 08:56:20.183,08:56:20,67.41751344444441,23.835506461111116
65,456982.185,cam1-000-000065-0,7479597.921171794,320828.1450055761,498.31085205078125,RoanCamp,2020-12-04,2020-12-04 08:56:22.185,08:56:22,67.41462166666666,23.836184916666667
66,456984.321,cam1-000-000066-0,7479576.3332071025,320806.9632110692,498.4615478515625,RoanCamp,2020-12-04,2020-12-04 08:56:24.321,08:56:24,67.41153633333333,23.83690878333333
67,456986.723,cam1-000-000067-0,7479552.332923204,320783.45533883036,498.5087585449219,RoanCamp,2020-12-04,2020-12-04 08:56:26.723,08:56:26,67.40806677777778,23.837722794444446
68,456988.191,cam1-000-000068-0,7479537.145061759,320768.7184425292,498.3600769042969,RoanCamp,2020-12-04,2020-12-04 08:56:28.191,08:56:28,67.40594633333333,23.83822028333333
69,456990.193,cam1-000-000069-0,7479517.000298699,320749.3878583014,498.0946350097656,RoanCamp,2020-12-04,2020-12-04 08:56:30.193,08:56:30,67.40305455555551,23.838898738888897
70,456992.195,cam1-000-000070-0,7479496.579776047,320729.90242487047,498.0222473144531,RoanCamp,2020-12-04,2020-12-04 08:56:32.195,08:56:32,67.40016277777777,23.83957719444445
71,456994.865,cam1-000-000071-0,7479469.065159719,320703.30069617846,498.09002685546875,RoanCamp,2020-12-04,2020-12-04 08:56:34.865,08:56:34,67.39630611111112,23.840482027777774
72,456996.199,cam1-000-000072-0,7479455.384034947,320690.08202388167,498.10760498046875,RoanCamp,2020-12-04,2020-12-04 08:56:36.199,08:56:36,67.39437922222218,23.84093410555556
73,456998.201,cam1-000-000073-0,7479435.327708585,320670.64207045385,498.1253967285156,RoanCamp,2020-12-04,2020-12-04 08:56:38.201,08:56:38,67.39148744444444,23.841612561111113
74,457000.203,cam1-000-000074-0,7479415.29645528,320651.37043401453,498.1603698730469,RoanCamp,2020-12-04,2020-12-04 08:56:40.203,08:56:40,67.38859566666669,23.84229101666666
75,457002.339,cam1-000-000075-0,7479393.678776596,320630.6376080847,498.2115783691406,RoanCamp,2020-12-04,2020-12-04 08:56:42.339,08:56:42,67.38551033333336,23.843014883333325
76,457004.875,cam1-000-000076-0,7479368.075705862,320605.9701223853,498.24249267578125,RoanCamp,2020-12-04,2020-12-04 08:56:44.875,08:56:44,67.38184722222222,23.843874305555556
77,457006.209,cam1-000-000077-0,7479354.588117864,320592.8787625984,498.3216247558594,RoanCamp,2020-12-04,2020-12-04 08:56:46.209,08:56:46,67.37992033333336,23.844326383333325
78,457008.211,cam1-000-000078-0,7479335.1978681665,320574.0622294222,498.6714172363281,RoanCamp,2020-12-04,2020-12-04 08:56:48.211,08:56:48,67.37702855555554,23.845004838888894
79,457010.213,cam1-000-000079-0,7479328.080176602,320566.34678545885,498.457275390625,RoanCamp,2020-12-04,2020-12-04 08:56:50.213,08:56:50,67.37413677777779,23.84568329444444
80,457012.883,cam1-000-000080-0,7479327.255046863,320565.0153189334,499.2083740234375,RoanCamp,2020-12-04,2020-12-04 08:56:52.883,08:56:52,67.37028011111114,23.846588127777768
81,457014.217,cam1-000-000081-0,7479324.904898266,320561.2306318815,499.91522216796875,RoanCamp,2020-12-04,2020-12-04 08:56:54.217,08:56:54,67.36835322222221,23.847040205555558
82,457016.219,cam1-000-000082-0,7479318.86880204,320547.77532544034,500.2833557128906,RoanCamp,2020-12-04,2020-12-04 08:56:56.219,08:56:56,67.36546144444446,23.847718661111106
83,457018.221,cam1-000-000083-0,7479312.416345393,320531.1719578209,500.1855773925781,RoanCamp,2020-12-04,2020-12-04 08:56:58.221,08:56:58,67.36256966666663,23.848397116666675
84,457020.223,cam1-000-000084-0,7479306.047510097,320515.5271933471,499.9965515136719,RoanCamp,2020-12-04,2020-12-04 08:57:00.223,08:57:00,67.35967788888888,23.849075572222223
85,457022.759,cam1-000-000085-0,7479297.72422252,320496.11908601027,499.9935607910156,RoanCamp,2020-12-04,2020-12-04 08:57:02.759,08:57:02,67.35601477777774,23.849934994444453
86,457024.227,cam1-000-000086-0,7479293.012878998,320484.77101472823,500.03692626953125,RoanCamp,2020-12-04,2020-12-04 08:57:04.227,08:57:04,67.3538943333333,23.85043248333334
87,457026.229,cam1-000-000087-0,7479286.870742955,320469.83730316814,500.0693359375,RoanCamp,2020-12-04,2020-12-04 08:57:06.229,08:57:06,67.35100255555557,23.851110938888887
88,457028.231,cam1-000-000088-0,7479280.533431805,320455.1409101089,500.0932922363281,RoanCamp,2020-12-04,2020-12-04 08:57:08.231,08:57:08,67.34811077777773,23.851789394444456
89,457030.367,cam1-000-000089-0,7479273.63918099,320439.42147024814,500.1300964355469,RoanCamp,2020-12-04,2020-12-04 08:57:10.367,08:57:10,67.3450254444444,23.85251326111112
90,457032.769,cam1-000-000090-0,7479266.078767385,320421.3025360976,500.1883239746094,RoanCamp,2020-12-04,2020-12-04 08:57:12.769,08:57:12,67.34155588888892,23.853327272222213
91,457034.237,cam1-000-000091-0,7479261.743575368,320410.9516584263,500.1885070800781,RoanCamp,2020-12-04,2020-12-04 08:57:14.237,08:57:14,67.3394354444444,23.85382476111112
92,457036.239,cam1-000-000092-0,7479255.471571582,320396.4362151973,500.0921630859375,RoanCamp,2020-12-04,2020-12-04 08:57:16.239,08:57:16,67.33654366666666,23.854503216666668
93,457038.241,cam1-000-000093-0,7479248.9556025015,320381.216585447,500.2337646484375,RoanCamp,2020-12-04,2020-12-04 08:57:18.241,08:57:18,67.33365188888891,23.855181672222216
94,457040.777,cam1-000-000094-0,7479244.9746623505,320378.7159431824,499.9441223144531,RoanCamp,2020-12-04,2020-12-04 08:57:20.777,08:57:20,67.32998877777777,23.856041094444446
95,457044.381,cam1-000-000095-0,7479246.414015487,320389.1090363348,499.683349609375,RoanCamp,2020-12-04,2020-12-04 08:57:24.381,08:57:24,67.324783,23.857262449999997
96,457046.249,cam1-000-000096-0,7479247.428633559,320402.32653938024,499.60986328125,RoanCamp,2020-12-04,2020-12-04 08:57:26.249,08:57:26,67.32208477777776,23.85789549444445
97,457048.251,cam1-000-000097-0,7479249.634234518,320421.2282264789,500.00750732421875,RoanCamp,2020-12-04,2020-12-04 08:57:28.251,08:57:28,67.31919300000001,23.858573949999997
98,457050.253,cam1-000-000098-0,7479251.498109303,320438.4663870014,500.1976623535156,RoanCamp,2020-12-04,2020-12-04 08:57:30.253,08:57:30,67.31630122222218,23.859252405555566
99,457052.789,cam1-000-000099-0,7479253.67988509,320459.3310716655,500.25750732421875,RoanCamp,2020-12-04,2020-12-04 08:57:32.789,08:57:32,67.31263811111111,23.860111827777775
100,457054.257,cam1-000-000100-0,7479255.0113078,320470.76924516604,500.2395935058594,RoanCamp,2020-12-04,2020-12-04 08:57:34.257,08:57:34,67.31051766666668,23.86060931666666
101,457056.259,cam1-000-000101-0,7479256.9877392445,320487.0359796897,500.2529296875,RoanCamp,2020-12-04,2020-12-04 08:57:36.259,08:57:36,67.30762588888885,23.86128777222223
102,457058.261,cam1-000-000102-0,7479258.967899049,320502.6992801472,500.21356201171875,RoanCamp,2020-12-04,2020-12-04 08:57:38.261,08:57:38,67.3047341111111,23.861966227777778
103,457060.797,cam1-000-000103-0,7479261.433443585,320522.83163397235,500.1438903808594,RoanCamp,2020-12-04,2020-12-04 08:57:40.797,08:57:40,67.30107099999996,23.86282565000001
104,457062.265,cam1-000-000104-0,7479262.713793162,320534.1802939944,500.13232421875,RoanCamp,2020-12-04,2020-12-04 08:57:42.265,08:57:42,67.29895055555554,23.863323138888894
105,457064.267,cam1-000-000105-0,7479264.567338025,320550.13061807246,500.0081481933594,RoanCamp,2020-12-04,2020-12-04 08:57:44.267,08:57:44,67.29605877777779,23.864001594444442
106,457066.269,cam1-000-000106-0,7479266.396471731,320566.6863224172,499.8382263183594,RoanCamp,2020-12-04,2020-12-04 08:57:46.269,08:57:46,67.29316700000004,23.86468004999999
107,457068.404,cam1-000-000107-0,7479268.37399467,320584.0044859013,499.66656494140625,RoanCamp,2020-12-04,2020-12-04 08:57:48.404,08:57:48,67.29008311111113,23.865403577777773
108,457070.807,cam1-000-000108-0,7479270.829254175,320603.1635652323,499.8056640625,RoanCamp,2020-12-04,2020-12-04 08:57:50.807,08:57:50,67.28661211111114,23.866217927777768
109,457072.141,cam1-000-000109-0,7479271.830058111,320614.3533314457,500.0403747558594,RoanCamp,2020-12-04,2020-12-04 08:57:52.141,08:57:52,67.28468522222221,23.866670005555555
110,457074.143,cam1-000-000110-0,7479273.268115593,320630.2401445918,500.27691650390625,RoanCamp,2020-12-04,2020-12-04 08:57:54.143,08:57:54,67.28179344444446,23.867348461111106
111,457076.145,cam1-000-000111-0,7479275.4861563705,320645.75519065873,500.47869873046875,RoanCamp,2020-12-04,2020-12-04 08:57:56.145,08:57:56,67.27890166666663,23.868026916666672
112,457078.815,cam1-000-000112-0,7479277.966764823,320667.33823699364,500.40960693359375,RoanCamp,2020-12-04,2020-12-04 08:57:58.815,08:57:58,67.27504499999999,23.86893175
113,457080.149,cam1-000-000113-0,7479278.953810275,320677.93705763563,500.0961608886719,RoanCamp,2020-12-04,2020-12-04 08:58:00.149,08:58:00,67.27311811111115,23.86938382777777
114,457082.151,cam1-000-000114-0,7479280.6134472955,320693.46500708617,499.8083801269531,RoanCamp,2020-12-04,2020-12-04 08:58:02.151,08:58:02,67.27022633333331,23.870062283333336
115,457084.153,cam1-000-000115-0,7479282.958331628,320708.9187443339,499.6515808105469,RoanCamp,2020-12-04,2020-12-04 08:58:04.153,08:58:04,67.26733455555556,23.870740738888887
116,457086.289,cam1-000-000116-0,7479284.694883442,320726.2994224162,499.5340576171875,RoanCamp,2020-12-04,2020-12-04 08:58:06.289,08:58:06,67.26424922222223,23.871464605555552
117,457088.825,cam1-000-000117-0,7479287.062182013,320746.42939396185,499.7035827636719,RoanCamp,2020-12-04,2020-12-04 08:58:08.825,08:58:08,67.26058611111108,23.872324027777783
118,457090.159,cam1-000-000118-0,7479288.409398187,320756.9715449604,499.8297119140625,RoanCamp,2020-12-04,2020-12-04 08:58:10.159,08:58:10,67.25865922222224,23.872776105555552
119,457092.161,cam1-000-000119-0,7479290.417074012,320772.61625803827,500.1249694824219,RoanCamp,2020-12-04,2020-12-04 08:58:12.161,08:58:12,67.2557674444444,23.873454561111117
120,457094.163,cam1-000-000120-0,7479292.272934233,320788.36946064245,500.4559020996094,RoanCamp,2020-12-04,2020-12-04 08:58:14.163,08:58:14,67.25287566666665,23.87413301666667
121,457096.833,cam1-000-000121-0,7479294.8501716405,320809.8061647822,500.91943359375,RoanCamp,2020-12-04,2020-12-04 08:58:16.833,08:58:16,67.24901900000002,23.875037849999995
122,457098.167,cam1-000-000122-0,7479296.256133172,320820.39281859796,500.8949279785156,RoanCamp,2020-12-04,2020-12-04 08:58:18.167,08:58:18,67.24709211111109,23.87548992777778
123,457100.169,cam1-000-000123-0,7479297.898538323,320836.31584088586,500.96453857421875,RoanCamp,2020-12-04,2020-12-04 08:58:20.169,08:58:20,67.24420033333334,23.876168383333333
124,457102.171,cam1-000-000124-0,7479299.464767251,320852.469253177,501.0986633300781,RoanCamp,2020-12-04,2020-12-04 08:58:22.171,08:58:22,67.24130855555559,23.87684683888888
125,457104.841,cam1-000-000125-0,7479302.151085218,320873.71963226737,501.0232238769531,RoanCamp,2020-12-04,2020-12-04 08:58:24.841,08:58:24,67.23745188888886,23.877751672222228
126,457106.175,cam1-000-000126-0,7479303.395617066,320883.74791595386,500.9683837890625,RoanCamp,2020-12-04,2020-12-04 08:58:26.175,08:58:26,67.23552500000001,23.878203749999997
127,457108.177,cam1-000-000127-0,7479305.105087852,320900.2677420954,500.8915100097656,RoanCamp,2020-12-04,2020-12-04 08:58:28.177,08:58:28,67.23263322222218,23.878882205555563
128,457110.179,cam1-000-000128-0,7479306.995966708,320915.8220151336,500.8273620605469,RoanCamp,2020-12-04,2020-12-04 08:58:30.179,08:58:30,67.22974144444443,23.879560661111114
129,457112.315,cam1-000-000129-0,7479308.857972157,320932.72793669254,500.58038330078125,RoanCamp,2020-12-04,2020-12-04 08:58:32.315,08:58:32,67.2266561111111,23.88028452777778
130,457114.851,cam1-000-000130-0,7479311.241901444,320952.5520539214,500.17132568359375,RoanCamp,2020-12-04,2020-12-04 08:58:34.851,08:58:34,67.22299299999996,23.88114395000001
131,457116.185,cam1-000-000131-0,7479312.552168099,320963.0932671854,499.9678039550781,RoanCamp,2020-12-04,2020-12-04 08:58:36.185,08:58:36,67.22106611111111,23.88159602777778
132,457118.187,cam1-000-000132-0,7479314.291830901,320978.75273376284,499.78814697265625,RoanCamp,2020-12-04,2020-12-04 08:58:38.187,08:58:38,67.21817433333337,23.882274483333326
133,457120.189,cam1-000-000133-0,7479316.04089552,320994.5756468295,499.6336975097656,RoanCamp,2020-12-04,2020-12-04 08:58:40.189,08:58:40,67.21528255555553,23.882952938888895
134,457122.859,cam1-000-000134-0,7479318.658603327,321016.1964172242,499.66815185546875,RoanCamp,2020-12-04,2020-12-04 08:58:42.859,08:58:42,67.21142588888888,23.88385777222222
135,457124.193,cam1-000-000135-0,7479320.014865231,321026.99507037125,499.689453125,RoanCamp,2020-12-04,2020-12-04 08:58:44.193,08:58:44,67.20949899999995,23.884309850000008
136,457126.195,cam1-000-000136-0,7479321.906576671,321042.88311646227,499.7191162109375,RoanCamp,2020-12-04,2020-12-04 08:58:46.195,08:58:46,67.2066072222222,23.88498830555556
137,457128.197,cam1-000-000137-0,7479323.801657466,321058.5722115898,499.8013610839844,RoanCamp,2020-12-04,2020-12-04 08:58:48.197,08:58:48,67.20371544444446,23.885666761111107
138,457130.333,cam1-000-000138-0,7479325.812201888,321075.42941104656,500.0189208984375,RoanCamp,2020-12-04,2020-12-04 08:58:50.333,08:58:50,67.20063011111112,23.88639062777777
139,457132.735,cam1-000-000139-0,7479327.976154193,321094.344731869,500.2445373535156,RoanCamp,2020-12-04,2020-12-04 08:58:52.735,08:58:52,67.19716055555557,23.887204638888885
140,457134.203,cam1-000-000140-0,7479329.401112828,321106.3340143649,500.34661865234375,RoanCamp,2020-12-04,2020-12-04 08:58:54.203,08:58:54,67.19504011111114,23.88770212777777
141,457136.205,cam1-000-000141-0,7479331.2046524845,321122.22930238507,500.4429016113281,RoanCamp,2020-12-04,2020-12-04 08:58:56.205,08:58:56,67.19214833333331,23.88838058333334
142,457138.207,cam1-000-000142-0,7479333.069526723,321138.0655258944,500.39935302734375,RoanCamp,2020-12-04,2020-12-04 08:58:58.207,08:58:58,67.18925655555556,23.889059038888888
143,457140.876,cam1-000-000143-0,7479335.5638874695,321159.64740105666,500.1766357421875,RoanCamp,2020-12-04,2020-12-04 08:59:00.876,08:59:00,67.18540133333335,23.88996353333333
144,457142.211,cam1-000-000144-0,7479336.770266948,321170.3803210451,500.1561279296875,RoanCamp,2020-12-04,2020-12-04 08:59:02.211,08:59:02,67.18347299999998,23.890415950000005
145,457144.213,cam1-000-000145-0,7479338.5557132065,321186.1638419193,500.1669616699219,RoanCamp,2020-12-04,2020-12-04 08:59:04.213,08:59:04,67.18058122222223,23.891094405555553
146,457146.215,cam1-000-000146-0,7479340.409292871,321201.94088892045,500.1595458984375,RoanCamp,2020-12-04,2020-12-04 08:59:06.215,08:59:06,67.1776894444444,23.89177286111112
147,457148.351,cam1-000-000147-0,7479342.459373589,321218.9556249983,500.2410583496094,RoanCamp,2020-12-04,2020-12-04 08:59:08.351,08:59:08,67.17460411111107,23.892496727777786
148,457150.753,cam1-000-000148-0,7479344.73800073,321237.9191519357,500.1489562988281,RoanCamp,2020-12-04,2020-12-04 08:59:10.753,08:59:10,67.17113455555551,23.893310738888896
149,457152.221,cam1-000-000149-0,7479346.092963463,321249.9328112365,500.1179504394531,RoanCamp,2020-12-04,2020-12-04 08:59:12.221,08:59:12,67.16901411111108,23.893808227777786
150,457154.223,cam1-000-000150-0,7479348.043276509,321265.7257039568,500.1406555175781,RoanCamp,2020-12-04,2020-12-04 08:59:14.223,08:59:14,67.16612233333333,23.894486683333334
151,457156.225,cam1-000-000151-0,7479349.906046152,321281.58868886763,500.2633361816406,RoanCamp,2020-12-04,2020-12-04 08:59:16.225,08:59:16,67.16323055555559,23.89516513888888
152,457158.894,cam1-000-000152-0,7479352.569798131,321303.23699637485,500.3424987792969,RoanCamp,2020-12-04,2020-12-04 08:59:18.894,08:59:18,67.15937533333337,23.896069633333322
153,457160.229,cam1-000-000153-0,7479353.735144128,321313.9418191848,500.40191650390625,RoanCamp,2020-12-04,2020-12-04 08:59:20.229,08:59:20,67.157447,23.896522049999998
154,457162.231,cam1-000-000154-0,7479355.28669115,321329.70166583307,500.4542236328125,RoanCamp,2020-12-04,2020-12-04 08:59:22.231,08:59:22,67.15455522222217,23.897200505555567
155,457164.233,cam1-000-000155-0,7479357.065158253,321345.3447394826,500.4190979003906,RoanCamp,2020-12-04,2020-12-04 08:59:24.233,08:59:24,67.15166344444442,23.897878961111115
156,457166.368,cam1-000-000156-0,7479359.140268033,321362.1715462953,500.4547424316406,RoanCamp,2020-12-04,2020-12-04 08:59:26.368,08:59:26,67.14857955555553,23.898602488888894
157,457168.771,cam1-000-000157-0,7479361.331231458,321380.9753748625,500.4505615234375,RoanCamp,2020-12-04,2020-12-04 08:59:28.771,08:59:28,67.14510855555554,23.899416838888893
158,457170.239,cam1-000-000158-0,7479362.758033748,321392.7730823249,500.4866027832031,RoanCamp,2020-12-04,2020-12-04 08:59:30.239,08:59:30,67.14298811111111,23.89991432777778
159,457172.241,cam1-000-000159-0,7479364.591081265,321408.5239843642,500.5291748046875,RoanCamp,2020-12-04,2020-12-04 08:59:32.241,08:59:32,67.14009633333336,23.900592783333327
160,457174.243,cam1-000-000160-0,7479366.425696336,321424.19933838345,500.687255859375,RoanCamp,2020-12-04,2020-12-04 08:59:34.243,08:59:34,67.13720455555553,23.901271238888896
161,457176.779,cam1-000-000161-0,7479368.950003244,321444.44091961917,500.8299865722656,RoanCamp,2020-12-04,2020-12-04 08:59:36.779,08:59:36,67.13354144444446,23.902130661111105
162,457178.247,cam1-000-000162-0,7479370.52801825,321456.45873942506,500.9140625,RoanCamp,2020-12-04,2020-12-04 08:59:38.247,08:59:38,67.13142100000003,23.90262814999999
163,457180.249,cam1-000-000163-0,7479372.608931458,321472.39733219723,501.09649658203125,RoanCamp,2020-12-04,2020-12-04 08:59:40.249,08:59:40,67.1285292222222,23.90330660555556
164,457182.251,cam1-000-000164-0,7479373.975227837,321488.62983702536,501.3337707519531,RoanCamp,2020-12-04,2020-12-04 08:59:42.251,08:59:42,67.12563744444445,23.903985061111108
165,457184.386,cam1-000-000165-0,7479375.782707631,321505.6512568323,501.29144287109375,RoanCamp,2020-12-04,2020-12-04 08:59:44.386,08:59:44,67.12255355555556,23.904708588888887
166,457186.789,cam1-000-000166-0,7479378.12252712,321524.4615274352,501.23797607421875,RoanCamp,2020-12-04,2020-12-04 08:59:46.789,08:59:46,67.11908255555556,23.905522938888886
167,457188.257,cam1-000-000167-0,7479379.601009052,321536.35977561004,501.0965270996094,RoanCamp,2020-12-04,2020-12-04 08:59:48.257,08:59:48,67.11696211111114,23.906020427777772
168,457190.259,cam1-000-000168-0,7479381.360348076,321551.99894833384,500.92266845703125,RoanCamp,2020-12-04,2020-12-04 08:59:50.259,08:59:50,67.1140703333333,23.90669888333334
169,457192.261,cam1-000-000169-0,7479383.301968109,321567.4898678854,500.85748291015625,RoanCamp,2020-12-04,2020-12-04 08:59:52.261,08:59:52,67.11117855555555,23.90737733888889
170,457194.797,cam1-000-000170-0,7479385.576031471,321587.7684667433,500.9089660644531,RoanCamp,2020-12-04,2020-12-04 08:59:54.797,08:59:54,67.1075154444444,23.90823676111112
171,457196.265,cam1-000-000171-0,7479386.875819834,321599.8980369874,500.9629821777344,RoanCamp,2020-12-04,2020-12-04 08:59:56.265,08:59:56,67.10539499999997,23.908734250000006
172,457198.267,cam1-000-000172-0,7479388.689280164,321615.7595501042,500.9993591308594,RoanCamp,2020-12-04,2020-12-04 08:59:58.267,08:59:58,67.10250322222223,23.909412705555553
173,457200.269,cam1-000-000173-0,7479390.383001239,321631.52123096364,500.9102478027344,RoanCamp,2020-12-04,2020-12-04 09:00:00.269,09:00:00,67.09952177777782,23.9101180611111
174,457202.404,cam1-000-000174-0,7479392.375041823,321648.3420354498,500.9142761230469,RoanCamp,2020-12-04,2020-12-04 09:00:02.404,09:00:02,67.09572622222225,23.91105508888888
175,457204.807,cam1-000-000175-0,7479394.649979219,321667.62517837295,501.068115234375,RoanCamp,2020-12-04,2020-12-04 09:00:04.807,09:00:04,67.09145422222227,23.912109738888876
176,457206.275,cam1-000-000176-0,7479395.973843217,321679.69162800116,501.1139831542969,RoanCamp,2020-12-04,2020-12-04 09:00:06.275,09:00:06,67.08884444444439,23.912754027777787
177,457208.143,cam1-000-000177-0,7479397.726473525,321694.2087124735,501.12664794921875,RoanCamp,2020-12-04,2020-12-04 09:00:08.143,09:00:08,67.08552355555558,23.913573872222216
178,457210.145,cam1-000-000178-0,7479399.706145558,321709.914805172,501.25006103515625,RoanCamp,2020-12-04,2020-12-04 09:00:10.145,09:00:10,67.08196444444441,23.914452527777787
179,457212.815,cam1-000-000179-0,7479402.5042774845,321731.473384314,501.46282958984375,RoanCamp,2020-12-04,2020-12-04 09:00:12.815,09:00:12,67.07721777777776,23.915624361111114
180,457214.149,cam1-000-000180-0,7479403.742682307,321742.25934765383,501.47039794921875,RoanCamp,2020-12-04,2020-12-04 09:00:14.149,09:00:14,67.07484622222226,23.91620983888888
181,457216.151,cam1-000-000181-0,7479405.415013063,321758.1551308617,501.5482482910156,RoanCamp,2020-12-04,2020-12-04 09:00:16.151,09:00:16,67.07128711111109,23.91708849444445
182,457218.153,cam1-000-000182-0,7479407.118304336,321773.8939445487,501.583251953125,RoanCamp,2020-12-04,2020-12-04 09:00:18.153,09:00:18,67.06772800000002,23.917967149999996
183,457220.823,cam1-000-000183-0,7479409.541654799,321795.18229309126,501.5077819824219,RoanCamp,2020-12-04,2020-12-04 09:00:20.823,09:00:20,67.06298133333337,23.919138983333323
184,457222.157,cam1-000-000184-0,7479410.779703479,321805.71544634446,501.477783203125,RoanCamp,2020-12-04,2020-12-04 09:00:22.157,09:00:22,67.06060977777776,23.919724461111112
185,457224.159,cam1-000-000185-0,7479412.643556332,321821.28144268505,501.235107421875,RoanCamp,2020-12-04,2020-12-04 09:00:24.159,09:00:24,67.05705066666668,23.920603116666662
186,457226.161,cam1-000-000186-0,7479414.321781944,321836.86018586584,501.01220703125,RoanCamp,2020-12-04,2020-12-04 09:00:26.161,09:00:26,67.05349155555551,23.921481772222233
187,457228.297,cam1-000-000187-0,7479416.347420497,321853.55801068305,500.8104248046875,RoanCamp,2020-12-04,2020-12-04 09:00:28.297,09:00:28,67.04969422222219,23.9224192388889
188,457230.833,cam1-000-000188-0,7479418.60350595,321873.75280013523,500.707763671875,RoanCamp,2020-12-04,2020-12-04 09:00:30.833,09:00:30,67.0451857777778,23.923532261111106
189,457232.167,cam1-000-000189-0,7479419.821224399,321884.4029925893,500.7088317871094,RoanCamp,2020-12-04,2020-12-04 09:00:32.167,09:00:32,67.04281422222219,23.924117738888896
190,457234.169,cam1-000-000190-0,7479421.666811816,321900.1823951673,500.76171875,RoanCamp,2020-12-04,2020-12-04 09:00:34.169,09:00:34,67.03925511111112,23.92499639444444
191,457236.171,cam1-000-000191-0,7479423.576561766,321916.018930961,500.7814025878906,RoanCamp,2020-12-04,2020-12-04 09:00:36.171,09:00:36,67.03569600000004,23.925875049999988
192,457238.84,cam1-000-000192-0,7479425.983800322,321937.59572688246,500.8953857421875,RoanCamp,2020-12-04,2020-12-04 09:00:38.840,09:00:38,67.03095111111107,23.927046444444457
193,457240.175,cam1-000-000193-0,7479427.212354641,321948.2535705911,500.912841796875,RoanCamp,2020-12-04,2020-12-04 09:00:40.175,09:00:40,67.0285777777778,23.927632361111105
194,457242.177,cam1-000-000194-0,7479429.166414477,321963.78801869025,501.16131591796875,RoanCamp,2020-12-04,2020-12-04 09:00:42.177,09:00:42,67.02501866666661,23.92851101666668
195,457244.179,cam1-000-000195-0,7479431.042913978,321979.497532382,501.3305358886719,RoanCamp,2020-12-04,2020-12-04 09:00:44.179,09:00:44,67.02145955555554,23.929389672222225
196,457246.848,cam1-000-000196-0,7479433.364215219,322000.7949343403,501.2604675292969,RoanCamp,2020-12-04,2020-12-04 09:00:46.848,09:00:46,67.01671466666666,23.930561066666666
197,457248.183,cam1-000-000197-0,7479434.562489046,322011.26659541583,501.2347106933594,RoanCamp,2020-12-04,2020-12-04 09:00:48.183,09:00:48,67.01434133333329,23.931146983333342
198,457250.185,cam1-000-000198-0,7479436.613184895,322026.7511002951,501.0974426269531,RoanCamp,2020-12-04,2020-12-04 09:00:50.185,09:00:50,67.01078222222222,23.932025638888888
199,457252.187,cam1-000-000199-0,7479438.482195834,322042.3241983149,500.93109130859375,RoanCamp,2020-12-04,2020-12-04 09:00:52.187,09:00:52,67.00722311111114,23.932904294444434
200,457254.323,cam1-000-000200-0,7479440.354891862,322059.17972640373,500.8365478515625,RoanCamp,2020-12-04,2020-12-04 09:00:54.323,09:00:54,67.00342577777782,23.9338417611111
201,457256.858,cam1-000-000201-0,7479442.728827691,322079.1341352314,500.73614501953125,RoanCamp,2020-12-04,2020-12-04 09:00:56.858,09:00:56,66.99891911111109,23.93495434444445
202,457258.193,cam1-000-000202-0,7479443.898387309,322089.7899077812,500.6485900878906,RoanCamp,2020-12-04,2020-12-04 09:00:58.193,09:00:58,66.99654577777773,23.935540261111125
203,457260.195,cam1-000-000203-0,7479445.7490551295,322105.8698921626,500.5503845214844,RoanCamp,2020-12-04,2020-12-04 09:01:00.195,09:01:00,66.99298666666665,23.93641891666667
204,457262.197,cam1-000-000204-0,7479447.684795711,322122.16133585863,500.5473937988281,RoanCamp,2020-12-04,2020-12-04 09:01:02.197,09:01:02,66.98942755555558,23.937297572222217
205,457264.866,cam1-000-000205-0,7479450.267678913,322144.15844495955,500.5843505859375,RoanCamp,2020-12-04,2020-12-04 09:01:04.866,09:01:04,66.9846826666667,23.938468966666658
206,457266.201,cam1-000-000206-0,7479451.633080099,322154.88942539506,500.615966796875,RoanCamp,2020-12-04,2020-12-04 09:01:06.201,09:01:06,66.98230933333332,23.939054883333334
207,457268.203,cam1-000-000207-0,7479453.586960943,322170.6153083925,500.5572814941406,RoanCamp,2020-12-04,2020-12-04 09:01:08.203,09:01:08,66.97875022222226,23.93993353888888
208,457270.205,cam1-000-000208-0,7479455.524351217,322186.31409386545,500.44586181640625,RoanCamp,2020-12-04,2020-12-04 09:01:10.205,09:01:10,66.97519111111107,23.94081219444445
209,457272.874,cam1-000-000209-0,7479457.202845616,322205.20056076953,500.6712646484375,RoanCamp,2020-12-04,2020-12-04 09:01:12.874,09:01:12,66.9704462222222,23.941983588888895
210,457274.209,cam1-000-000210-0,7479456.626154135,322207.98564997216,500.50238037109375,RoanCamp,2020-12-04,2020-12-04 09:01:14.209,09:01:14,66.96807288888893,23.942569505555543
211,457277.012,cam1-000-000211-0,7479463.121521299,322208.9180656803,500.1322937011719,RoanCamp,2020-12-04,2020-12-04 09:01:17.012,09:01:17,66.9630897777778,23.943799711111105
212,457278.213,cam1-000-000212-0,7479471.765016647,322211.0939066607,500.09051513671875,RoanCamp,2020-12-04,2020-12-04 09:01:18.213,09:01:18,66.96095466666668,23.944326816666663
213,457280.215,cam1-000-000213-0,7479488.800001156,322216.14866015874,500.43292236328125,RoanCamp,2020-12-04,2020-12-04 09:01:20.215,09:01:20,66.95739555555551,23.945205472222234
214,457282.217,cam1-000-000214-0,7479505.815164866,322221.3533760065,500.4212341308594,RoanCamp,2020-12-04,2020-12-04 09:01:22.217,09:01:22,66.95383644444443,23.94608412777778
215,457284.219,cam1-000-000215-0,7479521.744932666,322225.8321531193,500.30621337890625,RoanCamp,2020-12-04,2020-12-04 09:01:24.219,09:01:24,66.95027733333336,23.946962783333326
216,457286.755,cam1-000-000216-0,7479541.655026831,322231.22660322353,500.2202453613281,RoanCamp,2020-12-04,2020-12-04 09:01:26.755,09:01:26,66.94576888888888,23.948075805555558
217,457288.223,cam1-000-000217-0,7479552.8278926425,322234.1169384927,500.1315612792969,RoanCamp,2020-12-04,2020-12-04 09:01:28.223,09:01:28,66.94315911111111,23.948720094444443
218,457290.225,cam1-000-000218-0,7479567.782412121,322235.71390463563,500.2500305175781,RoanCamp,2020-12-04,2020-12-04 09:01:30.225,09:01:30,66.93960000000004,23.94959874999999
219,457292.227,cam1-000-000219-0,7479574.143005094,322231.3976250108,500.31976318359375,RoanCamp,2020-12-04,2020-12-04 09:01:32.227,09:01:32,66.93604088888885,23.95047740555556
220,457294.896,cam1-000-000220-0,7479573.672081317,322227.26229866175,500.2626953125,RoanCamp,2020-12-04,2020-12-04 09:01:34.896,09:01:34,66.93129599999997,23.951648800000005
221,457296.231,cam1-000-000221-0,7479573.033699146,322221.15979683225,500.3555908203125,RoanCamp,2020-12-04,2020-12-04 09:01:36.231,09:01:36,66.92892266666661,23.95223471666668
222,457298.233,cam1-000-000222-0,7479571.513336636,322204.8190131056,500.296142578125,RoanCamp,2020-12-04,2020-12-04 09:01:38.233,09:01:38,66.92536355555553,23.953113372222226
223,457300.235,cam1-000-000223-0,7479569.675871693,322186.4673463172,500.07421875,RoanCamp,2020-12-04,2020-12-04 09:01:40.235,09:01:40,66.92180444444446,23.953992027777772
224,457302.237,cam1-000-000224-0,7479568.167094583,322169.6375431343,499.83294677734375,RoanCamp,2020-12-04,2020-12-04 09:01:42.237,09:01:42,66.91824533333329,23.954870683333343
225,457304.773,cam1-000-000225-0,7479565.763897169,322148.79682033847,499.7715759277344,RoanCamp,2020-12-04,2020-12-04 09:01:44.773,09:01:44,66.9137368888889,23.95598370555555
226,457306.241,cam1-000-000226-0,7479564.300866578,322137.2770086924,499.7672119140625,RoanCamp,2020-12-04,2020-12-04 09:01:46.241,09:01:46,66.91112711111114,23.956627994444435
227,457308.243,cam1-000-000227-0,7479562.249780752,322120.6602171196,499.78094482421875,RoanCamp,2020-12-04,2020-12-04 09:01:48.243,09:01:48,66.90756799999997,23.957506650000006
228,457310.245,cam1-000-000228-0,7479560.260875983,322104.79664295807,499.8028869628906,RoanCamp,2020-12-04,2020-12-04 09:01:50.245,09:01:50,66.9040088888889,23.958385305555552
229,457312.781,cam1-000-000229-0,7479557.911693549,322084.65195273084,499.8228454589844,RoanCamp,2020-12-04,2020-12-04 09:01:52.781,09:01:52,66.89950044444441,23.959498327777787
230,457314.249,cam1-000-000230-0,7479556.735440601,322073.4167442081,499.74285888671875,RoanCamp,2020-12-04,2020-12-04 09:01:54.249,09:01:54,66.89689066666664,23.960142616666673
231,457316.251,cam1-000-000231-0,7479554.883165283,322057.62957654556,499.5746765136719,RoanCamp,2020-12-04,2020-12-04 09:01:56.251,09:01:56,66.89333155555556,23.96102127222222
232,457318.253,cam1-000-000232-0,7479552.80926754,322041.2250747514,499.4356384277344,RoanCamp,2020-12-04,2020-12-04 09:01:58.253,09:01:58,66.88977244444439,23.96189992777779
233,457320.388,cam1-000-000233-0,7479550.806535422,322024.08072076633,499.2333068847656,RoanCamp,2020-12-04,2020-12-04 09:02:00.388,09:02:00,66.88597688888892,23.962836955555545
234,457322.791,cam1-000-000234-0,7479548.4881234,322004.8853328723,499.1528625488281,RoanCamp,2020-12-04,2020-12-04 09:02:02.791,09:02:02,66.88170488888883,23.963891605555567
235,457324.259,cam1-000-000235-0,7479547.070475111,321993.4252407714,499.1770935058594,RoanCamp,2020-12-04,2020-12-04 09:02:04.259,09:02:04,66.87909511111107,23.964535894444452
236,457326.261,cam1-000-000236-0,7479545.20885664,321976.8262529245,499.1999816894531,RoanCamp,2020-12-04,2020-12-04 09:02:06.261,09:02:06,66.875536,23.96541455
237,457328.263,cam1-000-000237-0,7479543.39730949,321961.05140823335,499.28924560546875,RoanCamp,2020-12-04,2020-12-04 09:02:08.263,09:02:08,66.87197688888892,23.966293205555544
238,457330.799,cam1-000-000238-0,7479540.916743496,321940.8811893471,499.3446044921875,RoanCamp,2020-12-04,2020-12-04 09:02:10.799,09:02:10,66.86746844444444,23.967406227777776
239,457332.267,cam1-000-000239-0,7479539.667917538,321929.6419118324,499.4501953125,RoanCamp,2020-12-04,2020-12-04 09:02:12.267,09:02:12,66.86485866666668,23.968050516666665
240,457334.269,cam1-000-000240-0,7479537.952256118,321913.9911992516,499.58489990234375,RoanCamp,2020-12-04,2020-12-04 09:02:14.269,09:02:14,66.8612995555556,23.96892917222221
241,457336.271,cam1-000-000241-0,7479536.022867004,321897.66220527666,499.7203369140625,RoanCamp,2020-12-04,2020-12-04 09:02:16.271,09:02:16,66.85774044444443,23.96980782777778
242,457338.406,cam1-000-000242-0,7479534.057398385,321880.69472303696,500.04193115234375,RoanCamp,2020-12-04,2020-12-04 09:02:18.406,09:02:18,66.85394488888885,23.970744855555562
243,457340.808,cam1-000-000243-0,7479531.572762528,321861.3214602935,500.2557373046875,RoanCamp,2020-12-04,2020-12-04 09:02:20.808,09:02:20,66.84967466666663,23.971799066666676
244,457342.277,cam1-000-000244-0,7479530.23999294,321849.79906716605,500.3464050292969,RoanCamp,2020-12-04,2020-12-04 09:02:22.277,09:02:22,66.8470631111111,23.972443794444445
245,457344.145,cam1-000-000245-0,7479528.747756444,321834.73075993947,500.3810119628906,RoanCamp,2020-12-04,2020-12-04 09:02:24.145,09:02:24,66.84374222222219,23.9732636388889
246,457346.281,cam1-000-000246-0,7479526.454110025,321817.4811705998,500.3569030761719,RoanCamp,2020-12-04,2020-12-04 09:02:26.281,09:02:26,66.83994488888885,23.97420110555556
247,457348.816,cam1-000-000247-0,7479524.25715448,321797.23318026087,500.0406188964844,RoanCamp,2020-12-04,2020-12-04 09:02:28.816,09:02:28,66.83543822222224,23.975313688888885
248,457350.151,cam1-000-000248-0,7479523.02994246,321786.50375272776,499.8948669433594,RoanCamp,2020-12-04,2020-12-04 09:02:30.151,09:02:30,66.83306488888886,23.97589960555556
249,457352.153,cam1-000-000249-0,7479521.012251641,321770.7725107322,499.8214111328125,RoanCamp,2020-12-04,2020-12-04 09:02:32.153,09:02:32,66.82950577777778,23.976778261111107
250,457354.155,cam1-000-000250-0,7479519.171749376,321755.1884314759,499.8160705566406,RoanCamp,2020-12-04,2020-12-04 09:02:34.155,09:02:34,66.82594666666661,23.977656916666678
251,457356.291,cam1-000-000251-0,7479517.203554872,321738.2721952726,499.8011474609375,RoanCamp,2020-12-04,2020-12-04 09:02:36.291,09:02:36,66.82214933333329,23.978594383333345
252,457358.826,cam1-000-000252-0,7479514.88910223,321718.2210202546,499.69110107421875,RoanCamp,2020-12-04,2020-12-04 09:02:38.826,09:02:38,66.81764266666666,23.97970696666667
253,457360.161,cam1-000-000253-0,7479513.790154227,321707.76348543074,499.7549133300781,RoanCamp,2020-12-04,2020-12-04 09:02:40.161,09:02:40,66.81526933333329,23.980292883333345
254,457362.163,cam1-000-000254-0,7479512.151741147,321692.3097691152,499.7324523925781,RoanCamp,2020-12-04,2020-12-04 09:02:42.163,09:02:42,66.81171022222222,23.98117153888889
255,457364.165,cam1-000-000255-0,7479510.402493428,321677.09195527073,499.6838073730469,RoanCamp,2020-12-04,2020-12-04 09:02:44.165,09:02:44,66.80815111111114,23.982050194444437
256,457366.834,cam1-000-000256-0,7479507.999588114,321656.0369142634,499.70501708984375,RoanCamp,2020-12-04,2020-12-04 09:02:46.834,09:02:46,66.80340622222226,23.983221588888878
257,457368.169,cam1-000-000257-0,7479506.798337718,321645.42138209357,499.7491455078125,RoanCamp,2020-12-04,2020-12-04 09:02:48.169,09:02:48,66.8010328888889,23.983807505555554
258,457370.171,cam1-000-000258-0,7479504.8838908635,321629.6250074742,499.8404846191406,RoanCamp,2020-12-04,2020-12-04 09:02:50.171,09:02:50,66.79747377777782,23.9846861611111
259,457372.173,cam1-000-000259-0,7479503.164484552,321613.730024657,499.888671875,RoanCamp,2020-12-04,2020-12-04 09:02:52.173,09:02:52,66.79391466666664,23.98556481666667
260,457374.842,cam1-000-000260-0,7479500.591633359,321592.0395196321,499.9286804199219,RoanCamp,2020-12-04,2020-12-04 09:02:54.842,09:02:54,66.78916977777776,23.98673621111111
261,457376.177,cam1-000-000261-0,7479499.355444184,321581.8628237074,499.9783935546875,RoanCamp,2020-12-04,2020-12-04 09:02:56.177,09:02:56,66.78679644444439,23.987322127777787
262,457378.179,cam1-000-000262-0,7479497.2406771835,321565.13299113896,500.01483154296875,RoanCamp,2020-12-04,2020-12-04 09:02:58.179,09:02:58,66.78323733333332,23.988200783333333
263,457380.181,cam1-000-000263-0,7479495.285829318,321549.032679448,499.93524169921875,RoanCamp,2020-12-04,2020-12-04 09:03:00.181,09:03:00,66.77967822222224,23.989079438888883
264,457382.85,cam1-000-000264-0,7479492.587019755,321527.14025905484,499.8287048339844,RoanCamp,2020-12-04,2020-12-04 09:03:02.850,09:03:02,66.77493333333337,23.990250833333324
265,457384.185,cam1-000-000265-0,7479491.299860707,321517.0028653535,499.7854919433594,RoanCamp,2020-12-04,2020-12-04 09:03:04.185,09:03:04,66.77256,23.99083675
266,457386.187,cam1-000-000266-0,7479489.32314061,321500.54448402114,499.7629699707031,RoanCamp,2020-12-04,2020-12-04 09:03:06.187,09:03:06,66.76900088888893,23.991715405555546
267,457388.189,cam1-000-000267-0,7479487.643274522,321484.8128093318,499.76470947265625,RoanCamp,2020-12-04,2020-12-04 09:03:08.189,09:03:08,66.76544177777775,23.992594061111117
268,457390.324,cam1-000-000268-0,7479485.61961048,321467.90875825105,499.79986572265625,RoanCamp,2020-12-04,2020-12-04 09:03:10.324,09:03:10,66.76164622222218,23.993531088888897
269,457392.727,cam1-000-000269-0,7479483.264248246,321449.1080151448,499.8252868652344,RoanCamp,2020-12-04,2020-12-04 09:03:12.727,09:03:12,66.7573742222222,23.994585738888894
270,457394.195,cam1-000-000270-0,7479481.907150831,321437.2691998236,499.8059387207031,RoanCamp,2020-12-04,2020-12-04 09:03:14.195,09:03:14,66.75476444444443,23.99523002777778
271,457396.197,cam1-000-000271-0,7479480.218635286,321421.5824288683,499.9002380371094,RoanCamp,2020-12-04,2020-12-04 09:03:16.197,09:03:16,66.75120533333336,23.996108683333325
272,457398.199,cam1-000-000272-0,7479478.557684777,321405.9054242554,499.9129943847656,RoanCamp,2020-12-04,2020-12-04 09:03:18.199,09:03:18,66.74764622222217,23.9969873388889
273,457400.868,cam1-000-000273-0,7479476.072751688,321384.3508455319,499.8564758300781,RoanCamp,2020-12-04,2020-12-04 09:03:20.868,09:03:20,66.7429013333333,23.99815873333334
274,457402.203,cam1-000-000274-0,7479474.763829339,321374.2203925592,499.86865234375,RoanCamp,2020-12-04,2020-12-04 09:03:22.203,09:03:22,66.74052800000003,23.998744649999992
275,457404.205,cam1-000-000275-0,7479472.863292731,321357.7637234946,499.9176025390625,RoanCamp,2020-12-04,2020-12-04 09:03:24.205,09:03:24,66.73696888888885,23.999623305555563
276,457406.207,cam1-000-000276-0,7479471.069401375,321341.9749135559,499.8489990234375,RoanCamp,2020-12-04,2020-12-04 09:03:26.207,09:03:26,66.73340977777778,24.00050196111111
277,457408.876,cam1-000-000277-0,7479468.640972437,321321.209116461,499.7371520996094,RoanCamp,2020-12-04,2020-12-04 09:03:28.876,09:03:28,66.7286648888889,24.00167335555555
278,457410.211,cam1-000-000278-0,7479467.197610002,321310.5948793193,499.73016357421875,RoanCamp,2020-12-04,2020-12-04 09:03:30.211,09:03:30,66.72629155555553,24.002259272222226
279,457412.213,cam1-000-000279-0,7479465.275118167,321294.2106507133,499.79400634765625,RoanCamp,2020-12-04,2020-12-04 09:03:32.213,09:03:32,66.72273244444446,24.00313792777777
280,457414.215,cam1-000-000280-0,7479463.517228542,321278.3722663946,499.7366943359375,RoanCamp,2020-12-04,2020-12-04 09:03:34.215,09:03:34,66.71917333333329,24.004016583333346
281,457416.35,cam1-000-000281-0,7479461.522530409,321261.1740929689,499.7165832519531,RoanCamp,2020-12-04,2020-12-04 09:03:36.350,09:03:36,66.71537777777782,24.0049536111111
282,457418.753,cam1-000-000282-0,7479459.3068250455,321242.0171998247,499.7720947265625,RoanCamp,2020-12-04,2020-12-04 09:03:38.753,09:03:38,66.71110577777773,24.006008261111123
283,457420.221,cam1-000-000283-0,7479457.99411852,321230.6877483349,499.827392578125,RoanCamp,2020-12-04,2020-12-04 09:03:40.221,09:03:40,66.70849599999995,24.00665255000001
284,457422.223,cam1-000-000284-0,7479456.087957356,321214.14041935746,499.75250244140625,RoanCamp,2020-12-04,2020-12-04 09:03:42.223,09:03:42,66.70493688888888,24.007531205555555
285,457424.225,cam1-000-000285-0,7479454.3059401065,321198.3232893256,499.65472412109375,RoanCamp,2020-12-04,2020-12-04 09:03:44.225,09:03:44,66.70137777777781,24.0084098611111
286,457426.761,cam1-000-000286-0,7479451.625368917,321178.25254420185,499.6545104980469,RoanCamp,2020-12-04,2020-12-04 09:03:46.761,09:03:46,66.69686933333332,24.009522883333332
287,457428.229,cam1-000-000287-0,7479450.224692433,321166.92311356374,499.6019592285156,RoanCamp,2020-12-04,2020-12-04 09:03:48.229,09:03:48,66.69425955555556,24.010167172222218
288,457430.231,cam1-000-000288-0,7479448.301916821,321150.7171639267,499.6037292480469,RoanCamp,2020-12-04,2020-12-04 09:03:50.231,09:03:50,66.69070044444439,24.01104582777779
289,457432.233,cam1-000-000289-0,7479446.563803307,321135.1786133455,499.7361755371094,RoanCamp,2020-12-04,2020-12-04 09:03:52.233,09:03:52,66.68714133333332,24.01192448333334
290,457434.368,cam1-000-000290-0,7479444.704472404,321118.04303131765,499.7897033691406,RoanCamp,2020-12-04,2020-12-04 09:03:54.368,09:03:54,66.68334577777775,24.01286151111112
291,457436.77,cam1-000-000291-0,7479442.595071983,321098.9538453077,499.6749267578125,RoanCamp,2020-12-04,2020-12-04 09:03:56.770,09:03:56,66.67907555555551,24.01391572222223
292,457438.239,cam1-000-000292-0,7479441.426482707,321087.74228673836,499.7358093261719,RoanCamp,2020-12-04,2020-12-04 09:03:58.239,09:03:58,66.676464,24.01456045
293,457440.241,cam1-000-000293-0,7479439.391832527,321071.19809543807,499.9593200683594,RoanCamp,2020-12-04,2020-12-04 09:04:00.241,09:04:00,66.67290488888892,24.015439105555547
294,457442.243,cam1-000-000294-0,7479437.348288289,321055.1993275897,500.0284423828125,RoanCamp,2020-12-04,2020-12-04 09:04:02.243,09:04:02,66.66934577777775,24.016317761111118
295,457444.778,cam1-000-000295-0,7479435.201788151,321034.7741714821,499.91448974609375,RoanCamp,2020-12-04,2020-12-04 09:04:04.778,09:04:04,66.66483911111112,24.017430344444442
296,457446.247,cam1-000-000296-0,7479433.865158941,321023.38663927006,499.8904113769531,RoanCamp,2020-12-04,2020-12-04 09:04:06.247,09:04:06,66.6622275555556,24.01807507222221
297,457448.249,cam1-000-000297-0,7479431.826864366,321006.82912031125,499.9317932128906,RoanCamp,2020-12-04,2020-12-04 09:04:08.249,09:04:08,66.65866844444442,24.01895372777778
298,457450.251,cam1-000-000298-0,7479430.038733073,320990.8874386358,499.9485168457031,RoanCamp,2020-12-04,2020-12-04 09:04:10.251,09:04:10,66.65510933333334,24.019832383333327
299,457452.786,cam1-000-000299-0,7479427.685215056,320970.60556357156,500.0502014160156,RoanCamp,2020-12-04,2020-12-04 09:04:12.786,09:04:12,66.65060266666663,24.020944966666676
300,457454.255,cam1-000-000300-0,7479426.387659487,320959.1893211145,500.08111572265625,RoanCamp,2020-12-04,2020-12-04 09:04:14.255,09:04:14,66.6479911111111,24.021589694444447
301,457456.256,cam1-000-000301-0,7479424.5750313215,320943.2277537823,500.13006591796875,RoanCamp,2020-12-04,2020-12-04 09:04:16.256,09:04:16,66.64443377777778,24.022467911111107
302,457458.258,cam1-000-000302-0,7479422.6387009835,320926.7138887505,500.0209655761719,RoanCamp,2020-12-04,2020-12-04 09:04:18.258,09:04:18,66.6408746666667,24.023346566666653
303,457460.394,cam1-000-000303-0,7479420.695723339,320909.75769655517,499.940673828125,RoanCamp,2020-12-04,2020-12-04 09:04:20.394,09:04:20,66.63707733333338,24.02428403333332
304,457462.796,cam1-000-000304-0,7479418.362121288,320890.89635499346,499.7512512207031,RoanCamp,2020-12-04,2020-12-04 09:04:22.796,09:04:22,66.63280711111115,24.025338244444434
305,457464.264,cam1-000-000305-0,7479416.961553334,320879.4977142972,499.6912536621094,RoanCamp,2020-12-04,2020-12-04 09:04:24.264,09:04:24,66.63019733333329,24.025982533333345
306,457466.266,cam1-000-000306-0,7479415.14044827,320863.10967351415,499.7655944824219,RoanCamp,2020-12-04,2020-12-04 09:04:26.266,09:04:26,66.62663822222221,24.02686118888889
307,457468.268,cam1-000-000307-0,7479413.251714399,320847.4693513081,499.7414245605469,RoanCamp,2020-12-04,2020-12-04 09:04:28.268,09:04:28,66.62307911111114,24.027739844444437
308,457470.404,cam1-000-000308-0,7479411.3016101625,320830.5542715321,499.6738586425781,RoanCamp,2020-12-04,2020-12-04 09:04:30.404,09:04:30,66.61928177777781,24.028677311111103
309,457472.806,cam1-000-000309-0,7479409.14917176,320811.7573679704,499.4999084472656,RoanCamp,2020-12-04,2020-12-04 09:04:32.806,09:04:32,66.61501155555558,24.029731522222214
310,457474.274,cam1-000-000310-0,7479407.792742318,320800.507469543,499.49957275390625,RoanCamp,2020-12-04,2020-12-04 09:04:34.274,09:04:34,66.61240177777782,24.0303758111111
311,457476.276,cam1-000-000311-0,7479405.7687892215,320783.95076306287,499.4781494140625,RoanCamp,2020-12-04,2020-12-04 09:04:36.276,09:04:36,66.60884266666663,24.031254466666674
312,457478.278,cam1-000-000312-0,7479403.856404275,320768.0677026792,499.48193359375,RoanCamp,2020-12-04,2020-12-04 09:04:38.278,09:04:38,66.60528355555557,24.03213312222222
313,457480.814,cam1-000-000313-0,7479401.689972991,320747.841728476,499.56878662109375,RoanCamp,2020-12-04,2020-12-04 09:04:40.814,09:04:40,66.60077511111108,24.03324614444445
314,457482.149,cam1-000-000314-0,7479400.530004142,320737.32258456957,499.5513000488281,RoanCamp,2020-12-04,2020-12-04 09:04:42.149,09:04:42,66.59840177777781,24.0338320611111
315,457484.151,cam1-000-000315-0,7479398.528060073,320721.58772197476,499.40838623046875,RoanCamp,2020-12-04,2020-12-04 09:04:44.151,09:04:44,66.59484266666664,24.034710716666673
316,457486.153,cam1-000-000316-0,7479396.723984903,320705.8322847963,499.4434814453125,RoanCamp,2020-12-04,2020-12-04 09:04:46.153,09:04:46,66.59128355555556,24.03558937222222
317,457488.288,cam1-000-000317-0,7479394.80487754,320688.80702396005,499.5988464355469,RoanCamp,2020-12-04,2020-12-04 09:04:48.288,09:04:48,66.587488,24.0365264
318,457490.824,cam1-000-000318-0,7479392.446562305,320668.54151317384,499.7620544433594,RoanCamp,2020-12-04,2020-12-04 09:04:50.824,09:04:50,66.58297955555551,24.03763942222223
319,457492.159,cam1-000-000319-0,7479391.1981653655,320657.8355160161,499.7933349609375,RoanCamp,2020-12-04,2020-12-04 09:04:52.159,09:04:52,66.58060622222224,24.038225338888882
320,457494.161,cam1-000-000320-0,7479389.361042596,320641.98697646137,499.7007141113281,RoanCamp,2020-12-04,2020-12-04 09:04:54.161,09:04:54,66.57704711111107,24.039103994444453
321,457496.163,cam1-000-000321-0,7479387.603035035,320626.2047156235,499.5974426269531,RoanCamp,2020-12-04,2020-12-04 09:04:56.163,09:04:56,66.573488,24.03998265
322,457498.832,cam1-000-000322-0,7479385.190325594,320604.7319243806,499.66644287109375,RoanCamp,2020-12-04,2020-12-04 09:04:58.832,09:04:58,66.56874311111112,24.041154044444443
323,457500.167,cam1-000-000323-0,7479383.990074687,320593.9932378252,499.6746520996094,RoanCamp,2020-12-04,2020-12-04 09:05:00.167,09:05:00,66.56636977777775,24.04173996111112
324,457502.169,cam1-000-000324-0,7479382.252238771,320578.06626687123,499.6449890136719,RoanCamp,2020-12-04,2020-12-04 09:05:02.169,09:05:02,66.56281066666668,24.042618616666665
325,457504.171,cam1-000-000325-0,7479380.477304842,320562.2702434227,499.61041259765625,RoanCamp,2020-12-04,2020-12-04 09:05:04.171,09:05:04,66.5592515555556,24.04349727222221
326,457506.306,cam1-000-000326-0,7479378.552827668,320545.57933219953,499.6761169433594,RoanCamp,2020-12-04,2020-12-04 09:05:06.306,09:05:06,66.55545600000002,24.044434299999992
327,457508.842,cam1-000-000327-0,7479376.112777911,320525.17789071624,500.0762634277344,RoanCamp,2020-12-04,2020-12-04 09:05:08.842,09:05:08,66.55094755555554,24.045547322222223
328,457510.177,cam1-000-000328-0,7479374.693472633,320514.4259708159,500.13946533203125,RoanCamp,2020-12-04,2020-12-04 09:05:10.177,09:05:10,66.54857422222217,24.0461332388889
329,457512.179,cam1-000-000329-0,7479372.862737309,320498.7093248472,500.12109375,RoanCamp,2020-12-04,2020-12-04 09:05:12.179,09:05:12,66.5450151111111,24.047011894444445
330,457514.181,cam1-000-000330-0,7479370.943601896,320482.94701555127,500.1680603027344,RoanCamp,2020-12-04,2020-12-04 09:05:14.181,09:05:14,66.54145600000003,24.04789054999999
331,457516.85,cam1-000-000331-0,7479368.2716701515,320461.4186970147,500.2051086425781,RoanCamp,2020-12-04,2020-12-04 09:05:16.850,09:05:16,66.53671111111115,24.049061944444436
332,457518.185,cam1-000-000332-0,7479367.084534958,320450.74578583025,500.2229919433594,RoanCamp,2020-12-04,2020-12-04 09:05:18.185,09:05:18,66.53433777777778,24.04964786111111
333,457520.187,cam1-000-000333-0,7479365.220504327,320434.9147852685,500.1741638183594,RoanCamp,2020-12-04,2020-12-04 09:05:20.187,09:05:20,66.5307786666667,24.050526516666658
334,457522.189,cam1-000-000334-0,7479363.489623178,320419.231174722,500.1253662109375,RoanCamp,2020-12-04,2020-12-04 09:05:22.189,09:05:22,66.52721955555553,24.05140517222223
335,457524.324,cam1-000-000335-0,7479361.504489121,320402.2808663462,500.0385437011719,RoanCamp,2020-12-04,2020-12-04 09:05:24.324,09:05:24,66.52342399999995,24.05234220000001
336,457526.727,cam1-000-000336-0,7479359.509854559,320383.51473718236,500.0500183105469,RoanCamp,2020-12-04,2020-12-04 09:05:26.727,09:05:26,66.51915199999998,24.053396850000006
337,457528.195,cam1-000-000337-0,7479360.362033345,320374.27743643644,500.1256408691406,RoanCamp,2020-12-04,2020-12-04 09:05:28.195,09:05:28,66.5165422222222,24.05404113888889
338,457530.197,cam1-000-000338-0,7479362.156282244,320372.54184455285,499.574951171875,RoanCamp,2020-12-04,2020-12-04 09:05:30.197,09:05:30,66.51298311111113,24.054919794444437
339,457533.4,cam1-000-000339-0,7479374.176130602,320373.3682034962,499.2903747558594,RoanCamp,2020-12-04,2020-12-04 09:05:33.400,09:05:33,66.50728888888884,24.056325555555567
340,457534.201,cam1-000-000340-0,7479381.424824394,320373.0474048928,499.41949462890625,RoanCamp,2020-12-04,2020-12-04 09:05:34.201,09:05:34,66.50586488888888,24.056677105555558
341,457536.203,cam1-000-000341-0,7479398.598196442,320373.5478260709,499.8502502441406,RoanCamp,2020-12-04,2020-12-04 09:05:36.203,09:05:36,66.5023057777778,24.057555761111104
342,457538.205,cam1-000-000342-0,7479415.255331613,320374.97381710215,500.2000732421875,RoanCamp,2020-12-04,2020-12-04 09:05:38.205,09:05:38,66.49874666666663,24.058434416666675
343,457540.207,cam1-000-000343-0,7479431.406614535,320375.9997558168,500.1778869628906,RoanCamp,2020-12-04,2020-12-04 09:05:40.207,09:05:40,66.49518755555556,24.05931307222222
344,457542.876,cam1-000-000344-0,7479452.996626597,320376.8831447937,500.1464538574219,RoanCamp,2020-12-04,2020-12-04 09:05:42.876,09:05:42,66.49044266666668,24.06048446666666
345,457544.211,cam1-000-000345-0,7479464.083091881,320377.6508726992,500.3047790527344,RoanCamp,2020-12-04,2020-12-04 09:05:44.211,09:05:44,66.48806933333331,24.061070383333337
346,457546.213,cam1-000-000346-0,7479474.140508693,320385.6406990496,500.6545715332031,RoanCamp,2020-12-04,2020-12-04 09:05:46.213,09:05:46,66.48451022222224,24.061949038888883
347,457550.35,cam1-000-000347-0,7479474.688697077,320394.0545240296,500.3663635253906,RoanCamp,2020-12-04,2020-12-04 09:05:50.350,09:05:50,66.4771555555556,24.063764722222214
348,457552.218,cam1-000-000348-0,7479477.666414234,320408.29251201614,500.4259948730469,RoanCamp,2020-12-04,2020-12-04 09:05:52.218,09:05:52,66.47383466666668,24.064584566666664
349,457554.22,cam1-000-000349-0,7479479.921842394,320425.1667332395,500.6230163574219,RoanCamp,2020-12-04,2020-12-04 09:05:54.220,09:05:54,66.4702755555556,24.06546322222221
350,457556.222,cam1-000-000350-0,7479481.902504329,320441.2498804013,500.89044189453125,RoanCamp,2020-12-04,2020-12-04 09:05:56.222,09:05:56,66.46671644444443,24.06634187777778
351,457558.892,cam1-000-000351-0,7479484.366564089,320463.4470821896,501.0939636230469,RoanCamp,2020-12-04,2020-12-04 09:05:58.892,09:05:58,66.46196977777778,24.067513711111108
352,457560.226,cam1-000-000352-0,7479485.533382779,320473.9359166515,501.2206115722656,RoanCamp,2020-12-04,2020-12-04 09:06:00.226,09:06:00,66.45959822222217,24.0680991888889
353,457562.228,cam1-000-000353-0,7479487.570874056,320490.93225245184,501.2461853027344,RoanCamp,2020-12-04,2020-12-04 09:06:02.228,09:06:02,66.4560391111111,24.068977844444447
354,457564.23,cam1-000-000354-0,7479489.254121317,320507.26850438124,501.4266357421875,RoanCamp,2020-12-04,2020-12-04 09:06:04.230,09:06:04,66.45248000000002,24.069856499999993
355,457566.366,cam1-000-000355-0,7479491.262924764,320524.4134650627,501.6017150878906,RoanCamp,2020-12-04,2020-12-04 09:06:06.366,09:06:06,66.4486826666667,24.070793966666656
356,457568.768,cam1-000-000356-0,7479493.536843041,320543.35214083176,501.6026916503906,RoanCamp,2020-12-04,2020-12-04 09:06:08.768,09:06:08,66.44441244444447,24.07184817777777
357,457570.236,cam1-000-000357-0,7479494.881674976,320555.256786793,501.6235656738281,RoanCamp,2020-12-04,2020-12-04 09:06:10.236,09:06:10,66.4418026666667,24.072492466666656
358,457572.238,cam1-000-000358-0,7479496.797040276,320570.84470763465,501.6390380859375,RoanCamp,2020-12-04,2020-12-04 09:06:12.238,09:06:12,66.43824355555553,24.073371122222227
359,457574.24,cam1-000-000359-0,7479498.446678225,320586.4419779398,501.3382263183594,RoanCamp,2020-12-04,2020-12-04 09:06:14.240,09:06:14,66.43468444444446,24.074249777777773
360,457576.776,cam1-000-000360-0,7479500.798264258,320606.26355421636,500.81695556640625,RoanCamp,2020-12-04,2020-12-04 09:06:16.776,09:06:16,66.43017599999997,24.075362800000004
361,457578.244,cam1-000-000361-0,7479502.192470961,320618.0534971795,500.58673095703125,RoanCamp,2020-12-04,2020-12-04 09:06:18.244,09:06:18,66.42756622222221,24.076007088888893
362,457580.246,cam1-000-000362-0,7479504.051793095,320633.62524662126,500.3770446777344,RoanCamp,2020-12-04,2020-12-04 09:06:20.246,09:06:20,66.42400711111114,24.07688574444444
363,457582.248,cam1-000-000363-0,7479505.857908536,320649.3313819058,500.4054870605469,RoanCamp,2020-12-04,2020-12-04 09:06:22.248,09:06:22,66.42044799999995,24.07776440000001
364,457584.384,cam1-000-000364-0,7479507.862907896,320666.5918563985,500.408447265625,RoanCamp,2020-12-04,2020-12-04 09:06:24.384,09:06:24,66.41665066666663,24.078701866666677
365,457586.786,cam1-000-000365-0,7479509.900935442,320685.7284360244,500.36590576171875,RoanCamp,2020-12-04,2020-12-04 09:06:26.786,09:06:26,66.4123804444444,24.079756077777787
366,457588.254,cam1-000-000366-0,7479511.210230835,320697.6903129996,500.5360107421875,RoanCamp,2020-12-04,2020-12-04 09:06:28.254,09:06:28,66.40977066666663,24.080400366666673
367,457590.256,cam1-000-000367-0,7479513.107335666,320713.3796633859,500.77874755859375,RoanCamp,2020-12-04,2020-12-04 09:06:30.256,09:06:30,66.40621155555556,24.08127902222222
368,457592.258,cam1-000-000368-0,7479515.205712013,320729.0240633053,500.6751708984375,RoanCamp,2020-12-04,2020-12-04 09:06:32.258,09:06:32,66.40265244444448,24.082157677777765
369,457594.794,cam1-000-000369-0,7479517.389023429,320749.4306881238,500.5115966796875,RoanCamp,2020-12-04,2020-12-04 09:06:34.794,09:06:34,66.398144,24.083270699999996
370,457596.262,cam1-000-000370-0,7479518.770683835,320761.55700840114,500.4242858886719,RoanCamp,2020-12-04,2020-12-04 09:06:36.262,09:06:36,66.39553422222224,24.083914988888882
371,457598.264,cam1-000-000371-0,7479520.671167545,320777.54169815395,500.34405517578125,RoanCamp,2020-12-04,2020-12-04 09:06:38.264,09:06:38,66.39197511111107,24.084793644444456
372,457600.266,cam1-000-000372-0,7479522.253405708,320793.549442185,500.3771667480469,RoanCamp,2020-12-04,2020-12-04 09:06:40.266,09:06:40,66.38841599999999,24.085672300000002
373,457602.402,cam1-000-000373-0,7479524.279573781,320810.563759811,500.4819030761719,RoanCamp,2020-12-04,2020-12-04 09:06:42.402,09:06:42,66.38461866666665,24.08660976666667
374,457604.804,cam1-000-000374-0,7479526.604656599,320829.390301517,500.5411071777344,RoanCamp,2020-12-04,2020-12-04 09:06:44.804,09:06:44,66.38034844444444,24.08766397777778
375,457606.272,cam1-000-000375-0,7479527.993679701,320841.09301275696,500.6652526855469,RoanCamp,2020-12-04,2020-12-04 09:06:46.272,09:06:46,66.37773866666667,24.088308266666665
376,457608.274,cam1-000-000376-0,7479529.952321906,320856.806214464,500.8390808105469,RoanCamp,2020-12-04,2020-12-04 09:06:48.274,09:06:48,66.3741795555556,24.08918692222221
377,457610.276,cam1-000-000377-0,7479531.816461403,320872.6844306785,501.0915222167969,RoanCamp,2020-12-04,2020-12-04 09:06:50.276,09:06:50,66.37062044444441,24.090065577777782
378,457612.812,cam1-000-000378-0,7479534.347863185,320893.4549616538,501.3612060546875,RoanCamp,2020-12-04,2020-12-04 09:06:52.812,09:06:52,66.36611200000004,24.09117859999999
379,457614.28,cam1-000-000379-0,7479535.8173197415,320905.75632809725,501.4850158691406,RoanCamp,2020-12-04,2020-12-04 09:06:54.280,09:06:54,66.36350222222217,24.091822888888903
380,457616.282,cam1-000-000380-0,7479537.77451963,320921.848709447,501.6556396484375,RoanCamp,2020-12-04,2020-12-04 09:06:56.282,09:06:56,66.3599431111111,24.09270154444445
381,457618.284,cam1-000-000381-0,7479539.444504863,320937.9484348835,501.7019958496094,RoanCamp,2020-12-04,2020-12-04 09:06:58.284,09:06:58,66.35638400000002,24.093580199999995
382,457620.286,cam1-000-000382-0,7479541.175301198,320953.9412409272,501.83514404296875,RoanCamp,2020-12-04,2020-12-04 09:07:00.286,09:07:00,66.35282488888885,24.094458855555565
383,457622.822,cam1-000-000383-0,7479543.497231172,320974.18084107526,501.84466552734375,RoanCamp,2020-12-04,2020-12-04 09:07:02.822,09:07:02,66.34831644444446,24.095571877777772
384,457624.157,cam1-000-000384-0,7479544.967135876,320984.82376026013,501.8828430175781,RoanCamp,2020-12-04,2020-12-04 09:07:04.157,09:07:04,66.3459431111111,24.096157794444448
385,457626.159,cam1-000-000385-0,7479546.757613922,321000.43613029853,501.9275207519531,RoanCamp,2020-12-04,2020-12-04 09:07:06.159,09:07:06,66.34238400000002,24.097036449999994
386,457628.161,cam1-000-000386-0,7479548.68553043,321015.9897878028,501.9823303222656,RoanCamp,2020-12-04,2020-12-04 09:07:08.161,09:07:08,66.33882488888885,24.097915105555565
387,457630.83,cam1-000-000387-0,7479551.216793557,321037.5379237921,501.96856689453125,RoanCamp,2020-12-04,2020-12-04 09:07:10.830,09:07:10,66.33407999999997,24.099086500000006
388,457632.298,cam1-000-000388-0,7479552.685777249,321049.64863102493,502.0104064941406,RoanCamp,2020-12-04,2020-12-04 09:07:12.298,09:07:12,66.3314702222222,24.099730788888895
389,457634.167,cam1-000-000389-0,7479554.507122854,321064.24912987987,501.83984375,RoanCamp,2020-12-04,2020-12-04 09:07:14.167,09:07:14,66.32814755555552,24.100551072222228
390,457636.169,cam1-000-000390-0,7479556.124968421,321080.20229892153,501.58123779296875,RoanCamp,2020-12-04,2020-12-04 09:07:16.169,09:07:16,66.32458844444444,24.101429727777774
391,457638.838,cam1-000-000391-0,7479558.541853744,321101.4644056406,501.4704284667969,RoanCamp,2020-12-04,2020-12-04 09:07:18.838,09:07:18,66.31984355555556,24.102601122222218
392,457640.173,cam1-000-000392-0,7479559.766565962,321112.17014127783,501.349365234375,RoanCamp,2020-12-04,2020-12-04 09:07:20.173,09:07:20,66.3174702222222,24.103187038888894
393,457642.175,cam1-000-000393-0,7479561.517194765,321127.8303112369,501.3580627441406,RoanCamp,2020-12-04,2020-12-04 09:07:22.175,09:07:22,66.31391111111112,24.10406569444444
394,457644.176,cam1-000-000394-0,7479563.456449736,321143.6216105418,501.3070983886719,RoanCamp,2020-12-04,2020-12-04 09:07:24.176,09:07:24,66.3103537777778,24.1049439111111
395,457646.312,cam1-000-000395-0,7479565.273050016,321160.4433893452,501.2023010253906,RoanCamp,2020-12-04,2020-12-04 09:07:26.312,09:07:26,66.30655644444448,24.105881377777767
396,457648.848,cam1-000-000396-0,7479567.686444655,321180.25178179075,501.1581726074219,RoanCamp,2020-12-04,2020-12-04 09:07:28.848,09:07:28,66.302048,24.106994399999998
397,457650.182,cam1-000-000397-0,7479568.909868461,321190.7075797706,501.0975341796875,RoanCamp,2020-12-04,2020-12-04 09:07:30.182,09:07:30,66.29967644444449,24.107579877777766
398,457652.184,cam1-000-000398-0,7479570.634152712,321206.10567922436,501.1273498535156,RoanCamp,2020-12-04,2020-12-04 09:07:32.184,09:07:32,66.29611733333331,24.108458533333337
399,457654.186,cam1-000-000399-0,7479572.494999573,321221.54865771113,501.23162841796875,RoanCamp,2020-12-04,2020-12-04 09:07:34.186,09:07:34,66.29255822222224,24.109337188888883
400,457656.856,cam1-000-000400-0,7479575.058878843,321243.01237967133,501.2330627441406,RoanCamp,2020-12-04,2020-12-04 09:07:36.856,09:07:36,66.28781155555549,24.110509022222235
401,457658.19,cam1-000-000401-0,7479576.308563361,321253.66956312786,501.2512512207031,RoanCamp,2020-12-04,2020-12-04 09:07:38.190,09:07:38,66.28544,24.1110945
402,457660.192,cam1-000-000402-0,7479578.098496812,321269.5199060276,501.27227783203125,RoanCamp,2020-12-04,2020-12-04 09:07:40.192,09:07:40,66.28188088888892,24.111973155555546
403,457662.194,cam1-000-000403-0,7479579.954139115,321285.48598934535,501.2371520996094,RoanCamp,2020-12-04,2020-12-04 09:07:42.194,09:07:42,66.27832177777775,24.11285181111112
404,457664.33,cam1-000-000404-0,7479581.894985871,321302.55722379684,501.22186279296875,RoanCamp,2020-12-04,2020-12-04 09:07:44.330,09:07:44,66.27452444444441,24.113789277777784
405,457666.866,cam1-000-000405-0,7479584.180161771,321322.840944531,501.19561767578125,RoanCamp,2020-12-04,2020-12-04 09:07:46.866,09:07:46,66.27001600000003,24.11490229999999
406,457668.2,cam1-000-000406-0,7479585.413796175,321333.46754784416,501.26763916015625,RoanCamp,2020-12-04,2020-12-04 09:07:48.200,09:07:48,66.26764444444441,24.115487777777783
407,457670.202,cam1-000-000407-0,7479587.398462655,321349.086963551,501.3094482421875,RoanCamp,2020-12-04,2020-12-04 09:07:50.202,09:07:50,66.26408533333334,24.11636643333333
408,457672.204,cam1-000-000408-0,7479589.330051003,321364.7527943014,501.3267822265625,RoanCamp,2020-12-04,2020-12-04 09:07:52.204,09:07:52,66.26052622222217,24.1172450888889
409,457674.874,cam1-000-000409-0,7479591.797924342,321386.18408724613,501.23675537109375,RoanCamp,2020-12-04,2020-12-04 09:07:54.874,09:07:54,66.25577955555553,24.118416922222227
410,457676.208,cam1-000-000410-0,7479592.995168541,321396.9290472687,501.2228088378906,RoanCamp,2020-12-04,2020-12-04 09:07:56.208,09:07:56,66.25340800000002,24.119002399999992
411,457678.21,cam1-000-000411-0,7479594.769738859,321412.7064784374,501.144287109375,RoanCamp,2020-12-04,2020-12-04 09:07:58.210,09:07:58,66.24984888888885,24.119881055555563
412,457680.212,cam1-000-000412-0,7479596.531145337,321428.5354323208,501.10491943359375,RoanCamp,2020-12-04,2020-12-04 09:08:00.212,09:08:00,66.24628977777778,24.12075971111111
413,457682.882,cam1-000-000413-0,7479599.05513927,321450.2551531391,501.1045227050781,RoanCamp,2020-12-04,2020-12-04 09:08:02.882,09:08:02,66.24154311111114,24.121931544444436
414,457684.216,cam1-000-000414-0,7479600.302026134,321460.9765027124,501.1838073730469,RoanCamp,2020-12-04,2020-12-04 09:08:04.216,09:08:04,66.23917155555553,24.12251702222223
415,457686.218,cam1-000-000415-0,7479601.996790916,321476.7654242171,501.3272705078125,RoanCamp,2020-12-04,2020-12-04 09:08:06.218,09:08:06,66.23561244444446,24.123395677777776
416,457688.22,cam1-000-000416-0,7479603.820360053,321492.4472174692,501.42864990234375,RoanCamp,2020-12-04,2020-12-04 09:08:08.220,09:08:08,66.23205333333338,24.12427433333332
417,457690.356,cam1-000-000417-0,7479605.793212289,321509.3995895593,501.4791564941406,RoanCamp,2020-12-04,2020-12-04 09:08:10.356,09:08:10,66.22825599999994,24.125211800000013
418,457692.758,cam1-000-000418-0,7479608.053487182,321528.3608775267,501.2477111816406,RoanCamp,2020-12-04,2020-12-04 09:08:12.758,09:08:12,66.22398577777783,24.1262660111111
419,457694.226,cam1-000-000419-0,7479609.497635269,321540.31563888595,501.142333984375,RoanCamp,2020-12-04,2020-12-04 09:08:14.226,09:08:14,66.22137599999995,24.12691030000001
420,457696.228,cam1-000-000420-0,7479611.344457699,321556.24391909526,501.0356750488281,RoanCamp,2020-12-04,2020-12-04 09:08:16.228,09:08:16,66.21781688888888,24.127788955555555
421,457698.23,cam1-000-000421-0,7479613.215748938,321572.17321609415,501.0378112792969,RoanCamp,2020-12-04,2020-12-04 09:08:18.230,09:08:18,66.2142577777778,24.1286676111111
422,457700.9,cam1-000-000422-0,7479615.717583938,321593.765872849,501.0586853027344,RoanCamp,2020-12-04,2020-12-04 09:08:20.900,09:08:20,66.20951111111107,24.129839444444453
423,457702.234,cam1-000-000423-0,7479616.958537154,321604.5112318131,501.0630798339844,RoanCamp,2020-12-04,2020-12-04 09:08:22.234,09:08:22,66.20713955555556,24.130424922222222
424,457704.236,cam1-000-000424-0,7479618.84828165,321620.29598650866,501.05096435546875,RoanCamp,2020-12-04,2020-12-04 09:08:24.236,09:08:24,66.20358044444448,24.131303577777768
425,457706.238,cam1-000-000425-0,7479620.824255427,321636.087168621,501.09381103515625,RoanCamp,2020-12-04,2020-12-04 09:08:26.238,09:08:26,66.20002133333331,24.13218223333334
426,457708.907,cam1-000-000426-0,7479623.381539525,321657.77685853664,501.2351989746094,RoanCamp,2020-12-04,2020-12-04 09:08:28.907,09:08:28,66.19527644444443,24.13335362777778
427,457710.242,cam1-000-000427-0,7479624.585890362,321668.57869302726,501.3426208496094,RoanCamp,2020-12-04,2020-12-04 09:08:30.242,09:08:30,66.19290311111106,24.133939544444456
428,457712.244,cam1-000-000428-0,7479626.357087229,321684.5122003965,501.4972229003906,RoanCamp,2020-12-04,2020-12-04 09:08:32.244,09:08:32,66.18934399999999,24.1348182
429,457714.246,cam1-000-000429-0,7479628.147839848,321700.41872687516,501.5498352050781,RoanCamp,2020-12-04,2020-12-04 09:08:34.246,09:08:34,66.18578488888892,24.135696855555548
430,457716.382,cam1-000-000430-0,7479630.051616546,321717.53360800236,501.5227966308594,RoanCamp,2020-12-04,2020-12-04 09:08:36.382,09:08:36,66.18198755555558,24.136634322222214
431,457718.784,cam1-000-000431-0,7479632.17491844,321736.40149672295,501.5819091796875,RoanCamp,2020-12-04,2020-12-04 09:08:38.784,09:08:38,66.17771733333336,24.13768853333333
432,457720.252,cam1-000-000432-0,7479633.6532469895,321748.33166452416,501.65728759765625,RoanCamp,2020-12-04,2020-12-04 09:08:40.252,09:08:40,66.17510755555558,24.138332822222214
433,457722.254,cam1-000-000433-0,7479635.660490416,321764.16522223415,501.7481689453125,RoanCamp,2020-12-04,2020-12-04 09:08:42.254,09:08:42,66.17154844444441,24.139211477777785
434,457724.256,cam1-000-000434-0,7479637.547598943,321780.0734504145,501.8138427734375,RoanCamp,2020-12-04,2020-12-04 09:08:44.256,09:08:44,66.16798933333334,24.14009013333333
435,457726.792,cam1-000-000435-0,7479639.86524787,321800.3968921796,501.69744873046875,RoanCamp,2020-12-04,2020-12-04 09:08:46.792,09:08:46,66.16348088888886,24.141203155555562
436,457728.26,cam1-000-000436-0,7479641.171262022,321812.26413078286,501.7503967285156,RoanCamp,2020-12-04,2020-12-04 09:08:48.260,09:08:48,66.16087111111109,24.141847444444448
437,457730.262,cam1-000-000437-0,7479642.994021362,321828.0740847712,501.9042663574219,RoanCamp,2020-12-04,2020-12-04 09:08:50.262,09:08:50,66.15731200000002,24.142726099999994
438,457732.264,cam1-000-000438-0,7479644.926384142,321843.8519786593,501.9859313964844,RoanCamp,2020-12-04,2020-12-04 09:08:52.264,09:08:52,66.15375288888885,24.143604755555565
439,457734.8,cam1-000-000439-0,7479647.165681477,321863.9712121022,501.9374694824219,RoanCamp,2020-12-04,2020-12-04 09:08:54.800,09:08:54,66.14924444444446,24.14471777777777
440,457736.268,cam1-000-000440-0,7479648.506201689,321875.7876928568,501.8616943359375,RoanCamp,2020-12-04,2020-12-04 09:08:56.268,09:08:56,66.1466346666667,24.14536206666666
441,457738.27,cam1-000-000441-0,7479650.364165474,321891.3354303307,501.7970275878906,RoanCamp,2020-12-04,2020-12-04 09:08:58.270,09:08:58,66.14307555555551,24.14624072222223
442,457740.272,cam1-000-000442-0,7479652.064052258,321907.31300452654,501.804443359375,RoanCamp,2020-12-04,2020-12-04 09:09:00.272,09:09:00,66.13951644444444,24.147119377777777
443,457742.407,cam1-000-000443-0,7479654.001038232,321924.1372445561,501.8222961425781,RoanCamp,2020-12-04,2020-12-04 09:09:02.407,09:09:02,66.13572088888887,24.148056405555558
444,457744.81,cam1-000-000444-0,7479656.234758826,321942.86266190396,501.75579833984375,RoanCamp,2020-12-04,2020-12-04 09:09:04.810,09:09:04,66.13144888888888,24.149111055555554
445,457746.278,cam1-000-000445-0,7479657.521300826,321954.755502491,501.6979675292969,RoanCamp,2020-12-04,2020-12-04 09:09:06.278,09:09:06,66.12883911111112,24.14975534444444
446,457748.28,cam1-000-000446-0,7479659.280558068,321970.26831879106,501.67254638671875,RoanCamp,2020-12-04,2020-12-04 09:09:08.280,09:09:08,66.12527999999995,24.15063400000001
447,457750.282,cam1-000-000447-0,7479661.050507853,321985.81971332646,501.5289306640625,RoanCamp,2020-12-04,2020-12-04 09:09:10.282,09:09:10,66.12172088888887,24.151512655555557
448,457752.818,cam1-000-000448-0,7479663.312084434,322006.0034800661,501.63433837890625,RoanCamp,2020-12-04,2020-12-04 09:09:12.818,09:09:12,66.11721244444439,24.15262567777779
449,457754.286,cam1-000-000449-0,7479664.914653972,322017.94267419586,501.58233642578125,RoanCamp,2020-12-04,2020-12-04 09:09:14.286,09:09:14,66.11460266666663,24.153269966666677
450,457756.288,cam1-000-000450-0,7479666.885386111,322033.71017784043,501.705810546875,RoanCamp,2020-12-04,2020-12-04 09:09:16.288,09:09:16,66.11104355555555,24.154148622222223
451,457758.29,cam1-000-000451-0,7479668.7195183,322049.51113090315,501.9717712402344,RoanCamp,2020-12-04,2020-12-04 09:09:18.290,09:09:18,66.10748444444448,24.15502727777777
452,457760.826,cam1-000-000452-0,7479671.062775966,322069.8169920396,502.1474914550781,RoanCamp,2020-12-04,2020-12-04 09:09:20.826,09:09:20,66.102976,24.1561403
453,457762.16,cam1-000-000453-0,7479672.278716866,322080.558671248,502.248046875,RoanCamp,2020-12-04,2020-12-04 09:09:22.160,09:09:22,66.10060444444449,24.156725777777766
454,457764.162,cam1-000-000454-0,7479674.2379839765,322096.3565061955,502.5046691894531,RoanCamp,2020-12-04,2020-12-04 09:09:24.162,09:09:24,66.09704533333331,24.157604433333336
455,457766.164,cam1-000-000455-0,7479675.833475453,322112.1806886955,502.32305908203125,RoanCamp,2020-12-04,2020-12-04 09:09:26.164,09:09:26,66.09348622222224,24.158483088888886
456,457768.3,cam1-000-000456-0,7479677.527131402,322128.99559396494,501.9811096191406,RoanCamp,2020-12-04,2020-12-04 09:09:28.300,09:09:28,66.0896888888889,24.15942055555555
457,457770.836,cam1-000-000457-0,7479679.933177641,322148.8220973752,501.6576232910156,RoanCamp,2020-12-04,2020-12-04 09:09:30.836,09:09:30,66.08518044444442,24.160533577777784
458,457772.17,cam1-000-000458-0,7479681.122396157,322159.3807797956,501.5202941894531,RoanCamp,2020-12-04,2020-12-04 09:09:32.170,09:09:32,66.08280888888892,24.16111905555555
459,457774.172,cam1-000-000459-0,7479682.978567928,322174.96833997226,501.3647155761719,RoanCamp,2020-12-04,2020-12-04 09:09:34.172,09:09:34,66.07924977777773,24.16199771111112
460,457776.174,cam1-000-000460-0,7479684.859934646,322190.6526420892,501.413818359375,RoanCamp,2020-12-04,2020-12-04 09:09:36.174,09:09:36,66.07569066666666,24.162876366666666
461,457778.844,cam1-000-000461-0,7479687.451088251,322212.06843154994,501.63427734375,RoanCamp,2020-12-04,2020-12-04 09:09:38.844,09:09:38,66.07094400000003,24.164048199999993
462,457780.178,cam1-000-000462-0,7479688.681933008,322222.8258756853,501.73724365234375,RoanCamp,2020-12-04,2020-12-04 09:09:40.178,09:09:40,66.06857244444441,24.164633677777783
463,457782.18,cam1-000-000463-0,7479690.595187606,322238.76842338854,502.046142578125,RoanCamp,2020-12-04,2020-12-04 09:09:42.180,09:09:42,66.06501333333334,24.16551233333333
464,457784.182,cam1-000-000464-0,7479692.60133718,322254.6914156127,502.25616455078125,RoanCamp,2020-12-04,2020-12-04 09:09:44.182,09:09:44,66.06145422222227,24.166390988888875
465,457786.318,cam1-000-000465-0,7479694.00559463,322268.7057728213,502.5433654785156,RoanCamp,2020-12-04,2020-12-04 09:09:46.318,09:09:46,66.05765688888883,24.16732845555557
466,457788.854,cam1-000-000466-0,7479694.747284939,322270.68208874017,502.15411376953125,RoanCamp,2020-12-04,2020-12-04 09:09:48.854,09:09:48,66.05314844444446,24.168441477777773
467,457790.188,cam1-000-000467-0,7479700.102126973,322271.38248236093,501.799560546875,RoanCamp,2020-12-04,2020-12-04 09:09:50.188,09:09:50,66.05077688888885,24.169026955555566
468,457792.19,cam1-000-000468-0,7479715.695100924,322275.4135324848,501.5240478515625,RoanCamp,2020-12-04,2020-12-04 09:09:52.190,09:09:52,66.04721777777777,24.169905611111112
469,457794.192,cam1-000-000469-0,7479732.2920458,322281.07851251157,501.70245361328125,RoanCamp,2020-12-04,2020-12-04 09:09:54.192,09:09:54,66.0436586666667,24.170784266666658
470,457796.194,cam1-000-000470-0,7479748.925717818,322285.85041281185,501.735107421875,RoanCamp,2020-12-04,2020-12-04 09:09:56.194,09:09:56,66.04009955555551,24.17166292222223
471,457798.863,cam1-000-000471-0,7479769.422632853,322291.47283952776,501.48175048828125,RoanCamp,2020-12-04,2020-12-04 09:09:58.863,09:09:58,66.03535466666663,24.172834316666673
472,457800.198,cam1-000-000472-0,7479779.707578761,322294.3290086478,501.50994873046875,RoanCamp,2020-12-04,2020-12-04 09:10:00.198,09:10:00,66.03298133333337,24.17342023333332
473,457802.2,cam1-000-000473-0,7479794.889100297,322298.5570212804,501.62939453125,RoanCamp,2020-12-04,2020-12-04 09:10:02.200,09:10:02,66.0294222222222,24.174298888888895
474,457804.202,cam1-000-000474-0,7479808.450697113,322295.79693472,502.1735534667969,RoanCamp,2020-12-04,2020-12-04 09:10:04.202,09:10:04,66.02586311111112,24.17517754444444
475,457806.338,cam1-000-000475-0,7479809.827956209,322293.12506111676,502.0616760253906,RoanCamp,2020-12-04,2020-12-04 09:10:06.338,09:10:06,66.0220657777778,24.176115011111108
476,457808.74,cam1-000-000476-0,7479809.459986616,322286.99212966504,501.48382568359375,RoanCamp,2020-12-04,2020-12-04 09:10:08.740,09:10:08,66.01779555555557,24.17716922222222
477,457810.208,cam1-000-000477-0,7479808.9908435065,322277.54801753425,501.0213317871094,RoanCamp,2020-12-04,2020-12-04 09:10:10.208,09:10:10,66.0151857777778,24.177813511111104
478,457812.21,cam1-000-000478-0,7479807.212662727,322259.659280983,500.874267578125,RoanCamp,2020-12-04,2020-12-04 09:10:12.210,09:10:12,66.01162666666663,24.178692166666675
479,457814.212,cam1-000-000479-0,7479805.2687225975,322241.55474560737,500.6683654785156,RoanCamp,2020-12-04,2020-12-04 09:10:14.212,09:10:14,66.00806755555556,24.17957082222222
480,457816.214,cam1-000-000480-0,7479803.555842972,322224.8108277368,500.6263732910156,RoanCamp,2020-12-04,2020-12-04 09:10:16.214,09:10:16,66.00450844444448,24.180449477777767
481,457818.883,cam1-000-000481-0,7479801.191643709,322203.32725218916,500.52178955078125,RoanCamp,2020-12-04,2020-12-04 09:10:18.883,09:10:18,65.9997635555556,24.18162087222221
482,457820.218,cam1-000-000482-0,7479799.786137607,322192.56137425057,500.4791259765625,RoanCamp,2020-12-04,2020-12-04 09:10:20.218,09:10:20,65.99739022222224,24.182206788888887
483,457822.22,cam1-000-000483-0,7479797.867460469,322176.2604115221,500.4201354980469,RoanCamp,2020-12-04,2020-12-04 09:10:22.220,09:10:22,65.99383111111116,24.183085444444433
484,457824.222,cam1-000-000484-0,7479795.97576824,322160.5759516588,500.4408264160156,RoanCamp,2020-12-04,2020-12-04 09:10:24.222,09:10:24,65.99027199999998,24.183964100000004
485,457826.357,cam1-000-000485-0,7479795.2088655,322146.67175801203,500.6373596191406,RoanCamp,2020-12-04,2020-12-04 09:10:26.357,09:10:26,65.9864764444444,24.184901127777785
486,457828.76,cam1-000-000486-0,7479795.6580178775,322145.215398384,500.2059326171875,RoanCamp,2020-12-04,2020-12-04 09:10:28.760,09:10:28,65.98220444444442,24.18595577777778
487,457830.228,cam1-000-000487-0,7479793.712075321,322139.2009571033,500.5295104980469,RoanCamp,2020-12-04,2020-12-04 09:10:30.228,09:10:30,65.97959466666666,24.186600066666667
488,457832.23,cam1-000-000488-0,7479791.3263477,322123.17615185445,500.7976989746094,RoanCamp,2020-12-04,2020-12-04 09:10:32.230,09:10:32,65.97603555555558,24.187478722222213
489,457834.232,cam1-000-000489-0,7479789.636348631,322105.99441060115,500.8341979980469,RoanCamp,2020-12-04,2020-12-04 09:10:34.232,09:10:34,65.97247644444441,24.188357377777784
490,457836.234,cam1-000-000490-0,7479787.785479197,322089.61426330206,500.7835693359375,RoanCamp,2020-12-04,2020-12-04 09:10:36.234,09:10:36,65.96891733333334,24.18923603333333
491,457838.903,cam1-000-000491-0,7479785.366851144,322067.89511906134,500.79168701171875,RoanCamp,2020-12-04,2020-12-04 09:10:38.903,09:10:38,65.96417244444446,24.190407427777775
492,457840.238,cam1-000-000492-0,7479784.061127653,322057.2699456802,500.707275390625,RoanCamp,2020-12-04,2020-12-04 09:10:40.238,09:10:40,65.96179911111109,24.19099334444445
493,457842.24,cam1-000-000493-0,7479782.033930582,322041.58908298874,500.7432861328125,RoanCamp,2020-12-04,2020-12-04 09:10:42.240,09:10:42,65.95824000000002,24.191871999999996
494,457844.242,cam1-000-000494-0,7479780.31775544,322025.87972620747,500.8794250488281,RoanCamp,2020-12-04,2020-12-04 09:10:44.242,09:10:44,65.95468088888883,24.192750655555567
495,457846.377,cam1-000-000495-0,7479778.361037951,322008.93222922203,500.9234619140625,RoanCamp,2020-12-04,2020-12-04 09:10:46.377,09:10:46,65.95088533333336,24.193687683333323
496,457848.78,cam1-000-000496-0,7479776.08138336,321989.7807535083,500.8515625,RoanCamp,2020-12-04,2020-12-04 09:10:48.780,09:10:48,65.94661333333327,24.194742333333345
497,457850.248,cam1-000-000497-0,7479774.564953607,321977.64753297437,500.845703125,RoanCamp,2020-12-04,2020-12-04 09:10:50.248,09:10:50,65.94400355555551,24.19538662222223
498,457852.25,cam1-000-000498-0,7479772.674685558,321961.54486747074,500.8164367675781,RoanCamp,2020-12-04,2020-12-04 09:10:52.250,09:10:52,65.94044444444444,24.196265277777776
499,457854.252,cam1-000-000499-0,7479770.867392155,321945.47976751596,500.8012390136719,RoanCamp,2020-12-04,2020-12-04 09:10:54.252,09:10:54,65.93688533333336,24.197143933333322
500,457856.788,cam1-000-000500-0,7479768.566925228,321924.98398672097,500.7999267578125,RoanCamp,2020-12-04,2020-12-04 09:10:56.788,09:10:56,65.93237688888888,24.198256955555557
501,457858.256,cam1-000-000501-0,7479767.150427955,321912.91673190973,500.81854248046875,RoanCamp,2020-12-04,2020-12-04 09:10:58.256,09:10:58,65.92976711111112,24.198901244444443
502,457860.258,cam1-000-000502-0,7479765.3071040325,321897.064353234,500.7689208984375,RoanCamp,2020-12-04,2020-12-04 09:11:00.258,09:11:00,65.92620800000005,24.19977989999999
503,457862.26,cam1-000-000503-0,7479763.4407766685,321881.25685830344,500.7710266113281,RoanCamp,2020-12-04,2020-12-04 09:11:02.260,09:11:02,65.92264888888887,24.20065855555556
504,457864.395,cam1-000-000504-0,7479761.343296175,321864.18226376746,500.7587890625,RoanCamp,2020-12-04,2020-12-04 09:11:04.395,09:11:04,65.9188533333333,24.20159558333334
505,457866.798,cam1-000-000505-0,7479759.1988934865,321845.11472789536,500.7848815917969,RoanCamp,2020-12-04,2020-12-04 09:11:06.798,09:11:06,65.91458133333332,24.202650233333337
506,457868.266,cam1-000-000506-0,7479757.909280375,321833.2522002427,500.7667541503906,RoanCamp,2020-12-04,2020-12-04 09:11:08.266,09:11:08,65.91197155555554,24.203294522222222
507,457870.268,cam1-000-000507-0,7479755.996509137,321817.6582641606,500.8041687011719,RoanCamp,2020-12-04,2020-12-04 09:11:10.268,09:11:10,65.90841244444448,24.20417317777777
508,457872.27,cam1-000-000508-0,7479754.070916493,321801.91543321195,500.8738708496094,RoanCamp,2020-12-04,2020-12-04 09:11:12.270,09:11:12,65.90485333333329,24.205051833333343
509,457874.806,cam1-000-000509-0,7479751.768601723,321781.73721780936,500.8194274902344,RoanCamp,2020-12-04,2020-12-04 09:11:14.806,09:11:14,65.90034488888891,24.20616485555555
510,457876.274,cam1-000-000510-0,7479750.32749871,321769.8232695436,500.7486572265625,RoanCamp,2020-12-04,2020-12-04 09:11:16.274,09:11:16,65.89773511111115,24.206809144444435
511,457878.276,cam1-000-000511-0,7479748.410356081,321753.9602005691,500.7240295410156,RoanCamp,2020-12-04,2020-12-04 09:11:18.276,09:11:18,65.89417599999997,24.207687800000006
512,457880.278,cam1-000-000512-0,7479746.73488413,321738.15789985156,500.6929626464844,RoanCamp,2020-12-04,2020-12-04 09:11:20.278,09:11:20,65.8906168888889,24.20856645555555
513,457882.814,cam1-000-000513-0,7479744.445108135,321718.1194410395,500.60174560546875,RoanCamp,2020-12-04,2020-12-04 09:11:22.814,09:11:22,65.88610844444442,24.209679477777783
514,457884.282,cam1-000-000514-0,7479743.106645187,321706.2797047347,500.5439147949219,RoanCamp,2020-12-04,2020-12-04 09:11:24.282,09:11:24,65.88349866666665,24.21032376666667
515,457886.284,cam1-000-000515-0,7479741.234212937,321690.68089667463,500.38372802734375,RoanCamp,2020-12-04,2020-12-04 09:11:26.284,09:11:26,65.87993955555558,24.211202422222215
516,457888.286,cam1-000-000516-0,7479739.351954481,321674.8767778354,500.4033203125,RoanCamp,2020-12-04,2020-12-04 09:11:28.286,09:11:28,65.87638044444441,24.212081077777786
517,457890.288,cam1-000-000517-0,7479737.419814384,321658.9819611106,500.6573486328125,RoanCamp,2020-12-04,2020-12-04 09:11:30.288,09:11:30,65.87282133333333,24.212959733333335
518,457892.823,cam1-000-000518-0,7479734.947582411,321638.5502598448,501.11151123046875,RoanCamp,2020-12-04,2020-12-04 09:11:32.823,09:11:32,65.8683146666667,24.214072316666655
519,457894.292,cam1-000-000519-0,7479733.255075116,321626.09012105386,501.1097106933594,RoanCamp,2020-12-04,2020-12-04 09:11:34.292,09:11:34,65.86570311111107,24.214717044444452
520,457896.294,cam1-000-000520-0,7479731.517922924,321610.15369559533,501.25714111328125,RoanCamp,2020-12-04,2020-12-04 09:11:36.294,09:11:36,65.862144,24.215595699999998
521,457898.162,cam1-000-000521-0,7479729.713463398,321595.3040896121,501.2555847167969,RoanCamp,2020-12-04,2020-12-04 09:11:38.162,09:11:38,65.85882311111109,24.216415544444448
522,457900.831,cam1-000-000522-0,7479727.221348466,321573.6823846566,501.25665283203125,RoanCamp,2020-12-04,2020-12-04 09:11:40.831,09:11:40,65.85407822222221,24.217586938888893
523,457902.166,cam1-000-000523-0,7479725.898783879,321562.97853684856,501.1977233886719,RoanCamp,2020-12-04,2020-12-04 09:11:42.166,09:11:42,65.85170488888883,24.21817285555557
524,457904.168,cam1-000-000524-0,7479724.018712461,321547.19447973865,500.9908752441406,RoanCamp,2020-12-04,2020-12-04 09:11:44.168,09:11:44,65.84814577777776,24.219051511111115
525,457906.17,cam1-000-000525-0,7479722.113950163,321531.6255488007,500.8172607421875,RoanCamp,2020-12-04,2020-12-04 09:11:46.170,09:11:46,65.84458666666669,24.21993016666666
526,457908.839,cam1-000-000526-0,7479719.948656052,321510.4149168908,500.6078186035156,RoanCamp,2020-12-04,2020-12-04 09:11:48.839,09:11:48,65.8398417777778,24.2211015611111
527,457910.174,cam1-000-000527-0,7479718.697862144,321499.81999207824,500.5317687988281,RoanCamp,2020-12-04,2020-12-04 09:11:50.174,09:11:50,65.83746844444444,24.221687477777778
528,457912.176,cam1-000-000528-0,7479716.669358521,321484.03164823423,500.50128173828125,RoanCamp,2020-12-04,2020-12-04 09:11:52.176,09:11:52,65.83390933333337,24.222566133333324
529,457914.178,cam1-000-000529-0,7479714.863537917,321468.19083022827,500.46337890625,RoanCamp,2020-12-04,2020-12-04 09:11:54.178,09:11:54,65.8303502222222,24.223444788888894
530,457916.847,cam1-000-000530-0,7479712.331137799,321446.7066977696,500.47894287109375,RoanCamp,2020-12-04,2020-12-04 09:11:56.847,09:11:56,65.82560533333331,24.224616183333335
531,457918.182,cam1-000-000531-0,7479711.046229797,321435.9862174106,500.44146728515625,RoanCamp,2020-12-04,2020-12-04 09:11:58.182,09:11:58,65.82323200000005,24.225202099999986
532,457920.184,cam1-000-000532-0,7479709.196605016,321420.19325803634,500.4361877441406,RoanCamp,2020-12-04,2020-12-04 09:12:00.184,09:12:00,65.81967288888887,24.226080755555557
533,457922.186,cam1-000-000533-0,7479707.409692103,321404.5280112376,500.6390380859375,RoanCamp,2020-12-04,2020-12-04 09:12:02.186,09:12:02,65.8161137777778,24.226959411111107
534,457924.321,cam1-000-000534-0,7479705.564687816,321387.5865838559,500.8282165527344,RoanCamp,2020-12-04,2020-12-04 09:12:04.321,09:12:04,65.81231822222223,24.227896438888887
535,457926.724,cam1-000-000535-0,7479703.312926385,321368.7951735716,500.8329162597656,RoanCamp,2020-12-04,2020-12-04 09:12:06.724,09:12:06,65.80804622222225,24.228951088888884
536,457928.192,cam1-000-000536-0,7479702.015283354,321356.962211547,500.954833984375,RoanCamp,2020-12-04,2020-12-04 09:12:08.192,09:12:08,65.80543644444447,24.22959537777777
537,457930.194,cam1-000-000537-0,7479700.2091746405,321341.0810601527,500.8838806152344,RoanCamp,2020-12-04,2020-12-04 09:12:10.194,09:12:10,65.8018773333333,24.23047403333334
538,457932.196,cam1-000-000538-0,7479698.159073473,321325.2707839585,500.7760009765625,RoanCamp,2020-12-04,2020-12-04 09:12:12.196,09:12:12,65.79831822222222,24.231352688888887
539,457934.865,cam1-000-000539-0,7479695.516899991,321303.6956490368,500.86181640625,RoanCamp,2020-12-04,2020-12-04 09:12:14.865,09:12:14,65.79357333333334,24.232524083333328
540,457936.2,cam1-000-000540-0,7479694.262616983,321292.8205714292,500.82086181640625,RoanCamp,2020-12-04,2020-12-04 09:12:16.200,09:12:16,65.79119999999998,24.233110000000003
541,457938.202,cam1-000-000541-0,7479692.358019051,321276.84954221884,500.8097839355469,RoanCamp,2020-12-04,2020-12-04 09:12:18.202,09:12:18,65.7876408888889,24.23398865555555
542,457940.204,cam1-000-000542-0,7479690.5833223,321260.96036776155,500.9261474609375,RoanCamp,2020-12-04,2020-12-04 09:12:20.204,09:12:20,65.78408177777773,24.234867311111124
543,457942.339,cam1-000-000543-0,7479688.421671276,321243.74490427854,500.80474853515625,RoanCamp,2020-12-04,2020-12-04 09:12:22.339,09:12:22,65.78028622222226,24.23580433888888
544,457944.875,cam1-000-000544-0,7479685.972994152,321223.651653888,500.8315124511719,RoanCamp,2020-12-04,2020-12-04 09:12:24.875,09:12:24,65.77577777777778,24.23691736111111
545,457946.21,cam1-000-000545-0,7479684.779171846,321212.97811085486,500.8287048339844,RoanCamp,2020-12-04,2020-12-04 09:12:26.210,09:12:26,65.77340444444441,24.237503277777787
546,457948.212,cam1-000-000546-0,7479683.102852363,321197.273225936,500.7507019042969,RoanCamp,2020-12-04,2020-12-04 09:12:28.212,09:12:28,65.76984533333334,24.238381933333333
547,457950.214,cam1-000-000547-0,7479681.183552399,321181.4815102474,500.6778259277344,RoanCamp,2020-12-04,2020-12-04 09:12:30.214,09:12:30,65.76628622222226,24.23926058888888
548,457952.883,cam1-000-000548-0,7479678.616596123,321159.9218153062,500.6976013183594,RoanCamp,2020-12-04,2020-12-04 09:12:32.883,09:12:32,65.76154133333338,24.24043198333332
549,457954.218,cam1-000-000549-0,7479677.3927713465,321149.2334961074,500.6995849609375,RoanCamp,2020-12-04,2020-12-04 09:12:34.218,09:12:34,65.759168,24.241017899999996
550,457956.22,cam1-000-000550-0,7479675.483393339,321133.46494681615,500.7451477050781,RoanCamp,2020-12-04,2020-12-04 09:12:36.220,09:12:36,65.75560888888893,24.24189655555554
551,457958.222,cam1-000-000551-0,7479673.6463712435,321117.6228396053,500.74530029296875,RoanCamp,2020-12-04,2020-12-04 09:12:38.222,09:12:38,65.75204977777776,24.242775211111116
552,457960.891,cam1-000-000552-0,7479671.126770835,321096.15587177605,500.7867126464844,RoanCamp,2020-12-04,2020-12-04 09:12:40.891,09:12:40,65.74730488888888,24.243946605555557
553,457962.226,cam1-000-000553-0,7479669.97102494,321085.47239822627,500.84893798828125,RoanCamp,2020-12-04,2020-12-04 09:12:42.226,09:12:42,65.74493155555551,24.244532522222233
554,457964.228,cam1-000-000554-0,7479668.161629765,321069.6258074129,500.87664794921875,RoanCamp,2020-12-04,2020-12-04 09:12:44.228,09:12:44,65.74137244444444,24.24541117777778
555,457966.23,cam1-000-000555-0,7479666.415030835,321053.917575426,500.84375,RoanCamp,2020-12-04,2020-12-04 09:12:46.230,09:12:46,65.73781333333336,24.246289833333325
556,457968.365,cam1-000-000556-0,7479664.368258125,321036.83598934807,500.8940124511719,RoanCamp,2020-12-04,2020-12-04 09:12:48.365,09:12:48,65.7340177777778,24.247226861111105
557,457970.768,cam1-000-000557-0,7479662.101032174,321017.7930295705,500.9075927734375,RoanCamp,2020-12-04,2020-12-04 09:12:50.768,09:12:50,65.72974577777781,24.248281511111102
558,457972.236,cam1-000-000558-0,7479660.824984119,321005.90331910487,500.9113464355469,RoanCamp,2020-12-04,2020-12-04 09:12:52.236,09:12:52,65.72713600000004,24.248925799999988
559,457974.238,cam1-000-000559-0,7479659.121620929,320990.3316194959,500.86572265625,RoanCamp,2020-12-04,2020-12-04 09:12:54.238,09:12:54,65.72357688888886,24.249804455555562
560,457976.24,cam1-000-000560-0,7479657.26002595,320974.5848973326,500.8672180175781,RoanCamp,2020-12-04,2020-12-04 09:12:56.240,09:12:56,65.72001777777778,24.25068311111111
561,457978.909,cam1-000-000561-0,7479654.878754787,320953.02080854867,500.675537109375,RoanCamp,2020-12-04,2020-12-04 09:12:58.909,09:12:58,65.7152728888889,24.25185450555555
562,457980.244,cam1-000-000562-0,7479653.68851986,320942.53980297915,500.6661071777344,RoanCamp,2020-12-04,2020-12-04 09:13:00.244,09:13:00,65.71289955555554,24.252440422222225
563,457982.246,cam1-000-000563-0,7479651.805190618,320926.9442982334,500.5489196777344,RoanCamp,2020-12-04,2020-12-04 09:13:02.246,09:13:02,65.70934044444446,24.25331907777777
564,457984.248,cam1-000-000564-0,7479649.902853977,320911.2185209803,500.5672912597656,RoanCamp,2020-12-04,2020-12-04 09:13:04.248,09:13:04,65.70578133333329,24.254197733333342
565,457986.917,cam1-000-000565-0,7479647.410607098,320889.8642331768,500.62188720703125,RoanCamp,2020-12-04,2020-12-04 09:13:06.917,09:13:06,65.70103644444441,24.255369127777783
566,457988.252,cam1-000-000566-0,7479646.176830247,320879.19931789313,500.6666564941406,RoanCamp,2020-12-04,2020-12-04 09:13:08.252,09:13:08,65.69866311111114,24.255955044444434
567,457990.254,cam1-000-000567-0,7479644.283001845,320863.37257002946,500.74481201171875,RoanCamp,2020-12-04,2020-12-04 09:13:10.254,09:13:10,65.69510399999997,24.256833700000005
568,457992.256,cam1-000-000568-0,7479642.339672213,320847.44198262936,500.71282958984375,RoanCamp,2020-12-04,2020-12-04 09:13:12.256,09:13:12,65.6915448888889,24.25771235555555
569,457994.791,cam1-000-000569-0,7479639.814315289,320826.9848719495,500.81829833984375,RoanCamp,2020-12-04,2020-12-04 09:13:14.791,09:13:14,65.68703822222217,24.2588249388889
570,457996.26,cam1-000-000570-0,7479638.422071954,320815.608381478,500.8775939941406,RoanCamp,2020-12-04,2020-12-04 09:13:16.260,09:13:16,65.68442666666665,24.25946966666667
571,457998.262,cam1-000-000571-0,7479636.45315217,320799.2016452658,500.91632080078125,RoanCamp,2020-12-04,2020-12-04 09:13:18.262,09:13:18,65.68086755555558,24.260348322222217
572,458000.263,cam1-000-000572-0,7479634.624953339,320783.40211974183,500.8999328613281,RoanCamp,2020-12-04,2020-12-04 09:13:20.263,09:13:20,65.67731022222226,24.261226538888877
573,458002.399,cam1-000-000573-0,7479632.633208366,320766.4655916968,500.90234375,RoanCamp,2020-12-04,2020-12-04 09:13:22.399,09:13:22,65.67351288888892,24.262164005555544
574,458004.801,cam1-000-000574-0,7479630.40197704,320747.7956137736,500.82635498046875,RoanCamp,2020-12-04,2020-12-04 09:13:24.801,09:13:24,65.6692426666667,24.263218216666658
575,458006.269,cam1-000-000575-0,7479629.098955948,320736.0315555687,500.7894287109375,RoanCamp,2020-12-04,2020-12-04 09:13:26.269,09:13:26,65.66663288888894,24.263862505555544
576,458008.271,cam1-000-000576-0,7479627.376803642,320720.40331665555,500.7776184082031,RoanCamp,2020-12-04,2020-12-04 09:13:28.271,09:13:28,65.66307377777775,24.264741161111115
577,458010.273,cam1-000-000577-0,7479625.673178647,320704.69980514894,500.7913818359375,RoanCamp,2020-12-04,2020-12-04 09:13:30.273,09:13:30,65.65951466666668,24.26561981666666
578,458012.809,cam1-000-000578-0,7479623.293944707,320684.55028395355,500.7416687011719,RoanCamp,2020-12-04,2020-12-04 09:13:32.809,09:13:32,65.6550062222222,24.266732838888892
579,458014.277,cam1-000-000579-0,7479621.825759631,320672.6322982213,500.7924499511719,RoanCamp,2020-12-04,2020-12-04 09:13:34.277,09:13:34,65.65239644444443,24.267377127777777
580,458016.279,cam1-000-000580-0,7479620.0332225,320656.89380344795,500.8844909667969,RoanCamp,2020-12-04,2020-12-04 09:13:36.279,09:13:36,65.64883733333336,24.268255783333323
581,458018.281,cam1-000-000581-0,7479618.159329804,320641.1519165464,500.8149719238281,RoanCamp,2020-12-04,2020-12-04 09:13:38.281,09:13:38,65.64527822222219,24.269134438888898
582,458020.283,cam1-000-000582-0,7479616.20535814,320625.32536207547,500.8384704589844,RoanCamp,2020-12-04,2020-12-04 09:13:40.283,09:13:40,65.64171911111112,24.270013094444444
583,458022.819,cam1-000-000583-0,7479613.826877134,320605.06518407067,500.8943176269531,RoanCamp,2020-12-04,2020-12-04 09:13:42.819,09:13:42,65.63721066666663,24.271126116666675
584,458024.287,cam1-000-000584-0,7479612.453703538,320593.1139808524,500.86663818359375,RoanCamp,2020-12-04,2020-12-04 09:13:44.287,09:13:44,65.63460088888887,24.27177040555556
585,458026.289,cam1-000-000585-0,7479610.60064404,320577.3401100553,500.8115539550781,RoanCamp,2020-12-04,2020-12-04 09:13:46.289,09:13:46,65.6310417777778,24.272649061111107
586,458028.291,cam1-000-000586-0,7479608.711914856,320561.5742102943,500.7049560546875,RoanCamp,2020-12-04,2020-12-04 09:13:48.291,09:13:48,65.62748266666662,24.273527716666678
587,458030.827,cam1-000-000587-0,7479606.38911647,320541.2955486139,500.7079162597656,RoanCamp,2020-12-04,2020-12-04 09:13:50.827,09:13:50,65.62297422222224,24.274640738888884
588,458032.295,cam1-000-000588-0,7479605.074081338,320529.2670241027,500.67120361328125,RoanCamp,2020-12-04,2020-12-04 09:13:52.295,09:13:52,65.62036444444448,24.27528502777777
589,458034.297,cam1-000-000589-0,7479603.283755148,320513.3503841206,500.683837890625,RoanCamp,2020-12-04,2020-12-04 09:13:54.297,09:13:54,65.61680533333329,24.27616368333334
590,458036.299,cam1-000-000590-0,7479601.44769424,320497.3492882835,500.6932678222656,RoanCamp,2020-12-04,2020-12-04 09:13:56.299,09:13:56,65.61324622222222,24.277042338888887
591,458038.835,cam1-000-000591-0,7479599.151451679,320476.88687558635,500.6752014160156,RoanCamp,2020-12-04,2020-12-04 09:13:58.835,09:13:58,65.60873777777773,24.27815536111112
592,458040.17,cam1-000-000592-0,7479597.926882009,320466.1354201037,500.682861328125,RoanCamp,2020-12-04,2020-12-04 09:14:00.170,09:14:00,65.60636444444447,24.27874127777777
593,458042.172,cam1-000-000593-0,7479596.041711908,320450.35631768475,500.67156982421875,RoanCamp,2020-12-04,2020-12-04 09:14:02.172,09:14:02,65.6028053333333,24.279619933333343
594,458044.174,cam1-000-000594-0,7479594.133535512,320434.59604959656,500.5583801269531,RoanCamp,2020-12-04,2020-12-04 09:14:04.174,09:14:04,65.59924622222222,24.28049858888889
595,458046.309,cam1-000-000595-0,7479592.112520952,320417.54362879024,500.4484558105469,RoanCamp,2020-12-04,2020-12-04 09:14:06.309,09:14:06,65.59545066666665,24.28143561666667
596,458048.845,cam1-000-000596-0,7479589.802417203,320397.9314474886,500.4496154785156,RoanCamp,2020-12-04,2020-12-04 09:14:08.845,09:14:08,65.59094222222227,24.282548638888876
597,458050.18,cam1-000-000597-0,7479590.307402311,320388.86427345243,500.42486572265625,RoanCamp,2020-12-04,2020-12-04 09:14:10.180,09:14:10,65.5885688888889,24.283134555555552
598,458052.182,cam1-000-000598-0,7479592.334519996,320383.77440893446,500.24444580078125,RoanCamp,2020-12-04,2020-12-04 09:14:12.182,09:14:12,65.58500977777783,24.2840132111111
599,458055.518,cam1-000-000599-0,7479602.244036853,320384.79696683836,500.5487060546875,RoanCamp,2020-12-04,2020-12-04 09:14:15.518,09:14:15,65.57907911111114,24.285477344444438
600,458056.186,cam1-000-000600-0,7479607.581538321,320384.68400950474,500.57818603515625,RoanCamp,2020-12-04,2020-12-04 09:14:16.186,09:14:16,65.57789155555558,24.285770522222215
601,458058.188,cam1-000-000601-0,7479624.76769324,320384.9173770128,500.9206237792969,RoanCamp,2020-12-04,2020-12-04 09:14:18.188,09:14:18,65.5743324444444,24.28664917777779
602,458060.19,cam1-000-000602-0,7479641.468692559,320386.3138404066,501.0044250488281,RoanCamp,2020-12-04,2020-12-04 09:14:20.190,09:14:20,65.57077333333332,24.287527833333336
603,458062.192,cam1-000-000603-0,7479657.734787358,320387.4298647329,500.9750061035156,RoanCamp,2020-12-04,2020-12-04 09:14:22.192,09:14:22,65.56721422222225,24.28840648888888
604,458064.861,cam1-000-000604-0,7479679.3574533,320388.597852685,500.9900207519531,RoanCamp,2020-12-04,2020-12-04 09:14:24.861,09:14:24,65.56246933333337,24.289577883333322
605,458066.196,cam1-000-000605-0,7479689.849246244,320389.5226009375,501.00421142578125,RoanCamp,2020-12-04,2020-12-04 09:14:26.196,09:14:26,65.560096,24.2901638
606,458068.198,cam1-000-000606-0,7479702.73342818,320394.6381342343,501.3247985839844,RoanCamp,2020-12-04,2020-12-04 09:14:28.198,09:14:28,65.55653688888893,24.291042455555544
607,458070.2,cam1-000-000607-0,7479703.737836203,320398.76274272817,501.1734924316406,RoanCamp,2020-12-04,2020-12-04 09:14:30.200,09:14:30,65.55297777777776,24.291921111111115
608,458073.269,cam1-000-000608-0,7479705.49972221,320406.7029871391,500.6318359375,RoanCamp,2020-12-04,2020-12-04 09:14:33.269,09:14:33,65.54752177777783,24.2932680611111
609,458074.204,cam1-000-000609-0,7479706.971861716,320413.69720416714,500.5416259765625,RoanCamp,2020-12-04,2020-12-04 09:14:34.204,09:14:34,65.54585955555551,24.293678422222232
610,458076.206,cam1-000-000610-0,7479709.326575549,320430.90982973063,500.8487854003906,RoanCamp,2020-12-04,2020-12-04 09:14:36.206,09:14:36,65.54230044444444,24.29455707777778
611,458078.208,cam1-000-000611-0,7479711.0061654765,320447.47561349336,501.22357177734375,RoanCamp,2020-12-04,2020-12-04 09:14:38.208,09:14:38,65.53874133333336,24.295435733333328
612,458080.21,cam1-000-000612-0,7479712.902004887,320463.62959443685,501.4683837890625,RoanCamp,2020-12-04,2020-12-04 09:14:40.210,09:14:40,65.53518222222218,24.2963143888889
613,458082.879,cam1-000-000613-0,7479715.346213683,320485.27211909916,501.7002868652344,RoanCamp,2020-12-04,2020-12-04 09:14:42.879,09:14:42,65.5304373333333,24.29748578333334
614,458084.214,cam1-000-000614-0,7479716.682306042,320496.03108903894,501.76287841796875,RoanCamp,2020-12-04,2020-12-04 09:14:44.214,09:14:44,65.52806400000003,24.29807169999999
615,458086.216,cam1-000-000615-0,7479718.60602311,320511.896203335,501.82073974609375,RoanCamp,2020-12-04,2020-12-04 09:14:46.216,09:14:46,65.52450488888886,24.29895035555556
616,458088.218,cam1-000-000616-0,7479720.567760974,320527.7383279946,501.85693359375,RoanCamp,2020-12-04,2020-12-04 09:14:48.218,09:14:48,65.52094577777778,24.299829011111107
617,458090.887,cam1-000-000617-0,7479722.850372542,320548.57275916036,501.9316101074219,RoanCamp,2020-12-04,2020-12-04 09:14:50.887,09:14:50,65.5162008888889,24.30100040555555
618,458092.221,cam1-000-000618-0,7479723.520196949,320554.69656049507,501.8449401855469,RoanCamp,2020-12-04,2020-12-04 09:14:52.221,09:14:52,65.51382933333329,24.301585883333342
619,458094.223,cam1-000-000619-0,7479725.810122011,320565.02959465666,501.451416015625,RoanCamp,2020-12-04,2020-12-04 09:14:54.223,09:14:54,65.51027022222222,24.302464538888888
620,458096.225,cam1-000-000620-0,7479735.367816323,320580.13102818537,501.10418701171875,RoanCamp,2020-12-04,2020-12-04 09:14:56.225,09:14:56,65.50671111111114,24.303343194444434
621,458098.361,cam1-000-000621-0,7479751.027692692,320600.6769784688,500.7593994140625,RoanCamp,2020-12-04,2020-12-04 09:14:58.361,09:14:58,65.50291377777782,24.3042806611111
622,458100.763,cam1-000-000622-0,7479769.599448197,320625.1095722846,500.8216552734375,RoanCamp,2020-12-04,2020-12-04 09:15:00.763,09:15:00,65.49864355555559,24.30533487222221
623,458102.231,cam1-000-000623-0,7479782.351947451,320640.6675972932,500.8291015625,RoanCamp,2020-12-04,2020-12-04 09:15:02.231,09:15:02,65.49603377777773,24.305979161111125
624,458104.233,cam1-000-000624-0,7479800.090460125,320662.62645618874,500.9096984863281,RoanCamp,2020-12-04,2020-12-04 09:15:04.233,09:15:04,65.49247466666665,24.30685781666667
625,458106.235,cam1-000-000625-0,7479817.979492493,320684.6437982111,501.0005798339844,RoanCamp,2020-12-04,2020-12-04 09:15:06.235,09:15:06,65.48891555555558,24.307736472222217
626,458108.771,cam1-000-000626-0,7479840.414921069,320712.4632829281,501.087890625,RoanCamp,2020-12-04,2020-12-04 09:15:08.771,09:15:08,65.4844071111111,24.30884949444445
627,458110.239,cam1-000-000627-0,7479853.650867486,320728.86912533815,501.0829162597656,RoanCamp,2020-12-04,2020-12-04 09:15:10.239,09:15:10,65.48179733333333,24.309493783333334
628,458112.241,cam1-000-000628-0,7479871.326120479,320750.5676351647,500.9231872558594,RoanCamp,2020-12-04,2020-12-04 09:15:12.241,09:15:12,65.47823822222226,24.31037243888888
629,458114.243,cam1-000-000629-0,7479888.963245485,320772.0178255975,500.8375244140625,RoanCamp,2020-12-04,2020-12-04 09:15:14.243,09:15:14,65.47467911111107,24.31125109444445
630,458116.913,cam1-000-000630-0,7479915.0514640305,320799.3817630972,500.74212646484375,RoanCamp,2020-12-04,2020-12-04 09:15:16.913,09:15:16,65.46993244444444,24.312422927777778
631,458118.247,cam1-000-000631-0,7479929.082094559,320811.91039002093,500.6018371582031,RoanCamp,2020-12-04,2020-12-04 09:15:18.247,09:15:18,65.46756088888893,24.313008405555543
632,458120.249,cam1-000-000632-0,7479950.220777197,320829.9954160712,500.40106201171875,RoanCamp,2020-12-04,2020-12-04 09:15:20.249,09:15:20,65.46400177777775,24.313887061111117
633,458122.251,cam1-000-000633-0,7479971.963794463,320848.09671178187,500.2261657714844,RoanCamp,2020-12-04,2020-12-04 09:15:22.251,09:15:22,65.46044266666668,24.314765716666663
634,458124.921,cam1-000-000634-0,7480001.861039745,320873.24816486595,500.10113525390625,RoanCamp,2020-12-04,2020-12-04 09:15:24.921,09:15:24,65.45569600000005,24.315937549999987
635,458126.255,cam1-000-000635-0,7480015.901420418,320885.0644258604,499.9962463378906,RoanCamp,2020-12-04,2020-12-04 09:15:26.255,09:15:26,65.45332444444443,24.31652302777778
636,458128.257,cam1-000-000636-0,7480038.64181749,320904.4586885751,499.80303955078125,RoanCamp,2020-12-04,2020-12-04 09:15:28.257,09:15:28,65.44976533333336,24.317401683333326
637,458130.259,cam1-000-000637-0,7480060.372623891,320923.23112224904,499.7408752441406,RoanCamp,2020-12-04,2020-12-04 09:15:30.259,09:15:30,65.44620622222219,24.318280338888897
638,458132.395,cam1-000-000638-0,7480083.945592212,320943.6642330326,499.64154052734375,RoanCamp,2020-12-04,2020-12-04 09:15:32.395,09:15:32,65.44240888888885,24.319217805555564
639,458134.797,cam1-000-000639-0,7480110.304228216,320966.4599263441,499.7404479980469,RoanCamp,2020-12-04,2020-12-04 09:15:34.797,09:15:34,65.43813866666663,24.320272016666674
640,458136.265,cam1-000-000640-0,7480127.00161775,320980.97080928157,499.7696228027344,RoanCamp,2020-12-04,2020-12-04 09:15:36.265,09:15:36,65.43552888888885,24.32091630555556
641,458138.267,cam1-000-000641-0,7480147.597117826,320999.30709208443,500.2607727050781,RoanCamp,2020-12-04,2020-12-04 09:15:38.267,09:15:38,65.4319697777778,24.321794961111106
642,458140.269,cam1-000-000642-0,7480168.024450524,321017.11553784506,500.3893737792969,RoanCamp,2020-12-04,2020-12-04 09:15:40.269,09:15:40,65.42841066666672,24.322673616666652
643,458142.805,cam1-000-000643-0,7480194.858313749,321040.17531804537,500.6061096191406,RoanCamp,2020-12-04,2020-12-04 09:15:42.805,09:15:42,65.42390222222222,24.323786638888887
644,458144.273,cam1-000-000644-0,7480209.963534491,321053.31905858713,500.7546081542969,RoanCamp,2020-12-04,2020-12-04 09:15:44.273,09:15:44,65.42129244444446,24.324430927777772
645,458146.275,cam1-000-000645-0,7480231.88752983,321072.3724784052,500.9870300292969,RoanCamp,2020-12-04,2020-12-04 09:15:46.275,09:15:46,65.41773333333329,24.325309583333343
646,458148.277,cam1-000-000646-0,7480252.749459351,321090.3337117539,501.1828308105469,RoanCamp,2020-12-04,2020-12-04 09:15:48.277,09:15:48,65.41417422222221,24.32618823888889
647,458150.279,cam1-000-000647-0,7480273.617902333,321108.3646552769,501.39068603515625,RoanCamp,2020-12-04,2020-12-04 09:15:50.279,09:15:50,65.41061511111114,24.327066894444435
648,458152.815,cam1-000-000648-0,7480300.188656947,321131.3243281314,501.4278259277344,RoanCamp,2020-12-04,2020-12-04 09:15:52.815,09:15:52,65.40610666666666,24.328179916666667
649,458154.283,cam1-000-000649-0,7480315.934802251,321144.8743097284,501.26483154296875,RoanCamp,2020-12-04,2020-12-04 09:15:54.283,09:15:54,65.4034968888889,24.328824205555552
650,458156.285,cam1-000-000650-0,7480336.93584865,321163.0229994796,501.0268249511719,RoanCamp,2020-12-04,2020-12-04 09:15:56.285,09:15:56,65.39993777777782,24.329702861111098
651,458158.287,cam1-000-000651-0,7480358.023813561,321181.21223630046,500.9592590332031,RoanCamp,2020-12-04,2020-12-04 09:15:58.287,09:15:58,65.39637866666665,24.330581516666673
652,458160.823,cam1-000-000652-0,7480385.181663636,321204.57906489784,500.8223571777344,RoanCamp,2020-12-04,2020-12-04 09:16:00.823,09:16:00,65.39187022222227,24.33169453888888
653,458162.291,cam1-000-000653-0,7480400.405428117,321217.73619073833,500.7118835449219,RoanCamp,2020-12-04,2020-12-04 09:16:02.291,09:16:02,65.38926044444439,24.33233882777779
654,458164.293,cam1-000-000654-0,7480422.311066303,321236.73246283026,500.6762390136719,RoanCamp,2020-12-04,2020-12-04 09:16:04.293,09:16:04,65.38570133333332,24.333217483333335
655,458166.295,cam1-000-000655-0,7480443.545089855,321255.19264785515,500.67144775390625,RoanCamp,2020-12-04,2020-12-04 09:16:06.295,09:16:06,65.38214222222224,24.33409613888888
656,458168.297,cam1-000-000656-0,7480464.405400874,321273.43023778684,500.75262451171875,RoanCamp,2020-12-04,2020-12-04 09:16:08.297,09:16:08,65.37858311111107,24.334974794444452
657,458170.833,cam1-000-000657-0,7480491.413041189,321296.8396004813,500.9411926269531,RoanCamp,2020-12-04,2020-12-04 09:16:10.833,09:16:10,65.37407466666669,24.33608781666666
658,458172.301,cam1-000-000658-0,7480507.79804559,321310.68682179565,500.89007568359375,RoanCamp,2020-12-04,2020-12-04 09:16:12.301,09:16:12,65.37146488888892,24.336732105555544
659,458174.303,cam1-000-000659-0,7480529.3241743995,321328.84352755063,499.5632019042969,RoanCamp,2020-12-04,2020-12-04 09:16:14.303,09:16:14,65.36790577777775,24.33761076111112
660,458176.305,cam1-000-000660-0,7480552.647490083,321344.5786698897,497.59246826171875,RoanCamp,2020-12-04,2020-12-04 09:16:16.305,09:16:16,65.36434666666668,24.338489416666665
661,458178.841,cam1-000-000661-0,7480582.766971273,321364.38630806666,494.6497802734375,RoanCamp,2020-12-04,2020-12-04 09:16:18.841,09:16:18,65.3598382222222,24.339602438888896
662,458180.176,cam1-000-000662-0,7480598.706293265,321374.73805194075,492.7629089355469,RoanCamp,2020-12-04,2020-12-04 09:16:20.176,09:16:20,65.35746488888893,24.340188355555547
663,458182.177,cam1-000-000663-0,7480622.377969766,321390.0247369484,490.0813293457031,RoanCamp,2020-12-04,2020-12-04 09:16:22.177,09:16:22,65.35390755555551,24.341066572222232
664,458184.179,cam1-000-000664-0,7480645.944734403,321405.1735584398,487.2818603515625,RoanCamp,2020-12-04,2020-12-04 09:16:24.179,09:16:24,65.35034844444444,24.341945227777778
665,458186.315,cam1-000-000665-0,7480670.994244913,321421.5342368128,484.29083251953125,RoanCamp,2020-12-04,2020-12-04 09:16:26.315,09:16:26,65.3465511111111,24.342882694444445
666,458188.851,cam1-000-000666-0,7480701.444976447,321441.13153322984,480.69769287109375,RoanCamp,2020-12-04,2020-12-04 09:16:28.851,09:16:28,65.34204266666661,24.343995716666676
667,458190.719,cam1-000-000667-0,7480724.513752965,321455.61805171496,477.9135437011719,RoanCamp,2020-12-04,2020-12-04 09:16:30.719,09:16:30,65.3387217777778,24.344815561111105
668,458192.187,cam1-000-000668-0,7480741.502020082,321466.4598838163,475.674560546875,RoanCamp,2020-12-04,2020-12-04 09:16:32.187,09:16:32,65.33611200000004,24.34545984999999
669,458194.189,cam1-000-000669-0,7480765.204647997,321481.73543558235,472.6161193847656,RoanCamp,2020-12-04,2020-12-04 09:16:34.189,09:16:34,65.33255288888886,24.34633850555556
670,458196.859,cam1-000-000670-0,7480797.537052285,321502.3176376484,468.6283874511719,RoanCamp,2020-12-04,2020-12-04 09:16:36.859,09:16:36,65.32780622222222,24.34751033888889
671,458198.193,cam1-000-000671-0,7480813.44228567,321512.3354317822,466.5813903808594,RoanCamp,2020-12-04,2020-12-04 09:16:38.193,09:16:38,65.32543466666661,24.348095816666678
672,458200.195,cam1-000-000672-0,7480836.687230983,321527.1814716804,463.7193603515625,RoanCamp,2020-12-04,2020-12-04 09:16:40.195,09:16:40,65.32187555555554,24.348974472222224
673,458202.197,cam1-000-000673-0,7480859.176274085,321541.42609650246,460.14776611328125,RoanCamp,2020-12-04,2020-12-04 09:16:42.197,09:16:42,65.31831644444446,24.34985312777777
674,458204.333,cam1-000-000674-0,7480882.05153531,321556.0953163415,454.9974670410156,RoanCamp,2020-12-04,2020-12-04 09:16:44.333,09:16:44,65.31451911111114,24.350790594444437
675,458206.869,cam1-000-000675-0,7480906.721325226,321572.10567427165,448.9479675292969,RoanCamp,2020-12-04,2020-12-04 09:16:46.869,09:16:46,65.31001066666666,24.351903616666668
676,458208.203,cam1-000-000676-0,7480919.703126438,321580.39647119393,445.71075439453125,RoanCamp,2020-12-04,2020-12-04 09:16:48.203,09:16:48,65.30763911111114,24.352489094444437
677,458210.205,cam1-000-000677-0,7480939.134433163,321593.4753584997,440.93115234375,RoanCamp,2020-12-04,2020-12-04 09:16:50.205,09:16:50,65.30407999999997,24.353367750000007
678,458427.354,cam1-001-000000-0,7481056.576856164,321696.1047316486,413.9284362792969,RoanCamp,2020-12-04,2020-12-04 09:20:27.354,09:20:27,64.91803733333334,24.44867203333333
679,458428.689,cam1-001-000001-0,7481055.989187092,321693.1670456865,416.967529296875,RoanCamp,2020-12-04,2020-12-04 09:20:28.689,09:20:28,64.91566399999998,24.449257950000007
680,458430.691,cam1-001-000002-0,7481054.2906331085,321688.6913414488,421.4861145019531,RoanCamp,2020-12-04,2020-12-04 09:20:30.691,09:20:30,64.9121048888889,24.450136605555553
681,458432.693,cam1-001-000003-0,7481051.874140228,321682.7397303537,425.8004455566406,RoanCamp,2020-12-04,2020-12-04 09:20:32.693,09:20:32,64.90854577777772,24.451015261111124
682,458434.695,cam1-001-000004-0,7481046.605982361,321674.0051563502,429.91900634765625,RoanCamp,2020-12-04,2020-12-04 09:20:34.695,09:20:34,64.90498666666664,24.45189391666667
683,458437.364,cam1-001-000005-0,7481033.9459084235,321662.15317205735,435.6856384277344,RoanCamp,2020-12-04,2020-12-04 09:20:37.364,09:20:37,64.90024177777778,24.45306531111111
684,458438.699,cam1-001-000006-0,7481026.548560558,321655.2274383678,438.6040954589844,RoanCamp,2020-12-04,2020-12-04 09:20:38.699,09:20:38,64.8978684444444,24.453651227777787
685,458440.701,cam1-001-000007-0,7481014.65295663,321643.76410346595,442.8703918457031,RoanCamp,2020-12-04,2020-12-04 09:20:40.701,09:20:40,64.89430933333333,24.454529883333333
686,458442.703,cam1-001-000008-0,7481000.0569713395,321629.8224684077,447.107666015625,RoanCamp,2020-12-04,2020-12-04 09:20:42.703,09:20:42,64.89075022222225,24.45540853888888
687,458444.838,cam1-001-000009-0,7480982.183066574,321612.69316323206,451.5677795410156,RoanCamp,2020-12-04,2020-12-04 09:20:44.838,09:20:44,64.88695466666668,24.456345566666663
688,458447.374,cam1-001-000010-0,7480961.580844941,321592.5547279777,456.7741394042969,RoanCamp,2020-12-04,2020-12-04 09:20:47.374,09:20:47,64.8824462222222,24.457458588888894
689,458448.709,cam1-001-000011-0,7480950.236885407,321581.4644007874,459.6210021972656,RoanCamp,2020-12-04,2020-12-04 09:20:48.709,09:20:48,64.88007288888893,24.458044505555545
690,458450.711,cam1-001-000012-0,7480933.247365456,321564.90400446067,463.7962646484375,RoanCamp,2020-12-04,2020-12-04 09:20:50.711,09:20:50,64.87651377777776,24.458923161111116
691,458452.713,cam1-001-000013-0,7480915.752097644,321547.8884537015,468.08843994140625,RoanCamp,2020-12-04,2020-12-04 09:20:52.713,09:20:52,64.87295466666669,24.459801816666662
692,458455.382,cam1-001-000014-0,7480891.063946994,321523.9494093165,473.8926086425781,RoanCamp,2020-12-04,2020-12-04 09:20:55.382,09:20:55,64.8682097777778,24.460973211111103
693,458456.717,cam1-001-000015-0,7480878.488653583,321511.725189564,476.7674865722656,RoanCamp,2020-12-04,2020-12-04 09:20:56.717,09:20:56,64.86583644444444,24.46155912777778
694,458458.719,cam1-001-000016-0,7480859.836712115,321493.58196237596,479.7858581542969,RoanCamp,2020-12-04,2020-12-04 09:20:58.719,09:20:58,64.86227733333337,24.462437783333325
695,458460.721,cam1-001-000017-0,7480840.707135649,321475.12263944413,482.3809509277344,RoanCamp,2020-12-04,2020-12-04 09:21:00.721,09:21:00,64.85871822222218,24.463316438888896
696,458462.856,cam1-001-000018-0,7480820.033026254,321455.1393569018,485.3451232910156,RoanCamp,2020-12-04,2020-12-04 09:21:02.856,09:21:02,64.85492266666661,24.46425346666668
697,458465.259,cam1-001-000019-0,7480796.207922099,321432.15550767945,488.8912048339844,RoanCamp,2020-12-04,2020-12-04 09:21:05.259,09:21:05,64.85065066666662,24.465308116666677
698,458466.727,cam1-001-000020-0,7480781.652228861,321418.277871976,491.0292053222656,RoanCamp,2020-12-04,2020-12-04 09:21:06.727,09:21:06,64.84804088888886,24.465952405555562
699,458468.729,cam1-001-000021-0,7480761.279533407,321398.83013499604,494.0558776855469,RoanCamp,2020-12-04,2020-12-04 09:21:08.729,09:21:08,64.84448177777779,24.466831061111108
700,458470.731,cam1-001-000022-0,7480741.233801797,321379.55658981815,495.1982727050781,RoanCamp,2020-12-04,2020-12-04 09:21:10.731,09:21:10,64.84092266666661,24.46770971666668
701,458473.4,cam1-001-000023-0,7480714.153546575,321353.4538022131,495.4484558105469,RoanCamp,2020-12-04,2020-12-04 09:21:13.400,09:21:13,64.83617777777773,24.46888111111112
702,458474.735,cam1-001-000024-0,7480700.5067468975,321340.31163441535,495.5039367675781,RoanCamp,2020-12-04,2020-12-04 09:21:14.735,09:21:14,64.83380444444447,24.46946702777777
703,458476.737,cam1-001-000025-0,7480680.252339782,321320.8267284252,495.6379089355469,RoanCamp,2020-12-04,2020-12-04 09:21:16.737,09:21:16,64.8302453333333,24.470345683333342
704,458478.739,cam1-001-000026-0,7480659.957131522,321301.206733241,495.77691650390625,RoanCamp,2020-12-04,2020-12-04 09:21:18.739,09:21:18,64.82668622222222,24.471224338888888
705,458480.874,cam1-001-000027-0,7480637.865967188,321279.88162570045,495.7847900390625,RoanCamp,2020-12-04,2020-12-04 09:21:20.874,09:21:20,64.82289066666664,24.472161366666672
706,458483.277,cam1-001-000028-0,7480612.248437753,321255.1917043056,495.781982421875,RoanCamp,2020-12-04,2020-12-04 09:21:23.277,09:21:23,64.81861866666667,24.47321601666667
707,458484.745,cam1-001-000029-0,7480597.645920882,321240.8916896435,495.8101501464844,RoanCamp,2020-12-04,2020-12-04 09:21:24.745,09:21:24,64.81600888888889,24.473860305555554
708,458486.747,cam1-001-000030-0,7480577.323966006,321221.20926854725,495.88824462890625,RoanCamp,2020-12-04,2020-12-04 09:21:26.747,09:21:26,64.81244977777781,24.4747389611111
709,458488.749,cam1-001-000031-0,7480557.184329161,321201.6011635978,495.9491882324219,RoanCamp,2020-12-04,2020-12-04 09:21:28.749,09:21:28,64.80889066666664,24.47561761666667
710,458491.418,cam1-001-000032-0,7480529.844025362,321175.304745198,496.0621643066406,RoanCamp,2020-12-04,2020-12-04 09:21:31.418,09:21:31,64.80414577777776,24.476789011111112
711,458492.753,cam1-001-000033-0,7480516.210002754,321162.2844448001,496.0701599121094,RoanCamp,2020-12-04,2020-12-04 09:21:32.753,09:21:32,64.8017724444444,24.477374927777788
712,458494.755,cam1-001-000034-0,7480495.936537014,321142.907222169,496.0880432128906,RoanCamp,2020-12-04,2020-12-04 09:21:34.755,09:21:34,64.79821333333332,24.478253583333334
713,458496.757,cam1-001-000035-0,7480475.155352272,321123.11920508207,496.03143310546875,RoanCamp,2020-12-04,2020-12-04 09:21:36.757,09:21:36,64.79465422222225,24.47913223888888
714,458498.892,cam1-001-000036-0,7480452.504945872,321101.4587420746,496.01947021484375,RoanCamp,2020-12-04,2020-12-04 09:21:38.892,09:21:38,64.79085866666668,24.480069266666664
715,458501.294,cam1-001-000037-0,7480426.479886334,321076.6621935037,496.116455078125,RoanCamp,2020-12-04,2020-12-04 09:21:41.294,09:21:41,64.78658844444445,24.481123477777775
716,458502.763,cam1-001-000038-0,7480410.7066037785,321063.0677164615,496.1683654785156,RoanCamp,2020-12-04,2020-12-04 09:21:42.763,09:21:42,64.78397688888893,24.481768205555547
717,458504.765,cam1-001-000039-0,7480388.465582805,321044.5099252709,496.11712646484375,RoanCamp,2020-12-04,2020-12-04 09:21:44.765,09:21:44,64.78041777777776,24.482646861111117
718,458506.767,cam1-001-000040-0,7480365.397709051,321025.1028958303,496.1025085449219,RoanCamp,2020-12-04,2020-12-04 09:21:46.767,09:21:46,64.77685866666668,24.483525516666663
719,458509.302,cam1-001-000041-0,7480338.439062034,321002.29542439384,496.04010009765625,RoanCamp,2020-12-04,2020-12-04 09:21:49.302,09:21:49,64.77235199999996,24.484638100000012
720,458510.77,cam1-001-000042-0,7480321.831712443,320988.32005861145,495.9689636230469,RoanCamp,2020-12-04,2020-12-04 09:21:50.770,09:21:50,64.76974222222219,24.485282388888898
721,458512.772,cam1-001-000043-0,7480300.592880586,320970.3924398976,496.111083984375,RoanCamp,2020-12-04,2020-12-04 09:21:52.772,09:21:52,64.76618311111112,24.486161044444444
722,458514.774,cam1-001-000044-0,7480278.990106318,320952.20144692477,496.1834716796875,RoanCamp,2020-12-04,2020-12-04 09:21:54.774,09:21:54,64.76262400000005,24.48703969999999
723,458517.31,cam1-001-000045-0,7480251.604179712,320928.88295772835,496.0958557128906,RoanCamp,2020-12-04,2020-12-04 09:21:57.310,09:21:57,64.75811555555556,24.48815272222222
724,458518.778,cam1-001-000046-0,7480235.283994685,320914.9170747058,496.10076904296875,RoanCamp,2020-12-04,2020-12-04 09:21:58.778,09:21:58,64.75550577777778,24.488797011111107
725,458520.78,cam1-001-000047-0,7480213.56952762,320896.45586975984,496.0727233886719,RoanCamp,2020-12-04,2020-12-04 09:22:00.780,09:22:00,64.75194666666661,24.489675666666678
726,458522.782,cam1-001-000048-0,7480191.890339697,320878.2838721835,496.05316162109375,RoanCamp,2020-12-04,2020-12-04 09:22:02.782,09:22:02,64.74838755555554,24.490554322222224
727,458525.318,cam1-001-000049-0,7480164.283666648,320855.13593384123,495.99298095703125,RoanCamp,2020-12-04,2020-12-04 09:22:05.318,09:22:05,64.74387911111106,24.491667344444455
728,458526.786,cam1-001-000050-0,7480147.599016905,320841.2990352035,495.94586181640625,RoanCamp,2020-12-04,2020-12-04 09:22:06.786,09:22:06,64.74126933333329,24.492311633333344
729,458528.788,cam1-001-000051-0,7480125.735890923,320823.0384587903,495.8819885253906,RoanCamp,2020-12-04,2020-12-04 09:22:08.788,09:22:08,64.73771022222222,24.49319028888889
730,458530.79,cam1-001-000052-0,7480103.78702075,320804.4386672312,495.7820739746094,RoanCamp,2020-12-04,2020-12-04 09:22:10.790,09:22:10,64.73415111111115,24.494068944444436
731,458532.792,cam1-001-000053-0,7480081.731151806,320785.56143757614,495.66461181640625,RoanCamp,2020-12-04,2020-12-04 09:22:12.792,09:22:12,64.73059199999997,24.494947600000007
732,458535.328,cam1-001-000054-0,7480053.667157114,320761.4380579593,495.5057678222656,RoanCamp,2020-12-04,2020-12-04 09:22:15.328,09:22:15,64.72608355555559,24.496060622222213
733,458536.796,cam1-001-000055-0,7480036.84594325,320747.05465849664,495.4000549316406,RoanCamp,2020-12-04,2020-12-04 09:22:16.796,09:22:16,64.72347377777783,24.4967049111111
734,458538.798,cam1-001-000056-0,7480014.697838195,320728.12619695003,495.2541809082031,RoanCamp,2020-12-04,2020-12-04 09:22:18.798,09:22:18,64.71991466666665,24.49758356666667
735,458540.8,cam1-001-000057-0,7479992.679172153,320709.3488554435,495.1435852050781,RoanCamp,2020-12-04,2020-12-04 09:22:20.800,09:22:20,64.71635555555558,24.498462222222216
736,458543.336,cam1-001-000058-0,7479964.540324844,320685.39880668296,495.18017578125,RoanCamp,2020-12-04,2020-12-04 09:22:23.336,09:22:23,64.71184711111108,24.499575244444447
737,458544.804,cam1-001-000059-0,7479947.540452669,320671.01478764345,495.3030090332031,RoanCamp,2020-12-04,2020-12-04 09:22:24.804,09:22:24,64.70923733333332,24.500219533333336
738,458546.806,cam1-001-000060-0,7479925.229734483,320652.15486968437,495.4371337890625,RoanCamp,2020-12-04,2020-12-04 09:22:26.806,09:22:26,64.70567822222225,24.501098188888882
739,458548.808,cam1-001-000061-0,7479903.190787414,320633.2813563319,495.466552734375,RoanCamp,2020-12-04,2020-12-04 09:22:28.808,09:22:28,64.70211911111107,24.501976844444453
740,458551.344,cam1-001-000062-0,7479875.247639189,320609.34577520395,495.3223876953125,RoanCamp,2020-12-04,2020-12-04 09:22:31.344,09:22:31,64.69761066666669,24.50308986666666
741,458552.679,cam1-001-000063-0,7479860.33242916,320596.62516395876,495.2195739746094,RoanCamp,2020-12-04,2020-12-04 09:22:32.679,09:22:32,64.69523733333332,24.503675783333335
742,458554.681,cam1-001-000064-0,7479838.439951505,320577.9370160133,495.08819580078125,RoanCamp,2020-12-04,2020-12-04 09:22:34.681,09:22:34,64.69167822222225,24.50455443888888
743,458556.683,cam1-001-000065-0,7479816.5257766545,320559.185342749,494.9674072265625,RoanCamp,2020-12-04,2020-12-04 09:22:36.683,09:22:36,64.68811911111108,24.505433094444452
744,458559.352,cam1-001-000066-0,7479789.012153906,320535.5626234041,494.86431884765625,RoanCamp,2020-12-04,2020-12-04 09:22:39.352,09:22:39,64.6833742222222,24.506604488888893
745,458560.687,cam1-001-000067-0,7479775.331331367,320523.85205042467,494.73150634765625,RoanCamp,2020-12-04,2020-12-04 09:22:40.687,09:22:40,64.68100088888893,24.507190405555544
746,458562.689,cam1-001-000068-0,7479756.287317566,320507.4752776751,494.82861328125,RoanCamp,2020-12-04,2020-12-04 09:22:42.689,09:22:42,64.67744177777776,24.508069061111115
747,458564.691,cam1-001-000069-0,7479749.456080212,320500.31278614135,495.6703186035156,RoanCamp,2020-12-04,2020-12-04 09:22:44.691,09:22:44,64.67388266666669,24.50894771666666
748,458567.36,cam1-001-000070-0,7479753.420059069,320503.27918779646,499.6604309082031,RoanCamp,2020-12-04,2020-12-04 09:22:47.360,09:22:47,64.6691377777778,24.510119111111106
749,458568.695,cam1-001-000071-0,7479751.560801676,320502.04776379524,499.5772399902344,RoanCamp,2020-12-04,2020-12-04 09:22:48.695,09:22:48,64.66676444444442,24.51070502777778
750,458570.697,cam1-001-000072-0,7479745.269572407,320491.64276561124,499.49749755859375,RoanCamp,2020-12-04,2020-12-04 09:22:50.697,09:22:50,64.66320533333335,24.511583683333328
751,458572.699,cam1-001-000073-0,7479738.285279719,320475.950648563,499.8965148925781,RoanCamp,2020-12-04,2020-12-04 09:22:52.699,09:22:52,64.65964622222218,24.5124623388889
752,458574.701,cam1-001-000074-0,7479731.973424955,320460.61065845453,500.1575927734375,RoanCamp,2020-12-04,2020-12-04 09:22:54.701,09:22:54,64.6560871111111,24.513340994444444
753,458577.37,cam1-001-000075-0,7479723.114238339,320440.60937290586,500.1414794921875,RoanCamp,2020-12-04,2020-12-04 09:22:57.370,09:22:57,64.65134222222223,24.514512388888885
754,458578.705,cam1-001-000076-0,7479718.653770352,320430.57933514914,500.1000061035156,RoanCamp,2020-12-04,2020-12-04 09:22:58.705,09:22:58,64.64896888888886,24.51509830555556
755,458580.707,cam1-001-000077-0,7479712.192550577,320415.87623703084,500.08367919921875,RoanCamp,2020-12-04,2020-12-04 09:23:00.707,09:23:00,64.64540977777779,24.515976961111107
756,458582.709,cam1-001-000078-0,7479707.04795138,320410.68328343413,500.03741455078125,RoanCamp,2020-12-04,2020-12-04 09:23:02.709,09:23:02,64.64185066666671,24.516855616666653
757,458585.778,cam1-001-000079-0,7479707.504573543,320417.4252795895,499.5511169433594,RoanCamp,2020-12-04,2020-12-04 09:23:05.778,09:23:05,64.63639466666667,24.518202566666663
758,458586.713,cam1-001-000080-0,7479707.993058376,320420.604571781,499.3428955078125,RoanCamp,2020-12-04,2020-12-04 09:23:06.713,09:23:06,64.63473244444447,24.518612927777774
759,458588.715,cam1-001-000081-0,7479709.200883983,320434.2096419907,499.1605529785156,RoanCamp,2020-12-04,2020-12-04 09:23:08.715,09:23:08,64.63117333333328,24.519491583333345
760,458590.717,cam1-001-000082-0,7479711.141314805,320451.97707263706,499.30731201171875,RoanCamp,2020-12-04,2020-12-04 09:23:10.717,09:23:10,64.6276142222222,24.52037023888889
761,458592.719,cam1-001-000083-0,7479713.070046784,320469.431034963,499.42877197265625,RoanCamp,2020-12-04,2020-12-04 09:23:12.719,09:23:12,64.62405511111113,24.521248894444437
762,458595.388,cam1-001-000084-0,7479715.468823689,320490.63040689734,499.40826416015625,RoanCamp,2020-12-04,2020-12-04 09:23:15.388,09:23:15,64.61931022222225,24.522420288888878
763,458596.723,cam1-001-000085-0,7479716.922375931,320501.4506585379,499.36029052734375,RoanCamp,2020-12-04,2020-12-04 09:23:16.723,09:23:16,64.61693688888889,24.523006205555554
764,458598.725,cam1-001-000086-0,7479718.963454073,320517.36497179,499.33367919921875,RoanCamp,2020-12-04,2020-12-04 09:23:18.725,09:23:18,64.61337777777781,24.5238848611111
765,458600.726,cam1-001-000087-0,7479720.974756673,320533.3301560171,499.376953125,RoanCamp,2020-12-04,2020-12-04 09:23:20.726,09:23:20,64.6098204444444,24.524763077777788
766,458602.862,cam1-001-000088-0,7479723.136919353,320550.5952900318,499.342041015625,RoanCamp,2020-12-04,2020-12-04 09:23:22.862,09:23:22,64.60602311111107,24.525700544444454
767,458605.264,cam1-001-000089-0,7479725.490079078,320570.2469670084,499.26361083984375,RoanCamp,2020-12-04,2020-12-04 09:23:25.264,09:23:25,64.60175288888884,24.526754755555565
768,458606.732,cam1-001-000090-0,7479726.865005398,320581.598200188,499.2938232421875,RoanCamp,2020-12-04,2020-12-04 09:23:26.732,09:23:26,64.59914311111108,24.52739904444445
769,458608.734,cam1-001-000091-0,7479728.845352707,320597.3191143188,499.2798156738281,RoanCamp,2020-12-04,2020-12-04 09:23:28.734,09:23:28,64.595584,24.528277699999997
770,458610.736,cam1-001-000092-0,7479730.778369935,320613.66393189214,499.1280212402344,RoanCamp,2020-12-04,2020-12-04 09:23:30.736,09:23:30,64.59202488888893,24.529156355555543
771,458613.406,cam1-001-000093-0,7479733.294421472,320634.46783662436,499.1114501953125,RoanCamp,2020-12-04,2020-12-04 09:23:33.406,09:23:33,64.5872782222222,24.530328188888895
772,458614.74,cam1-001-000094-0,7479734.55844686,320645.25055165595,499.15264892578125,RoanCamp,2020-12-04,2020-12-04 09:23:34.740,09:23:34,64.58490666666668,24.530913666666663
773,458616.742,cam1-001-000095-0,7479736.410996904,320661.0327017306,499.2598571777344,RoanCamp,2020-12-04,2020-12-04 09:23:36.742,09:23:36,64.58134755555551,24.531792322222234
774,458618.744,cam1-001-000096-0,7479738.33424709,320676.76218651095,499.38079833984375,RoanCamp,2020-12-04,2020-12-04 09:23:38.744,09:23:38,64.57778844444444,24.53267097777778
775,458620.88,cam1-001-000097-0,7479740.438888741,320693.90919149644,499.5740051269531,RoanCamp,2020-12-04,2020-12-04 09:23:40.880,09:23:40,64.5739911111111,24.533608444444447
776,458623.282,cam1-001-000098-0,7479742.540815121,320713.5590709589,499.631591796875,RoanCamp,2020-12-04,2020-12-04 09:23:43.282,09:23:43,64.56972088888888,24.534662655555557
777,458624.75,cam1-001-000099-0,7479743.859007293,320724.882176107,499.6474609375,RoanCamp,2020-12-04,2020-12-04 09:23:44.750,09:23:44,64.5671111111111,24.535306944444443
778,458626.752,cam1-001-000100-0,7479745.69202996,320740.541031573,499.69647216796875,RoanCamp,2020-12-04,2020-12-04 09:23:46.752,09:23:46,64.56355200000003,24.53618559999999
779,458628.754,cam1-001-000101-0,7479747.597572437,320756.7137561965,499.7758483886719,RoanCamp,2020-12-04,2020-12-04 09:23:48.754,09:23:48,64.55999288888886,24.537064255555563
780,458631.29,cam1-001-000102-0,7479749.80506156,320776.8870028326,499.9354553222656,RoanCamp,2020-12-04,2020-12-04 09:23:51.290,09:23:51,64.55548444444447,24.53817727777777
781,458632.758,cam1-001-000103-0,7479751.224370833,320788.4019913841,500.0611877441406,RoanCamp,2020-12-04,2020-12-04 09:23:52.758,09:23:52,64.55287466666671,24.538821566666655
782,458634.76,cam1-001-000104-0,7479753.288164042,320804.4779330301,500.1933288574219,RoanCamp,2020-12-04,2020-12-04 09:23:54.760,09:23:54,64.54931555555554,24.539700222222226
783,458636.762,cam1-001-000105-0,7479755.2358907815,320820.47160676314,500.2052307128906,RoanCamp,2020-12-04,2020-12-04 09:23:56.762,09:23:56,64.54575644444446,24.540578877777772
784,458638.898,cam1-001-000106-0,7479757.171529753,320837.9137884588,500.3419494628906,RoanCamp,2020-12-04,2020-12-04 09:23:58.898,09:23:58,64.54195911111113,24.54151634444444
785,458641.3,cam1-001-000107-0,7479759.327586234,320857.4560624104,500.3277893066406,RoanCamp,2020-12-04,2020-12-04 09:24:01.300,09:24:01,64.53768888888891,24.54257055555555
786,458642.768,cam1-001-000108-0,7479760.61803274,320868.63973796426,500.2295837402344,RoanCamp,2020-12-04,2020-12-04 09:24:02.768,09:24:02,64.53507911111114,24.543214844444435
787,458644.77,cam1-001-000109-0,7479762.524040281,320883.98378092423,500.0101623535156,RoanCamp,2020-12-04,2020-12-04 09:24:04.770,09:24:04,64.53151999999996,24.544093500000006
788,458646.772,cam1-001-000110-0,7479764.619224636,320899.96627528255,499.67950439453125,RoanCamp,2020-12-04,2020-12-04 09:24:06.772,09:24:06,64.52796088888888,24.544972155555556
789,458649.308,cam1-001-000111-0,7479766.547524214,320920.2971374485,499.343505859375,RoanCamp,2020-12-04,2020-12-04 09:24:09.308,09:24:09,64.5234524444444,24.546085177777787
790,458650.776,cam1-001-000112-0,7479767.975735073,320931.533225771,499.3980407714844,RoanCamp,2020-12-04,2020-12-04 09:24:10.776,09:24:10,64.52084266666664,24.546729466666672
791,458652.778,cam1-001-000113-0,7479769.833167811,320947.40969278855,499.5574951171875,RoanCamp,2020-12-04,2020-12-04 09:24:12.778,09:24:12,64.51728355555557,24.54760812222222
792,458654.78,cam1-001-000114-0,7479771.571932121,320963.05265931634,499.5047912597656,RoanCamp,2020-12-04,2020-12-04 09:24:14.780,09:24:14,64.51372444444439,24.54848677777779
793,458657.316,cam1-001-000115-0,7479773.921211783,320983.040419351,499.3984069824219,RoanCamp,2020-12-04,2020-12-04 09:24:17.316,09:24:17,64.50921600000001,24.549599799999996
794,458658.784,cam1-001-000116-0,7479775.346704433,320995.0028950372,499.4613342285156,RoanCamp,2020-12-04,2020-12-04 09:24:18.784,09:24:18,64.50660622222225,24.55024408888888
795,458660.786,cam1-001-000117-0,7479777.270963604,321010.7571623118,499.58416748046875,RoanCamp,2020-12-04,2020-12-04 09:24:20.786,09:24:20,64.50304711111107,24.551122744444452
796,458662.788,cam1-001-000118-0,7479779.08217336,321026.5436165679,499.47637939453125,RoanCamp,2020-12-04,2020-12-04 09:24:22.788,09:24:22,64.499488,24.552001399999998
797,458664.79,cam1-001-000119-0,7479780.989673086,321042.84335479495,499.4101257324219,RoanCamp,2020-12-04,2020-12-04 09:24:24.790,09:24:24,64.49592888888893,24.552880055555544
798,458667.326,cam1-001-000120-0,7479783.470303031,321062.85831049754,499.2530822753906,RoanCamp,2020-12-04,2020-12-04 09:24:27.326,09:24:27,64.49142044444444,24.55399307777778
799,458668.794,cam1-001-000121-0,7479784.651781323,321074.19720088306,499.220947265625,RoanCamp,2020-12-04,2020-12-04 09:24:28.794,09:24:28,64.48881066666668,24.554637366666665
800,458670.796,cam1-001-000122-0,7479786.377098914,321089.9628264588,499.2204284667969,RoanCamp,2020-12-04,2020-12-04 09:24:30.796,09:24:30,64.4852515555556,24.55551602222221
801,458672.798,cam1-001-000123-0,7479788.276429284,321105.917687219,499.3685302734375,RoanCamp,2020-12-04,2020-12-04 09:24:32.798,09:24:32,64.48169244444442,24.55639467777778
802,458675.334,cam1-001-000124-0,7479790.910469856,321126.33604801993,499.5199279785156,RoanCamp,2020-12-04,2020-12-04 09:24:35.334,09:24:35,64.47718400000005,24.557507699999988
803,458676.802,cam1-001-000125-0,7479792.323961332,321138.5754555438,499.5291442871094,RoanCamp,2020-12-04,2020-12-04 09:24:36.802,09:24:36,64.47457422222217,24.5581519888889
804,458678.804,cam1-001-000126-0,7479794.217192359,321154.4505990864,499.4197082519531,RoanCamp,2020-12-04,2020-12-04 09:24:38.804,09:24:38,64.4710151111111,24.559030644444444
805,458680.806,cam1-001-000127-0,7479796.088067522,321170.19949005696,499.24041748046875,RoanCamp,2020-12-04,2020-12-04 09:24:40.806,09:24:40,64.46745600000003,24.55990929999999
806,458682.808,cam1-001-000128-0,7479798.039683217,321186.61518837506,499.1408996582031,RoanCamp,2020-12-04,2020-12-04 09:24:42.808,09:24:42,64.46389688888885,24.560787955555565
807,458685.344,cam1-001-000129-0,7479800.367548864,321206.88643909886,499.0376892089844,RoanCamp,2020-12-04,2020-12-04 09:24:45.344,09:24:45,64.45938844444447,24.56190097777777
808,458686.812,cam1-001-000130-0,7479801.691108147,321218.3325111638,499.0085144042969,RoanCamp,2020-12-04,2020-12-04 09:24:46.812,09:24:46,64.45677866666671,24.562545266666657
809,458688.814,cam1-001-000131-0,7479803.601240566,321234.0955985062,499.1437683105469,RoanCamp,2020-12-04,2020-12-04 09:24:48.814,09:24:48,64.45321955555553,24.563423922222228
810,458690.683,cam1-001-000132-0,7479805.47768284,321249.18014620704,499.2014465332031,RoanCamp,2020-12-04,2020-12-04 09:24:50.683,09:24:50,64.44989688888886,24.564244205555564
811,458693.352,cam1-001-000133-0,7479807.947017457,321270.5309312667,499.3026428222656,RoanCamp,2020-12-04,2020-12-04 09:24:53.352,09:24:53,64.44515199999998,24.565415600000005
812,458694.686,cam1-001-000134-0,7479809.054253429,321280.56869564555,499.346435546875,RoanCamp,2020-12-04,2020-12-04 09:24:54.686,09:24:54,64.44278044444447,24.56600107777777
813,458696.688,cam1-001-000135-0,7479810.877304731,321296.8533099302,499.40606689453125,RoanCamp,2020-12-04,2020-12-04 09:24:56.688,09:24:56,64.4392213333333,24.566879733333344
814,458698.69,cam1-001-000136-0,7479812.707439336,321312.65320224594,499.534912109375,RoanCamp,2020-12-04,2020-12-04 09:24:58.690,09:24:58,64.43566222222222,24.56775838888889
815,458700.826,cam1-001-000137-0,7479814.748355195,321329.87877109426,499.6285095214844,RoanCamp,2020-12-04,2020-12-04 09:25:00.826,09:25:00,64.43186488888888,24.568695855555557
816,458703.228,cam1-001-000138-0,7479816.854923346,321349.2674567681,499.6428527832031,RoanCamp,2020-12-04,2020-12-04 09:25:03.228,09:25:03,64.42759466666666,24.569750066666668
817,458704.696,cam1-001-000139-0,7479818.020756006,321360.83892599726,499.5802917480469,RoanCamp,2020-12-04,2020-12-04 09:25:04.696,09:25:04,64.4249848888889,24.570394355555553
818,458706.698,cam1-001-000140-0,7479819.821778336,321377.1732209646,499.5271911621094,RoanCamp,2020-12-04,2020-12-04 09:25:06.698,09:25:06,64.42142577777781,24.5712730111111
819,458708.7,cam1-001-000141-0,7479821.624830607,321392.9187806179,499.57513427734375,RoanCamp,2020-12-04,2020-12-04 09:25:08.700,09:25:08,64.41786666666664,24.57215166666667
820,458711.37,cam1-001-000142-0,7479824.143799275,321414.24652236886,499.501708984375,RoanCamp,2020-12-04,2020-12-04 09:25:11.370,09:25:11,64.41312,24.573323499999997
821,458712.704,cam1-001-000143-0,7479825.351974844,321424.24868054857,499.51654052734375,RoanCamp,2020-12-04,2020-12-04 09:25:12.704,09:25:12,64.4107484444444,24.57390897777779
822,458714.706,cam1-001-000144-0,7479827.172052204,321440.64800065325,499.5426330566406,RoanCamp,2020-12-04,2020-12-04 09:25:14.706,09:25:14,64.40718933333332,24.574787633333337
823,458716.708,cam1-001-000145-0,7479828.956617815,321456.3762105096,499.52545166015625,RoanCamp,2020-12-04,2020-12-04 09:25:16.708,09:25:16,64.40363022222225,24.575666288888883
824,458718.844,cam1-001-000146-0,7479830.9653076315,321473.3592436723,499.6192626953125,RoanCamp,2020-12-04,2020-12-04 09:25:18.844,09:25:18,64.39983288888892,24.576603755555546
825,458721.246,cam1-001-000147-0,7479833.26112327,321492.1976958064,499.71881103515625,RoanCamp,2020-12-04,2020-12-04 09:25:21.246,09:25:21,64.39556266666669,24.57765796666666
826,458722.714,cam1-001-000148-0,7479834.581947329,321503.54627058073,499.8995666503906,RoanCamp,2020-12-04,2020-12-04 09:25:22.714,09:25:22,64.39295288888893,24.578302255555545
827,458724.716,cam1-001-000149-0,7479836.554237252,321519.944537972,500.1588439941406,RoanCamp,2020-12-04,2020-12-04 09:25:24.716,09:25:24,64.38939377777776,24.579180911111116
828,458726.718,cam1-001-000150-0,7479838.41708781,321535.4982929514,500.2945556640625,RoanCamp,2020-12-04,2020-12-04 09:25:26.718,09:25:26,64.38583466666668,24.580059566666662
829,458729.388,cam1-001-000151-0,7479840.691883489,321556.61819345434,500.343994140625,RoanCamp,2020-12-04,2020-12-04 09:25:29.388,09:25:29,64.38108800000003,24.58123139999999
830,458730.722,cam1-001-000152-0,7479841.849837452,321566.50798387383,500.27960205078125,RoanCamp,2020-12-04,2020-12-04 09:25:30.722,09:25:30,64.37871644444442,24.581816877777783
831,458732.724,cam1-001-000153-0,7479843.607200356,321582.7392534559,500.1368408203125,RoanCamp,2020-12-04,2020-12-04 09:25:32.724,09:25:32,64.37515733333335,24.58269553333333
832,458734.726,cam1-001-000154-0,7479845.490938877,321598.4091960945,500.0909423828125,RoanCamp,2020-12-04,2020-12-04 09:25:34.726,09:25:34,64.37159822222218,24.5835741888889
833,458737.396,cam1-001-000155-0,7479847.905463364,321619.3622236959,500.13983154296875,RoanCamp,2020-12-04,2020-12-04 09:25:37.396,09:25:37,64.36685155555554,24.584746022222227
834,458738.73,cam1-001-000156-0,7479849.089379229,321630.1018512868,500.067138671875,RoanCamp,2020-12-04,2020-12-04 09:25:38.730,09:25:38,64.36448000000003,24.58533149999999
835,458740.732,cam1-001-000157-0,7479850.958946392,321645.84380528785,499.998291015625,RoanCamp,2020-12-04,2020-12-04 09:25:40.732,09:25:40,64.36092088888886,24.586210155555563
836,458742.734,cam1-001-000158-0,7479852.832727882,321662.28872585273,500.00927734375,RoanCamp,2020-12-04,2020-12-04 09:25:42.734,09:25:42,64.35736177777778,24.58708881111111
837,458745.404,cam1-001-000159-0,7479855.14677114,321683.3162745092,499.9183044433594,RoanCamp,2020-12-04,2020-12-04 09:25:45.404,09:25:45,64.35261511111115,24.588260644444436
838,458746.738,cam1-001-000160-0,7479856.39019423,321694.055084388,499.9010009765625,RoanCamp,2020-12-04,2020-12-04 09:25:46.738,09:25:46,64.35024355555554,24.588846122222225
839,458748.74,cam1-001-000161-0,7479858.292628351,321709.774422023,499.9449157714844,RoanCamp,2020-12-04,2020-12-04 09:25:48.740,09:25:48,64.34668444444446,24.58972477777777
840,458750.742,cam1-001-000162-0,7479860.141037442,321726.1638236741,499.9014587402344,RoanCamp,2020-12-04,2020-12-04 09:25:50.742,09:25:50,64.34312533333328,24.590603433333346
841,458753.411,cam1-001-000163-0,7479862.6510397885,321746.9120021423,499.9720153808594,RoanCamp,2020-12-04,2020-12-04 09:25:53.411,09:25:53,64.3383804444444,24.591774827777787
842,458754.746,cam1-001-000164-0,7479864.004326612,321757.674144799,499.96533203125,RoanCamp,2020-12-04,2020-12-04 09:25:54.746,09:25:54,64.33600711111113,24.592360744444438
843,458756.748,cam1-001-000165-0,7479865.7686767345,321773.47648581036,499.948974609375,RoanCamp,2020-12-04,2020-12-04 09:25:56.748,09:25:56,64.33244799999996,24.59323940000001
844,458758.75,cam1-001-000166-0,7479867.522627429,321789.29227899684,499.9093933105469,RoanCamp,2020-12-04,2020-12-04 09:25:58.750,09:25:58,64.32888888888888,24.594118055555555
845,458760.886,cam1-001-000167-0,7479869.602654661,321806.42621078715,499.9002380371094,RoanCamp,2020-12-04,2020-12-04 09:26:00.886,09:26:00,64.32509155555556,24.59505552222222
846,458763.288,cam1-001-000168-0,7479871.920628759,321825.97204363387,499.9561462402344,RoanCamp,2020-12-04,2020-12-04 09:26:03.288,09:26:03,64.32082133333333,24.596109733333332
847,458764.756,cam1-001-000169-0,7479873.286789055,321837.3758353819,500.0152893066406,RoanCamp,2020-12-04,2020-12-04 09:26:04.756,09:26:04,64.31821155555556,24.596754022222218
848,458766.758,cam1-001-000170-0,7479875.28012676,321853.0808093606,500.0506896972656,RoanCamp,2020-12-04,2020-12-04 09:26:06.758,09:26:06,64.31465244444449,24.597632677777764
849,458768.76,cam1-001-000171-0,7479877.285753679,321869.43042131,500.13726806640625,RoanCamp,2020-12-04,2020-12-04 09:26:08.760,09:26:08,64.31109333333332,24.598511333333338
850,458771.296,cam1-001-000172-0,7479879.421804639,321889.4808344124,500.1715393066406,RoanCamp,2020-12-04,2020-12-04 09:26:11.296,09:26:11,64.30658488888893,24.599624355555544
851,458772.764,cam1-001-000173-0,7479880.689140385,321900.80269710004,500.13507080078125,RoanCamp,2020-12-04,2020-12-04 09:26:12.764,09:26:12,64.30397511111107,24.600268644444455
852,458774.766,cam1-001-000174-0,7479882.558109935,321916.4953225963,500.1318359375,RoanCamp,2020-12-04,2020-12-04 09:26:14.766,09:26:14,64.300416,24.6011473
853,458776.768,cam1-001-000175-0,7479884.482895299,321932.9439429479,500.1721496582031,RoanCamp,2020-12-04,2020-12-04 09:26:16.768,09:26:16,64.29685688888893,24.602025955555547
854,458778.903,cam1-001-000176-0,7479886.43668149,321949.4822086724,500.2894592285156,RoanCamp,2020-12-04,2020-12-04 09:26:18.903,09:26:18,64.29306133333334,24.602962983333327
855,458781.306,cam1-001-000177-0,7479888.693020692,321969.0690216718,500.0744323730469,RoanCamp,2020-12-04,2020-12-04 09:26:21.306,09:26:21,64.28878933333337,24.604017633333324
856,458782.774,cam1-001-000178-0,7479889.8920219075,321980.41412650223,500.0567321777344,RoanCamp,2020-12-04,2020-12-04 09:26:22.774,09:26:22,64.28617955555559,24.60466192222221
857,458784.776,cam1-001-000179-0,7479891.6891079005,321996.2377142024,500.0059814453125,RoanCamp,2020-12-04,2020-12-04 09:26:24.776,09:26:24,64.28262044444442,24.605540577777784
858,458786.778,cam1-001-000180-0,7479893.720737582,322012.3800917597,500.1261291503906,RoanCamp,2020-12-04,2020-12-04 09:26:26.778,09:26:26,64.27906133333335,24.60641923333333
859,458789.314,cam1-001-000181-0,7479895.974794194,322032.624547272,500.4233703613281,RoanCamp,2020-12-04,2020-12-04 09:26:29.314,09:26:29,64.27455288888886,24.60753225555556
860,458790.782,cam1-001-000182-0,7479897.244890818,322043.9729483585,500.5017395019531,RoanCamp,2020-12-04,2020-12-04 09:26:30.782,09:26:30,64.2719431111111,24.608176544444447
861,458792.784,cam1-001-000183-0,7479899.183757808,322059.87258383376,500.4233703613281,RoanCamp,2020-12-04,2020-12-04 09:26:32.784,09:26:32,64.26838400000003,24.609055199999993
862,458794.786,cam1-001-000184-0,7479900.789855193,322076.3964565152,500.17022705078125,RoanCamp,2020-12-04,2020-12-04 09:26:34.786,09:26:34,64.26482488888885,24.609933855555564
863,458796.788,cam1-001-000185-0,7479902.706082156,322091.8260049763,499.8341979980469,RoanCamp,2020-12-04,2020-12-04 09:26:36.788,09:26:36,64.26126577777778,24.61081251111111
864,458799.324,cam1-001-000186-0,7479904.857009115,322111.95049715403,499.8404846191406,RoanCamp,2020-12-04,2020-12-04 09:26:39.324,09:26:39,64.2567573333333,24.61192553333334
865,458800.792,cam1-001-000187-0,7479906.162409639,322123.4102107658,499.81671142578125,RoanCamp,2020-12-04,2020-12-04 09:26:40.792,09:26:40,64.25414755555552,24.612569822222227
866,458802.794,cam1-001-000188-0,7479908.065322781,322139.0246029512,499.91619873046875,RoanCamp,2020-12-04,2020-12-04 09:26:42.794,09:26:42,64.25058844444445,24.613448477777773
867,458804.796,cam1-001-000189-0,7479909.926622959,322155.2765465147,500.0105895996094,RoanCamp,2020-12-04,2020-12-04 09:26:44.796,09:26:44,64.24702933333337,24.614327133333322
868,458807.332,cam1-001-000190-0,7479912.395531474,322175.34864743985,500.0880126953125,RoanCamp,2020-12-04,2020-12-04 09:26:47.332,09:26:47,64.24252088888889,24.615440155555554
869,458808.8,cam1-001-000191-0,7479913.811529216,322186.7518681103,500.17205810546875,RoanCamp,2020-12-04,2020-12-04 09:26:48.800,09:26:48,64.23991111111113,24.61608444444444
870,458810.802,cam1-001-000192-0,7479915.804786034,322202.4761662048,500.3457946777344,RoanCamp,2020-12-04,2020-12-04 09:26:50.802,09:26:50,64.23635199999995,24.61696310000001
871,458812.804,cam1-001-000193-0,7479917.7880138075,322218.8442003869,500.37139892578125,RoanCamp,2020-12-04,2020-12-04 09:26:52.804,09:26:52,64.23279288888888,24.617841755555556
872,458814.806,cam1-001-000194-0,7479919.471506974,322234.70047652244,500.2950744628906,RoanCamp,2020-12-04,2020-12-04 09:26:54.806,09:26:54,64.22923377777781,24.618720411111102
873,458817.342,cam1-001-000195-0,7479921.668135792,322255.332688192,500.3871154785156,RoanCamp,2020-12-04,2020-12-04 09:26:57.342,09:26:57,64.22472533333332,24.619833433333334
874,458818.81,cam1-001-000196-0,7479923.091346739,322266.92021561944,500.5601501464844,RoanCamp,2020-12-04,2020-12-04 09:26:58.810,09:26:58,64.22211555555556,24.62047772222222
875,458820.812,cam1-001-000197-0,7479925.1398576945,322282.65359234996,500.7476806640625,RoanCamp,2020-12-04,2020-12-04 09:27:00.812,09:27:00,64.21855644444449,24.621356377777765
876,458822.814,cam1-001-000198-0,7479927.0500530135,322298.8350698929,500.77685546875,RoanCamp,2020-12-04,2020-12-04 09:27:02.814,09:27:02,64.21499733333332,24.62223503333334
877,458825.35,cam1-001-000199-0,7479929.107037028,322318.68736859504,500.737060546875,RoanCamp,2020-12-04,2020-12-04 09:27:05.350,09:27:05,64.21048888888893,24.623348055555546
878,458826.818,cam1-001-000200-0,7479930.117923429,322328.5668194613,500.6811218261719,RoanCamp,2020-12-04,2020-12-04 09:27:06.818,09:27:06,64.20787911111105,24.623992344444456
879,458830.154,cam1-001-000201-0,7479931.350503332,322332.4682248402,500.07684326171875,RoanCamp,2020-12-04,2020-12-04 09:27:10.154,09:27:10,64.20194844444448,24.625456477777767
880,458830.688,cam1-001-000202-0,7479933.381401146,322332.6487134411,499.9227600097656,RoanCamp,2020-12-04,2020-12-04 09:27:10.688,09:27:10,64.20099911111107,24.625690844444453
881,458832.69,cam1-001-000203-0,7479947.310995612,322335.78903871914,499.4776306152344,RoanCamp,2020-12-04,2020-12-04 09:27:12.690,09:27:12,64.19744,24.6265695
882,458834.692,cam1-001-000204-0,7479964.284056699,322341.02874285507,499.5597229003906,RoanCamp,2020-12-04,2020-12-04 09:27:14.692,09:27:14,64.19388088888893,24.62744815555555
883,458836.694,cam1-001-000205-0,7479981.035057552,322346.5473433059,499.6529235839844,RoanCamp,2020-12-04,2020-12-04 09:27:16.694,09:27:16,64.19032177777774,24.62832681111112
884,458839.364,cam1-001-000206-0,7480001.568498058,322352.2313856171,499.6457824707031,RoanCamp,2020-12-04,2020-12-04 09:27:19.364,09:27:19,64.1855751111111,24.629498644444446
885,458840.698,cam1-001-000207-0,7480012.144657249,322354.8462942746,499.70733642578125,RoanCamp,2020-12-04,2020-12-04 09:27:20.698,09:27:20,64.1832035555556,24.63008412222221
886,458842.7,cam1-001-000208-0,7480027.721534811,322358.83199355885,499.8188781738281,RoanCamp,2020-12-04,2020-12-04 09:27:22.700,09:27:22,64.17964444444442,24.630962777777782
887,458844.702,cam1-001-000209-0,7480042.256532943,322359.0733745401,499.93377685546875,RoanCamp,2020-12-04,2020-12-04 09:27:24.702,09:27:24,64.17608533333335,24.631841433333328
888,458846.838,cam1-001-000210-0,7480047.108767571,322355.0170448748,500.0321044921875,RoanCamp,2020-12-04,2020-12-04 09:27:26.838,09:27:26,64.17228800000002,24.632778899999995
889,458849.24,cam1-001-000211-0,7480046.285546966,322350.76662130136,499.8426818847656,RoanCamp,2020-12-04,2020-12-04 09:27:29.240,09:27:29,64.16801777777779,24.633833111111105
890,458850.708,cam1-001-000212-0,7480045.334441951,322343.2781177892,500.0085754394531,RoanCamp,2020-12-04,2020-12-04 09:27:30.708,09:27:30,64.16540800000003,24.63447739999999
891,458852.71,cam1-001-000213-0,7480043.581245849,322326.0540741439,499.9449157714844,RoanCamp,2020-12-04,2020-12-04 09:27:32.710,09:27:32,64.16184888888885,24.635356055555565
892,458854.712,cam1-001-000214-0,7480042.042692002,322307.8165466052,499.74810791015625,RoanCamp,2020-12-04,2020-12-04 09:27:34.712,09:27:34,64.15828977777778,24.63623471111111
893,458856.714,cam1-001-000215-0,7480040.241953331,322291.1070665889,499.71282958984375,RoanCamp,2020-12-04,2020-12-04 09:27:36.714,09:27:36,64.15473066666671,24.637113366666657
894,458859.383,cam1-001-000216-0,7480037.68619309,322269.8615338197,499.6057434082031,RoanCamp,2020-12-04,2020-12-04 09:27:39.383,09:27:39,64.14998577777783,24.638284761111098
895,458860.718,cam1-001-000217-0,7480036.247452051,322258.98717954836,499.6599426269531,RoanCamp,2020-12-04,2020-12-04 09:27:40.718,09:27:40,64.14761244444445,24.638870677777774
896,458862.72,cam1-001-000218-0,7480034.06838871,322242.8603283739,499.448974609375,RoanCamp,2020-12-04,2020-12-04 09:27:42.720,09:27:42,64.14405333333337,24.63974933333332
897,458864.722,cam1-001-000219-0,7480031.90359019,322226.7687429237,499.17926025390625,RoanCamp,2020-12-04,2020-12-04 09:27:44.722,09:27:44,64.1404942222222,24.64062798888889
898,458866.857,cam1-001-000220-0,7480029.862111554,322209.6733635036,499.0428466796875,RoanCamp,2020-12-04,2020-12-04 09:27:46.857,09:27:46,64.13669866666663,24.641565016666675
899,458869.26,cam1-001-000221-0,7480027.552645594,322190.89966535254,499.02886962890625,RoanCamp,2020-12-04,2020-12-04 09:27:49.260,09:27:49,64.13242666666665,24.64261966666667
900,458870.728,cam1-001-000222-0,7480026.147607548,322179.0261263893,499.168212890625,RoanCamp,2020-12-04,2020-12-04 09:27:50.728,09:27:50,64.12981688888888,24.643263955555557
901,458872.73,cam1-001-000223-0,7480024.260729134,322163.2714735614,499.1707458496094,RoanCamp,2020-12-04,2020-12-04 09:27:52.730,09:27:52,64.12625777777781,24.644142611111103
902,458874.732,cam1-001-000224-0,7480022.191667933,322147.48447110597,499.1182861328125,RoanCamp,2020-12-04,2020-12-04 09:27:54.732,09:27:54,64.12269866666664,24.645021266666674
903,458877.401,cam1-001-000225-0,7480019.661406751,322126.1932655263,499.09375,RoanCamp,2020-12-04,2020-12-04 09:27:57.401,09:27:57,64.11795377777776,24.646192661111115
904,458878.736,cam1-001-000226-0,7480018.407467581,322115.5136274263,499.1428527832031,RoanCamp,2020-12-04,2020-12-04 09:27:58.736,09:27:58,64.11558044444449,24.646778577777766
905,458880.738,cam1-001-000227-0,7480016.495663447,322099.8586233176,499.1688232421875,RoanCamp,2020-12-04,2020-12-04 09:28:00.738,09:28:00,64.1120213333333,24.647657233333337
906,458882.74,cam1-001-000228-0,7480014.772612587,322084.196363716,499.1960754394531,RoanCamp,2020-12-04,2020-12-04 09:28:02.740,09:28:02,64.10846222222224,24.648535888888883
907,458885.409,cam1-001-000229-0,7480012.298953136,322062.7045060559,499.2521057128906,RoanCamp,2020-12-04,2020-12-04 09:28:05.409,09:28:05,64.10371733333336,24.649707283333328
908,458886.744,cam1-001-000230-0,7480011.0027829325,322051.93263271917,499.2340087890625,RoanCamp,2020-12-04,2020-12-04 09:28:06.744,09:28:06,64.10134399999998,24.650293200000004
909,458888.746,cam1-001-000231-0,7480009.194438012,322036.1375774679,499.1186218261719,RoanCamp,2020-12-04,2020-12-04 09:28:08.746,09:28:08,64.09778488888891,24.65117185555555
910,458890.748,cam1-001-000232-0,7480007.135564268,322020.4042701139,499.0839538574219,RoanCamp,2020-12-04,2020-12-04 09:28:10.748,09:28:10,64.09422577777774,24.65205051111112
911,458893.417,cam1-001-000233-0,7480004.625012066,321999.072390168,499.058349609375,RoanCamp,2020-12-04,2020-12-04 09:28:13.417,09:28:13,64.08948088888886,24.65322190555556
912,458894.752,cam1-001-000234-0,7480003.437857627,321988.3122791931,499.1037292480469,RoanCamp,2020-12-04,2020-12-04 09:28:14.752,09:28:14,64.08710755555559,24.653807822222213
913,458896.754,cam1-001-000235-0,7480001.502639048,321972.52147220983,498.9057312011719,RoanCamp,2020-12-04,2020-12-04 09:28:16.754,09:28:16,64.08354844444442,24.654686477777783
914,458898.756,cam1-001-000236-0,7479999.525783095,321956.53734088864,498.87579345703125,RoanCamp,2020-12-04,2020-12-04 09:28:18.756,09:28:18,64.07998933333334,24.65556513333333
915,458900.891,cam1-001-000237-0,7479997.644320328,321939.1372531201,498.78948974609375,RoanCamp,2020-12-04,2020-12-04 09:28:20.891,09:28:20,64.07619377777777,24.656502161111113
916,458903.294,cam1-001-000238-0,7479995.445664935,321920.1659056591,498.8906555175781,RoanCamp,2020-12-04,2020-12-04 09:28:23.294,09:28:23,64.07192177777779,24.657556811111107
917,458904.762,cam1-001-000239-0,7479994.011294216,321907.9591579274,498.87139892578125,RoanCamp,2020-12-04,2020-12-04 09:28:24.762,09:28:24,64.06931200000002,24.658201099999992
918,458906.764,cam1-001-000240-0,7479992.327158174,321892.1885242023,498.7867431640625,RoanCamp,2020-12-04,2020-12-04 09:28:26.764,09:28:26,64.06575288888884,24.659079755555567
919,458908.766,cam1-001-000241-0,7479990.280059155,321876.4125994552,498.8614501953125,RoanCamp,2020-12-04,2020-12-04 09:28:28.766,09:28:28,64.06219377777776,24.659958411111113
920,458911.435,cam1-001-000242-0,7479987.5691353,321854.9322816011,499.0330810546875,RoanCamp,2020-12-04,2020-12-04 09:28:31.435,09:28:31,64.05744888888889,24.661129805555554
921,458912.77,cam1-001-000243-0,7479986.321186515,321844.2075720056,499.0816345214844,RoanCamp,2020-12-04,2020-12-04 09:28:32.770,09:28:32,64.05507555555552,24.66171572222223
922,458914.772,cam1-001-000244-0,7479984.497989037,321828.4916985346,499.0444030761719,RoanCamp,2020-12-04,2020-12-04 09:28:34.772,09:28:34,64.05151644444445,24.662594377777776
923,458916.774,cam1-001-000245-0,7479982.447051004,321812.71830345696,499.0623474121094,RoanCamp,2020-12-04,2020-12-04 09:28:36.774,09:28:36,64.04795733333337,24.66347303333332
924,458918.776,cam1-001-000246-0,7479980.562757375,321797.0639421101,499.16998291015625,RoanCamp,2020-12-04,2020-12-04 09:28:38.776,09:28:38,64.0443982222222,24.664351688888893
925,458921.312,cam1-001-000247-0,7479978.362170445,321776.9310561698,499.2881164550781,RoanCamp,2020-12-04,2020-12-04 09:28:41.312,09:28:41,64.03988977777782,24.6654647111111
926,458922.78,cam1-001-000248-0,7479976.921947315,321764.93065349245,499.2852478027344,RoanCamp,2020-12-04,2020-12-04 09:28:42.780,09:28:42,64.03727999999995,24.666109000000013
927,458924.782,cam1-001-000249-0,7479974.919363176,321749.1029278707,499.2628479003906,RoanCamp,2020-12-04,2020-12-04 09:28:44.782,09:28:44,64.03372088888888,24.66698765555556
928,458926.784,cam1-001-000250-0,7479973.053800825,321733.24341432273,499.2758483886719,RoanCamp,2020-12-04,2020-12-04 09:28:46.784,09:28:46,64.0301617777778,24.667866311111105
929,458929.32,cam1-001-000251-0,7479970.691634851,321712.9559948196,499.3738098144531,RoanCamp,2020-12-04,2020-12-04 09:28:49.320,09:28:49,64.02565333333332,24.668979333333336
930,458930.788,cam1-001-000252-0,7479969.438627499,321700.8426998708,499.4686279296875,RoanCamp,2020-12-04,2020-12-04 09:28:50.788,09:28:50,64.02304355555555,24.669623622222222
931,458932.79,cam1-001-000253-0,7479967.627592964,321684.9818289273,499.5069580078125,RoanCamp,2020-12-04,2020-12-04 09:28:52.790,09:28:52,64.01948444444449,24.670502277777768
932,458934.792,cam1-001-000254-0,7479965.918592438,321669.160066064,499.5232238769531,RoanCamp,2020-12-04,2020-12-04 09:28:54.792,09:28:54,64.0159253333333,24.67138093333334
933,458937.327,cam1-001-000255-0,7479963.851363514,321649.0970156825,499.5883483886719,RoanCamp,2020-12-04,2020-12-04 09:28:57.327,09:28:57,64.01141866666669,24.672493516666663
934,458938.796,cam1-001-000256-0,7479962.422344636,321637.1147889921,499.5220947265625,RoanCamp,2020-12-04,2020-12-04 09:28:58.796,09:28:58,64.00880711111115,24.67313824444443
935,458940.798,cam1-001-000257-0,7479960.604981242,321621.3951818701,499.42901611328125,RoanCamp,2020-12-04,2020-12-04 09:29:00.798,09:29:00,64.00524799999998,24.674016900000005
936,458942.8,cam1-001-000258-0,7479958.772588272,321605.67094984243,499.3104248046875,RoanCamp,2020-12-04,2020-12-04 09:29:02.800,09:29:02,64.0016888888889,24.67489555555555
937,458945.335,cam1-001-000259-0,7479956.430283086,321585.65723720315,499.35748291015625,RoanCamp,2020-12-04,2020-12-04 09:29:05.335,09:29:05,63.997182222222186,24.676008138888896
938,458946.804,cam1-001-000260-0,7479955.1857754495,321574.28368017625,499.38592529296875,RoanCamp,2020-12-04,2020-12-04 09:29:06.804,09:29:06,63.99457066666666,24.676652866666668
939,458948.806,cam1-001-000261-0,7479953.284743493,321557.74007540126,499.3351745605469,RoanCamp,2020-12-04,2020-12-04 09:29:08.806,09:29:08,63.99101155555559,24.677531522222214
940,458950.808,cam1-001-000262-0,7479951.442798425,321541.882909399,499.3768310546875,RoanCamp,2020-12-04,2020-12-04 09:29:10.808,09:29:10,63.98745244444441,24.678410177777785
941,458952.81,cam1-001-000263-0,7479949.509836801,321526.0068505639,499.371337890625,RoanCamp,2020-12-04,2020-12-04 09:29:12.810,09:29:12,63.983893333333334,24.67928883333333
942,458955.345,cam1-001-000264-0,7479947.165523792,321505.8411340193,499.4537353515625,RoanCamp,2020-12-04,2020-12-04 09:29:15.345,09:29:15,63.97938666666671,24.680401416666655
943,458956.813,cam1-001-000265-0,7479945.859853821,321493.8831523256,499.4881286621094,RoanCamp,2020-12-04,2020-12-04 09:29:16.813,09:29:16,63.97677688888884,24.681045705555565
944,458958.815,cam1-001-000266-0,7479944.010021581,321478.216368811,499.5141296386719,RoanCamp,2020-12-04,2020-12-04 09:29:18.815,09:29:18,63.97321777777777,24.68192436111111
945,458960.817,cam1-001-000267-0,7479942.190701382,321462.4646756633,499.5969543457031,RoanCamp,2020-12-04,2020-12-04 09:29:20.817,09:29:20,63.969658666666696,24.682803016666657
946,458963.353,cam1-001-000268-0,7479939.852717365,321442.1639895757,499.5272521972656,RoanCamp,2020-12-04,2020-12-04 09:29:23.353,09:29:23,63.96515022222221,24.68391603888889
947,458964.688,cam1-001-000269-0,7479938.665342538,321431.35215395037,499.52459716796875,RoanCamp,2020-12-04,2020-12-04 09:29:24.688,09:29:24,63.96277688888885,24.684501955555564
948,458966.69,cam1-001-000270-0,7479936.957064141,321415.4912826908,499.544921875,RoanCamp,2020-12-04,2020-12-04 09:29:26.690,09:29:26,63.95921777777777,24.68538061111111
949,458968.825,cam1-001-000271-0,7479934.7479808135,321398.6629231118,499.5040283203125,RoanCamp,2020-12-04,2020-12-04 09:29:28.825,09:29:28,63.9554222222222,24.686317638888895
950,458971.361,cam1-001-000272-0,7479932.436522616,321378.6702707284,499.4690856933594,RoanCamp,2020-12-04,2020-12-04 09:29:31.361,09:29:31,63.95091377777782,24.6874306611111
951,458972.696,cam1-001-000273-0,7479931.163440696,321367.95492011553,499.48321533203125,RoanCamp,2020-12-04,2020-12-04 09:29:32.696,09:29:32,63.94854044444445,24.688016577777777
952,458974.698,cam1-001-000274-0,7479929.30836549,321352.1914480875,499.5060119628906,RoanCamp,2020-12-04,2020-12-04 09:29:34.698,09:29:34,63.944981333333374,24.688895233333323
953,458976.7,cam1-001-000275-0,7479927.513672421,321336.4407961279,499.3775329589844,RoanCamp,2020-12-04,2020-12-04 09:29:36.700,09:29:36,63.9414222222222,24.689773888888894
954,458978.835,cam1-001-000276-0,7479925.587518105,321319.4365915132,499.1743469238281,RoanCamp,2020-12-04,2020-12-04 09:29:38.835,09:29:38,63.93762666666663,24.690710916666674
955,458981.371,cam1-001-000277-0,7479923.807486568,321303.07938942313,499.313232421875,RoanCamp,2020-12-04,2020-12-04 09:29:41.371,09:29:41,63.93311822222225,24.69182393888888
956,458982.706,cam1-001-000278-0,7479924.30255311,321306.04696092056,499.08685302734375,RoanCamp,2020-12-04,2020-12-04 09:29:42.706,09:29:42,63.930744888888874,24.692409855555557
957,458985.776,cam1-001-000279-0,7479924.947276592,321310.794570155,498.9910888671875,RoanCamp,2020-12-04,2020-12-04 09:29:45.776,09:29:45,63.92528711111109,24.69375724444445
958,458988.712,cam1-001-000280-0,7479923.871590145,321302.8460036523,498.7677001953125,RoanCamp,2020-12-04,2020-12-04 09:29:48.712,09:29:48,63.920067555555555,24.69504582222222
959,458990.714,cam1-001-000281-0,7479922.091412431,321287.174106022,498.76434326171875,RoanCamp,2020-12-04,2020-12-04 09:29:50.714,09:29:50,63.91650844444448,24.69592447777777
960,458992.716,cam1-001-000282-0,7479920.389490996,321269.97393001395,499.0376281738281,RoanCamp,2020-12-04,2020-12-04 09:29:52.716,09:29:52,63.9129493333333,24.69680313333334
961,458994.718,cam1-001-000283-0,7479918.731632614,321253.26684034744,499.16094970703125,RoanCamp,2020-12-04,2020-12-04 09:29:54.718,09:29:54,63.909390222222235,24.697681788888886
962,458997.387,cam1-001-000284-0,7479916.018912431,321231.232258508,499.2320556640625,RoanCamp,2020-12-04,2020-12-04 09:29:57.387,09:29:57,63.904645333333356,24.698853183333327
963,458998.722,cam1-001-000285-0,7479914.572751794,321220.34623015724,499.2200927734375,RoanCamp,2020-12-04,2020-12-04 09:29:58.722,09:29:58,63.90227199999998,24.699439100000003
964,459000.724,cam1-001-000286-0,7479912.614567768,321204.41045237356,499.226318359375,RoanCamp,2020-12-04,2020-12-04 09:30:00.724,09:30:00,63.89871288888891,24.70031775555555
965,459002.726,cam1-001-000287-0,7479910.550914273,321188.6256493741,499.17889404296875,RoanCamp,2020-12-04,2020-12-04 09:30:02.726,09:30:02,63.895153777777736,24.70119641111112
966,459005.395,cam1-001-000288-0,7479907.834581047,321167.26597224385,499.0257263183594,RoanCamp,2020-12-04,2020-12-04 09:30:05.395,09:30:05,63.89040888888886,24.702367805555564
967,459006.73,cam1-001-000289-0,7479906.625615339,321156.5843313737,499.0113830566406,RoanCamp,2020-12-04,2020-12-04 09:30:06.730,09:30:06,63.88803555555559,24.70295372222221
968,459008.732,cam1-001-000290-0,7479904.564180093,321140.97316805914,499.0899963378906,RoanCamp,2020-12-04,2020-12-04 09:30:08.732,09:30:08,63.88447644444441,24.703832377777786
969,459010.734,cam1-001-000291-0,7479902.853058168,321125.1648738055,499.0893859863281,RoanCamp,2020-12-04,2020-12-04 09:30:10.734,09:30:10,63.880917333333336,24.704711033333332
970,459012.869,cam1-001-000292-0,7479900.821803358,321107.9249343865,499.1328430175781,RoanCamp,2020-12-04,2020-12-04 09:30:12.869,09:30:12,63.87712177777777,24.705648061111113
971,459015.272,cam1-001-000293-0,7479898.346093461,321088.906880819,499.1846008300781,RoanCamp,2020-12-04,2020-12-04 09:30:15.272,09:30:15,63.87284977777778,24.70670271111111
972,459016.74,cam1-001-000294-0,7479897.100157004,321076.88330464397,499.05426025390625,RoanCamp,2020-12-04,2020-12-04 09:30:16.740,09:30:16,63.87024000000002,24.707346999999995
973,459018.742,cam1-001-000295-0,7479895.114282106,321061.1369598699,498.9617004394531,RoanCamp,2020-12-04,2020-12-04 09:30:18.742,09:30:18,63.86668088888884,24.708225655555566
974,459020.744,cam1-001-000296-0,7479893.207312176,321045.37870367686,498.9781494140625,RoanCamp,2020-12-04,2020-12-04 09:30:20.744,09:30:20,63.863121777777764,24.709104311111112
975,459023.413,cam1-001-000297-0,7479890.572702723,321023.88924922573,499.1435852050781,RoanCamp,2020-12-04,2020-12-04 09:30:23.413,09:30:23,63.858376888888884,24.710275705555556
976,459024.748,cam1-001-000298-0,7479889.354498782,321012.9893658373,499.2558898925781,RoanCamp,2020-12-04,2020-12-04 09:30:24.748,09:30:24,63.85600355555552,24.710861622222232
977,459026.75,cam1-001-000299-0,7479887.767841448,320997.04860447627,499.4324951171875,RoanCamp,2020-12-04,2020-12-04 09:30:26.750,09:30:26,63.852444444444444,24.71174027777778
978,459028.752,cam1-001-000300-0,7479886.085407115,320981.360631824,499.4438171386719,RoanCamp,2020-12-04,2020-12-04 09:30:28.752,09:30:28,63.84888533333337,24.712618933333324
979,459030.887,cam1-001-000301-0,7479884.060604085,320964.48782292916,499.3197937011719,RoanCamp,2020-12-04,2020-12-04 09:30:30.887,09:30:30,63.8450897777778,24.713555961111105
980,459033.289,cam1-001-000302-0,7479881.723987838,320945.6749576654,499.2574157714844,RoanCamp,2020-12-04,2020-12-04 09:30:33.289,09:30:33,63.84081955555557,24.714610172222216
981,459034.758,cam1-001-000303-0,7479880.502334744,320933.7725846097,499.30474853515625,RoanCamp,2020-12-04,2020-12-04 09:30:34.758,09:30:34,63.838208000000044,24.715254899999987
982,459036.76,cam1-001-000304-0,7479878.79099822,320918.05594822636,499.37652587890625,RoanCamp,2020-12-04,2020-12-04 09:30:36.760,09:30:36,63.83464888888887,24.716133555555558
983,459038.762,cam1-001-000305-0,7479876.8744462505,320902.27660611854,499.35986328125,RoanCamp,2020-12-04,2020-12-04 09:30:38.762,09:30:38,63.8310897777778,24.717012211111104
984,459041.431,cam1-001-000306-0,7479874.30427266,320880.58716791496,499.3204345703125,RoanCamp,2020-12-04,2020-12-04 09:30:41.431,09:30:41,63.82634488888892,24.71818360555555
985,459042.766,cam1-001-000307-0,7479873.209272311,320869.74226158974,499.3856506347656,RoanCamp,2020-12-04,2020-12-04 09:30:42.766,09:30:42,63.823971555555545,24.718769522222225
986,459044.768,cam1-001-000308-0,7479871.633592287,320853.77356281027,499.4692687988281,RoanCamp,2020-12-04,2020-12-04 09:30:44.768,09:30:44,63.82041244444447,24.71964817777777
987,459046.769,cam1-001-000309-0,7479869.713665639,320837.82441284566,499.4645080566406,RoanCamp,2020-12-04,2020-12-04 09:30:46.769,09:30:46,63.81685511111116,24.72052639444443
988,459048.905,cam1-001-000310-0,7479867.87319076,320820.5155265296,499.42987060546875,RoanCamp,2020-12-04,2020-12-04 09:30:48.905,09:30:48,63.81305777777773,24.721463861111122
989,459051.307,cam1-001-000311-0,7479865.7304584645,320801.58027324465,499.466552734375,RoanCamp,2020-12-04,2020-12-04 09:30:51.307,09:30:51,63.808787555555604,24.722518072222208
990,459052.775,cam1-001-000312-0,7479864.3845975865,320789.5301076245,499.4878845214844,RoanCamp,2020-12-04,2020-12-04 09:30:52.775,09:30:52,63.806177777777734,24.72316236111112
991,459054.777,cam1-001-000313-0,7479862.558410747,320773.8684605339,499.38372802734375,RoanCamp,2020-12-04,2020-12-04 09:30:54.777,09:30:54,63.80261866666666,24.724041016666668
992,459056.779,cam1-001-000314-0,7479860.73275396,320758.2047649706,499.3138122558594,RoanCamp,2020-12-04,2020-12-04 09:30:56.779,09:30:56,63.79905955555559,24.724919672222214
993,459059.315,cam1-001-000315-0,7479858.468933135,320738.0109509208,499.23004150390625,RoanCamp,2020-12-04,2020-12-04 09:30:59.315,09:30:59,63.794551111111105,24.726032694444445
994,459060.783,cam1-001-000316-0,7479857.049546797,320726.0841163106,499.18243408203125,RoanCamp,2020-12-04,2020-12-04 09:31:00.783,09:31:00,63.79194133333334,24.72667698333333
995,459062.785,cam1-001-000317-0,7479855.168770549,320710.5261909714,499.2049255371094,RoanCamp,2020-12-04,2020-12-04 09:31:02.785,09:31:02,63.78838222222227,24.727555638888877
996,459064.787,cam1-001-000318-0,7479853.187940208,320694.9658070477,499.3355712890625,RoanCamp,2020-12-04,2020-12-04 09:31:04.787,09:31:04,63.78482311111109,24.728434294444448
997,459066.789,cam1-001-000319-0,7479851.356435715,320679.38656763436,499.5318908691406,RoanCamp,2020-12-04,2020-12-04 09:31:06.789,09:31:06,63.781264000000014,24.729312949999994
998,459069.325,cam1-001-000320-0,7479849.2659414075,320658.94558130635,499.485595703125,RoanCamp,2020-12-04,2020-12-04 09:31:09.325,09:31:09,63.77675555555553,24.73042597222223
999,459070.793,cam1-001-000321-0,7479847.563773271,320646.6188775023,499.4583435058594,RoanCamp,2020-12-04,2020-12-04 09:31:10.793,09:31:10,63.77414577777777,24.731070261111114
1000,459072.795,cam1-001-000322-0,7479845.639534701,320630.4542843886,499.5212707519531,RoanCamp,2020-12-04,2020-12-04 09:31:12.795,09:31:12,63.770586666666695,24.73194891666666
1001,459074.797,cam1-001-000323-0,7479843.8173045665,320614.2218539257,499.5234375,RoanCamp,2020-12-04,2020-12-04 09:31:14.797,09:31:14,63.767027555555515,24.73282757222223
1002,459077.333,cam1-001-000324-0,7479841.229833586,320593.6380692397,499.5321044921875,RoanCamp,2020-12-04,2020-12-04 09:31:17.333,09:31:17,63.76251911111114,24.733940594444437
1003,459078.801,cam1-001-000325-0,7479839.610843452,320581.60382481193,499.3636779785156,RoanCamp,2020-12-04,2020-12-04 09:31:18.801,09:31:18,63.75990933333337,24.734584883333323
1004,459080.803,cam1-001-000326-0,7479837.568795444,320565.94907612173,499.2563781738281,RoanCamp,2020-12-04,2020-12-04 09:31:20.803,09:31:20,63.756350222222196,24.735463538888894
1005,459082.805,cam1-001-000327-0,7479835.882775661,320550.28408748773,499.40008544921875,RoanCamp,2020-12-04,2020-12-04 09:31:22.805,09:31:22,63.75279111111112,24.73634219444444
1006,459084.807,cam1-001-000328-0,7479834.269609497,320534.69471517904,499.38995361328125,RoanCamp,2020-12-04,2020-12-04 09:31:24.807,09:31:24,63.74923200000005,24.737220849999986
1007,459087.343,cam1-001-000329-0,7479832.060303783,320514.9383548085,499.3986511230469,RoanCamp,2020-12-04,2020-12-04 09:31:27.343,09:31:27,63.74472355555557,24.738333872222217
1008,459088.811,cam1-001-000330-0,7479830.677141644,320503.18687073275,499.28253173828125,RoanCamp,2020-12-04,2020-12-04 09:31:28.811,09:31:28,63.7421137777778,24.738978161111106
1009,459090.813,cam1-001-000331-0,7479828.765925642,320487.70813786273,499.3092346191406,RoanCamp,2020-12-04,2020-12-04 09:31:30.813,09:31:30,63.73855466666662,24.739856816666677
1010,459092.815,cam1-001-000332-0,7479827.034744294,320472.08198617375,499.4262390136719,RoanCamp,2020-12-04,2020-12-04 09:31:32.815,09:31:32,63.73499555555555,24.740735472222223
1011,459095.351,cam1-001-000333-0,7479824.751511654,320452.00091749296,499.539306640625,RoanCamp,2020-12-04,2020-12-04 09:31:35.351,09:31:35,63.73048711111107,24.741848494444454
1012,459096.819,cam1-001-000334-0,7479823.377030001,320440.03616403247,499.56781005859375,RoanCamp,2020-12-04,2020-12-04 09:31:36.819,09:31:36,63.7278773333333,24.74249278333334
1013,459098.821,cam1-001-000335-0,7479821.728394032,320424.23186061985,499.56683349609375,RoanCamp,2020-12-04,2020-12-04 09:31:38.821,09:31:38,63.72431822222223,24.743371438888886
1014,459100.823,cam1-001-000336-0,7479820.032095516,320409.33259432606,499.644775390625,RoanCamp,2020-12-04,2020-12-04 09:31:40.823,09:31:40,63.72075911111116,24.744250094444432
1015,459103.359,cam1-001-000337-0,7479819.570003103,320396.97610156634,499.1642150878906,RoanCamp,2020-12-04,2020-12-04 09:31:43.359,09:31:43,63.716250666666674,24.745363116666663
1016,459104.694,cam1-001-000338-0,7479821.375145651,320396.7961164197,498.9193420410156,RoanCamp,2020-12-04,2020-12-04 09:31:44.694,09:31:44,63.7138773333333,24.74594903333334
1017,459108.164,cam1-001-000339-0,7479827.125918223,320399.43724297883,498.7325134277344,RoanCamp,2020-12-04,2020-12-04 09:31:48.164,09:31:48,63.707708444444464,24.74747197777777
1018,459108.698,cam1-001-000340-0,7479829.07667801,320399.0029710146,498.72930908203125,RoanCamp,2020-12-04,2020-12-04 09:31:48.698,09:31:48,63.706759111111154,24.74770634444443
1019,459110.7,cam1-001-000341-0,7479843.821461824,320398.1966285532,499.01910400390625,RoanCamp,2020-12-04,2020-12-04 09:31:50.700,09:31:50,63.70319999999998,24.748585000000006
1020,459112.702,cam1-001-000342-0,7479861.087259652,320399.3005926723,499.5154113769531,RoanCamp,2020-12-04,2020-12-04 09:31:52.702,09:31:52,63.69964088888891,24.74946365555555
1021,459114.704,cam1-001-000343-0,7479877.629153393,320400.54397626786,499.6458435058594,RoanCamp,2020-12-04,2020-12-04 09:31:54.704,09:31:54,63.69608177777773,24.750342311111122
1022,459116.706,cam1-001-000344-0,7479893.645426557,320401.2680985258,499.6531677246094,RoanCamp,2020-12-04,2020-12-04 09:31:56.706,09:31:56,63.692522666666655,24.75122096666667
1023,459119.375,cam1-001-000345-0,7479915.322804527,320402.05224548007,499.7566833496094,RoanCamp,2020-12-04,2020-12-04 09:31:59.375,09:31:59,63.687777777777775,24.75239236111111
1024,459120.71,cam1-001-000346-0,7479926.365684173,320402.9714157387,499.9981384277344,RoanCamp,2020-12-04,2020-12-04 09:32:00.710,09:32:00,63.68540444444441,24.752978277777785
1025,459122.712,cam1-001-000347-0,7479934.777164238,320410.8077323048,500.1065673828125,RoanCamp,2020-12-04,2020-12-04 09:32:02.712,09:32:02,63.681845333333335,24.75385693333333
1026,459126.716,cam1-001-000348-0,7479935.463215402,320418.8925582943,499.4493103027344,RoanCamp,2020-12-04,2020-12-04 09:32:06.716,09:32:06,63.67472711111108,24.755614244444452
1027,459128.718,cam1-001-000349-0,7479938.927567126,320434.76845551014,499.3772888183594,RoanCamp,2020-12-04,2020-12-04 09:32:08.718,09:32:08,63.67116800000001,24.756492899999998
1028,459130.72,cam1-001-000350-0,7479940.946537569,320451.87146206375,499.51702880859375,RoanCamp,2020-12-04,2020-12-04 09:32:10.720,09:32:10,63.667608888888935,24.757371555555544
1029,459132.722,cam1-001-000351-0,7479942.50670927,320468.2660552081,499.531494140625,RoanCamp,2020-12-04,2020-12-04 09:32:12.722,09:32:12,63.66404977777776,24.758250211111115
1030,459135.391,cam1-001-000352-0,7479944.976419745,320489.8673129142,499.35784912109375,RoanCamp,2020-12-04,2020-12-04 09:32:15.391,09:32:15,63.65930488888888,24.759421605555556
1031,459136.725,cam1-001-000353-0,7479946.211583024,320499.9354861857,499.3774719238281,RoanCamp,2020-12-04,2020-12-04 09:32:16.725,09:32:16,63.65693333333337,24.76000708333332
1032,459138.727,cam1-001-000354-0,7479948.302799852,320516.3155150857,499.5461730957031,RoanCamp,2020-12-04,2020-12-04 09:32:18.727,09:32:18,63.6533742222222,24.760885738888895
1033,459140.729,cam1-001-000355-0,7479950.230017312,320532.26771251514,499.55889892578125,RoanCamp,2020-12-04,2020-12-04 09:32:20.729,09:32:20,63.649815111111124,24.76176439444444
1034,459142.865,cam1-001-000356-0,7479952.37821373,320549.28314488777,499.5618591308594,RoanCamp,2020-12-04,2020-12-04 09:32:22.865,09:32:22,63.64601777777779,24.762701861111108
1035,459145.267,cam1-001-000357-0,7479954.609769655,320568.15851290117,499.5328674316406,RoanCamp,2020-12-04,2020-12-04 09:32:25.267,09:32:25,63.64174755555557,24.76375607222222
1036,459146.735,cam1-001-000358-0,7479955.993001655,320580.07934637135,499.4828186035156,RoanCamp,2020-12-04,2020-12-04 09:32:26.735,09:32:26,63.639137777777805,24.764400361111104
1037,459148.737,cam1-001-000359-0,7479957.865505201,320595.83438691986,499.5228271484375,RoanCamp,2020-12-04,2020-12-04 09:32:28.737,09:32:28,63.635578666666625,24.765279016666675
1038,459150.739,cam1-001-000360-0,7479959.745503871,320611.6633040953,499.515625,RoanCamp,2020-12-04,2020-12-04 09:32:30.739,09:32:30,63.63201955555555,24.76615767222222
1039,459153.409,cam1-001-000361-0,7479962.126193233,320632.9990916696,499.5060729980469,RoanCamp,2020-12-04,2020-12-04 09:32:33.409,09:32:33,63.62727288888891,24.767329505555548
1040,459154.743,cam1-001-000362-0,7479963.457359433,320642.9451291482,499.59368896484375,RoanCamp,2020-12-04,2020-12-04 09:32:34.743,09:32:34,63.624901333333305,24.76791498333334
1041,459156.745,cam1-001-000363-0,7479965.482673455,320659.4668668619,499.8175964355469,RoanCamp,2020-12-04,2020-12-04 09:32:36.745,09:32:36,63.62134222222223,24.768793638888887
1042,459158.747,cam1-001-000364-0,7479966.983209791,320675.32765731483,499.8114929199219,RoanCamp,2020-12-04,2020-12-04 09:32:38.747,09:32:38,63.61778311111116,24.769672294444433
1043,459160.883,cam1-001-000365-0,7479969.035190174,320692.17014601605,499.6780700683594,RoanCamp,2020-12-04,2020-12-04 09:32:40.883,09:32:40,63.61398577777783,24.7706097611111
1044,459163.285,cam1-001-000366-0,7479971.323395217,320710.96593683225,499.56878662109375,RoanCamp,2020-12-04,2020-12-04 09:32:43.285,09:32:43,63.6097155555556,24.77166397222221
1045,459164.753,cam1-001-000367-0,7479972.661367951,320722.94402775017,499.5126647949219,RoanCamp,2020-12-04,2020-12-04 09:32:44.753,09:32:44,63.60710577777773,24.77230826111112
1046,459166.755,cam1-001-000368-0,7479974.470436964,320738.6015723386,499.4401550292969,RoanCamp,2020-12-04,2020-12-04 09:32:46.755,09:32:46,63.60354666666666,24.773186916666667
1047,459168.757,cam1-001-000369-0,7479976.385585641,320754.3819173735,499.52191162109375,RoanCamp,2020-12-04,2020-12-04 09:32:48.757,09:32:48,63.599987555555586,24.774065572222213
1048,459171.427,cam1-001-000370-0,7479978.837067474,320776.02394455136,499.6114501953125,RoanCamp,2020-12-04,2020-12-04 09:32:51.427,09:32:51,63.595240888888846,24.775237405555565
1049,459172.761,cam1-001-000371-0,7479980.043441093,320786.26145306526,499.6736755371094,RoanCamp,2020-12-04,2020-12-04 09:32:52.761,09:32:52,63.59286933333333,24.775822883333333
1050,459174.763,cam1-001-000372-0,7479982.006463877,320802.8088482935,499.7213439941406,RoanCamp,2020-12-04,2020-12-04 09:32:54.763,09:32:54,63.58931022222226,24.77670153888888
1051,459176.765,cam1-001-000373-0,7479983.738005149,320818.6244055071,499.7728271484375,RoanCamp,2020-12-04,2020-12-04 09:32:56.765,09:32:56,63.58575111111109,24.77758019444445
1052,459179.301,cam1-001-000374-0,7479986.086510487,320838.9479530024,499.80633544921875,RoanCamp,2020-12-04,2020-12-04 09:32:59.301,09:32:59,63.581242666666704,24.778693216666657
1053,459180.769,cam1-001-000375-0,7479987.551753201,320850.3556240778,499.736083984375,RoanCamp,2020-12-04,2020-12-04 09:33:00.769,09:33:00,63.57863288888894,24.779337505555542
1054,459182.771,cam1-001-000376-0,7479989.53970376,320866.8201217996,499.6675109863281,RoanCamp,2020-12-04,2020-12-04 09:33:02.771,09:33:02,63.57507377777776,24.780216161111113
1055,459184.773,cam1-001-000377-0,7479991.312232998,320882.74438268435,499.68634033203125,RoanCamp,2020-12-04,2020-12-04 09:33:04.773,09:33:04,63.57151466666669,24.78109481666666
1056,459187.443,cam1-001-000378-0,7479993.823595059,320903.94945676194,499.6568298339844,RoanCamp,2020-12-04,2020-12-04 09:33:07.443,09:33:07,63.566767999999946,24.78226665000001
1057,459188.777,cam1-001-000379-0,7479995.047368415,320913.86601862404,499.6400146484375,RoanCamp,2020-12-04,2020-12-04 09:33:08.777,09:33:08,63.56439644444444,24.78285212777778
1058,459190.779,cam1-001-000380-0,7479997.024674892,320930.23213726096,499.6897888183594,RoanCamp,2020-12-04,2020-12-04 09:33:10.779,09:33:10,63.56083733333337,24.783730783333326
1059,459192.781,cam1-001-000381-0,7479998.894325764,320946.0955961529,499.7489013671875,RoanCamp,2020-12-04,2020-12-04 09:33:12.781,09:33:12,63.55727822222219,24.784609438888896
1060,459194.783,cam1-001-000382-0,7480000.567214112,320962.1112635246,499.68670654296875,RoanCamp,2020-12-04,2020-12-04 09:33:14.783,09:33:14,63.553719111111114,24.785488094444442
1061,459197.319,cam1-001-000383-0,7480002.829567509,320982.37116792554,499.69842529296875,RoanCamp,2020-12-04,2020-12-04 09:33:17.319,09:33:17,63.54921066666663,24.786601116666674
1062,459198.787,cam1-001-000384-0,7480004.116405502,320993.7094688716,499.7031555175781,RoanCamp,2020-12-04,2020-12-04 09:33:18.787,09:33:18,63.54660088888887,24.78724540555556
1063,459200.789,cam1-001-000385-0,7480006.159815414,321010.15860806324,499.75238037109375,RoanCamp,2020-12-04,2020-12-04 09:33:20.789,09:33:20,63.543041777777795,24.788124061111105
1064,459202.791,cam1-001-000386-0,7480008.067243651,321026.0017522303,499.7240905761719,RoanCamp,2020-12-04,2020-12-04 09:33:22.791,09:33:22,63.539482666666615,24.789002716666676
1065,459205.327,cam1-001-000387-0,7480010.1803397,321046.16489631834,499.3734130859375,RoanCamp,2020-12-04,2020-12-04 09:33:25.327,09:33:25,63.53497422222224,24.790115738888883
1066,459206.795,cam1-001-000388-0,7480011.341592864,321057.4417422473,499.2394104003906,RoanCamp,2020-12-04,2020-12-04 09:33:26.795,09:33:26,63.532364444444475,24.790760027777768
1067,459208.797,cam1-001-000389-0,7480013.312892717,321073.7189139725,499.103271484375,RoanCamp,2020-12-04,2020-12-04 09:33:28.797,09:33:28,63.528805333333295,24.791638683333343
1068,459210.799,cam1-001-000390-0,7480015.257890308,321089.52651440375,499.1343078613281,RoanCamp,2020-12-04,2020-12-04 09:33:30.799,09:33:30,63.52524622222222,24.79251733888889
1069,459212.801,cam1-001-000391-0,7480017.072058614,321105.46563249355,499.2166748046875,RoanCamp,2020-12-04,2020-12-04 09:33:32.801,09:33:32,63.52168711111115,24.793395994444435
1070,459215.337,cam1-001-000392-0,7480019.3383745495,321125.80232693383,499.18328857421875,RoanCamp,2020-12-04,2020-12-04 09:33:35.337,09:33:35,63.517178666666666,24.794509016666666
1071,459216.805,cam1-001-000393-0,7480020.511382388,321137.1779607291,499.1476135253906,RoanCamp,2020-12-04,2020-12-04 09:33:36.805,09:33:36,63.5145688888889,24.79515330555555
1072,459218.807,cam1-001-000394-0,7480022.30902109,321153.37496030726,499.0774230957031,RoanCamp,2020-12-04,2020-12-04 09:33:38.807,09:33:38,63.51100977777783,24.796031961111098
1073,459220.809,cam1-001-000395-0,7480024.038220208,321169.07938947633,499.1239929199219,RoanCamp,2020-12-04,2020-12-04 09:33:40.809,09:33:40,63.50745066666665,24.79691061666667
1074,459223.345,cam1-001-000396-0,7480026.424912129,321189.2025923468,499.0863342285156,RoanCamp,2020-12-04,2020-12-04 09:33:43.345,09:33:43,63.50294222222227,24.798023638888875
1075,459224.813,cam1-001-000397-0,7480027.70369123,321200.4956655847,499.0618591308594,RoanCamp,2020-12-04,2020-12-04 09:33:44.813,09:33:44,63.5003324444444,24.79866792777779
1076,459226.815,cam1-001-000398-0,7480029.515139896,321216.76098303456,499.0143127441406,RoanCamp,2020-12-04,2020-12-04 09:33:46.815,09:33:46,63.49677333333333,24.799546583333335
1077,459228.817,cam1-001-000399-0,7480031.265973803,321232.33601540275,499.0534362792969,RoanCamp,2020-12-04,2020-12-04 09:33:48.817,09:33:48,63.49321422222226,24.80042523888888
1078,459231.353,cam1-001-000400-0,7480033.583650101,321252.4452684163,499.2232360839844,RoanCamp,2020-12-04,2020-12-04 09:33:51.353,09:33:51,63.488705777777774,24.801538261111112
1079,459232.821,cam1-001-000401-0,7480034.907232222,321263.7847491962,499.4556884765625,RoanCamp,2020-12-04,2020-12-04 09:33:52.821,09:33:52,63.486096,24.802182549999998
1080,459234.823,cam1-001-000402-0,7480036.808485549,321279.3569292337,499.7359619140625,RoanCamp,2020-12-04,2020-12-04 09:33:54.823,09:33:54,63.48253688888893,24.803061205555544
1081,459236.825,cam1-001-000403-0,7480038.669277612,321295.6587978299,499.80963134765625,RoanCamp,2020-12-04,2020-12-04 09:33:56.825,09:33:56,63.47897777777776,24.803939861111115
1082,459238.827,cam1-001-000404-0,7480040.549243026,321311.2206748482,499.76531982421875,RoanCamp,2020-12-04,2020-12-04 09:33:58.827,09:33:58,63.475418666666684,24.80481851666666
1083,459241.363,cam1-001-000405-0,7480042.8677023575,321331.2244015013,499.7315368652344,RoanCamp,2020-12-04,2020-12-04 09:34:01.363,09:34:01,63.4709102222222,24.805931538888892
1084,459242.697,cam1-001-000406-0,7480044.154019973,321341.91858643247,499.7077941894531,RoanCamp,2020-12-04,2020-12-04 09:34:02.697,09:34:02,63.46853866666669,24.80651701666666
1085,459244.699,cam1-001-000407-0,7480045.999282816,321357.5370532598,499.62078857421875,RoanCamp,2020-12-04,2020-12-04 09:34:04.699,09:34:04,63.464979555555516,24.80739567222223
1086,459246.701,cam1-001-000408-0,7480047.8112030905,321373.2362388155,499.6029052734375,RoanCamp,2020-12-04,2020-12-04 09:34:06.701,09:34:06,63.46142044444444,24.808274327777777
1087,459249.371,cam1-001-000409-0,7480050.380477961,321394.71595072723,499.5426940917969,RoanCamp,2020-12-04,2020-12-04 09:34:09.371,09:34:09,63.4566737777778,24.809446161111104
1088,459250.705,cam1-001-000410-0,7480051.8187284665,321405.41010962235,499.4328308105469,RoanCamp,2020-12-04,2020-12-04 09:34:10.705,09:34:10,63.45430222222219,24.810031638888894
1089,459252.707,cam1-001-000411-0,7480053.66323824,321421.1789267699,499.4173889160156,RoanCamp,2020-12-04,2020-12-04 09:34:12.707,09:34:12,63.450743111111116,24.81091029444444
1090,459254.709,cam1-001-000412-0,7480055.538755361,321437.1453268844,499.4430236816406,RoanCamp,2020-12-04,2020-12-04 09:34:14.709,09:34:14,63.44718400000005,24.811788949999986
1091,459257.379,cam1-001-000413-0,7480058.1419011885,321459.07971413725,499.4256286621094,RoanCamp,2020-12-04,2020-12-04 09:34:17.379,09:34:17,63.4424373333333,24.812960783333338
1092,459258.713,cam1-001-000414-0,7480059.376381531,321469.4188458553,499.4236145019531,RoanCamp,2020-12-04,2020-12-04 09:34:18.713,09:34:18,63.4400657777778,24.813546261111107
1093,459260.715,cam1-001-000415-0,7480061.37395785,321486.03811342333,499.364501953125,RoanCamp,2020-12-04,2020-12-04 09:34:20.715,09:34:20,63.43650666666662,24.814424916666677
1094,459262.717,cam1-001-000416-0,7480063.207131873,321501.8562294163,499.3896789550781,RoanCamp,2020-12-04,2020-12-04 09:34:22.717,09:34:22,63.43294755555555,24.815303572222223
1095,459265.387,cam1-001-000417-0,7480065.730274634,321523.23211780156,499.6106872558594,RoanCamp,2020-12-04,2020-12-04 09:34:25.387,09:34:25,63.42820088888891,24.81647540555555
1096,459266.721,cam1-001-000418-0,7480066.8570742905,321533.2417337204,499.6071472167969,RoanCamp,2020-12-04,2020-12-04 09:34:26.721,09:34:26,63.4258293333333,24.81706088333334
1097,459268.723,cam1-001-000419-0,7480068.56640131,321549.329937718,499.6131896972656,RoanCamp,2020-12-04,2020-12-04 09:34:28.723,09:34:28,63.422270222222224,24.817939538888886
1098,459270.725,cam1-001-000420-0,7480070.400548765,321564.7015071496,499.7269287109375,RoanCamp,2020-12-04,2020-12-04 09:34:30.725,09:34:30,63.41871111111115,24.818818194444432
1099,459273.395,cam1-001-000421-0,7480073.084309784,321585.88981402956,499.9884948730469,RoanCamp,2020-12-04,2020-12-04 09:34:33.395,09:34:33,63.41396444444441,24.819990027777784
1100,459274.729,cam1-001-000422-0,7480074.373187458,321596.00118158787,500.1141357421875,RoanCamp,2020-12-04,2020-12-04 09:34:34.729,09:34:34,63.411592888888904,24.820575505555553
1101,459276.731,cam1-001-000423-0,7480076.281893836,321612.5711544674,500.2137451171875,RoanCamp,2020-12-04,2020-12-04 09:34:36.731,09:34:36,63.408033777777725,24.821454161111124
1102,459278.733,cam1-001-000424-0,7480077.943616182,321628.6003699746,500.1055908203125,RoanCamp,2020-12-04,2020-12-04 09:34:38.733,09:34:38,63.40447466666665,24.82233281666667
1103,459281.402,cam1-001-000425-0,7480080.433435859,321649.6291100213,499.8336486816406,RoanCamp,2020-12-04,2020-12-04 09:34:41.402,09:34:41,63.39972977777777,24.82350421111111
1104,459282.737,cam1-001-000426-0,7480081.69952235,321660.45049367275,499.789794921875,RoanCamp,2020-12-04,2020-12-04 09:34:42.737,09:34:42,63.397356444444405,24.824090127777787
1105,459284.739,cam1-001-000427-0,7480083.517906725,321676.32154740905,499.760986328125,RoanCamp,2020-12-04,2020-12-04 09:34:44.739,09:34:44,63.39379733333333,24.824968783333333
1106,459286.741,cam1-001-000428-0,7480085.293666875,321692.8089139234,499.7585754394531,RoanCamp,2020-12-04,2020-12-04 09:34:46.741,09:34:46,63.39023822222226,24.82584743888888
1107,459288.877,cam1-001-000429-0,7480087.332486732,321709.8285881586,499.7555847167969,RoanCamp,2020-12-04,2020-12-04 09:34:48.877,09:34:48,63.38644088888893,24.826784905555545
1108,459291.279,cam1-001-000430-0,7480089.576209264,321728.6731665054,499.7669372558594,RoanCamp,2020-12-04,2020-12-04 09:34:51.279,09:34:51,63.3821706666667,24.827839116666656
1109,459292.747,cam1-001-000431-0,7480090.907575466,321739.9986952598,499.94073486328125,RoanCamp,2020-12-04,2020-12-04 09:34:52.747,09:34:52,63.37956088888893,24.828483405555545
1110,459294.749,cam1-001-000432-0,7480092.837109175,321756.38303884724,500.10565185546875,RoanCamp,2020-12-04,2020-12-04 09:34:54.749,09:34:54,63.37600177777776,24.829362061111116
1111,459296.751,cam1-001-000433-0,7480094.660896044,321772.1030240159,500.1258850097656,RoanCamp,2020-12-04,2020-12-04 09:34:56.751,09:34:56,63.372442666666686,24.830240716666662
1112,459299.42,cam1-001-000434-0,7480097.083146139,321792.95188934176,500.12274169921875,RoanCamp,2020-12-04,2020-12-04 09:34:59.420,09:34:59,63.367697777777806,24.831412111111103
1113,459300.755,cam1-001-000435-0,7480098.338171987,321803.8123703677,500.12115478515625,RoanCamp,2020-12-04,2020-12-04 09:35:00.755,09:35:00,63.36532444444443,24.83199802777778
1114,459302.757,cam1-001-000436-0,7480100.311100582,321819.85858062975,500.1818542480469,RoanCamp,2020-12-04,2020-12-04 09:35:02.757,09:35:02,63.36176533333336,24.832876683333325
1115,459304.759,cam1-001-000437-0,7480102.356874369,321836.566336213,500.0335388183594,RoanCamp,2020-12-04,2020-12-04 09:35:04.759,09:35:04,63.35820622222219,24.833755338888896
1116,459306.894,cam1-001-000438-0,7480104.191163305,321853.9685155598,499.94207763671875,RoanCamp,2020-12-04,2020-12-04 09:35:06.894,09:35:06,63.354410666666716,24.834692366666655
1117,459309.297,cam1-001-000439-0,7480106.488372721,321873.0205584411,500.0101013183594,RoanCamp,2020-12-04,2020-12-04 09:35:09.297,09:35:09,63.35013866666663,24.835747016666673
1118,459310.765,cam1-001-000440-0,7480107.844527762,321884.4423379664,500.087158203125,RoanCamp,2020-12-04,2020-12-04 09:35:10.765,09:35:10,63.34752888888886,24.836391305555562
1119,459312.767,cam1-001-000441-0,7480109.74114457,321900.92937880824,500.2707824707031,RoanCamp,2020-12-04,2020-12-04 09:35:12.767,09:35:12,63.34396977777779,24.837269961111108
1120,459314.769,cam1-001-000442-0,7480111.511786971,321916.9603150509,500.3813781738281,RoanCamp,2020-12-04,2020-12-04 09:35:14.769,09:35:14,63.34041066666672,24.838148616666654
1121,459317.305,cam1-001-000443-0,7480114.067638837,321937.12569076475,500.2801513671875,RoanCamp,2020-12-04,2020-12-04 09:35:17.305,09:35:17,63.33590222222223,24.839261638888885
1122,459318.773,cam1-001-000444-0,7480115.3709987495,321948.47341730085,500.142333984375,RoanCamp,2020-12-04,2020-12-04 09:35:18.773,09:35:18,63.33329244444447,24.83990592777777
1123,459320.775,cam1-001-000445-0,7480117.138858544,321964.17236118193,500.0309143066406,RoanCamp,2020-12-04,2020-12-04 09:35:20.775,09:35:20,63.329733333333294,24.840784583333342
1124,459322.777,cam1-001-000446-0,7480119.1335628815,321980.4616694667,499.9966735839844,RoanCamp,2020-12-04,2020-12-04 09:35:22.777,09:35:22,63.32617422222222,24.841663238888888
1125,459325.446,cam1-001-000447-0,7480121.466481404,322001.54121224035,499.9790344238281,RoanCamp,2020-12-04,2020-12-04 09:35:25.446,09:35:25,63.32142933333334,24.842834633333332
1126,459326.781,cam1-001-000448-0,7480122.666859886,322012.35213373357,500.00738525390625,RoanCamp,2020-12-04,2020-12-04 09:35:26.781,09:35:26,63.31905599999997,24.84342055000001
1127,459328.783,cam1-001-000449-0,7480124.403769096,322028.14180404245,500.060302734375,RoanCamp,2020-12-04,2020-12-04 09:35:28.783,09:35:28,63.315496888888894,24.844299205555554
1128,459330.785,cam1-001-000450-0,7480126.304711901,322044.5604335099,500.0090637207031,RoanCamp,2020-12-04,2020-12-04 09:35:30.785,09:35:30,63.31193777777782,24.8451778611111
1129,459332.787,cam1-001-000451-0,7480128.180263109,322060.15838269086,499.9856872558594,RoanCamp,2020-12-04,2020-12-04 09:35:32.787,09:35:32,63.30837866666665,24.84605651666667
1130,459335.323,cam1-001-000452-0,7480130.573554167,322080.27009266906,499.9462585449219,RoanCamp,2020-12-04,2020-12-04 09:35:35.323,09:35:35,63.303870222222265,24.847169538888878
1131,459336.791,cam1-001-000453-0,7480131.864401126,322091.67105763685,499.86968994140625,RoanCamp,2020-12-04,2020-12-04 09:35:36.791,09:35:36,63.301260444444395,24.847813827777788
1132,459338.793,cam1-001-000454-0,7480133.646884784,322107.5146028526,499.7354736328125,RoanCamp,2020-12-04,2020-12-04 09:35:38.793,09:35:38,63.29770133333332,24.848692483333334
1133,459340.795,cam1-001-000455-0,7480135.514303594,322124.04296864563,499.7440490722656,RoanCamp,2020-12-04,2020-12-04 09:35:40.795,09:35:40,63.29414222222225,24.84957113888888
1134,459343.331,cam1-001-000456-0,7480137.969167676,322144.4429420162,499.967529296875,RoanCamp,2020-12-04,2020-12-04 09:35:43.331,09:35:43,63.289633777777766,24.85068416111111
1135,459344.799,cam1-001-000457-0,7480139.29908958,322155.8127020915,500.1368713378906,RoanCamp,2020-12-04,2020-12-04 09:35:44.799,09:35:44,63.287024,24.851328449999997
1136,459346.801,cam1-001-000458-0,7480141.171344906,322171.4290008701,500.27825927734375,RoanCamp,2020-12-04,2020-12-04 09:35:46.801,09:35:46,63.28346488888893,24.852207105555546
1137,459348.803,cam1-001-000459-0,7480142.920045327,322187.57860198256,500.32550048828125,RoanCamp,2020-12-04,2020-12-04 09:35:48.803,09:35:48,63.27990577777775,24.853085761111117
1138,459351.339,cam1-001-000460-0,7480145.099882762,322207.50217387965,500.31500244140625,RoanCamp,2020-12-04,2020-12-04 09:35:51.339,09:35:51,63.27539733333337,24.854198783333324
1139,459352.807,cam1-001-000461-0,7480146.361381263,322218.87358339276,500.32171630859375,RoanCamp,2020-12-04,2020-12-04 09:35:52.807,09:35:52,63.2727875555556,24.85484307222221
1140,459354.809,cam1-001-000462-0,7480148.4221166205,322234.6128622925,500.46295166015625,RoanCamp,2020-12-04,2020-12-04 09:35:54.809,09:35:54,63.26922844444443,24.85572172777778
1141,459356.811,cam1-001-000463-0,7480150.38691687,322250.98871113115,500.41094970703125,RoanCamp,2020-12-04,2020-12-04 09:35:56.811,09:35:56,63.265669333333356,24.856600383333326
1142,459358.813,cam1-001-000464-0,7480152.1117825275,322266.7624330547,500.3232727050781,RoanCamp,2020-12-04,2020-12-04 09:35:58.813,09:35:58,63.26211022222218,24.857479038888897
1143,459361.349,cam1-001-000465-0,7480154.499250842,322287.1889730327,500.1885681152344,RoanCamp,2020-12-04,2020-12-04 09:36:01.349,09:36:01,63.2576017777778,24.858592061111104
1144,459362.817,cam1-001-000466-0,7480155.764959055,322298.4717810675,500.1400451660156,RoanCamp,2020-12-04,2020-12-04 09:36:02.817,09:36:02,63.25499200000003,24.85923634999999
1145,459364.819,cam1-001-000467-0,7480157.629817983,322313.9929866162,500.1056213378906,RoanCamp,2020-12-04,2020-12-04 09:36:04.819,09:36:04,63.25143288888886,24.860115005555564
1146,459366.821,cam1-001-000468-0,7480159.697430455,322330.44041696785,500.0325927734375,RoanCamp,2020-12-04,2020-12-04 09:36:06.821,09:36:06,63.247873777777784,24.86099366111111
1147,459369.357,cam1-001-000469-0,7480162.091990966,322350.7077678672,499.9806213378906,RoanCamp,2020-12-04,2020-12-04 09:36:09.357,09:36:09,63.2433653333333,24.86210668333334
1148,459370.825,cam1-001-000470-0,7480163.451800408,322362.1733455848,500.0251159667969,RoanCamp,2020-12-04,2020-12-04 09:36:10.825,09:36:10,63.24075555555554,24.862750972222226
1149,459372.827,cam1-001-000471-0,7480165.34278271,322378.12518326903,500.2647705078125,RoanCamp,2020-12-04,2020-12-04 09:36:12.827,09:36:12,63.237196444444464,24.863629627777772
1150,459374.829,cam1-001-000472-0,7480166.44373862,322392.12551578076,500.45916748046875,RoanCamp,2020-12-04,2020-12-04 09:36:14.829,09:36:14,63.233637333333284,24.864508283333343
1151,459377.364,cam1-001-000473-0,7480167.049774393,322394.32883367396,499.9674987792969,RoanCamp,2020-12-04,2020-12-04 09:36:17.364,09:36:17,63.22913066666666,24.865620866666667
1152,459378.833,cam1-001-000474-0,7480172.054177867,322394.5886632935,499.7869873046875,RoanCamp,2020-12-04,2020-12-04 09:36:18.833,09:36:18,63.22651911111114,24.866265594444435
1153,459380.835,cam1-001-000475-0,7480187.239318322,322397.6271634544,499.5178527832031,RoanCamp,2020-12-04,2020-12-04 09:36:20.835,09:36:20,63.222959999999965,24.86714425000001
1154,459382.703,cam1-001-000476-0,7480203.593339287,322401.55681151384,499.59027099609375,RoanCamp,2020-12-04,2020-12-04 09:36:22.703,09:36:22,63.21963911111115,24.867964094444435
1155,459384.705,cam1-001-000477-0,7480219.9849587325,322405.28479706903,499.78662109375,RoanCamp,2020-12-04,2020-12-04 09:36:24.705,09:36:24,63.21607999999997,24.868842750000006
1156,459387.374,cam1-001-000478-0,7480241.5743368035,322409.3080632356,499.70050048828125,RoanCamp,2020-12-04,2020-12-04 09:36:27.374,09:36:27,63.21133511111109,24.870014144444447
1157,459388.709,cam1-001-000479-0,7480251.471067276,322410.9163918566,499.65771484375,RoanCamp,2020-12-04,2020-12-04 09:36:28.709,09:36:28,63.20896177777782,24.870600061111098
1158,459390.711,cam1-001-000480-0,7480267.683542767,322413.9116107356,499.5221862792969,RoanCamp,2020-12-04,2020-12-04 09:36:30.711,09:36:30,63.20540266666665,24.87147871666667
1159,459392.713,cam1-001-000481-0,7480279.8891993705,322409.4850276122,499.67022705078125,RoanCamp,2020-12-04,2020-12-04 09:36:32.713,09:36:32,63.20184355555558,24.872357372222215
1160,459395.382,cam1-001-000482-0,7480281.253919015,322405.653442233,499.58306884765625,RoanCamp,2020-12-04,2020-12-04 09:36:35.382,09:36:35,63.1970986666667,24.87352876666666
1161,459396.717,cam1-001-000483-0,7480280.87499362,322402.5414048235,499.3153381347656,RoanCamp,2020-12-04,2020-12-04 09:36:36.717,09:36:36,63.194725333333324,24.874114683333335
1162,459398.719,cam1-001-000484-0,7480279.776352169,322389.50095581444,498.7861328125,RoanCamp,2020-12-04,2020-12-04 09:36:38.719,09:36:38,63.19116622222225,24.87499333888888
1163,459400.721,cam1-001-000485-0,7480278.036202057,322371.7063225993,498.67315673828125,RoanCamp,2020-12-04,2020-12-04 09:36:40.721,09:36:40,63.18760711111108,24.875871994444452
1164,459402.723,cam1-001-000486-0,7480276.050011486,322354.4866122171,498.67352294921875,RoanCamp,2020-12-04,2020-12-04 09:36:42.723,09:36:42,63.184048000000004,24.876750649999998
1165,459404.725,cam1-001-000487-0,7480274.194856427,322338.0739823292,498.6416320800781,RoanCamp,2020-12-04,2020-12-04 09:36:44.725,09:36:44,63.18048888888893,24.877629305555544
1166,459407.394,cam1-001-000488-0,7480271.670357041,322316.6202704618,498.5416259765625,RoanCamp,2020-12-04,2020-12-04 09:36:47.394,09:36:47,63.17574400000005,24.878800699999985
1167,459408.729,cam1-001-000489-0,7480270.23267784,322305.8203941955,498.4273986816406,RoanCamp,2020-12-04,2020-12-04 09:36:48.729,09:36:48,63.17337066666668,24.87938661666666
1168,459410.731,cam1-001-000490-0,7480268.256259794,322289.9417330612,498.3721618652344,RoanCamp,2020-12-04,2020-12-04 09:36:50.731,09:36:50,63.169811555555505,24.880265272222235
1169,459412.733,cam1-001-000491-0,7480266.306365918,322274.11579515296,498.44268798828125,RoanCamp,2020-12-04,2020-12-04 09:36:52.733,09:36:52,63.16625244444443,24.88114392777778
1170,459415.402,cam1-001-000492-0,7480263.61587261,322252.50071090425,498.4461669921875,RoanCamp,2020-12-04,2020-12-04 09:36:55.402,09:36:55,63.16150755555555,24.882315322222222
1171,459416.737,cam1-001-000493-0,7480262.26061642,322241.6249389464,498.4654846191406,RoanCamp,2020-12-04,2020-12-04 09:36:56.737,09:36:56,63.15913422222218,24.8829012388889
1172,459418.739,cam1-001-000494-0,7480260.345139184,322225.693979022,498.49005126953125,RoanCamp,2020-12-04,2020-12-04 09:36:58.739,09:36:58,63.155575111111105,24.883779894444444
1173,459420.741,cam1-001-000495-0,7480258.458500324,322209.83104898594,498.5649719238281,RoanCamp,2020-12-04,2020-12-04 09:37:00.741,09:37:00,63.15201600000003,24.88465854999999
1174,459422.876,cam1-001-000496-0,7480256.4646597,322192.7586580312,498.6658935546875,RoanCamp,2020-12-04,2020-12-04 09:37:02.876,09:37:02,63.14822044444446,24.88559557777777
1175,459425.279,cam1-001-000497-0,7480254.30434208,322173.92316465464,498.57666015625,RoanCamp,2020-12-04,2020-12-04 09:37:05.279,09:37:05,63.143948444444476,24.886650227777768
1176,459426.747,cam1-001-000498-0,7480252.84081555,322161.98075988336,498.54656982421875,RoanCamp,2020-12-04,2020-12-04 09:37:06.747,09:37:06,63.14133866666671,24.887294516666653
1177,459428.749,cam1-001-000499-0,7480250.94593862,322146.19035508856,498.577880859375,RoanCamp,2020-12-04,2020-12-04 09:37:08.749,09:37:08,63.13777955555554,24.888173172222228
1178,459430.751,cam1-001-000500-0,7480249.209811516,322130.3752497075,498.531494140625,RoanCamp,2020-12-04,2020-12-04 09:37:10.751,09:37:10,63.134220444444466,24.889051827777774
1179,459433.42,cam1-001-000501-0,7480246.675138727,322108.9069801186,498.42352294921875,RoanCamp,2020-12-04,2020-12-04 09:37:13.420,09:37:13,63.12947555555559,24.890223222222215
1180,459434.755,cam1-001-000502-0,7480245.494136767,322098.1852215165,498.40625,RoanCamp,2020-12-04,2020-12-04 09:37:14.755,09:37:14,63.12710222222221,24.89080913888889
1181,459436.757,cam1-001-000503-0,7480243.695491194,322082.52276784857,498.4244384765625,RoanCamp,2020-12-04,2020-12-04 09:37:16.757,09:37:16,63.12354311111114,24.891687794444437
1182,459438.759,cam1-001-000504-0,7480241.77237523,322066.7858409942,498.4329833984375,RoanCamp,2020-12-04,2020-12-04 09:37:18.759,09:37:18,63.11998399999997,24.892566450000007
1183,459441.428,cam1-001-000505-0,7480239.080328799,322045.14893843344,498.3219909667969,RoanCamp,2020-12-04,2020-12-04 09:37:21.428,09:37:21,63.11523911111109,24.89373784444445
1184,459442.763,cam1-001-000506-0,7480237.674890405,322034.3167998142,498.2508239746094,RoanCamp,2020-12-04,2020-12-04 09:37:22.763,09:37:22,63.11286577777782,24.8943237611111
1185,459444.765,cam1-001-000507-0,7480235.868430013,322018.5375536856,498.2109375,RoanCamp,2020-12-04,2020-12-04 09:37:24.765,09:37:24,63.10930666666664,24.89520241666667
1186,459446.767,cam1-001-000508-0,7480234.119677665,322002.7166936378,498.3025207519531,RoanCamp,2020-12-04,2020-12-04 09:37:26.767,09:37:26,63.10574755555557,24.896081072222216
1187,459448.902,cam1-001-000509-0,7480232.047446334,321985.4772985124,498.4089050292969,RoanCamp,2020-12-04,2020-12-04 09:37:28.902,09:37:28,63.101952,24.8970181
1188,459451.305,cam1-001-000510-0,7480229.976785911,321966.4037253612,498.55548095703125,RoanCamp,2020-12-04,2020-12-04 09:37:31.305,09:37:31,63.09768000000001,24.898072749999997
1189,459452.773,cam1-001-000511-0,7480228.576222494,321954.2658307359,498.5840759277344,RoanCamp,2020-12-04,2020-12-04 09:37:32.773,09:37:32,63.09507022222225,24.898717038888883
1190,459454.775,cam1-001-000512-0,7480226.75606388,321938.3079678632,498.64898681640625,RoanCamp,2020-12-04,2020-12-04 09:37:34.775,09:37:34,63.09151111111107,24.899595694444454
1191,459456.777,cam1-001-000513-0,7480225.030282611,321922.3669261626,498.757568359375,RoanCamp,2020-12-04,2020-12-04 09:37:36.777,09:37:36,63.087951999999994,24.90047435
1192,459459.446,cam1-001-000514-0,7480222.51146807,321900.9445864014,498.66912841796875,RoanCamp,2020-12-04,2020-12-04 09:37:39.446,09:37:39,63.083207111111115,24.90164574444444
1193,459461.048,cam1-001-000515-0,7480220.874773821,321888.35990485724,498.5943603515625,RoanCamp,2020-12-04,2020-12-04 09:37:41.048,09:37:41,63.08035911111109,24.902348844444447
1194,459462.783,cam1-001-000516-0,7480219.37856154,321874.75616334676,498.55322265625,RoanCamp,2020-12-04,2020-12-04 09:37:42.783,09:37:42,63.077274666666675,24.903110316666663
1195,459464.785,cam1-001-000517-0,7480217.710214622,321859.1769230451,498.6415710449219,RoanCamp,2020-12-04,2020-12-04 09:37:44.785,09:37:44,63.0737155555556,24.90398897222221
1196,459467.32,cam1-001-000518-0,7480215.123266528,321839.06447363965,498.6233825683594,RoanCamp,2020-12-04,2020-12-04 09:37:47.320,09:37:47,63.06920888888887,24.905101555555557
1197,459468.789,cam1-001-000519-0,7480213.861634272,321827.6487417228,498.5340881347656,RoanCamp,2020-12-04,2020-12-04 09:37:48.789,09:37:48,63.06659733333335,24.90574628333333
1198,459470.791,cam1-001-000520-0,7480212.222348977,321811.1887663761,498.5623474121094,RoanCamp,2020-12-04,2020-12-04 09:37:50.791,09:37:50,63.063038222222175,24.9066249388889
1199,459472.793,cam1-001-000521-0,7480210.483596103,321795.3493042578,498.64056396484375,RoanCamp,2020-12-04,2020-12-04 09:37:52.793,09:37:52,63.0594791111111,24.907503594444446
1200,459475.328,cam1-001-000522-0,7480208.169697861,321775.1050299882,498.64337158203125,RoanCamp,2020-12-04,2020-12-04 09:37:55.328,09:37:55,63.05497244444448,24.908616177777766
1201,459476.797,cam1-001-000523-0,7480206.8300493965,321763.67228969303,498.73223876953125,RoanCamp,2020-12-04,2020-12-04 09:37:56.797,09:37:56,63.05236088888885,24.909260905555563
1202,459478.799,cam1-001-000524-0,7480204.873691277,321747.25139825547,498.8154296875,RoanCamp,2020-12-04,2020-12-04 09:37:58.799,09:37:58,63.04880177777778,24.91013956111111
1203,459480.801,cam1-001-000525-0,7480202.854885124,321731.50279252004,498.78582763671875,RoanCamp,2020-12-04,2020-12-04 09:38:00.801,09:38:00,63.04524266666671,24.911018216666655
1204,459482.803,cam1-001-000526-0,7480200.901814319,321715.551334804,498.57879638671875,RoanCamp,2020-12-04,2020-12-04 09:38:02.803,09:38:02,63.04168355555553,24.91189687222223
1205,459485.338,cam1-001-000527-0,7480198.391500288,321695.03490779246,498.5897521972656,RoanCamp,2020-12-04,2020-12-04 09:38:05.338,09:38:05,63.03717688888891,24.91300945555555
1206,459486.806,cam1-001-000528-0,7480197.155663108,321683.4409649332,498.63134765625,RoanCamp,2020-12-04,2020-12-04 09:38:06.806,09:38:06,63.034567111111144,24.913653744444435
1207,459488.808,cam1-001-000529-0,7480195.316783801,321666.76882814406,498.60980224609375,RoanCamp,2020-12-04,2020-12-04 09:38:08.808,09:38:08,63.031007999999964,24.914532400000006
1208,459490.81,cam1-001-000530-0,7480193.416783108,321650.9068134175,498.57293701171875,RoanCamp,2020-12-04,2020-12-04 09:38:10.810,09:38:10,63.02744888888889,24.915411055555552
1209,459493.346,cam1-001-000531-0,7480191.190661273,321630.8290813316,498.5802917480469,RoanCamp,2020-12-04,2020-12-04 09:38:13.346,09:38:13,63.02294044444441,24.916524077777787
1210,459494.814,cam1-001-000532-0,7480189.892370641,321619.5734688868,498.6427307128906,RoanCamp,2020-12-04,2020-12-04 09:38:14.814,09:38:14,63.020330666666645,24.917168366666672
1211,459496.816,cam1-001-000533-0,7480188.106294246,321603.36717092525,498.7203063964844,RoanCamp,2020-12-04,2020-12-04 09:38:16.816,09:38:16,63.01677155555557,24.91804702222222
1212,459498.818,cam1-001-000534-0,7480186.017976575,321587.59895058325,498.7333068847656,RoanCamp,2020-12-04,2020-12-04 09:38:18.818,09:38:18,63.01321244444439,24.91892567777779
1213,459500.82,cam1-001-000535-0,7480184.177756086,321571.88665195764,498.7558898925781,RoanCamp,2020-12-04,2020-12-04 09:38:20.820,09:38:20,63.00965333333332,24.919804333333335
1214,459503.223,cam1-001-000536-0,7480182.036040996,321553.1250673481,498.6602783203125,RoanCamp,2020-12-04,2020-12-04 09:38:23.223,09:38:23,63.00538133333333,24.920858983333332
1215,459504.824,cam1-001-000537-0,7480180.730763419,321540.5879522052,498.52471923828125,RoanCamp,2020-12-04,2020-12-04 09:38:24.824,09:38:24,63.00253511111107,24.921561644444452
1216,459506.826,cam1-001-000538-0,7480178.849165287,321524.1597551276,498.4127502441406,RoanCamp,2020-12-04,2020-12-04 09:38:26.826,09:38:26,62.998976,24.922440299999998
1217,459508.828,cam1-001-000539-0,7480177.101648522,321508.2944298851,498.4927062988281,RoanCamp,2020-12-04,2020-12-04 09:38:28.828,09:38:28,62.995416888888926,24.923318955555544
1218,459511.364,cam1-001-000540-0,7480174.753142465,321488.1999825596,498.53485107421875,RoanCamp,2020-12-04,2020-12-04 09:38:31.364,09:38:31,62.99090844444444,24.92443197777778
1219,459512.832,cam1-001-000541-0,7480173.28293951,321477.0254311909,498.4278564453125,RoanCamp,2020-12-04,2020-12-04 09:38:32.832,09:38:32,62.98829866666667,24.925076266666665
1220,459514.834,cam1-001-000542-0,7480171.379933676,321460.69664074574,498.1265869140625,RoanCamp,2020-12-04,2020-12-04 09:38:34.834,09:38:34,62.984739555555606,24.92595492222221
1221,459516.836,cam1-001-000543-0,7480169.409243902,321444.7029659363,498.0565185546875,RoanCamp,2020-12-04,2020-12-04 09:38:36.836,09:38:36,62.981180444444426,24.92683357777778
1222,459519.372,cam1-001-000544-0,7480166.986130868,321424.3804175481,498.0032958984375,RoanCamp,2020-12-04,2020-12-04 09:38:39.372,09:38:39,62.97667200000004,24.927946599999988
1223,459520.84,cam1-001-000545-0,7480165.742993334,321412.8764541338,497.9561767578125,RoanCamp,2020-12-04,2020-12-04 09:38:40.840,09:38:40,62.97406222222217,24.9285908888889
1224,459522.709,cam1-001-000546-0,7480163.951816423,321397.5051797038,497.9216003417969,RoanCamp,2020-12-04,2020-12-04 09:38:42.709,09:38:42,62.9707395555556,24.92941117222221
1225,459524.711,cam1-001-000547-0,7480161.980829253,321381.73708726995,498.07720947265625,RoanCamp,2020-12-04,2020-12-04 09:38:44.711,09:38:44,62.96718044444442,24.93028982777778
1226,459527.38,cam1-001-000548-0,7480159.760830518,321360.4761731101,498.189208984375,RoanCamp,2020-12-04,2020-12-04 09:38:47.380,09:38:47,62.962435555555544,24.931461222222225
1227,459528.715,cam1-001-000549-0,7480158.598209104,321349.79095407715,498.26043701171875,RoanCamp,2020-12-04,2020-12-04 09:38:48.715,09:38:48,62.96006222222218,24.932047138888898
1228,459530.717,cam1-001-000550-0,7480156.687075969,321333.9766470684,498.2802429199219,RoanCamp,2020-12-04,2020-12-04 09:38:50.717,09:38:50,62.956503111111104,24.932925794444444
1229,459532.719,cam1-001-000551-0,7480154.963397268,321318.1005554847,498.25762939453125,RoanCamp,2020-12-04,2020-12-04 09:38:52.719,09:38:52,62.95294400000003,24.93380444999999
1230,459534.854,cam1-001-000552-0,7480153.136126662,321301.03586397745,498.160888671875,RoanCamp,2020-12-04,2020-12-04 09:38:54.854,09:38:54,62.94914844444446,24.934741477777774
1231,459537.257,cam1-001-000553-0,7480150.70223186,321282.02499580826,498.2115173339844,RoanCamp,2020-12-04,2020-12-04 09:38:57.257,09:38:57,62.944876444444475,24.93579612777777
1232,459538.725,cam1-001-000554-0,7480149.210166113,321269.97871094104,498.2196044921875,RoanCamp,2020-12-04,2020-12-04 09:38:58.725,09:38:58,62.94226666666671,24.936440416666656
1233,459540.727,cam1-001-000555-0,7480147.321036732,321254.32025524054,498.3268127441406,RoanCamp,2020-12-04,2020-12-04 09:39:00.727,09:39:00,62.93870755555553,24.937319072222227
1234,459542.729,cam1-001-000556-0,7480145.495182821,321238.5910971115,498.3199157714844,RoanCamp,2020-12-04,2020-12-04 09:39:02.729,09:39:02,62.93514844444446,24.938197727777773
1235,459545.398,cam1-001-000557-0,7480143.0182463955,321217.1964603276,498.405029296875,RoanCamp,2020-12-04,2020-12-04 09:39:05.398,09:39:05,62.93040355555558,24.939369122222214
1236,459546.733,cam1-001-000558-0,7480141.670946835,321206.36161691026,498.3458251953125,RoanCamp,2020-12-04,2020-12-04 09:39:06.733,09:39:06,62.928030222222205,24.93995503888889
1237,459548.735,cam1-001-000559-0,7480139.749058032,321190.5313445561,498.18060302734375,RoanCamp,2020-12-04,2020-12-04 09:39:08.735,09:39:08,62.92447111111114,24.940833694444436
1238,459550.737,cam1-001-000560-0,7480137.91146037,321174.67541493097,498.2091064453125,RoanCamp,2020-12-04,2020-12-04 09:39:10.737,09:39:10,62.92091199999996,24.94171235000001
1239,459552.872,cam1-001-000561-0,7480135.96067383,321157.52147195826,498.2703552246094,RoanCamp,2020-12-04,2020-12-04 09:39:12.872,09:39:12,62.91711644444449,24.942649377777766
1240,459555.274,cam1-001-000562-0,7480133.877426484,321138.52034466655,498.4638977050781,RoanCamp,2020-12-04,2020-12-04 09:39:15.274,09:39:15,62.912846222222264,24.943703588888877
1241,459556.743,cam1-001-000563-0,7480132.4845554205,321126.39372552047,498.46142578125,RoanCamp,2020-12-04,2020-12-04 09:39:16.743,09:39:16,62.91023466666664,24.944348316666673
1242,459558.745,cam1-001-000564-0,7480130.511245835,321110.59838582494,498.4883117675781,RoanCamp,2020-12-04,2020-12-04 09:39:18.745,09:39:18,62.906675555555566,24.94522697222222
1243,459560.747,cam1-001-000565-0,7480128.736708039,321095.0871872701,498.5294189453125,RoanCamp,2020-12-04,2020-12-04 09:39:20.747,09:39:20,62.90311644444449,24.946105627777765
1244,459563.416,cam1-001-000566-0,7480126.296351908,321073.98837581766,498.5594177246094,RoanCamp,2020-12-04,2020-12-04 09:39:23.416,09:39:23,62.89837155555551,24.947277022222234
1245,459564.751,cam1-001-000567-0,7480125.088360429,321063.25385775603,498.5014343261719,RoanCamp,2020-12-04,2020-12-04 09:39:24.751,09:39:24,62.89599822222224,24.947862938888882
1246,459566.753,cam1-001-000568-0,7480123.278295008,321047.4307679717,498.4114990234375,RoanCamp,2020-12-04,2020-12-04 09:39:26.753,09:39:26,62.89243911111107,24.948741594444456
1247,459568.755,cam1-001-000569-0,7480121.460451706,321031.7694835132,498.36212158203125,RoanCamp,2020-12-04,2020-12-04 09:39:28.755,09:39:28,62.88887999999999,24.949620250000002
1248,459570.89,cam1-001-000570-0,7480119.49097402,321014.8535759557,498.3985595703125,RoanCamp,2020-12-04,2020-12-04 09:39:30.890,09:39:30,62.885084444444416,24.950557277777783
1249,459573.292,cam1-001-000571-0,7480117.105876518,320995.91973692615,498.42694091796875,RoanCamp,2020-12-04,2020-12-04 09:39:33.292,09:39:33,62.88081422222219,24.951611488888894
1250,459574.761,cam1-001-000572-0,7480115.760873534,320983.8842096404,498.4739990234375,RoanCamp,2020-12-04,2020-12-04 09:39:34.761,09:39:34,62.87820266666667,24.952256216666665
1251,459576.762,cam1-001-000573-0,7480113.934779011,320968.0886503086,498.4202880859375,RoanCamp,2020-12-04,2020-12-04 09:39:36.762,09:39:36,62.874645333333355,24.953134433333325
1252,459578.764,cam1-001-000574-0,7480112.030773671,320952.5746624031,498.5518798828125,RoanCamp,2020-12-04,2020-12-04 09:39:38.764,09:39:38,62.871086222222175,24.9540130888889
1253,459581.434,cam1-001-000575-0,7480109.597445297,320931.32531253283,498.5812072753906,RoanCamp,2020-12-04,2020-12-04 09:39:41.434,09:39:41,62.86633955555554,24.955184922222223
1254,459582.768,cam1-001-000576-0,7480108.350431021,320920.65362659056,498.65826416015625,RoanCamp,2020-12-04,2020-12-04 09:39:42.768,09:39:42,62.86396800000003,24.95577039999999
1255,459584.77,cam1-001-000577-0,7480106.55239539,320904.8291463313,498.68939208984375,RoanCamp,2020-12-04,2020-12-04 09:39:44.770,09:39:44,62.860408888888855,24.956649055555562
1256,459586.772,cam1-001-000578-0,7480104.634585675,320888.8574146476,498.6414794921875,RoanCamp,2020-12-04,2020-12-04 09:39:46.772,09:39:46,62.85684977777778,24.95752771111111
1257,459589.442,cam1-001-000579-0,7480102.273749041,320867.31026100233,498.71978759765625,RoanCamp,2020-12-04,2020-12-04 09:39:49.442,09:39:49,62.85210311111115,24.958699544444436
1258,459590.776,cam1-001-000580-0,7480101.142977674,320857.14028783765,498.69085693359375,RoanCamp,2020-12-04,2020-12-04 09:39:50.776,09:39:50,62.849731555555536,24.959285022222225
1259,459592.778,cam1-001-000581-0,7480099.227204008,320840.74327804334,498.5683288574219,RoanCamp,2020-12-04,2020-12-04 09:39:52.778,09:39:52,62.84617244444446,24.96016367777777
1260,459594.78,cam1-001-000582-0,7480097.415719352,320825.00237157394,498.5602722167969,RoanCamp,2020-12-04,2020-12-04 09:39:54.780,09:39:54,62.84261333333328,24.961042333333346
1261,459596.916,cam1-001-000583-0,7480095.510029652,320807.8332896724,498.5677490234375,RoanCamp,2020-12-04,2020-12-04 09:39:56.916,09:39:56,62.83881599999995,24.96197980000001
1262,459599.318,cam1-001-000584-0,7480093.455817178,320789.04822979984,498.7054443359375,RoanCamp,2020-12-04,2020-12-04 09:39:59.318,09:39:59,62.83454577777773,24.963034011111123
1263,459600.786,cam1-001-000585-0,7480092.105169084,320777.1275841178,498.7074890136719,RoanCamp,2020-12-04,2020-12-04 09:40:00.786,09:40:00,62.83193599999996,24.96367830000001
1264,459602.788,cam1-001-000586-0,7480090.282433515,320761.4443903457,498.6195983886719,RoanCamp,2020-12-04,2020-12-04 09:40:02.788,09:40:02,62.82837688888889,24.964556955555555
1265,459604.79,cam1-001-000587-0,7480088.445545059,320745.8080473529,498.7428283691406,RoanCamp,2020-12-04,2020-12-04 09:40:04.790,09:40:04,62.82481777777782,24.9654356111111
1266,459607.46,cam1-001-000588-0,7480085.572909176,320724.39736208506,498.6729431152344,RoanCamp,2020-12-04,2020-12-04 09:40:07.460,09:40:07,62.820071111111076,24.966607444444453
1267,459608.794,cam1-001-000589-0,7480084.529053244,320714.48580819764,498.63433837890625,RoanCamp,2020-12-04,2020-12-04 09:40:08.794,09:40:08,62.81769955555556,24.967192922222218
1268,459610.796,cam1-001-000590-0,7480082.730656922,320698.2333296753,498.60809326171875,RoanCamp,2020-12-04,2020-12-04 09:40:10.796,09:40:10,62.81414044444449,24.968071577777764
1269,459612.798,cam1-001-000591-0,7480080.803521301,320682.6404262278,498.44482421875,RoanCamp,2020-12-04,2020-12-04 09:40:12.798,09:40:12,62.81058133333332,24.968950233333338
1270,459614.8,cam1-001-000592-0,7480078.754331546,320666.9621947207,498.4388122558594,RoanCamp,2020-12-04,2020-12-04 09:40:14.800,09:40:14,62.807022222222244,24.969828888888884
1271,459617.336,cam1-001-000593-0,7480076.530507191,320646.91696552694,498.5699157714844,RoanCamp,2020-12-04,2020-12-04 09:40:17.336,09:40:17,62.80251377777776,24.970941911111115
1272,459618.804,cam1-001-000594-0,7480075.137757391,320634.90889907343,498.7138366699219,RoanCamp,2020-12-04,2020-12-04 09:40:18.804,09:40:18,62.79990399999999,24.9715862
1273,459620.806,cam1-001-000595-0,7480073.378119649,320618.9682869279,498.7490539550781,RoanCamp,2020-12-04,2020-12-04 09:40:20.806,09:40:20,62.79634488888892,24.972464855555547
1274,459622.808,cam1-001-000596-0,7480071.3353569,320602.8671508633,498.67626953125,RoanCamp,2020-12-04,2020-12-04 09:40:22.808,09:40:22,62.792785777777745,24.973343511111118
1275,459625.344,cam1-001-000597-0,7480068.901982129,320582.3817535435,498.7460021972656,RoanCamp,2020-12-04,2020-12-04 09:40:25.344,09:40:25,62.78827733333336,24.974456533333324
1276,459626.812,cam1-001-000598-0,7480067.573026401,320570.2066957612,498.8591613769531,RoanCamp,2020-12-04,2020-12-04 09:40:26.812,09:40:26,62.7856675555556,24.97510082222221
1277,459628.814,cam1-001-000599-0,7480065.691640601,320554.28859640297,498.9143371582031,RoanCamp,2020-12-04,2020-12-04 09:40:28.814,09:40:28,62.78210844444442,24.975979477777784
1278,459630.816,cam1-001-000600-0,7480063.842412877,320538.6214493228,498.9529113769531,RoanCamp,2020-12-04,2020-12-04 09:40:30.816,09:40:30,62.778549333333345,24.97685813333333
1279,459633.352,cam1-001-000601-0,7480061.471029965,320518.681234838,498.9718322753906,RoanCamp,2020-12-04,2020-12-04 09:40:33.352,09:40:33,62.77404088888886,24.97797115555556
1280,459634.82,cam1-001-000602-0,7480060.121833811,320507.387143898,498.92950439453125,RoanCamp,2020-12-04,2020-12-04 09:40:34.820,09:40:34,62.7714311111111,24.978615444444447
1281,459636.822,cam1-001-000603-0,7480058.251579182,320491.0186250005,498.9813232421875,RoanCamp,2020-12-04,2020-12-04 09:40:36.822,09:40:36,62.767872000000025,24.979494099999993
1282,459638.824,cam1-001-000604-0,7480056.46088102,320475.31810058065,499.0563049316406,RoanCamp,2020-12-04,2020-12-04 09:40:38.824,09:40:38,62.76431288888885,24.980372755555564
1283,459640.826,cam1-001-000605-0,7480054.633781671,320459.5064360788,499.1037902832031,RoanCamp,2020-12-04,2020-12-04 09:40:40.826,09:40:40,62.76075377777778,24.98125141111111
1284,459643.362,cam1-001-000606-0,7480052.344601218,320439.42681677034,499.1428527832031,RoanCamp,2020-12-04,2020-12-04 09:40:43.362,09:40:43,62.75624533333329,24.98236443333334
1285,459644.83,cam1-001-000607-0,7480050.771610812,320427.2061850142,499.2850036621094,RoanCamp,2020-12-04,2020-12-04 09:40:44.830,09:40:44,62.753635555555526,24.983008722222227
1286,459646.832,cam1-001-000608-0,7480051.064599205,320413.156386852,499.28741455078125,RoanCamp,2020-12-04,2020-12-04 09:40:46.832,09:40:46,62.75007644444445,24.983887377777776
1287,459648.834,cam1-001-000609-0,7480053.254335023,320408.9492882651,498.88348388671875,RoanCamp,2020-12-04,2020-12-04 09:40:48.834,09:40:48,62.74651733333338,24.984766033333322
1288,459651.37,cam1-001-000610-0,7480059.433336243,320410.05408293736,498.41864013671875,RoanCamp,2020-12-04,2020-12-04 09:40:51.370,09:40:51,62.7420088888889,24.985879055555554
1289,459652.838,cam1-001-000611-0,7480069.156236465,320409.57234735216,498.3912658691406,RoanCamp,2020-12-04,2020-12-04 09:40:52.838,09:40:52,62.73939911111113,24.98652334444444
1290,459654.707,cam1-001-000612-0,7480085.703831412,320409.83721280727,498.8410949707031,RoanCamp,2020-12-04,2020-12-04 09:40:54.707,09:40:54,62.73607644444445,24.987343627777776
1291,459656.709,cam1-001-000613-0,7480102.5322742835,320411.1281284464,499.2370300292969,RoanCamp,2020-12-04,2020-12-04 09:40:56.709,09:40:56,62.73251733333338,24.98822228333332
1292,459658.711,cam1-001-000614-0,7480118.88557709,320412.31551356986,499.3096923828125,RoanCamp,2020-12-04,2020-12-04 09:40:58.711,09:40:58,62.728958222222204,24.989100938888893
1293,459661.38,cam1-001-000615-0,7480140.5274875,320413.3886798257,499.34283447265625,RoanCamp,2020-12-04,2020-12-04 09:41:01.380,09:41:01,62.724213333333324,24.990272333333333
1294,459662.715,cam1-001-000616-0,7480151.446369532,320413.79602343345,499.3529357910156,RoanCamp,2020-12-04,2020-12-04 09:41:02.715,09:41:02,62.72183999999996,24.99085825000001
1295,459664.717,cam1-001-000617-0,7480163.978346907,320420.9347676515,499.9264831542969,RoanCamp,2020-12-04,2020-12-04 09:41:04.717,09:41:04,62.718280888888884,24.991736905555555
1296,459666.718,cam1-001-000618-0,7480163.871005617,320423.75455687364,499.4968566894531,RoanCamp,2020-12-04,2020-12-04 09:41:06.718,09:41:06,62.714723555555565,24.99261512222222
1297,459669.254,cam1-001-000619-0,7480165.672261383,320430.8723708036,499.2453308105469,RoanCamp,2020-12-04,2020-12-04 09:41:09.254,09:41:09,62.71021511111108,24.99372814444445
1298,459670.722,cam1-001-000620-0,7480168.115373735,320441.9646083484,499.2191162109375,RoanCamp,2020-12-04,2020-12-04 09:41:10.722,09:41:10,62.70760533333332,24.994372433333336
1299,459672.724,cam1-001-000621-0,7480170.3032483775,320459.1117850295,499.38916015625,RoanCamp,2020-12-04,2020-12-04 09:41:12.724,09:41:12,62.704046222222246,24.99525108888888
1300,459674.726,cam1-001-000622-0,7480171.964566412,320475.7258718156,499.4216613769531,RoanCamp,2020-12-04,2020-12-04 09:41:14.726,09:41:14,62.700487111111066,24.996129744444453
1301,459677.396,cam1-001-000623-0,7480174.691063586,320497.48851520626,499.4113464355469,RoanCamp,2020-12-04,2020-12-04 09:41:17.396,09:41:17,62.69574044444443,24.99730157777778
1302,459678.73,cam1-001-000624-0,7480175.971643614,320508.310343087,499.5302734375,RoanCamp,2020-12-04,2020-12-04 09:41:18.730,09:41:18,62.69336888888892,24.997887055555545
1303,459680.732,cam1-001-000625-0,7480177.93743888,320524.10572077404,499.74481201171875,RoanCamp,2020-12-04,2020-12-04 09:41:20.732,09:41:20,62.68980977777775,24.99876571111112
1304,459682.734,cam1-001-000626-0,7480179.851871046,320540.01855484146,499.87530517578125,RoanCamp,2020-12-04,2020-12-04 09:41:22.734,09:41:22,62.68625066666667,24.999644366666665
1305,459685.404,cam1-001-000627-0,7480182.283994595,320561.334407264,499.8246154785156,RoanCamp,2020-12-04,2020-12-04 09:41:25.404,09:41:25,62.68150400000003,25.00081619999999
1306,459686.738,cam1-001-000628-0,7480183.48388657,320571.88728168624,499.77972412109375,RoanCamp,2020-12-04,2020-12-04 09:41:26.738,09:41:26,62.67913244444442,25.001401677777782
1307,459688.74,cam1-001-000629-0,7480185.338086592,320587.2054405778,499.6062316894531,RoanCamp,2020-12-04,2020-12-04 09:41:28.740,09:41:28,62.67557333333335,25.002280333333328
1308,459692.878,cam1-001-000630-0,7480203.684894884,320610.563816032,499.48681640625,RoanCamp,2020-12-04,2020-12-04 09:41:32.878,09:41:32,62.66821688888884,25.004096455555565
1309,459694.746,cam1-001-000631-0,7480212.656190995,320622.58374270645,499.6339111328125,RoanCamp,2020-12-04,2020-12-04 09:41:34.746,09:41:34,62.66489600000003,25.00491629999999
1310,459696.748,cam1-001-000632-0,7480222.439814473,320636.62502281374,499.6777038574219,RoanCamp,2020-12-04,2020-12-04 09:41:36.748,09:41:36,62.661336888888854,25.005794955555565
1311,459698.75,cam1-001-000633-0,7480232.615530351,320649.5221602203,499.76861572265625,RoanCamp,2020-12-04,2020-12-04 09:41:38.750,09:41:38,62.65777777777778,25.00667361111111
1312,459701.42,cam1-001-000634-0,7480246.52435377,320667.3172577671,499.8106689453125,RoanCamp,2020-12-04,2020-12-04 09:41:41.420,09:41:41,62.65303111111114,25.007845444444435
1313,459702.754,cam1-001-000635-0,7480252.95887833,320675.6648163341,499.93511962890625,RoanCamp,2020-12-04,2020-12-04 09:41:42.754,09:41:42,62.65065955555553,25.008430922222228
1314,459704.756,cam1-001-000636-0,7480263.416085074,320688.95693124994,499.944091796875,RoanCamp,2020-12-04,2020-12-04 09:41:44.756,09:41:44,62.647100444444455,25.009309577777774
1315,459706.758,cam1-001-000637-0,7480273.386579872,320701.79206031037,500.0053405761719,RoanCamp,2020-12-04,2020-12-04 09:41:46.758,09:41:46,62.64354133333338,25.01018823333332
1316,459708.894,cam1-001-000638-0,7480284.060671087,320715.4097453622,500.2585754394531,RoanCamp,2020-12-04,2020-12-04 09:41:48.894,09:41:48,62.63974400000005,25.011125699999987
1317,459711.296,cam1-001-000639-0,7480295.982053226,320730.64441957674,500.3412780761719,RoanCamp,2020-12-04,2020-12-04 09:41:51.296,09:41:51,62.635473777777825,25.012179911111097
1318,459712.764,cam1-001-000640-0,7480303.527230128,320740.4058482783,500.30975341796875,RoanCamp,2020-12-04,2020-12-04 09:41:52.764,09:41:52,62.632863999999955,25.01282420000001
1319,459714.766,cam1-001-000641-0,7480313.344535988,320752.88903606054,500.235595703125,RoanCamp,2020-12-04,2020-12-04 09:41:54.766,09:41:54,62.62930488888888,25.013702855555557
1320,459716.768,cam1-001-000642-0,7480321.376485287,320763.27106222743,500.6540222167969,RoanCamp,2020-12-04,2020-12-04 09:41:56.768,09:41:56,62.62574577777781,25.014581511111103
1321,459719.438,cam1-001-000643-0,7480327.789162463,320772.45099092554,500.2080993652344,RoanCamp,2020-12-04,2020-12-04 09:41:59.438,09:41:59,62.62099911111107,25.015753344444455
1322,459721.173,cam1-001-000644-0,7480335.362053766,320781.82182410464,499.9522399902344,RoanCamp,2020-12-04,2020-12-04 09:42:01.173,09:42:01,62.61791466666665,25.01651481666667
1323,459722.774,cam1-001-000645-0,7480345.837708318,320794.6147618907,499.7675476074219,RoanCamp,2020-12-04,2020-12-04 09:42:02.774,09:42:02,62.61506844444449,25.017217477777766
1324,459724.776,cam1-001-000646-0,7480360.121946383,320812.5622501762,500.14739990234375,RoanCamp,2020-12-04,2020-12-04 09:42:04.776,09:42:04,62.61150933333331,25.018096133333337
1325,459726.778,cam1-001-000647-0,7480375.02742653,320831.58787253546,500.5198974609375,RoanCamp,2020-12-04,2020-12-04 09:42:06.778,09:42:06,62.607950222222236,25.018974788888883
1326,459729.314,cam1-001-000648-0,7480394.26049198,320856.574969817,500.78521728515625,RoanCamp,2020-12-04,2020-12-04 09:42:09.314,09:42:09,62.60344177777775,25.020087811111114
1327,459730.782,cam1-001-000649-0,7480406.198415844,320872.08620364155,500.89019775390625,RoanCamp,2020-12-04,2020-12-04 09:42:10.782,09:42:10,62.60083199999999,25.020732100000004
1328,459732.784,cam1-001-000650-0,7480422.910422919,320893.5676507019,501.00347900390625,RoanCamp,2020-12-04,2020-12-04 09:42:12.784,09:42:12,62.59727288888892,25.02161075555555
1329,459734.786,cam1-001-000651-0,7480439.523049638,320915.0494482487,501.177978515625,RoanCamp,2020-12-04,2020-12-04 09:42:14.786,09:42:14,62.59371377777774,25.02248941111112
1330,459737.322,cam1-001-000652-0,7480461.002718637,320942.42742260825,501.1358947753906,RoanCamp,2020-12-04,2020-12-04 09:42:17.322,09:42:17,62.58920533333336,25.023602433333327
1331,459738.79,cam1-001-000653-0,7480472.815408128,320957.46641723334,501.1298828125,RoanCamp,2020-12-04,2020-12-04 09:42:18.790,09:42:18,62.58659555555559,25.024246722222212
1332,459740.792,cam1-001-000654-0,7480489.823463946,320979.2057722814,500.9726867675781,RoanCamp,2020-12-04,2020-12-04 09:42:20.792,09:42:20,62.58303644444442,25.025125377777783
1333,459742.794,cam1-001-000655-0,7480506.528901767,321000.2816621219,500.8935546875,RoanCamp,2020-12-04,2020-12-04 09:42:22.794,09:42:22,62.579477333333344,25.02600403333333
1334,459745.463,cam1-001-000656-0,7480529.188606454,321028.9997234474,500.89263916015625,RoanCamp,2020-12-04,2020-12-04 09:42:25.463,09:42:25,62.574732444444464,25.02717542777777
1335,459746.798,cam1-001-000657-0,7480540.004867202,321042.67721484066,500.8243408203125,RoanCamp,2020-12-04,2020-12-04 09:42:26.798,09:42:26,62.5723591111111,25.027761344444446
1336,459748.8,cam1-001-000658-0,7480557.4994739685,321065.1216612375,500.66015625,RoanCamp,2020-12-04,2020-12-04 09:42:28.800,09:42:28,62.568800000000024,25.028639999999992
1337,459750.802,cam1-001-000659-0,7480574.037379445,321086.531394768,500.5796813964844,RoanCamp,2020-12-04,2020-12-04 09:42:30.802,09:42:30,62.565240888888844,25.029518655555567
1338,459752.804,cam1-001-000660-0,7480590.477146428,321107.90303601837,500.0691833496094,RoanCamp,2020-12-04,2020-12-04 09:42:32.804,09:42:32,62.56168177777777,25.030397311111113
1339,459755.34,cam1-001-000661-0,7480611.7415350545,321135.71963722166,496.9772033691406,RoanCamp,2020-12-04,2020-12-04 09:42:35.340,09:42:35,62.55717333333329,25.031510333333344
1340,459756.808,cam1-001-000662-0,7480623.4899939485,321151.23895125685,494.9908447265625,RoanCamp,2020-12-04,2020-12-04 09:42:36.808,09:42:36,62.55456355555552,25.03215462222223
1341,459758.81,cam1-001-000663-0,7480640.300244955,321173.2149970041,491.9125671386719,RoanCamp,2020-12-04,2020-12-04 09:42:38.810,09:42:38,62.55100444444445,25.033033277777776
1342,459760.812,cam1-001-000664-0,7480656.750173846,321194.4613919698,489.04876708984375,RoanCamp,2020-12-04,2020-12-04 09:42:40.812,09:42:40,62.54744533333338,25.03391193333332
1343,459763.348,cam1-001-000665-0,7480677.8719962705,321221.43086153443,485.38201904296875,RoanCamp,2020-12-04,2020-12-04 09:42:43.348,09:42:43,62.54293688888889,25.035024955555553
1344,459764.816,cam1-001-000666-0,7480688.982556347,321235.63708597666,486.5559997558594,RoanCamp,2020-12-04,2020-12-04 09:42:44.816,09:42:44,62.540327111111125,25.03566924444444
1345,459766.818,cam1-001-000667-0,7480696.672860812,321246.9146938503,484.91986083984375,RoanCamp,2020-12-04,2020-12-04 09:42:46.818,09:42:46,62.53676799999995,25.036547900000013
1346,459768.82,cam1-001-000668-0,7480711.003847519,321265.3093917038,481.2424621582031,RoanCamp,2020-12-04,2020-12-04 09:42:48.820,09:42:48,62.53320888888888,25.03742655555556
1347,459770.822,cam1-001-000669-0,7480728.946296873,321288.0600518909,478.44720458984375,RoanCamp,2020-12-04,2020-12-04 09:42:50.822,09:42:50,62.529649777777806,25.038305211111105
1348,459773.358,cam1-001-000670-0,7480751.505618734,321317.31941665965,475.389892578125,RoanCamp,2020-12-04,2020-12-04 09:42:53.358,09:42:53,62.52514133333332,25.039418233333336
1349,459774.826,cam1-001-000671-0,7480763.9506363645,321333.7202983442,473.5904235839844,RoanCamp,2020-12-04,2020-12-04 09:42:54.826,09:42:54,62.52253155555555,25.04006252222222
1350,459776.828,cam1-001-000672-0,7480781.655341814,321357.07278641826,470.85406494140625,RoanCamp,2020-12-04,2020-12-04 09:42:56.828,09:42:56,62.51897244444448,25.040941177777768
1351,459778.83,cam1-001-000673-0,7480798.530796557,321379.5279284447,467.974853515625,RoanCamp,2020-12-04,2020-12-04 09:42:58.830,09:42:58,62.515413333333306,25.04181983333334
1352,459781.366,cam1-001-000674-0,7480820.375032846,321408.4806633831,463.9401550292969,RoanCamp,2020-12-04,2020-12-04 09:43:01.366,09:43:01,62.51090488888892,25.042932855555545
1353,459782.834,cam1-001-000675-0,7480832.713214003,321424.7425774571,461.1407775878906,RoanCamp,2020-12-04,2020-12-04 09:43:02.834,09:43:02,62.50829511111116,25.04357714444443
1354,459784.836,cam1-001-000676-0,7480850.420747833,321447.89387453476,457.0127258300781,RoanCamp,2020-12-04,2020-12-04 09:43:04.836,09:43:04,62.50473599999998,25.044455800000005
1355,459786.838,cam1-001-000677-0,7480867.510342756,321470.09240882215,452.9219970703125,RoanCamp,2020-12-04,2020-12-04 09:43:06.838,09:43:06,62.50117688888891,25.04533445555555
1356,459789.374,cam1-001-000678-0,7480888.869806439,321497.9839075831,447.7301330566406,RoanCamp,2020-12-04,2020-12-04 09:43:09.374,09:43:09,62.496668444444424,25.046447477777782
1357,459790.842,cam1-001-000679-0,7480900.736400852,321513.621784352,444.8312072753906,RoanCamp,2020-12-04,2020-12-04 09:43:10.842,09:43:10,62.49405866666666,25.047091766666668
1358,459792.71,cam1-001-000680-0,7480914.636497106,321534.35838581587,440.6883239746094,RoanCamp,2020-12-04,2020-12-04 09:43:12.710,09:43:12,62.49073777777774,25.047911611111118
1359,459794.712,cam1-001-000681-0,7480926.914940944,321554.0199980907,435.85693359375,RoanCamp,2020-12-04,2020-12-04 09:43:14.712,09:43:14,62.487178666666665,25.048790266666664
1360,459796.848,cam1-001-000682-0,7480939.117319144,321573.3612863119,432.3943786621094,RoanCamp,2020-12-04,2020-12-04 09:43:16.848,09:43:16,62.483381333333334,25.04972773333333
1361,460217.532,cam1-002-000000-0,7481057.36940637,321698.5611017178,406.2788391113281,RoanCamp,2020-12-04,2020-12-04 09:50:17.532,09:50:17,61.73549866666666,25.234361266666667
1362,460219.0,cam1-002-000001-0,7481057.629954969,321699.4086845076,409.9112548828125,RoanCamp,2020-12-04,2020-12-04 09:50:19.000,09:50:19,61.732888888888894,25.235005555555553
1363,460222.07,cam1-002-000002-0,7481058.414223414,321708.5882934282,417.59332275390625,RoanCamp,2020-12-04,2020-12-04 09:50:22.070,09:50:22,61.7274311111111,25.236352944444445
1364,460223.004,cam1-002-000003-0,7481057.220601053,321712.0551942734,419.8390197753906,RoanCamp,2020-12-04,2020-12-04 09:50:23.004,09:50:23,61.72577066666664,25.236762866666673
1365,460225.006,cam1-002-000004-0,7481053.192902208,321721.87439750903,425.07855224609375,RoanCamp,2020-12-04,2020-12-04 09:50:25.006,09:50:25,61.72221155555557,25.23764152222222
1366,460226.875,cam1-002-000005-0,7481049.298316032,321730.9181445945,430.4236755371094,RoanCamp,2020-12-04,2020-12-04 09:50:26.875,09:50:26,61.71888888888889,25.238461805555556
1367,460228.877,cam1-002-000006-0,7481046.300274998,321737.561194542,436.0438537597656,RoanCamp,2020-12-04,2020-12-04 09:50:28.877,09:50:28,61.71532977777782,25.2393404611111
1368,460231.546,cam1-002-000007-0,7481038.411901313,321759.8681974469,443.4922790527344,RoanCamp,2020-12-04,2020-12-04 09:50:31.546,09:50:31,61.71058488888894,25.240511855555543
1369,460232.881,cam1-002-000008-0,7481033.741299078,321772.3027275431,447.17999267578125,RoanCamp,2020-12-04,2020-12-04 09:50:32.881,09:50:32,61.708211555555565,25.24109777222222
1370,460234.883,cam1-002-000009-0,7481023.769167453,321792.12684753153,452.3387451171875,RoanCamp,2020-12-04,2020-12-04 09:50:34.883,09:50:34,61.70465244444449,25.241976427777765
1371,460236.885,cam1-002-000010-0,7481011.282175847,321810.4851894784,456.2183837890625,RoanCamp,2020-12-04,2020-12-04 09:50:36.885,09:50:36,61.70109333333332,25.242855083333335
1372,460239.554,cam1-002-000011-0,7480992.647451016,321832.894790668,461.4925537109375,RoanCamp,2020-12-04,2020-12-04 09:50:39.554,09:50:39,61.69634844444444,25.24402647777778
1373,460240.889,cam1-002-000012-0,7480979.650690999,321843.2576073173,464.13671875,RoanCamp,2020-12-04,2020-12-04 09:50:40.889,09:50:40,61.69397511111107,25.244612394444452
1374,460242.891,cam1-002-000013-0,7480959.3316882085,321859.9720990275,467.99041748046875,RoanCamp,2020-12-04,2020-12-04 09:50:42.891,09:50:42,61.690416,25.24549105
1375,460244.893,cam1-002-000014-0,7480938.931779478,321877.0018856043,471.9703369140625,RoanCamp,2020-12-04,2020-12-04 09:50:44.893,09:50:44,61.686856888888926,25.246369705555548
1376,460247.028,cam1-002-000015-0,7480918.017323943,321894.65579632943,475.9979248046875,RoanCamp,2020-12-04,2020-12-04 09:50:47.028,09:50:47,61.68306133333335,25.24730673333333
1377,460249.431,cam1-002-000016-0,7480894.317125484,321915.08861146565,480.5210266113281,RoanCamp,2020-12-04,2020-12-04 09:50:49.431,09:50:49,61.67878933333337,25.248361383333325
1378,460250.899,cam1-002-000017-0,7480880.10992939,321927.72716145543,483.2682189941406,RoanCamp,2020-12-04,2020-12-04 09:50:50.899,09:50:50,61.6761795555556,25.24900567222221
1379,460252.901,cam1-002-000018-0,7480859.1186888,321946.58934046986,487.1247253417969,RoanCamp,2020-12-04,2020-12-04 09:50:52.901,09:50:52,61.672620444444426,25.24988432777778
1380,460254.903,cam1-002-000019-0,7480838.431091092,321964.8442576109,490.7201843261719,RoanCamp,2020-12-04,2020-12-04 09:50:54.903,09:50:54,61.66906133333335,25.250762983333328
1381,460257.572,cam1-002-000020-0,7480810.9231222365,321988.8917322512,495.59661865234375,RoanCamp,2020-12-04,2020-12-04 09:50:57.572,09:50:57,61.664316444444474,25.25193437777777
1382,460258.907,cam1-002-000021-0,7480796.680419926,322001.3123501959,498.1877136230469,RoanCamp,2020-12-04,2020-12-04 09:50:58.907,09:50:58,61.6619431111111,25.252520294444444
1383,460260.909,cam1-002-000022-0,7480775.728025693,322019.57210796047,502.050537109375,RoanCamp,2020-12-04,2020-12-04 09:51:00.909,09:51:00,61.65838400000003,25.25339894999999
1384,460262.911,cam1-002-000023-0,7480753.811178291,322038.6748641293,506.0317077636719,RoanCamp,2020-12-04,2020-12-04 09:51:02.911,09:51:02,61.654824888888854,25.254277605555565
1385,460265.046,cam1-002-000024-0,7480730.963349289,322058.63214603637,510.05242919921875,RoanCamp,2020-12-04,2020-12-04 09:51:05.046,09:51:05,61.65102933333338,25.25521463333332
1386,460267.448,cam1-002-000025-0,7480705.580177068,322080.9173632243,514.590087890625,RoanCamp,2020-12-04,2020-12-04 09:51:07.448,09:51:07,61.64675911111116,25.25626884444443
1387,460268.917,cam1-002-000026-0,7480690.265140278,322094.48374026414,517.330322265625,RoanCamp,2020-12-04,2020-12-04 09:51:08.917,09:51:08,61.64414755555553,25.256913572222228
1388,460270.919,cam1-002-000027-0,7480668.2316020755,322113.60196154134,521.3311157226562,RoanCamp,2020-12-04,2020-12-04 09:51:10.919,09:51:10,61.640588444444454,25.257792227777774
1389,460272.921,cam1-002-000028-0,7480647.034402935,322131.9729632579,525.1015014648438,RoanCamp,2020-12-04,2020-12-04 09:51:12.921,09:51:12,61.63702933333338,25.25867088333332
1390,460275.59,cam1-002-000029-0,7480617.74268644,322157.0768745245,527.8822631835938,RoanCamp,2020-12-04,2020-12-04 09:51:15.590,09:51:15,61.6322844444444,25.25984227777779
1391,460276.925,cam1-002-000030-0,7480603.877255187,322168.99882683763,527.1990966796875,RoanCamp,2020-12-04,2020-12-04 09:51:16.925,09:51:16,61.629911111111134,25.260428194444437
1392,460278.927,cam1-002-000031-0,7480581.372906202,322188.3707625174,525.2034301757812,RoanCamp,2020-12-04,2020-12-04 09:51:18.927,09:51:18,61.626351999999955,25.26130685000001
1393,460280.929,cam1-002-000032-0,7480559.227787299,322206.29708401836,523.2579956054688,RoanCamp,2020-12-04,2020-12-04 09:51:20.929,09:51:20,61.62279288888888,25.262185505555557
1394,460282.931,cam1-002-000033-0,7480536.901317636,322224.0819813333,519.6842651367188,RoanCamp,2020-12-04,2020-12-04 09:51:22.931,09:51:22,61.61923377777781,25.263064161111103
1395,460285.466,cam1-002-000034-0,7480507.957292739,322247.334504564,513.2134399414062,RoanCamp,2020-12-04,2020-12-04 09:51:25.466,09:51:25,61.61472711111109,25.26417674444445
1396,460286.935,cam1-002-000035-0,7480491.612529899,322260.5223723587,509.43426513671875,RoanCamp,2020-12-04,2020-12-04 09:51:26.935,09:51:26,61.61211555555556,25.26482147222222
1397,460288.937,cam1-002-000036-0,7480467.522163581,322278.37368936645,505.4365539550781,RoanCamp,2020-12-04,2020-12-04 09:51:28.937,09:51:28,61.60855644444449,25.265700127777766
1398,460290.939,cam1-002-000037-0,7480444.053109217,322294.7361645934,504.928466796875,RoanCamp,2020-12-04,2020-12-04 09:51:30.939,09:51:30,61.60499733333331,25.266578783333337
1399,460293.608,cam1-002-000038-0,7480412.206478894,322316.73133589036,504.7055358886719,RoanCamp,2020-12-04,2020-12-04 09:51:33.608,09:51:33,61.600252444444436,25.26775017777778
1400,460294.942,cam1-002-000039-0,7480397.1599699445,322326.8450098291,504.7234802246094,RoanCamp,2020-12-04,2020-12-04 09:51:34.942,09:51:34,61.59788088888892,25.268335655555546
1401,460296.944,cam1-002-000040-0,7480373.066849707,322342.6520477374,504.98443603515625,RoanCamp,2020-12-04,2020-12-04 09:51:36.944,09:51:36,61.59432177777775,25.269214311111117
1402,460298.946,cam1-002-000041-0,7480351.981853765,322356.41658754594,505.0525207519531,RoanCamp,2020-12-04,2020-12-04 09:51:38.946,09:51:38,61.59076266666668,25.270092966666663
1403,460300.948,cam1-002-000042-0,7480329.627748706,322371.66056546615,505.20416259765625,RoanCamp,2020-12-04,2020-12-04 09:51:40.948,09:51:40,61.587203555555604,25.27097162222221
1404,460303.484,cam1-002-000043-0,7480303.525422697,322389.17645122926,505.70343017578125,RoanCamp,2020-12-04,2020-12-04 09:51:43.484,09:51:43,61.58269511111112,25.27208464444444
1405,460304.952,cam1-002-000044-0,7480295.35040908,322393.7176485952,505.4483947753906,RoanCamp,2020-12-04,2020-12-04 09:51:44.952,09:51:44,61.58008533333335,25.272728933333326
1406,460308.956,cam1-002-000045-0,7480284.748454651,322401.62370628014,501.2713623046875,RoanCamp,2020-12-04,2020-12-04 09:51:48.956,09:51:48,61.572967111111105,25.274486244444446
1407,460310.958,cam1-002-000046-0,7480281.2300102785,322399.08390273014,500.88287353515625,RoanCamp,2020-12-04,2020-12-04 09:51:50.958,09:51:50,61.56940800000003,25.275364899999992
1408,460314.295,cam1-002-000047-0,7480281.432402376,322387.1915446185,500.19183349609375,RoanCamp,2020-12-04,2020-12-04 09:51:54.295,09:51:54,61.563475555555584,25.276829472222214
1409,460314.962,cam1-002-000048-0,7480280.501989814,322381.7222954055,499.9948425292969,RoanCamp,2020-12-04,2020-12-04 09:51:54.962,09:51:54,61.56228977777778,25.27712221111111
1410,460316.964,cam1-002-000049-0,7480277.532226583,322364.5556924839,499.7895202636719,RoanCamp,2020-12-04,2020-12-04 09:51:56.964,09:51:56,61.558730666666705,25.278000866666655
1411,460318.966,cam1-002-000050-0,7480275.738139643,322347.59767156513,499.8832702636719,RoanCamp,2020-12-04,2020-12-04 09:51:58.966,09:51:58,61.55517155555553,25.278879522222226
1412,460320.968,cam1-002-000051-0,7480274.038154669,322331.39516661223,499.956787109375,RoanCamp,2020-12-04,2020-12-04 09:52:00.968,09:52:00,61.55161244444446,25.279758177777772
1413,460323.638,cam1-002-000052-0,7480271.475507539,322309.870573044,499.8980407714844,RoanCamp,2020-12-04,2020-12-04 09:52:03.638,09:52:03,61.54686577777782,25.2809300111111
1414,460324.972,cam1-002-000053-0,7480270.111076698,322299.22265179316,499.95361328125,RoanCamp,2020-12-04,2020-12-04 09:52:04.972,09:52:04,61.544494222222205,25.281515488888893
1415,460326.974,cam1-002-000054-0,7480267.9850225225,322283.4713717976,500.0528564453125,RoanCamp,2020-12-04,2020-12-04 09:52:06.974,09:52:06,61.54093511111113,25.28239414444444
1416,460328.976,cam1-002-000055-0,7480266.037000308,322267.89170053916,500.07147216796875,RoanCamp,2020-12-04,2020-12-04 09:52:08.976,09:52:08,61.53737599999996,25.28327280000001
1417,460330.978,cam1-002-000056-0,7480263.843610514,322251.94990717346,500.1641540527344,RoanCamp,2020-12-04,2020-12-04 09:52:10.978,09:52:10,61.533816888888886,25.284151455555556
1418,460333.514,cam1-002-000057-0,7480261.623779081,322231.73952837085,500.2906188964844,RoanCamp,2020-12-04,2020-12-04 09:52:13.514,09:52:13,61.5293084444444,25.285264477777787
1419,460334.982,cam1-002-000058-0,7480259.99984711,322219.64922452683,500.26202392578125,RoanCamp,2020-12-04,2020-12-04 09:52:14.982,09:52:14,61.52669866666663,25.285908766666672
1420,460336.984,cam1-002-000059-0,7480258.072713688,322203.88194678904,500.10516357421875,RoanCamp,2020-12-04,2020-12-04 09:52:16.984,09:52:16,61.52313955555556,25.28678742222222
1421,460338.986,cam1-002-000060-0,7480256.19251669,322188.066754015,500.0442810058594,RoanCamp,2020-12-04,2020-12-04 09:52:18.986,09:52:18,61.519580444444486,25.287666077777764
1422,460341.522,cam1-002-000061-0,7480253.585698977,322167.6466239724,500.046142578125,RoanCamp,2020-12-04,2020-12-04 09:52:21.522,09:52:21,61.515072,25.288779099999996
1423,460342.99,cam1-002-000062-0,7480252.185872586,322155.49799579475,500.0844421386719,RoanCamp,2020-12-04,2020-12-04 09:52:22.990,09:52:22,61.51246222222224,25.289423388888885
1424,460344.992,cam1-002-000063-0,7480250.496426746,322139.6135724288,500.12188720703125,RoanCamp,2020-12-04,2020-12-04 09:52:24.992,09:52:24,61.50890311111107,25.290302044444456
1425,460346.994,cam1-002-000064-0,7480248.736479226,322123.9374039745,500.26666259765625,RoanCamp,2020-12-04,2020-12-04 09:52:26.994,09:52:26,61.505343999999994,25.2911807
1426,460349.53,cam1-002-000065-0,7480246.037279705,322103.6399905132,500.1781005859375,RoanCamp,2020-12-04,2020-12-04 09:52:29.530,09:52:29,61.50083555555551,25.292293722222233
1427,460350.998,cam1-002-000066-0,7480244.661520151,322091.632664234,500.1956787109375,RoanCamp,2020-12-04,2020-12-04 09:52:30.998,09:52:30,61.49822577777774,25.29293801111112
1428,460353.0,cam1-002-000067-0,7480242.890211298,322075.9106840479,500.2613525390625,RoanCamp,2020-12-04,2020-12-04 09:52:33.000,09:52:33,61.49466666666667,25.293816666666665
1429,460355.002,cam1-002-000068-0,7480241.137186419,322060.165436701,500.1922912597656,RoanCamp,2020-12-04,2020-12-04 09:52:35.002,09:52:35,61.491107555555594,25.29469532222221
1430,460357.004,cam1-002-000069-0,7480239.196075572,322044.40327680897,500.0871276855469,RoanCamp,2020-12-04,2020-12-04 09:52:37.004,09:52:37,61.48754844444442,25.29557397777778
1431,460359.407,cam1-002-000070-0,7480237.096755248,322024.74413358304,500.02313232421875,RoanCamp,2020-12-04,2020-12-04 09:52:39.407,09:52:39,61.483276444444435,25.29662862777778
1432,460361.008,cam1-002-000071-0,7480235.666729517,322012.05727777514,499.9291076660156,RoanCamp,2020-12-04,2020-12-04 09:52:41.008,09:52:41,61.480430222222274,25.297331288888877
1433,460363.01,cam1-002-000072-0,7480233.779313583,321996.1798703888,499.94329833984375,RoanCamp,2020-12-04,2020-12-04 09:52:43.010,09:52:43,61.476871111111095,25.298209944444448
1434,460365.012,cam1-002-000073-0,7480231.957800178,321980.0793326322,499.98284912109375,RoanCamp,2020-12-04,2020-12-04 09:52:45.012,09:52:45,61.47331200000002,25.299088599999994
1435,460367.548,cam1-002-000074-0,7480229.481274629,321959.89126819104,499.9126281738281,RoanCamp,2020-12-04,2020-12-04 09:52:47.548,09:52:47,61.46880355555554,25.300201622222225
1436,460369.016,cam1-002-000075-0,7480228.016086887,321948.0043464925,499.9800109863281,RoanCamp,2020-12-04,2020-12-04 09:52:49.016,09:52:49,61.466193777777775,25.30084591111111
1437,460370.885,cam1-002-000076-0,7480226.321250405,321933.6765684983,500.1051330566406,RoanCamp,2020-12-04,2020-12-04 09:52:50.885,09:52:50,61.4628711111111,25.301666194444447
1438,460372.887,cam1-002-000077-0,7480224.529467968,321918.15835663944,500.20977783203125,RoanCamp,2020-12-04,2020-12-04 09:52:52.887,09:52:52,61.459312000000025,25.302544849999993
1439,460375.556,cam1-002-000078-0,7480222.203907034,321896.9767800019,500.2249755859375,RoanCamp,2020-12-04,2020-12-04 09:52:55.556,09:52:55,61.454567111111146,25.303716244444434
1440,460377.024,cam1-002-000079-0,7480220.737816928,321884.7986814737,500.2095031738281,RoanCamp,2020-12-04,2020-12-04 09:52:57.024,09:52:57,61.451957333333375,25.30436053333332
1441,460378.893,cam1-002-000080-0,7480218.8706740495,321869.805453602,500.2750549316406,RoanCamp,2020-12-04,2020-12-04 09:52:58.893,09:52:58,61.4486346666667,25.305180816666656
1442,460380.895,cam1-002-000081-0,7480217.06461864,321853.58332272834,500.3591613769531,RoanCamp,2020-12-04,2020-12-04 09:53:00.895,09:53:00,61.445075555555526,25.30605947222223
1443,460383.03,cam1-002-000082-0,7480215.107153384,321836.005165635,500.39862060546875,RoanCamp,2020-12-04,2020-12-04 09:53:03.030,09:53:03,61.44127999999995,25.30699650000001
1444,460385.432,cam1-002-000083-0,7480212.69537057,321816.00243771204,500.4267883300781,RoanCamp,2020-12-04,2020-12-04 09:53:05.432,09:53:05,61.43700977777783,25.308050711111097
1445,460386.901,cam1-002-000084-0,7480211.270919298,321804.4547012836,500.43817138671875,RoanCamp,2020-12-04,2020-12-04 09:53:06.901,09:53:06,61.4343982222222,25.308695438888893
1446,460388.903,cam1-002-000085-0,7480209.27242754,321788.5935279429,500.4512023925781,RoanCamp,2020-12-04,2020-12-04 09:53:08.903,09:53:08,61.430839111111126,25.30957409444444
1447,460390.905,cam1-002-000086-0,7480207.4172787545,321772.7276488918,500.5086364746094,RoanCamp,2020-12-04,2020-12-04 09:53:10.905,09:53:10,61.42727999999995,25.31045275000001
1448,460393.574,cam1-002-000087-0,7480205.004830902,321751.26425610203,500.5071716308594,RoanCamp,2020-12-04,2020-12-04 09:53:13.574,09:53:13,61.422535111111074,25.31162414444445
1449,460394.908,cam1-002-000088-0,7480203.716437348,321740.5095024577,500.45849609375,RoanCamp,2020-12-04,2020-12-04 09:53:14.908,09:53:14,61.42016355555556,25.31220962222222
1450,460396.91,cam1-002-000089-0,7480201.885347698,321724.7835105164,500.388671875,RoanCamp,2020-12-04,2020-12-04 09:53:16.910,09:53:16,61.41660444444449,25.313088277777766
1451,460398.912,cam1-002-000090-0,7480200.080425538,321709.1009498753,500.39727783203125,RoanCamp,2020-12-04,2020-12-04 09:53:18.912,09:53:18,61.413045333333315,25.313966933333337
1452,460401.048,cam1-002-000091-0,7480198.059376536,321692.22737888107,500.45977783203125,RoanCamp,2020-12-04,2020-12-04 09:53:21.048,09:53:21,61.409247999999984,25.314904400000003
1453,460403.45,cam1-002-000092-0,7480195.940269176,321672.93638890877,500.570068359375,RoanCamp,2020-12-04,2020-12-04 09:53:23.450,09:53:23,61.40497777777776,25.315958611111114
1454,460404.918,cam1-002-000093-0,7480194.646477932,321661.65981577337,500.625732421875,RoanCamp,2020-12-04,2020-12-04 09:53:24.918,09:53:24,61.402367999999996,25.3166029
1455,460406.92,cam1-002-000094-0,7480192.717984352,321646.12618191016,500.7124328613281,RoanCamp,2020-12-04,2020-12-04 09:53:26.920,09:53:26,61.39880888888892,25.317481555555545
1456,460408.922,cam1-002-000095-0,7480190.878266519,321630.7155045571,500.6776123046875,RoanCamp,2020-12-04,2020-12-04 09:53:28.922,09:53:28,61.39524977777774,25.31836021111112
1457,460411.592,cam1-002-000096-0,7480188.386247033,321609.9022542525,500.8284606933594,RoanCamp,2020-12-04,2020-12-04 09:53:31.592,09:53:31,61.3905031111111,25.319532044444443
1458,460412.926,cam1-002-000097-0,7480187.174609125,321599.2989526995,500.9428405761719,RoanCamp,2020-12-04,2020-12-04 09:53:32.926,09:53:32,61.388131555555596,25.320117522222212
1459,460414.928,cam1-002-000098-0,7480185.353861933,321583.5832680312,501.0115966796875,RoanCamp,2020-12-04,2020-12-04 09:53:34.928,09:53:34,61.38457244444442,25.320996177777783
1460,460416.93,cam1-002-000099-0,7480183.469404422,321567.7798924868,500.9732666015625,RoanCamp,2020-12-04,2020-12-04 09:53:36.930,09:53:36,61.38101333333335,25.32187483333333
1461,460419.066,cam1-002-000100-0,7480181.580464265,321550.58954706654,500.9680480957031,RoanCamp,2020-12-04,2020-12-04 09:53:39.066,09:53:39,61.37721600000002,25.322812299999995
1462,460421.468,cam1-002-000101-0,7480179.396211961,321530.9041087491,500.9438171386719,RoanCamp,2020-12-04,2020-12-04 09:53:41.468,09:53:41,61.372945777777794,25.323866511111106
1463,460422.936,cam1-002-000102-0,7480178.015404319,321519.4934123226,500.9714050292969,RoanCamp,2020-12-04,2020-12-04 09:53:42.936,09:53:42,61.37033600000002,25.32451079999999
1464,460424.938,cam1-002-000103-0,7480176.154286807,321503.63690598146,501.02581787109375,RoanCamp,2020-12-04,2020-12-04 09:53:44.938,09:53:44,61.36677688888885,25.325389455555566
1465,460426.94,cam1-002-000104-0,7480174.248127695,321487.8656404424,501.1490478515625,RoanCamp,2020-12-04,2020-12-04 09:53:46.940,09:53:46,61.36321777777778,25.326268111111112
1466,460429.61,cam1-002-000105-0,7480171.817385456,321466.4539463324,501.20391845703125,RoanCamp,2020-12-04,2020-12-04 09:53:49.610,09:53:49,61.358471111111136,25.327439944444436
1467,460430.944,cam1-002-000106-0,7480170.6241641315,321455.6778518007,501.1678466796875,RoanCamp,2020-12-04,2020-12-04 09:53:50.944,09:53:50,61.356099555555524,25.32802542222223
1468,460432.946,cam1-002-000107-0,7480168.803787544,321439.87850936933,501.19091796875,RoanCamp,2020-12-04,2020-12-04 09:53:52.946,09:53:52,61.35254044444445,25.328904077777775
1469,460434.948,cam1-002-000108-0,7480166.975805967,321424.05960426584,501.3044128417969,RoanCamp,2020-12-04,2020-12-04 09:53:54.948,09:53:54,61.34898133333338,25.32978273333332
1470,460436.95,cam1-002-000109-0,7480165.078411751,321407.59591031517,501.2854309082031,RoanCamp,2020-12-04,2020-12-04 09:53:56.950,09:53:56,61.345422222222204,25.330661388888892
1471,460439.486,cam1-002-000110-0,7480162.669510225,321387.32922137895,501.248779296875,RoanCamp,2020-12-04,2020-12-04 09:53:59.486,09:53:59,61.34091377777782,25.3317744111111
1472,460440.954,cam1-002-000111-0,7480161.310277823,321375.8111936993,501.2387390136719,RoanCamp,2020-12-04,2020-12-04 09:54:00.954,09:54:00,61.33830399999995,25.332418700000012
1473,460442.956,cam1-002-000112-0,7480159.547470766,321359.8366846104,501.2044677734375,RoanCamp,2020-12-04,2020-12-04 09:54:02.956,09:54:02,61.33474488888888,25.33329735555556
1474,460444.958,cam1-002-000113-0,7480157.624082003,321343.8737403592,501.24578857421875,RoanCamp,2020-12-04,2020-12-04 09:54:04.958,09:54:04,61.331185777777804,25.334176011111104
1475,460447.628,cam1-002-000114-0,7480155.114878355,321322.2103591041,501.287353515625,RoanCamp,2020-12-04,2020-12-04 09:54:07.628,09:54:07,61.326439111111064,25.335347844444456
1476,460448.962,cam1-002-000115-0,7480153.793170502,321311.3939555199,501.3394470214844,RoanCamp,2020-12-04,2020-12-04 09:54:08.962,09:54:08,61.32406755555556,25.33593332222222
1477,460450.964,cam1-002-000116-0,7480151.956893835,321295.4676479608,501.39385986328125,RoanCamp,2020-12-04,2020-12-04 09:54:10.964,09:54:10,61.320508444444485,25.336811977777767
1478,460452.966,cam1-002-000117-0,7480150.2224673815,321279.60945726966,501.2852783203125,RoanCamp,2020-12-04,2020-12-04 09:54:12.966,09:54:12,61.31694933333331,25.337690633333338
1479,460454.968,cam1-002-000118-0,7480148.323869929,321263.06902476016,501.1061096191406,RoanCamp,2020-12-04,2020-12-04 09:54:14.968,09:54:14,61.31339022222224,25.338569288888884
1480,460457.371,cam1-002-000119-0,7480146.180841591,321244.12115879747,501.0299377441406,RoanCamp,2020-12-04,2020-12-04 09:54:17.371,09:54:17,61.30911822222225,25.33962393888888
1481,460458.972,cam1-002-000120-0,7480144.748507479,321231.36273470894,501.0364074707031,RoanCamp,2020-12-04,2020-12-04 09:54:18.972,09:54:18,61.306271999999986,25.3403266
1482,460460.974,cam1-002-000121-0,7480143.00021187,321215.51976584434,501.14764404296875,RoanCamp,2020-12-04,2020-12-04 09:54:20.974,09:54:20,61.30271288888891,25.341205255555547
1483,460462.976,cam1-002-000122-0,7480141.059844945,321199.2741527072,501.2510070800781,RoanCamp,2020-12-04,2020-12-04 09:54:22.976,09:54:22,61.29915377777774,25.34208391111112
1484,460465.512,cam1-002-000123-0,7480138.580522394,321179.28840741096,501.3355407714844,RoanCamp,2020-12-04,2020-12-04 09:54:25.512,09:54:25,61.29464533333336,25.343196933333328
1485,460466.98,cam1-002-000124-0,7480137.1937207235,321167.92555870255,501.3659362792969,RoanCamp,2020-12-04,2020-12-04 09:54:26.980,09:54:26,61.29203555555559,25.343841222222213
1486,460468.982,cam1-002-000125-0,7480135.413418664,321152.1477678841,501.44647216796875,RoanCamp,2020-12-04,2020-12-04 09:54:28.982,09:54:28,61.28847644444441,25.344719877777784
1487,460470.984,cam1-002-000126-0,7480133.707129179,321136.29549878626,501.4644470214844,RoanCamp,2020-12-04,2020-12-04 09:54:30.984,09:54:30,61.28491733333334,25.34559853333333
1488,460472.986,cam1-002-000127-0,7480131.8752445625,321119.8007037431,501.41119384765625,RoanCamp,2020-12-04,2020-12-04 09:54:32.986,09:54:32,61.281358222222266,25.346477188888876
1489,460475.388,cam1-002-000128-0,7480129.814512625,321100.85884398944,501.27935791015625,RoanCamp,2020-12-04,2020-12-04 09:54:35.388,09:54:35,61.27708800000004,25.347531399999987
1490,460476.99,cam1-002-000129-0,7480128.3018673165,321088.22761644394,501.3066101074219,RoanCamp,2020-12-04,2020-12-04 09:54:36.990,09:54:36,61.27424000000002,25.348234499999993
1491,460478.992,cam1-002-000130-0,7480126.4314973,321072.5304733112,501.4075622558594,RoanCamp,2020-12-04,2020-12-04 09:54:38.992,09:54:38,61.27068088888884,25.349113155555568
1492,460480.994,cam1-002-000131-0,7480124.542471595,321056.137456127,501.4354553222656,RoanCamp,2020-12-04,2020-12-04 09:54:40.994,09:54:40,61.26712177777777,25.349991811111114
1493,460483.53,cam1-002-000132-0,7480122.3079421865,321036.01872892684,501.4403381347656,RoanCamp,2020-12-04,2020-12-04 09:54:43.530,09:54:43,61.262613333333285,25.351104833333345
1494,460484.998,cam1-002-000133-0,7480121.016737664,321024.67494928883,501.4364318847656,RoanCamp,2020-12-04,2020-12-04 09:54:44.998,09:54:44,61.26000355555552,25.35174912222223
1495,460487.0,cam1-002-000134-0,7480119.160003181,321008.9642385869,501.46826171875,RoanCamp,2020-12-04,2020-12-04 09:54:47.000,09:54:47,61.25644444444445,25.352627777777776
1496,460489.002,cam1-002-000135-0,7480117.247443143,320993.2899808769,501.4602355957031,RoanCamp,2020-12-04,2020-12-04 09:54:49.002,09:54:49,61.252885333333374,25.353506433333322
1497,460491.004,cam1-002-000136-0,7480115.126932208,320976.9512119394,501.44024658203125,RoanCamp,2020-12-04,2020-12-04 09:54:51.004,09:54:51,61.249326222222194,25.354385088888893
1498,460493.406,cam1-002-000137-0,7480112.844011053,320958.1540124703,501.4628601074219,RoanCamp,2020-12-04,2020-12-04 09:54:53.406,09:54:53,61.24505599999997,25.355439300000008
1499,460495.008,cam1-002-000138-0,7480111.460709962,320945.5713932151,501.45477294921875,RoanCamp,2020-12-04,2020-12-04 09:54:55.008,09:54:55,61.24220800000005,25.356142399999985
1500,460497.01,cam1-002-000139-0,7480109.5657102,320929.8509086796,501.37921142578125,RoanCamp,2020-12-04,2020-12-04 09:54:57.010,09:54:57,61.238648888888875,25.35702105555556
1501,460499.012,cam1-002-000140-0,7480107.712321799,320913.45898442017,501.34112548828125,RoanCamp,2020-12-04,2020-12-04 09:54:59.012,09:54:59,61.2350897777778,25.357899711111106
1502,460501.548,cam1-002-000141-0,7480105.305970913,320893.16937708325,501.3964538574219,RoanCamp,2020-12-04,2020-12-04 09:55:01.548,09:55:01,61.23058133333332,25.359012733333337
1503,460503.016,cam1-002-000142-0,7480103.873223359,320881.75428764784,501.40887451171875,RoanCamp,2020-12-04,2020-12-04 09:55:03.016,09:55:03,61.227971555555555,25.359657022222223
1504,460505.018,cam1-002-000143-0,7480101.985447977,320866.01739899523,501.4107360839844,RoanCamp,2020-12-04,2020-12-04 09:55:05.018,09:55:05,61.22441244444448,25.36053567777777
1505,460506.886,cam1-002-000144-0,7480100.313041119,320850.9136984474,501.3977355957031,RoanCamp,2020-12-04,2020-12-04 09:55:06.886,09:55:06,61.22109155555556,25.36135552222222
1506,460509.022,cam1-002-000145-0,7480098.340728659,320833.95219445764,501.3250427246094,RoanCamp,2020-12-04,2020-12-04 09:55:09.022,09:55:09,61.21729422222223,25.362292988888886
1507,460511.424,cam1-002-000146-0,7480096.107321598,320815.24145868607,501.3185729980469,RoanCamp,2020-12-04,2020-12-04 09:55:11.424,09:55:11,61.213024000000004,25.3633472
1508,460512.892,cam1-002-000147-0,7480094.757550448,320803.9729487455,501.3481140136719,RoanCamp,2020-12-04,2020-12-04 09:55:12.892,09:55:12,61.21041422222224,25.363991488888885
1509,460514.894,cam1-002-000148-0,7480092.881160377,320787.619975531,501.4322509765625,RoanCamp,2020-12-04,2020-12-04 09:55:14.894,09:55:14,61.20685511111117,25.36487014444443
1510,460516.896,cam1-002-000149-0,7480090.998314131,320771.74886830436,501.4711608886719,RoanCamp,2020-12-04,2020-12-04 09:55:16.896,09:55:16,61.20329599999999,25.365748800000002
1511,460519.566,cam1-002-000150-0,7480088.611905333,320750.1230144816,501.5057373046875,RoanCamp,2020-12-04,2020-12-04 09:55:19.566,09:55:19,61.19854933333335,25.36692063333333
1512,460520.9,cam1-002-000151-0,7480087.460694121,320739.9559351298,501.5099182128906,RoanCamp,2020-12-04,2020-12-04 09:55:20.900,09:55:20,61.19617777777774,25.36750611111112
1513,460522.902,cam1-002-000152-0,7480085.480187733,320723.4572340821,501.48773193359375,RoanCamp,2020-12-04,2020-12-04 09:55:22.902,09:55:22,61.19261866666667,25.368384766666665
1514,460524.904,cam1-002-000153-0,7480083.678755941,320707.6914189328,501.43939208984375,RoanCamp,2020-12-04,2020-12-04 09:55:24.904,09:55:24,61.189059555555595,25.36926342222221
1515,460527.04,cam1-002-000154-0,7480081.650856752,320690.5984271085,501.4136047363281,RoanCamp,2020-12-04,2020-12-04 09:55:27.040,09:55:27,61.18526222222226,25.370200888888878
1516,460529.442,cam1-002-000155-0,7480079.52775936,320671.6119335897,501.55767822265625,RoanCamp,2020-12-04,2020-12-04 09:55:29.442,09:55:29,61.18099200000004,25.371255099999992
1517,460530.91,cam1-002-000156-0,7480078.370558279,320660.0311244715,501.5903015136719,RoanCamp,2020-12-04,2020-12-04 09:55:30.910,09:55:30,61.17838222222227,25.371899388888878
1518,460532.912,cam1-002-000157-0,7480076.521537973,320643.2922839095,501.45086669921875,RoanCamp,2020-12-04,2020-12-04 09:55:32.912,09:55:32,61.174823111111095,25.37277804444445
1519,460534.914,cam1-002-000158-0,7480074.592965489,320627.28761092405,501.41546630859375,RoanCamp,2020-12-04,2020-12-04 09:55:34.914,09:55:34,61.17126400000002,25.373656699999994
1520,460537.584,cam1-002-000159-0,7480072.176397638,320605.5940106812,501.4284362792969,RoanCamp,2020-12-04,2020-12-04 09:55:37.584,09:55:37,61.16651733333338,25.37482853333332
1521,460538.918,cam1-002-000160-0,7480071.040724352,320595.4048735616,501.4662170410156,RoanCamp,2020-12-04,2020-12-04 09:55:38.918,09:55:38,61.16414577777777,25.37541401111111
1522,460540.92,cam1-002-000161-0,7480069.111028609,320579.0685828233,501.61346435546875,RoanCamp,2020-12-04,2020-12-04 09:55:40.920,09:55:40,61.160586666666696,25.376292666666657
1523,460542.922,cam1-002-000162-0,7480067.235540387,320563.1055483725,501.6800231933594,RoanCamp,2020-12-04,2020-12-04 09:55:42.922,09:55:42,61.15702755555552,25.377171322222228
1524,460544.924,cam1-002-000163-0,7480065.328898223,320547.188101521,501.5177917480469,RoanCamp,2020-12-04,2020-12-04 09:55:44.924,09:55:44,61.15346844444445,25.378049977777778
1525,460547.46,cam1-002-000164-0,7480063.13754607,320527.1734655654,501.3291015625,RoanCamp,2020-12-04,2020-12-04 09:55:47.460,09:55:47,61.14895999999997,25.37916300000001
1526,460548.928,cam1-002-000165-0,7480061.786956504,320515.26799515757,501.22705078125,RoanCamp,2020-12-04,2020-12-04 09:55:48.928,09:55:48,61.146350222222196,25.379807288888895
1527,460550.93,cam1-002-000166-0,7480060.026618412,320499.6382705879,501.2022399902344,RoanCamp,2020-12-04,2020-12-04 09:55:50.930,09:55:50,61.14279111111112,25.38068594444444
1528,460552.932,cam1-002-000167-0,7480058.107434912,320484.0761097403,501.1799011230469,RoanCamp,2020-12-04,2020-12-04 09:55:52.932,09:55:52,61.13923200000005,25.381564599999987
1529,460555.601,cam1-002-000168-0,7480055.350459687,320462.54977449146,501.252197265625,RoanCamp,2020-12-04,2020-12-04 09:55:55.601,09:55:55,61.13448711111107,25.382735994444452
1530,460556.936,cam1-002-000169-0,7480054.193668994,320452.416345764,501.3188171386719,RoanCamp,2020-12-04,2020-12-04 09:55:56.936,09:55:56,61.1321137777778,25.383321911111103
1531,460558.938,cam1-002-000170-0,7480052.348557586,320436.0499787233,501.43341064453125,RoanCamp,2020-12-04,2020-12-04 09:55:58.938,09:55:58,61.12855466666662,25.384200566666674
1532,460560.94,cam1-002-000171-0,7480051.218161814,320420.7031909275,501.60015869140625,RoanCamp,2020-12-04,2020-12-04 09:56:00.940,09:56:00,61.12499555555556,25.38507922222222
1533,460562.942,cam1-002-000172-0,7480052.9764466155,320410.0992304218,501.6227722167969,RoanCamp,2020-12-04,2020-12-04 09:56:02.942,09:56:02,61.121436444444484,25.385957877777766
1534,460565.478,cam1-002-000173-0,7480057.328173028,320410.3160472218,501.1184997558594,RoanCamp,2020-12-04,2020-12-04 09:56:05.478,09:56:05,61.116927999999994,25.3870709
1535,460566.946,cam1-002-000174-0,7480063.67267722,320410.53593845805,500.95867919921875,RoanCamp,2020-12-04,2020-12-04 09:56:06.946,09:56:06,61.11431822222223,25.387715188888887
1536,460568.948,cam1-002-000175-0,7480079.558956681,320410.3800539484,501.0650634765625,RoanCamp,2020-12-04,2020-12-04 09:56:08.948,09:56:08,61.11075911111116,25.388593844444433
1537,460570.95,cam1-002-000176-0,7480096.281690212,320411.399110847,501.3388977050781,RoanCamp,2020-12-04,2020-12-04 09:56:10.950,09:56:10,61.10719999999998,25.389472500000004
1538,460572.952,cam1-002-000177-0,7480112.3071623,320412.5417766301,501.4143371582031,RoanCamp,2020-12-04,2020-12-04 09:56:12.952,09:56:12,61.10364088888891,25.39035115555555
1539,460575.621,cam1-002-000178-0,7480133.726124791,320413.52317900944,501.4533386230469,RoanCamp,2020-12-04,2020-12-04 09:56:15.621,09:56:15,61.09889600000003,25.39152254999999
1540,460576.956,cam1-002-000179-0,7480144.4859901825,320414.04700614413,501.4897155761719,RoanCamp,2020-12-04,2020-12-04 09:56:16.956,09:56:16,61.09652266666666,25.392108466666667
1541,460578.958,cam1-002-000180-0,7480160.217051487,320417.16330877587,501.6987609863281,RoanCamp,2020-12-04,2020-12-04 09:56:18.958,09:56:18,61.092963555555585,25.392987122222213
1542,460580.96,cam1-002-000181-0,7480164.411278794,320424.0136553907,501.6156005859375,RoanCamp,2020-12-04,2020-12-04 09:56:20.960,09:56:20,61.08940444444441,25.393865777777787
1543,460583.362,cam1-002-000182-0,7480163.987727579,320427.43763446365,501.6590576171875,RoanCamp,2020-12-04,2020-12-04 09:56:23.362,09:56:23,61.08513422222218,25.394919988888898
1544,460584.964,cam1-002-000183-0,7480167.208276391,320434.16780903365,501.6123046875,RoanCamp,2020-12-04,2020-12-04 09:56:24.964,09:56:24,61.082286222222265,25.39562308888888
1545,460587.233,cam1-002-000184-0,7480174.361826435,320447.77203571604,501.7091369628906,RoanCamp,2020-12-04,2020-12-04 09:56:27.233,09:56:27,61.07825244444443,25.39661892777778
1546,460588.968,cam1-002-000185-0,7480172.962389279,320462.880071996,501.40374755859375,RoanCamp,2020-12-04,2020-12-04 09:56:28.968,09:56:28,61.07516800000001,25.397380399999996
1547,460590.97,cam1-002-000186-0,7480173.750138215,320478.97884506866,501.0939636230469,RoanCamp,2020-12-04,2020-12-04 09:56:30.970,09:56:30,61.07160888888894,25.398259055555542
1548,460592.972,cam1-002-000187-0,7480176.277313459,320495.03477354016,500.9755554199219,RoanCamp,2020-12-04,2020-12-04 09:56:32.972,09:56:32,61.068049777777766,25.399137711111113
1549,460594.974,cam1-002-000188-0,7480178.157833963,320510.57435760845,501.0126037597656,RoanCamp,2020-12-04,2020-12-04 09:56:34.974,09:56:34,61.06449066666669,25.40001636666666
1550,460597.643,cam1-002-000189-0,7480180.560971322,320531.563500587,501.1593017578125,RoanCamp,2020-12-04,2020-12-04 09:56:37.643,09:56:37,61.05974577777781,25.401187761111103
1551,460598.978,cam1-002-000190-0,7480181.867943017,320542.4864718192,501.3624267578125,RoanCamp,2020-12-04,2020-12-04 09:56:38.978,09:56:38,61.05737244444444,25.401773677777776
1552,460600.98,cam1-002-000191-0,7480183.849302656,320558.48874546855,501.6932678222656,RoanCamp,2020-12-04,2020-12-04 09:56:40.980,09:56:40,61.053813333333366,25.402652333333325
1553,460602.982,cam1-002-000192-0,7480185.823244516,320575.0020625872,501.743408203125,RoanCamp,2020-12-04,2020-12-04 09:56:42.982,09:56:42,61.05025422222219,25.403530988888896
1554,460604.984,cam1-002-000193-0,7480187.597772915,320590.70296045707,501.63165283203125,RoanCamp,2020-12-04,2020-12-04 09:56:44.984,09:56:44,61.04669511111112,25.404409644444442
1555,460607.52,cam1-002-000194-0,7480189.846720143,320611.23341543897,501.73626708984375,RoanCamp,2020-12-04,2020-12-04 09:56:47.520,09:56:47,61.04218666666664,25.405522666666673
1556,460608.988,cam1-002-000195-0,7480191.352710177,320622.73360963236,501.8215026855469,RoanCamp,2020-12-04,2020-12-04 09:56:48.988,09:56:48,61.03957688888887,25.40616695555556
1557,460610.99,cam1-002-000196-0,7480193.2946391115,320639.43685914355,501.8453369140625,RoanCamp,2020-12-04,2020-12-04 09:56:50.990,09:56:50,61.03601777777779,25.407045611111105
1558,460612.992,cam1-002-000197-0,7480195.043108415,320655.52916459227,501.8153381347656,RoanCamp,2020-12-04,2020-12-04 09:56:52.992,09:56:52,61.03245866666662,25.407924266666676
1559,460615.528,cam1-002-000198-0,7480197.467766697,320675.888574776,501.715576171875,RoanCamp,2020-12-04,2020-12-04 09:56:55.528,09:56:55,61.02795022222224,25.409037288888882
1560,460616.996,cam1-002-000199-0,7480198.805056151,320687.31481098454,501.650390625,RoanCamp,2020-12-04,2020-12-04 09:56:56.996,09:56:56,61.025340444444474,25.409681577777768
1561,460618.998,cam1-002-000200-0,7480200.554803239,320703.11297415494,501.6244201660156,RoanCamp,2020-12-04,2020-12-04 09:56:58.998,09:56:58,61.021781333333294,25.410560233333342
1562,460621.0,cam1-002-000201-0,7480202.617657578,320719.3754216245,501.5839538574219,RoanCamp,2020-12-04,2020-12-04 09:57:01.000,09:57:01,61.01822222222222,25.41143888888889
1563,460623.536,cam1-002-000202-0,7480204.990470355,320739.3032194197,501.5162353515625,RoanCamp,2020-12-04,2020-12-04 09:57:03.536,09:57:03,61.01371377777774,25.41255191111112
1564,460625.004,cam1-002-000203-0,7480206.226620521,320750.5119379291,501.528076171875,RoanCamp,2020-12-04,2020-12-04 09:57:05.004,09:57:05,61.011103999999975,25.413196200000005
1565,460627.006,cam1-002-000204-0,7480208.064672776,320766.02337166236,501.50286865234375,RoanCamp,2020-12-04,2020-12-04 09:57:07.006,09:57:07,61.0075448888889,25.41407485555555
1566,460629.008,cam1-002-000205-0,7480209.822700441,320782.286483336,501.5046081542969,RoanCamp,2020-12-04,2020-12-04 09:57:09.008,09:57:09,61.00398577777783,25.414953511111097
1567,460631.01,cam1-002-000206-0,7480211.565402248,320797.9502085312,501.494384765625,RoanCamp,2020-12-04,2020-12-04 09:57:11.010,09:57:11,61.000426666666655,25.415832166666668
1568,460633.412,cam1-002-000207-0,7480213.737608684,320816.60820625525,501.5374450683594,RoanCamp,2020-12-04,2020-12-04 09:57:13.412,09:57:13,60.99615644444442,25.416886377777782
1569,460635.014,cam1-002-000208-0,7480215.250921856,320829.2053347487,501.599853515625,RoanCamp,2020-12-04,2020-12-04 09:57:15.014,09:57:15,60.9933084444444,25.41758947777779
1570,460637.016,cam1-002-000209-0,7480217.163962526,320844.90581365,501.6778869628906,RoanCamp,2020-12-04,2020-12-04 09:57:17.016,09:57:17,60.98974933333333,25.418468133333334
1571,460639.018,cam1-002-000210-0,7480219.093978703,320861.3684510431,501.797607421875,RoanCamp,2020-12-04,2020-12-04 09:57:19.018,09:57:19,60.986190222222255,25.41934678888888
1572,460641.554,cam1-002-000211-0,7480221.235288824,320881.6256227473,501.7246398925781,RoanCamp,2020-12-04,2020-12-04 09:57:21.554,09:57:21,60.98168177777777,25.42045981111111
1573,460643.022,cam1-002-000212-0,7480222.396114169,320892.93078058574,501.6581115722656,RoanCamp,2020-12-04,2020-12-04 09:57:23.022,09:57:23,60.97907200000001,25.421104099999997
1574,460644.89,cam1-002-000213-0,7480224.125070834,320907.8068354676,501.57440185546875,RoanCamp,2020-12-04,2020-12-04 09:57:24.890,09:57:24,60.97575111111109,25.421923944444448
1575,460646.892,cam1-002-000214-0,7480225.988957237,320923.3852021386,501.52935791015625,RoanCamp,2020-12-04,2020-12-04 09:57:26.892,09:57:26,60.972192000000014,25.422802599999994
1576,460649.028,cam1-002-000215-0,7480228.100217212,320940.36813252175,501.5050964355469,RoanCamp,2020-12-04,2020-12-04 09:57:29.028,09:57:29,60.96839466666668,25.42374006666666
1577,460651.43,cam1-002-000216-0,7480230.219923187,320959.3836482164,501.7202453613281,RoanCamp,2020-12-04,2020-12-04 09:57:31.430,09:57:31,60.96412444444446,25.424794277777774
1578,460652.898,cam1-002-000217-0,7480231.485876316,320971.61705935444,501.857421875,RoanCamp,2020-12-04,2020-12-04 09:57:32.898,09:57:32,60.961514666666694,25.42543856666666
1579,460654.9,cam1-002-000218-0,7480233.302420778,320987.5117778061,502.01898193359375,RoanCamp,2020-12-04,2020-12-04 09:57:34.900,09:57:34,60.957955555555515,25.42631722222223
1580,460656.902,cam1-002-000219-0,7480235.060944837,321003.4316594505,502.07403564453125,RoanCamp,2020-12-04,2020-12-04 09:57:36.902,09:57:36,60.95439644444444,25.427195877777777
1581,460659.571,cam1-002-000220-0,7480237.564272806,321024.7527771243,502.0409240722656,RoanCamp,2020-12-04,2020-12-04 09:57:39.571,09:57:39,60.94965155555556,25.428367272222218
1582,460660.906,cam1-002-000221-0,7480238.776199724,321034.7949418726,502.03131103515625,RoanCamp,2020-12-04,2020-12-04 09:57:40.906,09:57:40,60.947278222222195,25.428953188888894
1583,460662.908,cam1-002-000222-0,7480240.664787298,321051.0461428212,502.07421875,RoanCamp,2020-12-04,2020-12-04 09:57:42.908,09:57:42,60.94371911111112,25.42983184444444
1584,460664.91,cam1-002-000223-0,7480242.488727694,321066.7018648798,502.21258544921875,RoanCamp,2020-12-04,2020-12-04 09:57:44.910,09:57:44,60.94016000000005,25.430710499999986
1585,460667.045,cam1-002-000224-0,7480244.634965485,321083.80777033477,502.3608093261719,RoanCamp,2020-12-04,2020-12-04 09:57:47.045,09:57:47,60.93636444444448,25.43164752777777
1586,460669.448,cam1-002-000225-0,7480246.887192789,321102.9436843176,502.3479309082031,RoanCamp,2020-12-04,2020-12-04 09:57:49.448,09:57:49,60.93209244444449,25.432702177777767
1587,460670.916,cam1-002-000226-0,7480248.3861219045,321115.1128731889,502.2342224121094,RoanCamp,2020-12-04,2020-12-04 09:57:50.916,09:57:50,60.92948266666662,25.433346466666677
1588,460672.918,cam1-002-000227-0,7480250.10047978,321131.056094524,502.17138671875,RoanCamp,2020-12-04,2020-12-04 09:57:52.918,09:57:52,60.92592355555555,25.434225122222223
1589,460674.92,cam1-002-000228-0,7480251.644650774,321146.9067224413,502.13934326171875,RoanCamp,2020-12-04,2020-12-04 09:57:54.920,09:57:54,60.922364444444476,25.43510377777777
1590,460677.589,cam1-002-000229-0,7480254.390763491,321168.0147681259,502.0465087890625,RoanCamp,2020-12-04,2020-12-04 09:57:57.589,09:57:57,60.917619555555596,25.43627517222221
1591,460678.924,cam1-002-000230-0,7480255.629646124,321178.0261109653,501.9455261230469,RoanCamp,2020-12-04,2020-12-04 09:57:58.924,09:57:58,60.91524622222222,25.436861088888886
1592,460680.926,cam1-002-000231-0,7480257.615306998,321194.1729733682,501.8444519042969,RoanCamp,2020-12-04,2020-12-04 09:58:00.926,09:58:00,60.91168711111115,25.437739744444432
1593,460682.928,cam1-002-000232-0,7480259.312661815,321210.3234839652,501.732177734375,RoanCamp,2020-12-04,2020-12-04 09:58:02.928,09:58:02,60.90812799999998,25.438618400000006
1594,460685.597,cam1-002-000233-0,7480261.766972216,321231.9190178984,501.5772705078125,RoanCamp,2020-12-04,2020-12-04 09:58:05.597,09:58:05,60.9033831111111,25.439789794444447
1595,460686.932,cam1-002-000234-0,7480262.9024255145,321242.0058879404,501.5641784667969,RoanCamp,2020-12-04,2020-12-04 09:58:06.932,09:58:06,60.90100977777783,25.4403757111111
1596,460688.934,cam1-002-000235-0,7480264.9117618585,321258.14414893533,501.51416015625,RoanCamp,2020-12-04,2020-12-04 09:58:08.934,09:58:08,60.89745066666666,25.44125436666667
1597,460690.936,cam1-002-000236-0,7480266.59576421,321273.7670201607,501.5528869628906,RoanCamp,2020-12-04,2020-12-04 09:58:10.936,09:58:10,60.893891555555584,25.442133022222215
1598,460693.605,cam1-002-000237-0,7480268.933575964,321294.5174860803,501.5912780761719,RoanCamp,2020-12-04,2020-12-04 09:58:13.605,09:58:13,60.889146666666704,25.443304416666656
1599,460694.94,cam1-002-000238-0,7480270.08674605,321305.1308006948,501.5436096191406,RoanCamp,2020-12-04,2020-12-04 09:58:14.940,09:58:14,60.88677333333333,25.443890333333332
1600,460696.942,cam1-002-000239-0,7480271.66138132,321320.729233988,501.60113525390625,RoanCamp,2020-12-04,2020-12-04 09:58:16.942,09:58:16,60.88321422222226,25.444768988888878
1601,460698.944,cam1-002-000240-0,7480273.708302271,321337.3584649143,501.6306457519531,RoanCamp,2020-12-04,2020-12-04 09:58:18.944,09:58:18,60.879655111111084,25.44564764444445
1602,460700.946,cam1-002-000241-0,7480275.592546051,321353.3394356041,501.7355651855469,RoanCamp,2020-12-04,2020-12-04 09:58:20.946,09:58:20,60.87609600000001,25.446526299999995
1603,460703.482,cam1-002-000242-0,7480277.8624854395,321373.62240199576,501.7959899902344,RoanCamp,2020-12-04,2020-12-04 09:58:23.482,09:58:23,60.87158755555553,25.44763932222223
1604,460704.95,cam1-002-000243-0,7480279.2661060095,321385.0540246923,501.85223388671875,RoanCamp,2020-12-04,2020-12-04 09:58:24.950,09:58:24,60.86897777777776,25.448283611111115
1605,460706.952,cam1-002-000244-0,7480281.265757136,321401.36883852864,501.9136657714844,RoanCamp,2020-12-04,2020-12-04 09:58:26.952,09:58:26,60.865418666666685,25.44916226666666
1606,460708.954,cam1-002-000245-0,7480283.028756042,321416.9172581454,501.9079895019531,RoanCamp,2020-12-04,2020-12-04 09:58:28.954,09:58:28,60.86185955555551,25.450040922222232
1607,460711.623,cam1-002-000246-0,7480285.413078157,321437.40027423436,501.8002014160156,RoanCamp,2020-12-04,2020-12-04 09:58:31.623,09:58:31,60.85711466666663,25.451212316666673
1608,460712.958,cam1-002-000247-0,7480286.664635993,321448.0769546414,501.81658935546875,RoanCamp,2020-12-04,2020-12-04 09:58:32.958,09:58:32,60.854741333333365,25.451798233333324
1609,460714.96,cam1-002-000248-0,7480288.6044117045,321464.40094882116,501.7873229980469,RoanCamp,2020-12-04,2020-12-04 09:58:34.960,09:58:34,60.851182222222185,25.452676888888895
1610,460716.962,cam1-002-000249-0,7480290.365500255,321480.0154085169,501.8609619140625,RoanCamp,2020-12-04,2020-12-04 09:58:36.962,09:58:36,60.84762311111111,25.45355554444444
1611,460719.631,cam1-002-000250-0,7480292.866360759,321500.5735454409,501.87750244140625,RoanCamp,2020-12-04,2020-12-04 09:58:39.631,09:58:39,60.84287822222223,25.454726938888886
1612,460720.966,cam1-002-000251-0,7480294.163105087,321511.33665444446,501.9559020996094,RoanCamp,2020-12-04,2020-12-04 09:58:40.966,09:58:40,60.840504888888866,25.45531285555556
1613,460722.968,cam1-002-000252-0,7480295.983568201,321527.141391352,502.04266357421875,RoanCamp,2020-12-04,2020-12-04 09:58:42.968,09:58:42,60.83694577777779,25.456191511111108
1614,460724.97,cam1-002-000253-0,7480297.785470998,321543.7408090469,502.0484924316406,RoanCamp,2020-12-04,2020-12-04 09:58:44.970,09:58:44,60.83338666666672,25.457070166666654
1615,460726.972,cam1-002-000254-0,7480299.546085304,321559.6896771061,502.03271484375,RoanCamp,2020-12-04,2020-12-04 09:58:46.972,09:58:46,60.82982755555554,25.457948822222225
1616,460729.508,cam1-002-000255-0,7480301.814049404,321580.1528390763,502.0592346191406,RoanCamp,2020-12-04,2020-12-04 09:58:49.508,09:58:49,60.82531911111116,25.45906184444443
1617,460730.976,cam1-002-000256-0,7480303.109032653,321591.69250181364,502.06329345703125,RoanCamp,2020-12-04,2020-12-04 09:58:50.976,09:58:50,60.82270933333329,25.45970613333334
1618,460732.978,cam1-002-000257-0,7480305.156030216,321608.3065560218,502.0295715332031,RoanCamp,2020-12-04,2020-12-04 09:58:52.978,09:58:52,60.81915022222222,25.460584788888887
1619,460734.98,cam1-002-000258-0,7480307.047580492,321624.28414507967,502.0540466308594,RoanCamp,2020-12-04,2020-12-04 09:58:54.980,09:58:54,60.81559111111115,25.461463444444433
1620,460737.649,cam1-002-000259-0,7480309.83397951,321645.0891036774,502.13397216796875,RoanCamp,2020-12-04,2020-12-04 09:58:57.649,09:58:57,60.81084622222227,25.462634838888878
1621,460738.984,cam1-002-000260-0,7480311.126932729,321656.0224175494,502.1563415527344,RoanCamp,2020-12-04,2020-12-04 09:58:58.984,09:58:58,60.8084728888889,25.463220755555554
1622,460740.986,cam1-002-000261-0,7480312.778406585,321672.173523866,502.2162780761719,RoanCamp,2020-12-04,2020-12-04 09:59:00.986,09:59:00,60.80491377777783,25.4640994111111
1623,460742.988,cam1-002-000262-0,7480314.551379649,321688.2060651373,502.15203857421875,RoanCamp,2020-12-04,2020-12-04 09:59:02.988,09:59:02,60.80135466666665,25.46497806666667
1624,460745.523,cam1-002-000263-0,7480316.88033523,321708.4190008247,502.0008239746094,RoanCamp,2020-12-04,2020-12-04 09:59:05.523,09:59:05,60.796848000000026,25.46609064999999
1625,460746.992,cam1-002-000264-0,7480318.426790519,321720.3702546125,502.1191711425781,RoanCamp,2020-12-04,2020-12-04 09:59:06.992,09:59:06,60.7942364444444,25.466735377777788
1626,460748.994,cam1-002-000265-0,7480320.284768002,321736.2955120548,502.2308654785156,RoanCamp,2020-12-04,2020-12-04 09:59:08.994,09:59:08,60.79067733333333,25.467614033333334
1627,460750.996,cam1-002-000266-0,7480321.868160559,321752.24303823,502.15277099609375,RoanCamp,2020-12-04,2020-12-04 09:59:10.996,09:59:10,60.787118222222254,25.46849268888888
1628,460752.998,cam1-002-000267-0,7480323.801773261,321768.07357406267,502.03936767578125,RoanCamp,2020-12-04,2020-12-04 09:59:12.998,09:59:12,60.783559111111074,25.469371344444454
1629,460755.533,cam1-002-000268-0,7480326.013067117,321788.7207118202,502.0829162597656,RoanCamp,2020-12-04,2020-12-04 09:59:15.533,09:59:15,60.77905244444445,25.470483927777774
1630,460757.002,cam1-002-000269-0,7480327.605420081,321800.8649671121,502.1211242675781,RoanCamp,2020-12-04,2020-12-04 09:59:17.002,09:59:17,60.77644088888893,25.471128655555546
1631,460759.004,cam1-002-000270-0,7480329.425583221,321816.73307337647,502.1475830078125,RoanCamp,2020-12-04,2020-12-04 09:59:19.004,09:59:19,60.772881777777755,25.472007311111117
1632,460761.005,cam1-002-000271-0,7480331.105666391,321832.4342774685,502.03143310546875,RoanCamp,2020-12-04,2020-12-04 09:59:21.005,09:59:21,60.769324444444436,25.472885527777777
1633,460763.541,cam1-002-000272-0,7480333.150785726,321852.5121420655,501.81011962890625,RoanCamp,2020-12-04,2020-12-04 09:59:23.541,09:59:23,60.76481599999995,25.47399855000001
1634,460765.009,cam1-002-000273-0,7480334.522847053,321864.51670558646,501.753662109375,RoanCamp,2020-12-04,2020-12-04 09:59:25.009,09:59:25,60.76220622222219,25.474642838888897
1635,460767.011,cam1-002-000274-0,7480336.3411687985,321880.4013118504,501.76239013671875,RoanCamp,2020-12-04,2020-12-04 09:59:27.011,09:59:27,60.75864711111112,25.475521494444443
1636,460769.013,cam1-002-000275-0,7480338.208825994,321896.1040232461,501.7864990234375,RoanCamp,2020-12-04,2020-12-04 09:59:29.013,09:59:29,60.75508800000004,25.47640014999999
1637,460771.549,cam1-002-000276-0,7480340.511797124,321916.32242331584,501.8045349121094,RoanCamp,2020-12-04,2020-12-04 09:59:31.549,09:59:31,60.75057955555556,25.47751317222222
1638,460773.017,cam1-002-000277-0,7480341.884819305,321928.37284876965,501.8157653808594,RoanCamp,2020-12-04,2020-12-04 09:59:33.017,09:59:33,60.7479697777778,25.478157461111106
1639,460775.019,cam1-002-000278-0,7480343.796450958,321944.0035539717,501.8297424316406,RoanCamp,2020-12-04,2020-12-04 09:59:35.019,09:59:35,60.744410666666724,25.479036116666652
1640,460777.021,cam1-002-000279-0,7480345.441243444,321959.5887181658,501.8072204589844,RoanCamp,2020-12-04,2020-12-04 09:59:37.021,09:59:37,60.740851555555544,25.479914772222223
1641,460779.557,cam1-002-000280-0,7480347.902574917,321979.6299986888,501.86151123046875,RoanCamp,2020-12-04,2020-12-04 09:59:39.557,09:59:39,60.73634311111117,25.48102779444443
1642,460781.025,cam1-002-000281-0,7480349.213868417,321990.93020058016,501.9010314941406,RoanCamp,2020-12-04,2020-12-04 09:59:41.025,09:59:41,60.73373333333329,25.481672083333343
1643,460782.894,cam1-002-000282-0,7480350.917089617,322005.97356928216,501.93524169921875,RoanCamp,2020-12-04,2020-12-04 09:59:42.894,09:59:42,60.73041066666672,25.48249236666665
1644,460784.896,cam1-002-000283-0,7480352.777295325,322021.712817443,502.103515625,RoanCamp,2020-12-04,2020-12-04 09:59:44.896,09:59:44,60.72685155555554,25.483371022222222
1645,460787.031,cam1-002-000284-0,7480354.6563371755,322038.9418867227,502.3014221191406,RoanCamp,2020-12-04,2020-12-04 09:59:47.031,09:59:47,60.72305599999997,25.484308050000006
1646,460789.434,cam1-002-000285-0,7480356.644185379,322057.80756718485,502.3746337890625,RoanCamp,2020-12-04,2020-12-04 09:59:49.434,09:59:49,60.718783999999985,25.485362700000003
1647,460790.902,cam1-002-000286-0,7480358.031569297,322069.777091546,502.3836669921875,RoanCamp,2020-12-04,2020-12-04 09:59:50.902,09:59:50,60.71617422222222,25.48600698888889
1648,460792.904,cam1-002-000287-0,7480360.000469168,322085.48392707354,502.4333801269531,RoanCamp,2020-12-04,2020-12-04 09:59:52.904,09:59:52,60.71261511111115,25.486885644444435
1649,460794.906,cam1-002-000288-0,7480361.808868334,322101.3273572703,502.5210876464844,RoanCamp,2020-12-04,2020-12-04 09:59:54.906,09:59:54,60.709055999999975,25.487764300000006
1650,460797.575,cam1-002-000289-0,7480364.181088619,322122.9414188361,502.7139587402344,RoanCamp,2020-12-04,2020-12-04 09:59:57.575,09:59:57,60.704311111111096,25.488935694444447
1651,460798.91,cam1-002-000290-0,7480365.488835122,322133.6299106326,502.85650634765625,RoanCamp,2020-12-04,2020-12-04 09:59:58.910,09:59:58,60.70193777777783,25.489521611111098
1652,460800.912,cam1-002-000291-0,7480367.392351223,322149.19782420446,503.0552673339844,RoanCamp,2020-12-04,2020-12-04 10:00:00.912,10:00:00,60.69809999999998,25.490476266666672
1653,460802.914,cam1-002-000292-0,7480368.9322478855,322164.9471823035,503.10894775390625,RoanCamp,2020-12-04,2020-12-04 10:00:02.914,10:00:02,60.69392916666669,25.49152175555555
1654,460805.583,cam1-002-000293-0,7480371.21489072,322186.0420766569,502.89166259765625,RoanCamp,2020-12-04,2020-12-04 10:00:05.583,10:00:05,60.68836875000004,25.492915566666657
1655,460806.918,cam1-002-000294-0,7480372.507453097,322196.6235930865,502.7724304199219,RoanCamp,2020-12-04,2020-12-04 10:00:06.918,10:00:06,60.68558749999999,25.493612733333336
1656,460808.92,cam1-002-000295-0,7480374.365957893,322212.4159335013,502.70391845703125,RoanCamp,2020-12-04,2020-12-04 10:00:08.920,10:00:08,60.681416666666706,25.494658222222213
1657,460810.922,cam1-002-000296-0,7480376.14240125,322228.28215229267,502.6523742675781,RoanCamp,2020-12-04,2020-12-04 10:00:10.922,10:00:10,60.677245833333295,25.49570371111112
1658,460812.924,cam1-002-000297-0,7480378.02850171,322243.9933193796,502.5915222167969,RoanCamp,2020-12-04,2020-12-04 10:00:12.924,10:00:12,60.673075000000004,25.496749199999996
1659,460815.46,cam1-002-000298-0,7480380.35855882,322264.1104568372,502.4605712890625,RoanCamp,2020-12-04,2020-12-04 10:00:15.460,10:00:15,60.66779166666662,25.498073555555564
1660,460816.928,cam1-002-000299-0,7480381.656584745,322276.074585348,502.3575134277344,RoanCamp,2020-12-04,2020-12-04 10:00:16.928,10:00:16,60.66473333333331,25.498840177777783
1661,460818.93,cam1-002-000300-0,7480383.342169097,322291.7703587052,502.245361328125,RoanCamp,2020-12-04,2020-12-04 10:00:18.930,10:00:18,60.66056250000002,25.49988566666666
1662,460820.932,cam1-002-000301-0,7480385.109323652,322307.34224343626,502.15399169921875,RoanCamp,2020-12-04,2020-12-04 10:00:20.932,10:00:20,60.65639166666673,25.500931155555538
1663,460823.601,cam1-002-000302-0,7480387.568794755,322328.487845505,502.3261413574219,RoanCamp,2020-12-04,2020-12-04 10:00:23.601,10:00:23,60.65083124999995,25.502324966666677
1664,460824.936,cam1-002-000303-0,7480388.922152841,322339.18258145684,502.42987060546875,RoanCamp,2020-12-04,2020-12-04 10:00:24.936,10:00:24,60.64805000000003,25.503022133333324
1665,460826.938,cam1-002-000304-0,7480390.88064306,322355.03492704104,502.575439453125,RoanCamp,2020-12-04,2020-12-04 10:00:26.938,10:00:26,60.64387916666662,25.504067622222234
1666,460828.94,cam1-002-000305-0,7480392.887125269,322370.97842732957,502.73687744140625,RoanCamp,2020-12-04,2020-12-04 10:00:28.940,10:00:28,60.63970833333333,25.50511311111111
1667,460831.609,cam1-002-000306-0,7480395.283038029,322392.7779161729,502.68939208984375,RoanCamp,2020-12-04,2020-12-04 10:00:31.609,10:00:31,60.63414791666668,25.50650692222222
1668,460832.944,cam1-002-000307-0,7480396.527356748,322403.77871250745,502.6158447265625,RoanCamp,2020-12-04,2020-12-04 10:00:32.944,10:00:32,60.63136666666663,25.507204088888898
1669,460834.946,cam1-002-000308-0,7480398.313085573,322419.23796411685,502.6720275878906,RoanCamp,2020-12-04,2020-12-04 10:00:34.946,10:00:34,60.627195833333346,25.508249577777775
1670,460836.948,cam1-002-000309-0,7480398.276068987,322426.8110286433,502.60015869140625,RoanCamp,2020-12-04,2020-12-04 10:00:36.948,10:00:36,60.623025000000055,25.509295066666652
1671,460840.017,cam1-002-000310-0,7480405.3838130245,322426.3045413365,501.5564270019531,RoanCamp,2020-12-04,2020-12-04 10:00:40.017,10:00:40,60.61663125000002,25.510897766666663
1672,460840.952,cam1-002-000311-0,7480411.751906145,322426.83331053355,501.3318786621094,RoanCamp,2020-12-04,2020-12-04 10:00:40.952,10:00:40,60.61468333333335,25.51138604444444
1673,460842.954,cam1-002-000312-0,7480429.911607275,322429.31574047566,501.5339660644531,RoanCamp,2020-12-04,2020-12-04 10:00:42.954,10:00:42,60.61051249999995,25.512431533333345
1674,460844.956,cam1-002-000313-0,7480446.890387895,322431.8832731688,501.6007080078125,RoanCamp,2020-12-04,2020-12-04 10:00:44.956,10:00:44,60.60634166666666,25.513477022222222
1675,460846.958,cam1-002-000314-0,7480463.116976516,322433.9843780308,501.6552429199219,RoanCamp,2020-12-04,2020-12-04 10:00:46.958,10:00:46,60.60217083333337,25.5145225111111
1676,460849.627,cam1-002-000315-0,7480484.793679838,322436.0822309556,501.60272216796875,RoanCamp,2020-12-04,2020-12-04 10:00:49.627,10:00:49,60.596610416666714,25.51591632222221
1677,460850.962,cam1-002-000316-0,7480495.699495677,322437.020665474,501.58642578125,RoanCamp,2020-12-04,2020-12-04 10:00:50.962,10:00:50,60.59382916666667,25.516613488888886
1678,460852.964,cam1-002-000317-0,7480509.984540677,322433.8991261285,501.77923583984375,RoanCamp,2020-12-04,2020-12-04 10:00:52.964,10:00:52,60.58965833333338,25.517658977777764
1679,460854.966,cam1-002-000318-0,7480513.525065696,322430.4076933627,502.0079040527344,RoanCamp,2020-12-04,2020-12-04 10:00:54.966,10:00:54,60.58548749999997,25.518704466666673
1680,460857.635,cam1-002-000319-0,7480512.900981497,322424.67491284374,501.6676940917969,RoanCamp,2020-12-04,2020-12-04 10:00:57.635,10:00:57,60.57992708333332,25.52009827777778
1681,460858.969,cam1-002-000320-0,7480511.8504710365,322416.2150148574,501.4986267089844,RoanCamp,2020-12-04,2020-12-04 10:00:58.969,10:00:58,60.5771479166667,25.520794922222212
1682,460860.971,cam1-002-000321-0,7480509.759790299,322398.69470657274,501.3191223144531,RoanCamp,2020-12-04,2020-12-04 10:01:00.971,10:01:00,60.57297708333329,25.52184041111112
1683,460862.973,cam1-002-000322-0,7480508.099896733,322381.60690241307,501.2087097167969,RoanCamp,2020-12-04,2020-12-04 10:01:02.973,10:01:02,60.56880625000001,25.5228859
1684,460864.975,cam1-002-000323-0,7480506.399489645,322365.10334196186,500.9057922363281,RoanCamp,2020-12-04,2020-12-04 10:01:04.975,10:01:04,60.56463541666672,25.523931388888876
1685,460867.645,cam1-002-000324-0,7480503.696633844,322343.2551265742,500.8839416503906,RoanCamp,2020-12-04,2020-12-04 10:01:07.645,10:01:07,60.55907291666663,25.52532572222223
1686,460868.979,cam1-002-000325-0,7480502.348839929,322332.5699788062,500.89178466796875,RoanCamp,2020-12-04,2020-12-04 10:01:08.979,10:01:08,60.556293750000016,25.526022366666663
1687,460870.981,cam1-002-000326-0,7480500.447117496,322316.7918926482,500.76812744140625,RoanCamp,2020-12-04,2020-12-04 10:01:10.981,10:01:10,60.55212291666661,25.52706785555557
1688,460872.983,cam1-002-000327-0,7480498.458710175,322300.9241238036,500.6829833984375,RoanCamp,2020-12-04,2020-12-04 10:01:12.983,10:01:12,60.54795208333332,25.528113344444446
1689,460875.519,cam1-002-000328-0,7480495.785387406,322280.686964386,500.7576904296875,RoanCamp,2020-12-04,2020-12-04 10:01:15.519,10:01:15,60.54266875000006,25.529437699999985
1690,460876.987,cam1-002-000329-0,7480494.400758959,322268.60104506323,500.78668212890625,RoanCamp,2020-12-04,2020-12-04 10:01:16.987,10:01:16,60.53961041666662,25.530204322222232
1691,460878.989,cam1-002-000330-0,7480492.36303352,322252.93283222464,500.90960693359375,RoanCamp,2020-12-04,2020-12-04 10:01:18.989,10:01:18,60.535439583333336,25.53124981111111
1692,460880.991,cam1-002-000331-0,7480490.69171432,322237.35555814963,500.9945373535156,RoanCamp,2020-12-04,2020-12-04 10:01:20.991,10:01:20,60.531268750000045,25.532295299999987
1693,460883.527,cam1-002-000332-0,7480488.164555253,322217.582595372,501.1590576171875,RoanCamp,2020-12-04,2020-12-04 10:01:23.527,10:01:23,60.525985416666664,25.533619655555555
1694,460884.995,cam1-002-000333-0,7480486.978429384,322206.1880090246,501.0589294433594,RoanCamp,2020-12-04,2020-12-04 10:01:24.995,10:01:24,60.52292708333334,25.534386277777774
1695,460886.997,cam1-002-000334-0,7480484.914485328,322189.7543404288,500.9251708984375,RoanCamp,2020-12-04,2020-12-04 10:01:26.997,10:01:26,60.51875625000006,25.53543176666665
1696,460888.999,cam1-002-000335-0,7480483.009567216,322173.7516951737,500.9621276855469,RoanCamp,2020-12-04,2020-12-04 10:01:28.999,10:01:28,60.51458541666665,25.53647725555556
1697,460891.001,cam1-002-000336-0,7480481.24502183,322157.7725331179,501.0205383300781,RoanCamp,2020-12-04,2020-12-04 10:01:31.001,10:01:31,60.51041458333336,25.537522744444438
1698,460893.404,cam1-002-000337-0,7480479.049255142,322138.52573889535,501.0008544921875,RoanCamp,2020-12-04,2020-12-04 10:01:33.404,10:01:33,60.50540833333338,25.538777644444433
1699,460895.005,cam1-002-000338-0,7480477.4389437735,322124.94938269723,500.87078857421875,RoanCamp,2020-12-04,2020-12-04 10:01:35.005,10:01:35,60.50207291666666,25.539613722222224
1700,460897.007,cam1-002-000339-0,7480475.470288921,322109.01197869785,500.8606872558594,RoanCamp,2020-12-04,2020-12-04 10:01:37.007,10:01:37,60.49790208333337,25.5406592111111
1701,460899.009,cam1-002-000340-0,7480473.500980848,322093.0887455432,500.8172912597656,RoanCamp,2020-12-04,2020-12-04 10:01:39.009,10:01:39,60.49373124999996,25.541704700000007
1702,460901.545,cam1-002-000341-0,7480471.059122386,322072.98591558886,500.84222412109375,RoanCamp,2020-12-04,2020-12-04 10:01:41.545,10:01:41,60.4884479166667,25.543029055555547
1703,460903.013,cam1-002-000342-0,7480469.707353415,322061.07886588166,500.8516540527344,RoanCamp,2020-12-04,2020-12-04 10:01:43.013,10:01:43,60.48538958333339,25.543795677777766
1704,460905.015,cam1-002-000343-0,7480467.8548875265,322045.44079963624,500.9102478027344,RoanCamp,2020-12-04,2020-12-04 10:01:45.015,10:01:45,60.481218749999975,25.54484116666667
1705,460907.017,cam1-002-000344-0,7480465.904315107,322029.7304872577,501.0188903808594,RoanCamp,2020-12-04,2020-12-04 10:01:47.017,10:01:47,60.477047916666685,25.54588665555555
1706,460909.553,cam1-002-000345-0,7480463.344790118,322009.67126455955,501.1186828613281,RoanCamp,2020-12-04,2020-12-04 10:01:49.553,10:01:49,60.471764583333304,25.547211011111116
1707,460911.021,cam1-002-000346-0,7480461.932871808,321998.3223093809,501.1418762207031,RoanCamp,2020-12-04,2020-12-04 10:01:51.021,10:01:51,60.46870624999999,25.547977633333335
1708,460913.023,cam1-002-000347-0,7480460.296317397,321982.02491553046,501.166015625,RoanCamp,2020-12-04,2020-12-04 10:01:53.023,10:01:53,60.4645354166667,25.549023122222213
1709,460915.025,cam1-002-000348-0,7480458.450612688,321966.1534264351,501.06500244140625,RoanCamp,2020-12-04,2020-12-04 10:01:55.025,10:01:55,60.46036458333329,25.550068611111122
1710,460917.027,cam1-002-000349-0,7480456.646728172,321950.54660653335,500.9786376953125,RoanCamp,2020-12-04,2020-12-04 10:01:57.027,10:01:57,60.45619375,25.5511141
1711,460919.43,cam1-002-000350-0,7480454.43600682,321931.66209636105,500.96002197265625,RoanCamp,2020-12-04,2020-12-04 10:01:59.430,10:01:59,60.45118750000002,25.552368999999995
1712,460920.898,cam1-002-000351-0,7480453.018948141,321919.62805651326,500.879150390625,RoanCamp,2020-12-04,2020-12-04 10:02:00.898,10:02:00,60.448129166666696,25.553135622222214
1713,460922.9,cam1-002-000352-0,7480450.969887482,321903.664839632,500.8094482421875,RoanCamp,2020-12-04,2020-12-04 10:02:02.900,10:02:02,60.443958333333285,25.55418111111112
1714,460925.035,cam1-002-000353-0,7480448.906804504,321886.48728702037,500.7781677246094,RoanCamp,2020-12-04,2020-12-04 10:02:05.035,10:02:05,60.43951041666672,25.55529605555554
1715,460927.571,cam1-002-000354-0,7480446.506951086,321866.03064543876,500.938232421875,RoanCamp,2020-12-04,2020-12-04 10:02:07.571,10:02:07,60.43422708333335,25.55662041111111
1716,460928.906,cam1-002-000355-0,7480445.259099651,321855.12780446385,500.9860534667969,RoanCamp,2020-12-04,2020-12-04 10:02:08.906,10:02:08,60.4314458333333,25.557317577777784
1717,460930.908,cam1-002-000356-0,7480443.536407096,321839.19169180177,500.9898681640625,RoanCamp,2020-12-04,2020-12-04 10:02:10.908,10:02:10,60.42727500000001,25.55836306666666
1718,460932.91,cam1-002-000357-0,7480441.747929469,321823.4575356778,501.0347900390625,RoanCamp,2020-12-04,2020-12-04 10:02:12.910,10:02:12,60.423104166666725,25.559408555555542
1719,460935.045,cam1-002-000358-0,7480439.753528735,321806.415163824,501.1442565917969,RoanCamp,2020-12-04,2020-12-04 10:02:15.045,10:02:15,60.41865625000003,25.56052349999999
1720,460937.447,cam1-002-000359-0,7480437.6269805115,321787.669150667,501.0545654296875,RoanCamp,2020-12-04,2020-12-04 10:02:17.447,10:02:17,60.41365208333337,25.561777877777768
1721,460938.916,cam1-002-000360-0,7480436.151066683,321775.5752153761,500.8658142089844,RoanCamp,2020-12-04,2020-12-04 10:02:18.916,10:02:18,60.41059166666661,25.562545022222235
1722,460940.918,cam1-002-000361-0,7480434.3313951455,321759.6780556739,500.6483154296875,RoanCamp,2020-12-04,2020-12-04 10:02:20.918,10:02:20,60.40642083333333,25.563590511111112
1723,460942.92,cam1-002-000362-0,7480432.359945068,321743.59544284694,500.4259948730469,RoanCamp,2020-12-04,2020-12-04 10:02:22.920,10:02:22,60.40225000000004,25.56463599999999
1724,460945.589,cam1-002-000363-0,7480429.667655401,321722.02551616315,500.37261962890625,RoanCamp,2020-12-04,2020-12-04 10:02:25.589,10:02:25,60.396689583333384,25.566029811111097
1725,460946.924,cam1-002-000364-0,7480428.453755883,321711.2198388347,500.43255615234375,RoanCamp,2020-12-04,2020-12-04 10:02:26.924,10:02:26,60.393908333333336,25.566726977777776
1726,460948.926,cam1-002-000365-0,7480426.69612385,321695.4597997321,500.6202697753906,RoanCamp,2020-12-04,2020-12-04 10:02:28.926,10:02:28,60.38973750000005,25.567772466666653
1727,460950.928,cam1-002-000366-0,7480424.85807408,321679.737781052,500.7718200683594,RoanCamp,2020-12-04,2020-12-04 10:02:30.928,10:02:30,60.38556666666664,25.568817955555563
1728,460952.929,cam1-002-000367-0,7480423.0987166865,321664.05042570457,500.82952880859375,RoanCamp,2020-12-04,2020-12-04 10:02:32.929,10:02:32,60.381397916666664,25.569862922222224
1729,460955.465,cam1-002-000368-0,7480420.89466523,321644.0904214377,500.9101257324219,RoanCamp,2020-12-04,2020-12-04 10:02:35.465,10:02:35,60.37611458333328,25.57118727777779
1730,460956.933,cam1-002-000369-0,7480419.360169889,321632.22774297534,500.8917541503906,RoanCamp,2020-12-04,2020-12-04 10:02:36.933,10:02:36,60.37305624999996,25.571953900000008
1731,460958.935,cam1-002-000370-0,7480417.560056128,321616.60223896813,500.84539794921875,RoanCamp,2020-12-04,2020-12-04 10:02:38.935,10:02:38,60.36888541666667,25.572999388888885
1732,460960.937,cam1-002-000371-0,7480415.812500837,321600.942996051,500.81231689453125,RoanCamp,2020-12-04,2020-12-04 10:02:40.937,10:02:40,60.36471458333339,25.574044877777762
1733,460963.607,cam1-002-000372-0,7480413.322183509,321579.651172132,500.74658203125,RoanCamp,2020-12-04,2020-12-04 10:02:43.607,10:02:43,60.3591520833333,25.57543921111112
1734,460964.941,cam1-002-000373-0,7480412.112248523,321568.98197134084,500.7547607421875,RoanCamp,2020-12-04,2020-12-04 10:02:44.941,10:02:44,60.356372916666686,25.57613585555555
1735,460966.943,cam1-002-000374-0,7480410.317247515,321553.35342564434,500.7864685058594,RoanCamp,2020-12-04,2020-12-04 10:02:46.943,10:02:46,60.352202083333275,25.57718134444446
1736,460968.945,cam1-002-000375-0,7480408.523739837,321537.62741147634,500.8447570800781,RoanCamp,2020-12-04,2020-12-04 10:02:48.945,10:02:48,60.34803124999999,25.578226833333336
1737,460970.947,cam1-002-000376-0,7480406.723146231,321521.9293805709,500.8459777832031,RoanCamp,2020-12-04,2020-12-04 10:02:50.947,10:02:50,60.3438604166667,25.579272322222213
1738,460973.483,cam1-002-000377-0,7480404.42797902,321501.85317814094,500.9075927734375,RoanCamp,2020-12-04,2020-12-04 10:02:53.483,10:02:53,60.33857708333332,25.58059667777778
1739,460974.951,cam1-002-000378-0,7480403.181070186,321489.78456987883,500.9412536621094,RoanCamp,2020-12-04,2020-12-04 10:02:54.951,10:02:54,60.33551875,25.5813633
1740,460976.953,cam1-002-000379-0,7480401.458337756,321473.9134015116,500.8863220214844,RoanCamp,2020-12-04,2020-12-04 10:02:56.953,10:02:56,60.331347916666715,25.582408788888877
1741,460978.955,cam1-002-000380-0,7480399.540529307,321458.2154557898,500.9013366699219,RoanCamp,2020-12-04,2020-12-04 10:02:58.955,10:02:58,60.327177083333304,25.583454277777786
1742,460981.625,cam1-002-000381-0,7480397.18634714,321437.0246027392,500.9944763183594,RoanCamp,2020-12-04,2020-12-04 10:03:01.625,10:03:01,60.321614583333336,25.58484861111111
1743,460982.959,cam1-002-000382-0,7480395.912299162,321426.2944713162,500.90966796875,RoanCamp,2020-12-04,2020-12-04 10:03:02.959,10:03:02,60.31883541666672,25.58554525555554
1744,460984.961,cam1-002-000383-0,7480394.065211752,321410.62802886375,500.7006530761719,RoanCamp,2020-12-04,2020-12-04 10:03:04.961,10:03:04,60.31466458333332,25.586590744444447
1745,460986.963,cam1-002-000384-0,7480392.130888145,321394.83162415284,500.482666015625,RoanCamp,2020-12-04,2020-12-04 10:03:06.963,10:03:06,60.31049375000003,25.587636233333328
1746,460989.633,cam1-002-000385-0,7480389.502750179,321373.5741827779,500.5160217285156,RoanCamp,2020-12-04,2020-12-04 10:03:09.633,10:03:09,60.30493125000006,25.58903056666665
1747,460990.967,cam1-002-000386-0,7480388.386499817,321362.8674477632,500.61505126953125,RoanCamp,2020-12-04,2020-12-04 10:03:10.967,10:03:10,60.302152083333326,25.58972721111111
1748,460992.969,cam1-002-000387-0,7480386.656670002,321347.2143656685,500.7022705078125,RoanCamp,2020-12-04,2020-12-04 10:03:12.969,10:03:12,60.29798125000004,25.590772699999988
1749,460994.971,cam1-002-000388-0,7480384.788656629,321331.5238281495,500.8703308105469,RoanCamp,2020-12-04,2020-12-04 10:03:14.971,10:03:14,60.29381041666663,25.591818188888897
1750,460996.973,cam1-002-000389-0,7480382.956877981,321315.572010781,501.03643798828125,RoanCamp,2020-12-04,2020-12-04 10:03:16.973,10:03:16,60.28963958333334,25.592863677777775
1751,460999.509,cam1-002-000390-0,7480380.602573512,321295.1442906735,501.021728515625,RoanCamp,2020-12-04,2020-12-04 10:03:19.509,10:03:19,60.28435624999996,25.594188033333342
1752,461000.977,cam1-002-000391-0,7480379.19488121,321282.86068662646,500.912353515625,RoanCamp,2020-12-04,2020-12-04 10:03:20.977,10:03:20,60.28129791666664,25.59495465555556
1753,461002.979,cam1-002-000392-0,7480377.387461664,321266.9797680953,500.8902587890625,RoanCamp,2020-12-04,2020-12-04 10:03:22.979,10:03:22,60.277127083333355,25.59600014444444
1754,461004.981,cam1-002-000393-0,7480375.440492625,321251.06153656426,500.739990234375,RoanCamp,2020-12-04,2020-12-04 10:03:24.981,10:03:24,60.27295624999994,25.597045633333348
1755,461007.651,cam1-002-000394-0,7480372.914326178,321229.405076161,500.76165771484375,RoanCamp,2020-12-04,2020-12-04 10:03:27.651,10:03:27,60.267393749999975,25.59843996666667
1756,461008.985,cam1-002-000395-0,7480371.672080626,321218.54341574025,500.7633972167969,RoanCamp,2020-12-04,2020-12-04 10:03:28.985,10:03:28,60.26461458333336,25.599136611111103
1757,461010.987,cam1-002-000396-0,7480369.790492592,321202.3988843699,500.70306396484375,RoanCamp,2020-12-04,2020-12-04 10:03:30.987,10:03:30,60.26044374999996,25.600182100000012
1758,461012.989,cam1-002-000397-0,7480367.909985684,321186.37831679836,500.71728515625,RoanCamp,2020-12-04,2020-12-04 10:03:32.989,10:03:32,60.25627291666667,25.60122758888889
1759,461015.525,cam1-002-000398-0,7480365.582008505,321166.0148828928,500.6394958496094,RoanCamp,2020-12-04,2020-12-04 10:03:35.525,10:03:35,60.250989583333286,25.602551944444457
1760,461016.993,cam1-002-000399-0,7480364.132691088,321153.99343645724,500.66900634765625,RoanCamp,2020-12-04,2020-12-04 10:03:36.993,10:03:36,60.247931249999965,25.603318566666672
1761,461018.995,cam1-002-000400-0,7480362.336611249,321138.33940784493,500.74957275390625,RoanCamp,2020-12-04,2020-12-04 10:03:38.995,10:03:38,60.24376041666668,25.604364055555553
1762,461020.997,cam1-002-000401-0,7480360.604986625,321122.7479995874,500.7792663574219,RoanCamp,2020-12-04,2020-12-04 10:03:40.997,10:03:40,60.23958958333339,25.60540954444443
1763,461022.999,cam1-002-000402-0,7480358.653563679,321107.1811419609,500.824462890625,RoanCamp,2020-12-04,2020-12-04 10:03:42.999,10:03:42,60.23541874999998,25.606455033333337
1764,461025.401,cam1-002-000403-0,7480356.25035155,321087.8522174773,500.73681640625,RoanCamp,2020-12-04,2020-12-04 10:03:45.401,10:03:45,60.23041458333331,25.607709411111117
1765,461027.003,cam1-002-000404-0,7480354.833221059,321075.37100922444,500.7256164550781,RoanCamp,2020-12-04,2020-12-04 10:03:47.003,10:03:47,60.227077083333285,25.608546011111123
1766,461029.005,cam1-002-000405-0,7480353.1798633775,321059.8924629788,500.7760314941406,RoanCamp,2020-12-04,2020-12-04 10:03:49.005,10:03:49,60.222906249999994,25.6095915
1767,461031.007,cam1-002-000406-0,7480351.489418769,321044.2278040877,500.9093322753906,RoanCamp,2020-12-04,2020-12-04 10:03:51.007,10:03:51,60.2187354166667,25.610636988888878
1768,461033.543,cam1-002-000407-0,7480349.154957546,321024.02624830866,501.0512390136719,RoanCamp,2020-12-04,2020-12-04 10:03:53.543,10:03:53,60.21345208333332,25.611961344444445
1769,461035.011,cam1-002-000408-0,7480347.597394472,321012.05067680054,501.0556945800781,RoanCamp,2020-12-04,2020-12-04 10:03:55.011,10:03:55,60.21039375000001,25.612727966666665
1770,461037.013,cam1-002-000409-0,7480345.7880716175,320996.297081428,501.0484313964844,RoanCamp,2020-12-04,2020-12-04 10:03:57.013,10:03:57,60.20622291666672,25.613773455555542
1771,461039.015,cam1-002-000410-0,7480343.986142876,320980.56086384814,501.0509338378906,RoanCamp,2020-12-04,2020-12-04 10:03:59.015,10:03:59,60.20205208333331,25.61481894444445
1772,461041.017,cam1-002-000411-0,7480342.170490364,320964.93067888904,501.1085205078125,RoanCamp,2020-12-04,2020-12-04 10:04:01.017,10:04:01,60.197881250000016,25.61586443333333
1773,461043.419,cam1-002-000412-0,7480339.702531854,320945.53379962,501.105224609375,RoanCamp,2020-12-04,2020-12-04 10:04:03.419,10:04:03,60.19287708333335,25.61711881111111
1774,461045.021,cam1-002-000413-0,7480338.242415119,320932.7912083168,501.1050720214844,RoanCamp,2020-12-04,2020-12-04 10:04:05.021,10:04:05,60.18953958333332,25.617955411111115
1775,461047.023,cam1-002-000414-0,7480336.459034458,320916.8086095849,501.0860595703125,RoanCamp,2020-12-04,2020-12-04 10:04:07.023,10:04:07,60.18536875000003,25.619000899999993
1776,461049.025,cam1-002-000415-0,7480334.552939717,320900.91818047204,500.9708251953125,RoanCamp,2020-12-04,2020-12-04 10:04:09.025,10:04:09,60.18119791666662,25.6200463888889
1777,461051.561,cam1-002-000416-0,7480332.088114854,320880.6731096398,500.89788818359375,RoanCamp,2020-12-04,2020-12-04 10:04:11.561,10:04:11,60.175914583333366,25.621370744444437
1778,461053.029,cam1-002-000417-0,7480330.6419765605,320868.5940098497,500.91961669921875,RoanCamp,2020-12-04,2020-12-04 10:04:13.029,10:04:13,60.172856250000045,25.622137366666657
1779,461055.031,cam1-002-000418-0,7480328.897175226,320852.65516031155,500.9512939453125,RoanCamp,2020-12-04,2020-12-04 10:04:15.031,10:04:15,60.168685416666634,25.623182855555562
1780,461056.899,cam1-002-000419-0,7480327.214181557,320837.99671979813,501.0480041503906,RoanCamp,2020-12-04,2020-12-04 10:04:16.899,10:04:16,60.16479375000005,25.624158366666652
1781,461059.035,cam1-002-000420-0,7480325.214488464,320820.7505112698,501.0810852050781,RoanCamp,2020-12-04,2020-12-04 10:04:19.035,10:04:19,60.16034375000006,25.625273833333317
1782,461061.437,cam1-002-000421-0,7480322.802990239,320800.90645086067,501.009765625,RoanCamp,2020-12-04,2020-12-04 10:04:21.437,10:04:21,60.15533958333339,25.626528211111097
1783,461062.905,cam1-002-000422-0,7480321.368019983,320789.4067523661,501.02099609375,RoanCamp,2020-12-04,2020-12-04 10:04:22.905,10:04:22,60.152281249999945,25.627294833333348
1784,461064.907,cam1-002-000423-0,7480319.611784415,320773.5038683306,501.0074462890625,RoanCamp,2020-12-04,2020-12-04 10:04:24.907,10:04:24,60.148110416666654,25.628340322222225
1785,461066.909,cam1-002-000424-0,7480317.786590922,320757.0993778417,501.0184326171875,RoanCamp,2020-12-04,2020-12-04 10:04:26.909,10:04:26,60.14393958333337,25.629385811111103
1786,461069.579,cam1-002-000425-0,7480315.32920176,320736.3513090083,500.9101257324219,RoanCamp,2020-12-04,2020-12-04 10:04:29.579,10:04:29,60.13837708333328,25.630780144444458
1787,461070.913,cam1-002-000426-0,7480313.980921927,320725.8103741169,500.9697265625,RoanCamp,2020-12-04,2020-12-04 10:04:30.913,10:04:30,60.13559791666667,25.63147678888889
1788,461072.915,cam1-002-000427-0,7480312.34123943,320710.3060395909,501.03082275390625,RoanCamp,2020-12-04,2020-12-04 10:04:32.915,10:04:32,60.13142708333338,25.632522277777767
1789,461074.917,cam1-002-000428-0,7480310.529090335,320694.6601466812,500.9605712890625,RoanCamp,2020-12-04,2020-12-04 10:04:34.917,10:04:34,60.12725624999997,25.633567766666673
1790,461077.587,cam1-002-000429-0,7480308.058492343,320673.2102585478,500.96673583984375,RoanCamp,2020-12-04,2020-12-04 10:04:37.587,10:04:37,60.121693750000006,25.6349621
1791,461078.921,cam1-002-000430-0,7480306.730526423,320662.3677707894,500.9356384277344,RoanCamp,2020-12-04,2020-12-04 10:04:38.921,10:04:38,60.11891458333339,25.635658744444427
1792,461080.923,cam1-002-000431-0,7480304.815531769,320646.48285396374,501.0178527832031,RoanCamp,2020-12-04,2020-12-04 10:04:40.923,10:04:40,60.11474374999998,25.636704233333337
1793,461082.925,cam1-002-000432-0,7480302.85349213,320630.58425853343,501.2078552246094,RoanCamp,2020-12-04,2020-12-04 10:04:42.925,10:04:42,60.11057291666669,25.637749722222214
1794,461085.061,cam1-002-000433-0,7480300.954335723,320613.51310557936,501.246337890625,RoanCamp,2020-12-04,2020-12-04 10:04:45.061,10:04:45,60.1061229166667,25.638865188888882
1795,461087.463,cam1-002-000434-0,7480298.603316985,320594.25657311745,501.09588623046875,RoanCamp,2020-12-04,2020-12-04 10:04:47.463,10:04:47,60.101118750000026,25.64011956666666
1796,461088.931,cam1-002-000435-0,7480297.429984741,320583.2687349331,500.942138671875,RoanCamp,2020-12-04,2020-12-04 10:04:48.931,10:04:48,60.098060416666705,25.640886188888878
1797,461090.933,cam1-002-000436-0,7480296.006233849,320567.7253166877,500.81219482421875,RoanCamp,2020-12-04,2020-12-04 10:04:50.933,10:04:50,60.093889583333294,25.641931677777787
1798,461092.935,cam1-002-000437-0,7480294.248465161,320552.0345710743,500.6657409667969,RoanCamp,2020-12-04,2020-12-04 10:04:52.935,10:04:52,60.08971875000001,25.642977166666665
1799,461095.605,cam1-002-000438-0,7480291.768915508,320530.4840076021,500.5622863769531,RoanCamp,2020-12-04,2020-12-04 10:04:55.605,10:04:55,60.08415625000004,25.644371499999988
1800,461096.939,cam1-002-000439-0,7480290.554978532,320519.6748574955,500.52935791015625,RoanCamp,2020-12-04,2020-12-04 10:04:56.939,10:04:56,60.08137708333331,25.64506814444445
1801,461098.941,cam1-002-000440-0,7480288.626251563,320503.8970591533,500.4908752441406,RoanCamp,2020-12-04,2020-12-04 10:04:58.941,10:04:58,60.07720625000002,25.64611363333333
1802,461100.943,cam1-002-000441-0,7480286.7357560005,320488.37191105227,500.51824951171875,RoanCamp,2020-12-04,2020-12-04 10:05:00.943,10:05:00,60.07303541666661,25.647159122222234
1803,461102.945,cam1-002-000442-0,7480284.752068393,320472.1424264808,500.5461730957031,RoanCamp,2020-12-04,2020-12-04 10:05:02.945,10:05:02,60.06886458333332,25.64820461111111
1804,461105.481,cam1-002-000443-0,7480282.5124343885,320452.0530347307,500.64447021484375,RoanCamp,2020-12-04,2020-12-04 10:05:05.481,10:05:05,60.06358124999994,25.64952896666668
1805,461106.949,cam1-002-000444-0,7480281.246545101,320440.4917586169,500.8104553222656,RoanCamp,2020-12-04,2020-12-04 10:05:06.949,10:05:06,60.06052291666662,25.6502955888889
1806,461108.951,cam1-002-000445-0,7480281.936607964,320426.46970687807,500.9869689941406,RoanCamp,2020-12-04,2020-12-04 10:05:08.951,10:05:08,60.05635208333334,25.651341077777776
1807,461110.953,cam1-002-000446-0,7480284.458022801,320422.9871227165,500.651123046875,RoanCamp,2020-12-04,2020-12-04 10:05:10.953,10:05:10,60.05218125000005,25.652386566666653
1808,461113.622,cam1-002-000447-0,7480291.967863235,320423.96128150466,500.2565002441406,RoanCamp,2020-12-04,2020-12-04 10:05:13.622,10:05:13,60.04662083333339,25.653780377777764
1809,461114.957,cam1-002-000448-0,7480301.69035811,320423.41747082106,500.1665344238281,RoanCamp,2020-12-04,2020-12-04 10:05:14.957,10:05:14,60.043839583333344,25.65447754444444
1810,461116.959,cam1-002-000449-0,7480318.877313954,320423.7836141372,500.58343505859375,RoanCamp,2020-12-04,2020-12-04 10:05:16.959,10:05:16,60.03966875000006,25.655523033333317
1811,461118.961,cam1-002-000450-0,7480335.3161634095,320424.82050309936,500.7452087402344,RoanCamp,2020-12-04,2020-12-04 10:05:18.961,10:05:18,60.03549791666665,25.656568522222226
1812,461120.963,cam1-002-000451-0,7480351.911101088,320425.7136070762,500.88580322265625,RoanCamp,2020-12-04,2020-12-04 10:05:20.963,10:05:20,60.03132708333336,25.657614011111104
1813,461123.632,cam1-002-000452-0,7480372.696676029,320426.9843575095,500.9498291015625,RoanCamp,2020-12-04,2020-12-04 10:05:23.632,10:05:23,60.025766666666705,25.65900782222221
1814,461124.967,cam1-002-000453-0,7480383.744553682,320427.46407536714,501.1143493652344,RoanCamp,2020-12-04,2020-12-04 10:05:24.967,10:05:24,60.022985416666664,25.65970498888889
1815,461126.969,cam1-002-000454-0,7480394.787174204,320434.918540471,501.6634826660156,RoanCamp,2020-12-04,2020-12-04 10:05:26.969,10:05:26,60.01881458333337,25.660750477777768
1816,461130.039,cam1-002-000455-0,7480394.733511372,320439.1812200417,501.1298522949219,RoanCamp,2020-12-04,2020-12-04 10:05:30.039,10:05:30,60.01241875000002,25.662353699999993
1817,461130.973,cam1-002-000456-0,7480395.567136673,320442.4476364018,501.0423278808594,RoanCamp,2020-12-04,2020-12-04 10:05:30.973,10:05:30,60.01047291666667,25.662841455555554
1818,461132.975,cam1-002-000457-0,7480398.546538657,320456.6533015781,500.7342834472656,RoanCamp,2020-12-04,2020-12-04 10:05:32.975,10:05:32,60.00630208333339,25.66388694444443
1819,461134.977,cam1-002-000458-0,7480400.948565422,320473.71837714326,500.9699401855469,RoanCamp,2020-12-04,2020-12-04 10:05:34.977,10:05:34,60.00213124999998,25.664932433333338
1820,461136.979,cam1-002-000459-0,7480402.805818414,320490.10640560987,501.14056396484375,RoanCamp,2020-12-04,2020-12-04 10:05:36.979,10:05:36,59.997960416666686,25.66597792222222
1821,461139.515,cam1-002-000460-0,7480405.108165216,320510.622831627,501.23931884765625,RoanCamp,2020-12-04,2020-12-04 10:05:39.515,10:05:39,59.992677083333305,25.667302277777782
1822,461140.983,cam1-002-000461-0,7480406.456555178,320522.6959669988,501.2146911621094,RoanCamp,2020-12-04,2020-12-04 10:05:40.983,10:05:40,59.989618749999984,25.6680689
1823,461142.985,cam1-002-000462-0,7480408.305793574,320538.49458860734,501.0799865722656,RoanCamp,2020-12-04,2020-12-04 10:05:42.985,10:05:42,59.9854479166667,25.66911438888888
1824,461144.987,cam1-002-000463-0,7480410.09056749,320554.25568691344,500.8636474609375,RoanCamp,2020-12-04,2020-12-04 10:05:44.987,10:05:44,59.98127708333329,25.670159877777788
1825,461147.656,cam1-002-000464-0,7480412.808209358,320575.1758819536,500.7872619628906,RoanCamp,2020-12-04,2020-12-04 10:05:47.656,10:05:47,59.975716666666635,25.671553688888896
1826,461148.991,cam1-002-000465-0,7480414.129971675,320585.88986575406,500.7397766113281,RoanCamp,2020-12-04,2020-12-04 10:05:48.991,10:05:48,59.97293541666671,25.672250855555543
1827,461150.993,cam1-002-000466-0,7480416.074551528,320601.66005954833,500.7091064453125,RoanCamp,2020-12-04,2020-12-04 10:05:50.993,10:05:50,59.968764583333304,25.673296344444452
1828,461152.995,cam1-002-000467-0,7480417.950022708,320617.43176278577,500.6127014160156,RoanCamp,2020-12-04,2020-12-04 10:05:52.995,10:05:52,59.96459375000001,25.67434183333333
1829,461154.997,cam1-002-000468-0,7480419.715165859,320633.0906952282,500.6018371582031,RoanCamp,2020-12-04,2020-12-04 10:05:54.997,10:05:54,59.96042291666672,25.675387322222207
1830,461157.399,cam1-002-000469-0,7480421.948332735,320652.5948117008,500.6437683105469,RoanCamp,2020-12-04,2020-12-04 10:05:57.399,10:05:57,59.95541875000006,25.676641699999987
1831,461159.001,cam1-002-000470-0,7480423.447970331,320665.23470991186,500.6952209472656,RoanCamp,2020-12-04,2020-12-04 10:05:59.001,10:05:59,59.95208125000003,25.677478299999994
1832,461161.003,cam1-002-000471-0,7480425.297637868,320681.05633321893,500.6936950683594,RoanCamp,2020-12-04,2020-12-04 10:06:01.003,10:06:01,59.947910416666616,25.678523788888903
1833,461163.005,cam1-002-000472-0,7480427.219979484,320696.80497131444,500.7630920410156,RoanCamp,2020-12-04,2020-12-04 10:06:03.005,10:06:03,59.943739583333326,25.67956927777778
1834,461165.541,cam1-002-000473-0,7480429.7379004955,320716.8626731188,500.7267150878906,RoanCamp,2020-12-04,2020-12-04 10:06:05.541,10:06:05,59.938456249999945,25.680893633333344
1835,461167.009,cam1-002-000474-0,7480431.186280919,320728.89952153445,500.5927734375,RoanCamp,2020-12-04,2020-12-04 10:06:07.009,10:06:07,59.93539791666663,25.681660255555563
1836,461169.011,cam1-002-000475-0,7480432.900629496,320744.79765354085,500.5985412597656,RoanCamp,2020-12-04,2020-12-04 10:06:09.011,10:06:09,59.93122708333334,25.68270574444444
1837,461171.013,cam1-002-000476-0,7480434.849637784,320760.82799269026,500.6283874511719,RoanCamp,2020-12-04,2020-12-04 10:06:11.013,10:06:11,59.92705625000005,25.68375123333332
1838,461173.015,cam1-002-000477-0,7480436.914202116,320777.4441373907,500.7176208496094,RoanCamp,2020-12-04,2020-12-04 10:06:13.015,10:06:13,59.92288541666664,25.684796722222227
1839,461175.417,cam1-002-000478-0,7480439.205098633,320796.680668795,500.806884765625,RoanCamp,2020-12-04,2020-12-04 10:06:15.417,10:06:15,59.91788124999997,25.686051100000007
1840,461177.019,cam1-002-000479-0,7480440.87863327,320809.24898664176,500.8816833496094,RoanCamp,2020-12-04,2020-12-04 10:06:17.019,10:06:17,59.914543750000064,25.686887699999982
1841,461179.021,cam1-002-000480-0,7480442.876886663,320824.9727044363,501.0310974121094,RoanCamp,2020-12-04,2020-12-04 10:06:19.021,10:06:19,59.91037291666665,25.68793318888889
1842,461181.023,cam1-002-000481-0,7480444.585490722,320840.82168383454,501.0825500488281,RoanCamp,2020-12-04,2020-12-04 10:06:21.023,10:06:21,59.90620208333336,25.68897867777777
1843,461183.559,cam1-002-000482-0,7480446.8768764455,320860.8119917223,500.9879150390625,RoanCamp,2020-12-04,2020-12-04 10:06:23.559,10:06:23,59.90091874999999,25.690303033333336
1844,461185.027,cam1-002-000483-0,7480448.217974005,320872.6968179521,500.9455261230469,RoanCamp,2020-12-04,2020-12-04 10:06:25.027,10:06:25,59.89786041666667,25.691069655555555
1845,461187.029,cam1-002-000484-0,7480450.101275746,320888.35317578504,500.9191589355469,RoanCamp,2020-12-04,2020-12-04 10:06:27.029,10:06:27,59.893689583333376,25.692115144444433
1846,461189.031,cam1-002-000485-0,7480451.928621493,320904.34080041747,500.9871520996094,RoanCamp,2020-12-04,2020-12-04 10:06:29.031,10:06:29,59.889518749999965,25.693160633333342
1847,461191.033,cam1-002-000486-0,7480453.878968205,320921.02333594416,501.08087158203125,RoanCamp,2020-12-04,2020-12-04 10:06:31.033,10:06:31,59.88534791666668,25.69420612222222
1848,461193.435,cam1-002-000487-0,7480456.367592182,320939.9955684881,501.26763916015625,RoanCamp,2020-12-04,2020-12-04 10:06:33.435,10:06:33,59.88034375000001,25.695460499999996
1849,461194.903,cam1-002-000488-0,7480457.585769111,320951.4239876284,501.3663024902344,RoanCamp,2020-12-04,2020-12-04 10:06:34.903,10:06:34,59.87728541666669,25.696227122222215
1850,461196.905,cam1-002-000489-0,7480459.3308374705,320967.1258940505,501.2381286621094,RoanCamp,2020-12-04,2020-12-04 10:06:36.905,10:06:36,59.873114583333276,25.697272611111124
1851,461198.907,cam1-002-000490-0,7480461.019634249,320983.47337528295,500.9601135253906,RoanCamp,2020-12-04,2020-12-04 10:06:38.907,10:06:38,59.86894374999999,25.6983181
1852,461201.576,cam1-002-000491-0,7480463.367589954,321004.2108145071,500.4467468261719,RoanCamp,2020-12-04,2020-12-04 10:06:41.576,10:06:41,59.86338333333333,25.69971191111111
1853,461202.911,cam1-002-000492-0,7480464.488858518,321015.015533954,500.22479248046875,RoanCamp,2020-12-04,2020-12-04 10:06:42.911,10:06:42,59.86060208333329,25.70040907777779
1854,461204.913,cam1-002-000493-0,7480466.32168844,321030.9055005152,500.1414794921875,RoanCamp,2020-12-04,2020-12-04 10:06:44.913,10:06:44,59.85643125,25.701454566666666
1855,461206.915,cam1-002-000494-0,7480468.186385639,321047.33149196097,500.1243591308594,RoanCamp,2020-12-04,2020-12-04 10:06:46.915,10:06:46,59.85226041666672,25.702500055555543
1856,461208.917,cam1-002-000495-0,7480469.797118096,321063.08568769344,500.268310546875,RoanCamp,2020-12-04,2020-12-04 10:06:48.917,10:06:48,59.848089583333305,25.703545544444452
1857,461211.453,cam1-002-000496-0,7480471.997824842,321083.05528981186,500.172119140625,RoanCamp,2020-12-04,2020-12-04 10:06:51.453,10:06:51,59.842806250000045,25.704869899999988
1858,461212.921,cam1-002-000497-0,7480473.258333918,321094.3528100311,500.08221435546875,RoanCamp,2020-12-04,2020-12-04 10:06:52.921,10:06:52,59.839747916666724,25.705636522222207
1859,461214.923,cam1-002-000498-0,7480475.147026557,321110.6338197298,500.1117248535156,RoanCamp,2020-12-04,2020-12-04 10:06:54.923,10:06:54,59.83557708333331,25.706682011111116
1860,461216.925,cam1-002-000499-0,7480477.281855116,321126.397895099,500.1749572753906,RoanCamp,2020-12-04,2020-12-04 10:06:56.925,10:06:56,59.83140625000003,25.707727499999994
1861,461219.594,cam1-002-000500-0,7480479.995011676,321147.10407877516,500.28399658203125,RoanCamp,2020-12-04,2020-12-04 10:06:59.594,10:06:59,59.825845833333375,25.7091213111111
1862,461220.929,cam1-002-000501-0,7480481.137428883,321157.9410623327,500.3393859863281,RoanCamp,2020-12-04,2020-12-04 10:07:00.929,10:07:00,59.82306458333333,25.709818477777777
1863,461222.931,cam1-002-000502-0,7480482.955698483,321173.95141165995,500.6154479980469,RoanCamp,2020-12-04,2020-12-04 10:07:02.931,10:07:02,59.818893750000036,25.710863966666658
1864,461224.933,cam1-002-000503-0,7480484.884025703,321190.6878537467,500.82470703125,RoanCamp,2020-12-04,2020-12-04 10:07:04.933,10:07:04,59.81472291666663,25.711909455555563
1865,461226.935,cam1-002-000504-0,7480486.769129004,321206.70524997485,500.86199951171875,RoanCamp,2020-12-04,2020-12-04 10:07:06.935,10:07:06,59.81055208333334,25.71295494444444
1866,461229.471,cam1-002-000505-0,7480489.00128689,321227.053211456,500.7720642089844,RoanCamp,2020-12-04,2020-12-04 10:07:09.471,10:07:09,59.80526874999996,25.71427930000001
1867,461230.939,cam1-002-000506-0,7480490.267275911,321238.5043593987,500.69354248046875,RoanCamp,2020-12-04,2020-12-04 10:07:10.939,10:07:10,59.80221041666664,25.715045922222227
1868,461232.941,cam1-002-000507-0,7480492.180141104,321254.7673771344,500.5047607421875,RoanCamp,2020-12-04,2020-12-04 10:07:12.941,10:07:12,59.798039583333356,25.716091411111105
1869,461234.943,cam1-002-000508-0,7480494.019493272,321270.4198615369,500.44580078125,RoanCamp,2020-12-04,2020-12-04 10:07:14.943,10:07:14,59.793868749999945,25.717136900000014
1870,461237.612,cam1-002-000509-0,7480496.455434309,321291.3231204105,500.511474609375,RoanCamp,2020-12-04,2020-12-04 10:07:17.612,10:07:17,59.78830833333329,25.71853071111112
1871,461238.947,cam1-002-000510-0,7480497.751880022,321302.11071582534,500.5982971191406,RoanCamp,2020-12-04,2020-12-04 10:07:18.947,10:07:18,59.78552708333336,25.71922787777777
1872,461240.949,cam1-002-000511-0,7480499.663701278,321317.9620438602,500.7082824707031,RoanCamp,2020-12-04,2020-12-04 10:07:20.949,10:07:20,59.78135624999996,25.720273366666678
1873,461242.951,cam1-002-000512-0,7480501.801585868,321334.22042558686,500.82403564453125,RoanCamp,2020-12-04,2020-12-04 10:07:22.951,10:07:22,59.77718541666667,25.721318855555555
1874,461245.62,cam1-002-000513-0,7480504.145758503,321355.0190401653,500.8334045410156,RoanCamp,2020-12-04,2020-12-04 10:07:25.620,10:07:25,59.771625000000014,25.722712666666663
1875,461246.955,cam1-002-000514-0,7480505.518409524,321365.63382722554,500.84228515625,RoanCamp,2020-12-04,2020-12-04 10:07:26.955,10:07:26,59.76884374999997,25.723409833333342
1876,461248.957,cam1-002-000515-0,7480507.537091086,321381.08733083494,501.0035095214844,RoanCamp,2020-12-04,2020-12-04 10:07:28.957,10:07:28,59.76467291666668,25.72445532222222
1877,461250.959,cam1-002-000516-0,7480509.38037993,321397.3589266044,501.0058288574219,RoanCamp,2020-12-04,2020-12-04 10:07:30.959,10:07:30,59.76050208333339,25.725500811111097
1878,461252.961,cam1-002-000517-0,7480511.057691509,321413.02996315283,500.9483947753906,RoanCamp,2020-12-04,2020-12-04 10:07:32.961,10:07:32,59.75633124999998,25.726546300000003
1879,461255.497,cam1-002-000518-0,7480513.137357449,321432.80196417024,500.7407531738281,RoanCamp,2020-12-04,2020-12-04 10:07:35.497,10:07:35,59.75104791666672,25.72787065555554
1880,461256.965,cam1-002-000519-0,7480514.570373156,321444.02468908846,500.83251953125,RoanCamp,2020-12-04,2020-12-04 10:07:36.965,10:07:36,59.747989583333286,25.72863727777779
1881,461258.967,cam1-002-000520-0,7480516.661442821,321460.5248070628,500.90478515625,RoanCamp,2020-12-04,2020-12-04 10:07:38.967,10:07:38,59.743818749999996,25.729682766666667
1882,461260.969,cam1-002-000521-0,7480518.518826565,321476.38146700454,500.8594665527344,RoanCamp,2020-12-04,2020-12-04 10:07:40.969,10:07:40,59.739647916666705,25.730728255555544
1883,461263.638,cam1-002-000522-0,7480520.897198638,321497.3292878495,500.8858947753906,RoanCamp,2020-12-04,2020-12-04 10:07:43.638,10:07:43,59.73408750000005,25.732122066666655
1884,461264.973,cam1-002-000523-0,7480522.180464102,321508.04782453034,500.89019775390625,RoanCamp,2020-12-04,2020-12-04 10:07:44.973,10:07:44,59.73130625000001,25.73281923333333
1885,461266.975,cam1-002-000524-0,7480524.023826561,321523.66011020204,500.8547668457031,RoanCamp,2020-12-04,2020-12-04 10:07:46.975,10:07:46,59.72713541666672,25.733864722222208
1886,461268.977,cam1-002-000525-0,7480525.892950027,321539.6734578982,500.7981262207031,RoanCamp,2020-12-04,2020-12-04 10:07:48.977,10:07:48,59.72296458333331,25.734910211111117
1887,461271.646,cam1-002-000526-0,7480528.194212644,321560.1606580607,500.8144836425781,RoanCamp,2020-12-04,2020-12-04 10:07:51.646,10:07:51,59.717404166666654,25.736304022222225
1888,461272.981,cam1-002-000527-0,7480529.551881724,321570.8107340517,500.8354797363281,RoanCamp,2020-12-04,2020-12-04 10:07:52.981,10:07:52,59.714622916666606,25.737001188888904
1889,461274.983,cam1-002-000528-0,7480531.757743293,321586.4111749429,500.8240661621094,RoanCamp,2020-12-04,2020-12-04 10:07:54.983,10:07:54,59.71045208333332,25.73804667777778
1890,461276.985,cam1-002-000529-0,7480533.512894838,321603.19875497534,500.8175048828125,RoanCamp,2020-12-04,2020-12-04 10:07:56.985,10:07:56,59.70628125000003,25.73909216666666
1891,461278.987,cam1-002-000530-0,7480535.061318216,321619.43523327843,500.8633117675781,RoanCamp,2020-12-04,2020-12-04 10:07:58.987,10:07:58,59.70211041666662,25.740137655555568
1892,461281.389,cam1-002-000531-0,7480537.127480174,321638.52632339904,500.9349670410156,RoanCamp,2020-12-04,2020-12-04 10:08:01.389,10:08:01,59.697106249999955,25.741392033333344
1893,461282.991,cam1-002-000532-0,7480538.611964215,321651.3690479811,500.9645690917969,RoanCamp,2020-12-04,2020-12-04 10:08:02.991,10:08:02,59.69376875000005,25.742228633333323
1894,461284.993,cam1-002-000533-0,7480540.488639135,321667.31898389594,501.091796875,RoanCamp,2020-12-04,2020-12-04 10:08:04.993,10:08:04,59.689597916666635,25.74327412222223
1895,461286.995,cam1-002-000534-0,7480542.632938868,321683.98820931406,501.3083190917969,RoanCamp,2020-12-04,2020-12-04 10:08:06.995,10:08:06,59.685427083333344,25.74431961111111
1896,461289.53,cam1-002-000535-0,7480544.950576543,321704.6412948315,501.41497802734375,RoanCamp,2020-12-04,2020-12-04 10:08:09.530,10:08:09,59.68014583333328,25.745643444444458
1897,461290.999,cam1-002-000536-0,7480546.30615697,321716.1773011162,501.5324401855469,RoanCamp,2020-12-04,2020-12-04 10:08:10.999,10:08:10,59.67708541666665,25.746410588888892
1898,461293.001,cam1-002-000537-0,7480548.084437444,321731.9141655422,501.41107177734375,RoanCamp,2020-12-04,2020-12-04 10:08:13.001,10:08:13,59.67291458333336,25.74745607777777
1899,461295.003,cam1-002-000538-0,7480549.990218328,321748.0572096803,501.1912841796875,RoanCamp,2020-12-04,2020-12-04 10:08:15.003,10:08:15,59.66874374999995,25.74850156666668
1900,461297.005,cam1-002-000539-0,7480551.7035269495,321763.60998680384,501.0104064941406,RoanCamp,2020-12-04,2020-12-04 10:08:17.005,10:08:17,59.66457291666666,25.749547055555556
1901,461299.407,cam1-002-000540-0,7480553.820887918,321782.24755114596,500.9006652832031,RoanCamp,2020-12-04,2020-12-04 10:08:19.407,10:08:19,59.65956874999999,25.750801433333336
1902,461301.009,cam1-002-000541-0,7480555.267068146,321794.65936368634,500.8565979003906,RoanCamp,2020-12-04,2020-12-04 10:08:21.009,10:08:21,59.65623124999996,25.751638033333343
1903,461303.011,cam1-002-000542-0,7480557.10509274,321810.2378555733,500.78741455078125,RoanCamp,2020-12-04,2020-12-04 10:08:23.011,10:08:23,59.65206041666667,25.75268352222222
1904,461305.012,cam1-002-000543-0,7480559.019964988,321826.5067029491,500.7720031738281,RoanCamp,2020-12-04,2020-12-04 10:08:25.012,10:08:25,59.647891666666695,25.753728488888882
1905,461307.548,cam1-002-000544-0,7480561.349148245,321846.62546609435,500.7948303222656,RoanCamp,2020-12-04,2020-12-04 10:08:27.548,10:08:27,59.642608333333314,25.75505284444445
1906,461309.016,cam1-002-000545-0,7480562.704566183,321857.9697557362,500.8573913574219,RoanCamp,2020-12-04,2020-12-04 10:08:29.016,10:08:29,59.63954999999999,25.75581946666667
1907,461311.018,cam1-002-000546-0,7480564.62294206,321873.7263035423,500.9758605957031,RoanCamp,2020-12-04,2020-12-04 10:08:31.018,10:08:31,59.63537916666671,25.756864955555546
1908,461313.02,cam1-002-000547-0,7480566.585076295,321890.1484052907,501.1054382324219,RoanCamp,2020-12-04,2020-12-04 10:08:33.020,10:08:33,59.6312083333333,25.75791044444445
1909,461315.022,cam1-002-000548-0,7480568.339460414,321905.9547049516,501.2007751464844,RoanCamp,2020-12-04,2020-12-04 10:08:35.022,10:08:35,59.62703750000001,25.75895593333333
1910,461317.425,cam1-002-000549-0,7480570.528174516,321924.90872128966,501.2027893066406,RoanCamp,2020-12-04,2020-12-04 10:08:37.425,10:08:37,59.62203125000003,25.760210833333325
1911,461319.026,cam1-002-000550-0,7480571.958288121,321937.40778426244,501.25048828125,RoanCamp,2020-12-04,2020-12-04 10:08:39.026,10:08:39,59.61869583333331,25.761046911111116
1912,461321.028,cam1-002-000551-0,7480573.729398013,321952.9023618577,501.2369384765625,RoanCamp,2020-12-04,2020-12-04 10:08:41.028,10:08:41,59.61452500000002,25.762092399999993
1913,461323.03,cam1-002-000552-0,7480575.480261359,321969.2513658681,501.1368713378906,RoanCamp,2020-12-04,2020-12-04 10:08:43.030,10:08:43,59.61035416666661,25.763137888888902
1914,461325.566,cam1-002-000553-0,7480577.814696588,321989.3872449553,500.9875793457031,RoanCamp,2020-12-04,2020-12-04 10:08:45.566,10:08:45,59.60507083333335,25.764462244444438
1915,461327.034,cam1-002-000554-0,7480579.1034836285,322000.67630989215,500.9247131347656,RoanCamp,2020-12-04,2020-12-04 10:08:47.034,10:08:47,59.602012500000036,25.765228866666657
1916,461329.036,cam1-002-000555-0,7480580.931926429,322016.4583916061,500.96002197265625,RoanCamp,2020-12-04,2020-12-04 10:08:49.036,10:08:49,59.597841666666625,25.766274355555566
1917,461331.038,cam1-002-000556-0,7480582.959331462,322032.95418825827,501.0416259765625,RoanCamp,2020-12-04,2020-12-04 10:08:51.038,10:08:51,59.593670833333334,25.767319844444444
1918,461333.04,cam1-002-000557-0,7480584.960570727,322048.73494222603,501.0493469238281,RoanCamp,2020-12-04,2020-12-04 10:08:53.040,10:08:53,59.589500000000044,25.76836533333332
1919,461335.443,cam1-002-000558-0,7480587.274120629,322067.5980381873,500.95184326171875,RoanCamp,2020-12-04,2020-12-04 10:08:55.443,10:08:55,59.58449374999994,25.769620233333345
1920,461336.911,cam1-002-000559-0,7480588.642839238,322079.6331417613,500.92034912109375,RoanCamp,2020-12-04,2020-12-04 10:08:56.911,10:08:56,59.58143541666662,25.770386855555564
1921,461339.046,cam1-002-000560-0,7480590.55251867,322096.89899502764,500.81756591796875,RoanCamp,2020-12-04,2020-12-04 10:08:59.046,10:08:59,59.57698750000006,25.771501799999985
1922,461340.915,cam1-002-000561-0,7480592.154670828,322111.8810606114,500.6815185546875,RoanCamp,2020-12-04,2020-12-04 10:09:00.915,10:09:00,59.57309375000005,25.772477833333323
1923,461343.584,cam1-002-000562-0,7480594.674119325,322133.51328395994,500.68017578125,RoanCamp,2020-12-04,2020-12-04 10:09:03.584,10:09:03,59.567533333333394,25.77387164444443
1924,461344.919,cam1-002-000563-0,7480595.91801809,322143.54206400167,500.743896484375,RoanCamp,2020-12-04,2020-12-04 10:09:04.919,10:09:04,59.564752083333346,25.774568811111106
1925,461346.921,cam1-002-000564-0,7480597.769304961,322159.9053570896,500.796142578125,RoanCamp,2020-12-04,2020-12-04 10:09:06.921,10:09:06,59.56058125000006,25.775614299999983
1926,461348.923,cam1-002-000565-0,7480599.517378274,322175.71875494096,500.99517822265625,RoanCamp,2020-12-04,2020-12-04 10:09:08.923,10:09:08,59.55641041666665,25.776659788888892
1927,461350.925,cam1-002-000566-0,7480601.648810095,322191.381711454,501.0545654296875,RoanCamp,2020-12-04,2020-12-04 10:09:10.925,10:09:10,59.55223958333336,25.77770527777777
1928,461353.461,cam1-002-000567-0,7480604.2011121325,322211.33842102,500.9662170410156,RoanCamp,2020-12-04,2020-12-04 10:09:13.461,10:09:13,59.54695624999998,25.779029633333337
1929,461354.929,cam1-002-000568-0,7480605.51805358,322223.2019747122,500.8506774902344,RoanCamp,2020-12-04,2020-12-04 10:09:14.929,10:09:14,59.54389791666666,25.779796255555556
1930,461356.931,cam1-002-000569-0,7480607.24659897,322238.8357514994,500.7090759277344,RoanCamp,2020-12-04,2020-12-04 10:09:16.931,10:09:16,59.539727083333375,25.780841744444434
1931,461358.933,cam1-002-000570-0,7480609.058279039,322254.63196615735,500.6850280761719,RoanCamp,2020-12-04,2020-12-04 10:09:18.933,10:09:18,59.53555624999996,25.781887233333343
1932,461361.602,cam1-002-000571-0,7480611.611894319,322276.246004114,500.6437683105469,RoanCamp,2020-12-04,2020-12-04 10:09:21.602,10:09:21,59.52999583333331,25.78328104444445
1933,461362.937,cam1-002-000572-0,7480612.791203737,322286.46951597853,500.6330261230469,RoanCamp,2020-12-04,2020-12-04 10:09:22.937,10:09:22,59.52721458333338,25.783978211111098
1934,461364.939,cam1-002-000573-0,7480614.6575731,322303.07270056754,500.6770935058594,RoanCamp,2020-12-04,2020-12-04 10:09:24.939,10:09:24,59.52304374999998,25.785023700000007
1935,461366.941,cam1-002-000574-0,7480616.523790795,322318.9806399839,500.7410888671875,RoanCamp,2020-12-04,2020-12-04 10:09:26.941,10:09:26,59.51887291666669,25.786069188888884
1936,461369.61,cam1-002-000575-0,7480619.119082499,322340.41686325875,500.84075927734375,RoanCamp,2020-12-04,2020-12-04 10:09:29.610,10:09:29,59.51331250000003,25.787462999999992
1937,461370.945,cam1-002-000576-0,7480620.270916912,322350.4620882517,500.8868103027344,RoanCamp,2020-12-04,2020-12-04 10:09:30.945,10:09:30,59.510531249999985,25.788160166666668
1938,461372.947,cam1-002-000577-0,7480622.27291628,322366.82221189677,500.8704833984375,RoanCamp,2020-12-04,2020-12-04 10:09:32.947,10:09:32,59.5063604166667,25.78920565555555
1939,461374.949,cam1-002-000578-0,7480624.193611849,322382.5046175561,500.90545654296875,RoanCamp,2020-12-04,2020-12-04 10:09:34.949,10:09:34,59.50218958333329,25.790251144444454
1940,461376.951,cam1-002-000579-0,7480625.988837199,322398.1629863437,500.9108581542969,RoanCamp,2020-12-04,2020-12-04 10:09:36.951,10:09:36,59.49801875,25.79129663333333
1941,461379.486,cam1-002-000580-0,7480628.11373063,322418.09013193136,501.01995849609375,RoanCamp,2020-12-04,2020-12-04 10:09:39.486,10:09:39,59.492737500000054,25.79262046666665
1942,461380.955,cam1-002-000581-0,7480629.571627155,322430.2631583938,501.1622619628906,RoanCamp,2020-12-04,2020-12-04 10:09:40.955,10:09:40,59.489677083333305,25.793387611111118
1943,461382.957,cam1-002-000582-0,7480631.140245791,322443.90450905357,501.335693359375,RoanCamp,2020-12-04,2020-12-04 10:09:42.957,10:09:42,59.485506250000014,25.794433099999996
1944,461384.959,cam1-002-000583-0,7480630.978423299,322449.13652902097,501.3058166503906,RoanCamp,2020-12-04,2020-12-04 10:09:44.959,10:09:44,59.481335416666724,25.795478588888873
1945,461387.628,cam1-002-000584-0,7480637.955617195,322448.8440323445,501.11669921875,RoanCamp,2020-12-04,2020-12-04 10:09:47.628,10:09:47,59.47577499999995,25.796872400000012
1946,461388.963,cam1-002-000585-0,7480647.67569202,322449.69996214233,500.76043701171875,RoanCamp,2020-12-04,2020-12-04 10:09:48.963,10:09:48,59.47299375000003,25.79756956666666
1947,461390.965,cam1-002-000586-0,7480665.999056629,322452.0667420918,500.7469177246094,RoanCamp,2020-12-04,2020-12-04 10:09:50.965,10:09:50,59.46882291666662,25.79861505555557
1948,461392.967,cam1-002-000587-0,7480682.652519615,322454.40911670646,500.84271240234375,RoanCamp,2020-12-04,2020-12-04 10:09:52.967,10:09:52,59.46465208333333,25.799660544444446
1949,461394.969,cam1-002-000588-0,7480699.088391793,322456.422149126,501.1495361328125,RoanCamp,2020-12-04,2020-12-04 10:09:54.969,10:09:54,59.460481250000036,25.800706033333324
1950,461397.638,cam1-002-000589-0,7480720.757232009,322458.5204539214,501.4216003417969,RoanCamp,2020-12-04,2020-12-04 10:09:57.638,10:09:57,59.45492083333338,25.80209984444443
1951,461398.973,cam1-002-000590-0,7480731.286596589,322459.46708056296,501.3411560058594,RoanCamp,2020-12-04,2020-12-04 10:09:58.973,10:09:58,59.45213958333334,25.80279701111111
1952,461400.974,cam1-002-000591-0,7480743.604208488,322455.21854745026,501.29595947265625,RoanCamp,2020-12-04,2020-12-04 10:10:00.974,10:10:00,59.447970833333365,25.803841977777772
1953,461402.976,cam1-002-000592-0,7480745.879343905,322451.5444914318,501.0524597167969,RoanCamp,2020-12-04,2020-12-04 10:10:02.976,10:10:02,59.44379999999995,25.804887466666678
1954,461405.646,cam1-002-000593-0,7480745.009558713,322445.1359824711,500.5799255371094,RoanCamp,2020-12-04,2020-12-04 10:10:05.646,10:10:05,59.438237499999985,25.806281800000004
1955,461406.98,cam1-002-000594-0,7480744.257741462,322436.72458846285,500.4512939453125,RoanCamp,2020-12-04,2020-12-04 10:10:06.980,10:10:06,59.43545833333337,25.806978444444432
1956,461408.982,cam1-002-000595-0,7480742.756091627,322418.33620929584,500.13690185546875,RoanCamp,2020-12-04,2020-12-04 10:10:08.982,10:10:08,59.43128749999997,25.80802393333334
1957,461410.984,cam1-002-000596-0,7480741.0774269225,322401.16982950276,499.9549865722656,RoanCamp,2020-12-04,2020-12-04 10:10:10.984,10:10:10,59.42711666666668,25.80906942222222
1958,461412.986,cam1-002-000597-0,7480739.229322179,322384.62577164394,499.67999267578125,RoanCamp,2020-12-04,2020-12-04 10:10:12.986,10:10:12,59.42294583333339,25.810114911111096
1959,461415.656,cam1-002-000598-0,7480736.639823729,322362.7162202287,499.6004333496094,RoanCamp,2020-12-04,2020-12-04 10:10:15.656,10:10:15,59.4173833333333,25.81150924444445
1960,461416.99,cam1-002-000599-0,7480735.265020906,322351.7228034217,499.5790100097656,RoanCamp,2020-12-04,2020-12-04 10:10:16.990,10:10:16,59.41460416666669,25.812205888888883
1961,461418.992,cam1-002-000600-0,7480733.22665336,322335.658938537,499.61773681640625,RoanCamp,2020-12-04,2020-12-04 10:10:18.992,10:10:18,59.41043333333328,25.813251377777792
1962,461420.994,cam1-002-000601-0,7480731.234819282,322319.714207885,499.644287109375,RoanCamp,2020-12-04,2020-12-04 10:10:20.994,10:10:20,59.40626249999999,25.81429686666667
1963,461422.996,cam1-002-000602-0,7480729.387634994,322303.89644924947,499.6419677734375,RoanCamp,2020-12-04,2020-12-04 10:10:22.996,10:10:22,59.4020916666667,25.815342355555547
1964,461425.399,cam1-002-000603-0,7480727.10784084,322284.43318361905,499.5916442871094,RoanCamp,2020-12-04,2020-12-04 10:10:25.399,10:10:25,59.39708541666672,25.816597255555543
1965,461427.0,cam1-002-000604-0,7480725.618599737,322271.96202331,499.4989318847656,RoanCamp,2020-12-04,2020-12-04 10:10:27.000,10:10:27,59.393750000000004,25.817433333333334
1966,461429.002,cam1-002-000605-0,7480723.602797752,322256.31605984725,499.3597412109375,RoanCamp,2020-12-04,2020-12-04 10:10:29.002,10:10:29,59.389579166666714,25.81847882222221
1967,461431.004,cam1-002-000606-0,7480721.613090336,322240.43724461703,499.4553527832031,RoanCamp,2020-12-04,2020-12-04 10:10:31.004,10:10:31,59.3854083333333,25.819524311111117
1968,461433.54,cam1-002-000607-0,7480719.106395416,322219.9000732397,499.5555725097656,RoanCamp,2020-12-04,2020-12-04 10:10:33.540,10:10:33,59.38012500000005,25.820848666666656
1969,461435.008,cam1-002-000608-0,7480717.663911846,322207.5535461339,499.6473693847656,RoanCamp,2020-12-04,2020-12-04 10:10:35.008,10:10:35,59.37706666666673,25.821615288888875
1970,461437.01,cam1-002-000609-0,7480715.933492893,322191.4459936041,499.6928405761719,RoanCamp,2020-12-04,2020-12-04 10:10:37.010,10:10:37,59.37289583333332,25.82266077777778
1971,461439.012,cam1-002-000610-0,7480714.354342517,322175.71517702297,500.0195617675781,RoanCamp,2020-12-04,2020-12-04 10:10:39.012,10:10:39,59.368725000000026,25.823706266666658
1972,461441.548,cam1-002-000611-0,7480727.207052443,322163.2370379284,499.96630859375,RoanCamp,2020-12-04,2020-12-04 10:10:41.548,10:10:41,59.36344166666665,25.825030622222226
1973,461443.016,cam1-002-000612-0,7480735.630744984,322154.0272312417,500.3175964355469,RoanCamp,2020-12-04,2020-12-04 10:10:43.016,10:10:43,59.36038333333333,25.825797244444445
1974,461445.018,cam1-002-000613-0,7480743.699032998,322140.24733137584,500.3961486816406,RoanCamp,2020-12-04,2020-12-04 10:10:45.018,10:10:45,59.35621250000004,25.826842733333322
1975,461706.611,cam1-003-000000-0,7481057.759497012,321704.6042745942,414.384521484375,RoanCamp,2020-12-04,2020-12-04 10:15:06.611,10:15:06,58.811227083333385,25.963452411111096
1976,461707.946,cam1-003-000001-0,7481056.889838407,321708.46202212817,417.3304138183594,RoanCamp,2020-12-04,2020-12-04 10:15:07.946,10:15:07,58.808445833333344,25.964149577777775
1977,461709.948,cam1-003-000002-0,7481054.03188446,321715.0695796772,421.55548095703125,RoanCamp,2020-12-04,2020-12-04 10:15:09.948,10:15:09,58.804275000000054,25.965195066666652
1978,461711.95,cam1-003-000003-0,7481050.82679408,321722.71776351065,426.0755615234375,RoanCamp,2020-12-04,2020-12-04 10:15:11.950,10:15:11,58.80010416666664,25.96624055555556
1979,461713.952,cam1-003-000004-0,7481047.359167801,321731.64387082995,430.2979736328125,RoanCamp,2020-12-04,2020-12-04 10:15:13.952,10:15:13,58.79593333333336,25.96728604444444
1980,461715.954,cam1-003-000005-0,7481043.491027702,321741.79790789157,434.5538024902344,RoanCamp,2020-12-04,2020-12-04 10:15:15.954,10:15:15,58.79176249999995,25.968331533333348
1981,461718.623,cam1-003-000006-0,7481037.84709469,321756.0057738788,440.3307189941406,RoanCamp,2020-12-04,2020-12-04 10:15:18.623,10:15:18,58.78620208333329,25.969725344444456
1982,461719.958,cam1-003-000007-0,7481035.028517593,321763.2428804711,442.9660339355469,RoanCamp,2020-12-04,2020-12-04 10:15:19.958,10:15:19,58.783420833333366,25.970422511111103
1983,461722.227,cam1-003-000008-0,7481029.696222598,321776.6258898949,447.93212890625,RoanCamp,2020-12-04,2020-12-04 10:15:22.227,10:15:22,58.778693749999974,25.97160743333334
1984,461723.962,cam1-003-000009-0,7481024.334027886,321786.2696699633,452.0294494628906,RoanCamp,2020-12-04,2020-12-04 10:15:23.962,10:15:23,58.77507916666667,25.972513488888886
1985,461726.631,cam1-003-000010-0,7481009.126398477,321802.5281870922,458.30584716796875,RoanCamp,2020-12-04,2020-12-04 10:15:26.631,10:15:26,58.76951875000002,25.973907299999997
1986,461727.966,cam1-003-000011-0,7481000.864533828,321811.4142405897,461.15570068359375,RoanCamp,2020-12-04,2020-12-04 10:15:27.966,10:15:27,58.76673749999997,25.974604466666673
1987,461729.968,cam1-003-000012-0,7480986.88535355,321826.40592583845,465.795654296875,RoanCamp,2020-12-04,2020-12-04 10:15:29.968,10:15:29,58.762566666666686,25.97564995555555
1988,461733.438,cam1-003-000013-0,7480961.122784668,321853.9631232159,473.6358337402344,RoanCamp,2020-12-04,2020-12-04 10:15:33.438,10:15:33,58.75533749999995,25.97746206666668
1989,461736.107,cam1-003-000014-0,7480939.048601694,321877.6116258312,480.00286865234375,RoanCamp,2020-12-04,2020-12-04 10:15:36.107,10:15:36,58.7497770833333,25.978855877777786
1990,461737.976,cam1-003-000015-0,7480923.345791187,321894.3628518493,484.3247375488281,RoanCamp,2020-12-04,2020-12-04 10:15:37.976,10:15:37,58.74588333333329,25.979831911111123
1991,461739.978,cam1-003-000016-0,7480905.165948737,321913.7520760916,489.1782531738281,RoanCamp,2020-12-04,2020-12-04 10:15:39.978,10:15:39,58.7417125,25.9808774
1992,461741.98,cam1-003-000017-0,7480887.767998816,321932.20351222303,493.9394836425781,RoanCamp,2020-12-04,2020-12-04 10:15:41.980,10:15:41,58.73754166666671,25.981922888888878
1993,461744.516,cam1-003-000018-0,7480865.699926738,321955.5492538812,495.839599609375,RoanCamp,2020-12-04,2020-12-04 10:15:44.516,10:15:44,58.73225833333333,25.983247244444446
1994,461745.984,cam1-003-000019-0,7480853.257448664,321968.7322162566,495.86053466796875,RoanCamp,2020-12-04,2020-12-04 10:15:45.984,10:15:45,58.72920000000001,25.984013866666665
1995,461747.986,cam1-003-000020-0,7480835.368953434,321987.7627517279,495.8427429199219,RoanCamp,2020-12-04,2020-12-04 10:15:47.986,10:15:47,58.72502916666672,25.985059355555542
1996,461749.988,cam1-003-000021-0,7480818.599970764,322005.90148250846,495.83380126953125,RoanCamp,2020-12-04,2020-12-04 10:15:49.988,10:15:49,58.72085833333331,25.98610484444445
1997,461752.657,cam1-003-000022-0,7480801.100066833,322034.11978513526,495.63995361328125,RoanCamp,2020-12-04,2020-12-04 10:15:52.657,10:15:52,58.71529791666666,25.98749865555556
1998,461753.992,cam1-003-000023-0,7480794.902615614,322050.6424825839,495.6168518066406,RoanCamp,2020-12-04,2020-12-04 10:15:53.992,10:15:53,58.71251666666661,25.988195822222234
1999,461755.994,cam1-003-000024-0,7480786.628351446,322076.9460227827,495.8848571777344,RoanCamp,2020-12-04,2020-12-04 10:15:55.994,10:15:55,58.708345833333325,25.989241311111112
2000,461757.996,cam1-003-000025-0,7480777.940633407,322102.3650757944,496.2502746582031,RoanCamp,2020-12-04,2020-12-04 10:15:57.996,10:15:57,58.704175000000035,25.990286799999993
2001,461759.998,cam1-003-000026-0,7480768.960252152,322127.8046061017,496.53704833984375,RoanCamp,2020-12-04,2020-12-04 10:15:59.998,10:15:59,58.70000416666662,25.9913322888889
2002,461762.4,cam1-003-000027-0,7480758.374749891,322158.28200440214,496.69293212890625,RoanCamp,2020-12-04,2020-12-04 10:16:02.400,10:16:02,58.69499999999996,25.99258666666668
2003,461764.002,cam1-003-000028-0,7480751.1099709235,322178.6851787948,496.6721496582031,RoanCamp,2020-12-04,2020-12-04 10:16:04.002,10:16:04,58.69166250000005,25.993423266666653
2004,461766.004,cam1-003-000029-0,7480742.850433303,322204.46189329715,496.6973571777344,RoanCamp,2020-12-04,2020-12-04 10:16:06.004,10:16:06,58.68749166666664,25.994468755555562
2005,461768.006,cam1-003-000030-0,7480742.035094706,322230.39342372154,496.3673095703125,RoanCamp,2020-12-04,2020-12-04 10:16:08.006,10:16:08,58.68332083333335,25.99551424444444
2006,461770.542,cam1-003-000031-0,7480741.697518405,322265.896400418,496.5394592285156,RoanCamp,2020-12-04,2020-12-04 10:16:10.542,10:16:10,58.678037499999974,25.996838600000007
2007,461772.01,cam1-003-000032-0,7480740.883410135,322286.130414498,496.5719299316406,RoanCamp,2020-12-04,2020-12-04 10:16:12.010,10:16:12,58.67497916666665,25.997605222222226
2008,461774.012,cam1-003-000033-0,7480739.43657455,322314.8742635754,496.5824279785156,RoanCamp,2020-12-04,2020-12-04 10:16:14.012,10:16:14,58.67080833333336,25.998650711111104
2009,461776.014,cam1-003-000034-0,7480738.005556574,322341.72869015497,496.6229553222656,RoanCamp,2020-12-04,2020-12-04 10:16:16.014,10:16:16,58.66663749999995,25.999696200000013
2010,461778.016,cam1-003-000035-0,7480736.783054871,322368.51985559653,496.603759765625,RoanCamp,2020-12-04,2020-12-04 10:16:18.016,10:16:18,58.66246666666666,26.00074168888889
2011,461780.418,cam1-003-000036-0,7480734.966640118,322390.77217734716,496.60888671875,RoanCamp,2020-12-04,2020-12-04 10:16:20.418,10:16:20,58.657462499999994,26.001996066666667
2012,461782.02,cam1-003-000037-0,7480733.255109656,322396.2378828408,496.6591796875,RoanCamp,2020-12-04,2020-12-04 10:16:22.020,10:16:22,58.654124999999965,26.002832666666677
2013,461784.022,cam1-003-000038-0,7480733.454251744,322393.97199775337,500.0049133300781,RoanCamp,2020-12-04,2020-12-04 10:16:24.022,10:16:24,58.649954166666674,26.003878155555554
2014,461786.024,cam1-003-000039-0,7480736.742064454,322395.89312403975,500.3683166503906,RoanCamp,2020-12-04,2020-12-04 10:16:26.024,10:16:26,58.645783333333384,26.004923644444432
2015,461788.559,cam1-003-000040-0,7480742.156442674,322414.5261949789,500.2477722167969,RoanCamp,2020-12-04,2020-12-04 10:16:28.559,10:16:28,58.64050208333332,26.00624747777778
2016,461790.028,cam1-003-000041-0,7480744.569442083,322426.9495914155,500.5904541015625,RoanCamp,2020-12-04,2020-12-04 10:16:30.028,10:16:30,58.63744166666669,26.00701462222222
2017,461792.03,cam1-003-000042-0,7480747.618261227,322439.9302746559,501.29608154296875,RoanCamp,2020-12-04,2020-12-04 10:16:32.030,10:16:32,58.63327083333328,26.008060111111124
2018,461796.167,cam1-003-000043-0,7480747.210426223,322431.6033009378,500.64068603515625,RoanCamp,2020-12-04,2020-12-04 10:16:36.167,10:16:36,58.6246520833333,26.01022054444445
2019,461798.036,cam1-003-000044-0,7480746.662891502,322423.3892436236,500.1941223144531,RoanCamp,2020-12-04,2020-12-04 10:16:38.036,10:16:38,58.62075833333329,26.01119657777779
2020,461800.038,cam1-003-000045-0,7480744.740563322,322407.0161798985,499.7351379394531,RoanCamp,2020-12-04,2020-12-04 10:16:40.038,10:16:40,58.6165875,26.012242066666666
2021,461802.04,cam1-003-000046-0,7480742.367472381,322389.19331932673,499.6379089355469,RoanCamp,2020-12-04,2020-12-04 10:16:42.040,10:16:42,58.61241666666671,26.013287555555543
2022,461804.575,cam1-003-000047-0,7480739.81013618,322368.27495774126,499.6625671386719,RoanCamp,2020-12-04,2020-12-04 10:16:44.575,10:16:44,58.607135416666644,26.014611388888895
2023,461805.91,cam1-003-000048-0,7480738.342984665,322358.0673961344,499.5117492675781,RoanCamp,2020-12-04,2020-12-04 10:16:45.910,10:16:45,58.604354166666724,26.015308555555542
2024,461807.912,cam1-003-000049-0,7480735.979372048,322341.7559191613,499.38958740234375,RoanCamp,2020-12-04,2020-12-04 10:16:47.912,10:16:47,58.60018333333331,26.016354044444448
2025,461810.047,cam1-003-000050-0,7480733.526218466,322324.7862836312,499.2660217285156,RoanCamp,2020-12-04,2020-12-04 10:16:50.047,10:16:50,58.59573541666663,26.0174689888889
2026,461812.583,cam1-003-000051-0,7480730.8353746645,322304.72363154683,499.1167907714844,RoanCamp,2020-12-04,2020-12-04 10:16:52.583,10:16:52,58.59045208333337,26.018793344444436
2027,461813.918,cam1-003-000052-0,7480729.594998309,322294.8500448055,499.27435302734375,RoanCamp,2020-12-04,2020-12-04 10:16:53.918,10:16:53,58.58767083333333,26.019490511111112
2028,461815.92,cam1-003-000053-0,7480727.731553836,322278.7335749368,499.52923583984375,RoanCamp,2020-12-04,2020-12-04 10:16:55.920,10:16:55,58.583500000000036,26.02053599999999
2029,461817.922,cam1-003-000054-0,7480725.8270341195,322262.95186277665,499.5666198730469,RoanCamp,2020-12-04,2020-12-04 10:16:57.922,10:16:57,58.579329166666625,26.0215814888889
2030,461819.924,cam1-003-000055-0,7480723.933315701,322247.0737325629,499.4358825683594,RoanCamp,2020-12-04,2020-12-04 10:16:59.924,10:16:59,58.57515833333334,26.022626977777776
2031,461822.46,cam1-003-000056-0,7480721.246015978,322226.95117222634,499.3566589355469,RoanCamp,2020-12-04,2020-12-04 10:17:02.460,10:17:02,58.56987499999996,26.023951333333343
2032,461823.928,cam1-003-000057-0,7480719.953461161,322215.60286430956,499.3316650390625,RoanCamp,2020-12-04,2020-12-04 10:17:03.928,10:17:03,58.56681666666664,26.024717955555563
2033,461825.93,cam1-003-000058-0,7480718.115505496,322199.21940267173,499.3297119140625,RoanCamp,2020-12-04,2020-12-04 10:17:05.930,10:17:05,58.56264583333335,26.02576344444444
2034,461827.932,cam1-003-000059-0,7480716.053691817,322183.4877541305,499.3460693359375,RoanCamp,2020-12-04,2020-12-04 10:17:07.932,10:17:07,58.558475000000065,26.026808933333317
2035,461830.601,cam1-003-000060-0,7480713.321104344,322161.85331549414,499.3336486816406,RoanCamp,2020-12-04,2020-12-04 10:17:10.601,10:17:10,58.55291458333328,26.028202744444457
2036,461831.936,cam1-003-000061-0,7480712.108368112,322151.68463182845,499.3184814453125,RoanCamp,2020-12-04,2020-12-04 10:17:11.936,10:17:11,58.55013333333336,26.028899911111104
2037,461833.938,cam1-003-000062-0,7480709.9866341995,322135.3108499346,499.3718566894531,RoanCamp,2020-12-04,2020-12-04 10:17:13.938,10:17:13,58.54596249999995,26.029945400000013
2038,461835.94,cam1-003-000063-0,7480708.166661192,322119.57876669825,499.33074951171875,RoanCamp,2020-12-04,2020-12-04 10:17:15.940,10:17:15,58.54179166666667,26.03099088888889
2039,461838.609,cam1-003-000064-0,7480705.712518085,322098.9189920084,499.3852233886719,RoanCamp,2020-12-04,2020-12-04 10:17:18.609,10:17:18,58.53623125000001,26.032384699999998
2040,461839.944,cam1-003-000065-0,7480704.392382123,322088.2611242252,499.46978759765625,RoanCamp,2020-12-04,2020-12-04 10:17:19.944,10:17:19,58.53344999999997,26.033081866666674
2041,461841.946,cam1-003-000066-0,7480702.325762602,322072.52229103853,499.56341552734375,RoanCamp,2020-12-04,2020-12-04 10:17:21.946,10:17:21,58.529279166666676,26.034127355555555
2042,461843.948,cam1-003-000067-0,7480700.35355543,322056.1608303074,499.6942138671875,RoanCamp,2020-12-04,2020-12-04 10:17:23.948,10:17:23,58.52510833333339,26.035172844444432
2043,461845.95,cam1-003-000068-0,7480698.43888046,322040.2929116003,499.6893310546875,RoanCamp,2020-12-04,2020-12-04 10:17:25.950,10:17:25,58.52093749999998,26.036218333333338
2044,461848.486,cam1-003-000069-0,7480695.9161954615,322019.9804813813,499.8116760253906,RoanCamp,2020-12-04,2020-12-04 10:17:28.486,10:17:28,58.51565416666672,26.037542688888877
2045,461849.954,cam1-003-000070-0,7480694.694070041,322008.5884030566,499.8305969238281,RoanCamp,2020-12-04,2020-12-04 10:17:29.954,10:17:29,58.51259583333328,26.038309311111124
2046,461851.956,cam1-003-000071-0,7480692.873230195,321992.1825124195,499.6664733886719,RoanCamp,2020-12-04,2020-12-04 10:17:31.956,10:17:31,58.50842499999999,26.0393548
2047,461853.958,cam1-003-000072-0,7480691.043264128,321976.3948393341,499.6390380859375,RoanCamp,2020-12-04,2020-12-04 10:17:33.958,10:17:33,58.504254166666705,26.04040028888888
2048,461856.627,cam1-003-000073-0,7480688.645776648,321955.5604514509,499.5512390136719,RoanCamp,2020-12-04,2020-12-04 10:17:36.627,10:17:36,58.49869375000005,26.041794099999986
2049,461857.962,cam1-003-000074-0,7480687.440483508,321944.66110848356,499.54498291015625,RoanCamp,2020-12-04,2020-12-04 10:17:37.962,10:17:37,58.4959125,26.042491266666666
2050,461859.964,cam1-003-000075-0,7480685.653193098,321928.1107177422,499.5262145996094,RoanCamp,2020-12-04,2020-12-04 10:17:39.964,10:17:39,58.49174166666671,26.043536755555543
2051,461861.966,cam1-003-000076-0,7480683.785712827,321912.36768401647,499.53594970703125,RoanCamp,2020-12-04,2020-12-04 10:17:41.966,10:17:41,58.48757083333331,26.044582244444452
2052,461863.968,cam1-003-000077-0,7480681.762423238,321896.59324689023,499.6030578613281,RoanCamp,2020-12-04,2020-12-04 10:17:43.968,10:17:43,58.48340000000002,26.04562773333333
2053,461866.504,cam1-003-000078-0,7480679.183898935,321876.26346842875,499.6819152832031,RoanCamp,2020-12-04,2020-12-04 10:17:46.504,10:17:46,58.47811666666664,26.046952088888897
2054,461867.972,cam1-003-000079-0,7480677.607321821,321864.7636671214,499.7386474609375,RoanCamp,2020-12-04,2020-12-04 10:17:47.972,10:17:47,58.475058333333315,26.047718711111116
2055,461869.974,cam1-003-000080-0,7480675.573720183,321848.18030456814,499.7100830078125,RoanCamp,2020-12-04,2020-12-04 10:17:49.974,10:17:49,58.47088750000003,26.048764199999994
2056,461871.976,cam1-003-000081-0,7480673.604287924,321832.2913334762,499.6881408691406,RoanCamp,2020-12-04,2020-12-04 10:17:51.976,10:17:51,58.46671666666662,26.0498096888889
2057,461874.645,cam1-003-000082-0,7480671.111000576,321810.90098223044,499.79010009765625,RoanCamp,2020-12-04,2020-12-04 10:17:54.645,10:17:54,58.461156249999966,26.05120350000001
2058,461875.98,cam1-003-000083-0,7480669.977358047,321800.80955506774,499.8619384765625,RoanCamp,2020-12-04,2020-12-04 10:17:55.980,10:17:55,58.45837500000004,26.051900666666658
2059,461877.982,cam1-003-000084-0,7480668.133928344,321784.4204254168,499.9028015136719,RoanCamp,2020-12-04,2020-12-04 10:17:57.982,10:17:57,58.454204166666635,26.052946155555563
2060,461879.984,cam1-003-000085-0,7480666.271726141,321768.7098813787,499.95843505859375,RoanCamp,2020-12-04,2020-12-04 10:17:59.984,10:17:59,58.450033333333344,26.05399164444444
2061,461882.653,cam1-003-000086-0,7480663.9772807285,321748.11716864945,499.9718017578125,RoanCamp,2020-12-04,2020-12-04 10:18:02.653,10:18:02,58.44447291666669,26.05538545555555
2062,461883.988,cam1-003-000087-0,7480662.635791526,321737.41644198843,499.9457092285156,RoanCamp,2020-12-04,2020-12-04 10:18:03.988,10:18:03,58.44169166666664,26.056082622222227
2063,461885.99,cam1-003-000088-0,7480660.624314642,321721.5653569886,499.914794921875,RoanCamp,2020-12-04,2020-12-04 10:18:05.990,10:18:05,58.43752083333336,26.057128111111105
2064,461887.992,cam1-003-000089-0,7480658.626929713,321704.88795436686,499.81976318359375,RoanCamp,2020-12-04,2020-12-04 10:18:07.992,10:18:07,58.43334999999995,26.058173600000014
2065,461889.994,cam1-003-000090-0,7480656.804740646,321688.9280181577,499.8477478027344,RoanCamp,2020-12-04,2020-12-04 10:18:09.994,10:18:09,58.42917916666666,26.05921908888889
2066,461892.396,cam1-003-000091-0,7480654.647950862,321669.7881995081,499.90972900390625,RoanCamp,2020-12-04,2020-12-04 10:18:12.396,10:18:12,58.424174999999984,26.06047346666667
2067,461893.998,cam1-003-000092-0,7480653.20060649,321656.9455652162,499.9555358886719,RoanCamp,2020-12-04,2020-12-04 10:18:13.998,10:18:13,58.42083749999996,26.061310066666678
2068,461896.0,cam1-003-000093-0,7480651.38369043,321640.3049891205,500.0624694824219,RoanCamp,2020-12-04,2020-12-04 10:18:16.000,10:18:16,58.41666666666667,26.062355555555555
2069,461898.002,cam1-003-000094-0,7480649.436946403,321624.5008041801,500.0333557128906,RoanCamp,2020-12-04,2020-12-04 10:18:18.002,10:18:18,58.41249583333338,26.063401044444433
2070,461900.537,cam1-003-000095-0,7480647.063167512,321604.47632972494,499.9269104003906,RoanCamp,2020-12-04,2020-12-04 10:18:20.537,10:18:20,58.407214583333314,26.064724877777785
2071,461902.005,cam1-003-000096-0,7480645.702012315,321593.1722760941,499.8376770019531,RoanCamp,2020-12-04,2020-12-04 10:18:22.005,10:18:22,58.40415624999999,26.0654915
2072,461904.007,cam1-003-000097-0,7480643.748865919,321577.5226125114,499.68841552734375,RoanCamp,2020-12-04,2020-12-04 10:18:24.007,10:18:24,58.3999854166667,26.066536988888878
2073,461906.009,cam1-003-000098-0,7480641.942540838,321561.3277934666,499.8110656738281,RoanCamp,2020-12-04,2020-12-04 10:18:26.009,10:18:26,58.3958145833333,26.067582477777787
2074,461908.011,cam1-003-000099-0,7480640.39881397,321545.71470797627,499.9961242675781,RoanCamp,2020-12-04,2020-12-04 10:18:28.011,10:18:28,58.39164375000001,26.068627966666664
2075,461910.414,cam1-003-000100-0,7480638.321642762,321526.9406647829,500.0223693847656,RoanCamp,2020-12-04,2020-12-04 10:18:30.414,10:18:30,58.38663750000003,26.06988286666666
2076,461912.015,cam1-003-000101-0,7480636.800231736,321514.35202420235,500.05267333984375,RoanCamp,2020-12-04,2020-12-04 10:18:32.015,10:18:32,58.383302083333305,26.07071894444445
2077,461914.017,cam1-003-000102-0,7480634.746757291,321497.9342652374,500.0423583984375,RoanCamp,2020-12-04,2020-12-04 10:18:34.017,10:18:34,58.37913125000002,26.07176443333333
2078,461916.019,cam1-003-000103-0,7480632.798077973,321482.0656400814,500.0946350097656,RoanCamp,2020-12-04,2020-12-04 10:18:36.019,10:18:36,58.37496041666673,26.072809922222206
2079,461918.555,cam1-003-000104-0,7480630.4951536935,321461.94414420566,500.03253173828125,RoanCamp,2020-12-04,2020-12-04 10:18:38.555,10:18:38,58.36967708333335,26.074134277777773
2080,461920.023,cam1-003-000105-0,7480629.197057424,321450.61974134,500.0088195800781,RoanCamp,2020-12-04,2020-12-04 10:18:40.023,10:18:40,58.36661875000003,26.074900899999992
2081,461922.025,cam1-003-000106-0,7480627.377085108,321434.7926888281,499.9886474609375,RoanCamp,2020-12-04,2020-12-04 10:18:42.025,10:18:42,58.362447916666625,26.0759463888889
2082,461924.027,cam1-003-000107-0,7480625.683267359,321418.37200553564,499.97662353515625,RoanCamp,2020-12-04,2020-12-04 10:18:44.027,10:18:44,58.358277083333334,26.07699187777778
2083,461926.029,cam1-003-000108-0,7480623.915160123,321402.68624468986,499.9839172363281,RoanCamp,2020-12-04,2020-12-04 10:18:46.029,10:18:46,58.354106250000044,26.078037366666656
2084,461928.432,cam1-003-000109-0,7480621.719375593,321383.9404971232,499.9990539550781,RoanCamp,2020-12-04,2020-12-04 10:18:48.432,10:18:48,58.349100000000064,26.079292266666652
2085,461930.033,cam1-003-000110-0,7480620.320046203,321371.43875592406,500.0779113769531,RoanCamp,2020-12-04,2020-12-04 10:18:50.033,10:18:50,58.34576458333335,26.080128344444443
2086,461932.035,cam1-003-000111-0,7480618.57127487,321355.2366931932,500.1015319824219,RoanCamp,2020-12-04,2020-12-04 10:18:52.035,10:18:52,58.34159375000006,26.08117383333332
2087,461934.037,cam1-003-000112-0,7480616.726564917,321339.6905771454,500.1439208984375,RoanCamp,2020-12-04,2020-12-04 10:18:54.037,10:18:54,58.33742291666665,26.082219322222226
2088,461936.573,cam1-003-000113-0,7480614.355560149,321319.63566699525,500.0053405761719,RoanCamp,2020-12-04,2020-12-04 10:18:56.573,10:18:56,58.33213958333339,26.083543677777765
2089,461938.041,cam1-003-000114-0,7480612.951419171,321308.2080948644,499.9830627441406,RoanCamp,2020-12-04,2020-12-04 10:18:58.041,10:18:58,58.329081249999945,26.084310300000013
2090,461940.043,cam1-003-000115-0,7480611.052991863,321291.6550799672,499.9859313964844,RoanCamp,2020-12-04,2020-12-04 10:19:00.043,10:19:00,58.32491041666666,26.08535578888889
2091,461941.912,cam1-003-000116-0,7480609.509847061,321276.90438280045,500.0638732910156,RoanCamp,2020-12-04,2020-12-04 10:19:01.912,10:19:01,58.321016666666644,26.086331822222228
2092,461944.047,cam1-003-000117-0,7480607.490587214,321259.6743170222,500.09173583984375,RoanCamp,2020-12-04,2020-12-04 10:19:04.047,10:19:04,58.31656874999996,26.087446766666677
2093,461946.45,cam1-003-000118-0,7480605.194089169,321240.59698469576,500.01055908203125,RoanCamp,2020-12-04,2020-12-04 10:19:06.450,10:19:06,58.31156249999998,26.088701666666672
2094,461947.918,cam1-003-000119-0,7480603.7613072395,321228.43957471324,499.9857177734375,RoanCamp,2020-12-04,2020-12-04 10:19:07.918,10:19:07,58.30850416666666,26.08946828888889
2095,461949.92,cam1-003-000120-0,7480601.953308038,321212.4480912868,499.96002197265625,RoanCamp,2020-12-04,2020-12-04 10:19:09.920,10:19:09,58.30433333333337,26.09051377777777
2096,461951.922,cam1-003-000121-0,7480600.15818166,321196.5344527516,499.96685791015625,RoanCamp,2020-12-04,2020-12-04 10:19:11.922,10:19:11,58.30016249999996,26.09155926666668
2097,461954.591,cam1-003-000122-0,7480597.796668153,321174.8981415496,499.9949645996094,RoanCamp,2020-12-04,2020-12-04 10:19:14.591,10:19:14,58.2946020833333,26.092953077777786
2098,461955.926,cam1-003-000123-0,7480596.541830248,321164.045096386,500.003662109375,RoanCamp,2020-12-04,2020-12-04 10:19:15.926,10:19:15,58.29182083333338,26.093650244444433
2099,461957.928,cam1-003-000124-0,7480594.493343311,321148.2025598727,499.9772033691406,RoanCamp,2020-12-04,2020-12-04 10:19:17.928,10:19:17,58.28764999999997,26.09469573333334
2100,461959.93,cam1-003-000125-0,7480592.69342638,321132.5370079618,499.9417419433594,RoanCamp,2020-12-04,2020-12-04 10:19:19.930,10:19:19,58.28347916666669,26.09574122222222
2101,461962.599,cam1-003-000126-0,7480590.318523772,321111.2272467152,499.9477844238281,RoanCamp,2020-12-04,2020-12-04 10:19:22.599,10:19:22,58.277918750000026,26.097135033333327
2102,461963.934,cam1-003-000127-0,7480589.110528842,321100.5743705896,500.01959228515625,RoanCamp,2020-12-04,2020-12-04 10:19:23.934,10:19:23,58.275137499999985,26.097832200000003
2103,461965.936,cam1-003-000128-0,7480587.3405017145,321084.7683398336,499.9960632324219,RoanCamp,2020-12-04,2020-12-04 10:19:25.936,10:19:25,58.270966666666695,26.09887768888888
2104,461967.938,cam1-003-000129-0,7480585.548291763,321068.9119422301,499.81329345703125,RoanCamp,2020-12-04,2020-12-04 10:19:27.938,10:19:27,58.26679583333329,26.09992317777779
2105,461969.94,cam1-003-000130-0,7480583.829217654,321053.4590366363,499.8527526855469,RoanCamp,2020-12-04,2020-12-04 10:19:29.940,10:19:29,58.262625,26.100968666666667
2106,461972.476,cam1-003-000131-0,7480581.362077966,321032.9789674358,500.12139892578125,RoanCamp,2020-12-04,2020-12-04 10:19:32.476,10:19:32,58.25734166666662,26.102293022222234
2107,461973.944,cam1-003-000132-0,7480579.940110665,321021.11536526534,500.2784118652344,RoanCamp,2020-12-04,2020-12-04 10:19:33.944,10:19:33,58.2542833333333,26.103059644444453
2108,461975.946,cam1-003-000133-0,7480578.0529913865,321005.3175600617,500.428466796875,RoanCamp,2020-12-04,2020-12-04 10:19:35.946,10:19:35,58.250112500000014,26.10410513333333
2109,461977.948,cam1-003-000134-0,7480575.97893808,320989.43823545787,500.46514892578125,RoanCamp,2020-12-04,2020-12-04 10:19:37.948,10:19:37,58.245941666666724,26.105150622222208
2110,461980.617,cam1-003-000135-0,7480573.460205788,320967.91917577863,500.3529357910156,RoanCamp,2020-12-04,2020-12-04 10:19:40.617,10:19:40,58.24038124999995,26.106544433333347
2111,461981.952,cam1-003-000136-0,7480572.500906046,320957.15297752374,500.27264404296875,RoanCamp,2020-12-04,2020-12-04 10:19:41.952,10:19:41,58.23760000000002,26.107241599999995
2112,461983.954,cam1-003-000137-0,7480570.597896282,320941.5650295979,500.1209716796875,RoanCamp,2020-12-04,2020-12-04 10:19:43.954,10:19:43,58.23342916666661,26.1082870888889
2113,461985.956,cam1-003-000138-0,7480568.689064695,320925.9544604699,499.96087646484375,RoanCamp,2020-12-04,2020-12-04 10:19:45.956,10:19:45,58.22925833333333,26.10933257777778
2114,461988.625,cam1-003-000139-0,7480566.405161094,320904.62828657543,499.9140930175781,RoanCamp,2020-12-04,2020-12-04 10:19:48.625,10:19:48,58.22369791666667,26.11072638888889
2115,461989.96,cam1-003-000140-0,7480565.207939114,320894.5101222996,499.91461181640625,RoanCamp,2020-12-04,2020-12-04 10:19:49.960,10:19:49,58.220916666666625,26.111423555555564
2116,461991.962,cam1-003-000141-0,7480563.2517597135,320877.99850173143,499.8536682128906,RoanCamp,2020-12-04,2020-12-04 10:19:51.962,10:19:51,58.216745833333334,26.112469044444442
2117,461993.964,cam1-003-000142-0,7480561.593125584,320862.2584018799,499.8045959472656,RoanCamp,2020-12-04,2020-12-04 10:19:53.964,10:19:53,58.21257500000005,26.113514533333323
2118,461995.966,cam1-003-000143-0,7480559.754120682,320846.51860572974,499.8075866699219,RoanCamp,2020-12-04,2020-12-04 10:19:55.966,10:19:55,58.20840416666664,26.11456002222223
2119,461998.368,cam1-003-000144-0,7480557.63490035,320827.58774503774,499.8085632324219,RoanCamp,2020-12-04,2020-12-04 10:19:58.368,10:19:58,58.20339999999997,26.11581440000001
2120,461999.97,cam1-003-000145-0,7480555.986442555,320814.18589495926,499.8387145996094,RoanCamp,2020-12-04,2020-12-04 10:19:59.970,10:19:59,58.20006250000006,26.116650999999983
2121,462001.972,cam1-003-000146-0,7480553.978044802,320798.29517031234,499.8106689453125,RoanCamp,2020-12-04,2020-12-04 10:20:01.972,10:20:01,58.195891666666654,26.117696488888893
2122,462003.973,cam1-003-000147-0,7480552.303970365,320782.3719490382,499.8603820800781,RoanCamp,2020-12-04,2020-12-04 10:20:03.973,10:20:03,58.19172291666668,26.118741455555554
2123,462006.643,cam1-003-000148-0,7480549.702006732,320761.0049509449,499.9177551269531,RoanCamp,2020-12-04,2020-12-04 10:20:06.643,10:20:06,58.18616041666671,26.120135788888877
2124,462007.977,cam1-003-000149-0,7480548.462252023,320750.95411766344,499.9238586425781,RoanCamp,2020-12-04,2020-12-04 10:20:07.977,10:20:07,58.183381249999975,26.12083243333334
2125,462009.979,cam1-003-000150-0,7480546.439091303,320734.5693202814,500.0394287109375,RoanCamp,2020-12-04,2020-12-04 10:20:09.979,10:20:09,58.179210416666685,26.121877922222218
2126,462011.981,cam1-003-000151-0,7480544.598254172,320718.7685404521,500.15350341796875,RoanCamp,2020-12-04,2020-12-04 10:20:11.981,10:20:11,58.17503958333327,26.122923411111124
2127,462013.983,cam1-003-000152-0,7480542.915153849,320702.9151348183,500.1538391113281,RoanCamp,2020-12-04,2020-12-04 10:20:13.983,10:20:13,58.17086874999999,26.123968900000005
2128,462016.386,cam1-003-000153-0,7480540.6744664535,320683.9458679915,500.1419982910156,RoanCamp,2020-12-04,2020-12-04 10:20:16.386,10:20:16,58.1658625,26.125223799999997
2129,462017.987,cam1-003-000154-0,7480538.999437937,320670.6989521211,500.15716552734375,RoanCamp,2020-12-04,2020-12-04 10:20:17.987,10:20:17,58.16252708333329,26.126059877777788
2130,462019.989,cam1-003-000155-0,7480537.275078473,320654.822617325,500.1340637207031,RoanCamp,2020-12-04,2020-12-04 10:20:19.989,10:20:19,58.15835625,26.127105366666665
2131,462021.991,cam1-003-000156-0,7480535.4856245015,320638.9771526025,500.1805725097656,RoanCamp,2020-12-04,2020-12-04 10:20:21.991,10:20:21,58.154185416666714,26.128150855555546
2132,462024.661,cam1-003-000157-0,7480532.964383697,320617.2475512522,500.1238708496094,RoanCamp,2020-12-04,2020-12-04 10:20:24.661,10:20:24,58.148622916666625,26.1295451888889
2133,462025.995,cam1-003-000158-0,7480531.714850985,320606.41551305226,500.1448059082031,RoanCamp,2020-12-04,2020-12-04 10:20:25.995,10:20:25,58.14584375000001,26.13024183333333
2134,462027.997,cam1-003-000159-0,7480529.845451543,320590.5366747092,500.119384765625,RoanCamp,2020-12-04,2020-12-04 10:20:27.997,10:20:27,58.14167291666672,26.131287322222207
2135,462029.999,cam1-003-000160-0,7480527.939513957,320574.7027952246,500.1368713378906,RoanCamp,2020-12-04,2020-12-04 10:20:29.999,10:20:29,58.13750208333332,26.132332811111116
2136,462032.001,cam1-003-000161-0,7480526.143392501,320558.8956737249,500.15753173828125,RoanCamp,2020-12-04,2020-12-04 10:20:32.001,10:20:32,58.133331250000026,26.133378299999993
2137,462034.404,cam1-003-000162-0,7480523.9766640905,320540.10002095776,500.12554931640625,RoanCamp,2020-12-04,2020-12-04 10:20:34.404,10:20:34,58.128325000000046,26.13463319999999
2138,462036.005,cam1-003-000163-0,7480522.235956021,320526.9029672987,500.13970947265625,RoanCamp,2020-12-04,2020-12-04 10:20:36.005,10:20:36,58.124989583333324,26.13546927777778
2139,462038.007,cam1-003-000164-0,7480520.266301536,320511.15558097686,500.1905212402344,RoanCamp,2020-12-04,2020-12-04 10:20:38.007,10:20:38,58.12081875000004,26.136514766666657
2140,462040.009,cam1-003-000165-0,7480518.577070681,320495.23468485713,500.1287841796875,RoanCamp,2020-12-04,2020-12-04 10:20:40.009,10:20:40,58.11664791666663,26.137560255555567
2141,462042.545,cam1-003-000166-0,7480516.014312755,320474.81936123525,499.895751953125,RoanCamp,2020-12-04,2020-12-04 10:20:42.545,10:20:42,58.11136458333337,26.138884611111102
2142,462044.013,cam1-003-000167-0,7480514.578230174,320462.86336274684,499.8637390136719,RoanCamp,2020-12-04,2020-12-04 10:20:44.013,10:20:44,58.10830625000005,26.13965123333332
2143,462046.015,cam1-003-000168-0,7480513.191774213,320447.5021762491,499.9732971191406,RoanCamp,2020-12-04,2020-12-04 10:20:46.015,10:20:46,58.104135416666644,26.14069672222223
2144,462048.017,cam1-003-000169-0,7480514.996072423,320436.8806979683,500.03173828125,RoanCamp,2020-12-04,2020-12-04 10:20:48.017,10:20:48,58.09996458333335,26.141742211111108
2145,462052.288,cam1-003-000170-0,7480526.941225024,320437.17831556057,499.83331298828125,RoanCamp,2020-12-04,2020-12-04 10:20:52.288,10:20:52,58.09106666666667,26.143972622222222
2146,462054.023,cam1-003-000171-0,7480541.068603352,320436.3794546749,499.95330810546875,RoanCamp,2020-12-04,2020-12-04 10:20:54.023,10:20:54,58.08745208333337,26.14487867777777
2147,462056.025,cam1-003-000172-0,7480557.946198912,320437.16873431415,500.12921142578125,RoanCamp,2020-12-04,2020-12-04 10:20:56.025,10:20:56,58.083281249999956,26.145924166666678
2148,462058.027,cam1-003-000173-0,7480574.058719082,320438.4320932478,500.27740478515625,RoanCamp,2020-12-04,2020-12-04 10:20:58.027,10:20:58,58.079110416666666,26.146969655555555
2149,462060.563,cam1-003-000174-0,7480594.335967711,320439.4500919427,500.39520263671875,RoanCamp,2020-12-04,2020-12-04 10:21:00.563,10:21:00,58.073827083333285,26.148294011111123
2150,462062.031,cam1-003-000175-0,7480606.302025167,320439.8847622153,500.4455871582031,RoanCamp,2020-12-04,2020-12-04 10:21:02.031,10:21:02,58.07076874999997,26.14906063333334
2151,462064.033,cam1-003-000176-0,7480622.164688768,320442.7603973076,500.8036193847656,RoanCamp,2020-12-04,2020-12-04 10:21:04.033,10:21:04,58.06659791666668,26.15010612222222
2152,462068.304,cam1-003-000177-0,7480626.067273289,320451.81072398985,500.6096496582031,RoanCamp,2020-12-04,2020-12-04 10:21:08.304,10:21:08,58.0577,26.152336533333333
2153,462070.039,cam1-003-000178-0,7480628.618548223,320460.5356152918,500.3593444824219,RoanCamp,2020-12-04,2020-12-04 10:21:10.039,10:21:10,58.054085416666695,26.153242588888883
2154,462072.041,cam1-003-000179-0,7480631.867865343,320477.5096157625,500.4205627441406,RoanCamp,2020-12-04,2020-12-04 10:21:12.041,10:21:12,58.04991458333328,26.154288077777792
2155,462074.043,cam1-003-000180-0,7480633.608669527,320494.641316379,500.6644592285156,RoanCamp,2020-12-04,2020-12-04 10:21:14.043,10:21:14,58.04574374999999,26.15533356666667
2156,462076.579,cam1-003-000181-0,7480635.844996244,320515.2041085673,500.9111633300781,RoanCamp,2020-12-04,2020-12-04 10:21:16.579,10:21:16,58.04046041666661,26.156657922222237
2157,462078.047,cam1-003-000182-0,7480637.2733221315,320526.5877832358,500.8794860839844,RoanCamp,2020-12-04,2020-12-04 10:21:18.047,10:21:18,58.03740208333329,26.157424544444453
2158,462079.916,cam1-003-000183-0,7480639.192850996,320541.699883488,500.83050537109375,RoanCamp,2020-12-04,2020-12-04 10:21:19.916,10:21:19,58.03350833333328,26.15840057777779
2159,462081.918,cam1-003-000184-0,7480641.247016814,320557.43130239553,500.7261657714844,RoanCamp,2020-12-04,2020-12-04 10:21:21.918,10:21:21,58.02933749999999,26.159446066666668
2160,462083.92,cam1-003-000185-0,7480643.1309184525,320573.1909329751,500.48895263671875,RoanCamp,2020-12-04,2020-12-04 10:21:23.920,10:21:23,58.025166666666706,26.160491555555545
2161,462086.455,cam1-003-000186-0,7480645.571806839,320593.0541996296,500.1319274902344,RoanCamp,2020-12-04,2020-12-04 10:21:26.455,10:21:26,58.01988541666664,26.161815388888897
2162,462087.924,cam1-003-000187-0,7480647.077583684,320604.94913512963,499.9769287109375,RoanCamp,2020-12-04,2020-12-04 10:21:27.924,10:21:27,58.016825000000004,26.16258253333333
2163,462089.926,cam1-003-000188-0,7480648.913849451,320620.669518315,499.85595703125,RoanCamp,2020-12-04,2020-12-04 10:21:29.926,10:21:29,58.012654166666714,26.16362802222221
2164,462091.928,cam1-003-000189-0,7480650.738290556,320636.5280831534,499.90777587890625,RoanCamp,2020-12-04,2020-12-04 10:21:31.928,10:21:31,58.00848333333331,26.16467351111112
2165,462094.597,cam1-003-000190-0,7480653.142805417,320658.0128258661,499.87921142578125,RoanCamp,2020-12-04,2020-12-04 10:21:34.597,10:21:34,58.00292291666665,26.166067322222226
2166,462095.932,cam1-003-000191-0,7480654.3746796185,320668.80529146676,499.91925048828125,RoanCamp,2020-12-04,2020-12-04 10:21:35.932,10:21:35,58.00014166666673,26.166764488888873
2167,462097.934,cam1-003-000192-0,7480656.351450514,320684.60955154087,499.89886474609375,RoanCamp,2020-12-04,2020-12-04 10:21:37.934,10:21:37,57.99597083333332,26.167809977777782
2168,462099.935,cam1-003-000193-0,7480658.171191879,320700.2555893258,499.92059326171875,RoanCamp,2020-12-04,2020-12-04 10:21:39.935,10:21:39,57.99180208333334,26.168854944444444
2169,462102.605,cam1-003-000194-0,7480660.635418247,320721.3735079083,499.9595642089844,RoanCamp,2020-12-04,2020-12-04 10:21:42.605,10:21:42,57.98623958333337,26.170249277777767
2170,462103.939,cam1-003-000195-0,7480661.982648943,320731.96523394756,499.982421875,RoanCamp,2020-12-04,2020-12-04 10:21:43.939,10:21:43,57.983460416666645,26.170945922222227
2171,462105.941,cam1-003-000196-0,7480663.827992894,320747.60971911415,500.0187072753906,RoanCamp,2020-12-04,2020-12-04 10:21:45.941,10:21:45,57.979289583333355,26.171991411111104
2172,462107.943,cam1-003-000197-0,7480665.6136559835,320763.4216929135,500.01312255859375,RoanCamp,2020-12-04,2020-12-04 10:21:47.943,10:21:47,57.97511874999994,26.173036900000014
2173,462109.945,cam1-003-000198-0,7480667.4313536035,320779.24462568405,500.00408935546875,RoanCamp,2020-12-04,2020-12-04 10:21:49.945,10:21:49,57.97094791666665,26.17408238888889
2174,462112.481,cam1-003-000199-0,7480669.7444420345,320799.4282293635,500.10980224609375,RoanCamp,2020-12-04,2020-12-04 10:21:52.481,10:21:52,57.96566458333328,26.17540674444446
2175,462113.949,cam1-003-000200-0,7480671.081544815,320811.5161225295,500.0486755371094,RoanCamp,2020-12-04,2020-12-04 10:21:53.949,10:21:53,57.96260624999996,26.176173366666678
2176,462115.951,cam1-003-000201-0,7480672.917708272,320827.2546015255,500.0752258300781,RoanCamp,2020-12-04,2020-12-04 10:21:55.951,10:21:55,57.95843541666667,26.177218855555555
2177,462117.953,cam1-003-000202-0,7480674.669958262,320843.0922949178,500.0642395019531,RoanCamp,2020-12-04,2020-12-04 10:21:57.953,10:21:57,57.95426458333338,26.178264344444433
2178,462120.623,cam1-003-000203-0,7480677.070196396,320864.4852369868,500.02679443359375,RoanCamp,2020-12-04,2020-12-04 10:22:00.623,10:22:00,57.948702083333295,26.179658677777788
2179,462121.957,cam1-003-000204-0,7480678.3180936035,320875.24819841643,500.067138671875,RoanCamp,2020-12-04,2020-12-04 10:22:01.957,10:22:01,57.94592291666668,26.18035532222222
2180,462123.959,cam1-003-000205-0,7480680.15035498,320891.0155546031,500.20556640625,RoanCamp,2020-12-04,2020-12-04 10:22:03.959,10:22:03,57.94175208333339,26.181400811111097
2181,462125.961,cam1-003-000206-0,7480681.961559295,320906.890788903,500.357666015625,RoanCamp,2020-12-04,2020-12-04 10:22:05.961,10:22:05,57.93758124999998,26.182446300000006
2182,462127.963,cam1-003-000207-0,7480683.930709903,320922.9780609944,500.5036315917969,RoanCamp,2020-12-04,2020-12-04 10:22:07.963,10:22:07,57.933410416666696,26.183491788888883
2183,462130.499,cam1-003-000208-0,7480686.386504329,320943.5173125709,500.70928955078125,RoanCamp,2020-12-04,2020-12-04 10:22:10.499,10:22:10,57.928127083333315,26.18481614444445
2184,462131.967,cam1-003-000209-0,7480688.08785367,320955.44148855645,500.8062438964844,RoanCamp,2020-12-04,2020-12-04 10:22:11.967,10:22:11,57.925068749999994,26.18558276666667
2185,462133.969,cam1-003-000210-0,7480690.193570759,320971.1061024249,500.9687194824219,RoanCamp,2020-12-04,2020-12-04 10:22:13.969,10:22:13,57.9208979166667,26.186628255555547
2186,462135.971,cam1-003-000211-0,7480691.75284695,320987.2281982016,500.86224365234375,RoanCamp,2020-12-04,2020-12-04 10:22:15.971,10:22:15,57.9167270833333,26.187673744444453
2187,462138.641,cam1-003-000212-0,7480693.7775302045,321008.41121621197,500.5754699707031,RoanCamp,2020-12-04,2020-12-04 10:22:18.641,10:22:18,57.91116458333333,26.18906807777778
2188,462139.975,cam1-003-000213-0,7480695.097530155,321018.90368431265,500.3609313964844,RoanCamp,2020-12-04,2020-12-04 10:22:19.975,10:22:19,57.90838541666672,26.18976472222221
2189,462141.977,cam1-003-000214-0,7480697.1776651135,321034.28450406296,500.1922912597656,RoanCamp,2020-12-04,2020-12-04 10:22:21.977,10:22:21,57.90421458333331,26.190810211111117
2190,462143.979,cam1-003-000215-0,7480699.003149545,321050.0643123435,500.1500549316406,RoanCamp,2020-12-04,2020-12-04 10:22:23.979,10:22:23,57.90004375000002,26.191855699999994
2191,462145.981,cam1-003-000216-0,7480700.583354969,321065.9476809417,500.2231750488281,RoanCamp,2020-12-04,2020-12-04 10:22:25.981,10:22:25,57.89587291666661,26.192901188888904
2192,462148.384,cam1-003-000217-0,7480702.929111484,321085.4305087858,500.4194030761719,RoanCamp,2020-12-04,2020-12-04 10:22:28.384,10:22:28,57.890866666666625,26.1941560888889
2193,462149.985,cam1-003-000218-0,7480704.467067055,321098.1282262682,500.6391296386719,RoanCamp,2020-12-04,2020-12-04 10:22:29.985,10:22:29,57.88753125000003,26.19499216666666
2194,462151.987,cam1-003-000219-0,7480706.450654635,321114.04661939316,500.9015197753906,RoanCamp,2020-12-04,2020-12-04 10:22:31.987,10:22:31,57.88336041666662,26.196037655555568
2195,462153.989,cam1-003-000220-0,7480708.320589021,321129.8348289924,500.8880615234375,RoanCamp,2020-12-04,2020-12-04 10:22:33.989,10:22:33,57.879189583333336,26.197083144444445
2196,462156.525,cam1-003-000221-0,7480710.693071453,321149.8853943749,500.64483642578125,RoanCamp,2020-12-04,2020-12-04 10:22:36.525,10:22:36,57.873906249999955,26.198407500000013
2197,462157.993,cam1-003-000222-0,7480712.108937522,321161.88293894834,500.5084228515625,RoanCamp,2020-12-04,2020-12-04 10:22:37.993,10:22:37,57.870847916666634,26.19917412222223
2198,462159.995,cam1-003-000223-0,7480713.792921841,321177.74047732254,500.49749755859375,RoanCamp,2020-12-04,2020-12-04 10:22:39.995,10:22:39,57.86667708333334,26.20021961111111
2199,462161.997,cam1-003-000224-0,7480715.783254277,321193.38992314506,500.672119140625,RoanCamp,2020-12-04,2020-12-04 10:22:41.997,10:22:41,57.86250625000006,26.201265099999986
2200,462163.999,cam1-003-000225-0,7480717.846823763,321209.19813546917,500.7606201171875,RoanCamp,2020-12-04,2020-12-04 10:22:43.999,10:22:43,57.85833541666665,26.202310588888896
2201,462166.402,cam1-003-000226-0,7480720.106237253,321229.26245274383,500.898681640625,RoanCamp,2020-12-04,2020-12-04 10:22:46.402,10:22:46,57.85332916666667,26.203565488888888
2202,462168.003,cam1-003-000227-0,7480721.630902865,321242.0132239481,500.83416748046875,RoanCamp,2020-12-04,2020-12-04 10:22:48.003,10:22:48,57.849993749999946,26.20440156666668
2203,462170.005,cam1-003-000228-0,7480723.363438271,321258.01421103993,500.87060546875,RoanCamp,2020-12-04,2020-12-04 10:22:50.005,10:22:50,57.84582291666666,26.205447055555556
2204,462172.007,cam1-003-000229-0,7480725.116425602,321274.0197670355,500.8348693847656,RoanCamp,2020-12-04,2020-12-04 10:22:52.007,10:22:52,57.84165208333337,26.206492544444433
2205,462174.543,cam1-003-000230-0,7480727.484849208,321294.2250372168,500.65093994140625,RoanCamp,2020-12-04,2020-12-04 10:22:54.543,10:22:54,57.83636874999999,26.2078169
2206,462176.011,cam1-003-000231-0,7480728.934830485,321306.0530374885,500.4806823730469,RoanCamp,2020-12-04,2020-12-04 10:22:56.011,10:22:56,57.83331041666667,26.20858352222222
2207,462178.013,cam1-003-000232-0,7480730.784198216,321321.46567761805,500.3345642089844,RoanCamp,2020-12-04,2020-12-04 10:22:58.013,10:22:58,57.82913958333339,26.209629011111097
2208,462180.015,cam1-003-000233-0,7480732.582933597,321337.07421380846,500.1944885253906,RoanCamp,2020-12-04,2020-12-04 10:23:00.015,10:23:00,57.824968749999975,26.210674500000007
2209,462182.017,cam1-003-000234-0,7480734.171569372,321352.6302599249,500.123291015625,RoanCamp,2020-12-04,2020-12-04 10:23:02.017,10:23:02,57.820797916666685,26.211719988888884
2210,462184.419,cam1-003-000235-0,7480736.577933525,321371.934352312,500.1477355957031,RoanCamp,2020-12-04,2020-12-04 10:23:04.419,10:23:04,57.81579375000001,26.212974366666664
2211,462186.021,cam1-003-000236-0,7480737.940321609,321384.6324764964,500.1020812988281,RoanCamp,2020-12-04,2020-12-04 10:23:06.021,10:23:06,57.81245624999999,26.21381096666667
2212,462188.023,cam1-003-000237-0,7480739.532621171,321400.6246011834,500.03155517578125,RoanCamp,2020-12-04,2020-12-04 10:23:08.023,10:23:08,57.8082854166667,26.214856455555548
2213,462190.025,cam1-003-000238-0,7480741.606938881,321416.1423209443,500.09881591796875,RoanCamp,2020-12-04,2020-12-04 10:23:10.025,10:23:10,57.80411458333329,26.215901944444457
2214,462192.561,cam1-003-000239-0,7480743.90877969,321436.5287800931,500.0306396484375,RoanCamp,2020-12-04,2020-12-04 10:23:12.561,10:23:12,57.79883125000003,26.217226299999993
2215,462194.029,cam1-003-000240-0,7480745.252778012,321448.6629496339,500.0386657714844,RoanCamp,2020-12-04,2020-12-04 10:23:14.029,10:23:14,57.795772916666714,26.217992922222212
2216,462196.031,cam1-003-000241-0,7480747.342984596,321464.3472721579,500.1208190917969,RoanCamp,2020-12-04,2020-12-04 10:23:16.031,10:23:16,57.7916020833333,26.219038411111118
2217,462198.033,cam1-003-000242-0,7480749.328824105,321480.07367875637,500.25152587890625,RoanCamp,2020-12-04,2020-12-04 10:23:18.033,10:23:18,57.78743125000001,26.2200839
2218,462200.035,cam1-003-000243-0,7480751.123862005,321495.8198489584,500.4202880859375,RoanCamp,2020-12-04,2020-12-04 10:23:20.035,10:23:20,57.78326041666672,26.221129388888876
2219,462202.437,cam1-003-000244-0,7480753.411258118,321515.30372804555,500.6348571777344,RoanCamp,2020-12-04,2020-12-04 10:23:22.437,10:23:22,57.778256250000055,26.222383766666653
2220,462204.039,cam1-003-000245-0,7480754.772957757,321528.105682638,500.6610412597656,RoanCamp,2020-12-04,2020-12-04 10:23:24.039,10:23:24,57.774918750000026,26.22322036666666
2221,462206.041,cam1-003-000246-0,7480756.777113587,321543.58696695,500.5310363769531,RoanCamp,2020-12-04,2020-12-04 10:23:26.041,10:23:26,57.770747916666615,26.22426585555557
2222,462208.043,cam1-003-000247-0,7480758.826891017,321558.85474788846,500.4443359375,RoanCamp,2020-12-04,2020-12-04 10:23:28.043,10:23:28,57.766577083333324,26.225311344444446
2223,462210.579,cam1-003-000248-0,7480760.995542612,321578.9810079811,500.6977844238281,RoanCamp,2020-12-04,2020-12-04 10:23:30.579,10:23:30,57.76129374999995,26.226635700000013
2224,462212.047,cam1-003-000249-0,7480762.286556434,321591.2812302102,500.8502197265625,RoanCamp,2020-12-04,2020-12-04 10:23:32.047,10:23:32,57.75823541666663,26.227402322222233
2225,462214.049,cam1-003-000250-0,7480764.187216538,321607.27062840166,501.0389099121094,RoanCamp,2020-12-04,2020-12-04 10:23:34.049,10:23:34,57.75406458333334,26.22844781111111
2226,462216.051,cam1-003-000251-0,7480765.899801062,321623.3019035738,501.0031433105469,RoanCamp,2020-12-04,2020-12-04 10:23:36.051,10:23:36,57.74989375000005,26.229493299999987
2227,462217.919,cam1-003-000252-0,7480767.72095439,321638.5015249492,501.014892578125,RoanCamp,2020-12-04,2020-12-04 10:23:37.919,10:23:37,57.74600208333335,26.23046881111111
2228,462220.455,cam1-003-000253-0,7480770.058925834,321658.8005312782,500.979736328125,RoanCamp,2020-12-04,2020-12-04 10:23:40.455,10:23:40,57.74071874999997,26.231793166666673
2229,462221.923,cam1-003-000254-0,7480771.374783375,321670.4236686007,501.17474365234375,RoanCamp,2020-12-04,2020-12-04 10:23:41.923,10:23:41,57.73766041666665,26.232559788888892
2230,462223.925,cam1-003-000255-0,7480773.470567659,321686.0196677892,501.19561767578125,RoanCamp,2020-12-04,2020-12-04 10:23:43.925,10:23:43,57.73348958333336,26.23360527777777
2231,462225.927,cam1-003-000256-0,7480774.98000581,321702.909784295,501.20172119140625,RoanCamp,2020-12-04,2020-12-04 10:23:45.927,10:23:45,57.72931874999995,26.23465076666668
2232,462228.597,cam1-003-000257-0,7480777.230266687,321723.6951281075,501.1658935546875,RoanCamp,2020-12-04,2020-12-04 10:23:48.597,10:23:48,57.72375624999999,26.236045100000005
2233,462229.931,cam1-003-000258-0,7480778.522974622,321734.2071983285,501.12261962890625,RoanCamp,2020-12-04,2020-12-04 10:23:49.931,10:23:49,57.72097708333337,26.236741744444434
2234,462231.933,cam1-003-000259-0,7480780.593760455,321749.6072476113,501.0684509277344,RoanCamp,2020-12-04,2020-12-04 10:23:51.933,10:23:51,57.71680624999996,26.237787233333343
2235,462233.935,cam1-003-000260-0,7480782.556661973,321765.9645040193,501.01922607421875,RoanCamp,2020-12-04,2020-12-04 10:23:53.935,10:23:53,57.71263541666667,26.23883272222222
2236,462235.937,cam1-003-000261-0,7480784.261687346,321781.8887213516,500.9266357421875,RoanCamp,2020-12-04,2020-12-04 10:23:55.937,10:23:55,57.70846458333339,26.239878211111098
2237,462238.473,cam1-003-000262-0,7480786.790129402,321802.1370781055,500.8005065917969,RoanCamp,2020-12-04,2020-12-04 10:23:58.473,10:23:58,57.70318125000001,26.241202566666665
2238,462239.941,cam1-003-000263-0,7480788.122730872,321813.5325675196,500.7652282714844,RoanCamp,2020-12-04,2020-12-04 10:23:59.941,10:23:59,57.700122916666686,26.241969188888884
2239,462241.943,cam1-003-000264-0,7480789.975230437,321829.5111293511,500.6453552246094,RoanCamp,2020-12-04,2020-12-04 10:24:01.943,10:24:01,57.695952083333275,26.243014677777794
2240,462243.945,cam1-003-000265-0,7480791.736078001,321846.1990747488,500.587890625,RoanCamp,2020-12-04,2020-12-04 10:24:03.945,10:24:03,57.69178124999999,26.24406016666667
2241,462246.615,cam1-003-000266-0,7480794.10260948,321867.03800838435,500.472900390625,RoanCamp,2020-12-04,2020-12-04 10:24:06.615,10:24:06,57.68621875000002,26.245454499999994
2242,462247.949,cam1-003-000267-0,7480795.34249354,321877.7330079637,500.4615783691406,RoanCamp,2020-12-04,2020-12-04 10:24:07.949,10:24:07,57.68343958333329,26.246151144444454
2243,462249.951,cam1-003-000268-0,7480797.237906471,321893.2940607151,500.450927734375,RoanCamp,2020-12-04,2020-12-04 10:24:09.951,10:24:09,57.67926875,26.247196633333335
2244,462251.953,cam1-003-000269-0,7480799.303735239,321909.30636376166,500.5065002441406,RoanCamp,2020-12-04,2020-12-04 10:24:11.953,10:24:11,57.675097916666715,26.248242122222212
2245,462253.955,cam1-003-000270-0,7480801.242236162,321924.8903490091,500.60882568359375,RoanCamp,2020-12-04,2020-12-04 10:24:13.955,10:24:13,57.670927083333304,26.249287611111118
2246,462256.491,cam1-003-000271-0,7480803.597709859,321945.2993224487,500.79351806640625,RoanCamp,2020-12-04,2020-12-04 10:24:16.491,10:24:16,57.665643750000044,26.250611966666657
2247,462257.959,cam1-003-000272-0,7480804.883315656,321956.90324400767,500.90264892578125,RoanCamp,2020-12-04,2020-12-04 10:24:17.959,10:24:17,57.66258541666672,26.251378588888876
2248,462259.961,cam1-003-000273-0,7480806.8481581025,321972.6756425777,501.1697998046875,RoanCamp,2020-12-04,2020-12-04 10:24:19.961,10:24:19,57.65841458333332,26.252424077777782
2249,462261.963,cam1-003-000274-0,7480808.727553607,321989.14353163907,501.2129211425781,RoanCamp,2020-12-04,2020-12-04 10:24:21.963,10:24:21,57.65424375000003,26.25346956666666
2250,462264.632,cam1-003-000275-0,7480810.952813197,322009.82403318863,501.2168884277344,RoanCamp,2020-12-04,2020-12-04 10:24:24.632,10:24:24,57.64868333333337,26.25486337777777
2251,462265.967,cam1-003-000276-0,7480812.438891726,322020.3038788673,501.2861633300781,RoanCamp,2020-12-04,2020-12-04 10:24:25.967,10:24:25,57.645902083333326,26.255560544444446
2252,462267.969,cam1-003-000277-0,7480814.280862762,322036.03779959015,501.39068603515625,RoanCamp,2020-12-04,2020-12-04 10:24:27.969,10:24:27,57.64173125000004,26.256606033333323
2253,462269.971,cam1-003-000278-0,7480816.152055068,322052.32423889934,501.2684020996094,RoanCamp,2020-12-04,2020-12-04 10:24:29.971,10:24:29,57.63756041666663,26.257651522222233
2254,462271.973,cam1-003-000279-0,7480817.782484818,322068.1682587445,501.08355712890625,RoanCamp,2020-12-04,2020-12-04 10:24:31.973,10:24:31,57.63338958333334,26.25869701111111
2255,462274.509,cam1-003-000280-0,7480820.055835312,322088.3035023021,500.9400329589844,RoanCamp,2020-12-04,2020-12-04 10:24:34.509,10:24:34,57.62810624999996,26.260021366666678
2256,462275.977,cam1-003-000281-0,7480821.362991776,322099.83690446167,500.8070983886719,RoanCamp,2020-12-04,2020-12-04 10:24:35.977,10:24:35,57.625047916666645,26.260787988888897
2257,462277.979,cam1-003-000282-0,7480823.423612313,322116.3186666272,500.5863037109375,RoanCamp,2020-12-04,2020-12-04 10:24:37.979,10:24:37,57.620877083333355,26.261833477777774
2258,462279.981,cam1-003-000283-0,7480825.3345467,322132.0855886681,500.45635986328125,RoanCamp,2020-12-04,2020-12-04 10:24:39.981,10:24:39,57.61670624999994,26.26287896666668
2259,462282.65,cam1-003-000284-0,7480827.716528792,322152.94145845197,500.3009338378906,RoanCamp,2020-12-04,2020-12-04 10:24:42.650,10:24:42,57.61114583333329,26.26427277777779
2260,462283.985,cam1-003-000285-0,7480829.107234327,322163.68648188736,500.2979736328125,RoanCamp,2020-12-04,2020-12-04 10:24:43.985,10:24:43,57.60836458333337,26.264969944444438
2261,462285.987,cam1-003-000286-0,7480830.898049987,322179.4838158407,500.2723693847656,RoanCamp,2020-12-04,2020-12-04 10:24:45.987,10:24:45,57.60419374999996,26.266015433333344
2262,462287.989,cam1-003-000287-0,7480832.708258284,322195.8443727938,500.1883544921875,RoanCamp,2020-12-04,2020-12-04 10:24:47.989,10:24:47,57.60002291666667,26.26706092222222
2263,462290.658,cam1-003-000288-0,7480835.069361944,322216.79058364406,500.1973876953125,RoanCamp,2020-12-04,2020-12-04 10:24:50.658,10:24:50,57.59446250000001,26.268454733333332
2264,462291.993,cam1-003-000289-0,7480836.346664263,322227.6399559764,500.2475891113281,RoanCamp,2020-12-04,2020-12-04 10:24:51.993,10:24:51,57.591681249999965,26.269151900000008
2265,462293.995,cam1-003-000290-0,7480838.264602767,322243.4188082991,500.2949523925781,RoanCamp,2020-12-04,2020-12-04 10:24:53.995,10:24:53,57.58751041666668,26.270197388888885
2266,462295.997,cam1-003-000291-0,7480840.303429385,322259.8046417186,500.2967834472656,RoanCamp,2020-12-04,2020-12-04 10:24:55.997,10:24:55,57.58333958333339,26.271242877777762
2267,462297.999,cam1-003-000292-0,7480842.089013938,322275.5292313717,500.2447814941406,RoanCamp,2020-12-04,2020-12-04 10:24:57.999,10:24:57,57.57916874999998,26.272288366666672
2268,462300.401,cam1-003-000293-0,7480844.189258747,322294.4313065378,500.08612060546875,RoanCamp,2020-12-04,2020-12-04 10:25:00.401,10:25:00,57.574164583333314,26.273542744444452
2269,462302.003,cam1-003-000294-0,7480845.5917081935,322307.11955321475,500.0600891113281,RoanCamp,2020-12-04,2020-12-04 10:25:02.003,10:25:02,57.570827083333285,26.27437934444446
2270,462304.005,cam1-003-000295-0,7480847.399813324,322322.8963510199,500.04644775390625,RoanCamp,2020-12-04,2020-12-04 10:25:04.005,10:25:04,57.566656249999994,26.275424833333336
2271,462306.007,cam1-003-000296-0,7480849.324411487,322339.3470051386,499.9975280761719,RoanCamp,2020-12-04,2020-12-04 10:25:06.007,10:25:06,57.5624854166667,26.276470322222213
2272,462308.543,cam1-003-000297-0,7480851.648767893,322359.6078290254,500.008056640625,RoanCamp,2020-12-04,2020-12-04 10:25:08.543,10:25:08,57.55720208333332,26.27779467777778
2273,462310.144,cam1-003-000298-0,7480853.054711217,322372.2155847823,500.02996826171875,RoanCamp,2020-12-04,2020-12-04 10:25:10.144,10:25:10,57.55386666666673,26.27863075555554
2274,462312.013,cam1-003-000299-0,7480854.768306185,322386.7160848776,500.1004638671875,RoanCamp,2020-12-04,2020-12-04 10:25:12.013,10:25:12,57.54997291666672,26.279606788888877
2275,462314.015,cam1-003-000300-0,7480856.707827456,322402.9445812814,500.2171936035156,RoanCamp,2020-12-04,2020-12-04 10:25:14.015,10:25:14,57.54580208333331,26.280652277777783
2276,462316.017,cam1-003-000301-0,7480858.62738893,322418.5106177783,500.2248840332031,RoanCamp,2020-12-04,2020-12-04 10:25:16.017,10:25:16,57.541631250000016,26.281697766666664
2277,462318.419,cam1-003-000302-0,7480860.933030027,322437.15587013355,500.43585205078125,RoanCamp,2020-12-04,2020-12-04 10:25:18.419,10:25:18,57.53662708333335,26.28295214444444
2278,462320.021,cam1-003-000303-0,7480862.380374591,322450.12963855354,500.4865417480469,RoanCamp,2020-12-04,2020-12-04 10:25:20.021,10:25:20,57.53328958333332,26.283788744444447
2279,462322.023,cam1-003-000304-0,7480863.8814709205,322465.04785131523,500.617431640625,RoanCamp,2020-12-04,2020-12-04 10:25:22.023,10:25:22,57.52911875000003,26.284834233333324
2280,462324.025,cam1-003-000305-0,7480863.937527616,322471.4928775773,500.34136962890625,RoanCamp,2020-12-04,2020-12-04 10:25:24.025,10:25:24,57.52494791666662,26.285879722222234
2281,462326.561,cam1-003-000306-0,7480869.271466641,322470.7299858762,499.608154296875,RoanCamp,2020-12-04,2020-12-04 10:25:26.561,10:25:26,57.519664583333366,26.28720407777777
2282,462328.029,cam1-003-000307-0,7480879.568816783,322471.73291438946,499.3412170410156,RoanCamp,2020-12-04,2020-12-04 10:25:28.029,10:25:28,57.516606250000045,26.28797069999999
2283,462330.031,cam1-003-000308-0,7480897.06442266,322474.2082399886,499.6503601074219,RoanCamp,2020-12-04,2020-12-04 10:25:30.031,10:25:30,57.512435416666634,26.289016188888898
2284,462332.033,cam1-003-000309-0,7480914.559088015,322476.4971228859,499.7304992675781,RoanCamp,2020-12-04,2020-12-04 10:25:32.033,10:25:32,57.50826458333334,26.290061677777775
2285,462334.035,cam1-003-000310-0,7480930.9586225115,322478.36132240854,499.815673828125,RoanCamp,2020-12-04,2020-12-04 10:25:34.035,10:25:34,57.50409375000006,26.291107166666652
2286,462336.571,cam1-003-000311-0,7480951.490192027,322480.6364465769,499.99798583984375,RoanCamp,2020-12-04,2020-12-04 10:25:36.571,10:25:36,57.49881041666668,26.29243152222222
2287,462338.039,cam1-003-000312-0,7480962.850909349,322481.82594987185,500.087890625,RoanCamp,2020-12-04,2020-12-04 10:25:38.039,10:25:38,57.49575208333336,26.29319814444444
2288,462340.041,cam1-003-000313-0,7480976.504155747,322476.8827083989,500.62261962890625,RoanCamp,2020-12-04,2020-12-04 10:25:40.041,10:25:40,57.491581249999946,26.29424363333335
2289,462342.043,cam1-003-000314-0,7480978.094471337,322474.11318737955,500.5500183105469,RoanCamp,2020-12-04,2020-12-04 10:25:42.043,10:25:42,57.48741041666666,26.295289122222226
2290,462345.112,cam1-003-000315-0,7480977.285406569,322465.3083779677,500.1688537597656,RoanCamp,2020-12-04,2020-12-04 10:25:45.112,10:25:45,57.48101666666662,26.296891822222232
2291,462346.047,cam1-003-000316-0,7480976.88470284,322458.23376525554,499.9729309082031,RoanCamp,2020-12-04,2020-12-04 10:25:46.047,10:25:46,57.47906874999996,26.29738010000001
2292,462348.049,cam1-003-000317-0,7480974.972417826,322440.33926063275,499.58880615234375,RoanCamp,2020-12-04,2020-12-04 10:25:48.049,10:25:48,57.47489791666667,26.29842558888889
2293,462350.051,cam1-003-000318-0,7480973.092145166,322422.6555528176,499.5543518066406,RoanCamp,2020-12-04,2020-12-04 10:25:50.051,10:25:50,57.47072708333339,26.299471077777767
2294,462352.053,cam1-003-000319-0,7480971.204832805,322406.15751457703,499.5191345214844,RoanCamp,2020-12-04,2020-12-04 10:25:52.053,10:25:52,57.466556249999975,26.300516566666673
2295,462354.588,cam1-003-000320-0,7480968.829421208,322385.7196318059,499.27996826171875,RoanCamp,2020-12-04,2020-12-04 10:25:54.588,10:25:54,57.46127500000003,26.301840399999993
2296,462355.923,cam1-003-000321-0,7480967.57698819,322374.9815906144,499.0997314453125,RoanCamp,2020-12-04,2020-12-04 10:25:55.923,10:25:55,57.45849374999998,26.302537566666672
2297,462357.925,cam1-003-000322-0,7480965.624414178,322359.3229676527,498.9592590332031,RoanCamp,2020-12-04,2020-12-04 10:25:57.925,10:25:57,57.4543229166667,26.30358305555555
2298,462360.061,cam1-003-000323-0,7480963.354510957,322342.4488553576,498.94573974609375,RoanCamp,2020-12-04,2020-12-04 10:26:00.061,10:26:00,57.4498729166667,26.304698522222214
2299,462362.596,cam1-003-000324-0,7480960.681675481,322322.11181985086,498.9345703125,RoanCamp,2020-12-04,2020-12-04 10:26:02.596,10:26:02,57.44459166666663,26.306022355555566
2300,462363.931,cam1-003-000325-0,7480959.428668225,322312.02994800825,499.00738525390625,RoanCamp,2020-12-04,2020-12-04 10:26:03.931,10:26:03,57.441810416666705,26.306719522222213
2301,462365.933,cam1-003-000326-0,7480957.41525561,322295.61076166015,499.147216796875,RoanCamp,2020-12-04,2020-12-04 10:26:05.933,10:26:05,57.437639583333294,26.30776501111112
2302,462367.935,cam1-003-000327-0,7480955.721716847,322279.8554056005,499.253662109375,RoanCamp,2020-12-04,2020-12-04 10:26:07.935,10:26:07,57.43346875000001,26.3088105
2303,462369.937,cam1-003-000328-0,7480954.144994864,322264.10650310083,499.2425537109375,RoanCamp,2020-12-04,2020-12-04 10:26:09.937,10:26:09,57.42929791666672,26.309855988888877
2304,462372.473,cam1-003-000329-0,7480951.713825374,322243.99889801326,499.2640380859375,RoanCamp,2020-12-04,2020-12-04 10:26:12.473,10:26:12,57.42401458333334,26.311180344444445
2305,462373.941,cam1-003-000330-0,7480950.283688813,322231.96167613426,499.2935791015625,RoanCamp,2020-12-04,2020-12-04 10:26:13.941,10:26:13,57.42095625000002,26.31194696666666
2306,462375.943,cam1-003-000331-0,7480948.480140013,322216.09358632896,499.2746276855469,RoanCamp,2020-12-04,2020-12-04 10:26:15.943,10:26:15,57.41678541666661,26.31299245555557
2307,462377.945,cam1-003-000332-0,7480946.779420953,322200.41307677585,499.2373352050781,RoanCamp,2020-12-04,2020-12-04 10:26:17.945,10:26:17,57.41261458333332,26.314037944444447
2308,462380.614,cam1-003-000333-0,7480944.298050987,322178.94934013544,499.41748046875,RoanCamp,2020-12-04,2020-12-04 10:26:20.614,10:26:20,57.40705416666667,26.315431755555554
2309,462381.949,cam1-003-000334-0,7480942.965029992,322168.81014342245,499.3971862792969,RoanCamp,2020-12-04,2020-12-04 10:26:21.949,10:26:21,57.40427291666662,26.316128922222234
2310,462383.951,cam1-003-000335-0,7480940.920230193,322152.43318647315,499.3677673339844,RoanCamp,2020-12-04,2020-12-04 10:26:23.951,10:26:23,57.40010208333334,26.31717441111111
2311,462385.953,cam1-003-000336-0,7480938.928922137,322136.644224494,499.3835144042969,RoanCamp,2020-12-04,2020-12-04 10:26:25.953,10:26:25,57.39593125000005,26.31821989999999
2312,462387.955,cam1-003-000337-0,7480937.256561175,322121.01376966416,499.40380859375,RoanCamp,2020-12-04,2020-12-04 10:26:27.955,10:26:27,57.391760416666635,26.319265388888898
2313,462390.491,cam1-003-000338-0,7480934.986144864,322101.12279155105,499.27972412109375,RoanCamp,2020-12-04,2020-12-04 10:26:30.491,10:26:30,57.386477083333375,26.320589744444433
2314,462391.959,cam1-003-000339-0,7480933.356056463,322089.2408387551,499.2055969238281,RoanCamp,2020-12-04,2020-12-04 10:26:31.959,10:26:31,57.38341875000006,26.321356366666652
2315,462393.961,cam1-003-000340-0,7480931.595723474,322073.4886389375,499.2413330078125,RoanCamp,2020-12-04,2020-12-04 10:26:33.961,10:26:33,57.37924791666665,26.32240185555556
2316,462395.963,cam1-003-000341-0,7480929.9198849965,322057.6731717914,499.22998046875,RoanCamp,2020-12-04,2020-12-04 10:26:35.963,10:26:35,57.37507708333336,26.32344734444444
2317,462398.632,cam1-003-000342-0,7480927.459532846,322035.9685787157,499.2667236328125,RoanCamp,2020-12-04,2020-12-04 10:26:38.632,10:26:38,57.369516666666705,26.324841155555546
2318,462399.967,cam1-003-000343-0,7480926.248552853,322025.2264698238,499.25750732421875,RoanCamp,2020-12-04,2020-12-04 10:26:39.967,10:26:39,57.366735416666664,26.325538322222226
2319,462401.969,cam1-003-000344-0,7480924.306995376,322009.4530086503,499.3119812011719,RoanCamp,2020-12-04,2020-12-04 10:26:41.969,10:26:41,57.36256458333337,26.326583811111103
2320,462403.971,cam1-003-000345-0,7480922.488512658,321993.5955889344,499.3692626953125,RoanCamp,2020-12-04,2020-12-04 10:26:43.971,10:26:43,57.35839374999996,26.32762930000001
2321,462405.973,cam1-003-000346-0,7480920.667630915,321977.7762603568,499.3794250488281,RoanCamp,2020-12-04,2020-12-04 10:26:45.973,10:26:45,57.35422291666667,26.328674788888886
2322,462408.375,cam1-003-000347-0,7480918.649177484,321958.94489936606,499.35882568359375,RoanCamp,2020-12-04,2020-12-04 10:26:48.375,10:26:48,57.349218750000006,26.329929166666666
2323,462409.977,cam1-003-000348-0,7480916.977478448,321945.6684888199,499.2716369628906,RoanCamp,2020-12-04,2020-12-04 10:26:49.977,10:26:49,57.34588124999998,26.330765766666673
2324,462411.979,cam1-003-000349-0,7480914.856336253,321929.8091629577,499.16754150390625,RoanCamp,2020-12-04,2020-12-04 10:26:51.979,10:26:51,57.341710416666686,26.33181125555555
2325,462413.981,cam1-003-000350-0,7480912.972893057,321913.9355633207,499.2174987792969,RoanCamp,2020-12-04,2020-12-04 10:26:53.981,10:26:53,57.337539583333275,26.33285674444446
2326,462416.65,cam1-003-000351-0,7480910.545444131,321892.52454531397,499.3908386230469,RoanCamp,2020-12-04,2020-12-04 10:26:56.650,10:26:56,57.33197916666662,26.334250555555567
2327,462417.985,cam1-003-000352-0,7480909.3361827675,321881.87371549656,499.4060363769531,RoanCamp,2020-12-04,2020-12-04 10:26:57.985,10:26:57,57.3291979166667,26.334947722222214
2328,462419.987,cam1-003-000353-0,7480907.713374309,321866.24195870187,499.3508605957031,RoanCamp,2020-12-04,2020-12-04 10:26:59.987,10:26:59,57.32502708333329,26.335993211111123
2329,462421.989,cam1-003-000354-0,7480905.84962097,321850.60201150354,499.37811279296875,RoanCamp,2020-12-04,2020-12-04 10:27:01.989,10:27:01,57.32085625,26.3370387
2330,462424.658,cam1-003-000355-0,7480903.384868013,321829.5272021919,499.2975769042969,RoanCamp,2020-12-04,2020-12-04 10:27:04.658,10:27:04,57.315295833333344,26.338432511111108
2331,462425.993,cam1-003-000356-0,7480902.420466332,321819.5993051216,499.3565979003906,RoanCamp,2020-12-04,2020-12-04 10:27:05.993,10:27:05,57.312514583333304,26.339129677777787
2332,462427.995,cam1-003-000357-0,7480900.420491403,321803.1720109357,499.3684997558594,RoanCamp,2020-12-04,2020-12-04 10:27:07.995,10:27:07,57.30834375000001,26.340175166666665
2333,462429.997,cam1-003-000358-0,7480898.431775678,321787.27708129433,499.2280578613281,RoanCamp,2020-12-04,2020-12-04 10:27:09.997,10:27:09,57.30417291666672,26.341220655555542
2334,462432.666,cam1-003-000359-0,7480895.8819851875,321765.49750369403,499.20550537109375,RoanCamp,2020-12-04,2020-12-04 10:27:12.666,10:27:12,57.29861249999995,26.34261446666668
2335,462434.001,cam1-003-000360-0,7480894.720743351,321755.1519686374,499.2313537597656,RoanCamp,2020-12-04,2020-12-04 10:27:14.001,10:27:14,57.29583125000003,26.34331163333333
2336,462436.003,cam1-003-000361-0,7480892.83381259,321738.3521607268,499.1541442871094,RoanCamp,2020-12-04,2020-12-04 10:27:16.003,10:27:16,57.291660416666616,26.344357122222235
2337,462438.005,cam1-003-000362-0,7480891.071616364,321722.388436249,499.1712646484375,RoanCamp,2020-12-04,2020-12-04 10:27:18.005,10:27:18,57.287489583333326,26.345402611111112
2338,462440.007,cam1-003-000363-0,7480889.319414569,321706.6416295953,499.2148742675781,RoanCamp,2020-12-04,2020-12-04 10:27:20.007,10:27:20,57.283318750000035,26.34644809999999
2339,462442.409,cam1-003-000364-0,7480887.212358078,321687.8574675048,499.26361083984375,RoanCamp,2020-12-04,2020-12-04 10:27:22.409,10:27:22,57.27831458333337,26.34770247777777
2340,462444.011,cam1-003-000365-0,7480885.682201989,321675.27424497646,499.28985595703125,RoanCamp,2020-12-04,2020-12-04 10:27:24.011,10:27:24,57.27497708333334,26.348539077777776
2341,462446.013,cam1-003-000366-0,7480883.711003544,321658.8936333287,499.31884765625,RoanCamp,2020-12-04,2020-12-04 10:27:26.013,10:27:26,57.27080625000005,26.349584566666653
2342,462448.015,cam1-003-000367-0,7480881.927414188,321643.1550993385,499.27484130859375,RoanCamp,2020-12-04,2020-12-04 10:27:28.015,10:27:28,57.26663541666664,26.350630055555563
2343,462450.55,cam1-003-000368-0,7480879.6788056595,321623.0211906654,499.2540588378906,RoanCamp,2020-12-04,2020-12-04 10:27:30.550,10:27:30,57.26135416666669,26.351953888888882
2344,462452.019,cam1-003-000369-0,7480878.46930634,321611.60009289515,499.27545166015625,RoanCamp,2020-12-04,2020-12-04 10:27:32.019,10:27:32,57.258293750000064,26.352721033333317
2345,462454.021,cam1-003-000370-0,7480876.63698763,321595.1852363674,499.3346862792969,RoanCamp,2020-12-04,2020-12-04 10:27:34.021,10:27:34,57.25412291666665,26.353766522222227
2346,462456.023,cam1-003-000371-0,7480874.757504272,321579.33587973577,499.3737487792969,RoanCamp,2020-12-04,2020-12-04 10:27:36.023,10:27:36,57.24995208333336,26.354812011111104
2347,462458.025,cam1-003-000372-0,7480872.846525924,321563.3827300265,499.404052734375,RoanCamp,2020-12-04,2020-12-04 10:27:38.025,10:27:38,57.24578124999996,26.355857500000013
2348,462460.427,cam1-003-000373-0,7480870.6345980875,321544.22561241454,499.44580078125,RoanCamp,2020-12-04,2020-12-04 10:27:40.427,10:27:40,57.240777083333285,26.35711187777779
2349,462462.029,cam1-003-000374-0,7480868.93223485,321530.7035692374,499.426025390625,RoanCamp,2020-12-04,2020-12-04 10:27:42.029,10:27:42,57.237439583333376,26.357948477777768
2350,462464.031,cam1-003-000375-0,7480867.128921881,321514.71345318214,499.4507141113281,RoanCamp,2020-12-04,2020-12-04 10:27:44.031,10:27:44,57.233268749999965,26.358993966666674
2351,462466.033,cam1-003-000376-0,7480865.372052917,321498.7155334915,499.6330871582031,RoanCamp,2020-12-04,2020-12-04 10:27:46.033,10:27:46,57.22909791666668,26.360039455555555
2352,462468.568,cam1-003-000377-0,7480862.83801706,321478.3705207103,499.6569519042969,RoanCamp,2020-12-04,2020-12-04 10:27:48.568,10:27:48,57.22381666666661,26.361363288888903
2353,462470.036,cam1-003-000378-0,7480861.483430348,321466.89421504026,499.6499938964844,RoanCamp,2020-12-04,2020-12-04 10:27:50.036,10:27:50,57.22075833333329,26.362129911111122
2354,462472.038,cam1-003-000379-0,7480859.631069833,321450.2307566154,499.5411071777344,RoanCamp,2020-12-04,2020-12-04 10:27:52.038,10:27:52,57.2165875,26.3631754
2355,462474.04,cam1-003-000380-0,7480857.741753524,321434.2205252618,499.4229431152344,RoanCamp,2020-12-04,2020-12-04 10:27:54.040,10:27:54,57.21241666666671,26.364220888888877
2356,462476.576,cam1-003-000381-0,7480855.323376635,321414.0239075557,499.466064453125,RoanCamp,2020-12-04,2020-12-04 10:27:56.576,10:27:56,57.20713333333333,26.365545244444444
2357,462478.044,cam1-003-000382-0,7480853.967438791,321402.62094260834,499.5404968261719,RoanCamp,2020-12-04,2020-12-04 10:27:58.044,10:27:58,57.20407500000002,26.366311866666663
2358,462480.046,cam1-003-000383-0,7480852.1556635555,321386.2264225064,499.5004577636719,RoanCamp,2020-12-04,2020-12-04 10:28:00.046,10:28:00,57.19990416666673,26.36735735555554
2359,462482.048,cam1-003-000384-0,7480850.3654233795,321370.44570672116,499.50286865234375,RoanCamp,2020-12-04,2020-12-04 10:28:02.048,10:28:02,57.195733333333315,26.36840284444445
2360,462484.05,cam1-003-000385-0,7480848.6716377335,321354.7759218493,499.528076171875,RoanCamp,2020-12-04,2020-12-04 10:28:04.050,10:28:04,57.191562500000025,26.369448333333327
2361,462486.453,cam1-003-000386-0,7480846.236927322,321335.7777096781,499.513671875,RoanCamp,2020-12-04,2020-12-04 10:28:06.453,10:28:06,57.186556250000045,26.370703233333323
2362,462488.054,cam1-003-000387-0,7480844.885217241,321323.12358128215,499.47259521484375,RoanCamp,2020-12-04,2020-12-04 10:28:08.054,10:28:08,57.18322083333333,26.371539311111114
2363,462490.056,cam1-003-000388-0,7480843.319804644,321306.8300717863,499.530029296875,RoanCamp,2020-12-04,2020-12-04 10:28:10.056,10:28:10,57.17905000000004,26.37258479999999
2364,462492.058,cam1-003-000389-0,7480841.278522572,321290.9789104156,499.5929870605469,RoanCamp,2020-12-04,2020-12-04 10:28:12.058,10:28:12,57.17487916666663,26.373630288888897
2365,462494.594,cam1-003-000390-0,7480838.845130091,321270.6342996736,499.5237731933594,RoanCamp,2020-12-04,2020-12-04 10:28:14.594,10:28:14,57.169595833333375,26.374954644444436
2366,462495.929,cam1-003-000391-0,7480837.543337259,321259.8189675983,499.4305114746094,RoanCamp,2020-12-04,2020-12-04 10:28:15.929,10:28:15,57.16681458333333,26.375651811111112
2367,462497.931,cam1-003-000392-0,7480835.481070036,321243.9696611874,499.27581787109375,RoanCamp,2020-12-04,2020-12-04 10:28:17.931,10:28:17,57.16264375000004,26.37669729999999
2368,462499.933,cam1-003-000393-0,7480833.895019384,321228.3763400059,499.2493896484375,RoanCamp,2020-12-04,2020-12-04 10:28:19.933,10:28:19,57.15847291666663,26.3777427888889
2369,462501.935,cam1-003-000394-0,7480832.155702641,321212.8672399889,499.244873046875,RoanCamp,2020-12-04,2020-12-04 10:28:21.935,10:28:21,57.15430208333334,26.378788277777776
2370,462504.471,cam1-003-000395-0,7480829.9717533495,321193.04252636945,499.33648681640625,RoanCamp,2020-12-04,2020-12-04 10:28:24.471,10:28:24,57.14901874999996,26.380112633333344
2371,462505.939,cam1-003-000396-0,7480828.647187698,321181.08568397793,499.3532409667969,RoanCamp,2020-12-04,2020-12-04 10:28:25.939,10:28:25,57.14596041666664,26.380879255555563
2372,462507.941,cam1-003-000397-0,7480826.653175976,321165.20913586265,499.418212890625,RoanCamp,2020-12-04,2020-12-04 10:28:27.941,10:28:27,57.141789583333356,26.38192474444444
2373,462509.943,cam1-003-000398-0,7480824.870336056,321149.28219452605,499.47265625,RoanCamp,2020-12-04,2020-12-04 10:28:29.943,10:28:29,57.137618749999945,26.38297023333335
2374,462512.612,cam1-003-000399-0,7480822.400584798,321127.5831874999,499.5645446777344,RoanCamp,2020-12-04,2020-12-04 10:28:32.612,10:28:32,57.13205833333329,26.384364044444457
2375,462513.947,cam1-003-000400-0,7480821.13798428,321116.7681166884,499.60986328125,RoanCamp,2020-12-04,2020-12-04 10:28:33.947,10:28:33,57.12927708333336,26.385061211111104
2376,462515.949,cam1-003-000401-0,7480819.272146853,321100.8505908764,499.6516418457031,RoanCamp,2020-12-04,2020-12-04 10:28:35.949,10:28:35,57.12510624999996,26.38610670000001
2377,462517.951,cam1-003-000402-0,7480817.375096725,321084.88100362377,499.6533203125,RoanCamp,2020-12-04,2020-12-04 10:28:37.951,10:28:37,57.12093541666667,26.38715218888889
2378,462519.953,cam1-003-000403-0,7480815.623302787,321068.9837664251,499.6769714355469,RoanCamp,2020-12-04,2020-12-04 10:28:39.953,10:28:39,57.11676458333338,26.388197677777768
2379,462522.489,cam1-003-000404-0,7480813.189273981,321048.7810523841,499.71478271484375,RoanCamp,2020-12-04,2020-12-04 10:28:42.489,10:28:42,57.11148125,26.389522033333336
2380,462523.957,cam1-003-000405-0,7480811.9191018995,321036.7086884907,499.72039794921875,RoanCamp,2020-12-04,2020-12-04 10:28:43.957,10:28:43,57.10842291666668,26.39028865555555
2381,462525.959,cam1-003-000406-0,7480810.16144078,321020.83525736677,499.701416015625,RoanCamp,2020-12-04,2020-12-04 10:28:45.959,10:28:45,57.10425208333339,26.39133414444443
2382,462527.961,cam1-003-000407-0,7480808.302391905,321004.9289315563,499.7303161621094,RoanCamp,2020-12-04,2020-12-04 10:28:47.961,10:28:47,57.10008124999998,26.392379633333338
2383,462530.63,cam1-003-000408-0,7480805.737760655,320983.3600277058,499.70587158203125,RoanCamp,2020-12-04,2020-12-04 10:28:50.630,10:28:50,57.09452083333333,26.393773444444445
2384,462531.965,cam1-003-000409-0,7480804.431650896,320972.54655886086,499.68658447265625,RoanCamp,2020-12-04,2020-12-04 10:28:51.965,10:28:51,57.091739583333286,26.394470611111124
2385,462533.967,cam1-003-000410-0,7480802.611247952,320956.7647368333,499.6274719238281,RoanCamp,2020-12-04,2020-12-04 10:28:53.967,10:28:53,57.087568749999996,26.395516100000002
2386,462535.969,cam1-003-000411-0,7480800.734896667,320941.0743631588,499.5802307128906,RoanCamp,2020-12-04,2020-12-04 10:28:55.969,10:28:55,57.083397916666705,26.39656158888888
2387,462537.971,cam1-003-000412-0,7480798.990844031,320925.39631132723,499.6009521484375,RoanCamp,2020-12-04,2020-12-04 10:28:57.971,10:28:57,57.07922708333329,26.39760707777779
2388,462540.507,cam1-003-000413-0,7480796.832111634,320905.53300671646,499.646240234375,RoanCamp,2020-12-04,2020-12-04 10:29:00.507,10:29:00,57.07394375000004,26.398931433333324
2389,462541.975,cam1-003-000414-0,7480795.509750234,320893.8128976489,499.6940002441406,RoanCamp,2020-12-04,2020-12-04 10:29:01.975,10:29:01,57.07088541666672,26.399698055555543
2390,462543.977,cam1-003-000415-0,7480793.7167469775,320878.4672627761,499.6871032714844,RoanCamp,2020-12-04,2020-12-04 10:29:03.977,10:29:03,57.06671458333331,26.400743544444452
2391,462545.979,cam1-003-000416-0,7480791.659948781,320862.9235901872,499.5313415527344,RoanCamp,2020-12-04,2020-12-04 10:29:05.979,10:29:05,57.06254375000002,26.40178903333333
2392,462548.648,cam1-003-000417-0,7480789.268194805,320841.538878221,499.3977355957031,RoanCamp,2020-12-04,2020-12-04 10:29:08.648,10:29:08,57.05698333333336,26.403182844444437
2393,462549.983,cam1-003-000418-0,7480788.148431173,320830.8199736589,499.389404296875,RoanCamp,2020-12-04,2020-12-04 10:29:09.983,10:29:09,57.05420208333332,26.403880011111113
2394,462551.985,cam1-003-000419-0,7480786.208879636,320814.9753995454,499.36920166015625,RoanCamp,2020-12-04,2020-12-04 10:29:11.985,10:29:11,57.05003125000003,26.404925499999994
2395,462553.987,cam1-003-000420-0,7480784.3969256105,320799.0696911566,499.4432373046875,RoanCamp,2020-12-04,2020-12-04 10:29:13.987,10:29:13,57.04586041666662,26.4059709888889
2396,462556.656,cam1-003-000421-0,7480781.885818656,320777.4697333282,499.5884704589844,RoanCamp,2020-12-04,2020-12-04 10:29:16.656,10:29:16,57.04029999999997,26.40736480000001
2397,462557.991,cam1-003-000422-0,7480780.577812359,320766.75284257485,499.63873291015625,RoanCamp,2020-12-04,2020-12-04 10:29:17.991,10:29:17,57.03751875000005,26.408061966666654
2398,462559.993,cam1-003-000423-0,7480778.826689447,320751.0919789404,499.6165466308594,RoanCamp,2020-12-04,2020-12-04 10:29:19.993,10:29:19,57.033347916666635,26.409107455555564
2399,462561.995,cam1-003-000424-0,7480776.905617757,320735.5451310015,499.5594787597656,RoanCamp,2020-12-04,2020-12-04 10:29:21.995,10:29:21,57.029177083333344,26.41015294444444
2400,462563.997,cam1-003-000425-0,7480775.008242847,320719.9943639283,499.54248046875,RoanCamp,2020-12-04,2020-12-04 10:29:23.997,10:29:23,57.02500625000006,26.41119843333332
2401,462566.399,cam1-003-000426-0,7480772.6192714125,320700.5743117768,499.45660400390625,RoanCamp,2020-12-04,2020-12-04 10:29:26.399,10:29:26,57.02000208333339,26.4124528111111
2402,462568.0,cam1-003-000427-0,7480771.1229105275,320688.05883348174,499.44049072265625,RoanCamp,2020-12-04,2020-12-04 10:29:28.000,10:29:28,57.01666666666667,26.41328888888889
2403,462570.002,cam1-003-000428-0,7480769.339775749,320672.44811013766,499.3595275878906,RoanCamp,2020-12-04,2020-12-04 10:29:30.002,10:29:30,57.01249583333338,26.414334377777767
2404,462572.004,cam1-003-000429-0,7480767.524238534,320656.9263398915,499.2434997558594,RoanCamp,2020-12-04,2020-12-04 10:29:32.004,10:29:32,57.00832499999997,26.415379866666676
2405,462574.54,cam1-003-000430-0,7480765.290384362,320637.22430589097,499.352294921875,RoanCamp,2020-12-04,2020-12-04 10:29:34.540,10:29:34,57.00304166666671,26.41670422222221
2406,462576.008,cam1-003-000431-0,7480764.05331365,320625.3857955829,499.4028015136719,RoanCamp,2020-12-04,2020-12-04 10:29:36.008,10:29:36,56.9999833333334,26.41747084444443
2407,462578.01,cam1-003-000432-0,7480762.105771613,320609.6208557156,499.3489990234375,RoanCamp,2020-12-04,2020-12-04 10:29:38.010,10:29:38,56.995812499999985,26.418516333333336
2408,462580.012,cam1-003-000433-0,7480760.147648412,320593.80466792977,499.45526123046875,RoanCamp,2020-12-04,2020-12-04 10:29:40.012,10:29:40,56.991641666666695,26.419561822222217
2409,462582.682,cam1-003-000434-0,7480758.041566563,320572.81615184597,499.65521240234375,RoanCamp,2020-12-04,2020-12-04 10:29:42.682,10:29:42,56.98607916666673,26.42095615555554
2410,462584.016,cam1-003-000435-0,7480756.586075182,320562.0271541347,499.6475524902344,RoanCamp,2020-12-04,2020-12-04 10:29:44.016,10:29:44,56.9833,26.4216528
2411,462586.018,cam1-003-000436-0,7480754.67540204,320546.204243976,499.5670166015625,RoanCamp,2020-12-04,2020-12-04 10:29:46.018,10:29:46,56.97912916666671,26.422698288888878
2412,462588.02,cam1-003-000437-0,7480752.8591563385,320530.3698942727,499.57952880859375,RoanCamp,2020-12-04,2020-12-04 10:29:48.020,10:29:48,56.9749583333333,26.423743777777787
2413,462590.022,cam1-003-000438-0,7480751.062850064,320513.79000670824,499.6002502441406,RoanCamp,2020-12-04,2020-12-04 10:29:50.022,10:29:50,56.97078750000001,26.424789266666664
2414,462592.425,cam1-003-000439-0,7480748.8705033995,320494.7539123526,499.6279602050781,RoanCamp,2020-12-04,2020-12-04 10:29:52.425,10:29:52,56.96578125000003,26.42604416666666
2415,462594.026,cam1-003-000440-0,7480747.472302869,320482.04841227445,499.59112548828125,RoanCamp,2020-12-04,2020-12-04 10:29:54.026,10:29:54,56.96244583333331,26.42688024444445
2416,462596.028,cam1-003-000441-0,7480745.548555529,320465.98834932374,499.6523132324219,RoanCamp,2020-12-04,2020-12-04 10:29:56.028,10:29:56,56.95827500000002,26.42792573333333
2417,462598.03,cam1-003-000442-0,7480746.099788567,320451.60270698,499.72393798828125,RoanCamp,2020-12-04,2020-12-04 10:29:58.030,10:29:58,56.95410416666661,26.428971222222238
2418,462600.566,cam1-003-000443-0,7480749.45678253,320448.9085196945,499.3895568847656,RoanCamp,2020-12-04,2020-12-04 10:30:00.566,10:30:00,56.94882083333336,26.430295577777773
2419,462602.034,cam1-003-000444-0,7480752.897799633,320449.4124455969,499.1830139160156,RoanCamp,2020-12-04,2020-12-04 10:30:02.034,10:30:02,56.945762500000036,26.431062199999992
2420,462604.036,cam1-003-000445-0,7480765.714857286,320448.3600105827,498.9308776855469,RoanCamp,2020-12-04,2020-12-04 10:30:04.036,10:30:04,56.941591666666625,26.4321076888889
2421,462606.038,cam1-003-000446-0,7480783.565493661,320448.59553571854,499.36944580078125,RoanCamp,2020-12-04,2020-12-04 10:30:06.038,10:30:06,56.937420833333334,26.43315317777778
2422,462608.04,cam1-003-000447-0,7480799.927729666,320449.91422667145,499.6122741699219,RoanCamp,2020-12-04,2020-12-04 10:30:08.040,10:30:08,56.933250000000044,26.434198666666656
2423,462610.042,cam1-003-000448-0,7480815.706859961,320450.90400294424,499.7149658203125,RoanCamp,2020-12-04,2020-12-04 10:30:10.042,10:30:10,56.92907916666664,26.435244155555562
2424,462612.578,cam1-003-000449-0,7480835.878829407,320451.76097955357,499.82489013671875,RoanCamp,2020-12-04,2020-12-04 10:30:12.578,10:30:12,56.92379583333338,26.4365685111111
2425,462614.046,cam1-003-000450-0,7480847.515157311,320452.235879373,499.9688415527344,RoanCamp,2020-12-04,2020-12-04 10:30:14.046,10:30:14,56.92073750000006,26.43733513333332
2426,462616.048,cam1-003-000451-0,7480858.4007037245,320460.1277518867,500.22998046875,RoanCamp,2020-12-04,2020-12-04 10:30:16.048,10:30:16,56.91656666666665,26.438380622222226
2427,462619.251,cam1-003-000452-0,7480857.880170578,320464.91665478423,499.81585693359375,RoanCamp,2020-12-04,2020-12-04 10:30:19.251,10:30:19,56.90989375000002,26.440053299999995
2428,462620.052,cam1-003-000453-0,7480858.647622456,320467.945503995,499.7145690917969,RoanCamp,2020-12-04,2020-12-04 10:30:20.052,10:30:20,56.90822499999995,26.440471600000013
2429,462622.054,cam1-003-000454-0,7480861.726664996,320482.3580018007,499.50372314453125,RoanCamp,2020-12-04,2020-12-04 10:30:22.054,10:30:22,56.90405416666666,26.44151708888889
2430,462624.056,cam1-003-000455-0,7480864.037799295,320499.9494539385,499.7325439453125,RoanCamp,2020-12-04,2020-12-04 10:30:24.056,10:30:24,56.89988333333337,26.442562577777768
2431,462626.058,cam1-003-000456-0,7480865.96407919,320516.24569781835,499.9837341308594,RoanCamp,2020-12-04,2020-12-04 10:30:26.058,10:30:26,56.895712499999966,26.443608066666677
2432,462628.594,cam1-003-000457-0,7480868.601951201,320536.77008286514,500.17755126953125,RoanCamp,2020-12-04,2020-12-04 10:30:28.594,10:30:28,56.890429166666706,26.444932422222212
2433,462630.062,cam1-003-000458-0,7480869.944543602,320548.38570607424,500.0914306640625,RoanCamp,2020-12-04,2020-12-04 10:30:30.062,10:30:30,56.887370833333385,26.44569904444443
2434,462631.931,cam1-003-000459-0,7480871.646303346,320563.8087921422,499.9180908203125,RoanCamp,2020-12-04,2020-12-04 10:30:31.931,10:30:31,56.883477083333375,26.44667507777777
2435,462633.933,cam1-003-000460-0,7480873.576635084,320579.7616489784,499.7857360839844,RoanCamp,2020-12-04,2020-12-04 10:30:33.933,10:30:33,56.87930624999996,26.447720566666675
2436,462635.935,cam1-003-000461-0,7480875.556721056,320595.50104200235,499.75518798828125,RoanCamp,2020-12-04,2020-12-04 10:30:35.935,10:30:35,56.87513541666667,26.448766055555556
2437,462638.47,cam1-003-000462-0,7480878.11161852,320615.4258819796,499.82452392578125,RoanCamp,2020-12-04,2020-12-04 10:30:38.470,10:30:38,56.86985416666673,26.450089888888876
2438,462639.939,cam1-003-000463-0,7480879.482071314,320627.5731469839,499.88287353515625,RoanCamp,2020-12-04,2020-12-04 10:30:39.939,10:30:39,56.86679374999998,26.45085703333334
2439,462641.941,cam1-003-000464-0,7480881.3726386465,320643.4570793357,500.0097351074219,RoanCamp,2020-12-04,2020-12-04 10:30:41.941,10:30:41,56.86262291666669,26.451902522222216
2440,462643.943,cam1-003-000465-0,7480883.086099207,320659.18478774704,500.1440734863281,RoanCamp,2020-12-04,2020-12-04 10:30:43.943,10:30:43,56.858452083333276,26.452948011111125
2441,462646.612,cam1-003-000466-0,7480885.565039471,320680.44264350773,500.3313903808594,RoanCamp,2020-12-04,2020-12-04 10:30:46.612,10:30:46,56.85289166666662,26.454341822222233
2442,462647.947,cam1-003-000467-0,7480886.765916948,320691.2901762032,500.4364929199219,RoanCamp,2020-12-04,2020-12-04 10:30:47.947,10:30:47,56.8501104166667,26.45503898888888
2443,462649.949,cam1-003-000468-0,7480888.768100768,320707.0033514122,500.377197265625,RoanCamp,2020-12-04,2020-12-04 10:30:49.949,10:30:49,56.84593958333329,26.45608447777779
2444,462651.951,cam1-003-000469-0,7480890.451870695,320722.737918522,500.45037841796875,RoanCamp,2020-12-04,2020-12-04 10:30:51.951,10:30:51,56.84176875,26.457129966666667
2445,462653.953,cam1-003-000470-0,7480892.386329691,320738.69899745623,500.572509765625,RoanCamp,2020-12-04,2020-12-04 10:30:53.953,10:30:53,56.83759791666671,26.458175455555544
2446,462656.488,cam1-003-000471-0,7480894.80497323,320758.987826869,500.65771484375,RoanCamp,2020-12-04,2020-12-04 10:30:56.488,10:30:56,56.83231666666664,26.459499288888896
2447,462657.957,cam1-003-000472-0,7480896.121426932,320771.078142278,500.646484375,RoanCamp,2020-12-04,2020-12-04 10:30:57.957,10:30:57,56.829256250000014,26.46026643333333
2448,462659.959,cam1-003-000473-0,7480897.981451797,320786.73404742236,500.71380615234375,RoanCamp,2020-12-04,2020-12-04 10:30:59.959,10:30:59,56.825085416666724,26.461311922222208
2449,462661.961,cam1-003-000474-0,7480899.891592197,320802.5420806304,500.78179931640625,RoanCamp,2020-12-04,2020-12-04 10:31:01.961,10:31:01,56.82091458333331,26.462357411111118
2450,462664.63,cam1-003-000475-0,7480902.012896599,320823.7705697948,500.52484130859375,RoanCamp,2020-12-04,2020-12-04 10:31:04.630,10:31:04,56.81535416666666,26.463751222222225
2451,462665.964,cam1-003-000476-0,7480903.286708667,320834.06940270757,500.3519287109375,RoanCamp,2020-12-04,2020-12-04 10:31:05.964,10:31:05,56.81257500000005,26.464447866666656
2452,462667.966,cam1-003-000477-0,7480905.379163591,320849.3003873963,500.2816162109375,RoanCamp,2020-12-04,2020-12-04 10:31:07.966,10:31:07,56.80840416666664,26.465493355555562
2453,462669.968,cam1-003-000478-0,7480907.289448133,320865.03932003665,500.4009094238281,RoanCamp,2020-12-04,2020-12-04 10:31:09.968,10:31:09,56.80423333333335,26.46653884444444
2454,462671.97,cam1-003-000479-0,7480909.235257218,320880.9271913026,500.4413146972656,RoanCamp,2020-12-04,2020-12-04 10:31:11.970,10:31:11,56.80006250000006,26.467584333333317
2455,462674.506,cam1-003-000480-0,7480911.463841975,320901.2484158889,500.5281066894531,RoanCamp,2020-12-04,2020-12-04 10:31:14.506,10:31:14,56.794779166666686,26.468908688888884
2456,462675.974,cam1-003-000481-0,7480912.996745473,320913.30767685396,500.64013671875,RoanCamp,2020-12-04,2020-12-04 10:31:15.974,10:31:15,56.791720833333365,26.469675311111104
2457,462677.976,cam1-003-000482-0,7480914.894041825,320929.29021840607,500.80859375,RoanCamp,2020-12-04,2020-12-04 10:31:17.976,10:31:17,56.78754999999995,26.470720800000013
2458,462679.978,cam1-003-000483-0,7480916.632847348,320945.22663247294,500.7731018066406,RoanCamp,2020-12-04,2020-12-04 10:31:19.978,10:31:19,56.78337916666666,26.47176628888889
2459,462682.648,cam1-003-000484-0,7480919.036767855,320966.74044302164,500.555908203125,RoanCamp,2020-12-04,2020-12-04 10:31:22.648,10:31:22,56.777816666666695,26.473160622222213
2460,462683.982,cam1-003-000485-0,7480920.212496512,320977.5480072892,500.3931579589844,RoanCamp,2020-12-04,2020-12-04 10:31:23.982,10:31:23,56.77503749999997,26.473857266666677
2461,462685.984,cam1-003-000486-0,7480922.1207583565,320993.3090302746,500.2252502441406,RoanCamp,2020-12-04,2020-12-04 10:31:25.984,10:31:25,56.77086666666668,26.474902755555554
2462,462687.986,cam1-003-000487-0,7480924.103200242,321008.9771061202,500.1539611816406,RoanCamp,2020-12-04,2020-12-04 10:31:27.986,10:31:27,56.76669583333339,26.47594824444443
2463,462689.988,cam1-003-000488-0,7480926.1484827,321024.68021187186,500.1582946777344,RoanCamp,2020-12-04,2020-12-04 10:31:29.988,10:31:29,56.762524999999975,26.47699373333334
2464,462692.391,cam1-003-000489-0,7480928.579010624,321044.18146919436,500.2071228027344,RoanCamp,2020-12-04,2020-12-04 10:31:32.391,10:31:32,56.757518749999996,26.478248633333337
2465,462693.992,cam1-003-000490-0,7480930.013507972,321056.8935824437,500.2049865722656,RoanCamp,2020-12-04,2020-12-04 10:31:33.992,10:31:33,56.75418333333328,26.479084711111124
2466,462695.994,cam1-003-000491-0,7480931.892551801,321072.6095528896,500.2278747558594,RoanCamp,2020-12-04,2020-12-04 10:31:35.994,10:31:35,56.75001249999999,26.4801302
2467,462697.996,cam1-003-000492-0,7480933.743360991,321088.279952033,500.2351989746094,RoanCamp,2020-12-04,2020-12-04 10:31:37.996,10:31:37,56.7458416666667,26.481175688888882
2468,462700.666,cam1-003-000493-0,7480936.147241158,321109.61851879803,500.2650146484375,RoanCamp,2020-12-04,2020-12-04 10:31:40.666,10:31:40,56.74027916666662,26.482570022222237
2469,462702.0,cam1-003-000494-0,7480937.351109399,321120.34384816384,500.328125,RoanCamp,2020-12-04,2020-12-04 10:31:42.000,10:31:42,56.737500000000004,26.483266666666665
2470,462704.002,cam1-003-000495-0,7480939.248656174,321136.0969344132,500.3616943359375,RoanCamp,2020-12-04,2020-12-04 10:31:44.002,10:31:44,56.733329166666714,26.484312155555543
2471,462706.004,cam1-003-000496-0,7480940.988819316,321151.97154093423,500.2780456542969,RoanCamp,2020-12-04,2020-12-04 10:31:46.004,10:31:46,56.7291583333333,26.485357644444452
2472,462708.006,cam1-003-000497-0,7480942.828531537,321167.72490396287,500.16387939453125,RoanCamp,2020-12-04,2020-12-04 10:31:48.006,10:31:48,56.72498750000002,26.48640313333333
2473,462710.409,cam1-003-000498-0,7480945.2356760185,321187.32163585967,500.02728271484375,RoanCamp,2020-12-04,2020-12-04 10:31:50.409,10:31:50,56.71998125000003,26.487658033333325
2474,462712.01,cam1-003-000499-0,7480946.708031785,321200.1127493016,499.9676513671875,RoanCamp,2020-12-04,2020-12-04 10:31:52.010,10:31:52,56.71664583333332,26.488494111111116
2475,462714.012,cam1-003-000500-0,7480948.516793789,321216.02998386545,499.8758239746094,RoanCamp,2020-12-04,2020-12-04 10:31:54.012,10:31:54,56.712475000000026,26.489539599999993
2476,462716.014,cam1-003-000501-0,7480950.318704199,321231.8738126977,499.9209289550781,RoanCamp,2020-12-04,2020-12-04 10:31:56.014,10:31:56,56.70830416666662,26.490585088888903
2477,462718.684,cam1-003-000502-0,7480952.987005355,321253.08686167584,500.0528259277344,RoanCamp,2020-12-04,2020-12-04 10:31:58.684,10:31:58,56.702741666666654,26.491979422222226
2478,462720.018,cam1-003-000503-0,7480954.407940507,321263.6582488073,500.1047058105469,RoanCamp,2020-12-04,2020-12-04 10:32:00.018,10:32:00,56.69996250000004,26.492676066666657
2479,462722.02,cam1-003-000504-0,7480956.115922345,321279.2600100222,500.22137451171875,RoanCamp,2020-12-04,2020-12-04 10:32:02.020,10:32:02,56.69579166666663,26.493721555555567
2480,462724.022,cam1-003-000505-0,7480957.739117438,321294.8070381333,500.1897888183594,RoanCamp,2020-12-04,2020-12-04 10:32:04.022,10:32:04,56.691620833333346,26.494767044444444
2481,462726.558,cam1-003-000506-0,7480960.24135517,321314.8132896123,500.2942810058594,RoanCamp,2020-12-04,2020-12-04 10:32:06.558,10:32:06,56.686337499999965,26.49609140000001
2482,462728.026,cam1-003-000507-0,7480961.589395339,321326.79053287057,500.3057861328125,RoanCamp,2020-12-04,2020-12-04 10:32:08.026,10:32:08,56.683279166666644,26.496858022222227
2483,462730.028,cam1-003-000508-0,7480963.352058809,321342.459492499,500.35943603515625,RoanCamp,2020-12-04,2020-12-04 10:32:10.028,10:32:10,56.67910833333335,26.497903511111105
2484,462732.03,cam1-003-000509-0,7480965.214595616,321358.3114459084,500.47320556640625,RoanCamp,2020-12-04,2020-12-04 10:32:12.030,10:32:12,56.67493749999994,26.498949000000014
2485,462734.566,cam1-003-000510-0,7480967.552918807,321378.62483960914,500.640625,RoanCamp,2020-12-04,2020-12-04 10:32:14.566,10:32:14,56.66965416666669,26.50027335555555
2486,462736.034,cam1-003-000511-0,7480968.893318215,321390.102307645,500.6806640625,RoanCamp,2020-12-04,2020-12-04 10:32:16.034,10:32:16,56.66659583333337,26.50103997777777
2487,462738.036,cam1-003-000512-0,7480970.889122154,321406.4777076064,500.7707214355469,RoanCamp,2020-12-04,2020-12-04 10:32:18.036,10:32:18,56.662424999999956,26.502085466666678
2488,462740.038,cam1-003-000513-0,7480972.679363126,321422.1845878407,500.7602844238281,RoanCamp,2020-12-04,2020-12-04 10:32:20.038,10:32:20,56.658254166666666,26.503130955555555
2489,462742.04,cam1-003-000514-0,7480974.32320871,321437.81016472925,500.683349609375,RoanCamp,2020-12-04,2020-12-04 10:32:22.040,10:32:22,56.65408333333338,26.504176444444433
2490,462744.442,cam1-003-000515-0,7480976.707904584,321456.52885459387,500.6910095214844,RoanCamp,2020-12-04,2020-12-04 10:32:24.442,10:32:24,56.64907916666671,26.505430822222213
2491,462746.044,cam1-003-000516-0,7480978.392766945,321469.6887946925,500.6791687011719,RoanCamp,2020-12-04,2020-12-04 10:32:26.044,10:32:26,56.64574166666668,26.50626742222222
2492,462748.046,cam1-003-000517-0,7480980.317811208,321485.3588016691,500.532470703125,RoanCamp,2020-12-04,2020-12-04 10:32:28.046,10:32:28,56.64157083333339,26.507312911111097
2493,462750.048,cam1-003-000518-0,7480982.158827234,321501.2279559169,500.3680725097656,RoanCamp,2020-12-04,2020-12-04 10:32:30.048,10:32:30,56.637399999999985,26.508358400000006
2494,462752.584,cam1-003-000519-0,7480984.538663808,321521.4243556886,500.31610107421875,RoanCamp,2020-12-04,2020-12-04 10:32:32.584,10:32:32,56.632116666666725,26.50968275555554
2495,462754.052,cam1-003-000520-0,7480985.884216807,321533.4444072362,500.34869384765625,RoanCamp,2020-12-04,2020-12-04 10:32:34.052,10:32:34,56.62905833333328,26.51044937777779
2496,462756.054,cam1-003-000521-0,7480987.694565734,321549.05364638707,500.56463623046875,RoanCamp,2020-12-04,2020-12-04 10:32:36.054,10:32:36,56.62488749999999,26.51149486666667
2497,462758.056,cam1-003-000522-0,7480989.583120856,321564.83836162026,500.7904052734375,RoanCamp,2020-12-04,2020-12-04 10:32:38.056,10:32:38,56.62071666666671,26.512540355555547
2498,462760.058,cam1-003-000523-0,7480991.283536444,321580.6981898285,500.9128112792969,RoanCamp,2020-12-04,2020-12-04 10:32:40.058,10:32:40,56.6165458333333,26.513585844444453
2499,462762.46,cam1-003-000524-0,7480993.384624592,321599.6500063841,501.0300598144531,RoanCamp,2020-12-04,2020-12-04 10:32:42.460,10:32:42,56.611541666666625,26.514840222222233
2500,462764.062,cam1-003-000525-0,7480994.897618474,321612.70860998146,501.02783203125,RoanCamp,2020-12-04,2020-12-04 10:32:44.062,10:32:44,56.60820416666672,26.51567682222221
2501,462766.064,cam1-003-000526-0,7480996.918956563,321628.52652455616,500.99566650390625,RoanCamp,2020-12-04,2020-12-04 10:32:46.064,10:32:46,56.604033333333305,26.516722311111117
2502,462768.066,cam1-003-000527-0,7480998.8798725195,321644.360209128,500.98077392578125,RoanCamp,2020-12-04,2020-12-04 10:32:48.066,10:32:48,56.59986250000002,26.517767799999994
2503,462770.602,cam1-003-000528-0,7481001.430570945,321664.73342958407,500.8558044433594,RoanCamp,2020-12-04,2020-12-04 10:32:50.602,10:32:50,56.59457916666664,26.519092155555562
2504,462771.936,cam1-003-000529-0,7481002.7137125,321675.66924070136,500.779541015625,RoanCamp,2020-12-04,2020-12-04 10:32:51.936,10:32:51,56.59180000000003,26.519788799999994
2505,462773.938,cam1-003-000530-0,7481004.686734701,321691.5789211681,500.772216796875,RoanCamp,2020-12-04,2020-12-04 10:32:53.938,10:32:53,56.587629166666616,26.520834288888903
2506,462775.94,cam1-003-000531-0,7481006.491087584,321707.60286058707,500.7242126464844,RoanCamp,2020-12-04,2020-12-04 10:32:55.940,10:32:55,56.58345833333333,26.52187977777778
2507,462778.61,cam1-003-000532-0,7481008.8159529045,321729.17579211283,500.66290283203125,RoanCamp,2020-12-04,2020-12-04 10:32:58.610,10:32:58,56.577895833333365,26.523274111111103
2508,462779.944,cam1-003-000533-0,7481010.202855261,321740.00304297765,500.60211181640625,RoanCamp,2020-12-04,2020-12-04 10:32:59.944,10:32:59,56.57511666666663,26.523970755555563
2509,462781.946,cam1-003-000534-0,7481012.319971958,321755.9929044858,500.6740417480469,RoanCamp,2020-12-04,2020-12-04 10:33:01.946,10:33:01,56.57094583333334,26.525016244444444
2510,462783.948,cam1-003-000535-0,7481014.212097088,321772.0042476016,500.8009948730469,RoanCamp,2020-12-04,2020-12-04 10:33:03.948,10:33:03,56.56677500000006,26.52606173333332
2511,462786.618,cam1-003-000536-0,7481016.350240731,321793.6397748026,500.7178039550781,RoanCamp,2020-12-04,2020-12-04 10:33:06.618,10:33:06,56.56121249999997,26.527456066666677
2512,462787.952,cam1-003-000537-0,7481017.533550074,321804.33515956096,500.624755859375,RoanCamp,2020-12-04,2020-12-04 10:33:07.952,10:33:07,56.558433333333355,26.528152711111105
2513,462789.954,cam1-003-000538-0,7481019.226457948,321819.90689059056,500.6492919921875,RoanCamp,2020-12-04,2020-12-04 10:33:09.954,10:33:09,56.55426249999995,26.529198200000014
2514,462791.956,cam1-003-000539-0,7481021.004376631,321835.4789082754,500.7588195800781,RoanCamp,2020-12-04,2020-12-04 10:33:11.956,10:33:11,56.55009166666666,26.53024368888889
2515,462793.958,cam1-003-000540-0,7481022.842179107,321851.1571234105,500.85150146484375,RoanCamp,2020-12-04,2020-12-04 10:33:13.958,10:33:13,56.54592083333337,26.53128917777777
2516,462796.494,cam1-003-000541-0,7481025.134767789,321871.0799292661,500.8418884277344,RoanCamp,2020-12-04,2020-12-04 10:33:16.494,10:33:16,56.54063749999999,26.532613533333336
2517,462797.962,cam1-003-000542-0,7481026.642333603,321882.93213114,500.8174133300781,RoanCamp,2020-12-04,2020-12-04 10:33:17.962,10:33:17,56.537579166666674,26.533380155555555
2518,462799.964,cam1-003-000543-0,7481028.537225225,321898.5773248015,500.77935791015625,RoanCamp,2020-12-04,2020-12-04 10:33:19.964,10:33:19,56.533408333333384,26.534425644444433
2519,462801.966,cam1-003-000544-0,7481030.349569872,321914.300536087,500.7591247558594,RoanCamp,2020-12-04,2020-12-04 10:33:21.966,10:33:21,56.52923749999997,26.535471133333342
2520,462804.636,cam1-003-000545-0,7481032.7333258,321935.73918853974,500.7758483886719,RoanCamp,2020-12-04,2020-12-04 10:33:24.636,10:33:24,56.523675000000004,26.536865466666665
2521,462805.97,cam1-003-000546-0,7481034.027770969,321946.5114401439,500.7772521972656,RoanCamp,2020-12-04,2020-12-04 10:33:25.970,10:33:25,56.5208958333334,26.537562111111097
2522,462807.972,cam1-003-000547-0,7481035.866812958,321962.310490083,500.7496643066406,RoanCamp,2020-12-04,2020-12-04 10:33:27.972,10:33:27,56.51672499999999,26.538607600000006
2523,462809.974,cam1-003-000548-0,7481037.675388877,321978.0084535226,500.77252197265625,RoanCamp,2020-12-04,2020-12-04 10:33:29.974,10:33:29,56.512554166666696,26.539653088888883
2524,462811.976,cam1-003-000549-0,7481039.645325977,321993.6874834821,500.7512512207031,RoanCamp,2020-12-04,2020-12-04 10:33:31.976,10:33:31,56.508383333333285,26.54069857777779
2525,462814.379,cam1-003-000550-0,7481041.872994641,322013.11504171207,500.7812194824219,RoanCamp,2020-12-04,2020-12-04 10:33:34.379,10:33:34,56.503377083333305,26.541953477777785
2526,462815.98,cam1-003-000551-0,7481043.407800644,322025.85613645986,500.8858947753906,RoanCamp,2020-12-04,2020-12-04 10:33:35.980,10:33:35,56.50004166666671,26.542789555555547
2527,462817.982,cam1-003-000552-0,7481045.446566001,322041.86980202957,501.0303955078125,RoanCamp,2020-12-04,2020-12-04 10:33:37.982,10:33:37,56.4958708333333,26.543835044444453
2528,462819.984,cam1-003-000553-0,7481047.324827289,322057.90586974646,501.140869140625,RoanCamp,2020-12-04,2020-12-04 10:33:39.984,10:33:39,56.49170000000001,26.54488053333333
2529,462822.653,cam1-003-000554-0,7481049.867880055,322079.3497914568,501.19818115234375,RoanCamp,2020-12-04,2020-12-04 10:33:42.653,10:33:42,56.486139583333355,26.54627434444444
2530,462823.988,cam1-003-000555-0,7481051.097674811,322090.1232676974,501.2074279785156,RoanCamp,2020-12-04,2020-12-04 10:33:43.988,10:33:43,56.483358333333314,26.546971511111117
2531,462825.99,cam1-003-000556-0,7481052.836090408,322105.85071741196,501.1673583984375,RoanCamp,2020-12-04,2020-12-04 10:33:45.990,10:33:45,56.47918750000002,26.548016999999994
2532,462827.992,cam1-003-000557-0,7481054.591723401,322121.5062261103,501.201416015625,RoanCamp,2020-12-04,2020-12-04 10:33:47.992,10:33:47,56.47501666666661,26.549062488888904
2533,462829.994,cam1-003-000558-0,7481056.394462062,322137.2063919703,501.12982177734375,RoanCamp,2020-12-04,2020-12-04 10:33:49.994,10:33:49,56.47084583333332,26.55010797777778
2534,462832.396,cam1-003-000559-0,7481058.620920053,322156.54203628015,501.1255798339844,RoanCamp,2020-12-04,2020-12-04 10:33:52.396,10:33:52,56.465841666666655,26.55136235555556
2535,462833.998,cam1-003-000560-0,7481060.0124773625,322169.0101426005,501.1570739746094,RoanCamp,2020-12-04,2020-12-04 10:33:53.998,10:33:53,56.462504166666626,26.552198955555568
2536,462836.0,cam1-003-000561-0,7481061.764734419,322184.7730234602,501.26898193359375,RoanCamp,2020-12-04,2020-12-04 10:33:56.000,10:33:56,56.458333333333336,26.553244444444445
2537,462838.002,cam1-003-000562-0,7481063.551212378,322200.53018866014,501.3945007324219,RoanCamp,2020-12-04,2020-12-04 10:33:58.002,10:33:58,56.454162500000045,26.554289933333322
2538,462840.671,cam1-003-000563-0,7481066.20659482,322221.73989906855,501.5511169433594,RoanCamp,2020-12-04,2020-12-04 10:34:00.671,10:34:00,56.44860208333339,26.55568374444443
2539,462842.006,cam1-003-000564-0,7481067.567849936,322232.56520709756,501.5657653808594,RoanCamp,2020-12-04,2020-12-04 10:34:02.006,10:34:02,56.44582083333335,26.55638091111111
2540,462844.008,cam1-003-000565-0,7481069.543701327,322248.60506502574,501.63397216796875,RoanCamp,2020-12-04,2020-12-04 10:34:04.008,10:34:04,56.44165000000006,26.557426399999986
2541,462846.01,cam1-003-000566-0,7481071.352416465,322264.77495558315,501.537841796875,RoanCamp,2020-12-04,2020-12-04 10:34:06.010,10:34:06,56.43747916666665,26.558471888888892
2542,462848.012,cam1-003-000567-0,7481073.019945427,322280.6682004687,501.4112854003906,RoanCamp,2020-12-04,2020-12-04 10:34:08.012,10:34:08,56.43330833333336,26.559517377777773
2543,462850.414,cam1-003-000568-0,7481075.339210694,322300.1516013006,501.40496826171875,RoanCamp,2020-12-04,2020-12-04 10:34:10.414,10:34:10,56.42830416666669,26.56077175555555
2544,462852.016,cam1-003-000569-0,7481076.839138057,322312.78370184364,501.3244934082031,RoanCamp,2020-12-04,2020-12-04 10:34:12.016,10:34:12,56.42496666666666,26.561608355555556
2545,462854.018,cam1-003-000570-0,7481078.44849638,322328.54460891284,501.21881103515625,RoanCamp,2020-12-04,2020-12-04 10:34:14.018,10:34:14,56.42079583333337,26.562653844444434
2546,462856.02,cam1-003-000571-0,7481080.407651497,322344.26934478746,501.2200012207031,RoanCamp,2020-12-04,2020-12-04 10:34:16.020,10:34:16,56.41662499999997,26.563699333333343
2547,462858.689,cam1-003-000572-0,7481082.989317646,322366.01306548686,501.21234130859375,RoanCamp,2020-12-04,2020-12-04 10:34:18.689,10:34:18,56.41106458333331,26.56509314444445
2548,462860.024,cam1-003-000573-0,7481084.182068884,322376.96173159115,501.14837646484375,RoanCamp,2020-12-04,2020-12-04 10:34:20.024,10:34:20,56.40828333333339,26.565790311111098
2549,462862.026,cam1-003-000574-0,7481085.952846076,322392.8814565289,501.15887451171875,RoanCamp,2020-12-04,2020-12-04 10:34:22.026,10:34:22,56.404112499999975,26.566835800000007
2550,462864.028,cam1-003-000575-0,7481087.696211142,322408.8247196007,501.3374938964844,RoanCamp,2020-12-04,2020-12-04 10:34:24.028,10:34:24,56.39994166666669,26.567881288888884
2551,462866.564,cam1-003-000576-0,7481089.903076685,322429.1328022661,501.4383544921875,RoanCamp,2020-12-04,2020-12-04 10:34:26.564,10:34:26,56.39465833333331,26.56920564444445
2552,462868.032,cam1-003-000577-0,7481091.325463946,322441.04864980816,501.5137939453125,RoanCamp,2020-12-04,2020-12-04 10:34:28.032,10:34:28,56.39159999999999,26.56997226666667
2553,462870.034,cam1-003-000578-0,7481093.154339796,322456.84433704225,501.5133361816406,RoanCamp,2020-12-04,2020-12-04 10:34:30.034,10:34:30,56.3874291666667,26.57101775555555
2554,462872.036,cam1-003-000579-0,7481094.941486562,322471.6299225955,501.6957092285156,RoanCamp,2020-12-04,2020-12-04 10:34:32.036,10:34:32,56.38325833333329,26.572063244444458
2555,462874.038,cam1-003-000580-0,7481095.827318003,322479.11249890237,501.62530517578125,RoanCamp,2020-12-04,2020-12-04 10:34:34.038,10:34:34,56.379087500000004,26.573108733333335
2556,462876.44,cam1-003-000581-0,7481099.215900371,322477.9290452512,500.7999572753906,RoanCamp,2020-12-04,2020-12-04 10:34:36.440,10:34:36,56.37408333333333,26.57436311111111
2557,462878.042,cam1-003-000582-0,7481108.576277228,322477.2374812055,500.2253723144531,RoanCamp,2020-12-04,2020-12-04 10:34:38.042,10:34:38,56.3707458333333,26.575199711111118
2558,462880.044,cam1-003-000583-0,7481126.025878511,322476.0619057104,500.1963806152344,RoanCamp,2020-12-04,2020-12-04 10:34:40.044,10:34:40,56.36657500000001,26.576245199999995
2559,462882.046,cam1-003-000584-0,7481143.092041526,322474.9820075235,500.32806396484375,RoanCamp,2020-12-04,2020-12-04 10:34:42.046,10:34:42,56.36240416666673,26.577290688888876
2560,462884.048,cam1-003-000585-0,7481159.422516361,322473.60050986474,500.42706298828125,RoanCamp,2020-12-04,2020-12-04 10:34:44.048,10:34:44,56.35823333333332,26.578336177777782
2561,462886.584,cam1-003-000586-0,7481180.109451758,322471.4497373585,500.5555419921875,RoanCamp,2020-12-04,2020-12-04 10:34:46.584,10:34:46,56.35295000000006,26.579660533333318
2562,462888.052,cam1-003-000587-0,7481192.362259349,322470.07214430696,500.6559143066406,RoanCamp,2020-12-04,2020-12-04 10:34:48.052,10:34:48,56.349891666666615,26.58042715555557
2563,462890.054,cam1-003-000588-0,7481205.343421838,322463.4834367294,500.9738464355469,RoanCamp,2020-12-04,2020-12-04 10:34:50.054,10:34:50,56.34572083333333,26.581472644444446
2564,462893.524,cam1-003-000589-0,7481206.279207263,322458.47420481825,500.42572021484375,RoanCamp,2020-12-04,2020-12-04 10:34:53.524,10:34:53,56.33849166666672,26.583284755555542
2565,462894.058,cam1-003-000590-0,7481205.968250455,322456.8364965569,500.2654113769531,RoanCamp,2020-12-04,2020-12-04 10:34:54.058,10:34:54,56.33737916666663,26.583563622222233
2566,462896.06,cam1-003-000591-0,7481204.684081145,322444.36127120693,499.61749267578125,RoanCamp,2020-12-04,2020-12-04 10:34:56.060,10:34:56,56.33320833333334,26.58460911111111
2567,462898.062,cam1-003-000592-0,7481202.783940286,322426.6350627897,499.63177490234375,RoanCamp,2020-12-04,2020-12-04 10:34:58.062,10:34:58,56.329037500000055,26.585654599999987
2568,462900.064,cam1-003-000593-0,7481201.475212786,322409.5229286895,499.88818359375,RoanCamp,2020-12-04,2020-12-04 10:35:00.064,10:35:00,56.324866666666644,26.586700088888897
2569,462902.066,cam1-003-000594-0,7481199.893013732,322392.4566651487,499.9844055175781,RoanCamp,2020-12-04,2020-12-04 10:35:02.066,10:35:02,56.32069583333335,26.587745577777774
2570,462904.602,cam1-003-000595-0,7481197.483414315,322372.34581294947,500.1033020019531,RoanCamp,2020-12-04,2020-12-04 10:35:04.602,10:35:04,56.31541249999997,26.58906993333334
2571,462906.07,cam1-003-000596-0,7481196.139650382,322360.1666334778,500.1452941894531,RoanCamp,2020-12-04,2020-12-04 10:35:06.070,10:35:06,56.31235416666665,26.58983655555556
2572,462907.938,cam1-003-000597-0,7481194.246947905,322345.59949602344,500.1322937011719,RoanCamp,2020-12-04,2020-12-04 10:35:07.938,10:35:07,56.308462499999955,26.59081206666668
2573,462910.074,cam1-003-000598-0,7481191.992197078,322328.50039107737,500.0346374511719,RoanCamp,2020-12-04,2020-12-04 10:35:10.074,10:35:10,56.304012499999956,26.591927533333344
2574,462911.942,cam1-003-000599-0,7481190.140277965,322313.39830510743,499.99420166015625,RoanCamp,2020-12-04,2020-12-04 10:35:11.942,10:35:11,56.300120833333374,26.592903044444434
2575,462914.478,cam1-003-000600-0,7481187.9108492015,322293.35106253787,499.983642578125,RoanCamp,2020-12-04,2020-12-04 10:35:14.478,10:35:14,56.2948375,26.5942274
2576,462915.946,cam1-003-000601-0,7481186.55294592,322281.9683425063,499.9820251464844,RoanCamp,2020-12-04,2020-12-04 10:35:15.946,10:35:15,56.29177916666668,26.59499402222222
2577,462917.948,cam1-003-000602-0,7481184.495079039,322265.5381928468,499.9294738769531,RoanCamp,2020-12-04,2020-12-04 10:35:17.948,10:35:17,56.28760833333339,26.596039511111098
2578,462919.95,cam1-003-000603-0,7481182.556195914,322249.79372184724,499.8743591308594,RoanCamp,2020-12-04,2020-12-04 10:35:19.950,10:35:19,56.28343749999998,26.597085000000007
2579,462922.619,cam1-003-000604-0,7481180.123073982,322229.0442338242,499.9043273925781,RoanCamp,2020-12-04,2020-12-04 10:35:22.619,10:35:22,56.27787708333332,26.598478811111114
2580,462923.954,cam1-003-000605-0,7481178.987262959,322218.2486404375,499.8889465332031,RoanCamp,2020-12-04,2020-12-04 10:35:23.954,10:35:23,56.27509583333328,26.59917597777779
2581,462925.956,cam1-003-000606-0,7481177.357324496,322202.4740894056,500.0088806152344,RoanCamp,2020-12-04,2020-12-04 10:35:25.956,10:35:25,56.27092499999999,26.60022146666667
2582,462927.958,cam1-003-000607-0,7481175.379058989,322185.90882321144,500.0990295410156,RoanCamp,2020-12-04,2020-12-04 10:35:27.958,10:35:27,56.2667541666667,26.60126695555555
2583,462929.96,cam1-003-000608-0,7481173.411121468,322169.9978203571,500.19512939453125,RoanCamp,2020-12-04,2020-12-04 10:35:29.960,10:35:29,56.262583333333296,26.602312444444454
2584,462932.496,cam1-003-000609-0,7481170.871256007,322150.0888840266,500.2021179199219,RoanCamp,2020-12-04,2020-12-04 10:35:32.496,10:35:32,56.257300000000036,26.603636799999993
2585,462933.964,cam1-003-000610-0,7481169.70804568,322138.8619734079,500.2232666015625,RoanCamp,2020-12-04,2020-12-04 10:35:33.964,10:35:33,56.254241666666715,26.604403422222212
2586,462935.966,cam1-003-000611-0,7481167.803075081,322122.5704537328,500.2799377441406,RoanCamp,2020-12-04,2020-12-04 10:35:35.966,10:35:35,56.250070833333304,26.605448911111118
2587,462937.968,cam1-003-000612-0,7481165.874789273,322106.9614459656,500.2798156738281,RoanCamp,2020-12-04,2020-12-04 10:35:37.968,10:35:37,56.24590000000002,26.606494399999995
2588,462940.637,cam1-003-000613-0,7481163.70003771,322086.2458264937,500.41619873046875,RoanCamp,2020-12-04,2020-12-04 10:35:40.637,10:35:40,56.24033958333336,26.607888211111106
2589,462941.972,cam1-003-000614-0,7481162.437211728,322075.3489811981,500.5178527832031,RoanCamp,2020-12-04,2020-12-04 10:35:41.972,10:35:41,56.23755833333332,26.608585377777782
2590,462943.974,cam1-003-000615-0,7481160.556652316,322058.77603700745,500.5252990722656,RoanCamp,2020-12-04,2020-12-04 10:35:43.974,10:35:43,56.23338750000003,26.60963086666666
2591,462945.976,cam1-003-000616-0,7481158.736346822,322043.051631843,500.48248291015625,RoanCamp,2020-12-04,2020-12-04 10:35:45.976,10:35:45,56.229216666666616,26.61067635555557
2592,462948.645,cam1-003-000617-0,7481156.367747093,322022.2782440203,500.29998779296875,RoanCamp,2020-12-04,2020-12-04 10:35:48.645,10:35:48,56.22365624999996,26.612070166666676
2593,462949.98,cam1-003-000618-0,7481155.065559638,322011.4214761928,500.17340087890625,RoanCamp,2020-12-04,2020-12-04 10:35:49.980,10:35:49,56.22087500000004,26.612767333333323
2594,462951.982,cam1-003-000619-0,7481153.087254513,321995.4531473905,500.0843505859375,RoanCamp,2020-12-04,2020-12-04 10:35:51.982,10:35:51,56.21670416666663,26.613812822222233
2595,462953.984,cam1-003-000620-0,7481151.331579663,321978.9324333754,500.0677185058594,RoanCamp,2020-12-04,2020-12-04 10:35:53.984,10:35:53,56.21253333333334,26.61485831111111
2596,462955.986,cam1-003-000621-0,7481149.632358324,321963.1465773289,500.00616455078125,RoanCamp,2020-12-04,2020-12-04 10:35:55.986,10:35:55,56.20836250000006,26.615903799999987
2597,462958.388,cam1-003-000622-0,7481147.14761379,321944.35893523734,499.97930908203125,RoanCamp,2020-12-04,2020-12-04 10:35:58.388,10:35:58,56.203358333333384,26.617158177777767
2598,462959.99,cam1-003-000623-0,7481145.707378427,321931.8416026576,499.9881896972656,RoanCamp,2020-12-04,2020-12-04 10:35:59.990,10:35:59,56.200020833333355,26.617994777777774
2599,462961.992,cam1-003-000624-0,7481143.988834033,321915.77766882826,499.9933166503906,RoanCamp,2020-12-04,2020-12-04 10:36:01.992,10:36:01,56.19584999999994,26.61904026666668
2600,462963.994,cam1-003-000625-0,7481142.304739942,321900.2229311118,500.1159973144531,RoanCamp,2020-12-04,2020-12-04 10:36:03.994,10:36:03,56.19167916666666,26.620085755555557
2601,462966.663,cam1-003-000626-0,7481139.874676639,321879.49056509655,500.0516052246094,RoanCamp,2020-12-04,2020-12-04 10:36:06.663,10:36:06,56.186118750000006,26.621479566666668
2602,462967.998,cam1-003-000627-0,7481138.706568634,321868.83602002426,499.99755859375,RoanCamp,2020-12-04,2020-12-04 10:36:07.998,10:36:07,56.18333749999996,26.622176733333344
2603,462970.0,cam1-003-000628-0,7481136.703469045,321853.2412473394,500.12298583984375,RoanCamp,2020-12-04,2020-12-04 10:36:10.000,10:36:10,56.17916666666667,26.62322222222222
2604,462972.002,cam1-003-000629-0,7481134.68906499,321836.82810869935,500.2297668457031,RoanCamp,2020-12-04,2020-12-04 10:36:12.002,10:36:12,56.174995833333384,26.6242677111111
2605,462974.004,cam1-003-000630-0,7481132.983940054,321821.00251964736,500.3634033203125,RoanCamp,2020-12-04,2020-12-04 10:36:14.004,10:36:14,56.17082499999997,26.625313200000008
2606,462976.406,cam1-003-000631-0,7481130.95263288,321801.8583038277,500.3924865722656,RoanCamp,2020-12-04,2020-12-04 10:36:16.406,10:36:16,56.1658208333333,26.626567577777788
2607,462978.008,cam1-003-000632-0,7481129.529451213,321789.15643145243,500.32275390625,RoanCamp,2020-12-04,2020-12-04 10:36:18.008,10:36:18,56.16248333333339,26.627404177777763
2608,462980.01,cam1-003-000633-0,7481127.592303022,321772.75018240075,500.324951171875,RoanCamp,2020-12-04,2020-12-04 10:36:20.010,10:36:20,56.15831249999998,26.628449666666672
2609,462982.012,cam1-003-000634-0,7481125.750850437,321756.99656839285,500.3122253417969,RoanCamp,2020-12-04,2020-12-04 10:36:22.012,10:36:22,56.154141666666696,26.62949515555555
2610,462984.548,cam1-003-000635-0,7481123.496955763,321736.7472020538,500.2584533691406,RoanCamp,2020-12-04,2020-12-04 10:36:24.548,10:36:24,56.148858333333315,26.630819511111117
2611,462986.016,cam1-003-000636-0,7481122.331015946,321725.1735767188,500.2500305175781,RoanCamp,2020-12-04,2020-12-04 10:36:26.016,10:36:26,56.145799999999994,26.631586133333336
2612,462988.018,cam1-003-000637-0,7481120.515962637,321709.2552096445,500.23822021484375,RoanCamp,2020-12-04,2020-12-04 10:36:28.018,10:36:28,56.141629166666704,26.632631622222213
2613,462990.02,cam1-003-000638-0,7481118.767157993,321692.9340892087,500.26055908203125,RoanCamp,2020-12-04,2020-12-04 10:36:30.020,10:36:30,56.1374583333333,26.63367711111112
2614,462992.689,cam1-003-000639-0,7481116.1141770845,321672.2137923405,500.1451110839844,RoanCamp,2020-12-04,2020-12-04 10:36:32.689,10:36:32,56.131897916666645,26.63507092222223
2615,462994.024,cam1-003-000640-0,7481114.543673173,321661.5482350847,500.13665771484375,RoanCamp,2020-12-04,2020-12-04 10:36:34.024,10:36:34,56.12911666666672,26.635768088888877
2616,462996.026,cam1-003-000641-0,7481112.86390309,321645.76986968785,500.1642761230469,RoanCamp,2020-12-04,2020-12-04 10:36:36.026,10:36:36,56.124945833333314,26.636813577777783
2617,462998.028,cam1-003-000642-0,7481111.244315831,321629.2743535129,500.2193603515625,RoanCamp,2020-12-04,2020-12-04 10:36:38.028,10:36:38,56.12077500000002,26.637859066666664
2618,463000.03,cam1-003-000643-0,7481109.398197481,321613.63747746195,500.2954406738281,RoanCamp,2020-12-04,2020-12-04 10:36:40.030,10:36:40,56.11660416666661,26.63890455555557
2619,463002.432,cam1-003-000644-0,7481106.895011209,321594.70705002174,500.285888671875,RoanCamp,2020-12-04,2020-12-04 10:36:42.432,10:36:42,56.11160000000006,26.640158933333318
2620,463004.034,cam1-003-000645-0,7481105.474713647,321581.9165792447,500.3384094238281,RoanCamp,2020-12-04,2020-12-04 10:36:44.034,10:36:44,56.10826250000004,26.640995533333324
2621,463006.036,cam1-003-000646-0,7481103.795297757,321565.9037769261,500.41583251953125,RoanCamp,2020-12-04,2020-12-04 10:36:46.036,10:36:46,56.104091666666626,26.642041022222234
2622,463008.038,cam1-003-000647-0,7481101.946195237,321549.3965130825,500.44769287109375,RoanCamp,2020-12-04,2020-12-04 10:36:48.038,10:36:48,56.099920833333336,26.64308651111111
2623,463010.573,cam1-003-000648-0,7481099.389529539,321529.32237301755,500.2689208984375,RoanCamp,2020-12-04,2020-12-04 10:36:50.573,10:36:50,56.09463958333339,26.64441034444443
2624,463012.042,cam1-003-000649-0,7481098.125619633,321518.0526274074,500.3462219238281,RoanCamp,2020-12-04,2020-12-04 10:36:52.042,10:36:52,56.091579166666634,26.645177488888898
2625,463014.044,cam1-003-000650-0,7481096.356646551,321502.38737373974,500.46173095703125,RoanCamp,2020-12-04,2020-12-04 10:36:54.044,10:36:54,56.08740833333335,26.646222977777775
2626,463016.046,cam1-003-000651-0,7481094.393050001,321486.1507244896,500.5101318359375,RoanCamp,2020-12-04,2020-12-04 10:36:56.046,10:36:56,56.08323750000006,26.647268466666652
2627,463018.581,cam1-003-000652-0,7481091.842573661,321465.91137520166,500.58001708984375,RoanCamp,2020-12-04,2020-12-04 10:36:58.581,10:36:58,56.07795624999999,26.648592300000004
2628,463020.05,cam1-003-000653-0,7481090.249607768,321454.4059968194,500.60400390625,RoanCamp,2020-12-04,2020-12-04 10:37:00.050,10:37:00,56.07489583333336,26.64935944444444
2629,463022.052,cam1-003-000654-0,7481088.461536793,321438.6007136719,500.62579345703125,RoanCamp,2020-12-04,2020-12-04 10:37:02.052,10:37:02,56.07072499999995,26.65040493333335
2630,463024.054,cam1-003-000655-0,7481086.743600873,321422.12926905474,500.6361999511719,RoanCamp,2020-12-04,2020-12-04 10:37:04.054,10:37:04,56.06655416666666,26.651450422222226
2631,463026.055,cam1-003-000656-0,7481084.910089901,321406.2333463025,500.6058654785156,RoanCamp,2020-12-04,2020-12-04 10:37:06.055,10:37:06,56.062385416666686,26.652495388888884
2632,463028.458,cam1-003-000657-0,7481082.578209637,321387.24317599693,500.2920837402344,RoanCamp,2020-12-04,2020-12-04 10:37:08.458,10:37:08,56.057379166666706,26.65375028888888
2633,463030.059,cam1-003-000658-0,7481080.9979663,321374.6319236702,500.2122802734375,RoanCamp,2020-12-04,2020-12-04 10:37:10.059,10:37:10,56.054043749999984,26.65458636666667
2634,463032.061,cam1-003-000659-0,7481079.236988096,321358.93234827835,500.2921447753906,RoanCamp,2020-12-04,2020-12-04 10:37:12.061,10:37:12,56.0498729166667,26.655631855555548
2635,463034.063,cam1-003-000660-0,7481077.508326806,321342.6261061402,500.3460998535156,RoanCamp,2020-12-04,2020-12-04 10:37:14.063,10:37:14,56.04570208333329,26.656677344444457
2636,463036.599,cam1-003-000661-0,7481075.177061701,321322.656628111,500.275634765625,RoanCamp,2020-12-04,2020-12-04 10:37:16.599,10:37:16,56.04041875000003,26.658001699999993
2637,463038.067,cam1-003-000662-0,7481073.89205704,321311.4202796065,500.2914123535156,RoanCamp,2020-12-04,2020-12-04 10:37:18.067,10:37:18,56.03736041666671,26.658768322222212
2638,463040.069,cam1-003-000663-0,7481072.102669461,321295.8850915156,500.33941650390625,RoanCamp,2020-12-04,2020-12-04 10:37:20.069,10:37:20,56.0331895833333,26.65981381111112
2639,463042.071,cam1-003-000664-0,7481070.191819478,321279.6093414276,500.40325927734375,RoanCamp,2020-12-04,2020-12-04 10:37:22.071,10:37:22,56.02901875000001,26.6608593
2640,463044.073,cam1-003-000665-0,7481068.529385509,321263.79224840924,500.4801940917969,RoanCamp,2020-12-04,2020-12-04 10:37:24.073,10:37:24,56.02484791666672,26.661904788888876
2641,463046.476,cam1-003-000666-0,7481066.488468932,321244.7726482247,500.58880615234375,RoanCamp,2020-12-04,2020-12-04 10:37:26.476,10:37:26,56.01984166666662,26.6631596888889
2642,463047.944,cam1-003-000667-0,7481065.1533769835,321233.3269415884,500.646728515625,RoanCamp,2020-12-04,2020-12-04 10:37:27.944,10:37:27,56.0167833333333,26.66392631111112
2643,463050.079,cam1-003-000668-0,7481063.203746051,321216.13078941754,500.64068603515625,RoanCamp,2020-12-04,2020-12-04 10:37:30.079,10:37:30,56.012335416666616,26.66504125555557
2644,463051.948,cam1-003-000669-0,7481061.512137901,321200.8952970216,500.62689208984375,RoanCamp,2020-12-04,2020-12-04 10:37:31.948,10:37:31,56.00844166666672,26.666017288888877
2645,463054.617,cam1-003-000670-0,7481059.029044284,321179.3765609046,500.64923095703125,RoanCamp,2020-12-04,2020-12-04 10:37:34.617,10:37:34,56.002881249999945,26.667411100000013
2646,463055.952,cam1-003-000671-0,7481057.83648011,321169.26251669135,500.6631774902344,RoanCamp,2020-12-04,2020-12-04 10:37:35.952,10:37:35,56.000100000000025,26.66810826666666
2647,463057.954,cam1-003-000672-0,7481055.970119409,321152.872752831,500.61395263671875,RoanCamp,2020-12-04,2020-12-04 10:37:37.954,10:37:37,55.99592916666661,26.66915375555557
2648,463059.956,cam1-003-000673-0,7481054.109539409,321137.14205943083,500.6352844238281,RoanCamp,2020-12-04,2020-12-04 10:37:39.956,10:37:39,55.99175833333332,26.670199244444447
2649,463061.958,cam1-003-000674-0,7481052.27869914,321121.4212976117,500.6768798828125,RoanCamp,2020-12-04,2020-12-04 10:37:41.958,10:37:41,55.98758750000003,26.671244733333324
2650,463064.494,cam1-003-000675-0,7481049.79285917,321101.1821347787,500.7276916503906,RoanCamp,2020-12-04,2020-12-04 10:37:44.494,10:37:44,55.98230416666666,26.672569088888892
2651,463065.962,cam1-003-000676-0,7481048.251443322,321089.0292781701,500.7364807128906,RoanCamp,2020-12-04,2020-12-04 10:37:45.962,10:37:45,55.97924583333334,26.67333571111111
2652,463067.964,cam1-003-000677-0,7481046.324700783,321073.0549333322,500.746826171875,RoanCamp,2020-12-04,2020-12-04 10:37:47.964,10:37:47,55.97507500000005,26.67438119999999
2653,463069.966,cam1-003-000678-0,7481044.534032222,321057.1220029078,500.7350769042969,RoanCamp,2020-12-04,2020-12-04 10:37:49.966,10:37:49,55.97090416666664,26.675426688888898
2654,463072.635,cam1-003-000679-0,7481042.062528299,321035.45576349867,500.6820068359375,RoanCamp,2020-12-04,2020-12-04 10:37:52.635,10:37:52,55.96534374999998,26.676820500000005
2655,463073.97,cam1-003-000680-0,7481040.916033234,321025.2686673275,500.6324157714844,RoanCamp,2020-12-04,2020-12-04 10:37:53.970,10:37:53,55.96256250000006,26.677517666666652
2656,463075.972,cam1-003-000681-0,7481039.053183116,321008.85767236934,500.6413879394531,RoanCamp,2020-12-04,2020-12-04 10:37:55.972,10:37:55,55.95839166666665,26.678563155555562
2657,463077.974,cam1-003-000682-0,7481037.23620696,320993.17877922533,500.63897705078125,RoanCamp,2020-12-04,2020-12-04 10:37:57.974,10:37:57,55.954220833333366,26.67960864444444
2658,463079.976,cam1-003-000683-0,7481035.416028407,320977.44250930427,500.6423034667969,RoanCamp,2020-12-04,2020-12-04 10:37:59.976,10:37:59,55.950049999999955,26.680654133333345
2659,463082.512,cam1-003-000684-0,7481033.132951805,320957.38588198094,500.6651916503906,RoanCamp,2020-12-04,2020-12-04 10:38:02.512,10:38:02,55.944766666666695,26.681978488888884
2660,463083.98,cam1-003-000685-0,7481031.626423229,320945.38016047305,500.60406494140625,RoanCamp,2020-12-04,2020-12-04 10:38:03.980,10:38:03,55.941708333333374,26.682745111111103
2661,463085.982,cam1-003-000686-0,7481029.754791489,320929.59523318347,500.5784606933594,RoanCamp,2020-12-04,2020-12-04 10:38:05.982,10:38:05,55.93753749999996,26.68379060000001
2662,463087.984,cam1-003-000687-0,7481028.010682743,320913.768949727,500.6385803222656,RoanCamp,2020-12-04,2020-12-04 10:38:07.984,10:38:07,55.93336666666668,26.684836088888886
2663,463090.653,cam1-003-000688-0,7481025.626377947,320892.2623596404,500.6707763671875,RoanCamp,2020-12-04,2020-12-04 10:38:10.653,10:38:10,55.92780625000002,26.686229899999997
2664,463091.988,cam1-003-000689-0,7481024.421177605,320882.1332334803,500.64794921875,RoanCamp,2020-12-04,2020-12-04 10:38:11.988,10:38:11,55.92502499999998,26.686927066666673
2665,463093.99,cam1-003-000690-0,7481022.549063097,320865.6858839748,500.6915588378906,RoanCamp,2020-12-04,2020-12-04 10:38:13.990,10:38:13,55.920854166666686,26.68797255555555
2666,463095.992,cam1-003-000691-0,7481020.716368696,320849.89844650007,500.7384033203125,RoanCamp,2020-12-04,2020-12-04 10:38:15.992,10:38:15,55.91668333333328,26.68901804444446
2667,463097.994,cam1-003-000692-0,7481018.816586956,320834.1455385706,500.7416076660156,RoanCamp,2020-12-04,2020-12-04 10:38:17.994,10:38:17,55.91251249999999,26.690063533333337
2668,463100.396,cam1-003-000693-0,7481016.851039661,320815.4535275388,500.6398010253906,RoanCamp,2020-12-04,2020-12-04 10:38:20.396,10:38:20,55.90750833333332,26.691317911111117
2669,463101.998,cam1-003-000694-0,7481015.372579296,320802.32060084835,500.62652587890625,RoanCamp,2020-12-04,2020-12-04 10:38:21.998,10:38:21,55.90417083333329,26.692154511111124
2670,463104.0,cam1-003-000695-0,7481013.4969911,320786.65606191783,500.5929870605469,RoanCamp,2020-12-04,2020-12-04 10:38:24.000,10:38:24,55.900000000000006,26.6932
2671,463106.002,cam1-003-000696-0,7481011.559586368,320770.8025751951,500.43145751953125,RoanCamp,2020-12-04,2020-12-04 10:38:26.002,10:38:26,55.895829166666715,26.69424548888888
2672,463108.671,cam1-003-000697-0,7481009.277608934,320749.4600668652,500.4189758300781,RoanCamp,2020-12-04,2020-12-04 10:38:28.671,10:38:28,55.89026875000006,26.695639299999986
2673,463110.006,cam1-003-000698-0,7481008.147512387,320739.2831883899,500.4407653808594,RoanCamp,2020-12-04,2020-12-04 10:38:30.006,10:38:30,55.88748750000001,26.696336466666665
2674,463112.008,cam1-003-000699-0,7481006.268823612,320722.7388737703,500.427490234375,RoanCamp,2020-12-04,2020-12-04 10:38:32.008,10:38:32,55.88331666666673,26.697381955555542
2675,463114.01,cam1-003-000700-0,7481004.426857179,320706.82579737453,500.3711853027344,RoanCamp,2020-12-04,2020-12-04 10:38:34.010,10:38:34,55.87914583333332,26.698427444444448
2676,463116.679,cam1-003-000701-0,7481001.906907901,320685.24862106406,500.2962341308594,RoanCamp,2020-12-04,2020-12-04 10:38:36.679,10:38:36,55.873585416666664,26.69982125555556
2677,463118.014,cam1-003-000702-0,7481000.764266467,320675.05563071615,500.27325439453125,RoanCamp,2020-12-04,2020-12-04 10:38:38.014,10:38:38,55.870804166666616,26.700518422222235
2678,463120.015,cam1-003-000703-0,7480998.792449271,320658.54915624234,500.2574768066406,RoanCamp,2020-12-04,2020-12-04 10:38:40.015,10:38:40,55.86663541666664,26.701563388888896
2679,463122.017,cam1-003-000704-0,7480996.89459222,320642.6964199727,500.27593994140625,RoanCamp,2020-12-04,2020-12-04 10:38:42.017,10:38:42,55.86246458333335,26.702608877777774
2680,463124.687,cam1-003-000705-0,7480994.5439934805,320621.917369065,500.4648132324219,RoanCamp,2020-12-04,2020-12-04 10:38:44.687,10:38:44,55.85690208333339,26.7040032111111
2681,463126.021,cam1-003-000706-0,7480993.27889893,320611.1783525078,500.516845703125,RoanCamp,2020-12-04,2020-12-04 10:38:46.021,10:38:46,55.854122916666654,26.70469985555556
2682,463128.023,cam1-003-000707-0,7480991.325994784,320594.72548803384,500.5627136230469,RoanCamp,2020-12-04,2020-12-04 10:38:48.023,10:38:48,55.84995208333336,26.705745344444438
2683,463130.025,cam1-003-000708-0,7480989.538783893,320578.8298232059,500.6417541503906,RoanCamp,2020-12-04,2020-12-04 10:38:50.025,10:38:50,55.84578124999995,26.706790833333347
2684,463132.027,cam1-003-000709-0,7480987.570996484,320562.90104095195,500.6861572265625,RoanCamp,2020-12-04,2020-12-04 10:38:52.027,10:38:52,55.84161041666667,26.707836322222224
2685,463134.43,cam1-003-000710-0,7480985.284669945,320543.73743104783,500.6944580078125,RoanCamp,2020-12-04,2020-12-04 10:38:54.430,10:38:54,55.83660416666668,26.70909122222222
2686,463136.031,cam1-003-000711-0,7480983.842067244,320530.86472022743,500.6746520996094,RoanCamp,2020-12-04,2020-12-04 10:38:56.031,10:38:56,55.83326874999997,26.70992730000001
2687,463138.033,cam1-003-000712-0,7480982.1395081505,320514.33716984343,500.6973876953125,RoanCamp,2020-12-04,2020-12-04 10:38:58.033,10:38:58,55.829097916666676,26.71097278888889
2688,463140.035,cam1-003-000713-0,7480980.494633488,320498.6790958735,500.6924133300781,RoanCamp,2020-12-04,2020-12-04 10:39:00.035,10:39:00,55.82492708333339,26.712018277777766
2689,463142.571,cam1-003-000714-0,7480978.139464164,320478.6652604452,500.6980285644531,RoanCamp,2020-12-04,2020-12-04 10:39:02.571,10:39:02,55.81964375000001,26.713342633333333
2690,463144.039,cam1-003-000715-0,7480977.540046835,320468.72415675235,500.716064453125,RoanCamp,2020-12-04,2020-12-04 10:39:04.039,10:39:04,55.81658541666669,26.71410925555555
2691,463146.041,cam1-003-000716-0,7480979.401597403,320459.0711785602,500.6349792480469,RoanCamp,2020-12-04,2020-12-04 10:39:06.041,10:39:06,55.81241458333328,26.715154744444458
2692,463150.045,cam1-003-000717-0,7480989.546177769,320459.4231474255,500.3587951660156,RoanCamp,2020-12-04,2020-12-04 10:39:10.045,10:39:10,55.804072916666705,26.717245722222213
2693,463152.047,cam1-003-000718-0,7481005.24344044,320458.8211181036,500.74017333984375,RoanCamp,2020-12-04,2020-12-04 10:39:12.047,10:39:12,55.79990208333329,26.718291211111122
2694,463154.049,cam1-003-000719-0,7481022.121998701,320459.90076012583,501.04376220703125,RoanCamp,2020-12-04,2020-12-04 10:39:14.049,10:39:14,55.79573125,26.7193367
2695,463156.051,cam1-003-000720-0,7481038.728646999,320461.2963155736,501.1482238769531,RoanCamp,2020-12-04,2020-12-04 10:39:16.051,10:39:16,55.79156041666671,26.720382188888877
2696,463158.587,cam1-003-000721-0,7481058.674104161,320462.16812005616,501.2135314941406,RoanCamp,2020-12-04,2020-12-04 10:39:18.587,10:39:18,55.78627708333334,26.721706544444444
2697,463160.055,cam1-003-000722-0,7481069.947669821,320462.6362985792,501.13916015625,RoanCamp,2020-12-04,2020-12-04 10:39:20.055,10:39:20,55.78321875000002,26.722473166666664
2698,463162.057,cam1-003-000723-0,7481085.293526616,320464.1300560172,501.3757019042969,RoanCamp,2020-12-04,2020-12-04 10:39:22.057,10:39:22,55.77904791666673,26.72351865555554
2699,463164.059,cam1-003-000724-0,7481091.065620896,320471.4712414242,501.260986328125,RoanCamp,2020-12-04,2020-12-04 10:39:24.059,10:39:24,55.77487708333332,26.72456414444445
2700,463167.663,cam1-003-000725-0,7481091.595810166,320478.8721940721,500.52325439453125,RoanCamp,2020-12-04,2020-12-04 10:39:27.663,10:39:27,55.76736875,26.726446233333334
2701,463168.063,cam1-003-000726-0,7481092.212696922,320481.2713100659,500.4853515625,RoanCamp,2020-12-04,2020-12-04 10:39:28.063,10:39:28,55.76653541666662,26.726655122222233
2702,463170.065,cam1-003-000727-0,7481095.094315152,320497.5490888688,500.4388732910156,RoanCamp,2020-12-04,2020-12-04 10:39:30.065,10:39:30,55.76236458333333,26.727700611111114
2703,463172.067,cam1-003-000728-0,7481097.082222272,320515.1238577502,500.70672607421875,RoanCamp,2020-12-04,2020-12-04 10:39:32.067,10:39:32,55.758193750000046,26.72874609999999
2704,463174.069,cam1-003-000729-0,7481098.926253168,320531.32063015754,500.9901428222656,RoanCamp,2020-12-04,2020-12-04 10:39:34.069,10:39:34,55.754022916666635,26.729791588888897
2705,463176.605,cam1-003-000730-0,7481101.395263844,320551.72034824383,501.19964599609375,RoanCamp,2020-12-04,2020-12-04 10:39:36.605,10:39:36,55.748739583333375,26.731115944444436
2706,463178.073,cam1-003-000731-0,7481102.898038434,320563.11258966645,501.2943115234375,RoanCamp,2020-12-04,2020-12-04 10:39:38.073,10:39:38,55.745681250000054,26.731882566666656
2707,463180.075,cam1-003-000732-0,7481105.027756643,320578.80555160705,501.336669921875,RoanCamp,2020-12-04,2020-12-04 10:39:40.075,10:39:40,55.74151041666664,26.73292805555556
2708,463182.077,cam1-003-000733-0,7481106.823855065,320592.74693140096,501.4495849609375,RoanCamp,2020-12-04,2020-12-04 10:39:42.077,10:39:42,55.73733958333336,26.73397354444444
2709,463184.613,cam1-003-000734-0,7481109.526582431,320615.31952776865,501.0075378417969,RoanCamp,2020-12-04,2020-12-04 10:39:44.613,10:39:44,55.73205624999998,26.735297900000006
2710,463185.948,cam1-003-000735-0,7481111.314308396,320629.4157081817,500.21795654296875,RoanCamp,2020-12-04,2020-12-04 10:39:45.948,10:39:45,55.72927500000006,26.735995066666653
2711,463187.95,cam1-003-000736-0,7481114.339554107,320652.3328652,498.2435302734375,RoanCamp,2020-12-04,2020-12-04 10:39:47.950,10:39:47,55.72510416666665,26.737040555555563
2712,463189.952,cam1-003-000737-0,7481117.747551985,320674.2073310198,496.3412780761719,RoanCamp,2020-12-04,2020-12-04 10:39:49.952,10:39:49,55.720933333333356,26.73808604444444
2713,463191.954,cam1-003-000738-0,7481121.200769903,320696.277342201,494.3359069824219,RoanCamp,2020-12-04,2020-12-04 10:39:51.954,10:39:51,55.716762499999945,26.73913153333335
2714,463194.489,cam1-003-000739-0,7481119.909706795,320726.3209357564,491.3518981933594,RoanCamp,2020-12-04,2020-12-04 10:39:54.489,10:39:54,55.71148125,26.740455366666666
2715,463195.958,cam1-003-000740-0,7481116.093503077,320744.26423344057,488.63726806640625,RoanCamp,2020-12-04,2020-12-04 10:39:55.958,10:39:55,55.70842083333337,26.741222511111104
2716,463197.96,cam1-003-000741-0,7481110.78698419,320771.9589454953,484.6318359375,RoanCamp,2020-12-04,2020-12-04 10:39:57.960,10:39:57,55.70424999999996,26.74226800000001
2717,463199.962,cam1-003-000742-0,7481107.310691563,320796.6010818735,481.7012939453125,RoanCamp,2020-12-04,2020-12-04 10:39:59.962,10:39:59,55.70007916666667,26.743313488888887
2718,463202.631,cam1-003-000743-0,7481103.66294365,320829.5387969138,477.9237976074219,RoanCamp,2020-12-04,2020-12-04 10:40:02.631,10:40:02,55.694518750000015,26.744707299999998
2719,463203.966,cam1-003-000744-0,7481102.371690489,320844.54423069267,476.4353942871094,RoanCamp,2020-12-04,2020-12-04 10:40:03.966,10:40:03,55.691737499999974,26.745404466666674
2720,463205.968,cam1-003-000745-0,7481100.126974294,320868.62200588954,473.8805236816406,RoanCamp,2020-12-04,2020-12-04 10:40:05.968,10:40:05,55.68756666666668,26.74644995555555
2721,463207.97,cam1-003-000746-0,7481097.809749993,320892.35603604006,471.5172119140625,RoanCamp,2020-12-04,2020-12-04 10:40:07.970,10:40:07,55.68339583333339,26.74749544444443
2722,463210.639,cam1-003-000747-0,7481094.681281565,320923.78902212554,468.3270263671875,RoanCamp,2020-12-04,2020-12-04 10:40:10.639,10:40:10,55.67783541666662,26.748889255555568
2723,463211.974,cam1-003-000748-0,7481093.0670369,320940.7849056728,466.57232666015625,RoanCamp,2020-12-04,2020-12-04 10:40:11.974,10:40:11,55.6750541666667,26.749586422222215
2724,463213.976,cam1-003-000749-0,7481090.7639575945,320967.277785914,464.1379699707031,RoanCamp,2020-12-04,2020-12-04 10:40:13.976,10:40:13,55.670883333333286,26.750631911111125
2725,463215.978,cam1-003-000750-0,7481088.127376172,320992.6102593488,461.7870788574219,RoanCamp,2020-12-04,2020-12-04 10:40:15.978,10:40:15,55.666712499999996,26.751677400000002
2726,463217.979,cam1-003-000751-0,7481085.245247306,321017.6078505751,459.1368408203125,RoanCamp,2020-12-04,2020-12-04 10:40:17.979,10:40:17,55.66254375000002,26.752722366666664
2727,463220.382,cam1-003-000752-0,7481082.069097528,321047.8783335382,455.95947265625,RoanCamp,2020-12-04,2020-12-04 10:40:20.382,10:40:20,55.65753750000004,26.75397726666666
2728,463221.983,cam1-003-000753-0,7481079.983632427,321068.1825561687,453.9076232910156,RoanCamp,2020-12-04,2020-12-04 10:40:21.983,10:40:21,55.65420208333332,26.75481334444445
2729,463223.985,cam1-003-000754-0,7481077.308402966,321094.76059669117,451.8682861328125,RoanCamp,2020-12-04,2020-12-04 10:40:23.985,10:40:23,55.65003125000003,26.755858833333328
2730,463225.987,cam1-003-000755-0,7481074.774618931,321120.5177641113,450.0901794433594,RoanCamp,2020-12-04,2020-12-04 10:40:25.987,10:40:25,55.64586041666662,26.756904322222233
2731,463228.657,cam1-003-000756-0,7481071.585326113,321154.51396613976,447.8731689453125,RoanCamp,2020-12-04,2020-12-04 10:40:28.657,10:40:28,55.640297916666654,26.75829865555556
2732,463229.991,cam1-003-000757-0,7481069.991059088,321171.9829384194,446.7140197753906,RoanCamp,2020-12-04,2020-12-04 10:40:29.991,10:40:29,55.63751875000004,26.758995299999988
2733,463231.993,cam1-003-000758-0,7481067.6052259095,321198.44721358194,444.84808349609375,RoanCamp,2020-12-04,2020-12-04 10:40:31.993,10:40:31,55.63334791666664,26.760040788888897
2734,463233.995,cam1-003-000759-0,7481066.607604802,321224.1051564467,443.06390380859375,RoanCamp,2020-12-04,2020-12-04 10:40:33.995,10:40:33,55.629177083333346,26.761086277777775
2735,463235.997,cam1-003-000760-0,7481065.684570188,321250.4480100043,441.3044738769531,RoanCamp,2020-12-04,2020-12-04 10:40:35.997,10:40:35,55.625006250000055,26.762131766666652
2736,463238.4,cam1-003-000761-0,7481064.346006993,321282.75515124435,439.30950927734375,RoanCamp,2020-12-04,2020-12-04 10:40:38.400,10:40:38,55.619999999999955,26.76338666666668
2737,463240.001,cam1-003-000762-0,7481063.35182234,321304.5215577645,438.0218811035156,RoanCamp,2020-12-04,2020-12-04 10:40:40.001,10:40:40,55.61666458333336,26.76422274444444
2738,463242.003,cam1-003-000763-0,7481062.41573374,321332.39969343494,436.28350830078125,RoanCamp,2020-12-04,2020-12-04 10:40:42.003,10:40:42,55.61249374999995,26.765268233333348
2739,463244.005,cam1-003-000764-0,7481061.458305683,321359.1141747513,434.1528625488281,RoanCamp,2020-12-04,2020-12-04 10:40:44.005,10:40:44,55.60832291666666,26.766313722222225
2740,463246.675,cam1-003-000765-0,7481059.95614,321395.59516735893,431.2305908203125,RoanCamp,2020-12-04,2020-12-04 10:40:46.675,10:40:46,55.6027604166667,26.76770805555555
2741,463248.009,cam1-003-000766-0,7481059.269158339,321412.59145998966,429.93719482421875,RoanCamp,2020-12-04,2020-12-04 10:40:48.009,10:40:48,55.59998124999996,26.768404700000012
2742,463250.011,cam1-003-000767-0,7481058.167155342,321440.010357179,427.842529296875,RoanCamp,2020-12-04,2020-12-04 10:40:50.011,10:40:50,55.59581041666667,26.76945018888889
2743,463252.013,cam1-003-000768-0,7481057.117207863,321466.33642588137,425.85986328125,RoanCamp,2020-12-04,2020-12-04 10:40:52.013,10:40:52,55.59163958333338,26.770495677777767
2744,463254.683,cam1-003-000769-0,7481055.718908197,321501.2634794971,423.3111877441406,RoanCamp,2020-12-04,2020-12-04 10:40:54.683,10:40:54,55.586077083333294,26.77189001111112
2745,463256.017,cam1-003-000770-0,7481054.779519043,321519.25739115616,422.0840759277344,RoanCamp,2020-12-04,2020-12-04 10:40:56.017,10:40:56,55.58329791666669,26.772586655555553
2746,463258.019,cam1-003-000771-0,7481053.018753957,321545.2955458098,420.34381103515625,RoanCamp,2020-12-04,2020-12-04 10:40:58.019,10:40:58,55.5791270833334,26.77363214444443
2747,463260.021,cam1-003-000772-0,7481051.320590338,321570.3720434395,418.42462158203125,RoanCamp,2020-12-04,2020-12-04 10:41:00.021,10:41:00,55.574956249999985,26.774677633333337
2748,463262.023,cam1-003-000773-0,7481049.689289508,321594.44024715933,415.9205322265625,RoanCamp,2020-12-04,2020-12-04 10:41:02.023,10:41:02,55.570785416666695,26.775723122222214
2749,463520.68,cam1-004-000000-0,7481056.359595686,321696.85799664224,410.5278015136719,RoanCamp,2020-12-04,2020-12-04 10:45:20.680,10:45:20,55.03191666666668,26.910799555555553
2750,463522.015,cam1-004-000001-0,7481056.68295816,321695.6108430595,413.3338623046875,RoanCamp,2020-12-04,2020-12-04 10:45:22.015,10:45:22,55.02913541666664,26.91149672222223
2751,463524.017,cam1-004-000002-0,7481057.270876941,321692.6745029629,417.5801696777344,RoanCamp,2020-12-04,2020-12-04 10:45:24.017,10:45:24,55.02496458333335,26.91254221111111
2752,463526.019,cam1-004-000003-0,7481059.17138019,321686.20459956286,422.0270080566406,RoanCamp,2020-12-04,2020-12-04 10:45:26.019,10:45:26,55.02079375000007,26.913587699999987
2753,463528.688,cam1-004-000004-0,7481062.774570808,321676.1453305301,428.32415771484375,RoanCamp,2020-12-04,2020-12-04 10:45:28.688,10:45:28,55.015233333333285,26.914981511111122
2754,463530.023,cam1-004-000005-0,7481065.206098242,321669.86125550594,431.2476501464844,RoanCamp,2020-12-04,2020-12-04 10:45:30.023,10:45:30,55.012452083333365,26.91567867777777
2755,463532.025,cam1-004-000006-0,7481069.904137771,321657.27972733986,436.01214599609375,RoanCamp,2020-12-04,2020-12-04 10:45:32.025,10:45:32,55.00828124999995,26.91672416666668
2756,463534.027,cam1-004-000007-0,7481075.246537556,321643.7115949004,440.53485107421875,RoanCamp,2020-12-04,2020-12-04 10:45:34.027,10:45:34,55.00411041666666,26.917769655555556
2757,463536.029,cam1-004-000008-0,7481082.020506488,321624.72249801114,444.7923583984375,RoanCamp,2020-12-04,2020-12-04 10:45:36.029,10:45:36,54.99993958333338,26.918815144444434
2758,463538.431,cam1-004-000009-0,7481088.472934673,321601.0914161557,450.1281433105469,RoanCamp,2020-12-04,2020-12-04 10:45:38.431,10:45:38,54.994935416666706,26.920069522222214
2759,463540.033,cam1-004-000010-0,7481092.924229202,321584.1057227475,453.89910888671875,RoanCamp,2020-12-04,2020-12-04 10:45:40.033,10:45:40,54.99159791666668,26.92090612222222
2760,463542.035,cam1-004-000011-0,7481098.303172124,321563.6327840118,458.3963317871094,RoanCamp,2020-12-04,2020-12-04 10:45:42.035,10:45:42,54.98742708333339,26.921951611111098
2761,463544.037,cam1-004-000012-0,7481102.504888176,321542.2746897766,462.9686584472656,RoanCamp,2020-12-04,2020-12-04 10:45:44.037,10:45:44,54.98325624999998,26.922997100000007
2762,463546.706,cam1-004-000013-0,7481105.357133686,321512.22724514274,469.4440612792969,RoanCamp,2020-12-04,2020-12-04 10:45:46.706,10:45:46,54.97769583333333,26.924390911111114
2763,463548.041,cam1-004-000014-0,7481106.717284471,321496.93016943964,472.7446594238281,RoanCamp,2020-12-04,2020-12-04 10:45:48.041,10:45:48,54.97491458333328,26.925088077777794
2764,463550.043,cam1-004-000015-0,7481108.902021311,321474.3883100364,477.39288330078125,RoanCamp,2020-12-04,2020-12-04 10:45:50.043,10:45:50,54.97074374999999,26.92613356666667
2765,463552.045,cam1-004-000016-0,7481111.068535944,321451.86181264627,482.0472412109375,RoanCamp,2020-12-04,2020-12-04 10:45:52.045,10:45:52,54.966572916666706,26.92717905555555
2766,463554.047,cam1-004-000017-0,7481113.299051638,321429.1224202942,486.78289794921875,RoanCamp,2020-12-04,2020-12-04 10:45:54.047,10:45:54,54.962402083333295,26.928224544444454
2767,463556.449,cam1-004-000018-0,7481115.871285374,321402.0087284094,492.4249267578125,RoanCamp,2020-12-04,2020-12-04 10:45:56.449,10:45:56,54.95739791666662,26.929478922222234
2768,463558.051,cam1-004-000019-0,7481117.616366191,321382.7992349729,496.333984375,RoanCamp,2020-12-04,2020-12-04 10:45:58.051,10:45:58,54.954060416666714,26.930315522222212
2769,463560.053,cam1-004-000020-0,7481119.769241048,321359.6796745821,500.9648742675781,RoanCamp,2020-12-04,2020-12-04 10:46:00.053,10:46:00,54.9498895833333,26.931361011111118
2770,463562.055,cam1-004-000021-0,7481122.056374643,321336.2686132766,505.7261047363281,RoanCamp,2020-12-04,2020-12-04 10:46:02.055,10:46:02,54.94571875000002,26.932406499999995
2771,463564.724,cam1-004-000022-0,7481125.30105513,321304.5359733007,512.1959228515625,RoanCamp,2020-12-04,2020-12-04 10:46:04.724,10:46:04,54.940158333333365,26.933800311111106
2772,463566.059,cam1-004-000023-0,7481127.0253661135,321288.56582036207,515.4160766601562,RoanCamp,2020-12-04,2020-12-04 10:46:06.059,10:46:06,54.93737708333332,26.934497477777782
2773,463568.061,cam1-004-000024-0,7481129.493100497,321264.9737930818,520.0762939453125,RoanCamp,2020-12-04,2020-12-04 10:46:08.061,10:46:08,54.933206250000026,26.93554296666666
2774,463570.063,cam1-004-000025-0,7481131.74482962,321241.354562785,524.51904296875,RoanCamp,2020-12-04,2020-12-04 10:46:10.063,10:46:10,54.92903541666662,26.93658845555557
2775,463572.065,cam1-004-000026-0,7481134.000697978,321217.8998264005,529.1201782226562,RoanCamp,2020-12-04,2020-12-04 10:46:12.065,10:46:12,54.92486458333333,26.937633944444446
2776,463574.467,cam1-004-000027-0,7481136.73108107,321189.7621349725,534.6485595703125,RoanCamp,2020-12-04,2020-12-04 10:46:14.467,10:46:14,54.91986041666666,26.938888322222226
2777,463576.069,cam1-004-000028-0,7481138.921587404,321169.88634188916,534.7742309570312,RoanCamp,2020-12-04,2020-12-04 10:46:16.069,10:46:16,54.916522916666636,26.939724922222233
2778,463578.071,cam1-004-000029-0,7481141.728129055,321146.1348632074,533.875,RoanCamp,2020-12-04,2020-12-04 10:46:18.071,10:46:18,54.912352083333346,26.94077041111111
2779,463580.073,cam1-004-000030-0,7481145.355042298,321122.59657624614,532.64501953125,RoanCamp,2020-12-04,2020-12-04 10:46:20.073,10:46:20,54.908181250000055,26.941815899999987
2780,463582.608,cam1-004-000031-0,7481150.365808453,321092.85459602636,530.7796630859375,RoanCamp,2020-12-04,2020-12-04 10:46:22.608,10:46:22,54.90289999999999,26.94313973333334
2781,463584.076,cam1-004-000032-0,7481150.0376547985,321075.08125574107,529.8167724609375,RoanCamp,2020-12-04,2020-12-04 10:46:24.076,10:46:24,54.89984166666667,26.943906355555555
2782,463586.078,cam1-004-000033-0,7481144.835401125,321051.9765178547,528.09375,RoanCamp,2020-12-04,2020-12-04 10:46:26.078,10:46:26,54.89567083333338,26.944951844444436
2783,463588.08,cam1-004-000034-0,7481140.69530704,321028.25223584124,525.7728881835938,RoanCamp,2020-12-04,2020-12-04 10:46:28.080,10:46:28,54.891499999999965,26.94599733333334
2784,463590.082,cam1-004-000035-0,7481138.232244611,321004.2152368785,523.2586059570312,RoanCamp,2020-12-04,2020-12-04 10:46:30.082,10:46:30,54.88732916666668,26.94704282222222
2785,463592.485,cam1-004-000036-0,7481134.952355185,320975.159483185,520.0596313476562,RoanCamp,2020-12-04,2020-12-04 10:46:32.485,10:46:32,54.882322916666695,26.948297722222215
2786,463594.086,cam1-004-000037-0,7481132.845128316,320956.947251108,517.6988525390625,RoanCamp,2020-12-04,2020-12-04 10:46:34.086,10:46:34,54.87898749999998,26.949133800000006
2787,463596.088,cam1-004-000038-0,7481130.340704391,320934.2756323372,514.7332153320312,RoanCamp,2020-12-04,2020-12-04 10:46:36.088,10:46:36,54.87481666666669,26.950179288888883
2788,463598.09,cam1-004-000039-0,7481127.574631635,320911.46709016536,511.73370361328125,RoanCamp,2020-12-04,2020-12-04 10:46:38.090,10:46:38,54.870645833333285,26.951224777777792
2789,463600.626,cam1-004-000040-0,7481124.268054477,320882.59896400745,507.8439636230469,RoanCamp,2020-12-04,2020-12-04 10:46:40.626,10:46:40,54.865362500000025,26.952549133333328
2790,463602.094,cam1-004-000041-0,7481122.409745645,320865.57856307813,505.54168701171875,RoanCamp,2020-12-04,2020-12-04 10:46:42.094,10:46:42,54.8623041666667,26.953315755555547
2791,463604.096,cam1-004-000042-0,7481119.928468862,320843.00778364635,502.55364990234375,RoanCamp,2020-12-04,2020-12-04 10:46:44.096,10:46:44,54.8581333333333,26.954361244444456
2792,463606.098,cam1-004-000043-0,7481117.479724215,320820.44940065744,499.5825500488281,RoanCamp,2020-12-04,2020-12-04 10:46:46.098,10:46:46,54.85396250000001,26.955406733333334
2793,463608.1,cam1-004-000044-0,7481114.979400397,320797.7404559201,496.6691589355469,RoanCamp,2020-12-04,2020-12-04 10:46:48.100,10:46:48,54.84979166666672,26.95645222222221
2794,463610.369,cam1-004-000045-0,7481111.935145122,320771.6245250121,497.45587158203125,RoanCamp,2020-12-04,2020-12-04 10:46:50.369,10:46:50,54.845064583333325,26.957637144444448
2795,463612.104,cam1-004-000046-0,7481109.715777133,320751.9147721789,498.8087158203125,RoanCamp,2020-12-04,2020-12-04 10:46:52.104,10:46:52,54.84145000000002,26.958543199999998
2796,463614.106,cam1-004-000047-0,7481107.1479478255,320729.4329076001,498.5331726074219,RoanCamp,2020-12-04,2020-12-04 10:46:54.106,10:46:54,54.83727916666661,26.959588688888903
2797,463616.108,cam1-004-000048-0,7481104.340366978,320706.9982259879,498.40679931640625,RoanCamp,2020-12-04,2020-12-04 10:46:56.108,10:46:56,54.83310833333332,26.96063417777778
2798,463618.644,cam1-004-000049-0,7481101.031402219,320680.09013956564,498.3279724121094,RoanCamp,2020-12-04,2020-12-04 10:46:58.644,10:46:58,54.82782500000006,26.96195853333332
2799,463620.112,cam1-004-000050-0,7481099.082103673,320664.2010998036,498.3739318847656,RoanCamp,2020-12-04,2020-12-04 10:47:00.112,10:47:00,54.82476666666662,26.962725155555567
2800,463621.981,cam1-004-000051-0,7481096.781606405,320644.74645597866,498.491455078125,RoanCamp,2020-12-04,2020-12-04 10:47:01.981,10:47:01,54.82087291666661,26.963701188888905
2801,463623.983,cam1-004-000052-0,7481095.048847649,320625.3339130891,498.6342468261719,RoanCamp,2020-12-04,2020-12-04 10:47:03.983,10:47:03,54.81670208333332,26.964746677777782
2802,463625.985,cam1-004-000053-0,7481093.5378109785,320608.05464211595,498.4644470214844,RoanCamp,2020-12-04,2020-12-04 10:47:05.985,10:47:05,54.812531250000035,26.96579216666666
2803,463628.387,cam1-004-000054-0,7481091.632195864,320589.85744760995,498.3528137207031,RoanCamp,2020-12-04,2020-12-04 10:47:08.387,10:47:08,54.80752708333336,26.96704654444444
2804,463629.989,cam1-004-000055-0,7481090.396518443,320577.79938440095,498.3717041015625,RoanCamp,2020-12-04,2020-12-04 10:47:09.989,10:47:09,54.80418958333333,26.967883144444446
2805,463631.991,cam1-004-000056-0,7481088.798250921,320563.6550979286,498.50604248046875,RoanCamp,2020-12-04,2020-12-04 10:47:11.991,10:47:11,54.80001875000004,26.968928633333324
2806,463633.993,cam1-004-000057-0,7481087.266399071,320549.51060464175,498.50653076171875,RoanCamp,2020-12-04,2020-12-04 10:47:13.993,10:47:13,54.79584791666663,26.969974122222233
2807,463636.662,cam1-004-000058-0,7481083.785558369,320523.08462446963,498.5819396972656,RoanCamp,2020-12-04,2020-12-04 10:47:16.662,10:47:16,54.79028749999998,26.97136793333334
2808,463637.997,cam1-004-000059-0,7481082.794631198,320512.3560319692,498.7436218261719,RoanCamp,2020-12-04,2020-12-04 10:47:17.997,10:47:17,54.78750625000006,26.972065099999988
2809,463639.999,cam1-004-000060-0,7481082.763259973,320507.740802965,498.23577880859375,RoanCamp,2020-12-04,2020-12-04 10:47:19.999,10:47:19,54.783335416666645,26.973110588888893
2810,463643.736,cam1-004-000061-0,7481083.593946151,320502.42121514876,499.73028564453125,RoanCamp,2020-12-04,2020-12-04 10:47:23.736,10:47:23,54.77555000000005,26.97506213333332
2811,463644.003,cam1-004-000062-0,7481083.963241313,320500.56310780835,499.9168701171875,RoanCamp,2020-12-04,2020-12-04 10:47:24.003,10:47:24,54.77499374999995,26.97520156666668
2812,463646.005,cam1-004-000063-0,7481088.140656054,320485.0880012399,501.009521484375,RoanCamp,2020-12-04,2020-12-04 10:47:26.005,10:47:26,54.77082291666666,26.976247055555557
2813,463648.274,cam1-004-000064-0,7481093.922793935,320483.1283192008,500.82611083984375,RoanCamp,2020-12-04,2020-12-04 10:47:28.274,10:47:28,54.76609583333339,26.977431977777766
2814,463650.009,cam1-004-000065-0,7481094.183499359,320487.2678461666,500.54083251953125,RoanCamp,2020-12-04,2020-12-04 10:47:30.009,10:47:30,54.762481249999965,26.978338033333344
2815,463652.011,cam1-004-000066-0,7481094.253732622,320494.7009256631,500.236083984375,RoanCamp,2020-12-04,2020-12-04 10:47:32.011,10:47:32,54.758310416666674,26.97938352222222
2816,463654.013,cam1-004-000067-0,7481096.674798733,320509.41454843804,500.3516540527344,RoanCamp,2020-12-04,2020-12-04 10:47:34.013,10:47:34,54.754139583333384,26.9804290111111
2817,463656.015,cam1-004-000068-0,7481098.7329604635,320526.1848890415,500.9680480957031,RoanCamp,2020-12-04,2020-12-04 10:47:36.015,10:47:36,54.74996874999997,26.981474500000008
2818,463658.15,cam1-004-000069-0,7481100.387393929,320543.5447496922,501.2821350097656,RoanCamp,2020-12-04,2020-12-04 10:47:38.150,10:47:38,54.74552083333329,26.982589444444457
2819,463660.686,cam1-004-000070-0,7481102.886046719,320563.77537498175,501.5400695800781,RoanCamp,2020-12-04,2020-12-04 10:47:40.686,10:47:40,54.74023750000003,26.983913799999993
2820,463662.021,cam1-004-000071-0,7481104.312426218,320574.54059152445,501.60919189453125,RoanCamp,2020-12-04,2020-12-04 10:47:42.021,10:47:42,54.73745624999999,26.984610966666672
2821,463664.023,cam1-004-000072-0,7481106.432741627,320590.2438810407,501.6512756347656,RoanCamp,2020-12-04,2020-12-04 10:47:44.023,10:47:44,54.733285416666696,26.98565645555555
2822,463666.025,cam1-004-000073-0,7481108.552603949,320606.0798280876,501.87701416015625,RoanCamp,2020-12-04,2020-12-04 10:47:46.025,10:47:46,54.729114583333285,26.98670194444446
2823,463668.694,cam1-004-000074-0,7481111.390040914,320627.8888836123,502.0790710449219,RoanCamp,2020-12-04,2020-12-04 10:47:48.694,10:47:48,54.72355416666663,26.988095755555566
2824,463670.029,cam1-004-000075-0,7481112.529064158,320638.719466496,502.05902099609375,RoanCamp,2020-12-04,2020-12-04 10:47:50.029,10:47:50,54.72077291666671,26.988792922222213
2825,463672.031,cam1-004-000076-0,7481114.202675218,320654.7551042066,501.9496154785156,RoanCamp,2020-12-04,2020-12-04 10:47:52.031,10:47:52,54.7166020833333,26.98983841111112
2826,463674.033,cam1-004-000077-0,7481115.898189122,320670.50378079654,501.7126159667969,RoanCamp,2020-12-04,2020-12-04 10:47:54.033,10:47:54,54.71243125000001,26.9908839
2827,463676.035,cam1-004-000078-0,7481117.803186953,320686.2352677438,501.72637939453125,RoanCamp,2020-12-04,2020-12-04 10:47:56.035,10:47:56,54.708260416666725,26.991929388888877
2828,463678.437,cam1-004-000079-0,7481120.097254701,320705.81526437483,501.8047180175781,RoanCamp,2020-12-04,2020-12-04 10:47:58.437,10:47:58,54.70325625000005,26.993183766666654
2829,463680.038,cam1-004-000080-0,7481121.361152427,320718.4816644194,501.70501708984375,RoanCamp,2020-12-04,2020-12-04 10:48:00.038,10:48:00,54.69992083333334,26.994019844444445
2830,463682.04,cam1-004-000081-0,7481123.15862672,320734.0184916102,501.52642822265625,RoanCamp,2020-12-04,2020-12-04 10:48:02.040,10:48:02,54.69575000000005,26.995065333333322
2831,463684.042,cam1-004-000082-0,7481124.939290192,320749.83444367576,501.3086853027344,RoanCamp,2020-12-04,2020-12-04 10:48:04.042,10:48:04,54.691579166666635,26.99611082222223
2832,463686.712,cam1-004-000083-0,7481127.402139308,320771.18624198134,501.1444091796875,RoanCamp,2020-12-04,2020-12-04 10:48:06.712,10:48:06,54.686016666666674,26.997505155555555
2833,463688.046,cam1-004-000084-0,7481128.72837618,320781.722490009,501.1257629394531,RoanCamp,2020-12-04,2020-12-04 10:48:08.046,10:48:08,54.68323750000006,26.998201799999986
2834,463690.048,cam1-004-000085-0,7481130.496917214,320797.5931939203,501.099365234375,RoanCamp,2020-12-04,2020-12-04 10:48:10.048,10:48:10,54.67906666666665,26.999247288888895
2835,463692.05,cam1-004-000086-0,7481132.142696939,320813.21743823495,501.04278564453125,RoanCamp,2020-12-04,2020-12-04 10:48:12.050,10:48:12,54.67489583333336,27.000292777777773
2836,463694.052,cam1-004-000087-0,7481133.825648141,320828.7449456487,501.0684509277344,RoanCamp,2020-12-04,2020-12-04 10:48:14.052,10:48:14,54.67072499999995,27.00133826666668
2837,463696.455,cam1-004-000088-0,7481136.17987125,320848.0719676188,501.0745544433594,RoanCamp,2020-12-04,2020-12-04 10:48:16.455,10:48:16,54.66571874999997,27.002593166666674
2838,463698.056,cam1-004-000089-0,7481137.759803151,320860.72356373974,501.0547790527344,RoanCamp,2020-12-04,2020-12-04 10:48:18.056,10:48:18,54.66238333333337,27.003429244444437
2839,463700.058,cam1-004-000090-0,7481139.657617429,320876.75810878305,501.03558349609375,RoanCamp,2020-12-04,2020-12-04 10:48:20.058,10:48:20,54.65821249999996,27.004474733333343
2840,463702.06,cam1-004-000091-0,7481141.540348679,320892.7409236529,501.0538635253906,RoanCamp,2020-12-04,2020-12-04 10:48:22.060,10:48:22,54.65404166666667,27.005520222222223
2841,463704.596,cam1-004-000092-0,7481143.93291413,320912.98983909574,501.0178527832031,RoanCamp,2020-12-04,2020-12-04 10:48:24.596,10:48:24,54.6487583333333,27.006844577777787
2842,463706.064,cam1-004-000093-0,7481145.368797023,320924.8712041363,501.07373046875,RoanCamp,2020-12-04,2020-12-04 10:48:26.064,10:48:26,54.64569999999998,27.007611200000007
2843,463708.066,cam1-004-000094-0,7481147.115770435,320940.5236896729,501.0937194824219,RoanCamp,2020-12-04,2020-12-04 10:48:28.066,10:48:28,54.641529166666686,27.008656688888884
2844,463710.068,cam1-004-000095-0,7481148.767757423,320956.0758001206,501.0672302246094,RoanCamp,2020-12-04,2020-12-04 10:48:30.068,10:48:30,54.637358333333275,27.009702177777793
2845,463712.07,cam1-004-000096-0,7481150.675138644,320971.57100342214,501.084228515625,RoanCamp,2020-12-04,2020-12-04 10:48:32.070,10:48:32,54.63318749999999,27.01074766666667
2846,463714.473,cam1-004-000097-0,7481152.981031273,320990.87493064895,501.1390686035156,RoanCamp,2020-12-04,2020-12-04 10:48:34.473,10:48:34,54.628181250000004,27.012002566666666
2847,463716.074,cam1-004-000098-0,7481154.481597513,321003.42359596724,501.203369140625,RoanCamp,2020-12-04,2020-12-04 10:48:36.074,10:48:36,54.62484583333329,27.012838644444457
2848,463718.076,cam1-004-000099-0,7481156.418056406,321019.3228370264,501.26715087890625,RoanCamp,2020-12-04,2020-12-04 10:48:38.076,10:48:38,54.620675,27.013884133333335
2849,463720.078,cam1-004-000100-0,7481158.386464905,321035.24808261567,501.29876708984375,RoanCamp,2020-12-04,2020-12-04 10:48:40.078,10:48:40,54.616504166666715,27.014929622222212
2850,463722.614,cam1-004-000101-0,7481160.832950117,321055.5229178446,501.34490966796875,RoanCamp,2020-12-04,2020-12-04 10:48:42.614,10:48:42,54.611220833333334,27.01625397777778
2851,463724.082,cam1-004-000102-0,7481162.293168615,321067.58541530324,501.3439636230469,RoanCamp,2020-12-04,2020-12-04 10:48:44.082,10:48:44,54.60816250000001,27.0170206
2852,463726.084,cam1-004-000103-0,7481164.267324656,321083.44353822345,501.4388122558594,RoanCamp,2020-12-04,2020-12-04 10:48:46.084,10:48:46,54.60399166666672,27.018066088888876
2853,463728.086,cam1-004-000104-0,7481166.214543678,321099.28720764373,501.47686767578125,RoanCamp,2020-12-04,2020-12-04 10:48:48.086,10:48:48,54.59982083333331,27.019111577777785
2854,463730.088,cam1-004-000105-0,7481168.097493751,321115.16766685306,501.5583801269531,RoanCamp,2020-12-04,2020-12-04 10:48:50.088,10:48:50,54.59565000000003,27.020157066666663
2855,463732.491,cam1-004-000106-0,7481170.262299948,321134.766077326,501.5355529785156,RoanCamp,2020-12-04,2020-12-04 10:48:52.491,10:48:52,54.59064375000004,27.02141196666666
2856,463734.092,cam1-004-000107-0,7481171.629819265,321147.2523646143,501.49700927734375,RoanCamp,2020-12-04,2020-12-04 10:48:54.092,10:48:54,54.587308333333326,27.022248044444446
2857,463736.094,cam1-004-000108-0,7481173.421168579,321162.72619675956,501.4966735839844,RoanCamp,2020-12-04,2020-12-04 10:48:56.094,10:48:56,54.583137500000035,27.023293533333323
2858,463738.096,cam1-004-000109-0,7481175.293796144,321178.1462577092,501.5164794921875,RoanCamp,2020-12-04,2020-12-04 10:48:58.096,10:48:58,54.57896666666663,27.024339022222232
2859,463740.632,cam1-004-000110-0,7481177.673674136,321198.25791478355,501.5503845214844,RoanCamp,2020-12-04,2020-12-04 10:49:00.632,10:49:00,54.57368333333337,27.025663377777768
2860,463742.1,cam1-004-000111-0,7481179.109023254,321210.27195724036,501.5394592285156,RoanCamp,2020-12-04,2020-12-04 10:49:02.100,10:49:02,54.57062500000005,27.026429999999987
2861,463744.102,cam1-004-000112-0,7481181.020877896,321226.18907806417,501.6197509765625,RoanCamp,2020-12-04,2020-12-04 10:49:04.102,10:49:04,54.566454166666645,27.027475488888896
2862,463746.104,cam1-004-000113-0,7481182.929762503,321242.0914201621,501.6435852050781,RoanCamp,2020-12-04,2020-12-04 10:49:06.104,10:49:06,54.562283333333355,27.028520977777774
2863,463748.106,cam1-004-000114-0,7481184.772568207,321258.00962486345,501.5841979980469,RoanCamp,2020-12-04,2020-12-04 10:49:08.106,10:49:08,54.55811249999994,27.029566466666683
2864,463750.509,cam1-004-000115-0,7481187.035743438,321277.61743043014,501.69732666015625,RoanCamp,2020-12-04,2020-12-04 10:49:10.509,10:49:10,54.55310624999996,27.03082136666668
2865,463752.11,cam1-004-000116-0,7481188.440267899,321290.23031114624,501.68121337890625,RoanCamp,2020-12-04,2020-12-04 10:49:12.110,10:49:12,54.54977083333337,27.031657444444438
2866,463754.112,cam1-004-000117-0,7481190.303744817,321305.9445713231,501.7350769042969,RoanCamp,2020-12-04,2020-12-04 10:49:14.112,10:49:14,54.54559999999996,27.032702933333347
2867,463756.114,cam1-004-000118-0,7481192.151545066,321321.82382997836,501.69366455078125,RoanCamp,2020-12-04,2020-12-04 10:49:16.114,10:49:16,54.54142916666667,27.033748422222224
2868,463758.65,cam1-004-000119-0,7481194.381705472,321342.3518987007,501.5916748046875,RoanCamp,2020-12-04,2020-12-04 10:49:18.650,10:49:18,54.536145833333286,27.035072777777792
2869,463759.985,cam1-004-000120-0,7481195.526711467,321353.310438725,501.5475158691406,RoanCamp,2020-12-04,2020-12-04 10:49:19.985,10:49:19,54.533364583333366,27.03576994444444
2870,463761.987,cam1-004-000121-0,7481197.516205739,321369.2201130634,501.519287109375,RoanCamp,2020-12-04,2020-12-04 10:49:21.987,10:49:21,54.529193749999955,27.036815433333345
2871,463763.989,cam1-004-000122-0,7481199.458157897,321385.1435455935,501.57293701171875,RoanCamp,2020-12-04,2020-12-04 10:49:23.989,10:49:23,54.525022916666664,27.037860922222222
2872,463766.658,cam1-004-000123-0,7481201.858134959,321406.96079038025,501.7151794433594,RoanCamp,2020-12-04,2020-12-04 10:49:26.658,10:49:26,54.51946250000001,27.039254733333333
2873,463767.993,cam1-004-000124-0,7481203.175489154,321417.7950683796,501.7387390136719,RoanCamp,2020-12-04,2020-12-04 10:49:27.993,10:49:27,54.51668124999997,27.03995190000001
2874,463769.995,cam1-004-000125-0,7481204.897410903,321433.6403546616,501.7617492675781,RoanCamp,2020-12-04,2020-12-04 10:49:29.995,10:49:29,54.51251041666668,27.040997388888886
2875,463771.997,cam1-004-000126-0,7481206.6467902195,321449.4799244998,501.57958984375,RoanCamp,2020-12-04,2020-12-04 10:49:31.997,10:49:31,54.50833958333339,27.042042877777764
2876,463774.666,cam1-004-000127-0,7481209.240149785,321470.61112646735,501.2993469238281,RoanCamp,2020-12-04,2020-12-04 10:49:34.666,10:49:34,54.50277916666661,27.043436688888903
2877,463776.001,cam1-004-000128-0,7481210.542061974,321481.2268402619,501.2387390136719,RoanCamp,2020-12-04,2020-12-04 10:49:36.001,10:49:36,54.49999791666669,27.04413385555555
2878,463778.002,cam1-004-000129-0,7481212.327237789,321497.0480572778,501.2921447753906,RoanCamp,2020-12-04,2020-12-04 10:49:38.002,10:49:38,54.49582916666672,27.045178822222212
2879,463780.004,cam1-004-000130-0,7481214.220677203,321512.9091045122,501.41253662109375,RoanCamp,2020-12-04,2020-12-04 10:49:40.004,10:49:40,54.491658333333305,27.04622431111112
2880,463782.006,cam1-004-000131-0,7481216.048975654,321528.87287306204,501.5419006347656,RoanCamp,2020-12-04,2020-12-04 10:49:42.006,10:49:42,54.487487500000015,27.0472698
2881,463784.409,cam1-004-000132-0,7481218.226747571,321548.81176000996,501.3983459472656,RoanCamp,2020-12-04,2020-12-04 10:49:44.409,10:49:44,54.482481250000035,27.048524699999994
2882,463786.01,cam1-004-000133-0,7481219.576107878,321561.49602951575,501.32208251953125,RoanCamp,2020-12-04,2020-12-04 10:49:46.010,10:49:46,54.47914583333332,27.049360777777782
2883,463788.012,cam1-004-000134-0,7481221.307483308,321577.1869137261,501.25750732421875,RoanCamp,2020-12-04,2020-12-04 10:49:48.012,10:49:48,54.47497500000003,27.050406266666663
2884,463790.014,cam1-004-000135-0,7481223.250277981,321592.7686511708,501.2373352050781,RoanCamp,2020-12-04,2020-12-04 10:49:50.014,10:49:50,54.47080416666662,27.05145175555557
2885,463792.684,cam1-004-000136-0,7481225.9785426045,321614.09809381247,501.4309997558594,RoanCamp,2020-12-04,2020-12-04 10:49:52.684,10:49:52,54.46524166666665,27.052846088888895
2886,463794.018,cam1-004-000137-0,7481227.370615445,321624.8799334868,501.4371337890625,RoanCamp,2020-12-04,2020-12-04 10:49:54.018,10:49:54,54.46246250000004,27.053542733333323
2887,463796.02,cam1-004-000138-0,7481229.17392345,321640.86140744016,501.4683532714844,RoanCamp,2020-12-04,2020-12-04 10:49:56.020,10:49:56,54.45829166666663,27.054588222222232
2888,463798.022,cam1-004-000139-0,7481230.989082067,321656.9749888164,501.5362548828125,RoanCamp,2020-12-04,2020-12-04 10:49:58.022,10:49:58,54.45412083333334,27.05563371111111
2889,463800.692,cam1-004-000140-0,7481233.2949315235,321678.4190714333,501.5362548828125,RoanCamp,2020-12-04,2020-12-04 10:50:00.692,10:50:00,54.448558333333374,27.057028044444436
2890,463802.026,cam1-004-000141-0,7481234.552344264,321689.09652049246,501.5727844238281,RoanCamp,2020-12-04,2020-12-04 10:50:02.026,10:50:02,54.44577916666664,27.057724688888896
2891,463804.028,cam1-004-000142-0,7481236.477221459,321704.7123100685,501.55029296875,RoanCamp,2020-12-04,2020-12-04 10:50:04.028,10:50:04,54.441608333333356,27.058770177777774
2892,463806.03,cam1-004-000143-0,7481238.206286944,321720.1430041604,501.5293884277344,RoanCamp,2020-12-04,2020-12-04 10:50:06.030,10:50:06,54.437437499999945,27.059815666666683
2893,463808.7,cam1-004-000144-0,7481240.761629459,321741.07472063316,501.49462890625,RoanCamp,2020-12-04,2020-12-04 10:50:08.700,10:50:08,54.43187499999998,27.061210000000006
2894,463810.034,cam1-004-000145-0,7481242.068142997,321751.7062196868,501.48297119140625,RoanCamp,2020-12-04,2020-12-04 10:50:10.034,10:50:10,54.42909583333336,27.061906644444438
2895,463812.036,cam1-004-000146-0,7481243.92209558,321767.3388188267,501.55926513671875,RoanCamp,2020-12-04,2020-12-04 10:50:12.036,10:50:12,54.42492499999996,27.062952133333347
2896,463814.038,cam1-004-000147-0,7481245.78441344,321782.854516765,501.77081298828125,RoanCamp,2020-12-04,2020-12-04 10:50:14.038,10:50:14,54.42075416666667,27.063997622222224
2897,463816.04,cam1-004-000148-0,7481247.574423507,321798.6440769847,501.9678955078125,RoanCamp,2020-12-04,2020-12-04 10:50:16.040,10:50:16,54.41658333333338,27.065043111111102
2898,463818.443,cam1-004-000149-0,7481249.908150442,321818.32719567063,502.01580810546875,RoanCamp,2020-12-04,2020-12-04 10:50:18.443,10:50:18,54.41157708333328,27.066298011111126
2899,463820.044,cam1-004-000150-0,7481251.298777731,321831.1796797748,502.0204162597656,RoanCamp,2020-12-04,2020-12-04 10:50:20.044,10:50:20,54.40824166666668,27.067134088888885
2900,463822.046,cam1-004-000151-0,7481253.194408626,321847.1133763878,501.88616943359375,RoanCamp,2020-12-04,2020-12-04 10:50:22.046,10:50:22,54.40407083333339,27.068179577777766
2901,463824.048,cam1-004-000152-0,7481255.074372826,321863.03730577906,501.6033020019531,RoanCamp,2020-12-04,2020-12-04 10:50:24.048,10:50:24,54.39989999999998,27.06922506666667
2902,463826.718,cam1-004-000153-0,7481257.466420943,321884.4214329652,501.3818664550781,RoanCamp,2020-12-04,2020-12-04 10:50:26.718,10:50:26,54.39433750000002,27.070619399999998
2903,463828.052,cam1-004-000154-0,7481258.784567376,321895.23497417034,501.3465270996094,RoanCamp,2020-12-04,2020-12-04 10:50:28.052,10:50:28,54.391558333333286,27.07131604444446
2904,463830.054,cam1-004-000155-0,7481260.61707008,321911.07829325384,501.3077392578125,RoanCamp,2020-12-04,2020-12-04 10:50:30.054,10:50:30,54.387387499999996,27.072361533333336
2905,463832.056,cam1-004-000156-0,7481262.450428687,321926.9048367515,501.09234619140625,RoanCamp,2020-12-04,2020-12-04 10:50:32.056,10:50:32,54.383216666666705,27.073407022222213
2906,463834.592,cam1-004-000157-0,7481264.669528935,321947.3347210758,500.85333251953125,RoanCamp,2020-12-04,2020-12-04 10:50:34.592,10:50:34,54.37793333333333,27.07473137777778
2907,463836.06,cam1-004-000158-0,7481265.891046232,321959.3112838188,500.80950927734375,RoanCamp,2020-12-04,2020-12-04 10:50:36.060,10:50:36,54.37487500000001,27.075498
2908,463838.062,cam1-004-000159-0,7481267.723034028,321975.115871427,500.7530822753906,RoanCamp,2020-12-04,2020-12-04 10:50:38.062,10:50:38,54.37070416666672,27.076543488888877
2909,463840.064,cam1-004-000160-0,7481269.544813439,321990.97650380374,500.91937255859375,RoanCamp,2020-12-04,2020-12-04 10:50:40.064,10:50:40,54.36653333333331,27.077588977777786
2910,463842.066,cam1-004-000161-0,7481271.497093536,322006.54808983696,501.1336975097656,RoanCamp,2020-12-04,2020-12-04 10:50:42.066,10:50:42,54.36236250000002,27.078634466666664
2911,463844.469,cam1-004-000162-0,7481273.837297853,322025.4406974359,500.9951477050781,RoanCamp,2020-12-04,2020-12-04 10:50:44.469,10:50:44,54.35735625000004,27.07988936666666
2912,463846.07,cam1-004-000163-0,7481275.184975421,322038.7466492436,501.0080871582031,RoanCamp,2020-12-04,2020-12-04 10:50:46.070,10:50:46,54.35402083333332,27.08072544444445
2913,463848.072,cam1-004-000164-0,7481277.0530648045,322054.45271581993,501.0156555175781,RoanCamp,2020-12-04,2020-12-04 10:50:48.072,10:50:48,54.34985000000003,27.081770933333328
2914,463850.074,cam1-004-000165-0,7481278.975868391,322070.4184542891,501.12103271484375,RoanCamp,2020-12-04,2020-12-04 10:50:50.074,10:50:50,54.34567916666662,27.082816422222233
2915,463852.743,cam1-004-000166-0,7481281.652865272,322091.8457128062,501.3601379394531,RoanCamp,2020-12-04,2020-12-04 10:50:52.743,10:50:52,54.34011874999997,27.084210233333344
2916,463854.078,cam1-004-000167-0,7481282.9538257625,322102.65907581756,501.4200439453125,RoanCamp,2020-12-04,2020-12-04 10:50:54.078,10:50:54,54.33733750000005,27.08490739999999
2917,463856.08,cam1-004-000168-0,7481284.732218224,322118.61815641564,501.4302978515625,RoanCamp,2020-12-04,2020-12-04 10:50:56.080,10:50:56,54.333166666666635,27.085952888888897
2918,463858.082,cam1-004-000169-0,7481286.467630206,322134.365335156,501.5382080078125,RoanCamp,2020-12-04,2020-12-04 10:50:58.082,10:50:58,54.328995833333344,27.086998377777775
2919,463860.618,cam1-004-000170-0,7481288.767954535,322154.27419307025,501.53253173828125,RoanCamp,2020-12-04,2020-12-04 10:51:00.618,10:51:00,54.32371249999997,27.088322733333342
2920,463862.086,cam1-004-000171-0,7481290.113335886,322166.08277333586,501.5010986328125,RoanCamp,2020-12-04,2020-12-04 10:51:02.086,10:51:02,54.32065416666665,27.08908935555556
2921,463864.088,cam1-004-000172-0,7481291.886171641,322182.07053962833,501.40118408203125,RoanCamp,2020-12-04,2020-12-04 10:51:04.088,10:51:04,54.31648333333336,27.09013484444444
2922,463866.09,cam1-004-000173-0,7481293.911395721,322197.76313999237,501.34185791015625,RoanCamp,2020-12-04,2020-12-04 10:51:06.090,10:51:06,54.31231249999995,27.091180333333348
2923,463868.092,cam1-004-000174-0,7481295.888111824,322213.4929652268,501.3063659667969,RoanCamp,2020-12-04,2020-12-04 10:51:08.092,10:51:08,54.30814166666666,27.092225822222225
2924,463870.494,cam1-004-000175-0,7481297.97660148,322232.28658546694,501.4166259765625,RoanCamp,2020-12-04,2020-12-04 10:51:10.494,10:51:10,54.30313749999999,27.093480200000005
2925,463872.096,cam1-004-000176-0,7481299.58529852,322245.33511212684,501.5421142578125,RoanCamp,2020-12-04,2020-12-04 10:51:12.096,10:51:12,54.29979999999996,27.094316800000012
2926,463874.098,cam1-004-000177-0,7481301.465208594,322261.08416415413,501.6408996582031,RoanCamp,2020-12-04,2020-12-04 10:51:14.098,10:51:14,54.29562916666667,27.09536228888889
2927,463876.1,cam1-004-000178-0,7481303.114180235,322276.82016578974,501.6709289550781,RoanCamp,2020-12-04,2020-12-04 10:51:16.100,10:51:16,54.29145833333338,27.096407777777767
2928,463878.636,cam1-004-000179-0,7481305.607968499,322296.9711953387,501.791259765625,RoanCamp,2020-12-04,2020-12-04 10:51:18.636,10:51:18,54.28617500000001,27.097732133333334
2929,463880.104,cam1-004-000180-0,7481307.040973937,322308.9320704328,501.7402648925781,RoanCamp,2020-12-04,2020-12-04 10:51:20.104,10:51:20,54.283116666666686,27.098498755555553
2930,463882.106,cam1-004-000181-0,7481308.793464849,322324.684058945,501.58245849609375,RoanCamp,2020-12-04,2020-12-04 10:51:22.106,10:51:22,54.278945833333275,27.09954424444446
2931,463884.108,cam1-004-000182-0,7481310.471295415,322340.28801404935,501.441162109375,RoanCamp,2020-12-04,2020-12-04 10:51:24.108,10:51:24,54.27477499999999,27.100589733333337
2932,463886.11,cam1-004-000183-0,7481312.0114106145,322355.89088555455,501.4367370605469,RoanCamp,2020-12-04,2020-12-04 10:51:26.110,10:51:26,54.2706041666667,27.101635222222214
2933,463888.512,cam1-004-000184-0,7481314.234676704,322374.549712079,501.6183166503906,RoanCamp,2020-12-04,2020-12-04 10:51:28.512,10:51:28,54.26560000000003,27.102889599999994
2934,463890.114,cam1-004-000185-0,7481315.741786248,322387.60191089567,501.582763671875,RoanCamp,2020-12-04,2020-12-04 10:51:30.114,10:51:30,54.2622625,27.1037262
2935,463892.116,cam1-004-000186-0,7481317.478820549,322403.1248793007,501.6167297363281,RoanCamp,2020-12-04,2020-12-04 10:51:32.116,10:51:32,54.258091666666715,27.104771688888878
2936,463894.118,cam1-004-000187-0,7481319.403124241,322418.8740743821,501.5572509765625,RoanCamp,2020-12-04,2020-12-04 10:51:34.118,10:51:34,54.253920833333304,27.105817177777787
2937,463896.654,cam1-004-000188-0,7481321.986644927,322438.91598073253,501.7232666015625,RoanCamp,2020-12-04,2020-12-04 10:51:36.654,10:51:36,54.248637500000044,27.107141533333323
2938,463897.988,cam1-004-000189-0,7481323.136268124,322449.00291786157,501.7861633300781,RoanCamp,2020-12-04,2020-12-04 10:51:37.988,10:51:37,54.24585833333331,27.107838177777786
2939,463901.725,cam1-004-000190-0,7481325.985395694,322452.9435042268,501.3913269042969,RoanCamp,2020-12-04,2020-12-04 10:51:41.725,10:51:41,54.23807291666672,27.10978972222221
2940,463902.126,cam1-004-000191-0,7481327.234270197,322452.6785054329,501.28485107421875,RoanCamp,2020-12-04,2020-12-04 10:51:42.126,10:51:42,54.23723750000003,27.10999913333333
2941,463903.994,cam1-004-000192-0,7481339.388487214,322451.4324735679,500.8598327636719,RoanCamp,2020-12-04,2020-12-04 10:51:43.994,10:51:43,54.233345833333324,27.110974644444447
2942,463905.996,cam1-004-000193-0,7481357.274775112,322450.15437650983,500.9963684082031,RoanCamp,2020-12-04,2020-12-04 10:51:45.996,10:51:45,54.22917500000003,27.112020133333324
2943,463907.998,cam1-004-000194-0,7481374.449840032,322449.3930149964,501.20074462890625,RoanCamp,2020-12-04,2020-12-04 10:51:47.998,10:51:47,54.22500416666662,27.113065622222233
2944,463910.668,cam1-004-000195-0,7481396.707834555,322447.4788139347,501.31231689453125,RoanCamp,2020-12-04,2020-12-04 10:51:50.668,10:51:50,54.21944166666666,27.11445995555556
2945,463912.002,cam1-004-000196-0,7481406.934263678,322446.4464363302,501.3710632324219,RoanCamp,2020-12-04,2020-12-04 10:51:52.002,10:51:52,54.21666250000005,27.115156599999988
2946,463914.004,cam1-004-000197-0,7481423.480615906,322444.53527864395,501.4471740722656,RoanCamp,2020-12-04,2020-12-04 10:51:54.004,10:51:54,54.21249166666664,27.116202088888897
2947,463916.006,cam1-004-000198-0,7481433.849582311,322436.6080292729,501.515380859375,RoanCamp,2020-12-04,2020-12-04 10:51:56.006,10:51:56,54.208320833333346,27.117247577777775
2948,463918.676,cam1-004-000199-0,7481435.156204043,322433.16077450337,501.01788330078125,RoanCamp,2020-12-04,2020-12-04 10:51:58.676,10:51:58,54.202758333333385,27.1186419111111
2949,463920.01,cam1-004-000200-0,7481434.40024338,322429.9569341196,500.8223876953125,RoanCamp,2020-12-04,2020-12-04 10:52:00.010,10:52:00,54.19997916666665,27.11933855555556
2950,463922.012,cam1-004-000201-0,7481432.675147121,322416.05830260506,500.57159423828125,RoanCamp,2020-12-04,2020-12-04 10:52:02.012,10:52:02,54.19580833333336,27.12038404444444
2951,463924.014,cam1-004-000202-0,7481431.10615365,322398.4063582394,500.3103942871094,RoanCamp,2020-12-04,2020-12-04 10:52:04.014,10:52:04,54.19163749999995,27.121429533333348
2952,463926.016,cam1-004-000203-0,7481429.582090062,322381.51662974834,500.04754638671875,RoanCamp,2020-12-04,2020-12-04 10:52:06.016,10:52:06,54.187466666666666,27.122475022222226
2953,463928.686,cam1-004-000204-0,7481427.244616643,322359.33454072755,499.9117431640625,RoanCamp,2020-12-04,2020-12-04 10:52:08.686,10:52:08,54.1819041666667,27.12386935555555
2954,463930.02,cam1-004-000205-0,7481426.184802346,322349.05801646295,499.8594970703125,RoanCamp,2020-12-04,2020-12-04 10:52:10.020,10:52:10,54.179124999999964,27.12456600000001
2955,463932.022,cam1-004-000206-0,7481424.249514966,322332.63372984796,499.6931457519531,RoanCamp,2020-12-04,2020-12-04 10:52:12.022,10:52:12,54.17495416666667,27.12561148888889
2956,463934.024,cam1-004-000207-0,7481422.235896891,322316.7662337931,499.56646728515625,RoanCamp,2020-12-04,2020-12-04 10:52:14.024,10:52:14,54.17078333333339,27.126656977777767
2957,463936.026,cam1-004-000208-0,7481420.383845192,322301.0326324436,499.54827880859375,RoanCamp,2020-12-04,2020-12-04 10:52:16.026,10:52:16,54.16661249999998,27.127702466666673
2958,463938.429,cam1-004-000209-0,7481418.102825341,322282.23622243444,499.6410217285156,RoanCamp,2020-12-04,2020-12-04 10:52:18.429,10:52:18,54.16160624999999,27.12895736666667
2959,463940.03,cam1-004-000210-0,7481416.57365576,322268.947558407,499.6310119628906,RoanCamp,2020-12-04,2020-12-04 10:52:20.030,10:52:20,54.158270833333276,27.12979344444446
2960,463942.032,cam1-004-000211-0,7481414.711576806,322253.1117922601,499.859619140625,RoanCamp,2020-12-04,2020-12-04 10:52:22.032,10:52:22,54.154099999999985,27.130838933333337
2961,463944.034,cam1-004-000212-0,7481412.884647859,322237.30115470954,499.9936828613281,RoanCamp,2020-12-04,2020-12-04 10:52:24.034,10:52:24,54.1499291666667,27.131884422222214
2962,463946.703,cam1-004-000213-0,7481410.436269226,322215.61495905486,499.9646911621094,RoanCamp,2020-12-04,2020-12-04 10:52:26.703,10:52:26,54.14436875000005,27.133278233333325
2963,463948.038,cam1-004-000214-0,7481409.188394042,322205.3848116928,499.9604187011719,RoanCamp,2020-12-04,2020-12-04 10:52:28.038,10:52:28,54.1415875,27.1339754
2964,463950.04,cam1-004-000215-0,7481407.262806084,322188.9616670697,499.9271240234375,RoanCamp,2020-12-04,2020-12-04 10:52:30.040,10:52:30,54.13741666666671,27.135020888888878
2965,463952.042,cam1-004-000216-0,7481405.424311178,322173.1646608851,499.8445129394531,RoanCamp,2020-12-04,2020-12-04 10:52:32.042,10:52:32,54.133245833333305,27.136066377777787
2966,463954.711,cam1-004-000217-0,7481402.865273469,322151.79928972805,499.9021301269531,RoanCamp,2020-12-04,2020-12-04 10:52:34.711,10:52:34,54.12768541666665,27.137460188888895
2967,463956.046,cam1-004-000218-0,7481401.664004034,322141.5622710475,499.9167785644531,RoanCamp,2020-12-04,2020-12-04 10:52:36.046,10:52:36,54.124904166666724,27.138157355555542
2968,463958.048,cam1-004-000219-0,7481399.775418563,322124.8306620538,499.9059753417969,RoanCamp,2020-12-04,2020-12-04 10:52:38.048,10:52:38,54.12073333333332,27.13920284444445
2969,463960.05,cam1-004-000220-0,7481397.950455442,322108.5386728567,499.783447265625,RoanCamp,2020-12-04,2020-12-04 10:52:40.050,10:52:40,54.11656250000003,27.14024833333333
2970,463962.719,cam1-004-000221-0,7481395.565684587,322087.4152218088,499.80560302734375,RoanCamp,2020-12-04,2020-12-04 10:52:42.719,10:52:42,54.111002083333375,27.141642144444436
2971,463964.054,cam1-004-000222-0,7481394.308378268,322076.52267230337,499.82269287109375,RoanCamp,2020-12-04,2020-12-04 10:52:44.054,10:52:44,54.10822083333333,27.142339311111115
2972,463966.056,cam1-004-000223-0,7481392.515838201,322059.9971808968,499.8270263671875,RoanCamp,2020-12-04,2020-12-04 10:52:46.056,10:52:46,54.10405000000004,27.143384799999993
2973,463968.058,cam1-004-000224-0,7481390.589449406,322044.0385211434,499.8428039550781,RoanCamp,2020-12-04,2020-12-04 10:52:48.058,10:52:48,54.09987916666663,27.1444302888889
2974,463970.06,cam1-004-000225-0,7481388.766875705,322028.11492641876,499.82855224609375,RoanCamp,2020-12-04,2020-12-04 10:52:50.060,10:52:50,54.09570833333334,27.145475777777776
2975,463972.462,cam1-004-000226-0,7481386.6069034245,322009.16781656415,499.8475341796875,RoanCamp,2020-12-04,2020-12-04 10:52:52.462,10:52:52,54.09070416666667,27.146730155555556
2976,463974.064,cam1-004-000227-0,7481385.224345451,321996.60426242684,499.85455322265625,RoanCamp,2020-12-04,2020-12-04 10:52:54.064,10:52:54,54.08736666666664,27.147566755555562
2977,463976.066,cam1-004-000228-0,7481383.48498936,321980.4146333627,499.8090515136719,RoanCamp,2020-12-04,2020-12-04 10:52:56.066,10:52:56,54.083195833333356,27.14861224444444
2978,463978.068,cam1-004-000229-0,7481381.949502675,321964.91691880743,499.84185791015625,RoanCamp,2020-12-04,2020-12-04 10:52:58.068,10:52:58,54.079024999999945,27.14965773333335
2979,463980.604,cam1-004-000230-0,7481379.333660256,321944.5243890593,499.7906188964844,RoanCamp,2020-12-04,2020-12-04 10:53:00.604,10:53:00,54.073741666666685,27.150982088888885
2980,463982.072,cam1-004-000231-0,7481377.97739708,321932.9619825703,499.8027038574219,RoanCamp,2020-12-04,2020-12-04 10:53:02.072,10:53:02,54.07068333333336,27.151748711111104
2981,463984.074,cam1-004-000232-0,7481376.105167563,321916.61115184973,499.87725830078125,RoanCamp,2020-12-04,2020-12-04 10:53:04.074,10:53:04,54.06651249999996,27.152794200000013
2982,463986.076,cam1-004-000233-0,7481374.361011894,321900.84704444744,499.7671203613281,RoanCamp,2020-12-04,2020-12-04 10:53:06.076,10:53:06,54.06234166666667,27.15383968888889
2983,463988.078,cam1-004-000234-0,7481372.606408541,321885.3198648712,499.6568603515625,RoanCamp,2020-12-04,2020-12-04 10:53:08.078,10:53:08,54.05817083333338,27.154885177777768
2984,463990.48,cam1-004-000235-0,7481370.36738223,321866.66811117064,499.6138916015625,RoanCamp,2020-12-04,2020-12-04 10:53:10.480,10:53:10,54.05316666666671,27.156139555555548
2985,463992.082,cam1-004-000236-0,7481368.905377437,321854.2034174205,499.73291015625,RoanCamp,2020-12-04,2020-12-04 10:53:12.082,10:53:12,54.04982916666668,27.156976155555554
2986,463994.084,cam1-004-000237-0,7481366.907158091,321837.90302455146,499.6985778808594,RoanCamp,2020-12-04,2020-12-04 10:53:14.084,10:53:14,54.04565833333339,27.158021644444432
2987,463996.086,cam1-004-000238-0,7481364.978423763,321821.9855568529,499.69183349609375,RoanCamp,2020-12-04,2020-12-04 10:53:16.086,10:53:16,54.04148749999998,27.15906713333334
2988,463998.622,cam1-004-000239-0,7481362.776094126,321801.25013121497,499.6734924316406,RoanCamp,2020-12-04,2020-12-04 10:53:18.622,10:53:18,54.03620416666672,27.160391488888877
2989,464000.09,cam1-004-000240-0,7481361.476609284,321789.59827961714,499.6458740234375,RoanCamp,2020-12-04,2020-12-04 10:53:20.090,10:53:20,54.03314583333328,27.161158111111124
2990,464002.092,cam1-004-000241-0,7481359.51577853,321773.04107007367,499.6041259765625,RoanCamp,2020-12-04,2020-12-04 10:53:22.092,10:53:22,54.028974999999996,27.1622036
2991,464004.094,cam1-004-000242-0,7481357.676695701,321757.20181210036,499.71075439453125,RoanCamp,2020-12-04,2020-12-04 10:53:24.094,10:53:24,54.024804166666705,27.163249088888882
2992,464006.096,cam1-004-000243-0,7481355.741185801,321741.52859531756,499.7672119140625,RoanCamp,2020-12-04,2020-12-04 10:53:26.096,10:53:26,54.02063333333329,27.164294577777788
2993,464008.498,cam1-004-000244-0,7481353.406900117,321722.50414199126,499.8058166503906,RoanCamp,2020-12-04,2020-12-04 10:53:28.498,10:53:28,54.01562916666663,27.16554895555557
2994,464010.1,cam1-004-000245-0,7481351.956227094,321709.83728844643,499.8461608886719,RoanCamp,2020-12-04,2020-12-04 10:53:30.100,10:53:30,54.01229166666672,27.166385555555543
2995,464012.102,cam1-004-000246-0,7481350.159463923,321693.37242957996,499.8526611328125,RoanCamp,2020-12-04,2020-12-04 10:53:32.102,10:53:32,54.00812083333331,27.167431044444452
2996,464014.104,cam1-004-000247-0,7481348.239309356,321677.5357396976,499.73974609375,RoanCamp,2020-12-04,2020-12-04 10:53:34.104,10:53:34,54.00395000000002,27.16847653333333
2997,464016.64,cam1-004-000248-0,7481345.867925672,321657.3306668232,499.58343505859375,RoanCamp,2020-12-04,2020-12-04 10:53:36.640,10:53:36,53.99866666666664,27.169800888888897
2998,464018.108,cam1-004-000249-0,7481344.636480921,321645.9502010156,499.4809265136719,RoanCamp,2020-12-04,2020-12-04 10:53:38.108,10:53:38,53.99560833333332,27.170567511111116
2999,464020.11,cam1-004-000250-0,7481342.826264663,321629.73823326756,499.5787353515625,RoanCamp,2020-12-04,2020-12-04 10:53:40.110,10:53:40,53.99143750000003,27.171612999999994
3000,464022.112,cam1-004-000251-0,7481341.0617177,321613.930049496,499.6113586425781,RoanCamp,2020-12-04,2020-12-04 10:53:42.112,10:53:42,53.98726666666662,27.172658488888903
3001,464024.114,cam1-004-000252-0,7481339.098662032,321598.1792700202,499.62835693359375,RoanCamp,2020-12-04,2020-12-04 10:53:44.114,10:53:44,53.98309583333334,27.17370397777778
3002,464026.383,cam1-004-000253-0,7481336.764334724,321579.75938024395,499.66827392578125,RoanCamp,2020-12-04,2020-12-04 10:53:46.383,10:53:46,53.97836875000006,27.174888899999985
3003,464028.118,cam1-004-000254-0,7481335.241976339,321566.55630695773,499.75299072265625,RoanCamp,2020-12-04,2020-12-04 10:53:48.118,10:53:48,53.974754166666635,27.175794955555567
3004,464030.12,cam1-004-000255-0,7481333.335145006,321550.3132336363,499.79266357421875,RoanCamp,2020-12-04,2020-12-04 10:53:50.120,10:53:50,53.970583333333344,27.176840444444444
3005,464032.122,cam1-004-000256-0,7481331.528452257,321534.82996189443,499.8299865722656,RoanCamp,2020-12-04,2020-12-04 10:53:52.122,10:53:52,53.96641250000006,27.17788593333332
3006,464034.658,cam1-004-000257-0,7481329.102005722,321514.9192284611,499.7850646972656,RoanCamp,2020-12-04,2020-12-04 10:53:54.658,10:53:54,53.96112916666668,27.17921028888889
3007,464036.126,cam1-004-000258-0,7481327.781717944,321503.6840054339,499.7471923828125,RoanCamp,2020-12-04,2020-12-04 10:53:56.126,10:53:56,53.95807083333336,27.179976911111105
3008,464037.994,cam1-004-000259-0,7481326.07784423,321488.54162364174,499.6356506347656,RoanCamp,2020-12-04,2020-12-04 10:53:57.994,10:53:57,53.954179166666655,27.180952422222227
3009,464039.996,cam1-004-000260-0,7481324.338990722,321472.7518299403,499.6090087890625,RoanCamp,2020-12-04,2020-12-04 10:53:59.996,10:53:59,53.95000833333337,27.181997911111104
3010,464041.998,cam1-004-000261-0,7481322.604382338,321457.0474492794,499.56561279296875,RoanCamp,2020-12-04,2020-12-04 10:54:01.998,10:54:01,53.94583749999996,27.183043400000013
3011,464044.534,cam1-004-000262-0,7481320.473659413,321437.2539052103,499.59320068359375,RoanCamp,2020-12-04,2020-12-04 10:54:04.534,10:54:04,53.9405541666667,27.18436775555555
3012,464046.002,cam1-004-000263-0,7481318.982845161,321425.4540479018,499.6132507324219,RoanCamp,2020-12-04,2020-12-04 10:54:06.002,10:54:06,53.93749583333338,27.185134377777768
3013,464048.004,cam1-004-000264-0,7481317.037104163,321409.79414779786,499.621337890625,RoanCamp,2020-12-04,2020-12-04 10:54:08.004,10:54:08,53.93332499999997,27.186179866666677
3014,464050.006,cam1-004-000265-0,7481315.226502863,321393.98111087247,499.6539611816406,RoanCamp,2020-12-04,2020-12-04 10:54:10.006,10:54:10,53.929154166666684,27.187225355555555
3015,464052.675,cam1-004-000266-0,7481312.903224526,321372.3542487773,499.61456298828125,RoanCamp,2020-12-04,2020-12-04 10:54:12.675,10:54:12,53.92359375000002,27.188619166666662
3016,464054.01,cam1-004-000267-0,7481311.7802778855,321361.60617508227,499.61944580078125,RoanCamp,2020-12-04,2020-12-04 10:54:14.010,10:54:14,53.92081249999998,27.189316333333338
3017,464056.012,cam1-004-000268-0,7481310.060071117,321346.0287114273,499.55853271484375,RoanCamp,2020-12-04,2020-12-04 10:54:16.012,10:54:16,53.91664166666669,27.190361822222215
3018,464058.014,cam1-004-000269-0,7481308.0408048695,321330.5148148615,499.4288024902344,RoanCamp,2020-12-04,2020-12-04 10:54:18.014,10:54:18,53.91247083333329,27.191407311111124
3019,464060.683,cam1-004-000270-0,7481305.484545065,321309.4949520325,499.4643859863281,RoanCamp,2020-12-04,2020-12-04 10:54:20.683,10:54:20,53.90691041666663,27.19280112222223
3020,464062.018,cam1-004-000271-0,7481304.259307446,321298.8902444912,499.4544372558594,RoanCamp,2020-12-04,2020-12-04 10:54:22.018,10:54:22,53.904129166666706,27.19349828888888
3021,464064.02,cam1-004-000272-0,7481302.384445306,321283.2516681758,499.48065185546875,RoanCamp,2020-12-04,2020-12-04 10:54:24.020,10:54:24,53.899958333333295,27.19454377777779
3022,464066.022,cam1-004-000273-0,7481300.5054488685,321267.33372470015,499.556640625,RoanCamp,2020-12-04,2020-12-04 10:54:26.022,10:54:26,53.89578750000001,27.195589266666666
3023,464068.024,cam1-004-000274-0,7481298.6970724445,321251.288889869,499.4444580078125,RoanCamp,2020-12-04,2020-12-04 10:54:28.024,10:54:28,53.89161666666672,27.196634755555543
3024,464070.426,cam1-004-000275-0,7481296.475750497,321231.6500972897,499.3960266113281,RoanCamp,2020-12-04,2020-12-04 10:54:30.426,10:54:30,53.88661250000005,27.197889133333323
3025,464072.028,cam1-004-000276-0,7481294.88990329,321218.84339928156,499.37799072265625,RoanCamp,2020-12-04,2020-12-04 10:54:32.028,10:54:32,53.88327500000002,27.19872573333333
3026,464074.03,cam1-004-000277-0,7481292.961097299,321202.9411819618,499.281982421875,RoanCamp,2020-12-04,2020-12-04 10:54:34.030,10:54:34,53.87910416666661,27.19977122222224
3027,464076.032,cam1-004-000278-0,7481291.07380458,321186.970842081,499.24169921875,RoanCamp,2020-12-04,2020-12-04 10:54:36.032,10:54:36,53.874933333333324,27.200816711111116
3028,464078.701,cam1-004-000279-0,7481288.86448834,321165.5839632823,499.4679260253906,RoanCamp,2020-12-04,2020-12-04 10:54:38.701,10:54:38,53.86937291666667,27.202210522222224
3029,464080.036,cam1-004-000280-0,7481287.733581605,321154.87431248894,499.60791015625,RoanCamp,2020-12-04,2020-12-04 10:54:40.036,10:54:40,53.86659166666662,27.2029076888889
3030,464082.038,cam1-004-000281-0,7481285.892451836,321139.0849012319,499.7242126464844,RoanCamp,2020-12-04,2020-12-04 10:54:42.038,10:54:42,53.86242083333333,27.20395317777778
3031,464084.04,cam1-004-000282-0,7481283.999582041,321123.2361374333,499.7837219238281,RoanCamp,2020-12-04,2020-12-04 10:54:44.040,10:54:44,53.85825000000005,27.204998666666658
3032,464086.709,cam1-004-000283-0,7481281.284829531,321101.7142278274,499.8172302246094,RoanCamp,2020-12-04,2020-12-04 10:54:46.709,10:54:46,53.852689583333394,27.206392477777765
3033,464088.044,cam1-004-000284-0,7481279.98091677,321090.88179089973,499.8650207519531,RoanCamp,2020-12-04,2020-12-04 10:54:48.044,10:54:48,53.849908333333346,27.20708964444444
3034,464090.046,cam1-004-000285-0,7481278.2625660505,321074.81589330925,499.8961486816406,RoanCamp,2020-12-04,2020-12-04 10:54:50.046,10:54:50,53.845737500000055,27.20813513333332
3035,464092.048,cam1-004-000286-0,7481276.581579078,321058.7926172642,499.88323974609375,RoanCamp,2020-12-04,2020-12-04 10:54:52.048,10:54:52,53.84156666666665,27.209180622222227
3036,464094.05,cam1-004-000287-0,7481274.76611276,321042.90742857463,499.8222351074219,RoanCamp,2020-12-04,2020-12-04 10:54:54.050,10:54:54,53.83739583333336,27.210226111111105
3037,464096.452,cam1-004-000288-0,7481272.433385864,321023.962003815,499.8412780761719,RoanCamp,2020-12-04,2020-12-04 10:54:56.452,10:54:56,53.83239166666669,27.211480488888885
3038,464098.054,cam1-004-000289-0,7481270.93775532,321010.69860470295,499.82452392578125,RoanCamp,2020-12-04,2020-12-04 10:54:58.054,10:54:58,53.829054166666666,27.21231708888889
3039,464100.056,cam1-004-000290-0,7481269.205158822,320994.92672036676,499.8613586425781,RoanCamp,2020-12-04,2020-12-04 10:55:00.056,10:55:00,53.824883333333375,27.21336257777777
3040,464104.327,cam1-004-000291-0,7481265.262063267,320961.1441451254,499.8936462402344,RoanCamp,2020-12-04,2020-12-04 10:55:04.327,10:55:04,53.81598541666669,27.215592988888886
3041,464106.996,cam1-004-000292-0,7481262.85849086,320940.44738637505,499.8136291503906,RoanCamp,2020-12-04,2020-12-04 10:55:06.996,10:55:06,53.81042500000004,27.216986799999994
3042,464108.331,cam1-004-000293-0,7481261.692316547,320929.87416167115,499.7519836425781,RoanCamp,2020-12-04,2020-12-04 10:55:08.331,10:55:08,53.80764374999999,27.21768396666667
3043,464110.333,cam1-004-000294-0,7481259.988034504,320914.2935188647,499.7883605957031,RoanCamp,2020-12-04,2020-12-04 10:55:10.333,10:55:10,53.803472916666706,27.218729455555547
3044,464113.002,cam1-004-000295-0,7481257.477428941,320892.92291654355,499.82476806640625,RoanCamp,2020-12-04,2020-12-04 10:55:13.002,10:55:13,53.797912500000045,27.220123266666658
3045,464115.538,cam1-004-000296-0,7481254.988168908,320872.7002217584,499.8390808105469,RoanCamp,2020-12-04,2020-12-04 10:55:15.538,10:55:15,53.79262916666667,27.22144762222222
3046,464116.339,cam1-004-000297-0,7481254.200081753,320866.29311562877,499.828857421875,RoanCamp,2020-12-04,2020-12-04 10:55:16.339,10:55:16,53.790960416666714,27.22186592222221
3047,464118.341,cam1-004-000298-0,7481252.307199402,320850.19992148347,499.7950744628906,RoanCamp,2020-12-04,2020-12-04 10:55:18.341,10:55:18,53.7867895833333,27.22291141111112
3048,464120.343,cam1-004-000299-0,7481250.437724998,320833.4559307981,499.6673583984375,RoanCamp,2020-12-04,2020-12-04 10:55:20.343,10:55:20,53.78261875000002,27.223956899999997
3049,464122.345,cam1-004-000300-0,7481248.4651820585,320817.43001391704,499.6239318847656,RoanCamp,2020-12-04,2020-12-04 10:55:22.345,10:55:22,53.77844791666673,27.225002388888875
3050,464125.014,cam1-004-000301-0,7481246.037479487,320796.3925277835,499.5867614746094,RoanCamp,2020-12-04,2020-12-04 10:55:25.014,10:55:25,53.77288749999995,27.226396200000014
3051,464126.349,cam1-004-000302-0,7481244.821161415,320785.60872306296,499.548095703125,RoanCamp,2020-12-04,2020-12-04 10:55:26.349,10:55:26,53.770106250000026,27.22709336666666
3052,464128.351,cam1-004-000303-0,7481243.0295431595,320769.62955301907,499.51239013671875,RoanCamp,2020-12-04,2020-12-04 10:55:28.351,10:55:28,53.76593541666662,27.22813885555557
3053,464130.353,cam1-004-000304-0,7481241.153441663,320752.9268059053,499.5241394042969,RoanCamp,2020-12-04,2020-12-04 10:55:30.353,10:55:30,53.76176458333333,27.229184344444448
3054,464132.355,cam1-004-000305-0,7481239.267201866,320736.9600531879,499.6053161621094,RoanCamp,2020-12-04,2020-12-04 10:55:32.355,10:55:32,53.75759375000004,27.230229833333325
3055,464134.757,cam1-004-000306-0,7481237.105374822,320718.0251886634,499.6259460449219,RoanCamp,2020-12-04,2020-12-04 10:55:34.757,10:55:34,53.752589583333375,27.231484211111102
3056,464136.359,cam1-004-000307-0,7481235.588731311,320705.5442722087,499.6323547363281,RoanCamp,2020-12-04,2020-12-04 10:55:36.359,10:55:36,53.749252083333346,27.23232081111111
3057,464138.361,cam1-004-000308-0,7481233.589857773,320689.2715827223,499.6936950683594,RoanCamp,2020-12-04,2020-12-04 10:55:38.361,10:55:38,53.745081250000055,27.23336629999999
3058,464140.363,cam1-004-000309-0,7481231.61782777,320673.57952334697,499.74420166015625,RoanCamp,2020-12-04,2020-12-04 10:55:40.363,10:55:40,53.740910416666644,27.234411788888895
3059,464143.032,cam1-004-000310-0,7481229.211997702,320652.6942582716,499.7795715332031,RoanCamp,2020-12-04,2020-12-04 10:55:43.032,10:55:43,53.73534999999999,27.235805600000006
3060,464144.366,cam1-004-000311-0,7481228.013814374,320641.93106650014,499.7802734375,RoanCamp,2020-12-04,2020-12-04 10:55:44.366,10:55:44,53.73257083333338,27.236502244444434
3061,464146.368,cam1-004-000312-0,7481226.203136191,320626.0070074771,499.68023681640625,RoanCamp,2020-12-04,2020-12-04 10:55:46.368,10:55:46,53.728399999999965,27.237547733333344
3062,464148.37,cam1-004-000313-0,7481224.302963156,320609.59479689563,499.6023864746094,RoanCamp,2020-12-04,2020-12-04 10:55:48.370,10:55:48,53.72422916666668,27.23859322222222
3063,464150.372,cam1-004-000314-0,7481222.569244267,320593.8598236351,499.563720703125,RoanCamp,2020-12-04,2020-12-04 10:55:50.372,10:55:50,53.72005833333339,27.2396387111111
3064,464152.775,cam1-004-000315-0,7481220.50555262,320574.93899308797,499.627197265625,RoanCamp,2020-12-04,2020-12-04 10:55:52.775,10:55:52,53.71505208333329,27.240893611111126
3065,464154.376,cam1-004-000316-0,7481219.009662375,320562.34671109996,499.6058654785156,RoanCamp,2020-12-04,2020-12-04 10:55:54.376,10:55:54,53.71171666666669,27.241729688888885
3066,464156.378,cam1-004-000317-0,7481217.063654156,320545.7204625483,499.4671325683594,RoanCamp,2020-12-04,2020-12-04 10:55:56.378,10:55:56,53.707545833333285,27.24277517777779
3067,464158.38,cam1-004-000318-0,7481215.212077979,320529.6088635449,499.37322998046875,RoanCamp,2020-12-04,2020-12-04 10:55:58.380,10:55:58,53.703374999999994,27.24382066666667
3068,464161.05,cam1-004-000319-0,7481212.861143032,320508.7043916128,499.4954833984375,RoanCamp,2020-12-04,2020-12-04 10:56:01.050,10:56:01,53.697812500000026,27.245214999999995
3069,464162.384,cam1-004-000320-0,7481211.629419465,320498.05919149774,499.600341796875,RoanCamp,2020-12-04,2020-12-04 10:56:02.384,10:56:02,53.69503333333329,27.245911644444455
3070,464164.386,cam1-004-000321-0,7481210.052970175,320482.6272976029,499.6900634765625,RoanCamp,2020-12-04,2020-12-04 10:56:04.386,10:56:04,53.69086250000001,27.246957133333332
3071,464166.388,cam1-004-000322-0,7481211.564834569,320470.5027225051,499.72119140625,RoanCamp,2020-12-04,2020-12-04 10:56:06.388,10:56:06,53.68669166666672,27.24800262222221
3072,464168.924,cam1-004-000323-0,7481215.362597935,320470.4608263759,499.4272155761719,RoanCamp,2020-12-04,2020-12-04 10:56:08.924,10:56:08,53.68140833333334,27.249326977777777
3073,464170.392,cam1-004-000324-0,7481220.302049744,320470.7518667546,499.40087890625,RoanCamp,2020-12-04,2020-12-04 10:56:10.392,10:56:10,53.678350000000016,27.250093599999996
3074,464172.394,cam1-004-000325-0,7481235.384119646,320469.7907843718,499.66448974609375,RoanCamp,2020-12-04,2020-12-04 10:56:12.394,10:56:12,53.67417916666673,27.251139088888873
3075,464174.396,cam1-004-000326-0,7481253.3048316315,320470.46041634947,500.057373046875,RoanCamp,2020-12-04,2020-12-04 10:56:14.396,10:56:14,53.67000833333332,27.252184577777783
3076,464176.398,cam1-004-000327-0,7481269.558094749,320471.96572691726,500.2012634277344,RoanCamp,2020-12-04,2020-12-04 10:56:16.398,10:56:16,53.66583750000003,27.25323006666666
3077,464178.934,cam1-004-000328-0,7481289.895246935,320473.0125969172,500.3167419433594,RoanCamp,2020-12-04,2020-12-04 10:56:18.934,10:56:18,53.66055416666665,27.254554422222228
3078,464180.402,cam1-004-000329-0,7481301.267723454,320473.4736595113,500.4110107421875,RoanCamp,2020-12-04,2020-12-04 10:56:20.402,10:56:20,53.65749583333333,27.255321044444447
3079,464182.404,cam1-004-000330-0,7481317.485661084,320475.46011541557,500.603759765625,RoanCamp,2020-12-04,2020-12-04 10:56:22.404,10:56:22,53.653325000000045,27.256366533333324
3080,464184.406,cam1-004-000331-0,7481323.972071584,320482.994715536,500.7286682128906,RoanCamp,2020-12-04,2020-12-04 10:56:24.406,10:56:24,53.649154166666634,27.257412022222233
3081,464188.01,cam1-004-000332-0,7481324.280554898,320491.13488730777,499.7867431640625,RoanCamp,2020-12-04,2020-12-04 10:56:28.010,10:56:28,53.641645833333314,27.259294111111117
3082,464188.41,cam1-004-000333-0,7481324.975208404,320493.5934016123,499.7222900390625,RoanCamp,2020-12-04,2020-12-04 10:56:28.410,10:56:28,53.64081250000005,27.259502999999988
3083,464190.412,cam1-004-000334-0,7481328.106696339,320509.7935374059,499.7955627441406,RoanCamp,2020-12-04,2020-12-04 10:56:30.412,10:56:30,53.63664166666665,27.260548488888894
3084,464192.414,cam1-004-000335-0,7481329.860954147,320527.1394525436,499.9579162597656,RoanCamp,2020-12-04,2020-12-04 10:56:32.414,10:56:32,53.63247083333336,27.261593977777775
3085,464194.416,cam1-004-000336-0,7481331.619283723,320543.07062450005,500.0640563964844,RoanCamp,2020-12-04,2020-12-04 10:56:34.416,10:56:34,53.628299999999946,27.26263946666668
3086,464196.952,cam1-004-000337-0,7481334.299092382,320563.03275303764,500.20172119140625,RoanCamp,2020-12-04,2020-12-04 10:56:36.952,10:56:36,53.623016666666686,27.26396382222222
3087,464198.42,cam1-004-000338-0,7481335.696297913,320574.2479018271,500.22906494140625,RoanCamp,2020-12-04,2020-12-04 10:56:38.420,10:56:38,53.61995833333337,27.26473044444444
3088,464200.422,cam1-004-000339-0,7481337.630973903,320589.9500682544,500.1842956542969,RoanCamp,2020-12-04,2020-12-04 10:56:40.422,10:56:40,53.61578749999996,27.265775933333344
3089,464202.424,cam1-004-000340-0,7481339.5788209075,320606.4031649986,500.09539794921875,RoanCamp,2020-12-04,2020-12-04 10:56:42.424,10:56:42,53.61161666666667,27.266821422222222
3090,464204.96,cam1-004-000341-0,7481341.940979923,320627.0366008632,500.01904296875,RoanCamp,2020-12-04,2020-12-04 10:56:44.960,10:56:44,53.606333333333296,27.26814577777779
3091,464206.428,cam1-004-000342-0,7481343.151814055,320638.6585425589,499.9206237792969,RoanCamp,2020-12-04,2020-12-04 10:56:46.428,10:56:46,53.603274999999975,27.26891240000001
3092,464208.43,cam1-004-000343-0,7481344.75694009,320654.6251313946,499.8978576660156,RoanCamp,2020-12-04,2020-12-04 10:56:48.430,10:56:48,53.599104166666685,27.269957888888886
3093,464210.432,cam1-004-000344-0,7481346.533822024,320671.1411823087,499.97998046875,RoanCamp,2020-12-04,2020-12-04 10:56:50.432,10:56:50,53.594933333333394,27.271003377777763
3094,464212.968,cam1-004-000345-0,7481348.983179845,320691.3608067063,500.0759582519531,RoanCamp,2020-12-04,2020-12-04 10:56:52.968,10:56:52,53.58965000000002,27.27232773333333
3095,464214.303,cam1-004-000346-0,7481350.143355196,320701.4262567438,500.1479187011719,RoanCamp,2020-12-04,2020-12-04 10:56:54.303,10:56:54,53.58686874999997,27.27302490000001
3096,464216.305,cam1-004-000347-0,7481352.278399976,320717.8810148067,500.2428894042969,RoanCamp,2020-12-04,2020-12-04 10:56:56.305,10:56:56,53.58269791666668,27.274070388888887
3097,464218.307,cam1-004-000348-0,7481354.068983501,320733.67586808535,500.1872253417969,RoanCamp,2020-12-04,2020-12-04 10:56:58.307,10:56:58,53.5785270833334,27.275115877777765
3098,464220.309,cam1-004-000349-0,7481355.808708781,320749.4530788183,500.1072082519531,RoanCamp,2020-12-04,2020-12-04 10:57:00.309,10:57:00,53.57435624999999,27.27616136666667
3099,464222.711,cam1-004-000350-0,7481357.820504603,320768.5779839398,500.09765625,RoanCamp,2020-12-04,2020-12-04 10:57:02.711,10:57:02,53.569352083333314,27.27741574444445
3100,464224.313,cam1-004-000351-0,7481359.368302533,320781.95559758117,500.1103515625,RoanCamp,2020-12-04,2020-12-04 10:57:04.313,10:57:04,53.566014583333285,27.278252344444457
3101,464226.315,cam1-004-000352-0,7481361.114477713,320797.7868487611,500.16656494140625,RoanCamp,2020-12-04,2020-12-04 10:57:06.315,10:57:06,53.561843749999994,27.279297833333334
3102,464228.317,cam1-004-000353-0,7481362.7790192105,320813.9027786046,500.2199401855469,RoanCamp,2020-12-04,2020-12-04 10:57:08.317,10:57:08,53.55767291666671,27.280343322222212
3103,464230.986,cam1-004-000354-0,7481365.296349896,320835.63374243863,500.5111083984375,RoanCamp,2020-12-04,2020-12-04 10:57:10.986,10:57:10,53.55211250000006,27.281737133333323
3104,464232.321,cam1-004-000355-0,7481366.639226312,320845.5514219913,500.4872741699219,RoanCamp,2020-12-04,2020-12-04 10:57:12.321,10:57:12,53.54933125000001,27.2824343
3105,464234.323,cam1-004-000356-0,7481368.570633631,320861.89126956905,500.4457092285156,RoanCamp,2020-12-04,2020-12-04 10:57:14.323,10:57:14,53.54516041666672,27.283479788888876
3106,464236.325,cam1-004-000357-0,7481370.346229949,320877.66923776316,500.3426208496094,RoanCamp,2020-12-04,2020-12-04 10:57:16.325,10:57:16,53.540989583333314,27.284525277777785
3107,464238.994,cam1-004-000358-0,7481372.70488891,320898.8542005485,500.3492736816406,RoanCamp,2020-12-04,2020-12-04 10:57:18.994,10:57:18,53.53542916666666,27.285919088888893
3108,464240.328,cam1-004-000359-0,7481374.044146361,320909.62158437213,500.32720947265625,RoanCamp,2020-12-04,2020-12-04 10:57:20.328,10:57:20,53.53265000000005,27.286615733333324
3109,464242.33,cam1-004-000360-0,7481375.98131516,320926.15778815304,500.3072509765625,RoanCamp,2020-12-04,2020-12-04 10:57:22.330,10:57:22,53.528479166666635,27.287661222222233
3110,464244.332,cam1-004-000361-0,7481377.654858515,320941.8644768385,500.2615051269531,RoanCamp,2020-12-04,2020-12-04 10:57:24.332,10:57:24,53.524308333333344,27.28870671111111
3111,464246.334,cam1-004-000362-0,7481379.424609359,320957.5064541558,500.1462707519531,RoanCamp,2020-12-04,2020-12-04 10:57:26.334,10:57:26,53.52013750000006,27.289752199999988
3112,464248.737,cam1-004-000363-0,7481381.597781941,320976.2675740069,499.9241943359375,RoanCamp,2020-12-04,2020-12-04 10:57:28.737,10:57:28,53.51513124999995,27.291007100000012
3113,464250.338,cam1-004-000364-0,7481382.984474577,320988.6472896942,499.8206787109375,RoanCamp,2020-12-04,2020-12-04 10:57:30.338,10:57:30,53.51179583333336,27.29184317777777
3114,464252.34,cam1-004-000365-0,7481384.820698999,321004.7857287228,499.7639465332031,RoanCamp,2020-12-04,2020-12-04 10:57:32.340,10:57:32,53.50762499999995,27.29288866666668
3115,464254.342,cam1-004-000366-0,7481386.723791413,321020.3821472803,499.76397705078125,RoanCamp,2020-12-04,2020-12-04 10:57:34.342,10:57:34,53.50345416666666,27.293934155555558
3116,464257.012,cam1-004-000367-0,7481389.338805918,321041.91215188615,499.8140563964844,RoanCamp,2020-12-04,2020-12-04 10:57:37.012,10:57:37,53.497891666666696,27.295328488888885
3117,464258.346,cam1-004-000368-0,7481390.45215241,321052.02719357715,499.865234375,RoanCamp,2020-12-04,2020-12-04 10:57:38.346,10:57:38,53.49511249999996,27.296025133333345
3118,464260.348,cam1-004-000369-0,7481392.317990111,321068.5406748352,499.9682312011719,RoanCamp,2020-12-04,2020-12-04 10:57:40.348,10:57:40,53.49094166666667,27.297070622222222
3119,464262.35,cam1-004-000370-0,7481394.162574483,321084.38314402767,500.108642578125,RoanCamp,2020-12-04,2020-12-04 10:57:42.350,10:57:42,53.48677083333338,27.2981161111111
3120,464265.02,cam1-004-000371-0,7481396.547801865,321105.2104847358,500.19573974609375,RoanCamp,2020-12-04,2020-12-04 10:57:45.020,10:57:45,53.4812083333333,27.299510444444454
3121,464266.354,cam1-004-000372-0,7481397.787790211,321115.8209050079,500.24072265625,RoanCamp,2020-12-04,2020-12-04 10:57:46.354,10:57:46,53.478429166666686,27.300207088888886
3122,464268.356,cam1-004-000373-0,7481399.725832043,321131.38909456984,500.33880615234375,RoanCamp,2020-12-04,2020-12-04 10:57:48.356,10:57:48,53.474258333333275,27.301252577777795
3123,464270.358,cam1-004-000374-0,7481401.637154939,321147.47550249984,500.4624938964844,RoanCamp,2020-12-04,2020-12-04 10:57:50.358,10:57:50,53.47008749999999,27.302298066666673
3124,464273.028,cam1-004-000375-0,7481404.030502397,321168.0373803923,500.5162353515625,RoanCamp,2020-12-04,2020-12-04 10:57:53.028,10:57:53,53.46452500000002,27.303692399999996
3125,464274.362,cam1-004-000376-0,7481405.251317939,321178.65572720487,500.6560974121094,RoanCamp,2020-12-04,2020-12-04 10:57:54.362,10:57:54,53.46174583333329,27.304389044444456
3126,464276.364,cam1-004-000377-0,7481407.173681185,321194.4252882211,500.84716796875,RoanCamp,2020-12-04,2020-12-04 10:57:56.364,10:57:56,53.457575,27.305434533333337
3127,464278.366,cam1-004-000378-0,7481408.963324979,321211.048029885,500.85076904296875,RoanCamp,2020-12-04,2020-12-04 10:57:58.366,10:57:58,53.453404166666715,27.306480022222214
3128,464280.368,cam1-004-000379-0,7481410.880400043,321226.78490065184,500.8399963378906,RoanCamp,2020-12-04,2020-12-04 10:58:00.368,10:58:00,53.449233333333304,27.30752551111112
3129,464282.771,cam1-004-000380-0,7481413.081041341,321245.85125077073,500.78094482421875,RoanCamp,2020-12-04,2020-12-04 10:58:02.771,10:58:02,53.44422708333332,27.308780411111115
3130,464284.372,cam1-004-000381-0,7481414.339957847,321258.6671684491,500.6720886230469,RoanCamp,2020-12-04,2020-12-04 10:58:04.372,10:58:04,53.44089166666672,27.309616488888878
3131,464286.374,cam1-004-000382-0,7481416.213063646,321274.49675299495,500.5538330078125,RoanCamp,2020-12-04,2020-12-04 10:58:06.374,10:58:06,53.43672083333331,27.310661977777784
3132,464288.376,cam1-004-000383-0,7481418.27269115,321290.93860051926,500.4923400878906,RoanCamp,2020-12-04,2020-12-04 10:58:08.376,10:58:08,53.43255000000003,27.31170746666666
3133,464291.046,cam1-004-000384-0,7481420.597830143,321312.08550229855,500.577880859375,RoanCamp,2020-12-04,2020-12-04 10:58:11.046,10:58:11,53.42698750000006,27.313101799999988
3134,464292.38,cam1-004-000385-0,7481421.869064826,321322.79098423594,500.60357666015625,RoanCamp,2020-12-04,2020-12-04 10:58:12.380,10:58:12,53.424208333333326,27.313798444444448
3135,464294.382,cam1-004-000386-0,7481423.822150635,321338.34431520547,500.5683898925781,RoanCamp,2020-12-04,2020-12-04 10:58:14.382,10:58:14,53.420037500000035,27.314843933333325
3136,464296.384,cam1-004-000387-0,7481425.819743675,321354.638848167,500.615966796875,RoanCamp,2020-12-04,2020-12-04 10:58:16.384,10:58:16,53.41586666666663,27.315889422222234
3137,464298.386,cam1-004-000388-0,7481427.40919819,321370.9212094591,500.8528747558594,RoanCamp,2020-12-04,2020-12-04 10:58:18.386,10:58:18,53.41169583333334,27.31693491111111
3138,464300.789,cam1-004-000389-0,7481429.847513496,321389.8814533083,501.0106201171875,RoanCamp,2020-12-04,2020-12-04 10:58:20.789,10:58:20,53.40668958333336,27.318189811111107
3139,464302.39,cam1-004-000390-0,7481431.19419511,321402.3984253739,501.0321350097656,RoanCamp,2020-12-04,2020-12-04 10:58:22.390,10:58:22,53.40335416666664,27.3190258888889
3140,464304.392,cam1-004-000391-0,7481433.000835236,321418.49404638703,501.0008850097656,RoanCamp,2020-12-04,2020-12-04 10:58:24.392,10:58:24,53.399183333333355,27.320071377777776
3141,464306.394,cam1-004-000392-0,7481434.868313567,321434.1252965324,500.89764404296875,RoanCamp,2020-12-04,2020-12-04 10:58:26.394,10:58:26,53.395012500000064,27.321116866666653
3142,464308.93,cam1-004-000393-0,7481437.234618722,321454.2547365142,500.7484436035156,RoanCamp,2020-12-04,2020-12-04 10:58:28.930,10:58:28,53.38972916666668,27.32244122222222
3143,464310.398,cam1-004-000394-0,7481438.530540073,321465.5453330728,500.72027587890625,RoanCamp,2020-12-04,2020-12-04 10:58:30.398,10:58:30,53.38667083333336,27.32320784444444
3144,464312.4,cam1-004-000395-0,7481440.366066044,321481.20158262295,500.7141418457031,RoanCamp,2020-12-04,2020-12-04 10:58:32.400,10:58:32,53.38249999999995,27.324253333333345
3145,464314.402,cam1-004-000396-0,7481442.191058598,321497.44107981876,500.6740417480469,RoanCamp,2020-12-04,2020-12-04 10:58:34.402,10:58:34,53.37832916666667,27.325298822222223
3146,464316.938,cam1-004-000397-0,7481444.468099597,321517.4875164333,500.5047302246094,RoanCamp,2020-12-04,2020-12-04 10:58:36.938,10:58:36,53.373045833333286,27.32662317777779
3147,464318.406,cam1-004-000398-0,7481445.766788978,321528.7417546272,500.4660339355469,RoanCamp,2020-12-04,2020-12-04 10:58:38.406,10:58:38,53.369987499999965,27.32738980000001
3148,464320.408,cam1-004-000399-0,7481447.68092385,321544.4156770583,500.4521789550781,RoanCamp,2020-12-04,2020-12-04 10:58:40.408,10:58:40,53.365816666666674,27.328435288888887
3149,464322.41,cam1-004-000400-0,7481449.628133908,321560.888388118,500.4299011230469,RoanCamp,2020-12-04,2020-12-04 10:58:42.410,10:58:42,53.36164583333339,27.329480777777764
3150,464324.946,cam1-004-000401-0,7481451.949928627,321580.53808986675,500.5144348144531,RoanCamp,2020-12-04,2020-12-04 10:58:44.946,10:58:44,53.35636250000001,27.33080513333333
3151,464326.414,cam1-004-000402-0,7481453.392955811,321592.59782682697,500.5103454589844,RoanCamp,2020-12-04,2020-12-04 10:58:46.414,10:58:46,53.35330416666669,27.33157175555555
3152,464328.416,cam1-004-000403-0,7481455.308515614,321608.5661902229,500.64373779296875,RoanCamp,2020-12-04,2020-12-04 10:58:48.416,10:58:48,53.349133333333285,27.33261724444446
3153,464330.418,cam1-004-000404-0,7481457.062739413,321624.68070388434,500.6767272949219,RoanCamp,2020-12-04,2020-12-04 10:58:50.418,10:58:50,53.344962499999994,27.333662733333338
3154,464332.42,cam1-004-000405-0,7481458.9366413485,321641.32970010024,500.6302490234375,RoanCamp,2020-12-04,2020-12-04 10:58:52.420,10:58:52,53.3407916666667,27.334708222222215
3155,464334.822,cam1-004-000406-0,7481461.170592833,321660.4351052833,500.52606201171875,RoanCamp,2020-12-04,2020-12-04 10:58:54.822,10:58:54,53.33578750000003,27.335962599999995
3156,464336.424,cam1-004-000407-0,7481462.668642804,321673.15674089384,500.44976806640625,RoanCamp,2020-12-04,2020-12-04 10:58:56.424,10:58:56,53.33245000000001,27.3367992
3157,464338.426,cam1-004-000408-0,7481464.503416656,321689.09841126594,500.3975524902344,RoanCamp,2020-12-04,2020-12-04 10:58:58.426,10:58:58,53.32827916666672,27.33784468888888
3158,464340.428,cam1-004-000409-0,7481466.4858908355,321705.6735424552,500.35870361328125,RoanCamp,2020-12-04,2020-12-04 10:59:00.428,10:59:00,53.32410833333331,27.338890177777785
3159,464342.964,cam1-004-000410-0,7481468.955098987,321726.0355828223,500.3951721191406,RoanCamp,2020-12-04,2020-12-04 10:59:02.964,10:59:02,53.31882500000005,27.340214533333324
3160,464344.432,cam1-004-000411-0,7481470.391439173,321737.49931145867,500.5132141113281,RoanCamp,2020-12-04,2020-12-04 10:59:04.432,10:59:04,53.31576666666673,27.340981155555543
3161,464346.434,cam1-004-000412-0,7481472.14900157,321753.4721334487,500.6388854980469,RoanCamp,2020-12-04,2020-12-04 10:59:06.434,10:59:06,53.31159583333332,27.34202664444445
3162,464348.436,cam1-004-000413-0,7481473.9023075495,321768.9385183883,500.88873291015625,RoanCamp,2020-12-04,2020-12-04 10:59:08.436,10:59:08,53.30742500000003,27.343072133333326
3163,464350.972,cam1-004-000414-0,7481476.140063319,321788.5752741976,501.2225036621094,RoanCamp,2020-12-04,2020-12-04 10:59:10.972,10:59:10,53.30214166666665,27.344396488888894
3164,464352.44,cam1-004-000415-0,7481477.623824589,321800.44732217107,501.2686767578125,RoanCamp,2020-12-04,2020-12-04 10:59:12.440,10:59:12,53.29908333333333,27.345163111111113
3165,464354.308,cam1-004-000416-0,7481479.132331417,321814.91021522897,501.2592468261719,RoanCamp,2020-12-04,2020-12-04 10:59:14.308,10:59:14,53.29519166666663,27.346138622222234
3166,464356.31,cam1-004-000417-0,7481480.962942563,321831.2130220381,501.19219970703125,RoanCamp,2020-12-04,2020-12-04 10:59:16.310,10:59:16,53.29102083333334,27.347184111111112
3167,464358.312,cam1-004-000418-0,7481482.788722421,321846.97833115736,501.1634826660156,RoanCamp,2020-12-04,2020-12-04 10:59:18.312,10:59:18,53.28685000000005,27.34822959999999
3168,464360.715,cam1-004-000419-0,7481485.109090643,321866.1013334276,501.0936279296875,RoanCamp,2020-12-04,2020-12-04 10:59:20.715,10:59:20,53.28184374999995,27.349484500000013
3169,464362.316,cam1-004-000420-0,7481486.557611177,321878.9042082153,501.10589599609375,RoanCamp,2020-12-04,2020-12-04 10:59:22.316,10:59:22,53.278508333333356,27.350320577777776
3170,464364.318,cam1-004-000421-0,7481488.444269285,321895.4452779498,501.1163635253906,RoanCamp,2020-12-04,2020-12-04 10:59:24.318,10:59:24,53.274337499999945,27.35136606666668
3171,464366.32,cam1-004-000422-0,7481490.10279843,321911.18519525335,501.0056457519531,RoanCamp,2020-12-04,2020-12-04 10:59:26.320,10:59:26,53.270166666666654,27.35241155555556
3172,464368.99,cam1-004-000423-0,7481492.542891789,321931.6445070341,500.96954345703125,RoanCamp,2020-12-04,2020-12-04 10:59:28.990,10:59:28,53.264604166666686,27.353805888888886
3173,464370.324,cam1-004-000424-0,7481493.902904922,321942.13627964497,501.0222473144531,RoanCamp,2020-12-04,2020-12-04 10:59:30.324,10:59:30,53.26182499999996,27.354502533333346
3174,464372.326,cam1-004-000425-0,7481495.800222278,321957.906164913,501.0124816894531,RoanCamp,2020-12-04,2020-12-04 10:59:32.326,10:59:32,53.25765416666667,27.355548022222223
3175,464374.328,cam1-004-000426-0,7481497.702248552,321974.3177050633,501.0289611816406,RoanCamp,2020-12-04,2020-12-04 10:59:34.328,10:59:34,53.25348333333338,27.3565935111111
3176,464376.33,cam1-004-000427-0,7481499.63918387,321990.0864648884,501.0246276855469,RoanCamp,2020-12-04,2020-12-04 10:59:36.330,10:59:36,53.24931249999997,27.35763900000001
3177,464378.733,cam1-004-000428-0,7481501.889636258,322008.9712570199,500.85888671875,RoanCamp,2020-12-04,2020-12-04 10:59:38.733,10:59:38,53.24430624999999,27.358893900000005
3178,464380.334,cam1-004-000429-0,7481503.267514851,322021.4954250982,500.81097412109375,RoanCamp,2020-12-04,2020-12-04 10:59:40.334,10:59:40,53.24097083333339,27.359729977777764
3179,464382.336,cam1-004-000430-0,7481505.100026686,322037.8995443414,500.8530578613281,RoanCamp,2020-12-04,2020-12-04 10:59:42.336,10:59:42,53.23679999999998,27.360775466666674
3180,464384.338,cam1-004-000431-0,7481506.931048939,322053.69001374056,500.8697509765625,RoanCamp,2020-12-04,2020-12-04 10:59:44.338,10:59:44,53.23262916666669,27.36182095555555
3181,464387.008,cam1-004-000432-0,7481509.2627709005,322074.85201386386,501.0039367675781,RoanCamp,2020-12-04,2020-12-04 10:59:47.008,10:59:47,53.22706666666673,27.363215288888874
3182,464388.342,cam1-004-000433-0,7481510.479837034,322085.73409871396,501.00299072265625,RoanCamp,2020-12-04,2020-12-04 10:59:48.342,10:59:48,53.224287499999996,27.363911933333338
3183,464390.344,cam1-004-000434-0,7481512.399366908,322102.2347679476,500.98773193359375,RoanCamp,2020-12-04,2020-12-04 10:59:50.344,10:59:50,53.220116666666705,27.364957422222215
3184,464392.346,cam1-004-000435-0,7481514.395953193,322117.9553768486,501.0390625,RoanCamp,2020-12-04,2020-12-04 10:59:52.346,10:59:52,53.21594583333329,27.366002911111124
3185,464395.015,cam1-004-000436-0,7481516.801114797,322139.0356566527,500.9026184082031,RoanCamp,2020-12-04,2020-12-04 10:59:55.015,10:59:55,53.21038541666664,27.36739672222223
3186,464396.35,cam1-004-000437-0,7481518.036200795,322149.7641635806,500.8212585449219,RoanCamp,2020-12-04,2020-12-04 10:59:56.350,10:59:56,53.20760416666672,27.36809388888888
3187,464398.352,cam1-004-000438-0,7481519.7716305405,322165.6115405164,500.7689514160156,RoanCamp,2020-12-04,2020-12-04 10:59:58.352,10:59:58,53.20343333333331,27.369139377777785
3188,464400.354,cam1-004-000439-0,7481521.543468824,322181.3513588795,500.7310485839844,RoanCamp,2020-12-04,2020-12-04 11:00:00.354,11:00:00,53.19957716666668,27.370117016666665
3189,464402.356,cam1-004-000440-0,7481523.476379214,322197.1631935972,500.6523132324219,RoanCamp,2020-12-04,2020-12-04 11:00:02.356,11:00:02,53.19718588888886,27.3707787888889
3190,464404.759,cam1-004-000441-0,7481525.809638628,322216.8742139629,500.65093994140625,RoanCamp,2020-12-04,2020-12-04 11:00:04.759,11:00:04,53.19431563888887,27.371573113888896
3191,464406.36,cam1-004-000442-0,7481527.282857316,322229.5064635243,500.6249694824219,RoanCamp,2020-12-04,2020-12-04 11:00:06.360,11:00:06,53.19240333333335,27.37210233333333
3192,464408.362,cam1-004-000443-0,7481529.233172424,322245.1026835952,500.79840087890625,RoanCamp,2020-12-04,2020-12-04 11:00:08.362,11:00:08,53.19001205555553,27.372764105555564
3193,464410.364,cam1-004-000444-0,7481531.132654723,322260.9773022884,500.77960205078125,RoanCamp,2020-12-04,2020-12-04 11:00:10.364,11:00:10,53.18762077777778,27.37342587777778
3194,464413.033,cam1-004-000445-0,7481533.648713583,322282.5616698256,500.9681091308594,RoanCamp,2020-12-04,2020-12-04 11:00:13.033,11:00:13,53.184432805555566,27.374308130555555
3195,464414.368,cam1-004-000446-0,7481535.080358289,322293.34353434097,501.1025695800781,RoanCamp,2020-12-04,2020-12-04 11:00:14.368,11:00:14,53.1828382222222,27.37474942222223
3196,464416.37,cam1-004-000447-0,7481537.084731964,322309.3246851247,501.0811462402344,RoanCamp,2020-12-04,2020-12-04 11:00:16.370,11:00:16,53.180446944444455,27.375411194444442
3197,464418.372,cam1-004-000448-0,7481538.808027072,322325.2121076622,500.78076171875,RoanCamp,2020-12-04,2020-12-04 11:00:18.372,11:00:18,53.1780556666667,27.37607296666666
3198,464420.374,cam1-004-000449-0,7481540.405048356,322340.88871005893,500.549072265625,RoanCamp,2020-12-04,2020-12-04 11:00:20.374,11:00:20,53.175664388888876,27.376734738888892
3199,464422.776,cam1-004-000450-0,7481542.425989933,322360.39896289783,500.51544189453125,RoanCamp,2020-12-04,2020-12-04 11:00:22.776,11:00:22,53.17279533333332,27.37752873333334
3200,464424.378,cam1-004-000451-0,7481543.890171409,322372.9892773482,500.3882141113281,RoanCamp,2020-12-04,2020-12-04 11:00:24.378,11:00:24,53.170881833333304,27.378058283333342
3201,464426.38,cam1-004-000452-0,7481545.534302255,322388.60542388086,500.27166748046875,RoanCamp,2020-12-04,2020-12-04 11:00:26.380,11:00:26,53.16849055555555,27.378720055555558
3202,464428.382,cam1-004-000453-0,7481547.455520265,322404.12177936593,500.3196105957031,RoanCamp,2020-12-04,2020-12-04 11:00:28.382,11:00:28,53.1660992777778,27.379381827777774
3203,464430.918,cam1-004-000454-0,7481550.062450977,322423.46794605977,500.361083984375,RoanCamp,2020-12-04,2020-12-04 11:00:30.918,11:00:30,53.163070166666664,27.38022011666667
3204,464432.386,cam1-004-000455-0,7481550.419004818,322429.4234756795,500.3917236328125,RoanCamp,2020-12-04,2020-12-04 11:00:32.386,11:00:32,53.161316722222224,27.380705372222224
3205,464436.39,cam1-004-000456-0,7481560.215556476,322427.9316452789,499.8894348144531,RoanCamp,2020-12-04,2020-12-04 11:00:36.390,11:00:36,53.15653416666665,27.382028916666673
3206,464438.392,cam1-004-000457-0,7481577.195528762,322426.56223659264,500.1549072265625,RoanCamp,2020-12-04,2020-12-04 11:00:38.392,11:00:38,53.1541428888889,27.382690688888886
3207,464440.394,cam1-004-000458-0,7481595.421292741,322425.61512797745,500.435791015625,RoanCamp,2020-12-04,2020-12-04 11:00:40.394,11:00:40,53.15175161111115,27.3833524611111
3208,464442.396,cam1-004-000459-0,7481611.795484575,322424.5349321577,500.7363586425781,RoanCamp,2020-12-04,2020-12-04 11:00:42.396,11:00:42,53.14936033333333,27.384014233333335
3209,464445.065,cam1-004-000460-0,7481633.324047009,322422.47319441044,500.8743896484375,RoanCamp,2020-12-04,2020-12-04 11:00:45.065,11:00:45,53.14617236111111,27.384896486111113
3210,464446.4,cam1-004-000461-0,7481643.433779523,322421.2942124471,500.8716735839844,RoanCamp,2020-12-04,2020-12-04 11:00:46.400,11:00:46,53.144577777777755,27.385337777777785
3211,464448.402,cam1-004-000462-0,7481658.563107282,322416.280854253,501.0277404785156,RoanCamp,2020-12-04,2020-12-04 11:00:48.402,11:00:48,53.1421865,27.38599955
3212,464450.404,cam1-004-000463-0,7481661.998327151,322411.26871025516,500.7224426269531,RoanCamp,2020-12-04,2020-12-04 11:00:50.404,11:00:50,53.13979522222225,27.386661322222217
3213,464453.874,cam1-004-000464-0,7481660.8145481665,322402.92159846355,500.16754150390625,RoanCamp,2020-12-04,2020-12-04 11:00:53.874,11:00:53,53.13565049999999,27.387808350000004
3214,464454.408,cam1-004-000465-0,7481660.4226058945,322399.1455508515,500.0835266113281,RoanCamp,2020-12-04,2020-12-04 11:00:54.408,11:00:54,53.135012666666675,27.387984866666667
3215,464456.41,cam1-004-000466-0,7481658.837095001,322381.7962437982,499.8285827636719,RoanCamp,2020-12-04,2020-12-04 11:00:56.410,11:00:56,53.13262138888892,27.388646638888883
3216,464458.412,cam1-004-000467-0,7481657.174935143,322363.5070948014,499.7699279785156,RoanCamp,2020-12-04,2020-12-04 11:00:58.412,11:00:58,53.1302301111111,27.389308411111116
3217,464460.414,cam1-004-000468-0,7481655.462394673,322346.8802189358,499.5937194824219,RoanCamp,2020-12-04,2020-12-04 11:01:00.414,11:01:00,53.12783883333335,27.389970183333332
3218,464462.95,cam1-004-000469-0,7481653.312555991,322325.90013213886,499.3447570800781,RoanCamp,2020-12-04,2020-12-04 11:01:02.950,11:01:02,53.12480972222221,27.390808472222226
3219,464464.418,cam1-004-000470-0,7481651.99522109,322314.2666800857,499.2083435058594,RoanCamp,2020-12-04,2020-12-04 11:01:04.418,11:01:04,53.12305627777778,27.391293727777782
3220,464466.42,cam1-004-000471-0,7481649.981064672,322297.5381393508,499.0578308105469,RoanCamp,2020-12-04,2020-12-04 11:01:06.420,11:01:06,53.120665000000024,27.391955499999995
3221,464468.422,cam1-004-000472-0,7481648.118058493,322281.62546818866,498.9241638183594,RoanCamp,2020-12-04,2020-12-04 11:01:08.422,11:01:08,53.1182737222222,27.39261727222223
3222,464470.424,cam1-004-000473-0,7481646.231879217,322265.894395715,498.9397277832031,RoanCamp,2020-12-04,2020-12-04 11:01:10.424,11:01:10,53.115882444444445,27.393279044444444
3223,464472.826,cam1-004-000474-0,7481644.138597309,322247.0589682213,499.0850524902344,RoanCamp,2020-12-04,2020-12-04 11:01:12.826,11:01:12,53.11301338888889,27.39407303888889
3224,464474.428,cam1-004-000475-0,7481642.616114102,322234.4333069895,499.19195556640625,RoanCamp,2020-12-04,2020-12-04 11:01:14.428,11:01:14,53.11109988888887,27.394602588888894
3225,464476.43,cam1-004-000476-0,7481640.802210208,322217.9388217705,499.2229309082031,RoanCamp,2020-12-04,2020-12-04 11:01:16.430,11:01:16,53.10870861111112,27.39526436111111
3226,464478.432,cam1-004-000477-0,7481639.088855779,322202.1059810391,499.1976013183594,RoanCamp,2020-12-04,2020-12-04 11:01:18.432,11:01:18,53.10631733333337,27.395926133333326
3227,464480.968,cam1-004-000478-0,7481637.012250902,322181.8501721264,499.2286682128906,RoanCamp,2020-12-04,2020-12-04 11:01:20.968,11:01:20,53.10328822222223,27.396764422222223
3228,464482.436,cam1-004-000479-0,7481635.819561787,322170.51110342774,499.28045654296875,RoanCamp,2020-12-04,2020-12-04 11:01:22.436,11:01:22,53.10153477777779,27.397249677777776
3229,464484.438,cam1-004-000480-0,7481633.691254523,322153.89253329777,499.24273681640625,RoanCamp,2020-12-04,2020-12-04 11:01:24.438,11:01:24,53.099143499999975,27.39791145000001
3230,464486.44,cam1-004-000481-0,7481631.88506379,322137.73839221755,499.2069396972656,RoanCamp,2020-12-04,2020-12-04 11:01:26.440,11:01:26,53.09675222222222,27.398573222222225
3231,464488.442,cam1-004-000482-0,7481630.233218652,322121.80322344723,499.2749938964844,RoanCamp,2020-12-04,2020-12-04 11:01:28.442,11:01:28,53.09436094444447,27.399234994444438
3232,464490.711,cam1-004-000483-0,7481628.084375869,322103.53211640764,499.3162536621094,RoanCamp,2020-12-04,2020-12-04 11:01:30.711,11:01:30,53.09165074999999,27.399985025000003
3233,464492.312,cam1-004-000484-0,7481626.622397753,322090.91470615845,499.33978271484375,RoanCamp,2020-12-04,2020-12-04 11:01:32.312,11:01:32,53.08973844444448,27.400514244444437
3234,464494.314,cam1-004-000485-0,7481624.89459819,322075.08869321307,499.3353576660156,RoanCamp,2020-12-04,2020-12-04 11:01:34.314,11:01:34,53.08734716666665,27.40117601666667
3235,464496.316,cam1-004-000486-0,7481623.2316771615,322059.374194911,499.38128662109375,RoanCamp,2020-12-04,2020-12-04 11:01:36.316,11:01:36,53.0849558888889,27.401837788888887
3236,464498.985,cam1-004-000487-0,7481620.727848571,322037.6593490646,499.3440246582031,RoanCamp,2020-12-04,2020-12-04 11:01:38.985,11:01:38,53.081767916666685,27.40272004166666
3237,464500.32,cam1-004-000488-0,7481619.520127834,322026.92772453214,499.27630615234375,RoanCamp,2020-12-04,2020-12-04 11:01:40.320,11:01:40,53.08017333333333,27.403161333333337
3238,464502.322,cam1-004-000489-0,7481617.973329714,322011.40021007654,499.22821044921875,RoanCamp,2020-12-04,2020-12-04 11:01:42.322,11:01:42,53.07778205555557,27.403823105555553
3239,464504.324,cam1-004-000490-0,7481616.108817763,321995.9685124857,499.2162170410156,RoanCamp,2020-12-04,2020-12-04 11:01:44.324,11:01:44,53.075390777777756,27.404484877777787
3240,464506.326,cam1-004-000491-0,7481614.252660831,321980.3890313675,499.1804504394531,RoanCamp,2020-12-04,2020-12-04 11:01:46.326,11:01:46,53.0729995,27.405146650000002
3241,464508.728,cam1-004-000492-0,7481612.118112965,321961.0632449277,499.1874084472656,RoanCamp,2020-12-04,2020-12-04 11:01:48.728,11:01:48,53.070130444444445,27.405940644444446
3242,464510.33,cam1-004-000493-0,7481610.653600354,321948.5541699301,499.1540832519531,RoanCamp,2020-12-04,2020-12-04 11:01:50.330,11:01:50,53.06821694444443,27.406470194444452
3243,464512.332,cam1-004-000494-0,7481608.600948159,321932.8347251463,499.1832275390625,RoanCamp,2020-12-04,2020-12-04 11:01:52.332,11:01:52,53.065825666666676,27.407131966666665
3244,464514.334,cam1-004-000495-0,7481606.761943689,321916.9639086628,499.18157958984375,RoanCamp,2020-12-04,2020-12-04 11:01:54.334,11:01:54,53.06343438888892,27.40779373888888
3245,464517.003,cam1-004-000496-0,7481604.24244842,321895.1994748934,499.10797119140625,RoanCamp,2020-12-04,2020-12-04 11:01:57.003,11:01:57,53.06024641666664,27.408675991666676
3246,464518.338,cam1-004-000497-0,7481603.144383613,321884.4037675748,499.0940246582031,RoanCamp,2020-12-04,2020-12-04 11:01:58.338,11:01:58,53.05865183333335,27.40911728333333
3247,464520.34,cam1-004-000498-0,7481601.478433989,321868.6316103082,499.1520690917969,RoanCamp,2020-12-04,2020-12-04 11:02:00.340,11:02:00,53.056260555555525,27.409779055555564
3248,464522.342,cam1-004-000499-0,7481599.467174367,321852.9397383398,499.2018127441406,RoanCamp,2020-12-04,2020-12-04 11:02:02.342,11:02:02,53.05386927777778,27.41044082777778
3249,464525.011,cam1-004-000500-0,7481596.961490129,321831.40116189234,499.3974609375,RoanCamp,2020-12-04,2020-12-04 11:02:05.011,11:02:05,53.05068130555556,27.411323080555555
3250,464526.346,cam1-004-000501-0,7481595.851929799,321820.6920423481,499.4839782714844,RoanCamp,2020-12-04,2020-12-04 11:02:06.346,11:02:06,53.0490867222222,27.41176437222223
3251,464528.348,cam1-004-000502-0,7481594.078933116,321804.9512506217,499.5614318847656,RoanCamp,2020-12-04,2020-12-04 11:02:08.348,11:02:08,53.04669544444445,27.412426144444446
3252,464530.35,cam1-004-000503-0,7481592.210273186,321789.1552089997,499.6455078125,RoanCamp,2020-12-04,2020-12-04 11:02:10.350,11:02:10,53.0443041666667,27.413087916666658
3253,464532.352,cam1-004-000504-0,7481590.230025414,321773.30301422416,499.6778564453125,RoanCamp,2020-12-04,2020-12-04 11:02:12.352,11:02:12,53.041912888888874,27.413749688888895
3254,464534.754,cam1-004-000505-0,7481587.800966518,321753.5616826228,499.6284484863281,RoanCamp,2020-12-04,2020-12-04 11:02:14.754,11:02:14,53.03904383333332,27.41454368333334
3255,464536.356,cam1-004-000506-0,7481586.233084634,321740.88235149486,499.60137939453125,RoanCamp,2020-12-04,2020-12-04 11:02:16.356,11:02:16,53.0371303333333,27.415073233333345
3256,464538.358,cam1-004-000507-0,7481584.350155666,321725.0912329075,499.5688171386719,RoanCamp,2020-12-04,2020-12-04 11:02:18.358,11:02:18,53.03473905555555,27.415735005555558
3257,464540.36,cam1-004-000508-0,7481582.483007303,321709.3267633873,499.6021728515625,RoanCamp,2020-12-04,2020-12-04 11:02:20.360,11:02:20,53.032347777777794,27.416396777777774
3258,464543.029,cam1-004-000509-0,7481579.859872066,321687.85361302923,499.5668640136719,RoanCamp,2020-12-04,2020-12-04 11:02:23.029,11:02:23,53.02915980555558,27.41727903055555
3259,464544.364,cam1-004-000510-0,7481578.553254166,321677.09332420025,499.5284118652344,RoanCamp,2020-12-04,2020-12-04 11:02:24.364,11:02:24,53.02756522222222,27.417720322222223
3260,464546.366,cam1-004-000511-0,7481576.784950188,321661.1514159832,499.5719909667969,RoanCamp,2020-12-04,2020-12-04 11:02:26.366,11:02:26,53.02517394444447,27.41838209444444
3261,464548.368,cam1-004-000512-0,7481574.826648846,321645.1840277461,499.4051513671875,RoanCamp,2020-12-04,2020-12-04 11:02:28.368,11:02:28,53.02278266666665,27.419043866666673
3262,464550.37,cam1-004-000513-0,7481572.982534549,321629.3789798169,499.2891845703125,RoanCamp,2020-12-04,2020-12-04 11:02:30.370,11:02:30,53.020391388888896,27.41970563888889
3263,464552.772,cam1-004-000514-0,7481570.746078305,321609.68298201775,499.2324523925781,RoanCamp,2020-12-04,2020-12-04 11:02:32.772,11:02:32,53.01752233333334,27.420499633333332
3264,464554.374,cam1-004-000515-0,7481569.124724586,321597.08337533014,499.2798156738281,RoanCamp,2020-12-04,2020-12-04 11:02:34.374,11:02:34,53.015608833333324,27.42102918333334
3265,464556.376,cam1-004-000516-0,7481567.288859005,321581.35770764854,499.3494567871094,RoanCamp,2020-12-04,2020-12-04 11:02:36.376,11:02:36,53.01321755555557,27.421690955555555
3266,464558.378,cam1-004-000517-0,7481565.506965319,321565.6316610852,499.43792724609375,RoanCamp,2020-12-04,2020-12-04 11:02:38.378,11:02:38,53.01082627777775,27.42235272777779
3267,464561.047,cam1-004-000518-0,7481562.946799327,321544.10033359926,499.39520263671875,RoanCamp,2020-12-04,2020-12-04 11:02:41.047,11:02:41,53.00763830555553,27.423234980555563
3268,464562.382,cam1-004-000519-0,7481561.846350394,321533.50533466984,499.3412780761719,RoanCamp,2020-12-04,2020-12-04 11:02:42.382,11:02:42,53.006043722222245,27.423676272222217
3269,464564.384,cam1-004-000520-0,7481560.042171099,321517.8628276808,499.3203430175781,RoanCamp,2020-12-04,2020-12-04 11:02:44.384,11:02:44,53.00365244444442,27.42433804444445
3270,464566.386,cam1-004-000521-0,7481558.166556907,321502.169817443,499.277099609375,RoanCamp,2020-12-04,2020-12-04 11:02:46.386,11:02:46,53.00126116666667,27.424999816666666
3271,464569.055,cam1-004-000522-0,7481555.636446549,321480.69584826333,499.33526611328125,RoanCamp,2020-12-04,2020-12-04 11:02:49.055,11:02:49,52.99807319444446,27.425882069444445
3272,464570.39,cam1-004-000523-0,7481554.393376539,321469.9621906949,499.33367919921875,RoanCamp,2020-12-04,2020-12-04 11:02:50.390,11:02:50,52.996478611111094,27.426323361111116
3273,464572.392,cam1-004-000524-0,7481552.578790351,321454.15644283534,499.3976135253906,RoanCamp,2020-12-04,2020-12-04 11:02:52.392,11:02:52,52.99408733333335,27.426985133333332
3274,464574.394,cam1-004-000525-0,7481550.760988354,321438.3299107809,499.3966064453125,RoanCamp,2020-12-04,2020-12-04 11:02:54.394,11:02:54,52.99169605555559,27.427646905555548
3275,464576.93,cam1-004-000526-0,7481548.534496809,321418.19028169976,499.5428466796875,RoanCamp,2020-12-04,2020-12-04 11:02:56.930,11:02:56,52.988666944444454,27.428485194444445
3276,464578.398,cam1-004-000527-0,7481547.29569846,321406.89286816784,499.65972900390625,RoanCamp,2020-12-04,2020-12-04 11:02:58.398,11:02:58,52.98691350000002,27.428970449999998
3277,464580.4,cam1-004-000528-0,7481545.31666585,321390.46419736766,499.7434997558594,RoanCamp,2020-12-04,2020-12-04 11:03:00.400,11:03:00,52.984522222222196,27.42963222222223
3278,464582.402,cam1-004-000529-0,7481543.309830299,321374.6297690114,499.7229919433594,RoanCamp,2020-12-04,2020-12-04 11:03:02.402,11:03:02,52.98213094444444,27.430293994444447
3279,464584.404,cam1-004-000530-0,7481541.473197719,321358.9498434113,499.8288269042969,RoanCamp,2020-12-04,2020-12-04 11:03:04.404,11:03:04,52.979739666666696,27.43095576666666
3280,464586.806,cam1-004-000531-0,7481539.373288127,321339.83675283834,499.8570861816406,RoanCamp,2020-12-04,2020-12-04 11:03:06.806,11:03:06,52.97687061111113,27.431749761111107
3281,464588.408,cam1-004-000532-0,7481537.819935251,321326.5676674972,499.86993408203125,RoanCamp,2020-12-04,2020-12-04 11:03:08.408,11:03:08,52.97495711111112,27.43227931111111
3282,464590.41,cam1-004-000533-0,7481535.895289188,321310.75728550594,499.8016357421875,RoanCamp,2020-12-04,2020-12-04 11:03:10.410,11:03:10,52.97256583333337,27.432941083333326
3283,464592.412,cam1-004-000534-0,7481534.012276628,321294.9544922688,499.66265869140625,RoanCamp,2020-12-04,2020-12-04 11:03:12.412,11:03:12,52.970174555555545,27.43360285555556
3284,464594.947,cam1-004-000535-0,7481531.652206752,321274.8333657193,499.51513671875,RoanCamp,2020-12-04,2020-12-04 11:03:14.947,11:03:14,52.967146638888906,27.434440813888884
3285,464596.416,cam1-004-000536-0,7481530.274897934,321263.569999933,499.460205078125,RoanCamp,2020-12-04,2020-12-04 11:03:16.416,11:03:16,52.96539199999997,27.43492640000001
3286,464598.418,cam1-004-000537-0,7481528.55465021,321247.2535601599,499.3963623046875,RoanCamp,2020-12-04,2020-12-04 11:03:18.418,11:03:18,52.96300072222222,27.435588172222225
3287,464600.42,cam1-004-000538-0,7481526.562860309,321231.6478704741,499.4937438964844,RoanCamp,2020-12-04,2020-12-04 11:03:20.420,11:03:20,52.960609444444465,27.43624994444444
3288,464602.955,cam1-004-000539-0,7481524.161848534,321211.5007351705,499.4683837890625,RoanCamp,2020-12-04,2020-12-04 11:03:22.955,11:03:22,52.95758152777776,27.437087902777783
3289,464604.424,cam1-004-000540-0,7481523.107615431,321200.36439470586,499.47296142578125,RoanCamp,2020-12-04,2020-12-04 11:03:24.424,11:03:24,52.95582688888889,27.43757348888889
3290,464606.426,cam1-004-000541-0,7481521.313554894,321184.2089743077,499.51580810546875,RoanCamp,2020-12-04,2020-12-04 11:03:26.426,11:03:26,52.95343561111114,27.438235261111103
3291,464608.427,cam1-004-000542-0,7481519.420038739,321168.68789626413,499.530517578125,RoanCamp,2020-12-04,2020-12-04 11:03:28.427,11:03:28,52.95104552777775,27.438896702777786
3292,464610.429,cam1-004-000543-0,7481517.587518511,321153.1661338336,499.55364990234375,RoanCamp,2020-12-04,2020-12-04 11:03:30.429,11:03:30,52.94865425,27.439558475000002
3293,464612.698,cam1-004-000544-0,7481515.4824682735,321135.03242027503,499.60205078125,RoanCamp,2020-12-04,2020-12-04 11:03:32.698,11:03:32,52.945944055555586,27.44030850555555
3294,464614.433,cam1-004-000545-0,7481513.839376773,321121.19499693066,499.57672119140625,RoanCamp,2020-12-04,2020-12-04 11:03:34.433,11:03:34,52.943871694444425,27.44088201944445
3295,464616.435,cam1-004-000546-0,7481511.914119434,321105.37232534925,499.6610107421875,RoanCamp,2020-12-04,2020-12-04 11:03:36.435,11:03:36,52.94148041666667,27.441543791666668
3296,464618.437,cam1-004-000547-0,7481510.066737376,321089.5052570391,499.7982177734375,RoanCamp,2020-12-04,2020-12-04 11:03:38.437,11:03:38,52.93908913888892,27.442205563888884
3297,464620.973,cam1-004-000548-0,7481507.768455502,321068.971267728,499.9886169433594,RoanCamp,2020-12-04,2020-12-04 11:03:40.973,11:03:40,52.936060027777785,27.443043852777777
3298,464622.441,cam1-004-000549-0,7481506.450940181,321057.46421619516,500.0625,RoanCamp,2020-12-04,2020-12-04 11:03:42.441,11:03:42,52.934306583333345,27.44352910833333
3299,464624.443,cam1-004-000550-0,7481504.232807454,321040.68897499656,499.9907531738281,RoanCamp,2020-12-04,2020-12-04 11:03:44.443,11:03:44,52.93191530555553,27.444190880555567
3300,464626.445,cam1-004-000551-0,7481502.391704993,321024.91857185017,499.9891662597656,RoanCamp,2020-12-04,2020-12-04 11:03:46.445,11:03:46,52.929524027777774,27.44485265277778
3301,464628.314,cam1-004-000552-0,7481500.795624219,321010.599317905,499.9696960449219,RoanCamp,2020-12-04,2020-12-04 11:03:48.314,11:03:48,52.9272916111111,27.445470461111118
3302,464630.716,cam1-004-000553-0,7481498.509446867,320991.351127617,499.9001770019531,RoanCamp,2020-12-04,2020-12-04 11:03:50.716,11:03:50,52.92442255555554,27.44626445555556
3303,464632.318,cam1-004-000554-0,7481496.9865135625,320978.9253327404,499.84765625,RoanCamp,2020-12-04,2020-12-04 11:03:52.318,11:03:52,52.92250905555552,27.446794005555567
3304,464634.32,cam1-004-000555-0,7481495.111587805,320963.3405186609,499.8487243652344,RoanCamp,2020-12-04,2020-12-04 11:03:54.320,11:03:54,52.92011777777777,27.44745577777778
3305,464636.322,cam1-004-000556-0,7481493.416701145,320947.78994433116,499.91033935546875,RoanCamp,2020-12-04,2020-12-04 11:03:56.322,11:03:56,52.91772650000002,27.448117549999996
3306,464638.991,cam1-004-000557-0,7481490.904243108,320926.4603883587,499.9059753417969,RoanCamp,2020-12-04,2020-12-04 11:03:58.991,11:03:58,52.91453852777781,27.448999802777774
3307,464640.326,cam1-004-000558-0,7481489.7412755955,320915.77548309474,499.9027404785156,RoanCamp,2020-12-04,2020-12-04 11:04:00.326,11:04:00,52.91294394444444,27.449441094444445
3308,464642.328,cam1-004-000559-0,7481487.942917631,320899.88366553246,499.8218994140625,RoanCamp,2020-12-04,2020-12-04 11:04:02.328,11:04:02,52.910552666666696,27.45010286666666
3309,464644.33,cam1-004-000560-0,7481486.1798974015,320883.82342748763,499.7394104003906,RoanCamp,2020-12-04,2020-12-04 11:04:04.330,11:04:04,52.90816138888887,27.450764638888895
3310,464646.999,cam1-004-000561-0,7481483.611187724,320861.9112826899,499.76971435546875,RoanCamp,2020-12-04,2020-12-04 11:04:06.999,11:04:06,52.90497341666666,27.45164689166667
3311,464648.334,cam1-004-000562-0,7481482.4380247155,320851.13891589455,499.7522888183594,RoanCamp,2020-12-04,2020-12-04 11:04:08.334,11:04:08,52.90337883333337,27.452088183333327
3312,464650.336,cam1-004-000563-0,7481480.54942628,320835.27247173246,499.7649841308594,RoanCamp,2020-12-04,2020-12-04 11:04:10.336,11:04:10,52.900987555555545,27.45274995555556
3313,464652.338,cam1-004-000564-0,7481478.620076814,320819.4581310802,499.8244934082031,RoanCamp,2020-12-04,2020-12-04 11:04:12.338,11:04:12,52.89859627777779,27.453411727777773
3314,464654.34,cam1-004-000565-0,7481476.81012367,320803.61733247235,499.8813781738281,RoanCamp,2020-12-04,2020-12-04 11:04:14.340,11:04:14,52.89620499999997,27.45407350000001
3315,464656.742,cam1-004-000566-0,7481474.490587108,320783.9417361187,499.9380187988281,RoanCamp,2020-12-04,2020-12-04 11:04:16.742,11:04:16,52.893335944444416,27.454867494444454
3316,464658.344,cam1-004-000567-0,7481473.057041334,320771.3514595296,499.93701171875,RoanCamp,2020-12-04,2020-12-04 11:04:18.344,11:04:18,52.891422444444466,27.45539704444444
3317,464660.346,cam1-004-000568-0,7481471.369793592,320755.63440045144,499.984619140625,RoanCamp,2020-12-04,2020-12-04 11:04:20.346,11:04:20,52.88903116666665,27.456058816666673
3318,464662.348,cam1-004-000569-0,7481469.51241098,320739.76937343413,499.98663330078125,RoanCamp,2020-12-04,2020-12-04 11:04:22.348,11:04:22,52.886639888888894,27.45672058888889
3319,464665.017,cam1-004-000570-0,7481466.488161163,320717.9507382553,499.9055480957031,RoanCamp,2020-12-04,2020-12-04 11:04:25.017,11:04:25,52.88345191666668,27.457602841666667
3320,464666.352,cam1-004-000571-0,7481465.304922074,320707.2135503075,499.9230041503906,RoanCamp,2020-12-04,2020-12-04 11:04:26.352,11:04:26,52.88185733333332,27.45804413333334
3321,464668.354,cam1-004-000572-0,7481463.665823305,320691.45002146345,499.96124267578125,RoanCamp,2020-12-04,2020-12-04 11:04:28.354,11:04:28,52.87946605555557,27.458705905555554
3322,464670.356,cam1-004-000573-0,7481461.819230668,320675.78948405065,499.9286193847656,RoanCamp,2020-12-04,2020-12-04 11:04:30.356,11:04:30,52.87707477777774,27.459367677777788
3323,464672.358,cam1-004-000574-0,7481460.108065201,320660.1345715195,499.9965515136719,RoanCamp,2020-12-04,2020-12-04 11:04:32.358,11:04:32,52.874683499999996,27.460029450000004
3324,464674.76,cam1-004-000575-0,7481457.899621046,320640.67592678056,500.11785888671875,RoanCamp,2020-12-04,2020-12-04 11:04:34.760,11:04:34,52.87181444444444,27.460823444444447
3325,464676.362,cam1-004-000576-0,7481456.420864303,320628.1021308503,500.14508056640625,RoanCamp,2020-12-04,2020-12-04 11:04:36.362,11:04:36,52.86990094444442,27.461352994444454
3326,464678.364,cam1-004-000577-0,7481454.516400831,320612.29768162186,500.1634216308594,RoanCamp,2020-12-04,2020-12-04 11:04:38.364,11:04:38,52.86750966666667,27.46201476666667
3327,464680.366,cam1-004-000578-0,7481452.77009778,320596.38069677027,500.1810607910156,RoanCamp,2020-12-04,2020-12-04 11:04:40.366,11:04:40,52.86511838888892,27.462676538888882
3328,464683.035,cam1-004-000579-0,7481450.109627652,320574.71857262996,500.10723876953125,RoanCamp,2020-12-04,2020-12-04 11:04:43.035,11:04:43,52.8619304166667,27.46355879166666
3329,464684.37,cam1-004-000580-0,7481448.782361054,320563.9896607833,500.10064697265625,RoanCamp,2020-12-04,2020-12-04 11:04:44.370,11:04:44,52.860335833333345,27.46400008333333
3330,464686.372,cam1-004-000581-0,7481446.87532242,320548.1251235803,500.1771545410156,RoanCamp,2020-12-04,2020-12-04 11:04:46.372,11:04:46,52.85794455555559,27.464661855555548
3331,464688.374,cam1-004-000582-0,7481445.074801179,320532.1870802912,500.26141357421875,RoanCamp,2020-12-04,2020-12-04 11:04:48.374,11:04:48,52.855553277777766,27.46532362777778
3332,464690.376,cam1-004-000583-0,7481443.236134534,320516.28237077664,500.27972412109375,RoanCamp,2020-12-04,2020-12-04 11:04:50.376,11:04:50,52.85316200000001,27.465985399999997
3333,464692.778,cam1-004-000584-0,7481440.930180947,320496.67828046455,500.35028076171875,RoanCamp,2020-12-04,2020-12-04 11:04:52.778,11:04:52,52.850292944444455,27.466779394444444
3334,464694.38,cam1-004-000585-0,7481441.51132766,320485.4629600582,500.28143310546875,RoanCamp,2020-12-04,2020-12-04 11:04:54.380,11:04:54,52.84837944444444,27.467308944444447
3335,464696.382,cam1-004-000586-0,7481443.818458505,320480.87323934486,499.9759826660156,RoanCamp,2020-12-04,2020-12-04 11:04:56.382,11:04:56,52.845988166666686,27.467970716666663
3336,464699.585,cam1-004-000587-0,7481453.414400869,320482.29620307597,499.9881286621094,RoanCamp,2020-12-04,2020-12-04 11:04:59.585,11:04:59,52.842162361111086,27.46902948611112
3337,464700.386,cam1-004-000588-0,7481459.946502008,320481.82896346145,500.1266784667969,RoanCamp,2020-12-04,2020-12-04 11:05:00.386,11:05:00,52.841205611111114,27.469294261111113
3338,464702.388,cam1-004-000589-0,7481477.203196177,320481.6416421802,500.5812683105469,RoanCamp,2020-12-04,2020-12-04 11:05:02.388,11:05:02,52.83881433333336,27.469956033333325
3339,464704.389,cam1-004-000590-0,7481493.961880365,320482.9474142056,500.78399658203125,RoanCamp,2020-12-04,2020-12-04 11:05:04.389,11:05:04,52.83642424999997,27.470617475000008
3340,464706.391,cam1-004-000591-0,7481510.092436941,320484.1439748971,500.9093017578125,RoanCamp,2020-12-04,2020-12-04 11:05:06.391,11:05:06,52.83403297222222,27.471279247222224
3341,464709.061,cam1-004-000592-0,7481531.890984701,320485.0683343726,500.9685363769531,RoanCamp,2020-12-04,2020-12-04 11:05:09.061,11:05:09,52.830843805555574,27.472161830555553
3342,464710.395,cam1-004-000593-0,7481542.980627712,320485.4762267275,501.0479431152344,RoanCamp,2020-12-04,2020-12-04 11:05:10.395,11:05:10,52.829250416666646,27.472602791666674
3343,464712.397,cam1-004-000594-0,7481554.365708066,320493.01701714064,501.4097900390625,RoanCamp,2020-12-04,2020-12-04 11:05:12.397,11:05:12,52.82685913888889,27.47326456388889
3344,464714.399,cam1-004-000595-0,7481553.864374064,320495.5103425358,500.9958801269531,RoanCamp,2020-12-04,2020-12-04 11:05:14.399,11:05:14,52.824467861111145,27.473926336111102
3345,464716.668,cam1-004-000596-0,7481555.112215687,320501.8773069745,500.91436767578125,RoanCamp,2020-12-04,2020-12-04 11:05:16.668,11:05:16,52.82175766666666,27.47467636666667
3346,464718.403,cam1-004-000597-0,7481557.78581973,320514.90332385234,500.7799072265625,RoanCamp,2020-12-04,2020-12-04 11:05:18.403,11:05:18,52.819685305555566,27.475249880555552
3347,464720.405,cam1-004-000598-0,7481559.889659336,320531.95198736363,500.781494140625,RoanCamp,2020-12-04,2020-12-04 11:05:20.405,11:05:20,52.81729402777775,27.47591165277779
3348,464722.407,cam1-004-000599-0,7481561.509384543,320548.1118658459,500.8218994140625,RoanCamp,2020-12-04,2020-12-04 11:05:22.407,11:05:22,52.814902749999995,27.476573425
3349,464724.943,cam1-004-000600-0,7481563.8379839705,320568.30070041446,500.8646545410156,RoanCamp,2020-12-04,2020-12-04 11:05:24.943,11:05:24,52.811873638888855,27.4774117138889
3350,464726.411,cam1-004-000601-0,7481565.087198377,320579.5042830165,500.91796875,RoanCamp,2020-12-04,2020-12-04 11:05:26.411,11:05:26,52.81012019444442,27.47789696944445
3351,464728.413,cam1-004-000602-0,7481566.8592974385,320595.80404444947,500.943115234375,RoanCamp,2020-12-04,2020-12-04 11:05:28.413,11:05:28,52.80772891666667,27.478558741666667
3352,464730.415,cam1-004-000603-0,7481568.675666325,320611.6641394834,501.021484375,RoanCamp,2020-12-04,2020-12-04 11:05:30.415,11:05:30,52.805337638888915,27.479220513888883
3353,464732.417,cam1-004-000604-0,7481570.678609787,320627.51016547973,501.1107177734375,RoanCamp,2020-12-04,2020-12-04 11:05:32.417,11:05:32,52.8029463611111,27.479882286111117
3354,464734.82,cam1-004-000605-0,7481572.807339723,320646.77151526604,501.12451171875,RoanCamp,2020-12-04,2020-12-04 11:05:34.820,11:05:34,52.8000761111111,27.480676611111114
3355,464736.421,cam1-004-000606-0,7481574.249540072,320660.2165733698,501.0384216308594,RoanCamp,2020-12-04,2020-12-04 11:05:36.421,11:05:36,52.79816380555559,27.48120583055555
3356,464738.423,cam1-004-000607-0,7481576.04589992,320676.1150492879,501.0309753417969,RoanCamp,2020-12-04,2020-12-04 11:05:38.423,11:05:38,52.79577252777777,27.481867602777783
3357,464740.425,cam1-004-000608-0,7481577.858253843,320691.9451547711,501.0242919921875,RoanCamp,2020-12-04,2020-12-04 11:05:40.425,11:05:40,52.79338125000002,27.482529375
3358,464742.961,cam1-004-000609-0,7481580.230252324,320712.0678538093,500.8373718261719,RoanCamp,2020-12-04,2020-12-04 11:05:42.961,11:05:42,52.79035213888888,27.48336766388889
3359,464744.429,cam1-004-000610-0,7481581.480210852,320723.34277293633,500.6977844238281,RoanCamp,2020-12-04,2020-12-04 11:05:44.429,11:05:44,52.788598694444445,27.483852919444445
3360,464746.431,cam1-004-000611-0,7481583.272321974,320739.6071223201,500.6270446777344,RoanCamp,2020-12-04,2020-12-04 11:05:46.431,11:05:46,52.78620741666669,27.48451469166666
3361,464748.433,cam1-004-000612-0,7481585.05089224,320755.283481365,500.6279296875,RoanCamp,2020-12-04,2020-12-04 11:05:48.433,11:05:48,52.78381613888887,27.485176463888894
3362,464750.435,cam1-004-000613-0,7481586.76035366,320770.9900880648,500.7053527832031,RoanCamp,2020-12-04,2020-12-04 11:05:50.435,11:05:50,52.78142486111112,27.48583823611111
3363,464752.704,cam1-004-000614-0,7481588.859979449,320789.2482424835,500.8915710449219,RoanCamp,2020-12-04,2020-12-04 11:05:52.704,11:05:52,52.77871466666664,27.486588266666676
3364,464754.439,cam1-004-000615-0,7481590.549531854,320803.06214313675,500.9580078125,RoanCamp,2020-12-04,2020-12-04 11:05:54.439,11:05:54,52.77664230555554,27.48716178055556
3365,464756.441,cam1-004-000616-0,7481592.392648533,320818.87580896966,501.0240478515625,RoanCamp,2020-12-04,2020-12-04 11:05:56.441,11:05:56,52.77425102777779,27.487823552777776
3366,464758.443,cam1-004-000617-0,7481594.244670315,320834.7113528154,501.1088562011719,RoanCamp,2020-12-04,2020-12-04 11:05:58.443,11:05:58,52.77185974999997,27.48848532500001
3367,464760.979,cam1-004-000618-0,7481596.6009876635,320855.0123651101,501.114013671875,RoanCamp,2020-12-04,2020-12-04 11:06:00.979,11:06:00,52.7688306388889,27.48932361388889
3368,464762.447,cam1-004-000619-0,7481597.819757749,320866.3117388579,501.0918884277344,RoanCamp,2020-12-04,2020-12-04 11:06:02.447,11:06:02,52.76707719444446,27.489808869444442
3369,464764.449,cam1-004-000620-0,7481599.688056424,320882.5237707565,501.02960205078125,RoanCamp,2020-12-04,2020-12-04 11:06:04.449,11:06:04,52.76468591666664,27.490470641666676
3370,464766.451,cam1-004-000621-0,7481601.616569854,320898.09225681395,500.9908142089844,RoanCamp,2020-12-04,2020-12-04 11:06:06.451,11:06:06,52.76229463888889,27.49113241388889
3371,464768.987,cam1-004-000622-0,7481604.003776537,320918.1709048613,500.9590148925781,RoanCamp,2020-12-04,2020-12-04 11:06:08.987,11:06:08,52.75926552777775,27.491970702777785
3372,464770.455,cam1-004-000623-0,7481605.418826615,320929.3393402041,500.9831237792969,RoanCamp,2020-12-04,2020-12-04 11:06:10.455,11:06:10,52.75751208333332,27.49245595833334
3373,464772.324,cam1-004-000624-0,7481607.2376906015,320944.30192957865,500.96484375,RoanCamp,2020-12-04,2020-12-04 11:06:12.324,11:06:12,52.755279666666645,27.493073766666676
3374,464774.326,cam1-004-000625-0,7481608.848936414,320959.8797438271,500.9645080566406,RoanCamp,2020-12-04,2020-12-04 11:06:14.326,11:06:14,52.75288838888889,27.493735538888888
3375,464776.328,cam1-004-000626-0,7481610.521031981,320975.36274915736,500.889892578125,RoanCamp,2020-12-04,2020-12-04 11:06:16.328,11:06:16,52.75049711111114,27.494397311111104
3376,464778.73,cam1-004-000627-0,7481612.822803729,320994.6944942402,500.7327575683594,RoanCamp,2020-12-04,2020-12-04 11:06:18.730,11:06:18,52.74762805555558,27.49519130555555
3377,464780.332,cam1-004-000628-0,7481614.406968208,321007.10186165967,500.76837158203125,RoanCamp,2020-12-04,2020-12-04 11:06:20.332,11:06:20,52.745714555555566,27.495720855555554
3378,464782.334,cam1-004-000629-0,7481616.142796654,321022.86069517524,500.8471374511719,RoanCamp,2020-12-04,2020-12-04 11:06:22.334,11:06:22,52.74332327777781,27.49638262777777
3379,464784.336,cam1-004-000630-0,7481618.054111047,321038.8370326834,501.0137634277344,RoanCamp,2020-12-04,2020-12-04 11:06:24.336,11:06:24,52.74093199999999,27.497044400000004
3380,464787.005,cam1-004-000631-0,7481620.993416167,321060.52841426025,501.1653137207031,RoanCamp,2020-12-04,2020-12-04 11:06:27.005,11:06:27,52.73774402777777,27.49792665277778
3381,464788.34,cam1-004-000632-0,7481622.29677167,321071.52634371165,501.29913330078125,RoanCamp,2020-12-04,2020-12-04 11:06:28.340,11:06:28,52.736149444444415,27.498367944444453
3382,464790.342,cam1-004-000633-0,7481623.985418317,321087.7380252265,501.4936218261719,RoanCamp,2020-12-04,2020-12-04 11:06:30.342,11:06:30,52.73375816666666,27.49902971666667
3383,464792.344,cam1-004-000634-0,7481625.681701458,321103.8083730979,501.3975524902344,RoanCamp,2020-12-04,2020-12-04 11:06:32.344,11:06:32,52.731366888888914,27.499691488888885
3384,464795.013,cam1-004-000635-0,7481628.244776764,321125.3746081982,501.31842041015625,RoanCamp,2020-12-04,2020-12-04 11:06:35.013,11:06:35,52.7281789166667,27.50057374166666
3385,464796.348,cam1-004-000636-0,7481629.726456607,321135.988823239,501.4303283691406,RoanCamp,2020-12-04,2020-12-04 11:06:36.348,11:06:36,52.726584333333335,27.501015033333335
3386,464798.349,cam1-004-000637-0,7481631.453610525,321152.0974195329,501.5476379394531,RoanCamp,2020-12-04,2020-12-04 11:06:38.349,11:06:38,52.72419425000002,27.501676474999996
3387,464800.351,cam1-004-000638-0,7481633.232349232,321168.0070217309,501.6746520996094,RoanCamp,2020-12-04,2020-12-04 11:06:40.351,11:06:40,52.72180297222219,27.50233824722223
3388,464802.353,cam1-004-000639-0,7481635.17358912,321183.76507739315,501.517333984375,RoanCamp,2020-12-04,2020-12-04 11:06:42.353,11:06:42,52.719411694444446,27.503000019444446
3389,464804.756,cam1-004-000640-0,7481637.161818955,321203.2826499061,501.13238525390625,RoanCamp,2020-12-04,2020-12-04 11:06:44.756,11:06:44,52.71654144444445,27.503794344444444
3390,464806.357,cam1-004-000641-0,7481638.483717542,321215.7720804862,501.01361083984375,RoanCamp,2020-12-04,2020-12-04 11:06:46.357,11:06:46,52.71462913888887,27.504323563888896
3391,464808.359,cam1-004-000642-0,7481640.329707861,321231.5828471219,500.706298828125,RoanCamp,2020-12-04,2020-12-04 11:06:48.359,11:06:48,52.71223786111112,27.504985336111112
3392,464810.361,cam1-004-000643-0,7481642.20884797,321247.3714247025,500.5025329589844,RoanCamp,2020-12-04,2020-12-04 11:06:50.361,11:06:50,52.709846583333366,27.505647108333324
3393,464813.031,cam1-004-000644-0,7481644.735880451,321268.91965125035,500.5505676269531,RoanCamp,2020-12-04,2020-12-04 11:06:53.031,11:06:53,52.70665741666665,27.506529691666675
3394,464814.365,cam1-004-000645-0,7481645.943842782,321279.72345767444,500.57769775390625,RoanCamp,2020-12-04,2020-12-04 11:06:54.365,11:06:54,52.705064027777794,27.506970652777774
3395,464816.367,cam1-004-000646-0,7481647.781892725,321295.557489356,500.5003967285156,RoanCamp,2020-12-04,2020-12-04 11:06:56.367,11:06:56,52.70267274999997,27.50763242500001
3396,464818.369,cam1-004-000647-0,7481649.621436652,321311.1766931509,500.4600830078125,RoanCamp,2020-12-04,2020-12-04 11:06:58.369,11:06:58,52.700281472222215,27.508294197222224
3397,464820.371,cam1-004-000648-0,7481651.435727613,321326.890286837,500.4188537597656,RoanCamp,2020-12-04,2020-12-04 11:07:00.371,11:07:00,52.69789019444447,27.50895596944444
3398,464822.774,cam1-004-000649-0,7481653.785114376,321346.5167267001,500.32275390625,RoanCamp,2020-12-04,2020-12-04 11:07:02.774,11:07:02,52.695019944444475,27.509750294444437
3399,464824.375,cam1-004-000650-0,7481655.270751312,321359.2407215928,500.26708984375,RoanCamp,2020-12-04,2020-12-04 11:07:04.375,11:07:04,52.69310763888889,27.51027951388889
3400,464826.377,cam1-004-000651-0,7481657.0764003005,321375.20463991317,500.2523498535156,RoanCamp,2020-12-04,2020-12-04 11:07:06.377,11:07:06,52.690716361111136,27.510941286111105
3401,464828.379,cam1-004-000652-0,7481658.753192389,321391.000562148,500.2655944824219,RoanCamp,2020-12-04,2020-12-04 11:07:08.379,11:07:08,52.68832508333332,27.51160305833334
3402,464831.049,cam1-004-000653-0,7481661.1040396355,321412.55023080047,500.6663513183594,RoanCamp,2020-12-04,2020-12-04 11:07:11.049,11:07:11,52.68513591666667,27.512485641666668
3403,464832.383,cam1-004-000654-0,7481662.339603677,321423.1760044263,500.91510009765625,RoanCamp,2020-12-04,2020-12-04 11:07:12.383,11:07:12,52.68354252777781,27.51292660277777
3404,464834.385,cam1-004-000655-0,7481664.112954453,321438.6430693298,501.1746826171875,RoanCamp,2020-12-04,2020-12-04 11:07:14.385,11:07:14,52.68115124999999,27.513588375000005
3405,464836.387,cam1-004-000656-0,7481666.111065121,321453.8561000464,501.2141418457031,RoanCamp,2020-12-04,2020-12-04 11:07:16.387,11:07:16,52.67875997222224,27.514250147222217
3406,464838.389,cam1-004-000657-0,7481667.803762389,321469.76266126515,501.08221435546875,RoanCamp,2020-12-04,2020-12-04 11:07:18.389,11:07:18,52.67636869444442,27.514911919444454
3407,464840.792,cam1-004-000658-0,7481669.8437209455,321489.3095077052,500.87030029296875,RoanCamp,2020-12-04,2020-12-04 11:07:20.792,11:07:20,52.67349844444443,27.515706244444452
3408,464842.393,cam1-004-000659-0,7481671.501489691,321501.9374114369,500.91009521484375,RoanCamp,2020-12-04,2020-12-04 11:07:22.393,11:07:22,52.67158613888891,27.516235463888883
3409,464844.395,cam1-004-000660-0,7481673.40132216,321518.0032992656,500.9263610839844,RoanCamp,2020-12-04,2020-12-04 11:07:24.395,11:07:24,52.669194861111094,27.516897236111117
3410,464846.397,cam1-004-000661-0,7481674.973060492,321534.0476117383,500.9225769042969,RoanCamp,2020-12-04,2020-12-04 11:07:26.397,11:07:26,52.66680358333334,27.517559008333333
3411,464849.067,cam1-004-000662-0,7481677.781590493,321555.7603513019,500.88690185546875,RoanCamp,2020-12-04,2020-12-04 11:07:29.067,11:07:29,52.66361441666669,27.51844159166666
3412,464850.401,cam1-004-000663-0,7481679.131089099,321566.5769991358,500.83074951171875,RoanCamp,2020-12-04,2020-12-04 11:07:30.401,11:07:30,52.66202102777776,27.518882552777782
3413,464852.403,cam1-004-000664-0,7481681.195305793,321582.4632228615,500.742431640625,RoanCamp,2020-12-04,2020-12-04 11:07:32.403,11:07:32,52.659629750000015,27.519544325
3414,464854.405,cam1-004-000665-0,7481683.170373073,321598.2287521917,500.7009582519531,RoanCamp,2020-12-04,2020-12-04 11:07:34.405,11:07:34,52.65723847222219,27.520206097222232
3415,464856.407,cam1-004-000666-0,7481684.814819932,321613.9215306878,500.6618347167969,RoanCamp,2020-12-04,2020-12-04 11:07:36.407,11:07:36,52.654847194444436,27.520867869444448
3416,464858.81,cam1-004-000667-0,7481687.003478451,321633.44823554636,500.6585998535156,RoanCamp,2020-12-04,2020-12-04 11:07:38.810,11:07:38,52.65197694444445,27.521662194444446
3417,464860.411,cam1-004-000668-0,7481688.536521483,321646.066968621,500.709228515625,RoanCamp,2020-12-04,2020-12-04 11:07:40.411,11:07:40,52.650064638888864,27.522191413888898
3418,464862.413,cam1-004-000669-0,7481690.430885054,321661.9589736798,500.76715087890625,RoanCamp,2020-12-04,2020-12-04 11:07:42.413,11:07:42,52.64767336111111,27.522853186111114
3419,464864.415,cam1-004-000670-0,7481692.308894985,321677.8071610252,500.7315368652344,RoanCamp,2020-12-04,2020-12-04 11:07:44.415,11:07:44,52.64528208333336,27.523514958333326
3420,464866.951,cam1-004-000671-0,7481694.854132067,321697.98648381594,500.7278137207031,RoanCamp,2020-12-04,2020-12-04 11:07:46.951,11:07:46,52.642252972222224,27.524353247222223
3421,464868.419,cam1-004-000672-0,7481696.140790109,321709.97058806947,500.789306640625,RoanCamp,2020-12-04,2020-12-04 11:07:48.419,11:07:48,52.640499527777784,27.524838502777776
3422,464870.421,cam1-004-000673-0,7481698.044117631,321725.8044842782,500.8597106933594,RoanCamp,2020-12-04,2020-12-04 11:07:50.421,11:07:50,52.63810825000004,27.52550027499999
3423,464872.423,cam1-004-000674-0,7481699.99859401,321741.57929341553,500.9931640625,RoanCamp,2020-12-04,2020-12-04 11:07:52.423,11:07:52,52.63571697222221,27.526162047222225
3424,464874.425,cam1-004-000675-0,7481701.911557751,321757.37745549344,501.1030578613281,RoanCamp,2020-12-04,2020-12-04 11:07:54.425,11:07:54,52.63332569444446,27.52682381944444
3425,464876.694,cam1-004-000676-0,7481703.986764493,321775.7927599612,501.18231201171875,RoanCamp,2020-12-04,2020-12-04 11:07:56.694,11:07:56,52.63061549999998,27.527573850000007
3426,464878.429,cam1-004-000677-0,7481705.567217527,321789.737816245,501.15753173828125,RoanCamp,2020-12-04,2020-12-04 11:07:58.429,11:07:58,52.62854313888889,27.52814736388889
3427,464880.431,cam1-004-000678-0,7481707.325358962,321805.5077213994,501.1318664550781,RoanCamp,2020-12-04,2020-12-04 11:08:00.431,11:08:00,52.62615186111113,27.528809136111107
3428,464882.433,cam1-004-000679-0,7481709.122002697,321821.25695871474,500.9751281738281,RoanCamp,2020-12-04,2020-12-04 11:08:02.433,11:08:02,52.623760583333315,27.52947090833334
3429,464884.969,cam1-004-000680-0,7481711.34078915,321841.5535334146,500.8019104003906,RoanCamp,2020-12-04,2020-12-04 11:08:04.969,11:08:04,52.620731472222246,27.530309197222216
3430,464886.437,cam1-004-000681-0,7481712.580920158,321853.53354104166,500.771240234375,RoanCamp,2020-12-04,2020-12-04 11:08:06.437,11:08:06,52.61897802777781,27.53079445277777
3431,464888.439,cam1-004-000682-0,7481714.277880853,321869.3354217645,500.8056335449219,RoanCamp,2020-12-04,2020-12-04 11:08:08.439,11:08:08,52.61658674999999,27.531456225000007
3432,464890.441,cam1-004-000683-0,7481716.159937777,321885.39457347983,500.945068359375,RoanCamp,2020-12-04,2020-12-04 11:08:10.441,11:08:10,52.614195472222235,27.53211799722222
3433,464892.443,cam1-004-000684-0,7481718.1375156995,321901.50901321915,501.0521240234375,RoanCamp,2020-12-04,2020-12-04 11:08:12.443,11:08:12,52.61180419444441,27.532779769444456
3434,464894.712,cam1-004-000685-0,7481720.386209046,321920.0288145155,501.1927490234375,RoanCamp,2020-12-04,2020-12-04 11:08:14.712,11:08:14,52.609094000000006,27.5335298
3435,464896.447,cam1-004-000686-0,7481721.902826497,321933.8050528205,501.3395080566406,RoanCamp,2020-12-04,2020-12-04 11:08:16.447,11:08:16,52.60702163888891,27.534103313888885
3436,464898.449,cam1-004-000687-0,7481723.688891629,321949.35717263166,501.23651123046875,RoanCamp,2020-12-04,2020-12-04 11:08:18.449,11:08:18,52.604630361111084,27.53476508611112
3437,464900.451,cam1-004-000688-0,7481725.443092572,321964.743704499,501.0849304199219,RoanCamp,2020-12-04,2020-12-04 11:08:20.451,11:08:20,52.60223908333334,27.535426858333334
3438,464902.987,cam1-004-000689-0,7481727.952318791,321984.55295839615,501.0799865722656,RoanCamp,2020-12-04,2020-12-04 11:08:22.987,11:08:22,52.5992099722222,27.53626514722223
3439,464904.455,cam1-004-000690-0,7481729.451751841,321996.4943073491,501.09552001953125,RoanCamp,2020-12-04,2020-12-04 11:08:24.455,11:08:24,52.59745652777776,27.536750402777784
3440,464906.323,cam1-004-000691-0,7481731.158143942,322011.1156175332,501.1874694824219,RoanCamp,2020-12-04,2020-12-04 11:08:26.323,11:08:26,52.59522530555559,27.537367880555546
3441,464908.325,cam1-004-000692-0,7481732.914368821,322027.78464142384,501.3079528808594,RoanCamp,2020-12-04,2020-12-04 11:08:28.325,11:08:28,52.59283402777777,27.538029652777784
3442,464910.995,cam1-004-000693-0,7481735.310437504,322048.89784875244,501.2984619140625,RoanCamp,2020-12-04,2020-12-04 11:08:30.995,11:08:30,52.58964486111112,27.53891223611111
3443,464912.329,cam1-004-000694-0,7481736.555862529,322059.7322984337,501.2874450683594,RoanCamp,2020-12-04,2020-12-04 11:08:32.329,11:08:32,52.58805147222219,27.539353197222233
3444,464914.331,cam1-004-000695-0,7481738.389993241,322075.6665940702,501.3721923828125,RoanCamp,2020-12-04,2020-12-04 11:08:34.331,11:08:34,52.58566019444444,27.540014969444446
3445,464916.333,cam1-004-000696-0,7481740.417876615,322091.5342717296,501.3893127441406,RoanCamp,2020-12-04,2020-12-04 11:08:36.333,11:08:36,52.58326891666669,27.540676741666662
3446,464918.335,cam1-004-000697-0,7481742.40864258,322108.09925359674,501.3307189941406,RoanCamp,2020-12-04,2020-12-04 11:08:38.335,11:08:38,52.580877638888865,27.541338513888896
3447,464920.738,cam1-004-000698-0,7481744.367067507,322127.1535891092,501.12261962890625,RoanCamp,2020-12-04,2020-12-04 11:08:40.738,11:08:40,52.57800738888888,27.542132838888893
3448,464922.339,cam1-004-000699-0,7481745.897807374,322139.6444531978,501.0375671386719,RoanCamp,2020-12-04,2020-12-04 11:08:42.339,11:08:42,52.576095083333364,27.542662058333327
3449,464924.341,cam1-004-000700-0,7481747.875489173,322155.2037665345,500.962890625,RoanCamp,2020-12-04,2020-12-04 11:08:44.341,11:08:44,52.57370380555554,27.54332383055556
3450,464926.343,cam1-004-000701-0,7481749.786267752,322171.3915085704,500.8746032714844,RoanCamp,2020-12-04,2020-12-04 11:08:46.343,11:08:46,52.571312527777785,27.543985602777777
3451,464929.013,cam1-004-000702-0,7481752.120392352,322192.32499878615,500.86212158203125,RoanCamp,2020-12-04,2020-12-04 11:08:49.013,11:08:49,52.56812336111114,27.544868186111103
3452,464930.347,cam1-004-000703-0,7481753.4315713085,322203.07534365536,500.9112548828125,RoanCamp,2020-12-04,2020-12-04 11:08:50.347,11:08:50,52.56652997222221,27.545309147222227
3453,464932.349,cam1-004-000704-0,7481755.40014494,322218.8771802444,500.9354553222656,RoanCamp,2020-12-04,2020-12-04 11:08:52.349,11:08:52,52.56413869444446,27.54597091944444
3454,464934.351,cam1-004-000705-0,7481756.963816873,322234.6097600799,501.0046081542969,RoanCamp,2020-12-04,2020-12-04 11:08:54.351,11:08:54,52.56174741666664,27.546632691666677
3455,464936.353,cam1-004-000706-0,7481758.769908365,322250.75764723093,501.21051025390625,RoanCamp,2020-12-04,2020-12-04 11:08:56.353,11:08:56,52.55935613888889,27.54729446388889
3456,464938.756,cam1-004-000707-0,7481760.989720551,322269.4156394879,501.45452880859375,RoanCamp,2020-12-04,2020-12-04 11:08:58.756,11:08:58,52.5564858888889,27.548088788888887
3457,464940.357,cam1-004-000708-0,7481762.462379899,322281.79595383856,501.4869384765625,RoanCamp,2020-12-04,2020-12-04 11:09:00.357,11:09:00,52.554573583333315,27.54861800833334
3458,464942.359,cam1-004-000709-0,7481764.05095063,322297.3734362494,501.5220947265625,RoanCamp,2020-12-04,2020-12-04 11:09:02.359,11:09:02,52.55218230555556,27.549279780555555
3459,464944.361,cam1-004-000710-0,7481765.919555861,322313.6799102059,501.5359191894531,RoanCamp,2020-12-04,2020-12-04 11:09:04.361,11:09:04,52.54979102777781,27.54994155277777
3460,464947.031,cam1-004-000711-0,7481768.694587652,322334.45568407467,501.72967529296875,RoanCamp,2020-12-04,2020-12-04 11:09:07.031,11:09:07,52.54660186111109,27.550824136111117
3461,464948.365,cam1-004-000712-0,7481769.787141645,322345.1646228491,501.7095642089844,RoanCamp,2020-12-04,2020-12-04 11:09:08.365,11:09:08,52.545008472222236,27.55126509722222
3462,464950.367,cam1-004-000713-0,7481771.39526091,322360.92227664107,501.73101806640625,RoanCamp,2020-12-04,2020-12-04 11:09:10.367,11:09:10,52.54261719444441,27.551926869444454
3463,464952.369,cam1-004-000714-0,7481773.514420912,322376.6222797608,501.6710205078125,RoanCamp,2020-12-04,2020-12-04 11:09:12.369,11:09:12,52.540225916666664,27.55258864166667
3464,464954.371,cam1-004-000715-0,7481775.430870185,322392.8423050536,501.5606994628906,RoanCamp,2020-12-04,2020-12-04 11:09:14.371,11:09:14,52.53783463888891,27.553250413888886
3465,464956.774,cam1-004-000716-0,7481776.463928462,322405.3224551886,501.6085510253906,RoanCamp,2020-12-04,2020-12-04 11:09:16.774,11:09:16,52.53496438888892,27.55404473888888
3466,464959.71,cam1-004-000717-0,7481780.909667335,322404.110229155,500.53863525390625,RoanCamp,2020-12-04,2020-12-04 11:09:19.710,11:09:19,52.53145749999998,27.555015250000007
3467,464961.044,cam1-004-000718-0,7481789.459188899,322403.10831885703,500.1203918457031,RoanCamp,2020-12-04,2020-12-04 11:09:21.044,11:09:21,52.52986411111112,27.55545621111111
3468,464962.379,cam1-004-000719-0,7481801.410262247,322402.0644956854,500.0982360839844,RoanCamp,2020-12-04,2020-12-04 11:09:22.379,11:09:22,52.52826952777776,27.555897502777782
3469,464964.381,cam1-004-000720-0,7481819.335488015,322401.02055985434,500.4603271484375,RoanCamp,2020-12-04,2020-12-04 11:09:24.381,11:09:24,52.52587825000001,27.556559274999998
3470,464966.383,cam1-004-000721-0,7481836.312302362,322399.79896316235,500.74078369140625,RoanCamp,2020-12-04,2020-12-04 11:09:26.383,11:09:26,52.52348697222226,27.557221047222214
3471,464969.052,cam1-004-000722-0,7481857.8650187515,322397.97391968087,501.1070861816406,RoanCamp,2020-12-04,2020-12-04 11:09:29.052,11:09:29,52.52029899999997,27.55810330000001
3472,464970.387,cam1-004-000723-0,7481868.424617238,322396.9497929723,501.2645568847656,RoanCamp,2020-12-04,2020-12-04 11:09:30.387,11:09:30,52.51870441666669,27.558544591666664
3473,464972.389,cam1-004-000724-0,7481883.485592375,322392.69067673763,501.5555114746094,RoanCamp,2020-12-04,2020-12-04 11:09:32.389,11:09:32,52.51631313888886,27.559206363888897
3474,464976.126,cam1-004-000725-0,7481887.753706725,322384.05103804905,500.7901916503906,RoanCamp,2020-12-04,2020-12-04 11:09:36.126,11:09:36,52.51184950000002,27.560441649999998
3475,464976.393,cam1-004-000726-0,7481887.7407896295,322383.5497621533,500.719482421875,RoanCamp,2020-12-04,2020-12-04 11:09:36.393,11:09:36,52.511530583333354,27.56052990833333
3476,464978.395,cam1-004-000727-0,7481887.198927902,322375.30838401325,500.5647277832031,RoanCamp,2020-12-04,2020-12-04 11:09:38.395,11:09:38,52.509139305555536,27.561191680555563
3477,464980.397,cam1-004-000728-0,7481885.717232715,322357.59264484013,500.231689453125,RoanCamp,2020-12-04,2020-12-04 11:09:40.397,11:09:40,52.50674802777778,27.56185345277778
3478,464982.399,cam1-004-000729-0,7481884.028704227,322339.86567111383,500.02789306640625,RoanCamp,2020-12-04,2020-12-04 11:09:42.399,11:09:42,52.50435675000003,27.56251522499999
3479,464984.401,cam1-004-000730-0,7481882.391594713,322325.46742625773,499.7054443359375,RoanCamp,2020-12-04,2020-12-04 11:09:44.401,11:09:44,52.50196547222221,27.56317699722223
3480,464986.937,cam1-004-000731-0,7481874.560798388,322305.86653437896,499.2642822265625,RoanCamp,2020-12-04,2020-12-04 11:09:46.937,11:09:46,52.49893636111114,27.564015286111104
3481,464988.405,cam1-004-000732-0,7481867.044750823,322292.40756364516,499.0713806152344,RoanCamp,2020-12-04,2020-12-04 11:09:48.405,11:09:48,52.49718291666664,27.564500541666675
3482,464990.407,cam1-004-000733-0,7481856.584968194,322273.07789143454,498.97259521484375,RoanCamp,2020-12-04,2020-12-04 11:09:50.407,11:09:50,52.494791638888884,27.56516231388889
3483,464992.409,cam1-004-000734-0,7481844.708139587,322253.82399435295,499.1030578613281,RoanCamp,2020-12-04,2020-12-04 11:09:52.409,11:09:52,52.49240036111113,27.565824086111107
3484,464995.078,cam1-004-000735-0,7481827.274405366,322228.0812434943,499.1531982421875,RoanCamp,2020-12-04,2020-12-04 11:09:55.078,11:09:55,52.489212388888916,27.56670633888888
3485,464996.413,cam1-004-000736-0,7481818.98091535,322215.46235339204,498.6283874511719,RoanCamp,2020-12-04,2020-12-04 11:09:56.413,11:09:56,52.48761780555556,27.567147630555557
3486,464998.415,cam1-004-000737-0,7481805.844471106,322194.45517666236,496.3204650878906,RoanCamp,2020-12-04,2020-12-04 11:09:58.415,11:09:58,52.485226527777805,27.567809402777772
3487,465000.417,cam1-004-000738-0,7481794.100006004,322174.5126677969,494.03778076171875,RoanCamp,2020-12-04,2020-12-04 11:10:00.417,11:10:00,52.48283524999999,27.568471175000006
3488,465002.419,cam1-004-000739-0,7481782.618644802,322154.6803369733,492.1477355957031,RoanCamp,2020-12-04,2020-12-04 11:10:02.419,11:10:02,52.48044397222223,27.569132947222222
3489,465004.821,cam1-004-000740-0,7481768.884406281,322130.7367435171,489.5625915527344,RoanCamp,2020-12-04,2020-12-04 11:10:04.821,11:10:04,52.477574916666676,27.569926941666665
3490,465006.423,cam1-004-000741-0,7481757.708909558,322115.0628303647,487.5807800292969,RoanCamp,2020-12-04,2020-12-04 11:10:06.423,11:10:06,52.475661416666654,27.570456491666672
3491,465008.425,cam1-004-000742-0,7481743.467369014,322097.0437844087,484.4543151855469,RoanCamp,2020-12-04,2020-12-04 11:10:08.425,11:10:08,52.47327013888891,27.571118263888884
3492,465010.427,cam1-004-000743-0,7481729.544302784,322078.5855277758,481.00762939453125,RoanCamp,2020-12-04,2020-12-04 11:10:10.427,11:10:10,52.47087886111108,27.57178003611112
3493,465012.963,cam1-004-000744-0,7481711.635559538,322054.3964853026,476.8400573730469,RoanCamp,2020-12-04,2020-12-04 11:10:12.963,11:10:12,52.46784975000001,27.572618324999997
3494,465014.431,cam1-004-000745-0,7481701.650654957,322040.67155543744,474.71142578125,RoanCamp,2020-12-04,2020-12-04 11:10:14.431,11:10:14,52.46609630555558,27.57310358055555
3495,465016.433,cam1-004-000746-0,7481687.349202987,322020.85605664353,472.6232604980469,RoanCamp,2020-12-04,2020-12-04 11:10:16.433,11:10:16,52.463705027777756,27.573765352777784
3496,465018.435,cam1-004-000747-0,7481673.014143732,322001.97664784756,470.9167175292969,RoanCamp,2020-12-04,2020-12-04 11:10:18.435,11:10:18,52.46131375,27.574427125
3497,465020.437,cam1-004-000748-0,7481658.245601459,321983.27481156203,468.8229064941406,RoanCamp,2020-12-04,2020-12-04 11:10:20.437,11:10:20,52.458922472222255,27.575088897222216
3498,465022.706,cam1-004-000749-0,7481641.857504109,321962.11397317913,466.45526123046875,RoanCamp,2020-12-04,2020-12-04 11:10:22.706,11:10:22,52.45621227777777,27.57583892777778
3499,465024.441,cam1-004-000750-0,7481629.8779598195,321946.7892150121,464.7276916503906,RoanCamp,2020-12-04,2020-12-04 11:10:24.441,11:10:24,52.454139916666676,27.576412441666665
3500,465026.443,cam1-004-000751-0,7481615.701718784,321930.0082991682,463.2283630371094,RoanCamp,2020-12-04,2020-12-04 11:10:26.443,11:10:26,52.45174863888886,27.5770742138889
3501,465028.445,cam1-004-000752-0,7481600.615229929,321913.92202752916,461.5932922363281,RoanCamp,2020-12-04,2020-12-04 11:10:28.445,11:10:28,52.449357361111105,27.577735986111115
3502,465030.981,cam1-004-000753-0,7481579.774802142,321893.5128137601,459.61322021484375,RoanCamp,2020-12-04,2020-12-04 11:10:30.981,11:10:30,52.446328249999965,27.578574275000012
3503,465032.449,cam1-004-000754-0,7481568.063350068,321881.78161490045,458.6866760253906,RoanCamp,2020-12-04,2020-12-04 11:10:32.449,11:10:32,52.44457480555553,27.579059530555565
3504,465034.451,cam1-004-000755-0,7481551.292714598,321864.8051840712,457.494140625,RoanCamp,2020-12-04,2020-12-04 11:10:34.451,11:10:34,52.44218352777778,27.579721302777777
3505,465036.453,cam1-004-000756-0,7481534.945337833,321848.71365697053,456.31903076171875,RoanCamp,2020-12-04,2020-12-04 11:10:36.453,11:10:36,52.439792250000025,27.580383074999993
3506,465038.455,cam1-004-000757-0,7481517.740424616,321833.3015277429,455.08355712890625,RoanCamp,2020-12-04,2020-12-04 11:10:38.455,11:10:38,52.43740097222221,27.581044847222227
3507,465040.724,cam1-004-000758-0,7481498.470299922,321816.0029582898,453.3707580566406,RoanCamp,2020-12-04,2020-12-04 11:10:40.724,11:10:40,52.434690777777796,27.581794877777774
3508,465042.325,cam1-004-000759-0,7481486.094481826,321804.76891882403,452.08428955078125,RoanCamp,2020-12-04,2020-12-04 11:10:42.325,11:10:42,52.43277847222221,27.582324097222227
3509,465044.461,cam1-004-000760-0,7481469.458693064,321789.8708020408,450.3808288574219,RoanCamp,2020-12-04,2020-12-04 11:10:44.461,11:10:44,52.43022713888888,27.583030163888893
3510,465304.052,cam1-005-000000-0,7481057.063861146,321698.4426608269,407.965576171875,RoanCamp,2020-12-04,2020-12-04 11:15:04.052,11:15:04,52.12016011111108,27.66883941111112
3511,465305.387,cam1-005-000001-0,7481056.944442399,321698.4361983278,410.8616943359375,RoanCamp,2020-12-04,2020-12-04 11:15:05.387,11:15:05,52.1185655277778,27.669280702777773
3512,465307.388,cam1-005-000002-0,7481057.304417045,321698.2734960602,415.2172546386719,RoanCamp,2020-12-04,2020-12-04 11:15:07.388,11:15:07,52.11617544444447,27.669942144444438
3513,465310.859,cam1-005-000003-0,7481068.688931419,321699.1072903705,422.9886474609375,RoanCamp,2020-12-04,2020-12-04 11:15:10.859,11:15:10,52.112029527777786,27.67108950277778
3514,465313.394,cam1-005-000004-0,7481076.9762779195,321703.19909064623,428.3983154296875,RoanCamp,2020-12-04,2020-12-04 11:15:13.394,11:15:13,52.10900161111115,27.671927461111103
3515,465315.396,cam1-005-000005-0,7481084.050077912,321706.8964510864,432.7623291015625,RoanCamp,2020-12-04,2020-12-04 11:15:15.396,11:15:15,52.10661033333333,27.672589233333337
3516,465317.398,cam1-005-000006-0,7481091.987003549,321710.8201709435,437.1630859375,RoanCamp,2020-12-04,2020-12-04 11:15:17.398,11:15:17,52.104219055555575,27.673251005555553
3517,465319.4,cam1-005-000007-0,7481103.045575194,321715.8183765079,441.8133239746094,RoanCamp,2020-12-04,2020-12-04 11:15:19.400,11:15:19,52.10182777777775,27.673912777777787
3518,465322.07,cam1-005-000008-0,7481119.202583702,321723.2438942414,448.2846374511719,RoanCamp,2020-12-04,2020-12-04 11:15:22.070,11:15:22,52.098638611111106,27.674795361111112
3519,465323.404,cam1-005-000009-0,7481128.4372497015,321727.54855962435,451.37506103515625,RoanCamp,2020-12-04,2020-12-04 11:15:23.404,11:15:23,52.09704522222225,27.675236322222215
3520,465325.406,cam1-005-000010-0,7481146.074697273,321735.5553270417,455.75738525390625,RoanCamp,2020-12-04,2020-12-04 11:15:25.406,11:15:25,52.094653944444424,27.67589809444445
3521,465327.408,cam1-005-000011-0,7481165.109150739,321745.3722701337,460.2183837890625,RoanCamp,2020-12-04,2020-12-04 11:15:27.408,11:15:27,52.09226266666667,27.676559866666665
3522,465330.078,cam1-005-000012-0,7481189.432810398,321761.6324614476,466.4103698730469,RoanCamp,2020-12-04,2020-12-04 11:15:30.078,11:15:30,52.089073500000026,27.677442449999994
3523,465331.412,cam1-005-000013-0,7481201.511790249,321771.34090611315,469.28466796875,RoanCamp,2020-12-04,2020-12-04 11:15:31.412,11:15:31,52.0874801111111,27.677883411111114
3524,465333.414,cam1-005-000014-0,7481219.737779859,321786.4614613791,473.55322265625,RoanCamp,2020-12-04,2020-12-04 11:15:33.414,11:15:33,52.085088833333344,27.67854518333333
3525,465335.416,cam1-005-000015-0,7481238.268909587,321801.69107244245,478.028076171875,RoanCamp,2020-12-04,2020-12-04 11:15:35.416,11:15:35,52.08269755555553,27.679206955555564
3526,465337.418,cam1-005-000016-0,7481257.991376752,321817.5444409221,482.5649108886719,RoanCamp,2020-12-04,2020-12-04 11:15:37.418,11:15:37,52.08030627777777,27.67986872777778
3527,465339.821,cam1-005-000017-0,7481283.678562452,321837.9664092283,488.55126953125,RoanCamp,2020-12-04,2020-12-04 11:15:39.821,11:15:39,52.077436027777786,27.680663052777778
3528,465341.422,cam1-005-000018-0,7481300.134044927,321851.1831671394,492.3849182128906,RoanCamp,2020-12-04,2020-12-04 11:15:41.422,11:15:41,52.0755237222222,27.68119227222223
3529,465343.424,cam1-005-000019-0,7481320.798196968,321867.6329544547,494.1091613769531,RoanCamp,2020-12-04,2020-12-04 11:15:43.424,11:15:43,52.07313244444445,27.681854044444446
3530,465345.426,cam1-005-000020-0,7481341.568903817,321884.251896356,494.65802001953125,RoanCamp,2020-12-04,2020-12-04 11:15:45.426,11:15:45,52.07074116666669,27.68251581666666
3531,465348.096,cam1-005-000021-0,7481369.751656221,321906.9674594739,495.16351318359375,RoanCamp,2020-12-04,2020-12-04 11:15:48.096,11:15:48,52.06755199999998,27.68339840000001
3532,465349.43,cam1-005-000022-0,7481383.601313481,321918.1788249967,495.2934265136719,RoanCamp,2020-12-04,2020-12-04 11:15:49.430,11:15:49,52.06595861111112,27.683839361111108
3533,465351.432,cam1-005-000023-0,7481404.016194563,321934.72705520876,495.2624206542969,RoanCamp,2020-12-04,2020-12-04 11:15:51.432,11:15:51,52.06356733333337,27.684501133333324
3534,465353.434,cam1-005-000024-0,7481424.7260190025,321951.4964731375,495.125,RoanCamp,2020-12-04,2020-12-04 11:15:53.434,11:15:53,52.06117605555555,27.685162905555558
3535,465355.97,cam1-005-000025-0,7481451.674231067,321973.27474932524,495.0705261230469,RoanCamp,2020-12-04,2020-12-04 11:15:55.970,11:15:55,52.05814694444448,27.686001194444437
3536,465357.438,cam1-005-000026-0,7481467.748770915,321986.2193985826,495.1073303222656,RoanCamp,2020-12-04,2020-12-04 11:15:57.438,11:15:57,52.05639349999997,27.686486450000007
3537,465359.44,cam1-005-000027-0,7481488.85538584,322003.23596288834,495.2236633300781,RoanCamp,2020-12-04,2020-12-04 11:15:59.440,11:15:59,52.05400222222222,27.687148222222223
3538,465361.442,cam1-005-000028-0,7481509.460020719,322020.63823553815,495.3726806640625,RoanCamp,2020-12-04,2020-12-04 11:16:01.442,11:16:01,52.05161094444447,27.68780999444444
3539,465363.444,cam1-005-000029-0,7481530.674514686,322038.42636770906,495.4637451171875,RoanCamp,2020-12-04,2020-12-04 11:16:03.444,11:16:03,52.049219666666644,27.688471766666673
3540,465365.847,cam1-005-000030-0,7481556.899737253,322060.4408332742,495.5081787109375,RoanCamp,2020-12-04,2020-12-04 11:16:05.847,11:16:05,52.04634941666666,27.68926609166667
3541,465367.448,cam1-005-000031-0,7481573.1749427505,322074.3046865399,495.5234680175781,RoanCamp,2020-12-04,2020-12-04 11:16:07.448,11:16:07,52.044437111111144,27.6897953111111
3542,465369.45,cam1-005-000032-0,7481593.490791598,322091.5957605205,495.5678405761719,RoanCamp,2020-12-04,2020-12-04 11:16:09.450,11:16:09,52.04204583333332,27.69045708333334
3543,465371.452,cam1-005-000033-0,7481613.696990194,322108.7162296802,495.6253356933594,RoanCamp,2020-12-04,2020-12-04 11:16:11.452,11:16:11,52.03965455555557,27.69111885555555
3544,465374.121,cam1-005-000034-0,7481639.884710949,322131.3073651979,495.94024658203125,RoanCamp,2020-12-04,2020-12-04 11:16:14.121,11:16:14,52.03646658333335,27.69200110833333
3545,465375.456,cam1-005-000035-0,7481652.860648815,322142.49790470174,496.0681457519531,RoanCamp,2020-12-04,2020-12-04 11:16:15.456,11:16:15,52.03487199999999,27.6924424
3546,465377.458,cam1-005-000036-0,7481672.614872659,322159.1344086386,496.0936584472656,RoanCamp,2020-12-04,2020-12-04 11:16:17.458,11:16:17,52.032480722222246,27.693104172222217
3547,465379.46,cam1-005-000037-0,7481692.608219624,322175.85505503975,496.30035400390625,RoanCamp,2020-12-04,2020-12-04 11:16:19.460,11:16:19,52.03008944444442,27.69376594444445
3548,465381.462,cam1-005-000038-0,7481712.792741438,322192.8063895587,496.54815673828125,RoanCamp,2020-12-04,2020-12-04 11:16:21.462,11:16:21,52.02769816666667,27.694427716666667
3549,465383.731,cam1-005-000039-0,7481735.692273855,322213.8531237657,496.9222717285156,RoanCamp,2020-12-04,2020-12-04 11:16:23.731,11:16:23,52.02498797222219,27.695177747222232
3550,465385.466,cam1-005-000040-0,7481750.862288061,322231.75958759,497.2417297363281,RoanCamp,2020-12-04,2020-12-04 11:16:25.466,11:16:25,52.022915611111095,27.695751261111116
3551,465387.468,cam1-005-000041-0,7481766.572228997,322252.71397080173,497.5773620605469,RoanCamp,2020-12-04,2020-12-04 11:16:27.468,11:16:27,52.02052433333334,27.696413033333332
3552,465389.47,cam1-005-000042-0,7481782.329394771,322273.33832947345,497.844482421875,RoanCamp,2020-12-04,2020-12-04 11:16:29.470,11:16:29,52.01813305555559,27.69707480555555
3553,465392.006,cam1-005-000043-0,7481802.449053158,322299.33061406435,498.3314514160156,RoanCamp,2020-12-04,2020-12-04 11:16:32.006,11:16:32,52.015103944444455,27.69791309444444
3554,465393.474,cam1-005-000044-0,7481814.058285632,322313.80478735873,498.31134033203125,RoanCamp,2020-12-04,2020-12-04 11:16:33.474,11:16:33,52.013350500000016,27.698398349999998
3555,465395.476,cam1-005-000045-0,7481828.586601803,322332.44022976916,498.3878173828125,RoanCamp,2020-12-04,2020-12-04 11:16:35.476,11:16:35,52.0109592222222,27.69906012222223
3556,465397.478,cam1-005-000046-0,7481840.4372622585,322347.8238907496,498.661376953125,RoanCamp,2020-12-04,2020-12-04 11:16:37.478,11:16:37,52.008567944444444,27.699721894444444
3557,465399.48,cam1-005-000047-0,7481843.749077994,322353.5061783132,499.15228271484375,RoanCamp,2020-12-04,2020-12-04 11:16:39.480,11:16:39,52.00617666666669,27.70038366666666
3558,465401.749,cam1-005-000048-0,7481844.048134519,322351.7971857966,500.98870849609375,RoanCamp,2020-12-04,2020-12-04 11:16:41.749,11:16:41,52.003466472222215,27.701133697222225
3559,465403.484,cam1-005-000049-0,7481851.451763788,322355.0870909461,500.9211120605469,RoanCamp,2020-12-04,2020-12-04 11:16:43.484,11:16:43,52.00139411111112,27.70170721111111
3560,465405.486,cam1-005-000050-0,7481864.86345187,322364.6000007328,501.0992126464844,RoanCamp,2020-12-04,2020-12-04 11:16:45.486,11:16:45,51.999002833333364,27.702368983333326
3561,465407.488,cam1-005-000051-0,7481877.97423074,322374.89491000597,501.6145935058594,RoanCamp,2020-12-04,2020-12-04 11:16:47.488,11:16:47,51.996611555555546,27.70303075555556
3562,465410.024,cam1-005-000052-0,7481886.638953269,322372.90937009,501.70611572265625,RoanCamp,2020-12-04,2020-12-04 11:16:50.024,11:16:50,51.99358244444448,27.70386904444444
3563,465411.492,cam1-005-000053-0,7481886.543669108,322370.1199039022,501.6359558105469,RoanCamp,2020-12-04,2020-12-04 11:16:51.492,11:16:51,51.99182899999997,27.70435430000001
3564,465413.494,cam1-005-000054-0,7481885.8320776895,322364.12228923594,501.26824951171875,RoanCamp,2020-12-04,2020-12-04 11:16:53.494,11:16:53,51.98943772222221,27.705016072222225
3565,465415.496,cam1-005-000055-0,7481884.799973414,322350.21225214866,500.7486572265625,RoanCamp,2020-12-04,2020-12-04 11:16:55.496,11:16:55,51.987046444444466,27.70567784444444
3566,465417.498,cam1-005-000056-0,7481883.006376725,322332.30507035373,500.7306823730469,RoanCamp,2020-12-04,2020-12-04 11:16:57.498,11:16:57,51.98465516666664,27.706339616666675
3567,465419.366,cam1-005-000057-0,7481881.3330332395,322316.0953784119,500.6189270019531,RoanCamp,2020-12-04,2020-12-04 11:16:59.366,11:16:59,51.98242394444447,27.706957094444437
3568,465422.036,cam1-005-000058-0,7481879.00381309,322294.36978070333,500.70361328125,RoanCamp,2020-12-04,2020-12-04 11:17:02.036,11:17:02,51.979234777777755,27.707839677777784
3569,465423.37,cam1-005-000059-0,7481877.9134495035,322284.26412095653,500.8031921386719,RoanCamp,2020-12-04,2020-12-04 11:17:03.370,11:17:03,51.9776413888889,27.708280638888887
3570,465425.372,cam1-005-000060-0,7481876.157282714,322267.95872157154,500.9389953613281,RoanCamp,2020-12-04,2020-12-04 11:17:05.372,11:17:05,51.975250111111144,27.708942411111103
3571,465427.374,cam1-005-000061-0,7481874.23646131,322252.1830389148,500.9712219238281,RoanCamp,2020-12-04,2020-12-04 11:17:07.374,11:17:07,51.97285883333332,27.709604183333337
3572,465430.044,cam1-005-000062-0,7481871.242787413,322230.62638015323,500.8322448730469,RoanCamp,2020-12-04,2020-12-04 11:17:10.044,11:17:10,51.969669666666675,27.710486766666666
3573,465431.378,cam1-005-000063-0,7481870.024537855,322220.398006853,500.750244140625,RoanCamp,2020-12-04,2020-12-04 11:17:11.378,11:17:11,51.96807627777775,27.710927727777786
3574,465433.38,cam1-005-000064-0,7481868.270090559,322203.77147416974,500.7484436035156,RoanCamp,2020-12-04,2020-12-04 11:17:13.380,11:17:13,51.96568499999999,27.711589500000002
3575,465435.382,cam1-005-000065-0,7481866.391386912,322187.95474337164,500.873779296875,RoanCamp,2020-12-04,2020-12-04 11:17:15.382,11:17:15,51.96329372222225,27.71225127222222
3576,465437.384,cam1-005-000066-0,7481864.477423629,322172.27157937124,500.973876953125,RoanCamp,2020-12-04,2020-12-04 11:17:17.384,11:17:17,51.96090244444442,27.712913044444452
3577,465439.787,cam1-005-000067-0,7481862.207213737,322153.6125576359,500.9681701660156,RoanCamp,2020-12-04,2020-12-04 11:17:19.787,11:17:19,51.958032194444435,27.71370736944445
3578,465442.056,cam1-005-000068-0,7481859.988237977,322135.5654098155,500.8899230957031,RoanCamp,2020-12-04,2020-12-04 11:17:22.056,11:17:22,51.955322000000024,27.714457399999993
3579,465443.39,cam1-005-000069-0,7481858.765061304,322124.98750899837,500.8321533203125,RoanCamp,2020-12-04,2020-12-04 11:17:23.390,11:17:23,51.953728611111096,27.714898361111118
3580,465445.392,cam1-005-000070-0,7481856.967985125,322109.2627217461,500.7115173339844,RoanCamp,2020-12-04,2020-12-04 11:17:25.392,11:17:25,51.95133733333334,27.71556013333333
3581,465448.062,cam1-005-000071-0,7481854.52381848,322087.8153810882,500.66259765625,RoanCamp,2020-12-04,2020-12-04 11:17:28.062,11:17:28,51.9481481666667,27.71644271666666
3582,465449.396,cam1-005-000072-0,7481853.379217109,322077.71345776133,500.6775207519531,RoanCamp,2020-12-04,2020-12-04 11:17:29.396,11:17:29,51.94655477777777,27.71688367777778
3583,465451.398,cam1-005-000073-0,7481851.604772987,322061.4268273349,500.7616271972656,RoanCamp,2020-12-04,2020-12-04 11:17:31.398,11:17:31,51.944163500000016,27.717545449999996
3584,465453.4,cam1-005-000074-0,7481849.703676147,322045.60530605563,500.765869140625,RoanCamp,2020-12-04,2020-12-04 11:17:33.400,11:17:33,51.9417722222222,27.71820722222223
3585,465455.402,cam1-005-000075-0,7481847.9019260565,322029.68647339044,500.83978271484375,RoanCamp,2020-12-04,2020-12-04 11:17:35.402,11:17:35,51.939380944444444,27.718868994444446
3586,465457.805,cam1-005-000076-0,7481845.712350544,322010.56161284394,501.0169982910156,RoanCamp,2020-12-04,2020-12-04 11:17:37.805,11:17:37,51.93651069444446,27.719663319444443
3587,465459.406,cam1-005-000077-0,7481844.185337026,321997.14187163766,501.0003356933594,RoanCamp,2020-12-04,2020-12-04 11:17:39.406,11:17:39,51.93459838888887,27.720192538888895
3588,465461.408,cam1-005-000078-0,7481842.377836013,321981.155282755,500.8868408203125,RoanCamp,2020-12-04,2020-12-04 11:17:41.408,11:17:41,51.93220711111112,27.72085431111111
3589,465463.41,cam1-005-000079-0,7481840.560761141,321965.3072059719,500.8116455078125,RoanCamp,2020-12-04,2020-12-04 11:17:43.410,11:17:43,51.929815833333365,27.721516083333324
3590,465466.08,cam1-005-000080-0,7481838.140914563,321943.8876114099,500.7865295410156,RoanCamp,2020-12-04,2020-12-04 11:17:46.080,11:17:46,51.92662666666665,27.722398666666674
3591,465467.414,cam1-005-000081-0,7481836.915040087,321933.78060337994,500.8177490234375,RoanCamp,2020-12-04,2020-12-04 11:17:47.414,11:17:47,51.92503327777779,27.722839627777773
3592,465469.416,cam1-005-000082-0,7481834.898971703,321917.31862019165,500.9210510253906,RoanCamp,2020-12-04,2020-12-04 11:17:49.416,11:17:49,51.92264199999997,27.72350140000001
3593,465471.418,cam1-005-000083-0,7481832.943508344,321901.4064597662,500.95391845703125,RoanCamp,2020-12-04,2020-12-04 11:17:51.418,11:17:51,51.92025072222222,27.724163172222223
3594,465473.42,cam1-005-000084-0,7481831.095666051,321885.5320545731,500.98260498046875,RoanCamp,2020-12-04,2020-12-04 11:17:53.420,11:17:53,51.91785944444447,27.72482494444444
3595,465475.823,cam1-005-000085-0,7481829.001264333,321866.6575005931,501.0664367675781,RoanCamp,2020-12-04,2020-12-04 11:17:55.823,11:17:55,51.91498919444447,27.725619269444437
3596,465477.424,cam1-005-000086-0,7481827.5632496085,321853.3855567664,500.96929931640625,RoanCamp,2020-12-04,2020-12-04 11:17:57.424,11:17:57,51.913076888888895,27.72614848888889
3597,465479.426,cam1-005-000087-0,7481825.659545999,321837.6585095513,500.921875,RoanCamp,2020-12-04,2020-12-04 11:17:59.426,11:17:59,51.91068561111114,27.726810261111105
3598,465481.428,cam1-005-000088-0,7481823.847879593,321821.89810363826,500.847412109375,RoanCamp,2020-12-04,2020-12-04 11:18:01.428,11:18:01,51.908294333333316,27.72747203333334
3599,465484.097,cam1-005-000089-0,7481821.511731377,321800.4707500801,500.8843994140625,RoanCamp,2020-12-04,2020-12-04 11:18:04.097,11:18:04,51.9051063611111,27.728354286111113
3600,465485.432,cam1-005-000090-0,7481820.261043771,321790.41298697295,500.8818054199219,RoanCamp,2020-12-04,2020-12-04 11:18:05.432,11:18:05,51.903511777777815,27.72879557777777
3601,465487.434,cam1-005-000091-0,7481818.33251597,321774.1087469283,500.9349365234375,RoanCamp,2020-12-04,2020-12-04 11:18:07.434,11:18:07,51.90112049999999,27.729457350000004
3602,465489.436,cam1-005-000092-0,7481816.579713827,321758.38084589073,500.91180419921875,RoanCamp,2020-12-04,2020-12-04 11:18:09.436,11:18:09,51.89872922222224,27.730119122222217
3603,465491.438,cam1-005-000093-0,7481814.754433669,321742.62026550225,500.9446105957031,RoanCamp,2020-12-04,2020-12-04 11:18:11.438,11:18:11,51.89633794444442,27.730780894444454
3604,465493.84,cam1-005-000094-0,7481812.45719977,321723.45249910513,501.0032958984375,RoanCamp,2020-12-04,2020-12-04 11:18:13.840,11:18:13,51.89346888888886,27.731574888888897
3605,465495.442,cam1-005-000095-0,7481810.854194723,321710.0118512353,501.0148620605469,RoanCamp,2020-12-04,2020-12-04 11:18:15.442,11:18:15,51.89155538888891,27.732104438888882
3606,465497.444,cam1-005-000096-0,7481808.994258518,321694.14283037744,501.02825927734375,RoanCamp,2020-12-04,2020-12-04 11:18:17.444,11:18:17,51.88916411111109,27.732766211111116
3607,465499.446,cam1-005-000097-0,7481807.174677407,321678.3795694103,501.0776672363281,RoanCamp,2020-12-04,2020-12-04 11:18:19.446,11:18:19,51.88677283333334,27.733427983333332
3608,465502.115,cam1-005-000098-0,7481804.792922914,321657.1540135363,501.15631103515625,RoanCamp,2020-12-04,2020-12-04 11:18:22.115,11:18:22,51.883584861111125,27.73431023611111
3609,465503.45,cam1-005-000099-0,7481803.646136325,321647.10830372816,501.1763000488281,RoanCamp,2020-12-04,2020-12-04 11:18:23.450,11:18:23,51.88199027777777,27.73475152777778
3610,465505.452,cam1-005-000100-0,7481801.758446352,321630.7035813909,501.1326904296875,RoanCamp,2020-12-04,2020-12-04 11:18:25.452,11:18:25,51.87959900000001,27.735413299999998
3611,465507.454,cam1-005-000101-0,7481799.951613734,321614.9853143479,501.1805114746094,RoanCamp,2020-12-04,2020-12-04 11:18:27.454,11:18:27,51.87720772222219,27.73607507222223
3612,465509.456,cam1-005-000102-0,7481798.158230986,321599.18544880126,501.24029541015625,RoanCamp,2020-12-04,2020-12-04 11:18:29.456,11:18:29,51.87481644444444,27.736736844444447
3613,465511.725,cam1-005-000103-0,7481796.142112943,321580.7852570133,501.30828857421875,RoanCamp,2020-12-04,2020-12-04 11:18:31.725,11:18:31,51.87210625000003,27.73748687499999
3614,465514.394,cam1-005-000104-0,7481793.727842875,321559.8892740434,501.22589111328125,RoanCamp,2020-12-04,2020-12-04 11:18:34.394,11:18:34,51.868918277777816,27.73836912777777
3615,465515.462,cam1-005-000105-0,7481792.692592394,321550.921244002,501.2156982421875,RoanCamp,2020-12-04,2020-12-04 11:18:35.462,11:18:35,51.867642611111116,27.738722161111113
3616,465517.464,cam1-005-000106-0,7481790.909284329,321534.9448018619,501.22882080078125,RoanCamp,2020-12-04,2020-12-04 11:18:37.464,11:18:37,51.86525133333336,27.739383933333325
3617,465520.0,cam1-005-000107-0,7481788.561521768,321514.5182903066,501.20599365234375,RoanCamp,2020-12-04,2020-12-04 11:18:40.000,11:18:40,51.86222222222222,27.740222222222222
3618,465525.605,cam1-005-000108-0,7481783.11689903,321469.5202876616,501.0780029296875,RoanCamp,2020-12-04,2020-12-04 11:18:45.605,11:18:45,51.855527361111136,27.742074986111106
3619,465528.275,cam1-005-000109-0,7481780.725621098,321448.4453563279,501.09210205078125,RoanCamp,2020-12-04,2020-12-04 11:18:48.275,11:18:48,51.85233819444442,27.742957569444453
3620,465534.014,cam1-005-000110-0,7481775.615048682,321402.4987104221,501.1126708984375,RoanCamp,2020-12-04,2020-12-04 11:18:54.014,11:18:54,51.84548327777775,27.744854627777787
3621,465536.55,cam1-005-000111-0,7481773.156910356,321382.4127383095,501.10986328125,RoanCamp,2020-12-04,2020-12-04 11:18:56.550,11:18:56,51.842454166666684,27.745692916666663
3622,465538.018,cam1-005-000112-0,7481771.847847532,321370.9371396862,501.1949768066406,RoanCamp,2020-12-04,2020-12-04 11:18:58.018,11:18:58,51.840700722222245,27.746178172222216
3623,465540.02,cam1-005-000113-0,7481769.965972848,321355.02673187986,501.3122253417969,RoanCamp,2020-12-04,2020-12-04 11:19:00.020,11:19:00,51.83830944444443,27.74683994444445
3624,465542.022,cam1-005-000114-0,7481768.163393324,321339.0865163871,501.35284423828125,RoanCamp,2020-12-04,2020-12-04 11:19:02.022,11:19:02,51.83591816666667,27.747501716666665
3625,465544.024,cam1-005-000115-0,7481766.194844939,321322.5779288735,501.3680725097656,RoanCamp,2020-12-04,2020-12-04 11:19:04.024,11:19:04,51.83352688888892,27.74816348888888
3626,465546.293,cam1-005-000116-0,7481764.117105998,321304.80755895615,501.33050537109375,RoanCamp,2020-12-04,2020-12-04 11:19:06.293,11:19:06,51.83081669444444,27.748913519444447
3627,465548.028,cam1-005-000117-0,7481762.454545302,321290.88893743523,501.25164794921875,RoanCamp,2020-12-04,2020-12-04 11:19:08.028,11:19:08,51.82874433333335,27.74948703333333
3628,465550.03,cam1-005-000118-0,7481760.5860498715,321275.109619078,501.12127685546875,RoanCamp,2020-12-04,2020-12-04 11:19:10.030,11:19:10,51.82635305555552,27.750148805555565
3629,465552.032,cam1-005-000119-0,7481758.796583854,321258.7208670608,501.0555114746094,RoanCamp,2020-12-04,2020-12-04 11:19:12.032,11:19:12,51.82396177777777,27.75081057777778
3630,465554.567,cam1-005-000120-0,7481756.383580459,321238.5897661147,500.9137878417969,RoanCamp,2020-12-04,2020-12-04 11:19:14.567,11:19:14,51.820933861111136,27.751648536111105
3631,465556.036,cam1-005-000121-0,7481755.002982159,321227.2204799664,500.87225341796875,RoanCamp,2020-12-04,2020-12-04 11:19:16.036,11:19:16,51.819179222222196,27.75213412222223
3632,465557.904,cam1-005-000122-0,7481753.197643504,321212.1252199646,500.8442077636719,RoanCamp,2020-12-04,2020-12-04 11:19:17.904,11:19:17,51.816948000000025,27.752751599999993
3633,465560.04,cam1-005-000123-0,7481751.228295947,321195.2029381655,500.839599609375,RoanCamp,2020-12-04,2020-12-04 11:19:20.040,11:19:20,51.814396666666696,27.75345766666666
3634,465562.575,cam1-005-000124-0,7481748.972141569,321175.6936313965,500.8780822753906,RoanCamp,2020-12-04,2020-12-04 11:19:22.575,11:19:22,51.811368749999986,27.754295625000005
3635,465563.91,cam1-005-000125-0,7481747.786588952,321164.92476579914,500.8394470214844,RoanCamp,2020-12-04,2020-12-04 11:19:23.910,11:19:23,51.8097741666667,27.75473691666666
3636,465566.046,cam1-005-000126-0,7481745.797432518,321147.8826574846,500.84210205078125,RoanCamp,2020-12-04,2020-12-04 11:19:26.046,11:19:26,51.80722283333337,27.755442983333324
3637,465567.914,cam1-005-000127-0,7481743.951559235,321132.66026912,500.8112487792969,RoanCamp,2020-12-04,2020-12-04 11:19:27.914,11:19:27,51.80499161111113,27.756060461111108
3638,465569.916,cam1-005-000128-0,7481742.060940967,321116.74984860234,500.87054443359375,RoanCamp,2020-12-04,2020-12-04 11:19:29.916,11:19:29,51.8026003333333,27.756722233333342
3639,465572.318,cam1-005-000129-0,7481739.791672919,321097.65773999237,501.00836181640625,RoanCamp,2020-12-04,2020-12-04 11:19:32.318,11:19:32,51.799731277777745,27.75751622777779
3640,465573.92,cam1-005-000130-0,7481738.250839258,321084.995887561,501.0383605957031,RoanCamp,2020-12-04,2020-12-04 11:19:33.920,11:19:33,51.7978177777778,27.758045777777774
3641,465575.922,cam1-005-000131-0,7481736.357238054,321068.5730017283,501.0684814453125,RoanCamp,2020-12-04,2020-12-04 11:19:35.922,11:19:35,51.79542649999998,27.758707550000008
3642,465577.924,cam1-005-000132-0,7481734.539589707,321052.812773317,501.1279296875,RoanCamp,2020-12-04,2020-12-04 11:19:37.924,11:19:37,51.79303522222222,27.759369322222224
3643,465580.593,cam1-005-000133-0,7481731.9077866655,321032.0857158059,501.1154479980469,RoanCamp,2020-12-04,2020-12-04 11:19:40.593,11:19:40,51.78984725000001,27.760251574999998
3644,465581.928,cam1-005-000134-0,7481730.639651449,321021.37432493176,501.04095458984375,RoanCamp,2020-12-04,2020-12-04 11:19:41.928,11:19:41,51.78825266666665,27.760692866666673
3645,465583.93,cam1-005-000135-0,7481728.814687843,321005.68495602976,500.93572998046875,RoanCamp,2020-12-04,2020-12-04 11:19:43.930,11:19:43,51.7858613888889,27.761354638888886
3646,465585.932,cam1-005-000136-0,7481726.91419601,320989.226286702,500.8637390136719,RoanCamp,2020-12-04,2020-12-04 11:19:45.932,11:19:45,51.78347011111114,27.7620164111111
3647,465587.934,cam1-005-000137-0,7481725.183900619,320973.4667458327,500.9607238769531,RoanCamp,2020-12-04,2020-12-04 11:19:47.934,11:19:47,51.781078833333325,27.762678183333335
3648,465590.336,cam1-005-000138-0,7481722.969066807,320954.5962346145,501.1416931152344,RoanCamp,2020-12-04,2020-12-04 11:19:50.336,11:19:50,51.77820977777777,27.763472177777782
3649,465591.938,cam1-005-000139-0,7481721.391408373,320941.9282604271,501.1517333984375,RoanCamp,2020-12-04,2020-12-04 11:19:51.938,11:19:51,51.77629627777775,27.764001727777785
3650,465593.94,cam1-005-000140-0,7481719.330850618,320925.39244421525,501.21337890625,RoanCamp,2020-12-04,2020-12-04 11:19:53.940,11:19:53,51.773905,27.7646635
3651,465595.942,cam1-005-000141-0,7481717.566450084,320909.5932092656,501.1390075683594,RoanCamp,2020-12-04,2020-12-04 11:19:55.942,11:19:55,51.771513722222245,27.765325272222217
3652,465598.611,cam1-005-000142-0,7481715.208277887,320888.8432803933,500.92333984375,RoanCamp,2020-12-04,2020-12-04 11:19:58.611,11:19:58,51.76832575000003,27.76620752499999
3653,465599.946,cam1-005-000143-0,7481714.043058224,320878.20055407484,500.8127136230469,RoanCamp,2020-12-04,2020-12-04 11:19:59.946,11:19:59,51.76673116666667,27.766648816666667
3654,465601.948,cam1-005-000144-0,7481712.114950941,320862.45124572306,500.7066650390625,RoanCamp,2020-12-04,2020-12-04 11:20:01.948,11:20:01,51.76433988888892,27.76731058888888
3655,465603.95,cam1-005-000145-0,7481710.0806632945,320846.24417586706,500.7830505371094,RoanCamp,2020-12-04,2020-12-04 11:20:03.950,11:20:03,51.7619486111111,27.767972361111116
3656,465605.952,cam1-005-000146-0,7481708.393193064,320830.7072373547,500.7906799316406,RoanCamp,2020-12-04,2020-12-04 11:20:05.952,11:20:05,51.75955733333335,27.76863413333333
3657,465608.354,cam1-005-000147-0,7481706.149059979,320811.9466042424,500.8179626464844,RoanCamp,2020-12-04,2020-12-04 11:20:08.354,11:20:08,51.75668827777779,27.769428127777775
3658,465609.956,cam1-005-000148-0,7481704.726788685,320799.1785607395,500.88140869140625,RoanCamp,2020-12-04,2020-12-04 11:20:09.956,11:20:09,51.754774777777776,27.76995767777778
3659,465611.958,cam1-005-000149-0,7481702.7285773065,320782.42096698284,500.9900817871094,RoanCamp,2020-12-04,2020-12-04 11:20:11.958,11:20:11,51.75238350000002,27.770619449999995
3660,465613.96,cam1-005-000150-0,7481701.077825028,320766.27582648466,500.9075622558594,RoanCamp,2020-12-04,2020-12-04 11:20:13.960,11:20:13,51.7499922222222,27.77128122222223
3661,465616.629,cam1-005-000151-0,7481698.593237221,320745.465205261,500.8033142089844,RoanCamp,2020-12-04,2020-12-04 11:20:16.629,11:20:16,51.74680424999998,27.772163475000006
3662,465617.964,cam1-005-000152-0,7481697.284942491,320734.7405292651,500.7927551269531,RoanCamp,2020-12-04,2020-12-04 11:20:17.964,11:20:17,51.745209666666696,27.77260476666666
3663,465619.966,cam1-005-000153-0,7481695.446835857,320718.53903806873,500.8077697753906,RoanCamp,2020-12-04,2020-12-04 11:20:19.966,11:20:19,51.74281838888887,27.773266538888894
3664,465621.968,cam1-005-000154-0,7481693.684876643,320702.98959232075,500.8244934082031,RoanCamp,2020-12-04,2020-12-04 11:20:21.968,11:20:21,51.74042711111112,27.77392831111111
3665,465623.97,cam1-005-000155-0,7481691.8368278975,320687.1848234747,500.8050231933594,RoanCamp,2020-12-04,2020-12-04 11:20:23.970,11:20:23,51.73803583333337,27.774590083333326
3666,465626.372,cam1-005-000156-0,7481689.6208261065,320668.04151923396,500.7101135253906,RoanCamp,2020-12-04,2020-12-04 11:20:26.372,11:20:26,51.73516677777781,27.77538407777777
3667,465627.974,cam1-005-000157-0,7481688.136728881,320655.32573778136,500.71484375,RoanCamp,2020-12-04,2020-12-04 11:20:27.974,11:20:27,51.73325327777779,27.775913627777776
3668,465629.976,cam1-005-000158-0,7481685.989785116,320638.98558952694,500.7046203613281,RoanCamp,2020-12-04,2020-12-04 11:20:29.976,11:20:29,51.73086199999997,27.77657540000001
3669,465631.978,cam1-005-000159-0,7481684.104236083,320623.3009001382,500.6956481933594,RoanCamp,2020-12-04,2020-12-04 11:20:31.978,11:20:31,51.72847072222222,27.77723717222222
3670,465634.647,cam1-005-000160-0,7481681.633932309,320601.919887781,500.7423400878906,RoanCamp,2020-12-04,2020-12-04 11:20:34.647,11:20:34,51.725282750000005,27.778119425
3671,465635.982,cam1-005-000161-0,7481680.4805927705,320591.85931910935,500.72613525390625,RoanCamp,2020-12-04,2020-12-04 11:20:35.982,11:20:35,51.72368816666665,27.77856071666667
3672,465637.984,cam1-005-000162-0,7481678.709360234,320575.46296886634,500.7188720703125,RoanCamp,2020-12-04,2020-12-04 11:20:37.984,11:20:37,51.721296888888894,27.779222488888887
3673,465639.986,cam1-005-000163-0,7481676.889574396,320559.56925750815,500.7566223144531,RoanCamp,2020-12-04,2020-12-04 11:20:39.986,11:20:39,51.71890561111114,27.779884261111103
3674,465641.988,cam1-005-000164-0,7481674.883615992,320543.6981176784,500.8155517578125,RoanCamp,2020-12-04,2020-12-04 11:20:41.988,11:20:41,51.71651433333332,27.780546033333337
3675,465644.257,cam1-005-000165-0,7481672.636624826,320525.3563906333,500.8148498535156,RoanCamp,2020-12-04,2020-12-04 11:20:44.257,11:20:44,51.71380413888891,27.781296063888885
3676,465645.992,cam1-005-000166-0,7481671.164010249,320511.72377491125,501.0213623046875,RoanCamp,2020-12-04,2020-12-04 11:20:45.992,11:20:45,51.71173177777774,27.781869577777787
3677,465647.994,cam1-005-000167-0,7481671.442944423,320496.87588212965,501.2023620605469,RoanCamp,2020-12-04,2020-12-04 11:20:47.994,11:20:47,51.709340499999996,27.782531350000003
3678,465649.996,cam1-005-000168-0,7481674.032139242,320492.29032319004,501.0661315917969,RoanCamp,2020-12-04,2020-12-04 11:20:49.996,11:20:49,51.70694922222224,27.78319312222222
3679,465652.665,cam1-005-000169-0,7481680.937142247,320494.1162557503,500.8388977050781,RoanCamp,2020-12-04,2020-12-04 11:20:52.665,11:20:52,51.70376125000003,27.784075374999993
3680,465654.0,cam1-005-000170-0,7481689.5611334555,320493.72027945484,500.834228515625,RoanCamp,2020-12-04,2020-12-04 11:20:54.000,11:20:54,51.70216666666667,27.78451666666667
3681,465656.002,cam1-005-000171-0,7481707.507909656,320493.773607126,501.2233581542969,RoanCamp,2020-12-04,2020-12-04 11:20:56.002,11:20:56,51.699775388888916,27.78517843888888
3682,465658.004,cam1-005-000172-0,7481724.100368962,320495.31830219063,501.615478515625,RoanCamp,2020-12-04,2020-12-04 11:20:58.004,11:20:58,51.69738411111109,27.785840211111115
3683,465660.006,cam1-005-000173-0,7481740.265618767,320496.2916731676,502.02117919921875,RoanCamp,2020-12-04,2020-12-04 11:21:00.006,11:21:00,51.694992833333345,27.78650198333333
3684,465662.541,cam1-005-000174-0,7481760.618552263,320496.8384266378,502.05621337890625,RoanCamp,2020-12-04,2020-12-04 11:21:02.541,11:21:02,51.691964916666635,27.787339941666676
3685,465664.01,cam1-005-000175-0,7481772.740329364,320497.3327552639,502.1026306152344,RoanCamp,2020-12-04,2020-12-04 11:21:04.010,11:21:04,51.690210277777766,27.78782552777778
3686,465666.011,cam1-005-000176-0,7481783.845961382,320504.83896671335,502.226318359375,RoanCamp,2020-12-04,2020-12-04 11:21:06.011,11:21:06,51.68782019444445,27.788486969444445
3687,465670.149,cam1-005-000177-0,7481784.433790937,320512.79984620353,501.00787353515625,RoanCamp,2020-12-04,2020-12-04 11:21:10.149,11:21:10,51.682877583333365,27.789854808333324
3688,465672.017,cam1-005-000178-0,7481787.403679857,320526.19895131246,500.8299255371094,RoanCamp,2020-12-04,2020-12-04 11:21:12.017,11:21:12,51.68064636111112,27.790472286111108
3689,465674.019,cam1-005-000179-0,7481789.560227112,320543.91357436613,500.9917907714844,RoanCamp,2020-12-04,2020-12-04 11:21:14.019,11:21:14,51.67825508333337,27.791134058333324
3690,465676.021,cam1-005-000180-0,7481791.2188483495,320560.13734886027,501.1103820800781,RoanCamp,2020-12-04,2020-12-04 11:21:16.021,11:21:16,51.67586380555555,27.791795830555557
3691,465678.557,cam1-005-000181-0,7481793.865281362,320580.340604902,501.229736328125,RoanCamp,2020-12-04,2020-12-04 11:21:18.557,11:21:18,51.67283469444448,27.792634119444436
3692,465680.025,cam1-005-000182-0,7481795.230674429,320591.7310990901,501.27703857421875,RoanCamp,2020-12-04,2020-12-04 11:21:20.025,11:21:20,51.67108124999997,27.793119375000007
3693,465682.027,cam1-005-000183-0,7481797.1913460605,320608.2458825435,501.3966369628906,RoanCamp,2020-12-04,2020-12-04 11:21:22.027,11:21:22,51.66868997222222,27.793781147222223
3694,465684.029,cam1-005-000184-0,7481799.1980109345,320624.07165862835,501.42047119140625,RoanCamp,2020-12-04,2020-12-04 11:21:24.029,11:21:24,51.66629869444447,27.79444291944444
3695,465686.031,cam1-005-000185-0,7481800.759266976,320640.3331939739,501.3746032714844,RoanCamp,2020-12-04,2020-12-04 11:21:26.031,11:21:26,51.663907416666646,27.795104691666673
3696,465688.3,cam1-005-000186-0,7481802.760082746,320658.8143077783,501.2590637207031,RoanCamp,2020-12-04,2020-12-04 11:21:28.300,11:21:28,51.661197222222235,27.79585472222222
3697,465690.035,cam1-005-000187-0,7481804.154171843,320671.96072614857,501.1993713378906,RoanCamp,2020-12-04,2020-12-04 11:21:30.035,11:21:30,51.659124861111145,27.796428236111105
3698,465692.037,cam1-005-000188-0,7481806.003577601,320688.13831751223,501.1378173828125,RoanCamp,2020-12-04,2020-12-04 11:21:32.037,11:21:32,51.65673358333332,27.79709000833334
3699,465694.039,cam1-005-000189-0,7481807.886357255,320703.688348055,501.1796875,RoanCamp,2020-12-04,2020-12-04 11:21:34.039,11:21:34,51.654342305555566,27.79775178055555
3700,465696.575,cam1-005-000190-0,7481810.180882862,320723.8802751964,501.24700927734375,RoanCamp,2020-12-04,2020-12-04 11:21:36.575,11:21:36,51.651313194444434,27.798590069444447
3701,465697.91,cam1-005-000191-0,7481811.3536778,320734.6373738138,501.3875732421875,RoanCamp,2020-12-04,2020-12-04 11:21:37.910,11:21:37,51.64971861111114,27.7990313611111
3702,465699.912,cam1-005-000192-0,7481813.163132286,320750.46036206104,501.5918884277344,RoanCamp,2020-12-04,2020-12-04 11:21:39.912,11:21:39,51.64732733333332,27.79969313333334
3703,465701.914,cam1-005-000193-0,7481815.132383366,320766.23625140823,501.65106201171875,RoanCamp,2020-12-04,2020-12-04 11:21:41.914,11:21:41,51.64493605555557,27.80035490555555
3704,465704.583,cam1-005-000194-0,7481817.655842045,320787.56553384534,501.7539978027344,RoanCamp,2020-12-04,2020-12-04 11:21:44.583,11:21:44,51.641748083333354,27.80123715833333
3705,465705.918,cam1-005-000195-0,7481819.053227378,320798.2748881554,501.7741394042969,RoanCamp,2020-12-04,2020-12-04 11:21:45.918,11:21:45,51.6401535,27.80167845
3706,465707.92,cam1-005-000196-0,7481821.020628343,320814.11934978154,501.9161071777344,RoanCamp,2020-12-04,2020-12-04 11:21:47.920,11:21:47,51.63776222222224,27.802340222222217
3707,465709.922,cam1-005-000197-0,7481822.855995166,320830.2474322696,501.9463195800781,RoanCamp,2020-12-04,2020-12-04 11:21:49.922,11:21:49,51.63537094444442,27.80300199444445
3708,465711.924,cam1-005-000198-0,7481824.3641114775,320846.64575395966,501.9135437011719,RoanCamp,2020-12-04,2020-12-04 11:21:51.924,11:21:51,51.63297966666667,27.803663766666666
3709,465714.326,cam1-005-000199-0,7481826.441507047,320866.42640090856,501.917236328125,RoanCamp,2020-12-04,2020-12-04 11:21:54.326,11:21:54,51.630110611111114,27.804457761111113
3710,465715.928,cam1-005-000200-0,7481827.857076375,320879.0988528677,501.8062438964844,RoanCamp,2020-12-04,2020-12-04 11:21:55.928,11:21:55,51.62819711111109,27.804987311111116
3711,465717.93,cam1-005-000201-0,7481829.562177325,320895.13616526686,501.79376220703125,RoanCamp,2020-12-04,2020-12-04 11:21:57.930,11:21:57,51.625805833333345,27.805649083333332
3712,465719.932,cam1-005-000202-0,7481831.257007473,320911.0931630778,501.9028625488281,RoanCamp,2020-12-04,2020-12-04 11:21:59.932,11:21:59,51.62341455555559,27.806310855555548
3713,465722.601,cam1-005-000203-0,7481833.590542188,320932.1357198161,501.8565979003906,RoanCamp,2020-12-04,2020-12-04 11:22:02.601,11:22:02,51.620226583333306,27.80719310833334
3714,465723.936,cam1-005-000204-0,7481834.778375844,320942.6544220665,501.83941650390625,RoanCamp,2020-12-04,2020-12-04 11:22:03.936,11:22:03,51.61863200000002,27.807634399999994
3715,465725.938,cam1-005-000205-0,7481836.627407549,320958.0551459085,501.805908203125,RoanCamp,2020-12-04,2020-12-04 11:22:05.938,11:22:05,51.616240722222194,27.80829617222223
3716,465727.94,cam1-005-000206-0,7481838.533786069,320973.7036360938,501.7351379394531,RoanCamp,2020-12-04,2020-12-04 11:22:07.940,11:22:07,51.61384944444444,27.808957944444444
3717,465729.942,cam1-005-000207-0,7481840.322068231,320989.56300354435,501.6479797363281,RoanCamp,2020-12-04,2020-12-04 11:22:09.942,11:22:09,51.611458166666694,27.80961971666666
3718,465732.344,cam1-005-000208-0,7481842.637568259,321008.998123543,501.6204528808594,RoanCamp,2020-12-04,2020-12-04 11:22:12.344,11:22:12,51.60858911111113,27.810413711111106
3719,465733.946,cam1-005-000209-0,7481844.130796803,321021.7225323168,501.5347595214844,RoanCamp,2020-12-04,2020-12-04 11:22:13.946,11:22:13,51.606675611111115,27.81094326111111
3720,465735.948,cam1-005-000210-0,7481845.754084071,321037.67400878516,501.5274353027344,RoanCamp,2020-12-04,2020-12-04 11:22:15.948,11:22:15,51.60428433333337,27.811605033333326
3721,465737.95,cam1-005-000211-0,7481847.654818044,321053.54860945337,501.6072998046875,RoanCamp,2020-12-04,2020-12-04 11:22:17.950,11:22:17,51.60189305555554,27.81226680555556
3722,465740.619,cam1-005-000212-0,7481850.39880623,321074.951624871,501.659912109375,RoanCamp,2020-12-04,2020-12-04 11:22:20.619,11:22:20,51.59870508333333,27.813149058333334
3723,465741.954,cam1-005-000213-0,7481851.559937614,321085.70492501964,501.6458435058594,RoanCamp,2020-12-04,2020-12-04 11:22:21.954,11:22:21,51.59711049999997,27.81359035000001
3724,465743.956,cam1-005-000214-0,7481853.348918492,321101.50146059215,501.6431579589844,RoanCamp,2020-12-04,2020-12-04 11:22:23.956,11:22:23,51.59471922222222,27.814252122222225
3725,465745.958,cam1-005-000215-0,7481855.112547072,321117.3928603021,501.5262756347656,RoanCamp,2020-12-04,2020-12-04 11:22:25.958,11:22:25,51.59232794444446,27.81491389444444
3726,465748.627,cam1-005-000216-0,7481857.79021174,321138.9943586519,501.5254211425781,RoanCamp,2020-12-04,2020-12-04 11:22:28.627,11:22:28,51.58913997222225,27.815796147222215
3727,465749.962,cam1-005-000217-0,7481859.100937661,321149.00285889395,501.41827392578125,RoanCamp,2020-12-04,2020-12-04 11:22:29.962,11:22:29,51.58754538888889,27.816237438888887
3728,465751.964,cam1-005-000218-0,7481861.008263355,321165.245157773,501.293701171875,RoanCamp,2020-12-04,2020-12-04 11:22:31.964,11:22:31,51.58515411111114,27.816899211111103
3729,465753.966,cam1-005-000219-0,7481862.72476932,321180.88112132624,501.3101806640625,RoanCamp,2020-12-04,2020-12-04 11:22:33.966,11:22:33,51.58276283333332,27.817560983333337
3730,465756.635,cam1-005-000220-0,7481865.132760692,321202.4845784617,501.3699951171875,RoanCamp,2020-12-04,2020-12-04 11:22:36.635,11:22:36,51.5795748611111,27.818443236111115
3731,465757.97,cam1-005-000221-0,7481866.2829104755,321212.69426901743,501.3612060546875,RoanCamp,2020-12-04,2020-12-04 11:22:37.970,11:22:37,51.57798027777781,27.81888452777777
3732,465759.972,cam1-005-000222-0,7481868.089799425,321228.94037781877,501.41009521484375,RoanCamp,2020-12-04,2020-12-04 11:22:39.972,11:22:39,51.575588999999994,27.819546300000003
3733,465761.974,cam1-005-000223-0,7481869.724526955,321244.28141259064,501.4873352050781,RoanCamp,2020-12-04,2020-12-04 11:22:41.974,11:22:41,51.57319772222224,27.82020807222222
3734,465763.976,cam1-005-000224-0,7481871.439371465,321259.52377343836,501.4652404785156,RoanCamp,2020-12-04,2020-12-04 11:22:43.976,11:22:43,51.570806444444415,27.820869844444452
3735,465766.378,cam1-005-000225-0,7481873.598688014,321278.0442608275,501.5089111328125,RoanCamp,2020-12-04,2020-12-04 11:22:46.378,11:22:46,51.56793738888886,27.8216638388889
3736,465767.979,cam1-005-000226-0,7481875.193372048,321291.2112052691,501.57965087890625,RoanCamp,2020-12-04,2020-12-04 11:22:47.979,11:22:47,51.566025083333344,27.82219305833333
3737,465769.981,cam1-005-000227-0,7481877.14397334,321306.9068346105,501.7046813964844,RoanCamp,2020-12-04,2020-12-04 11:22:49.981,11:22:49,51.563633805555526,27.822854830555563
3738,465771.983,cam1-005-000228-0,7481879.04313905,321322.63149640727,501.79736328125,RoanCamp,2020-12-04,2020-12-04 11:22:51.983,11:22:51,51.56124252777777,27.82351660277778
3739,465774.519,cam1-005-000229-0,7481881.430265363,321342.7545645649,501.7734680175781,RoanCamp,2020-12-04,2020-12-04 11:22:54.519,11:22:54,51.5582134166667,27.82435489166666
3740,465775.987,cam1-005-000230-0,7481882.71168522,321354.2437771538,501.7962646484375,RoanCamp,2020-12-04,2020-12-04 11:22:55.987,11:22:55,51.55645997222219,27.82484014722223
3741,465777.989,cam1-005-000231-0,7481884.638812657,321370.92608945933,501.7752685546875,RoanCamp,2020-12-04,2020-12-04 11:22:57.989,11:22:57,51.554068694444446,27.825501919444445
3742,465779.991,cam1-005-000232-0,7481886.668331668,321386.89054196374,501.7905578613281,RoanCamp,2020-12-04,2020-12-04 11:22:59.991,11:22:59,51.55167741666669,27.82616369166666
3743,465782.661,cam1-005-000233-0,7481889.132716025,321407.69256892573,501.6346740722656,RoanCamp,2020-12-04,2020-12-04 11:23:02.661,11:23:02,51.54848824999998,27.827046275000008
3744,465783.995,cam1-005-000234-0,7481890.221052267,321418.4304755697,501.57177734375,RoanCamp,2020-12-04,2020-12-04 11:23:03.995,11:23:03,51.54689486111112,27.82748723611111
3745,465785.997,cam1-005-000235-0,7481892.089009625,321434.78564971813,501.4840393066406,RoanCamp,2020-12-04,2020-12-04 11:23:05.997,11:23:05,51.544503583333366,27.828149008333323
3746,465787.999,cam1-005-000236-0,7481893.9379843855,321450.4211211358,501.40179443359375,RoanCamp,2020-12-04,2020-12-04 11:23:07.999,11:23:07,51.54211230555554,27.82881078055556
3747,465792.27,cam1-005-000237-0,7481897.987760315,321484.8737243405,501.3243103027344,RoanCamp,2020-12-04,2020-12-04 11:23:12.270,11:23:12,51.53701083333331,27.830222583333338
3748,465794.005,cam1-005-000238-0,7481899.630671028,321498.4173070113,501.33453369140625,RoanCamp,2020-12-04,2020-12-04 11:23:14.005,11:23:14,51.534938472222215,27.830796097222223
3749,465796.007,cam1-005-000239-0,7481901.664047837,321515.0768143877,501.320556640625,RoanCamp,2020-12-04,2020-12-04 11:23:16.007,11:23:16,51.53254719444447,27.83145786944444
3750,465798.009,cam1-005-000240-0,7481903.488853716,321530.86745450366,501.39630126953125,RoanCamp,2020-12-04,2020-12-04 11:23:18.009,11:23:18,51.530155916666644,27.832119641666672
3751,465800.545,cam1-005-000241-0,7481905.491555348,321550.9089361229,501.3723449707031,RoanCamp,2020-12-04,2020-12-04 11:23:20.545,11:23:20,51.527126805555575,27.83295793055555
3752,465802.013,cam1-005-000242-0,7481906.719361281,321562.37176951463,501.4671630859375,RoanCamp,2020-12-04,2020-12-04 11:23:22.013,11:23:22,51.52537336111114,27.833443186111104
3753,465804.015,cam1-005-000243-0,7481908.670482986,321578.7103418204,501.5097351074219,RoanCamp,2020-12-04,2020-12-04 11:23:24.015,11:23:24,51.52298208333332,27.834104958333338
3754,465806.017,cam1-005-000244-0,7481910.350115156,321594.1286858788,501.5549011230469,RoanCamp,2020-12-04,2020-12-04 11:23:26.017,11:23:26,51.520590805555564,27.834766730555554
3755,465808.553,cam1-005-000245-0,7481912.641313528,321614.02339781413,501.706298828125,RoanCamp,2020-12-04,2020-12-04 11:23:28.553,11:23:28,51.51756169444443,27.83560501944445
3756,465810.021,cam1-005-000246-0,7481914.062361858,321625.47169427836,501.7093200683594,RoanCamp,2020-12-04,2020-12-04 11:23:30.021,11:23:30,51.51580824999999,27.836090275000004
3757,465812.023,cam1-005-000247-0,7481916.001858788,321641.5617457273,501.9180603027344,RoanCamp,2020-12-04,2020-12-04 11:23:32.023,11:23:32,51.51341697222224,27.83675204722222
3758,465814.025,cam1-005-000248-0,7481918.169688629,321658.3408019396,502.0791931152344,RoanCamp,2020-12-04,2020-12-04 11:23:34.025,11:23:34,51.51102569444442,27.837413819444453
3759,465816.027,cam1-005-000249-0,7481920.081843054,321674.2778267991,502.23382568359375,RoanCamp,2020-12-04,2020-12-04 11:23:36.027,11:23:36,51.508634416666666,27.838075591666666
3760,465818.296,cam1-005-000250-0,7481922.065945076,321692.54605889146,502.3170471191406,RoanCamp,2020-12-04,2020-12-04 11:23:38.296,11:23:38,51.505924222222255,27.838825622222213
3761,465820.031,cam1-005-000251-0,7481923.591163419,321705.7395553883,502.3208923339844,RoanCamp,2020-12-04,2020-12-04 11:23:40.031,11:23:40,51.503851861111094,27.839399136111115
3762,465822.033,cam1-005-000252-0,7481925.825219551,321721.8520810809,502.3808288574219,RoanCamp,2020-12-04,2020-12-04 11:23:42.033,11:23:42,51.50146058333334,27.84006090833333
3763,465824.035,cam1-005-000253-0,7481927.900590966,321737.6181698382,502.06573486328125,RoanCamp,2020-12-04,2020-12-04 11:23:44.035,11:23:44,51.49906930555559,27.840722680555547
3764,465826.571,cam1-005-000254-0,7481929.966148071,321758.0976254904,501.8274841308594,RoanCamp,2020-12-04,2020-12-04 11:23:46.571,11:23:46,51.49604019444445,27.841560969444444
3765,465828.039,cam1-005-000255-0,7481931.181672569,321769.6614928033,501.7896423339844,RoanCamp,2020-12-04,2020-12-04 11:23:48.039,11:23:48,51.494286750000015,27.842046224999997
3766,465830.041,cam1-005-000256-0,7481933.040477748,321786.09266631864,501.8207702636719,RoanCamp,2020-12-04,2020-12-04 11:23:50.041,11:23:50,51.49189547222219,27.84270799722223
3767,465832.043,cam1-005-000257-0,7481934.818519821,321801.6531672984,501.8316345214844,RoanCamp,2020-12-04,2020-12-04 11:23:52.043,11:23:52,51.489504194444436,27.843369769444447
3768,465834.579,cam1-005-000258-0,7481937.1692273235,321821.70556911326,501.77093505859375,RoanCamp,2020-12-04,2020-12-04 11:23:54.579,11:23:54,51.4864750833333,27.844208058333344
3769,465835.914,cam1-005-000259-0,7481938.21726434,321832.03689797287,501.8179016113281,RoanCamp,2020-12-04,2020-12-04 11:23:55.914,11:23:55,51.48488050000002,27.844649349999997
3770,465837.916,cam1-005-000260-0,7481940.113427952,321848.7481100557,502.0439453125,RoanCamp,2020-12-04,2020-12-04 11:23:57.916,11:23:57,51.48248922222219,27.84531112222223
3771,465839.918,cam1-005-000261-0,7481942.306532087,321864.6920956231,502.2934875488281,RoanCamp,2020-12-04,2020-12-04 11:23:59.918,11:23:59,51.48009794444444,27.845972894444447
3772,465841.92,cam1-005-000262-0,7481944.4872121215,321880.49183327064,502.3870544433594,RoanCamp,2020-12-04,2020-12-04 11:24:01.920,11:24:01,51.477706666666684,27.84663466666666
3773,465844.322,cam1-005-000263-0,7481947.010008587,321899.306848063,502.238525390625,RoanCamp,2020-12-04,2020-12-04 11:24:04.322,11:24:04,51.47483761111113,27.847428661111106
3774,465845.924,cam1-005-000264-0,7481948.656449341,321912.7565608393,502.0593566894531,RoanCamp,2020-12-04,2020-12-04 11:24:05.924,11:24:05,51.47292411111111,27.84795821111111
3775,465847.926,cam1-005-000265-0,7481950.245126509,321928.67286672594,501.9082946777344,RoanCamp,2020-12-04,2020-12-04 11:24:07.926,11:24:07,51.47053283333336,27.848619983333325
3776,465849.928,cam1-005-000266-0,7481952.042308284,321944.4663299388,501.8458251953125,RoanCamp,2020-12-04,2020-12-04 11:24:09.928,11:24:09,51.46814155555554,27.84928175555556
3777,465852.597,cam1-005-000267-0,7481954.728233422,321965.60963294667,501.4891357421875,RoanCamp,2020-12-04,2020-12-04 11:24:12.597,11:24:12,51.464953583333326,27.850164008333337
3778,465853.932,cam1-005-000268-0,7481955.727187954,321975.6809023636,501.3397216796875,RoanCamp,2020-12-04,2020-12-04 11:24:13.932,11:24:13,51.46335900000003,27.85060529999999
3779,465855.934,cam1-005-000269-0,7481957.487845223,321991.8194676534,501.411865234375,RoanCamp,2020-12-04,2020-12-04 11:24:15.934,11:24:15,51.460967722222215,27.851267072222225
3780,465857.936,cam1-005-000270-0,7481959.269554145,322007.58618361654,501.53668212890625,RoanCamp,2020-12-04,2020-12-04 11:24:17.936,11:24:17,51.45857644444446,27.85192884444444
3781,465859.938,cam1-005-000271-0,7481960.984681558,322023.49993036786,501.6689453125,RoanCamp,2020-12-04,2020-12-04 11:24:19.938,11:24:19,51.45618516666664,27.852590616666674
3782,465862.34,cam1-005-000272-0,7481962.998871731,322042.43349594355,501.6723327636719,RoanCamp,2020-12-04,2020-12-04 11:24:22.340,11:24:22,51.45331611111108,27.85338461111112
3783,465863.941,cam1-005-000273-0,7481964.528358379,322055.82570201054,501.5994873046875,RoanCamp,2020-12-04,2020-12-04 11:24:23.941,11:24:23,51.451403805555564,27.853913830555552
3784,465865.943,cam1-005-000274-0,7481966.33155942,322071.7312703953,501.6525573730469,RoanCamp,2020-12-04,2020-12-04 11:24:25.943,11:24:25,51.44901252777775,27.854575602777786
3785,465867.945,cam1-005-000275-0,7481968.225329144,322087.5115740676,501.6289978027344,RoanCamp,2020-12-04,2020-12-04 11:24:27.945,11:24:27,51.44662124999999,27.855237375
3786,465870.615,cam1-005-000276-0,7481970.642474946,322108.54790946795,501.6416931152344,RoanCamp,2020-12-04,2020-12-04 11:24:30.615,11:24:30,51.44343208333335,27.85611995833333
3787,465871.949,cam1-005-000277-0,7481971.937750762,322118.4204000573,501.5918884277344,RoanCamp,2020-12-04,2020-12-04 11:24:31.949,11:24:31,51.44183869444442,27.85656091944445
3788,465873.951,cam1-005-000278-0,7481973.788514132,322134.3176633196,501.5052490234375,RoanCamp,2020-12-04,2020-12-04 11:24:33.951,11:24:33,51.43944741666667,27.857222691666667
3789,465875.953,cam1-005-000279-0,7481975.458642682,322149.6305951957,501.4267272949219,RoanCamp,2020-12-04,2020-12-04 11:24:35.953,11:24:35,51.43705613888891,27.857884463888883
3790,465878.623,cam1-005-000280-0,7481978.025942864,322170.9196275609,501.3671569824219,RoanCamp,2020-12-04,2020-12-04 11:24:38.623,11:24:38,51.4338669722222,27.85876704722223
3791,465879.957,cam1-005-000281-0,7481979.116660755,322181.26567578706,501.41107177734375,RoanCamp,2020-12-04,2020-12-04 11:24:39.957,11:24:39,51.43227358333334,27.859208008333333
3792,465881.959,cam1-005-000282-0,7481981.150720099,322197.7588919838,501.4808044433594,RoanCamp,2020-12-04,2020-12-04 11:24:41.959,11:24:41,51.42988230555559,27.859869780555545
3793,465883.961,cam1-005-000283-0,7481983.224649017,322213.61655469914,501.6081237792969,RoanCamp,2020-12-04,2020-12-04 11:24:43.961,11:24:43,51.42749102777777,27.860531552777783
3794,465885.963,cam1-005-000284-0,7481984.898178766,322229.6480032265,501.521240234375,RoanCamp,2020-12-04,2020-12-04 11:24:45.963,11:24:45,51.425099750000015,27.861193324999995
3795,465888.366,cam1-005-000285-0,7481987.001587234,322248.9134880253,501.46331787109375,RoanCamp,2020-12-04,2020-12-04 11:24:48.366,11:24:48,51.42222950000002,27.861987649999993
3796,465889.967,cam1-005-000286-0,7481988.67217718,322262.3047482952,501.4842224121094,RoanCamp,2020-12-04,2020-12-04 11:24:49.967,11:24:49,51.42031719444444,27.862516869444445
3797,465891.969,cam1-005-000287-0,7481990.781245844,322278.0797333944,501.3687438964844,RoanCamp,2020-12-04,2020-12-04 11:24:51.969,11:24:51,51.41792591666669,27.86317864166666
3798,465893.971,cam1-005-000288-0,7481992.495513577,322293.89952226164,501.17901611328125,RoanCamp,2020-12-04,2020-12-04 11:24:53.971,11:24:53,51.415534638888865,27.863840413888894
3799,465896.641,cam1-005-000289-0,7481994.962866972,322315.3925709435,501.1292724609375,RoanCamp,2020-12-04,2020-12-04 11:24:56.641,11:24:56,51.41234547222222,27.864722997222223
3800,465897.975,cam1-005-000290-0,7481996.098920511,322325.51905922627,501.1514892578125,RoanCamp,2020-12-04,2020-12-04 11:24:57.975,11:24:57,51.410752083333364,27.865163958333326
3801,465899.977,cam1-005-000291-0,7481998.039550303,322341.89102917665,500.9975891113281,RoanCamp,2020-12-04,2020-12-04 11:24:59.977,11:24:59,51.40836080555554,27.86582573055556
3802,465901.979,cam1-005-000292-0,7481999.8135253675,322357.6379037509,500.8627014160156,RoanCamp,2020-12-04,2020-12-04 11:25:01.979,11:25:01,51.405969527777785,27.866487502777776
3803,465903.981,cam1-005-000293-0,7482001.61000366,322373.26773812063,500.8829040527344,RoanCamp,2020-12-04,2020-12-04 11:25:03.981,11:25:03,51.40357824999997,27.86714927500001
3804,465906.384,cam1-005-000294-0,7482002.553250082,322381.5960316798,501.017333984375,RoanCamp,2020-12-04,2020-12-04 11:25:06.384,11:25:06,51.40070799999998,27.867943600000007
3805,465909.587,cam1-005-000295-0,7482011.297673548,322379.6817721951,500.7018127441406,RoanCamp,2020-12-04,2020-12-04 11:25:09.587,11:25:09,51.396882194444444,27.869002369444445
3806,465909.987,cam1-005-000296-0,7482014.047205325,322379.3869273608,500.6856689453125,RoanCamp,2020-12-04,2020-12-04 11:25:09.987,11:25:09,51.39640441666664,27.869134591666676
3807,465912.123,cam1-005-000297-0,7482032.882489993,322378.3000816471,501.0173034667969,RoanCamp,2020-12-04,2020-12-04 11:25:12.123,11:25:12,51.39385308333331,27.86984065833334
3808,465913.991,cam1-005-000298-0,7482049.33415548,322377.57876079367,501.544677734375,RoanCamp,2020-12-04,2020-12-04 11:25:13.991,11:25:13,51.39162186111113,27.870458136111104
3809,465915.993,cam1-005-000299-0,7482066.176614715,322376.2238044533,501.9582824707031,RoanCamp,2020-12-04,2020-12-04 11:25:15.993,11:25:15,51.389230583333315,27.871119908333338
3810,465918.529,cam1-005-000300-0,7482086.86199175,322373.86154964427,502.2224426269531,RoanCamp,2020-12-04,2020-12-04 11:25:18.529,11:25:18,51.38620147222225,27.871958197222217
3811,465919.997,cam1-005-000301-0,7482098.921937438,322372.62734566757,502.32843017578125,RoanCamp,2020-12-04,2020-12-04 11:25:19.997,11:25:19,51.38444802777781,27.87244345277777
3812,465921.999,cam1-005-000302-0,7482112.288199397,322365.850717154,502.6146545410156,RoanCamp,2020-12-04,2020-12-04 11:25:21.999,11:25:21,51.38205674999999,27.873105225000003
3813,465925.202,cam1-005-000303-0,7482114.008517167,322360.7274206921,501.4929504394531,RoanCamp,2020-12-04,2020-12-04 11:25:25.202,11:25:25,51.378230944444454,27.87416399444444
3814,465926.003,cam1-005-000304-0,7482113.763560504,322358.929332872,501.2579345703125,RoanCamp,2020-12-04,2020-12-04 11:25:26.003,11:25:26,51.37727419444441,27.874428769444453
3815,465928.005,cam1-005-000305-0,7482112.957023505,322347.8552847239,500.93682861328125,RoanCamp,2020-12-04,2020-12-04 11:25:28.005,11:25:28,51.374882916666664,27.87509054166667
3816,465930.007,cam1-005-000306-0,7482111.207159432,322329.73254914075,500.68780517578125,RoanCamp,2020-12-04,2020-12-04 11:25:30.007,11:25:30,51.37249163888891,27.875752313888885
3817,465932.009,cam1-005-000307-0,7482109.464233559,322312.7032707697,500.71429443359375,RoanCamp,2020-12-04,2020-12-04 11:25:32.009,11:25:32,51.370100361111085,27.87641408611112
3818,465934.545,cam1-005-000308-0,7482107.319364922,322292.14760379517,500.6883850097656,RoanCamp,2020-12-04,2020-12-04 11:25:34.545,11:25:34,51.36707125000002,27.877252374999994
3819,465936.013,cam1-005-000309-0,7482106.099565823,322279.9331774803,500.78912353515625,RoanCamp,2020-12-04,2020-12-04 11:25:36.013,11:25:36,51.365317805555584,27.877737630555547
3820,465938.015,cam1-005-000310-0,7482104.389903994,322264.1018280861,500.81439208984375,RoanCamp,2020-12-04,2020-12-04 11:25:38.015,11:25:38,51.36292652777776,27.87839940277778
3821,465940.017,cam1-005-000311-0,7482102.433182113,322248.0024294827,500.7315673828125,RoanCamp,2020-12-04,2020-12-04 11:25:40.017,11:25:40,51.36053525000001,27.879061174999997
3822,465942.553,cam1-005-000312-0,7482099.963268141,322228.00045467424,500.7119140625,RoanCamp,2020-12-04,2020-12-04 11:25:42.553,11:25:42,51.35750613888887,27.879899463888894
3823,465944.021,cam1-005-000313-0,7482098.624998859,322215.839373278,500.7591857910156,RoanCamp,2020-12-04,2020-12-04 11:25:44.021,11:25:44,51.35575269444443,27.880384719444447
3824,465946.023,cam1-005-000314-0,7482096.59960465,322200.08528467093,500.92962646484375,RoanCamp,2020-12-04,2020-12-04 11:25:46.023,11:25:46,51.35336141666669,27.881046491666662
3825,465948.025,cam1-005-000315-0,7482094.500573544,322184.4003268034,500.87530517578125,RoanCamp,2020-12-04,2020-12-04 11:25:48.025,11:25:48,51.35097013888886,27.881708263888896
3826,465950.027,cam1-005-000316-0,7482092.806981909,322168.8390537584,500.8677978515625,RoanCamp,2020-12-04,2020-12-04 11:25:50.027,11:25:50,51.34857886111111,27.882370036111112
3827,465952.296,cam1-005-000317-0,7482090.788249202,322150.654913938,500.8758850097656,RoanCamp,2020-12-04,2020-12-04 11:25:52.296,11:25:52,51.3458686666667,27.883120066666656
3828,465954.031,cam1-005-000318-0,7482089.03132372,322136.6926435437,500.75732421875,RoanCamp,2020-12-04,2020-12-04 11:25:54.031,11:25:54,51.343796305555536,27.883693580555562
3829,465956.033,cam1-005-000319-0,7482087.21813429,322121.08310856886,500.59954833984375,RoanCamp,2020-12-04,2020-12-04 11:25:56.033,11:25:56,51.34140502777778,27.884355352777778
3830,465958.035,cam1-005-000320-0,7482085.488539269,322105.23382217553,500.46551513671875,RoanCamp,2020-12-04,2020-12-04 11:25:58.035,11:25:58,51.339013750000035,27.88501712499999
3831,465960.571,cam1-005-000321-0,7482083.165145503,322085.13695748453,500.39141845703125,RoanCamp,2020-12-04,2020-12-04 11:26:00.571,11:26:00,51.335984638888895,27.885855413888887
3832,465962.039,cam1-005-000322-0,7482081.747481566,322073.2216233126,500.35198974609375,RoanCamp,2020-12-04,2020-12-04 11:26:02.039,11:26:02,51.334231194444456,27.88634066944444
3833,465964.041,cam1-005-000323-0,7482079.862047786,322057.6725654588,500.3164367675781,RoanCamp,2020-12-04,2020-12-04 11:26:04.041,11:26:04,51.33183991666664,27.887002441666674
3834,465966.043,cam1-005-000324-0,7482078.134153022,322042.01064755087,500.2960510253906,RoanCamp,2020-12-04,2020-12-04 11:26:06.043,11:26:06,51.329448638888884,27.88766421388889
3835,465968.579,cam1-005-000325-0,7482075.8708733935,322021.93831376894,500.2818298339844,RoanCamp,2020-12-04,2020-12-04 11:26:08.579,11:26:08,51.326419527777745,27.888502502777786
3836,465970.047,cam1-005-000326-0,7482074.601694158,322010.0799684018,500.27105712890625,RoanCamp,2020-12-04,2020-12-04 11:26:10.047,11:26:10,51.32466608333331,27.88898775833334
3837,465972.049,cam1-005-000327-0,7482072.769530017,321994.3670740691,500.3257141113281,RoanCamp,2020-12-04,2020-12-04 11:26:12.049,11:26:12,51.32227480555556,27.889649530555555
3838,465973.917,cam1-005-000328-0,7482071.07844406,321979.97006328887,500.2433776855469,RoanCamp,2020-12-04,2020-12-04 11:26:13.917,11:26:13,51.320043583333316,27.89026700833334
3839,465975.919,cam1-005-000329-0,7482069.4355419455,321964.33603844733,500.16900634765625,RoanCamp,2020-12-04,2020-12-04 11:26:15.919,11:26:15,51.31765230555556,27.890928780555555
3840,465978.322,cam1-005-000330-0,7482067.109935584,321945.02512903314,500.25164794921875,RoanCamp,2020-12-04,2020-12-04 11:26:18.322,11:26:18,51.314782055555575,27.89172310555555
3841,465979.923,cam1-005-000331-0,7482065.5785130765,321932.52558404853,500.2694396972656,RoanCamp,2020-12-04,2020-12-04 11:26:19.923,11:26:19,51.31286974999999,27.892252325000005
3842,465981.925,cam1-005-000332-0,7482063.581398919,321916.7874963242,500.29302978515625,RoanCamp,2020-12-04,2020-12-04 11:26:21.925,11:26:21,51.310478472222236,27.892914097222217
3843,465983.927,cam1-005-000333-0,7482061.710899457,321901.0002134993,500.29998779296875,RoanCamp,2020-12-04,2020-12-04 11:26:23.927,11:26:23,51.30808719444442,27.893575869444454
3844,465986.597,cam1-005-000334-0,7482059.334451824,321879.51082809153,500.312744140625,RoanCamp,2020-12-04,2020-12-04 11:26:26.597,11:26:26,51.30489802777777,27.89445845277778
3845,465987.931,cam1-005-000335-0,7482058.120691801,321868.6719201461,500.3591613769531,RoanCamp,2020-12-04,2020-12-04 11:26:27.931,11:26:27,51.30330463888891,27.894899413888883
3846,465989.933,cam1-005-000336-0,7482056.516177118,321852.7505980164,500.4544982910156,RoanCamp,2020-12-04,2020-12-04 11:26:29.933,11:26:29,51.30091336111109,27.895561186111117
3847,465991.935,cam1-005-000337-0,7482054.715575891,321836.8260954201,500.52142333984375,RoanCamp,2020-12-04,2020-12-04 11:26:31.935,11:26:31,51.29852208333334,27.896222958333333
3848,465993.937,cam1-005-000338-0,7482052.721556859,321820.2642340611,500.5190734863281,RoanCamp,2020-12-04,2020-12-04 11:26:33.937,11:26:33,51.296130805555585,27.89688473055555
3849,465996.34,cam1-005-000339-0,7482050.434985815,321801.14486504416,500.38458251953125,RoanCamp,2020-12-04,2020-12-04 11:26:36.340,11:26:36,51.29326055555553,27.897679055555564
3850,465997.941,cam1-005-000340-0,7482048.881951663,321788.2548321865,500.3055419921875,RoanCamp,2020-12-04,2020-12-04 11:26:37.941,11:26:37,51.29134825000001,27.898208275
3851,465999.943,cam1-005-000341-0,7482046.952303452,321772.1016369648,500.2412109375,RoanCamp,2020-12-04,2020-12-04 11:26:39.943,11:26:39,51.28895697222219,27.898870047222232
3852,466001.945,cam1-005-000342-0,7482045.250295995,321756.09290384455,500.23773193359375,RoanCamp,2020-12-04,2020-12-04 11:26:41.945,11:26:41,51.286565694444434,27.899531819444448
3853,466004.615,cam1-005-000343-0,7482042.703011642,321734.4568508024,500.17987060546875,RoanCamp,2020-12-04,2020-12-04 11:26:44.615,11:26:44,51.28337652777779,27.900414402777773
3854,466005.949,cam1-005-000344-0,7482041.234644778,321723.587072341,500.17974853515625,RoanCamp,2020-12-04,2020-12-04 11:26:45.949,11:26:45,51.28178313888886,27.900855363888898
3855,466007.951,cam1-005-000345-0,7482039.438876838,321707.50396426953,500.18865966796875,RoanCamp,2020-12-04,2020-12-04 11:26:47.951,11:26:47,51.27939186111111,27.90151713611111
3856,466009.953,cam1-005-000346-0,7482037.761077148,321691.5406876673,500.24127197265625,RoanCamp,2020-12-04,2020-12-04 11:26:49.953,11:26:49,51.27700058333336,27.902178908333326
3857,466012.623,cam1-005-000347-0,7482035.193644932,321670.17901486135,500.2881164550781,RoanCamp,2020-12-04,2020-12-04 11:26:52.623,11:26:52,51.27381141666664,27.903061491666673
3858,466013.957,cam1-005-000348-0,7482034.011144217,321659.5506389986,500.2910461425781,RoanCamp,2020-12-04,2020-12-04 11:26:53.957,11:26:53,51.27221802777778,27.903502452777776
3859,466015.959,cam1-005-000349-0,7482032.27277769,321643.99141810706,500.366943359375,RoanCamp,2020-12-04,2020-12-04 11:26:55.959,11:26:55,51.269826750000036,27.90416422499999
3860,466017.961,cam1-005-000350-0,7482030.469017939,321628.53688094846,500.35321044921875,RoanCamp,2020-12-04,2020-12-04 11:26:57.961,11:26:57,51.26743547222221,27.904825997222225
3861,466019.963,cam1-005-000351-0,7482028.722704334,321613.0802377005,500.4697570800781,RoanCamp,2020-12-04,2020-12-04 11:26:59.963,11:26:59,51.26504419444446,27.90548776944444
3862,466022.366,cam1-005-000352-0,7482026.374260706,321593.7266820519,500.4353332519531,RoanCamp,2020-12-04,2020-12-04 11:27:02.366,11:27:02,51.26217394444447,27.90628209444444
3863,466023.967,cam1-005-000353-0,7482024.628199954,321580.99532908713,500.36932373046875,RoanCamp,2020-12-04,2020-12-04 11:27:03.967,11:27:03,51.260261638888885,27.90681131388889
3864,466025.969,cam1-005-000354-0,7482022.607168157,321565.13954989787,500.4041748046875,RoanCamp,2020-12-04,2020-12-04 11:27:05.969,11:27:05,51.25787036111113,27.907473086111104
3865,466027.971,cam1-005-000355-0,7482020.868916299,321549.3027508281,500.38653564453125,RoanCamp,2020-12-04,2020-12-04 11:27:07.971,11:27:07,51.25547908333331,27.90813485833334
3866,466030.64,cam1-005-000356-0,7482018.295251593,321527.7215575231,500.3798828125,RoanCamp,2020-12-04,2020-12-04 11:27:10.640,11:27:10,51.2522911111111,27.909017111111115
3867,466031.975,cam1-005-000357-0,7482016.917458888,321516.83337979135,500.3626403808594,RoanCamp,2020-12-04,2020-12-04 11:27:11.975,11:27:11,51.250696527777805,27.90945840277777
3868,466033.977,cam1-005-000358-0,7482015.0973441005,321500.8646268624,500.4061279296875,RoanCamp,2020-12-04,2020-12-04 11:27:13.977,11:27:13,51.24830524999999,27.910120175000003
3869,466035.979,cam1-005-000359-0,7482013.436321365,321484.91716026363,500.5462341308594,RoanCamp,2020-12-04,2020-12-04 11:27:15.979,11:27:15,51.24591397222223,27.91078194722222
3870,466037.981,cam1-005-000360-0,7482011.433464111,321468.43217361916,500.69183349609375,RoanCamp,2020-12-04,2020-12-04 11:27:17.981,11:27:17,51.24352269444441,27.911443719444453
3871,466040.25,cam1-005-000361-0,7482009.440106799,321450.79102822987,500.70013427734375,RoanCamp,2020-12-04,2020-12-04 11:27:20.250,11:27:20,51.240812500000004,27.91219375
3872,466042.385,cam1-005-000362-0,7482007.503711982,321433.8511942745,500.58978271484375,RoanCamp,2020-12-04,2020-12-04 11:27:22.385,11:27:22,51.2382623611111,27.912899486111115
3873,466043.987,cam1-005-000363-0,7482006.016948176,321421.3659297219,500.4480285644531,RoanCamp,2020-12-04,2020-12-04 11:27:23.987,11:27:23,51.23634886111108,27.91342903611112
3874,466045.989,cam1-005-000364-0,7482004.231882794,321405.6577993353,500.2026062011719,RoanCamp,2020-12-04,2020-12-04 11:27:25.989,11:27:25,51.233957583333336,27.914090808333334
3875,466048.658,cam1-005-000365-0,7482001.675853208,321384.09105236083,500.1051025390625,RoanCamp,2020-12-04,2020-12-04 11:27:28.658,11:27:28,51.230769611111114,27.91497306111111
3876,466049.993,cam1-005-000366-0,7482000.423691506,321373.17427973414,500.10968017578125,RoanCamp,2020-12-04,2020-12-04 11:27:29.993,11:27:29,51.22917502777776,27.915414352777784
3877,466051.995,cam1-005-000367-0,7481998.520812889,321357.20038881514,500.1725769042969,RoanCamp,2020-12-04,2020-12-04 11:27:31.995,11:27:31,51.22678375000001,27.916076125
3878,466053.997,cam1-005-000368-0,7481996.66161964,321341.5370419473,500.130859375,RoanCamp,2020-12-04,2020-12-04 11:27:33.997,11:27:33,51.224392472222256,27.916737897222212
3879,466056.666,cam1-005-000369-0,7481994.3415836,321320.3386346118,500.351806640625,RoanCamp,2020-12-04,2020-12-04 11:27:36.666,11:27:36,51.22120449999997,27.91762015000001
3880,466058.001,cam1-005-000370-0,7481993.061906124,321309.6213982792,500.4185485839844,RoanCamp,2020-12-04,2020-12-04 11:27:38.001,11:27:38,51.21960991666668,27.918061441666662
3881,466060.003,cam1-005-000371-0,7481991.105206695,321293.7917955856,500.4509582519531,RoanCamp,2020-12-04,2020-12-04 11:27:40.003,11:27:40,51.21721863888886,27.918723213888896
3882,466062.005,cam1-005-000372-0,7481989.21288696,321277.9370952252,500.4883728027344,RoanCamp,2020-12-04,2020-12-04 11:27:42.005,11:27:42,51.214827361111105,27.919384986111112
3883,466064.007,cam1-005-000373-0,7481987.353682773,321262.08238399704,500.5055847167969,RoanCamp,2020-12-04,2020-12-04 11:27:44.007,11:27:44,51.21243608333335,27.920046758333328
3884,466066.276,cam1-005-000374-0,7481985.186857131,321243.8352892973,500.4222717285156,RoanCamp,2020-12-04,2020-12-04 11:27:46.276,11:27:46,51.209725888888876,27.920796788888893
3885,466068.011,cam1-005-000375-0,7481983.711639637,321230.0336991277,500.3840026855469,RoanCamp,2020-12-04,2020-12-04 11:27:48.011,11:27:48,51.20765352777778,27.921370302777778
3886,466070.013,cam1-005-000376-0,7481981.842327457,321214.39009150304,500.3677978515625,RoanCamp,2020-12-04,2020-12-04 11:27:50.013,11:27:50,51.205262250000025,27.922032074999994
3887,466072.015,cam1-005-000377-0,7481980.097418902,321198.73275707744,500.4455871582031,RoanCamp,2020-12-04,2020-12-04 11:27:52.015,11:27:52,51.20287097222221,27.922693847222227
3888,466074.551,cam1-005-000378-0,7481977.882130384,321178.54940404906,500.5502624511719,RoanCamp,2020-12-04,2020-12-04 11:27:54.551,11:27:54,51.19984186111114,27.923532136111103
3889,466076.019,cam1-005-000379-0,7481976.488754019,321166.63512877637,500.5775451660156,RoanCamp,2020-12-04,2020-12-04 11:27:56.019,11:27:56,51.1980884166667,27.924017391666656
3890,466078.021,cam1-005-000380-0,7481974.5963766975,321150.89986581897,500.6507263183594,RoanCamp,2020-12-04,2020-12-04 11:27:58.021,11:27:58,51.19569713888888,27.924679163888893
3891,466080.023,cam1-005-000381-0,7481972.627581181,321135.17043194955,500.7120666503906,RoanCamp,2020-12-04,2020-12-04 11:28:00.023,11:28:00,51.19330586111113,27.925340936111105
3892,466082.559,cam1-005-000382-0,7481970.215506631,321114.9490328807,500.74188232421875,RoanCamp,2020-12-04,2020-12-04 11:28:02.559,11:28:02,51.19027674999999,27.926179225000002
3893,466084.027,cam1-005-000383-0,7481968.734833232,321102.77064577607,500.6733703613281,RoanCamp,2020-12-04,2020-12-04 11:28:04.027,11:28:04,51.188523305555556,27.926664480555555
3894,466086.029,cam1-005-000384-0,7481966.846045211,321086.8719086094,500.6046447753906,RoanCamp,2020-12-04,2020-12-04 11:28:06.029,11:28:06,51.1861320277778,27.92732625277777
3895,466088.031,cam1-005-000385-0,7481965.071611302,321070.9919689762,500.5552978515625,RoanCamp,2020-12-04,2020-12-04 11:28:08.031,11:28:08,51.18374074999998,27.927988025000005
3896,466090.033,cam1-005-000386-0,7481963.263821442,321055.03377002955,500.52001953125,RoanCamp,2020-12-04,2020-12-04 11:28:10.033,11:28:10,51.18134947222223,27.92864979722222
3897,466092.302,cam1-005-000387-0,7481961.123856184,321036.73909959814,500.5657653808594,RoanCamp,2020-12-04,2020-12-04 11:28:12.302,11:28:12,51.17863927777775,27.929399827777786
3898,466094.037,cam1-005-000388-0,7481959.630846911,321022.8105804771,500.5129699707031,RoanCamp,2020-12-04,2020-12-04 11:28:14.037,11:28:14,51.17656691666665,27.92997334166667
3899,466096.039,cam1-005-000389-0,7481957.950784519,321006.91545048746,500.40765380859375,RoanCamp,2020-12-04,2020-12-04 11:28:16.039,11:28:16,51.174175638888904,27.930635113888886
3900,466098.041,cam1-005-000390-0,7481956.188839474,320990.9975294896,500.462646484375,RoanCamp,2020-12-04,2020-12-04 11:28:18.041,11:28:18,51.17178436111108,27.93129688611112
3901,466100.577,cam1-005-000391-0,7481953.803078551,320970.5223900107,500.52166748046875,RoanCamp,2020-12-04,2020-12-04 11:28:20.577,11:28:20,51.16875525000001,27.932135174999996
3902,466102.045,cam1-005-000392-0,7481952.490164421,320958.3982522894,500.5490417480469,RoanCamp,2020-12-04,2020-12-04 11:28:22.045,11:28:22,51.16700180555558,27.93262043055555
3903,466104.047,cam1-005-000393-0,7481950.611436186,320942.6058131582,500.6478271484375,RoanCamp,2020-12-04,2020-12-04 11:28:24.047,11:28:24,51.164610527777754,27.933282202777786
3904,466106.049,cam1-005-000394-0,7481948.660118181,320926.9926279988,500.71734619140625,RoanCamp,2020-12-04,2020-12-04 11:28:26.049,11:28:26,51.16221925,27.933943975
3905,466108.585,cam1-005-000395-0,7481946.043834818,320906.8373265607,500.8792419433594,RoanCamp,2020-12-04,2020-12-04 11:28:28.585,11:28:28,51.15919013888887,27.934782263888895
3906,466110.053,cam1-005-000396-0,7481944.473145209,320894.80436834286,500.8168640136719,RoanCamp,2020-12-04,2020-12-04 11:28:30.053,11:28:30,51.15743669444443,27.935267519444448
3907,466112.055,cam1-005-000397-0,7481942.676398361,320879.196379635,500.6744689941406,RoanCamp,2020-12-04,2020-12-04 11:28:32.055,11:28:32,51.155045416666674,27.935929291666664
3908,466113.923,cam1-005-000398-0,7481941.078567297,320864.99533662735,500.6496276855469,RoanCamp,2020-12-04,2020-12-04 11:28:33.923,11:28:33,51.15281419444443,27.936546769444448
3909,466116.059,cam1-005-000399-0,7481939.114399074,320848.4215500512,500.70684814453125,RoanCamp,2020-12-04,2020-12-04 11:28:36.059,11:28:36,51.1502628611111,27.937252836111114
3910,466118.328,cam1-005-000400-0,7481937.085531148,320830.45319265267,500.7466735839844,RoanCamp,2020-12-04,2020-12-04 11:28:38.328,11:28:38,51.14755266666669,27.93800286666666
3911,466119.929,cam1-005-000401-0,7481935.607252782,320817.8216576815,500.662841796875,RoanCamp,2020-12-04,2020-12-04 11:28:39.929,11:28:39,51.145640361111106,27.938532086111113
3912,466121.931,cam1-005-000402-0,7481933.722526854,320801.9780128491,500.6177062988281,RoanCamp,2020-12-04,2020-12-04 11:28:41.931,11:28:41,51.14324908333336,27.939193858333326
3913,466124.067,cam1-005-000403-0,7481931.690366648,320784.79662997473,500.671142578125,RoanCamp,2020-12-04,2020-12-04 11:28:44.067,11:28:44,51.14069775000002,27.93989992499999
3914,466126.602,cam1-005-000404-0,7481929.40653449,320764.61202359135,500.75286865234375,RoanCamp,2020-12-04,2020-12-04 11:28:46.602,11:28:46,51.13766983333332,27.940737883333338
3915,466127.937,cam1-005-000405-0,7481928.105137236,320753.81501827494,500.6866455078125,RoanCamp,2020-12-04,2020-12-04 11:28:47.937,11:28:47,51.136075250000026,27.94117917499999
3916,466129.939,cam1-005-000406-0,7481926.2226624,320737.90137851983,500.5888366699219,RoanCamp,2020-12-04,2020-12-04 11:28:49.939,11:28:49,51.13368397222221,27.941840947222225
3917,466131.941,cam1-005-000407-0,7481924.577001753,320722.0380518073,500.5254211425781,RoanCamp,2020-12-04,2020-12-04 11:28:51.941,11:28:51,51.131292694444454,27.94250271944444
3918,466133.943,cam1-005-000408-0,7481922.570687163,320705.6780577119,500.5517883300781,RoanCamp,2020-12-04,2020-12-04 11:28:53.943,11:28:53,51.128901416666636,27.943164491666675
3919,466136.345,cam1-005-000409-0,7481920.191592979,320686.58699229767,500.47216796875,RoanCamp,2020-12-04,2020-12-04 11:28:56.345,11:28:56,51.12603236111114,27.9439584861111
3920,466137.947,cam1-005-000410-0,7481918.675813002,320673.53291783296,500.481689453125,RoanCamp,2020-12-04,2020-12-04 11:28:57.947,11:28:57,51.12411886111113,27.944488036111107
3921,466139.949,cam1-005-000411-0,7481916.737193527,320657.4754039611,500.540771484375,RoanCamp,2020-12-04,2020-12-04 11:28:59.949,11:28:59,51.12172758333331,27.94514980833334
3922,466141.951,cam1-005-000412-0,7481914.9978392515,320641.4988096656,500.412109375,RoanCamp,2020-12-04,2020-12-04 11:29:01.951,11:29:01,51.11933630555556,27.945811580555556
3923,466144.62,cam1-005-000413-0,7481912.57088163,320619.89582514326,500.28668212890625,RoanCamp,2020-12-04,2020-12-04 11:29:04.620,11:29:04,51.11614833333334,27.94669383333333
3924,466145.955,cam1-005-000414-0,7481911.247710474,320609.1452287546,500.299560546875,RoanCamp,2020-12-04,2020-12-04 11:29:05.955,11:29:05,51.114553749999985,27.947135125000006
3925,466147.957,cam1-005-000415-0,7481909.466102573,320593.3394215132,500.3096618652344,RoanCamp,2020-12-04,2020-12-04 11:29:07.957,11:29:07,51.11216247222223,27.94779689722222
3926,466149.959,cam1-005-000416-0,7481907.471590295,320577.82490591134,500.3824157714844,RoanCamp,2020-12-04,2020-12-04 11:29:09.959,11:29:09,51.10977119444448,27.948458669444435
3927,466151.961,cam1-005-000417-0,7481905.503856162,320561.5905176314,500.4296875,RoanCamp,2020-12-04,2020-12-04 11:29:11.961,11:29:11,51.10737991666665,27.94912044166667
3928,466154.363,cam1-005-000418-0,7481902.975058967,320542.7559695256,500.3418273925781,RoanCamp,2020-12-04,2020-12-04 11:29:14.363,11:29:14,51.104510861111095,27.949914436111115
3929,466155.965,cam1-005-000419-0,7481901.304362379,320530.2929225033,500.38323974609375,RoanCamp,2020-12-04,2020-12-04 11:29:15.965,11:29:15,51.10259736111108,27.950443986111118
3930,466157.967,cam1-005-000420-0,7481900.111274585,320514.99857073545,500.3723449707031,RoanCamp,2020-12-04,2020-12-04 11:29:17.967,11:29:17,51.100206083333326,27.951105758333334
3931,466159.969,cam1-005-000421-0,7481901.941862326,320505.3280663723,500.2775573730469,RoanCamp,2020-12-04,2020-12-04 11:29:19.969,11:29:19,51.09781480555558,27.95176753055555
3932,466162.638,cam1-005-000422-0,7481906.457445791,320506.25566199166,500.15728759765625,RoanCamp,2020-12-04,2020-12-04 11:29:22.638,11:29:22,51.094626833333365,27.952649783333325
3933,466163.973,cam1-005-000423-0,7481912.896667695,320506.1433839906,500.21142578125,RoanCamp,2020-12-04,2020-12-04 11:29:23.973,11:29:23,51.09303225,27.953091075
3934,466165.975,cam1-005-000424-0,7481929.471932063,320505.66179464496,500.6076965332031,RoanCamp,2020-12-04,2020-12-04 11:29:25.975,11:29:25,51.09064097222225,27.953752847222216
3935,466167.977,cam1-005-000425-0,7481946.536062754,320506.63876162097,501.1256103515625,RoanCamp,2020-12-04,2020-12-04 11:29:27.977,11:29:27,51.08824969444443,27.95441461944445
3936,466169.979,cam1-005-000426-0,7481963.402023368,320507.77822054876,501.537109375,RoanCamp,2020-12-04,2020-12-04 11:29:29.979,11:29:29,51.085858416666674,27.955076391666665
3937,466172.648,cam1-005-000427-0,7481984.04360528,320508.7288742702,501.7873229980469,RoanCamp,2020-12-04,2020-12-04 11:29:32.648,11:29:32,51.08267044444446,27.95595864444444
3938,466173.983,cam1-005-000428-0,7481994.4995047785,320509.2016197876,501.7538146972656,RoanCamp,2020-12-04,2020-12-04 11:29:33.983,11:29:33,51.0810758611111,27.956399936111115
3939,466175.985,cam1-005-000429-0,7482009.7933664005,320512.5371902004,501.7299499511719,RoanCamp,2020-12-04,2020-12-04 11:29:35.985,11:29:35,51.07868458333335,27.957061708333327
3940,466177.987,cam1-005-000430-0,7482013.931629401,320518.2431807503,501.87152099609375,RoanCamp,2020-12-04,2020-12-04 11:29:37.987,11:29:37,51.07629330555553,27.957723480555565
3941,466180.656,cam1-005-000431-0,7482014.174476841,320522.7139213154,501.3162841796875,RoanCamp,2020-12-04,2020-12-04 11:29:40.656,11:29:40,51.07310533333332,27.95860573333334
3942,466181.991,cam1-005-000432-0,7482016.374332175,320530.66493756295,501.11590576171875,RoanCamp,2020-12-04,2020-12-04 11:29:41.991,11:29:41,51.07151075000002,27.959047024999993
3943,466183.993,cam1-005-000433-0,7482018.963545689,320547.78879806976,501.37176513671875,RoanCamp,2020-12-04,2020-12-04 11:29:43.993,11:29:43,51.069119472222205,27.959708797222227
3944,466185.995,cam1-005-000434-0,7482020.611462723,320564.79841121193,501.6012878417969,RoanCamp,2020-12-04,2020-12-04 11:29:45.995,11:29:45,51.06672819444445,27.960370569444443
3945,466187.997,cam1-005-000435-0,7482022.572686802,320581.0735995122,501.780029296875,RoanCamp,2020-12-04,2020-12-04 11:29:47.997,11:29:47,51.0643369166667,27.96103234166666
3946,466190.666,cam1-005-000436-0,7482025.262714719,320602.6851121244,501.822509765625,RoanCamp,2020-12-04,2020-12-04 11:29:50.666,11:29:50,51.06114894444441,27.961914594444455
3947,466192.001,cam1-005-000437-0,7482026.544239949,320613.49245576595,501.8829650878906,RoanCamp,2020-12-04,2020-12-04 11:29:52.001,11:29:52,51.059554361111125,27.96235588611111
3948,466194.003,cam1-005-000438-0,7482028.285790966,320629.1854779922,501.8844909667969,RoanCamp,2020-12-04,2020-12-04 11:29:54.003,11:29:54,51.0571630833333,27.963017658333342
3949,466196.005,cam1-005-000439-0,7482030.038267062,320644.863959436,501.936767578125,RoanCamp,2020-12-04,2020-12-04 11:29:56.005,11:29:56,51.05477180555555,27.96367943055556
3950,466198.541,cam1-005-000440-0,7482032.315828629,320664.9056213903,501.9894104003906,RoanCamp,2020-12-04,2020-12-04 11:29:58.541,11:29:58,51.051742694444414,27.96451771944445
3951,466200.009,cam1-005-000441-0,7482033.6741084,320676.74623475387,501.9228820800781,RoanCamp,2020-12-04,2020-12-04 11:30:00.009,11:30:00,51.049989249999975,27.965002975000008
3952,466202.011,cam1-005-000442-0,7482035.393084014,320692.36024275544,501.6741638183594,RoanCamp,2020-12-04,2020-12-04 11:30:02.011,11:30:02,51.04759797222223,27.96566474722222
3953,466204.013,cam1-005-000443-0,7482037.117120132,320707.9708854561,501.5232849121094,RoanCamp,2020-12-04,2020-12-04 11:30:04.013,11:30:04,51.045206694444474,27.966326519444436
3954,466206.549,cam1-005-000444-0,7482039.457136332,320727.9841359782,501.4091491699219,RoanCamp,2020-12-04,2020-12-04 11:30:06.549,11:30:06,51.042177583333334,27.967164808333333
3955,466208.017,cam1-005-000445-0,7482040.883348363,320739.36526739935,501.3194274902344,RoanCamp,2020-12-04,2020-12-04 11:30:08.017,11:30:08,51.040424138888895,27.967650063888886
3956,466210.019,cam1-005-000446-0,7482042.786982607,320755.93423571397,501.3182678222656,RoanCamp,2020-12-04,2020-12-04 11:30:10.019,11:30:10,51.03803286111115,27.968311836111102
3957,466212.421,cam1-005-000447-0,7482044.861198664,320775.1470930601,501.2646789550781,RoanCamp,2020-12-04,2020-12-04 11:30:12.421,11:30:12,51.03516380555559,27.969105830555545
3958,466214.957,cam1-005-000448-0,7482047.359190401,320795.74611965445,501.30120849609375,RoanCamp,2020-12-04,2020-12-04 11:30:14.957,11:30:14,51.03213469444445,27.969944119444442
3959,466216.025,cam1-005-000449-0,7482048.378614565,320804.1013097881,501.2699279785156,RoanCamp,2020-12-04,2020-12-04 11:30:16.025,11:30:16,51.03085902777775,27.970297152777785
3960,466218.027,cam1-005-000450-0,7482050.448259763,320820.739233607,501.200439453125,RoanCamp,2020-12-04,2020-12-04 11:30:18.027,11:30:18,51.02846775,27.970958925
3961,466220.029,cam1-005-000451-0,7482052.066418271,320836.88234487874,501.1989440917969,RoanCamp,2020-12-04,2020-12-04 11:30:20.029,11:30:20,51.02607647222224,27.971620697222214
3962,466222.031,cam1-005-000452-0,7482053.84446807,320852.8991595672,501.15509033203125,RoanCamp,2020-12-04,2020-12-04 11:30:22.031,11:30:22,51.023685194444425,27.97228246944445
3963,466224.566,cam1-005-000453-0,7482056.094052797,320873.07357302646,501.3138732910156,RoanCamp,2020-12-04,2020-12-04 11:30:24.566,11:30:24,51.02065727777779,27.973120427777776
3964,466226.035,cam1-005-000454-0,7482057.691268645,320884.7470197149,501.62493896484375,RoanCamp,2020-12-04,2020-12-04 11:30:26.035,11:30:26,51.01890263888892,27.97360601388888
3965,466228.037,cam1-005-000455-0,7482059.990115907,320901.48201372736,501.9671630859375,RoanCamp,2020-12-04,2020-12-04 11:30:28.037,11:30:28,51.0165113611111,27.974267786111113
3966,466230.039,cam1-005-000456-0,7482061.619995305,320917.77052832826,502.253173828125,RoanCamp,2020-12-04,2020-12-04 11:30:30.039,11:30:30,51.014120083333346,27.97492955833333
3967,466232.574,cam1-005-000457-0,7482063.909314215,320938.1232722189,502.4554748535156,RoanCamp,2020-12-04,2020-12-04 11:30:32.574,11:30:32,51.01109216666664,27.975767516666675
3968,466234.042,cam1-005-000458-0,7482065.258821119,320949.2988988656,502.3494873046875,RoanCamp,2020-12-04,2020-12-04 11:30:34.042,11:30:34,51.0093387222222,27.976252772222228
3969,466236.044,cam1-005-000459-0,7482067.028567236,320965.5303138545,502.2974548339844,RoanCamp,2020-12-04,2020-12-04 11:30:36.044,11:30:36,51.00694744444445,27.976914544444444
3970,466238.046,cam1-005-000460-0,7482068.871550545,320981.30869863206,502.29217529296875,RoanCamp,2020-12-04,2020-12-04 11:30:38.046,11:30:38,51.0045561666667,27.977576316666656
3971,466240.048,cam1-005-000461-0,7482070.519747611,320996.9722738606,502.1564636230469,RoanCamp,2020-12-04,2020-12-04 11:30:40.048,11:30:40,51.00216488888888,27.978238088888894
3972,466242.317,cam1-005-000462-0,7482072.741288556,321015.3475695766,502.2473449707031,RoanCamp,2020-12-04,2020-12-04 11:30:42.317,11:30:42,50.999454694444466,27.978988119444438
3973,466244.052,cam1-005-000463-0,7482074.343389615,321029.47321114014,502.334716796875,RoanCamp,2020-12-04,2020-12-04 11:30:44.052,11:30:44,50.997382333333306,27.97956163333334
3974,466246.054,cam1-005-000464-0,7482076.195074212,321045.3716734753,502.3716125488281,RoanCamp,2020-12-04,2020-12-04 11:30:46.054,11:30:46,50.99499105555555,27.980223405555556
3975,466247.923,cam1-005-000465-0,7482077.835911386,321059.9237063248,502.2807312011719,RoanCamp,2020-12-04,2020-12-04 11:30:47.923,11:30:47,50.99275863888888,27.98084121388889
3976,466250.592,cam1-005-000466-0,7482080.230781344,321081.1044598734,501.86077880859375,RoanCamp,2020-12-04,2020-12-04 11:30:50.592,11:30:50,50.989570666666665,27.98172346666667
3977,466252.06,cam1-005-000467-0,7482081.625045227,321092.50535130594,501.7063903808594,RoanCamp,2020-12-04,2020-12-04 11:30:52.060,11:30:52,50.987817222222226,27.98220872222222
3978,466253.929,cam1-005-000468-0,7482083.36422216,321107.72296893934,501.7705383300781,RoanCamp,2020-12-04,2020-12-04 11:30:53.929,11:30:53,50.985584805555554,27.982826530555556
3979,466255.931,cam1-005-000469-0,7482085.290125389,321123.4970776065,501.9473571777344,RoanCamp,2020-12-04,2020-12-04 11:30:55.931,11:30:55,50.9831935277778,27.983488302777772
3980,466258.6,cam1-005-000470-0,7482087.671533662,321144.6089523384,501.8468017578125,RoanCamp,2020-12-04,2020-12-04 11:30:58.600,11:30:58,50.980005555555586,27.984370555555547
3981,466259.935,cam1-005-000471-0,7482088.707363315,321155.19257243513,501.70367431640625,RoanCamp,2020-12-04,2020-12-04 11:30:59.935,11:30:59,50.97841097222223,27.984811847222222
3982,466261.937,cam1-005-000472-0,7482090.68574206,321170.55155111384,501.61981201171875,RoanCamp,2020-12-04,2020-12-04 11:31:01.937,11:31:01,50.976019694444474,27.985473619444438
3983,466263.939,cam1-005-000473-0,7482092.548146227,321186.1367606302,501.6609802246094,RoanCamp,2020-12-04,2020-12-04 11:31:03.939,11:31:03,50.97362841666665,27.98613539166667
3984,466266.608,cam1-005-000474-0,7482095.197212994,321207.3215728941,501.7789001464844,RoanCamp,2020-12-04,2020-12-04 11:31:06.608,11:31:06,50.970440444444435,27.987017644444446
3985,466267.943,cam1-005-000475-0,7482096.450841129,321217.36977528816,501.84381103515625,RoanCamp,2020-12-04,2020-12-04 11:31:07.943,11:31:07,50.96884586111108,27.98745893611112
3986,466269.945,cam1-005-000476-0,7482098.123890258,321233.70068737597,501.9216613769531,RoanCamp,2020-12-04,2020-12-04 11:31:09.945,11:31:09,50.966454583333324,27.988120708333334
3987,466271.947,cam1-005-000477-0,7482099.873716375,321249.8011711533,501.9576416015625,RoanCamp,2020-12-04,2020-12-04 11:31:11.947,11:31:11,50.96406330555557,27.98878248055555
3988,466273.949,cam1-005-000478-0,7482101.966209593,321265.96033008094,502.03143310546875,RoanCamp,2020-12-04,2020-12-04 11:31:13.949,11:31:13,50.96167202777775,27.989444252777783
3989,466276.351,cam1-005-000479-0,7482103.974564103,321285.3217052887,502.1465759277344,RoanCamp,2020-12-04,2020-12-04 11:31:16.351,11:31:16,50.958802972222195,27.99023824722223
3990,466277.953,cam1-005-000480-0,7482105.521488052,321298.37500135787,502.08929443359375,RoanCamp,2020-12-04,2020-12-04 11:31:17.953,11:31:17,50.956889472222244,27.990767797222215
3991,466279.955,cam1-005-000481-0,7482107.33523755,321313.8809156501,501.8359680175781,RoanCamp,2020-12-04,2020-12-04 11:31:19.955,11:31:19,50.954498194444426,27.99142956944445
3992,466281.957,cam1-005-000482-0,7482109.032518942,321329.2079842567,501.66552734375,RoanCamp,2020-12-04,2020-12-04 11:31:21.957,11:31:21,50.95210691666667,27.992091341666665
3993,466284.626,cam1-005-000483-0,7482111.55686789,321349.9678679749,501.61639404296875,RoanCamp,2020-12-04,2020-12-04 11:31:24.626,11:31:24,50.94891894444446,27.99297359444444
3994,466285.961,cam1-005-000484-0,7482112.85683078,321360.5171680015,501.6749572753906,RoanCamp,2020-12-04,2020-12-04 11:31:25.961,11:31:25,50.9473243611111,27.993414886111115
3995,466287.963,cam1-005-000485-0,7482114.755085181,321376.0138459868,501.67681884765625,RoanCamp,2020-12-04,2020-12-04 11:31:27.963,11:31:27,50.944933083333346,27.99407665833333
3996,466289.965,cam1-005-000486-0,7482116.516071664,321391.7871570049,501.488037109375,RoanCamp,2020-12-04,2020-12-04 11:31:29.965,11:31:29,50.94254180555553,27.994738430555564
3997,466291.967,cam1-005-000487-0,7482118.206786322,321407.66385617433,501.3299865722656,RoanCamp,2020-12-04,2020-12-04 11:31:31.967,11:31:31,50.940150527777774,27.99540020277778
3998,466294.369,cam1-005-000488-0,7482120.743211875,321427.1422231384,501.3396911621094,RoanCamp,2020-12-04,2020-12-04 11:31:34.369,11:31:34,50.93728147222222,27.996194197222223
3999,466295.971,cam1-005-000489-0,7482122.237957783,321439.91950012126,501.3460693359375,RoanCamp,2020-12-04,2020-12-04 11:31:35.971,11:31:35,50.9353679722222,27.99672374722223
4000,466297.973,cam1-005-000490-0,7482124.125474207,321455.7280630162,501.43780517578125,RoanCamp,2020-12-04,2020-12-04 11:31:37.973,11:31:37,50.93297669444445,27.997385519444443
4001,466299.975,cam1-005-000491-0,7482126.059074108,321471.6079289931,501.40618896484375,RoanCamp,2020-12-04,2020-12-04 11:31:39.975,11:31:39,50.930585416666695,27.99804729166666
4002,466302.644,cam1-005-000492-0,7482128.431605874,321493.21635438583,501.4285888671875,RoanCamp,2020-12-04,2020-12-04 11:31:42.644,11:31:42,50.92739744444448,27.998929544444433
4003,466303.979,cam1-005-000493-0,7482129.627336941,321503.8782391745,501.5188293457031,RoanCamp,2020-12-04,2020-12-04 11:31:43.979,11:31:43,50.92580286111112,27.999370836111108
4004,466305.981,cam1-005-000494-0,7482131.4075868875,321519.5882768382,501.54815673828125,RoanCamp,2020-12-04,2020-12-04 11:31:45.981,11:31:45,50.9234115833333,28.000032608333342
4005,466307.983,cam1-005-000495-0,7482133.320969094,321535.35935723013,501.60693359375,RoanCamp,2020-12-04,2020-12-04 11:31:47.983,11:31:47,50.921020305555544,28.000694380555558
4006,466309.985,cam1-005-000496-0,7482135.191792544,321551.23378126393,501.5570068359375,RoanCamp,2020-12-04,2020-12-04 11:31:49.985,11:31:49,50.9186290277778,28.001356152777774
4007,466312.921,cam1-005-000497-0,7482137.788542788,321574.58265899564,501.43121337890625,RoanCamp,2020-12-04,2020-12-04 11:31:52.921,11:31:52,50.91512213888892,28.00232666388888
4008,466313.989,cam1-005-000498-0,7482138.79133237,321583.38991572015,501.3959655761719,RoanCamp,2020-12-04,2020-12-04 11:31:53.989,11:31:53,50.91384647222222,28.002679697222224
4009,466315.991,cam1-005-000499-0,7482140.687510903,321599.1016255643,501.283447265625,RoanCamp,2020-12-04,2020-12-04 11:31:55.991,11:31:55,50.91145519444447,28.003341469444436
4010,466317.993,cam1-005-000500-0,7482142.475992173,321614.97506367916,501.1890563964844,RoanCamp,2020-12-04,2020-12-04 11:31:57.993,11:31:57,50.909063916666646,28.004003241666673
4011,466320.662,cam1-005-000501-0,7482144.863136742,321636.7959885912,501.3356018066406,RoanCamp,2020-12-04,2020-12-04 11:32:00.662,11:32:00,50.90587594444443,28.004885494444448
4012,466321.997,cam1-005-000502-0,7482146.120268675,321647.71581706847,501.47515869140625,RoanCamp,2020-12-04,2020-12-04 11:32:01.997,11:32:01,50.904281361111146,28.0053267861111
4013,466323.999,cam1-005-000503-0,7482147.945323121,321663.77661800955,501.66424560546875,RoanCamp,2020-12-04,2020-12-04 11:32:03.999,11:32:03,50.90189008333332,28.005988558333335
4014,466326.001,cam1-005-000504-0,7482149.907290151,321679.77447686304,501.73431396484375,RoanCamp,2020-12-04,2020-12-04 11:32:06.001,11:32:06,50.89949880555557,28.00665033055555
4015,466328.536,cam1-005-000505-0,7482152.445647234,321699.9810167603,501.6912536621094,RoanCamp,2020-12-04,2020-12-04 11:32:08.536,11:32:08,50.896470888888864,28.007488288888897
4016,466330.004,cam1-005-000506-0,7482153.658546463,321711.4529894166,501.7267761230469,RoanCamp,2020-12-04,2020-12-04 11:32:10.004,11:32:10,50.894717444444424,28.00797354444445
4017,466332.006,cam1-005-000507-0,7482155.507274363,321727.72566576616,501.6888122558594,RoanCamp,2020-12-04,2020-12-04 11:32:12.006,11:32:12,50.89232616666668,28.008635316666663
4018,466334.008,cam1-005-000508-0,7482157.407231301,321743.2240720275,501.6458435058594,RoanCamp,2020-12-04,2020-12-04 11:32:14.008,11:32:14,50.889934888888924,28.00929708888888
4019,466336.01,cam1-005-000509-0,7482159.097319087,321758.7231988155,501.55902099609375,RoanCamp,2020-12-04,2020-12-04 11:32:16.010,11:32:16,50.8875436111111,28.009958861111112
4020,466338.279,cam1-005-000510-0,7482161.261476796,321776.6379746398,501.4654235839844,RoanCamp,2020-12-04,2020-12-04 11:32:18.279,11:32:18,50.88483341666669,28.01070889166666
4021,466340.014,cam1-005-000511-0,7482162.747751003,321790.62403236225,501.3133850097656,RoanCamp,2020-12-04,2020-12-04 11:32:20.014,11:32:20,50.88276105555553,28.011282405555562
4022,466342.016,cam1-005-000512-0,7482164.456330836,321806.5226755222,501.2261657714844,RoanCamp,2020-12-04,2020-12-04 11:32:22.016,11:32:22,50.88036977777777,28.011944177777778
4023,466344.018,cam1-005-000513-0,7482166.44135118,321822.2204392341,501.19775390625,RoanCamp,2020-12-04,2020-12-04 11:32:24.018,11:32:24,50.87797850000002,28.012605949999994
4024,466346.554,cam1-005-000514-0,7482169.022490714,321842.19918853237,501.1446838378906,RoanCamp,2020-12-04,2020-12-04 11:32:26.554,11:32:26,50.874949388888886,28.01344423888889
4025,466348.022,cam1-005-000515-0,7482170.426040269,321854.5724242806,501.0808410644531,RoanCamp,2020-12-04,2020-12-04 11:32:28.022,11:32:28,50.87319594444445,28.013929494444444
4026,466350.024,cam1-005-000516-0,7482172.133075863,321870.741726462,501.0478210449219,RoanCamp,2020-12-04,2020-12-04 11:32:30.024,11:32:30,50.87080466666669,28.01459126666666
4027,466352.026,cam1-005-000517-0,7482173.849515598,321886.74015928607,501.00543212890625,RoanCamp,2020-12-04,2020-12-04 11:32:32.026,11:32:32,50.868413388888875,28.015253038888893
4028,466354.028,cam1-005-000518-0,7482175.728595374,321902.4989890405,501.0522766113281,RoanCamp,2020-12-04,2020-12-04 11:32:34.028,11:32:34,50.86602211111112,28.01591481111111
4029,466356.297,cam1-005-000519-0,7482177.887823889,321920.6880071362,501.13482666015625,RoanCamp,2020-12-04,2020-12-04 11:32:36.297,11:32:36,50.863311916666646,28.016664841666675
4030,466358.032,cam1-005-000520-0,7482179.713266006,321934.3502105798,501.1484680175781,RoanCamp,2020-12-04,2020-12-04 11:32:38.032,11:32:38,50.86123955555555,28.01723835555556
4031,466360.034,cam1-005-000521-0,7482181.531490628,321950.1163163958,501.19354248046875,RoanCamp,2020-12-04,2020-12-04 11:32:40.034,11:32:40,50.858848277777795,28.01790012777777
4032,466362.036,cam1-005-000522-0,7482183.212475685,321965.8987116142,501.2669982910156,RoanCamp,2020-12-04,2020-12-04 11:32:42.036,11:32:42,50.85645699999998,28.01856190000001
4033,466364.572,cam1-005-000523-0,7482185.329615049,321985.8348165323,501.4085998535156,RoanCamp,2020-12-04,2020-12-04 11:32:44.572,11:32:44,50.85342788888891,28.019400188888884
4034,466366.04,cam1-005-000524-0,7482186.758762432,321997.6142549657,501.3903503417969,RoanCamp,2020-12-04,2020-12-04 11:32:46.040,11:32:46,50.85167444444447,28.019885444444437
4035,466368.042,cam1-005-000525-0,7482188.61540308,322013.11313371453,501.3544616699219,RoanCamp,2020-12-04,2020-12-04 11:32:48.042,11:32:48,50.84928316666665,28.02054721666667
4036,466370.044,cam1-005-000526-0,7482190.356888998,322028.8072764175,501.3653869628906,RoanCamp,2020-12-04,2020-12-04 11:32:50.044,11:32:50,50.8468918888889,28.021208988888887
4037,466372.046,cam1-005-000527-0,7482192.209751906,322044.694849329,501.46429443359375,RoanCamp,2020-12-04,2020-12-04 11:32:52.046,11:32:52,50.844500611111144,28.021870761111103
4038,466374.315,cam1-005-000528-0,7482194.477634462,322063.4760191647,501.6562805175781,RoanCamp,2020-12-04,2020-12-04 11:32:54.315,11:32:54,50.84179041666666,28.022620791666668
4039,466376.05,cam1-005-000529-0,7482196.211698115,322077.7657030557,501.6684265136719,RoanCamp,2020-12-04,2020-12-04 11:32:56.050,11:32:56,50.83971805555557,28.023194305555553
4040,466378.052,cam1-005-000530-0,7482198.05303902,322093.75801223016,501.60491943359375,RoanCamp,2020-12-04,2020-12-04 11:32:58.052,11:32:58,50.83732677777775,28.023856077777786
4041,466380.054,cam1-005-000531-0,7482200.071442122,322109.51434181386,501.6292419433594,RoanCamp,2020-12-04,2020-12-04 11:33:00.054,11:33:00,50.83493549999999,28.024517850000002
4042,466382.59,cam1-005-000532-0,7482202.161502762,322130.1350853337,501.7447204589844,RoanCamp,2020-12-04,2020-12-04 11:33:02.590,11:33:02,50.83190638888886,28.025356138888895
4043,466384.058,cam1-005-000533-0,7482203.622967039,322142.36316139426,501.8831787109375,RoanCamp,2020-12-04,2020-12-04 11:33:04.058,11:33:04,50.83015294444442,28.025841394444452
4044,466386.06,cam1-005-000534-0,7482205.904566378,322158.018236502,501.94073486328125,RoanCamp,2020-12-04,2020-12-04 11:33:06.060,11:33:06,50.82776166666667,28.026503166666664
4045,466388.062,cam1-005-000535-0,7482207.590920061,322174.1178048047,501.68157958984375,RoanCamp,2020-12-04,2020-12-04 11:33:08.062,11:33:08,50.82537038888892,28.02716493888888
4046,466389.931,cam1-005-000536-0,7482209.167969122,322189.3673486914,501.44921875,RoanCamp,2020-12-04,2020-12-04 11:33:09.931,11:33:09,50.82313797222224,28.027782747222215
4047,466392.333,cam1-005-000537-0,7482211.569524547,322208.1018313592,501.1302185058594,RoanCamp,2020-12-04,2020-12-04 11:33:12.333,11:33:12,50.820268916666684,28.02857674166666
4048,466393.935,cam1-005-000538-0,7482212.915727224,322220.60415856284,501.1223449707031,RoanCamp,2020-12-04,2020-12-04 11:33:13.935,11:33:13,50.81835541666667,28.029106291666665
4049,466395.937,cam1-005-000539-0,7482214.642879136,322236.277862455,501.1232604980469,RoanCamp,2020-12-04,2020-12-04 11:33:15.937,11:33:15,50.815964138888916,28.02976806388888
4050,466397.939,cam1-005-000540-0,7482216.254072566,322251.727425016,501.1776123046875,RoanCamp,2020-12-04,2020-12-04 11:33:17.939,11:33:17,50.8135728611111,28.030429836111114
4051,466400.608,cam1-005-000541-0,7482218.72665729,322272.63573555666,501.3052978515625,RoanCamp,2020-12-04,2020-12-04 11:33:20.608,11:33:20,50.81038488888888,28.031312088888892
4052,466401.943,cam1-005-000542-0,7482219.895185478,322283.268979393,501.5024719238281,RoanCamp,2020-12-04,2020-12-04 11:33:21.943,11:33:21,50.80879030555552,28.031753380555564
4053,466403.945,cam1-005-000543-0,7482221.830855251,322298.8938784683,501.84783935546875,RoanCamp,2020-12-04,2020-12-04 11:33:23.945,11:33:23,50.80639902777777,28.03241515277778
4054,466405.947,cam1-005-000544-0,7482223.82474932,322314.6668840071,501.96185302734375,RoanCamp,2020-12-04,2020-12-04 11:33:25.947,11:33:25,50.80400775000002,28.033076924999996
4055,466408.616,cam1-005-000545-0,7482226.284607943,322335.90867896436,501.77716064453125,RoanCamp,2020-12-04,2020-12-04 11:33:28.616,11:33:28,50.800819777777804,28.03395917777777
4056,466409.951,cam1-005-000546-0,7482227.475943595,322345.6787424182,501.72869873046875,RoanCamp,2020-12-04,2020-12-04 11:33:29.951,11:33:29,50.799225194444446,28.034400469444446
4057,466411.953,cam1-005-000547-0,7482228.698533128,322356.82711719204,501.7381286621094,RoanCamp,2020-12-04,2020-12-04 11:33:31.953,11:33:31,50.79683391666669,28.035062241666658
4058,466414.889,cam1-005-000548-0,7482232.309691201,322357.0706287044,501.0376281738281,RoanCamp,2020-12-04,2020-12-04 11:33:34.889,11:33:34,50.79332702777775,28.036032752777786
4059,466415.957,cam1-005-000549-0,7482236.816928271,322356.5218094434,500.6628112792969,RoanCamp,2020-12-04,2020-12-04 11:33:35.957,11:33:35,50.79205136111112,28.036385786111108
4060,466417.959,cam1-005-000550-0,7482253.428642036,322355.35935258074,500.3077392578125,RoanCamp,2020-12-04,2020-12-04 11:33:37.959,11:33:37,50.78966008333337,28.037047558333324
4061,466419.961,cam1-005-000551-0,7482271.087044608,322353.96285162825,500.48004150390625,RoanCamp,2020-12-04,2020-12-04 11:33:39.961,11:33:39,50.78726880555554,28.037709330555558
4062,466421.963,cam1-005-000552-0,7482287.751454508,322352.6409341039,500.6245422363281,RoanCamp,2020-12-04,2020-12-04 11:33:41.963,11:33:41,50.784877527777795,28.038371102777774
4063,466424.632,cam1-005-000553-0,7482309.731704444,322350.3976560082,500.7835998535156,RoanCamp,2020-12-04,2020-12-04 11:33:44.632,11:33:44,50.78168955555557,28.039253355555548
4064,466425.967,cam1-005-000554-0,7482320.872779165,322349.25111936673,500.8814392089844,RoanCamp,2020-12-04,2020-12-04 11:33:45.967,11:33:45,50.780094972222216,28.039694647222223
4065,466427.969,cam1-005-000555-0,7482336.647058275,322346.43802462134,501.3245849609375,RoanCamp,2020-12-04,2020-12-04 11:33:47.969,11:33:47,50.77770369444447,28.04035641944444
4066,466429.97,cam1-005-000556-0,7482341.042071219,322339.2611509735,501.1255187988281,RoanCamp,2020-12-04,2020-12-04 11:33:49.970,11:33:49,50.775313611111144,28.0410178611111
4067,466433.974,cam1-005-000557-0,7482339.693071982,322329.3267357831,500.54168701171875,RoanCamp,2020-12-04,2020-12-04 11:33:53.974,11:33:53,50.77053105555557,28.04234140555555
4068,466435.976,cam1-005-000558-0,7482338.075117756,322312.90900892834,500.43182373046875,RoanCamp,2020-12-04,2020-12-04 11:33:55.976,11:33:55,50.76813977777775,28.043003177777784
4069,466437.978,cam1-005-000559-0,7482336.437730668,322295.5219038528,500.13031005859375,RoanCamp,2020-12-04,2020-12-04 11:33:57.978,11:33:57,50.765748499999994,28.04366495
4070,466439.98,cam1-005-000560-0,7482334.68567411,322278.85721353453,499.8747253417969,RoanCamp,2020-12-04,2020-12-04 11:33:59.980,11:33:59,50.76335722222225,28.044326722222216
4071,466442.65,cam1-005-000561-0,7482332.299129658,322257.02001051826,499.5538024902344,RoanCamp,2020-12-04,2020-12-04 11:34:02.650,11:34:02,50.760168055555525,28.045209305555563
4072,466443.984,cam1-005-000562-0,7482330.99075323,322246.2126539487,499.47467041015625,RoanCamp,2020-12-04,2020-12-04 11:34:03.984,11:34:03,50.75857466666667,28.045650266666666
4073,466445.986,cam1-005-000563-0,7482329.134940721,322230.4279030671,499.3937683105469,RoanCamp,2020-12-04,2020-12-04 11:34:05.986,11:34:05,50.75618338888892,28.046312038888882
4074,466447.988,cam1-005-000564-0,7482327.411557943,322214.64179451356,499.33807373046875,RoanCamp,2020-12-04,2020-12-04 11:34:07.988,11:34:07,50.753792111111096,28.046973811111116
4075,466450.658,cam1-005-000565-0,7482324.83867578,322193.1635820073,499.2333984375,RoanCamp,2020-12-04,2020-12-04 11:34:10.658,11:34:10,50.75060294444445,28.047856394444445
4076,466451.992,cam1-005-000566-0,7482323.619565301,322182.40412191907,499.25103759765625,RoanCamp,2020-12-04,2020-12-04 11:34:11.992,11:34:11,50.749009555555524,28.048297355555565
4077,466453.994,cam1-005-000567-0,7482321.896627608,322166.71939764917,499.3460693359375,RoanCamp,2020-12-04,2020-12-04 11:34:13.994,11:34:13,50.74661827777777,28.048959127777778
4078,466455.996,cam1-005-000568-0,7482319.813119606,322150.8759631059,499.4302978515625,RoanCamp,2020-12-04,2020-12-04 11:34:15.996,11:34:15,50.744227000000016,28.049620899999994
4079,466457.998,cam1-005-000569-0,7482317.993050326,322135.05033796275,499.4935607910156,RoanCamp,2020-12-04,2020-12-04 11:34:17.998,11:34:17,50.7418357222222,28.050282672222227
4080,466460.267,cam1-005-000570-0,7482315.825355734,322116.8430457384,499.6904602050781,RoanCamp,2020-12-04,2020-12-04 11:34:20.267,11:34:20,50.73912552777779,28.051032702777775
4081,466462.002,cam1-005-000571-0,7482314.168879839,322103.03765731887,499.7763977050781,RoanCamp,2020-12-04,2020-12-04 11:34:22.002,11:34:22,50.73705316666669,28.05160621666666
4082,466464.004,cam1-005-000572-0,7482312.527130636,322087.43585593766,499.8472595214844,RoanCamp,2020-12-04,2020-12-04 11:34:24.004,11:34:24,50.73466188888887,28.052267988888893
4083,466466.006,cam1-005-000573-0,7482310.746863853,322071.83223192487,500.0335998535156,RoanCamp,2020-12-04,2020-12-04 11:34:26.006,11:34:26,50.73227061111112,28.05292976111111
4084,466468.676,cam1-005-000574-0,7482307.96841998,322050.3482100669,500.1491394042969,RoanCamp,2020-12-04,2020-12-04 11:34:28.676,11:34:28,50.729081444444475,28.053812344444438
4085,466470.01,cam1-005-000575-0,7482306.696205128,322039.7076692276,499.9924011230469,RoanCamp,2020-12-04,2020-12-04 11:34:30.010,11:34:30,50.72748805555555,28.05425330555556
4086,466472.012,cam1-005-000576-0,7482305.061136819,322024.1031225615,499.7781066894531,RoanCamp,2020-12-04,2020-12-04 11:34:32.012,11:34:32,50.72509677777779,28.054915077777775
4087,466474.014,cam1-005-000577-0,7482303.20384588,322008.4676573095,499.5556335449219,RoanCamp,2020-12-04,2020-12-04 11:34:34.014,11:34:34,50.72270549999997,28.05557685000001
4088,466476.016,cam1-005-000578-0,7482301.363143395,321992.85111521,499.5192565917969,RoanCamp,2020-12-04,2020-12-04 11:34:36.016,11:34:36,50.72031422222222,28.056238622222224
4089,466478.285,cam1-005-000579-0,7482299.408436972,321974.6927845053,499.4567565917969,RoanCamp,2020-12-04,2020-12-04 11:34:38.285,11:34:38,50.71760402777781,28.05698865277777
4090,466480.02,cam1-005-000580-0,7482297.870440539,321960.76988596295,499.4159240722656,RoanCamp,2020-12-04,2020-12-04 11:34:40.020,11:34:40,50.71553166666664,28.057562166666674
4091,466482.022,cam1-005-000581-0,7482296.01041527,321945.1154458285,499.4474792480469,RoanCamp,2020-12-04,2020-12-04 11:34:42.022,11:34:42,50.713140388888895,28.058223938888887
4092,466484.024,cam1-005-000582-0,7482294.2353158,321929.26630421344,499.3805847167969,RoanCamp,2020-12-04,2020-12-04 11:34:44.024,11:34:44,50.71074911111114,28.058885711111103
4093,466486.56,cam1-005-000583-0,7482291.923191813,321909.0617962782,499.4076843261719,RoanCamp,2020-12-04,2020-12-04 11:34:46.560,11:34:46,50.70772,28.059724
4094,466488.028,cam1-005-000584-0,7482290.506890785,321896.9551918736,499.4328308105469,RoanCamp,2020-12-04,2020-12-04 11:34:48.028,11:34:48,50.70596655555557,28.060209255555552
4095,466490.03,cam1-005-000585-0,7482288.65479362,321881.1482988104,499.5108642578125,RoanCamp,2020-12-04,2020-12-04 11:34:50.030,11:34:50,50.703575277777745,28.060871027777786
4096,466492.032,cam1-005-000586-0,7482286.742678653,321865.30784723675,499.4636535644531,RoanCamp,2020-12-04,2020-12-04 11:34:52.032,11:34:52,50.70118399999999,28.061532800000002
4097,466494.034,cam1-005-000587-0,7482285.333592506,321852.42763617786,499.599365234375,RoanCamp,2020-12-04,2020-12-04 11:34:54.034,11:34:54,50.69879272222224,28.062194572222218
4098,466496.303,cam1-005-000588-0,7482283.826539785,321840.0013890253,499.5413513183594,RoanCamp,2020-12-04,2020-12-04 11:34:56.303,11:34:56,50.69608252777776,28.062944602777783
4099,466498.038,cam1-005-000589-0,7482279.520720985,321825.9957155534,499.6299133300781,RoanCamp,2020-12-04,2020-12-04 11:34:58.038,11:34:58,50.694010166666665,28.063518116666668
4100,466500.04,cam1-005-000590-0,7482265.6400310565,321814.8002703302,499.6057434082031,RoanCamp,2020-12-04,2020-12-04 11:35:00.040,11:35:00,50.69161888888891,28.06417988888888
4101,466503.51,cam1-005-000591-0,7482228.259825439,321805.26755846787,499.2657470703125,RoanCamp,2020-12-04,2020-12-04 11:35:03.510,11:35:03,50.687474166666654,28.06532691666667
4102,466506.046,cam1-005-000592-0,7482194.648814246,321799.4959085067,499.0416564941406,RoanCamp,2020-12-04,2020-12-04 11:35:06.046,11:35:06,50.684445055555585,28.066165205555546
4103,466508.048,cam1-005-000593-0,7482168.535157358,321794.4096438347,497.8102722167969,RoanCamp,2020-12-04,2020-12-04 11:35:08.048,11:35:08,50.68205377777777,28.06682697777778
4104,466510.05,cam1-005-000594-0,7482142.486891201,321789.16058987513,496.4576416015625,RoanCamp,2020-12-04,2020-12-04 11:35:10.050,11:35:10,50.67966250000001,28.067488749999995
4105,466512.052,cam1-005-000595-0,7482116.420216834,321783.24972349626,495.0428771972656,RoanCamp,2020-12-04,2020-12-04 11:35:12.052,11:35:12,50.677271222222195,28.06815052222223
4106,466514.588,cam1-005-000596-0,7482083.094610263,321775.6106823106,493.1045227050781,RoanCamp,2020-12-04,2020-12-04 11:35:14.588,11:35:14,50.67424211111113,28.068988811111108
4107,466516.056,cam1-005-000597-0,7482063.220468283,321771.74249251245,491.896484375,RoanCamp,2020-12-04,2020-12-04 11:35:16.056,11:35:16,50.67248866666669,28.06947406666666
4108,466518.058,cam1-005-000598-0,7482037.92402539,321766.85289913916,490.03131103515625,RoanCamp,2020-12-04,2020-12-04 11:35:18.058,11:35:18,50.67009738888886,28.070135838888895
4109,466520.06,cam1-005-000599-0,7482012.754419308,321761.8205694804,487.754150390625,RoanCamp,2020-12-04,2020-12-04 11:35:20.060,11:35:20,50.667706111111116,28.07079761111111
4110,466522.062,cam1-005-000600-0,7481987.258947859,321757.3833814353,483.619873046875,RoanCamp,2020-12-04,2020-12-04 11:35:22.062,11:35:22,50.66531483333336,28.071459383333327
4111,466524.331,cam1-005-000601-0,7481956.581039021,321755.30146958306,478.8843994140625,RoanCamp,2020-12-04,2020-12-04 11:35:24.331,11:35:24,50.66260463888888,28.072209413888892
4112,466525.932,cam1-005-000602-0,7481935.193715835,321754.2996401171,475.60589599609375,RoanCamp,2020-12-04,2020-12-04 11:35:25.932,11:35:25,50.660692333333365,28.072738633333323
4113,466528.068,cam1-005-000603-0,7481906.139205884,321752.6220429386,471.01043701171875,RoanCamp,2020-12-04,2020-12-04 11:35:28.068,11:35:28,50.658140999999965,28.07344470000001
4114,466529.936,cam1-005-000604-0,7481879.602837175,321750.73126715387,466.89520263671875,RoanCamp,2020-12-04,2020-12-04 11:35:29.936,11:35:29,50.655909777777794,28.074062177777773
4115,466532.606,cam1-005-000605-0,7481843.575689025,321748.19387956604,461.3404235839844,RoanCamp,2020-12-04,2020-12-04 11:35:32.606,11:35:32,50.65272061111108,28.07494476111112
4116,466533.94,cam1-005-000606-0,7481825.244726334,321747.03842373495,458.50531005859375,RoanCamp,2020-12-04,2020-12-04 11:35:33.940,11:35:33,50.65112722222222,28.075385722222222
4117,466535.942,cam1-005-000607-0,7481798.500102273,321745.17189563386,454.2039794921875,RoanCamp,2020-12-04,2020-12-04 11:35:35.942,11:35:35,50.64873594444447,28.07604749444444
4118,466537.944,cam1-005-000608-0,7481771.763122463,321743.2907032999,450.3727722167969,RoanCamp,2020-12-04,2020-12-04 11:35:37.944,11:35:37,50.64634466666664,28.076709266666672
4119,466539.946,cam1-005-000609-0,7481744.079931365,321741.2418427302,448.24139404296875,RoanCamp,2020-12-04,2020-12-04 11:35:39.946,11:35:39,50.643953388888896,28.077371038888888
4120,466542.349,cam1-005-000610-0,7481712.867897801,321739.3353613493,446.5976257324219,RoanCamp,2020-12-04,2020-12-04 11:35:42.349,11:35:42,50.6410831388889,28.078165363888886
4121,466543.95,cam1-005-000611-0,7481692.461321842,321738.01801771537,445.7571716308594,RoanCamp,2020-12-04,2020-12-04 11:35:43.950,11:35:43,50.63917083333332,28.078694583333338
4122,466545.952,cam1-005-000612-0,7481666.955719334,321736.3653268137,445.18487548828125,RoanCamp,2020-12-04,2020-12-04 11:35:45.952,11:35:45,50.63677955555557,28.079356355555554
4123,466547.954,cam1-005-000613-0,7481640.147571582,321734.6312137717,444.5950622558594,RoanCamp,2020-12-04,2020-12-04 11:35:47.954,11:35:47,50.634388277777745,28.080018127777787
4124,466550.624,cam1-005-000614-0,7481606.393410688,321732.28376545355,444.1163635253906,RoanCamp,2020-12-04,2020-12-04 11:35:50.624,11:35:50,50.6311991111111,28.080900711111113
4125,466551.958,cam1-005-000615-0,7481589.001605704,321731.1908787126,444.0267333984375,RoanCamp,2020-12-04,2020-12-04 11:35:51.958,11:35:51,50.629605722222244,28.081341672222216
4126,466553.96,cam1-005-000616-0,7481563.48957338,321729.70200109784,443.6555480957031,RoanCamp,2020-12-04,2020-12-04 11:35:53.960,11:35:53,50.62721444444442,28.08200344444445
4127,466555.962,cam1-005-000617-0,7481536.845553087,321728.03542192304,443.069091796875,RoanCamp,2020-12-04,2020-12-04 11:35:55.962,11:35:55,50.624823166666665,28.082665216666665
4128,466558.632,cam1-005-000618-0,7481504.659524321,321725.83702011185,442.4764709472656,RoanCamp,2020-12-04,2020-12-04 11:35:58.632,11:35:58,50.62163400000002,28.083547799999995
4129,466559.966,cam1-005-000619-0,7481488.235587216,321724.70469369576,442.20697021484375,RoanCamp,2020-12-04,2020-12-04 11:35:59.966,11:35:59,50.620040611111094,28.083988761111115
4130,466561.968,cam1-005-000620-0,7481464.1351882275,321723.1387078066,441.81561279296875,RoanCamp,2020-12-04,2020-12-04 11:36:01.968,11:36:01,50.61764933333334,28.08465053333333
4131,466563.97,cam1-005-000621-0,7481440.269643516,321721.48059005605,441.5033874511719,RoanCamp,2020-12-04,2020-12-04 11:36:03.970,11:36:03,50.615258055555586,28.085312305555547
4132,466565.972,cam1-005-000622-0,7481414.896753499,321719.81428639387,441.1531982421875,RoanCamp,2020-12-04,2020-12-04 11:36:05.972,11:36:05,50.61286677777777,28.08597407777778
4133,466568.375,cam1-005-000623-0,7481384.821387885,321717.9363432245,440.65826416015625,RoanCamp,2020-12-04,2020-12-04 11:36:08.375,11:36:08,50.60999652777778,28.08676840277778
4134,466569.976,cam1-005-000624-0,7481364.086039135,321716.5716475691,440.37982177734375,RoanCamp,2020-12-04,2020-12-04 11:36:09.976,11:36:09,50.608084222222196,28.08729762222223
4135,466571.978,cam1-005-000625-0,7481337.828985478,321714.6981977236,440.1533508300781,RoanCamp,2020-12-04,2020-12-04 11:36:11.978,11:36:11,50.60569294444444,28.087959394444447
4136,466573.98,cam1-005-000626-0,7481310.186076453,321712.76417417766,439.9206848144531,RoanCamp,2020-12-04,2020-12-04 11:36:13.980,11:36:13,50.60330166666669,28.08862116666666
4137,466576.65,cam1-005-000627-0,7481275.379284168,321710.6119653191,439.63128662109375,RoanCamp,2020-12-04,2020-12-04 11:36:16.650,11:36:16,50.60011249999997,28.089503750000006
4138,466577.984,cam1-005-000628-0,7481259.541682633,321709.5785613628,439.5718078613281,RoanCamp,2020-12-04,2020-12-04 11:36:17.984,11:36:17,50.598519111111116,28.08994471111111
4139,466579.986,cam1-005-000629-0,7481237.581353245,321708.0922602593,439.3449401855469,RoanCamp,2020-12-04,2020-12-04 11:36:19.986,11:36:19,50.59612783333336,28.090606483333325
4140,466581.988,cam1-005-000630-0,7481213.521134758,321706.6385693017,439.05438232421875,RoanCamp,2020-12-04,2020-12-04 11:36:21.988,11:36:21,50.593736555555544,28.09126825555556
4141,466583.99,cam1-005-000631-0,7481188.901894759,321705.20435903844,438.939697265625,RoanCamp,2020-12-04,2020-12-04 11:36:23.990,11:36:23,50.59134527777779,28.091930027777774
4142,466586.393,cam1-005-000632-0,7481164.0682616215,321703.44039066555,438.7842102050781,RoanCamp,2020-12-04,2020-12-04 11:36:26.393,11:36:26,50.5884750277778,28.092724352777772
