,,,Temperature,Temperature,Temperature,Temperature,Temperature,Temperature,Temperature,Temperature,Height,Height,Height,Height,Height,Height,Height,Height,Elevation,Elevation,Elevation,Elevation,Elevation,Elevation,Elevation,Elevation,CanopyDensity,CanopyDensity,CanopyDensity,CanopyDensity,CanopyDensity,CanopyDensity,CanopyDensity,CanopyDensity,PAI,PAI,PAI,PAI,PAI,PAI,PAI,PAI,CanopyDensityPercent,CanopyDensityPercent,CanopyDensityPercent,CanopyDensityPercent,CanopyDensityPercent,CanopyDensityPercent,CanopyDensityPercent,CanopyDensityPercent,Northing_uav,Northing_uav,Northing_uav,Northing_uav,Northing_uav,Northing_uav,Northing_uav,Northing_uav,Easting_uav,Easting_uav,Easting_uav,Easting_uav,Easting_uav,Easting_uav,Easting_uav,Easting_uav,Altitude,Altitude,Altitude,Altitude,Altitude,Altitude,Altitude,Altitude,AirTemp,AirTemp,AirTemp,AirTemp,AirTemp,AirTemp,AirTemp,AirTemp,RH,RH,RH,RH,RH,RH,RH,RH,STRD,STRD,STRD,STRD,STRD,STRD,STRD,STRD,Distance,Distance,Distance,Distance,Distance,Distance,Distance,Distance,phi,phi,phi,phi,phi,phi,phi,phi,tau,tau,tau,tau,tau,tau,tau,tau,eVeg,eVeg,eVeg,eVeg,eVeg,eVeg,eVeg,eVeg,Temperature_eVeg,Temperature_eVeg,Temperature_eVeg,Temperature_eVeg,Temperature_eVeg,Temperature_eVeg,Temperature_eVeg,Temperature_eVeg
,,,count,mean,std,min,25%,50%,75%,max,count,mean,std,min,25%,50%,75%,max,count,mean,std,min,25%,50%,75%,max,count,mean,std,min,25%,50%,75%,max,count,mean,std,min,25%,50%,75%,max,count,mean,std,min,25%,50%,75%,max,count,mean,std,min,25%,50%,75%,max,count,mean,std,min,25%,50%,75%,max,count,mean,std,min,25%,50%,75%,max,count,mean,std,min,25%,50%,75%,max,count,mean,std,min,25%,50%,75%,max,count,mean,std,min,25%,50%,75%,max,count,mean,std,min,25%,50%,75%,max,count,mean,std,min,25%,50%,75%,max,count,mean,std,min,25%,50%,75%,max,count,mean,std,min,25%,50%,75%,max,count,mean,std,min,25%,50%,75%,max
imgf,Topo,Exclosure,,,,,,,,,,,,,,,,,,,,,,,,,,,,,,,,,,,,,,,,,,,,,,,,,,,,,,,,,,,,,,,,,,,,,,,,,,,,,,,,,,,,,,,,,,,,,,,,,,,,,,,,,,,,,,,,,,,,,,,,,,,,,,,,,,,,,,,,
cam1-000-000098-0.tif,Upland,Inside,387690.0,35.46232223510742,1.1077567338943481,32.329986572265625,34.649993896484375,35.489990234375,36.170013427734375,41.089996337890625,387690.0,1.3956105709075928,2.2094674110412598,0.0,0.1589999943971634,0.2849999964237213,1.4299999475479126,9.347000122070312,387690.0,392226.1875,123.47933959960938,391914.0,392133.0,392219.0,392312.0,392743.0,387690.0,0.6655840808102087,0.22899207929405205,0.0,0.5348837209302325,0.7051282051282052,0.8404255319148937,1.0,387690.0,0.27991854945971806,0.4886095032736988,0.0,0.0,0.0,0.38961319709391207,3.4215808133887755,387690.0,66.55840808102084,22.899207929405208,0.0,53.48837209302325,70.51282051282051,84.04255319148936,100.0,387690.0,7479251.4981093025,9.31323775735415e-10,7479251.498109303,7479251.498109303,7479251.498109303,7479251.498109303,7479251.498109303,387690.0,320438.4663870017,2.9103867991731717e-10,320438.4663870014,320438.4663870014,320438.4663870014,320438.4663870014,320438.4663870014,387690.0,500.1976623535156,0.0,500.1976623535156,500.1976623535156,500.1976623535156,500.1976623535156,500.1976623535156,387690.0,28.45524456666672,2.842174608567551e-14,28.455244566666693,28.455244566666693,28.455244566666693,28.455244566666693,28.455244566666693,387690.0,60.61197291666664,2.842174608567551e-14,60.61197291666661,60.61197291666661,60.61197291666661,60.61197291666661,60.61197291666661,387690.0,1555747.3430249991,2.3283094393385377e-10,1555747.3430249994,1555747.3430249994,1555747.3430249994,1555747.3430249994,1555747.3430249994,387690.0,100.0,0.0,100.0,100.0,100.0,100.0,100.0,387690.0,3963.430644389784,60.82770469389506,3793.757729461095,3918.754075323871,3964.651651094398,4002.057882698798,4279.351957133908,387690.0,0.990782714019993,3.330673369415098e-16,0.9907827140199933,0.9907827140199933,0.9907827140199933,0.9907827140199933,0.9907827140199933,387690.0,0.9609288348938588,0.011701188149182565,0.91,0.96,0.96,0.97,0.97,387690.0,38.737368465772164,1.5893547902215515,34.92642978974794,37.65119366509367,38.738454225981116,39.555562079309254,48.241234039757444
cam1-000-000098-0.tif,Upland,Outside,970735.0,38.00629425048828,1.5980737209320068,33.04998779296875,37.04998779296875,38.010009765625,39.010009765625,42.970001220703125,970735.0,0.23018774390220642,0.6158836483955383,0.0,0.019999999552965164,0.04399999976158142,0.07999999821186066,6.427000045776367,970735.0,391842.34375,338.2808532714844,391139.0,391598.0,391786.0,392068.0,392722.0,970735.0,0.18793189810605565,0.23544542627845277,0.0,0.0,0.0967741935483871,0.2835820895522388,1.0,970735.0,0.10193561016782694,0.339649338360191,0.0,0.0,0.0,0.0,5.99146454710798,970735.0,18.793189810605558,23.54454262784527,0.0,0.0,9.67741935483871,28.35820895522388,100.0,970735.0,7479251.498109314,1.024455359747103e-08,7479251.498109303,7479251.498109303,7479251.498109303,7479251.498109303,7479251.498109303,970735.0,320438.46638700116,2.32830763578887e-10,320438.4663870014,320438.4663870014,320438.4663870014,320438.4663870014,320438.4663870014,970735.0,500.1976623535156,0.0,500.1976623535156,500.1976623535156,500.1976623535156,500.1976623535156,500.1976623535156,970735.0,28.455244566666774,8.171245670035403e-14,28.455244566666693,28.455244566666693,28.455244566666693,28.455244566666693,28.455244566666693,970735.0,60.61197291666665,4.263258610453254e-14,60.61197291666661,60.61197291666661,60.61197291666661,60.61197291666661,60.61197291666661,970735.0,1555747.3430249991,2.32830763578887e-10,1555747.3430249994,1555747.3430249994,1555747.3430249994,1555747.3430249994,1555747.3430249994,970735.0,100.0,0.0,100.0,100.0,100.0,100.0,100.0,970735.0,4104.800671670477,89.52116941600067,3832.2717350187045,4050.794516702438,4104.391395596838,4160.6940132985565,4388.40248092563,970735.0,0.990782714019996,2.6645366315332836e-15,0.9907827140199933,0.9907827140199933,0.9907827140199933,0.9907827140199933,0.9907827140199933,970735.0,0.9330286844504423,0.026116538471325345,0.91,0.91,0.91,0.96,0.97,970735.0,43.35759634426601,2.9702903025667773,35.65841655493449,40.98560668284563,43.968666860460814,45.6888238383803,50.208315543606716
cam1-000-000108-0.tif,Upland,Inside,702435.0,35.742919921875,1.2207984924316406,32.45001220703125,34.850006103515625,35.80999755859375,36.57000732421875,40.850006103515625,702435.0,1.1885958909988403,1.9919230937957764,0.0,0.12300000339746475,0.2529999911785126,1.50600004196167,11.772000312805176,702435.0,392078.6875,159.50204467773438,391540.0,391957.0,392090.0,392207.0,392966.0,702435.0,0.5831607354783154,0.24281528717536816,0.0,0.40625,0.6159420289855072,0.775,1.0,702435.0,0.31488663052237464,0.5214798475039476,0.0,0.0,0.0,0.5092605762272263,3.807431662888466,702435.0,58.31607354783154,24.281528717536816,0.0,40.625,61.59420289855072,77.5,100.0,702435.0,7479270.829254163,1.1175878850486803e-08,7479270.829254175,7479270.829254175,7479270.829254175,7479270.829254175,7479270.829254175,702435.0,320603.1635652325,1.746231070388563e-10,320603.1635652323,320603.1635652323,320603.1635652323,320603.1635652323,320603.1635652323,702435.0,499.8056640625,0.0,499.8056640625,499.8056640625,499.8056640625,499.8056640625,499.8056640625,702435.0,28.475113433333274,3.197444586893121e-14,28.475113433333306,28.475113433333306,28.475113433333306,28.475113433333306,28.475113433333306,702435.0,60.56915208333339,0.0,60.56915208333339,60.56915208333339,60.56915208333339,60.56915208333339,60.56915208333339,702435.0,1556356.5145694169,2.3283080938514176e-10,1556356.514569417,1556356.514569417,1556356.514569417,1556356.514569417,1556356.514569417,702435.0,100.0,0.0,100.0,100.0,100.0,100.0,100.0,702435.0,3978.8991001228337,67.11772812618214,3800.1607259902353,3929.6518778832,3982.226559078482,4024.1648178724217,4265.554312050371,702435.0,0.9907836242708136,3.330671444680334e-16,0.9907836242708132,0.9907836242708132,0.9907836242708132,0.9907836242708132,0.9907836242708132,702435.0,0.9603693580188915,0.013446115089667733,0.91,0.96,0.96,0.97,0.97,702435.0,39.064682763829246,1.7597381538549266,35.04829044134681,37.81371955881508,39.074538256813014,39.963939191603856,47.780565038901045
cam1-000-000108-0.tif,Upland,Outside,974660.0,37.92654800415039,1.3460732698440552,32.970001220703125,37.170013427734375,38.010009765625,38.80999755859375,42.209991455078125,974660.0,0.22691817581653595,0.6302422881126404,0.0,0.03200000151991844,0.052000001072883606,0.08399999886751175,6.361000061035156,974660.0,391286.96875,268.55950927734375,390533.0,391111.0,391298.0,391493.0,392123.0,974660.0,0.19591781015748935,0.21493860813235893,0.0,0.030303030303030304,0.12,0.2948717948717949,1.0,974660.0,0.08221568423359736,0.296399626034194,0.0,0.0,0.0,0.0,4.523526196947582,974660.0,19.591781015748932,21.493860813235894,0.0,3.0303030303030303,12.0,29.48717948717949,100.0,974660.0,7479270.82925416,1.4901168838140365e-08,7479270.829254175,7479270.829254175,7479270.829254175,7479270.829254175,7479270.829254175,974660.0,320603.16356523277,4.656615261918864e-10,320603.1635652323,320603.1635652323,320603.1635652323,320603.1635652323,320603.1635652323,974660.0,499.8056640625,0.0,499.8056640625,499.8056640625,499.8056640625,499.8056640625,499.8056640625,974660.0,28.47511343333327,3.552715501341906e-14,28.475113433333306,28.475113433333306,28.475113433333306,28.475113433333306,28.475113433333306,974660.0,60.56915208333339,0.0,60.56915208333339,60.56915208333339,60.56915208333339,60.56915208333339,60.56915208333339,974660.0,1556356.5145694206,3.4924614464391477e-09,1556356.514569417,1556356.514569417,1556356.514569417,1556356.514569417,1556356.514569417,974660.0,100.0,0.0,100.0,100.0,100.0,100.0,100.0,974660.0,4100.152376466865,75.25182495328747,3827.980780963926,4057.4710370153216,4104.391395596838,4149.394115366126,4344.111817107354,974660.0,0.9907836242708149,1.6653353912540187e-15,0.9907836242708132,0.9907836242708132,0.9907836242708132,0.9907836242708132,0.9907836242708132,974660.0,0.9367725155438821,0.025948586392635913,0.91,0.91,0.96,0.96,0.97,974660.0,43.00017601213525,2.6681907910153533,35.57693625629872,40.9037098780139,42.90595720032735,45.311962115348706,49.119743210213244
cam1-000-000117-0.tif,Upland,Inside,623315.0,36.23810577392578,1.462691307067871,31.970001220703125,35.209991455078125,36.410003662109375,37.290008544921875,42.290008544921875,623315.0,1.2743513584136963,2.2847890853881836,0.0,0.09200000017881393,0.17000000178813934,1.215999960899353,11.625,623315.0,391438.46875,282.9600830078125,390745.0,391223.0,391433.0,391648.0,392584.0,623315.0,0.4904750083636194,0.23945584339950812,0.0,0.30158730158730157,0.49557522123893805,0.6790123456790123,1.0,623315.0,0.28554740468426665,0.5079022920063232,0.0,0.0,0.0,0.38728767402080483,5.610203137672608,623315.0,49.04750083636191,23.945584339950816,0.0,30.158730158730158,49.557522123893804,67.90123456790123,100.0,623315.0,7479287.062182015,1.8626466433770876e-09,7479287.062182013,7479287.062182013,7479287.062182013,7479287.062182013,7479287.062182013,623315.0,320746.42939396197,1.1641541521106797e-10,320746.42939396185,320746.42939396185,320746.42939396185,320746.42939396185,320746.42939396185,623315.0,499.7035827636719,0.0,499.7035827636719,499.7035827636719,499.7035827636719,499.7035827636719,499.7035827636719,623315.0,28.49253083333336,1.065814958597424e-14,28.492530833333348,28.492530833333348,28.492530833333348,28.492530833333348,28.492530833333348,623315.0,60.53161458333337,6.394889751584543e-14,60.53161458333331,60.53161458333331,60.53161458333331,60.53161458333331,60.53161458333331,623315.0,1556890.5251214947,1.3969849825328156e-09,1556890.5251214933,1556890.5251214933,1556890.5251214933,1556890.5251214933,1556890.5251214933,623315.0,100.0,0.0,100.0,100.0,100.0,100.0,100.0,623315.0,4006.3331051124205,80.65080898850255,3774.5952822148165,3949.314598485665,4015.3124293887645,4064.152820136436,4348.76176236364,623315.0,0.9907844210541878,8.8817913216452e-16,0.9907844210541887,0.9907844210541887,0.9907844210541887,0.9907844210541887,0.9907844210541887,623315.0,0.9589067325509575,0.015259519412688846,0.91,0.96,0.96,0.97,0.97,623315.0,39.6745583481869,2.055445095626667,34.56015839498838,38.26093340034828,39.75950208444311,40.78096830551709,49.496137831486294
cam1-000-000117-0.tif,Upland,Outside,1005375.0,38.45463943481445,1.5646589994430542,33.170013427734375,37.529998779296875,38.45001220703125,39.529998779296875,42.889984130859375,1005375.0,0.1879553645849228,0.523073136806488,0.0,0.024000000208616257,0.04100000113248825,0.06599999964237213,5.703000068664551,1005375.0,390600.25,344.7234191894531,389745.0,390343.0,390621.0,390845.0,391597.0,1005375.0,0.13515863805872746,0.2010056840692431,0.0,0.0,0.05,0.175,1.0,1005375.0,0.07855737791759794,0.2903263745523114,0.0,0.0,0.0,0.0,4.1588830833596715,1005375.0,13.515863805872744,20.10056840692431,0.0,0.0,5.0,17.5,100.0,1005375.0,7479287.062182034,2.1420429869113955e-08,7479287.062182013,7479287.062182013,7479287.062182013,7479287.062182013,7479287.062182013,1005375.0,320746.42939396197,1.1641537972344542e-10,320746.42939396185,320746.42939396185,320746.42939396185,320746.42939396185,320746.42939396185,1005375.0,499.7035827636719,0.0,499.7035827636719,499.7035827636719,499.7035827636719,499.7035827636719,499.7035827636719,1005375.0,28.49253083333328,6.750159346757394e-14,28.492530833333348,28.492530833333348,28.492530833333348,28.492530833333348,28.492530833333348,1005375.0,60.53161458333326,4.9738016239265004e-14,60.53161458333331,60.53161458333331,60.53161458333331,60.53161458333331,60.53161458333331,1005375.0,1556890.5251214905,2.7939691133626898e-09,1556890.5251214933,1556890.5251214933,1556890.5251214933,1556890.5251214933,1556890.5251214933,1005375.0,100.0,0.0,100.0,100.0,100.0,100.0,100.0,1005375.0,4129.957324373115,87.87640463104276,3838.7164122151653,4077.5372660510066,4129.10511147954,4190.161869067513,4383.72620357523,1005375.0,0.9907844210541875,1.221245934446239e-15,0.9907844210541887,0.9907844210541887,0.9907844210541887,0.9907844210541887,0.9907844210541887,1005375.0,0.9298060425214475,0.025462384738143506,0.91,0.91,0.91,0.96,0.97,1005375.0,44.054711088562506,2.9250127220498423,35.780140828210904,41.598170947204494,44.76778701089722,46.35760345132536,50.12394337739374
cam1-000-000127-0.tif,Upland,Inside,642115.0,36.2718620300293,1.6355279684066772,32.25,35.089996337890625,36.3699951171875,37.410003662109375,42.489990234375,642115.0,1.4835749864578247,2.7635035514831543,0.0,0.0860000029206276,0.16300000250339508,1.0700000524520874,12.621000289916992,642115.0,390489.6875,450.661376953125,389431.0,390154.0,390571.0,390855.0,391604.0,642115.0,0.4726724245235605,0.25104431058742943,0.0,0.2708333333333333,0.48333333333333334,0.6744186046511628,1.0,642115.0,0.29770306353375475,0.5147155097990197,0.0,0.0,0.0,0.4373784019296589,4.1588830833596715,642115.0,47.26724245235604,25.104431058742946,0.0,27.083333333333332,48.333333333333336,67.44186046511628,100.0,642115.0,7479305.105087863,1.1175879597786362e-08,7479305.105087852,7479305.105087852,7479305.105087852,7479305.105087852,7479305.105087852,642115.0,320900.26774209493,4.656616499077652e-10,320900.2677420954,320900.2677420954,320900.2677420954,320900.2677420954,320900.2677420954,642115.0,500.8915100097656,0.0,500.8915100097656,500.8915100097656,500.8915100097656,500.8915100097656,500.8915100097656,642115.0,28.511237766666707,1.7763582226095778e-14,28.51123776666669,28.51123776666669,28.51123776666669,28.51123776666669,28.51123776666669,642115.0,60.49129791666657,4.263259734262986e-14,60.49129791666661,60.49129791666661,60.49129791666661,60.49129791666661,60.49129791666661,642115.0,1557464.0722523483,9.313232998155303e-10,1557464.0722523492,1557464.0722523492,1557464.0722523492,1557464.0722523492,1557464.0722523492,642115.0,100.0,0.0,100.0,100.0,100.0,100.0,100.0,642115.0,4008.3257405751315,90.30054103021338,3789.4945502564583,3942.753405001696,4013.100843506271,4070.8415630487843,4360.396627498772,642115.0,0.9907852756215614,7.771567223916902e-16,0.9907852756215606,0.9907852756215606,0.9907852756215606,0.9907852756215606,0.9907852756215606,642115.0,0.9576912235347254,0.01724088781829985,0.91,0.96,0.96,0.97,0.97,642115.0,39.79773114321387,2.352179518057792,34.96664940664931,38.13877379789494,39.72501250288269,41.02594008013642,49.57951004056429
cam1-000-000127-0.tif,Upland,Outside,1042520.0,38.16636657714844,1.5747312307357788,32.92999267578125,37.1300048828125,38.1300048828125,39.329986572265625,42.769989013671875,1042520.0,0.14448104798793793,0.47168847918510437,0.0,0.024000000208616257,0.03999999910593033,0.06700000166893005,7.738999843597412,1042520.0,389638.15625,529.566162109375,388139.0,389254.0,389740.0,390074.0,390823.0,1042520.0,0.15010693756205415,0.21665229242143796,0.0,0.0,0.05357142857142857,0.2073170731707317,1.0,1042520.0,0.046533174228908104,0.233168129076723,0.0,0.0,0.0,0.0,4.332905837338931,1042520.0,15.010693756205407,21.6652292421438,0.0,0.0,5.357142857142857,20.73170731707317,100.0,1042520.0,7479305.105087868,1.5832491361840316e-08,7479305.105087852,7479305.105087852,7479305.105087852,7479305.105087852,7479305.105087852,1042520.0,320900.26774209505,3.492461329817717e-10,320900.2677420954,320900.2677420954,320900.2677420954,320900.2677420954,320900.2677420954,1042520.0,500.8915100097656,0.0,500.8915100097656,500.8915100097656,500.8915100097656,500.8915100097656,500.8915100097656,1042520.0,28.511237766666785,9.592331533312821e-14,28.51123776666669,28.51123776666669,28.51123776666669,28.51123776666669,28.51123776666669,1042520.0,60.49129791666656,4.973801535791833e-14,60.49129791666661,60.49129791666661,60.49129791666661,60.49129791666661,60.49129791666661,1042520.0,1557464.072252353,3.725292085138898e-09,1557464.0722523492,1557464.0722523492,1557464.0722523492,1557464.0722523492,1557464.0722523492,1042520.0,100.0,0.0,100.0,100.0,100.0,100.0,100.0,1042520.0,4113.762491259027,88.27804110271961,3825.835643272638,4055.244756589744,4111.121905122773,4178.811670258596,4376.719378682017,1042520.0,0.9907852756215616,9.992012013867521e-16,0.9907852756215606,0.9907852756215606,0.9907852756215606,0.9907852756215606,0.9907852756215606,1042520.0,0.9291973295476348,0.02490608815642815,0.91,0.91,0.91,0.96,0.97,1042520.0,43.79842270256811,2.8875315310320686,35.53596871864437,41.31196397787795,44.43281997575855,46.106215534080036,49.998057488614336
cam1-000-000138-0.tif,Upland,Inside,620210.0,35.534603118896484,1.8236275911331177,31.649993896484375,34.209991455078125,35.529998779296875,36.80999755859375,42.57000732421875,620210.0,1.7939084768295288,3.127192497253418,0.0,0.07000000029802322,0.16200000047683716,1.2480000257492065,11.928999900817871,620210.0,388992.3125,316.6415100097656,388395.0,388722.0,388956.0,389267.0,389845.0,620210.0,0.45466434400104383,0.29224879985902874,0.0,0.18823529411764706,0.46875,0.7028985507246377,1.0,620210.0,0.28906903045785404,0.506360225585942,0.0,0.0,0.0,0.37700085154017376,4.066239838124319,620210.0,45.466434400104376,29.22487998590288,0.0,18.823529411764707,46.875,70.28985507246377,100.0,620210.0,7479325.8122018995,1.1175879905144058e-08,7479325.812201888,7479325.812201888,7479325.812201888,7479325.812201888,7479325.812201888,620210.0,321075.4294110463,2.328308313571679e-10,321075.42941104656,321075.42941104656,321075.42941104656,321075.42941104656,321075.42941104656,620210.0,500.0189208984375,0.0,500.0189208984375,500.0189208984375,500.0189208984375,500.0189208984375,500.0189208984375,620210.0,28.53265523333333,1.0658149628776605e-14,28.53265523333332,28.53265523333332,28.53265523333332,28.53265523333332,28.53265523333332,620210.0,60.44513958333339,2.842173234340428e-14,60.445139583333365,60.445139583333365,60.445139583333365,60.445139583333365,60.445139583333365,620210.0,1558120.72325644,2.5611391449288467e-09,1558120.7232564425,1558120.7232564425,1558120.7232564425,1558120.7232564425,1558120.7232564425,620210.0,100.0,0.0,100.0,100.0,100.0,100.0,100.0,620210.0,3967.902495410026,100.18822294578693,3757.6133641020733,3894.8482190981945,3966.846228062821,4037.4657501976676,4365.057415226843,620210.0,0.9907862524730495,8.881791357313838e-16,0.9907862524730504,0.9907862524730504,0.9907862524730504,0.9907862524730504,0.9907862524730504,620210.0,0.9547039712355492,0.020668802049060533,0.91,0.96,0.96,0.97,0.97,620210.0,39.25927999675245,2.7638952696206087,34.27518409631466,37.32520246417039,38.94196612154735,40.57901647433704,49.70470066837356
cam1-000-000138-0.tif,Upland,Outside,1070950.0,38.162437438964844,1.5855309963226318,32.089996337890625,37.209991455078125,38.410003662109375,39.329986572265625,42.25,1070950.0,0.13140207529067993,0.41021835803985596,0.0,0.02500000037252903,0.0430000014603138,0.07699999958276749,5.3460001945495605,1070950.0,388279.125,329.2542724609375,387561.0,388063.0,388241.0,388483.0,389222.0,1070950.0,0.17623761805651378,0.231773094794341,0.0,0.0,0.07272727272727272,0.26666666666666666,1.0,1070950.0,0.03468705834893835,0.18701996783905042,0.0,0.0,0.0,0.0,5.416100402204421,1070950.0,17.623761805651384,23.17730947943409,0.0,0.0,7.2727272727272725,26.666666666666668,100.0,1070950.0,7479325.812201882,6.519261065990402e-09,7479325.812201888,7479325.812201888,7479325.812201888,7479325.812201888,7479325.812201888,1070950.0,321075.42941104627,2.910384404460001e-10,321075.42941104656,321075.42941104656,321075.42941104656,321075.42941104656,321075.42941104656,1070950.0,500.0189208984375,0.0,500.0189208984375,500.0189208984375,500.0189208984375,500.0189208984375,500.0189208984375,1070950.0,28.532655233333237,8.171245276193851e-14,28.53265523333332,28.53265523333332,28.53265523333332,28.53265523333332,28.53265523333332,1070950.0,60.44513958333323,1.350031828240723e-13,60.445139583333365,60.445139583333365,60.445139583333365,60.445139583333365,60.445139583333365,1070950.0,1558120.7232564397,2.7939690282816006e-09,1558120.7232564425,1558120.7232564425,1558120.7232564425,1558120.7232564425,1558120.7232564425,1070950.0,100.0,0.0,100.0,100.0,100.0,100.0,100.0,1070950.0,4113.549661297585,88.55609877536047,3780.9758225451023,4059.69639207132,4126.854073627628,4178.811670258596,4346.436402426147,1070950.0,0.9907862524730469,3.552715337475587e-15,0.9907862524730504,0.9907862524730504,0.9907862524730504,0.9907862524730504,0.9907862524730504,1070950.0,0.9312194780335217,0.025252689058200804,0.91,0.91,0.91,0.96,0.97,1070950.0,43.64750712566319,2.925051315546622,34.68182176238747,41.31175953406097,44.348759521924705,46.18953676899122,49.45358362854972
cam1-000-000154-0.tif,Upland,Inside,499385.0,35.039371490478516,1.2718684673309326,31.889984130859375,34.089996337890625,35.1300048828125,35.970001220703125,40.57000732421875,499385.0,2.113720655441284,3.518949508666992,0.0,0.09600000083446503,0.16200000047683716,2.377000093460083,13.39799976348877,499385.0,390352.5625,129.51039123535156,389930.0,390263.0,390358.0,390441.0,391141.0,499385.0,0.5209296531943982,0.23242539205010881,0.0,0.35251798561151076,0.5538461538461539,0.7000000000000001,1.0,499385.0,0.29351973289114874,0.4772538091329796,0.0,0.0,0.0,0.5034321133942155,3.457402666521836,499385.0,52.09296531943983,23.24253920501088,0.0,35.25179856115108,55.38461538461539,70.0,100.0,499385.0,7479355.286691143,6.519264549604737e-09,7479355.28669115,7479355.28669115,7479355.28669115,7479355.28669115,7479355.28669115,499385.0,321329.7016658333,2.3283087677159777e-10,321329.70166583307,321329.70166583307,321329.70166583307,321329.70166583307,321329.70166583307,499385.0,500.4542236328125,0.0,500.4542236328125,500.4542236328125,500.4542236328125,500.4542236328125,500.4542236328125,499385.0,28.56348996666673,3.197445512305267e-14,28.563489966666697,28.563489966666697,28.563489966666697,28.563489966666697,28.563489966666697,499385.0,60.378685416666585,2.1316303415368447e-14,60.378685416666606,60.378685416666606,60.378685416666606,60.378685416666606,60.378685416666606,499385.0,1559066.103908574,4.656617535431955e-10,1559066.1039085744,1559066.1039085744,1559066.1039085744,1559066.1039085744,1559066.1039085744,499385.0,100.0,0.0,100.0,100.0,100.0,100.0,100.0,499385.0,3940.3777734338823,69.46760621839344,3770.3443645761517,3888.344960625321,3944.940252998819,3991.0325635032523,4249.491696219093,499385.0,0.990787655956978,7.771568953519746e-16,0.9907876559569773,0.9907876559569773,0.9907876559569773,0.9907876559569773,0.9907876559569773,499385.0,0.9596004085024582,0.01482465109263328,0.91,0.96,0.96,0.97,0.97,499385.0,38.40062848841944,1.9020491847164012,34.60025607709446,37.04026880663645,38.41056436432109,39.43195587975907,47.69534998515212
cam1-000-000154-0.tif,Upland,Outside,1106035.0,38.112884521484375,1.34369957447052,32.69000244140625,37.209991455078125,38.25,39.170013427734375,41.529998779296875,1106035.0,0.07638734579086304,0.2804660201072693,0.0,0.020999999716877937,0.03400000184774399,0.05400000140070915,5.39900016784668,1106035.0,389657.4375,283.08367919921875,388856.0,389462.0,389733.0,389869.0,390532.0,1106035.0,0.09839942511960212,0.16422645445436432,0.0,0.0,0.023255813953488372,0.125,1.0,1106035.0,0.01964572902051078,0.15480534753006892,0.0,0.0,0.0,0.0,3.757541692435369,1106035.0,9.83994251196021,16.422645445436427,0.0,0.0,2.3255813953488373,12.5,100.0,1106035.0,7479355.286691164,1.396984493451519e-08,7479355.28669115,7479355.28669115,7479355.28669115,7479355.28669115,7479355.28669115,1106035.0,321329.7016658334,3.492461233628797e-10,321329.70166583307,321329.70166583307,321329.70166583307,321329.70166583307,321329.70166583307,1106035.0,500.4542236328125,0.0,500.4542236328125,500.4542236328125,500.4542236328125,500.4542236328125,500.4542236328125,1106035.0,28.56348996666666,3.907986813346026e-14,28.563489966666697,28.563489966666697,28.563489966666697,28.563489966666697,28.563489966666697,1106035.0,60.378685416666535,7.105430569720047e-14,60.378685416666606,60.378685416666606,60.378685416666606,60.378685416666606,60.378685416666606,1106035.0,1559066.103908571,3.4924612336287976e-09,1559066.1039085744,1559066.1039085744,1559066.1039085744,1559066.1039085744,1559066.1039085744,1106035.0,100.0,0.0,100.0,100.0,100.0,100.0,100.0,1106035.0,4110.597465794043,75.17861438056828,3812.9842956824655,4059.69639207132,4117.859376425129,4169.747516022463,4304.721193532294,1106035.0,0.9907876559569784,1.1102235265187573e-15,0.9907876559569773,0.9907876559569773,0.9907876559569773,0.9907876559569773,0.9907876559569773,1106035.0,0.9244005840683165,0.022904227850648547,0.91,0.91,0.91,0.96,0.97,1106035.0,44.0869214152681,2.5327258515632076,35.291558966123944,42.21043798171513,44.808376151987545,46.10529945145191,48.699707252081225
cam1-000-000169-0.tif,Upland,Inside,537560.0,34.97079849243164,1.3964415788650513,31.850006103515625,33.889984130859375,35.010009765625,35.92999267578125,40.3699951171875,537560.0,1.5801036357879639,2.7888007164001465,0.0,0.09200000017881393,0.16200000047683716,1.7660000324249268,14.020000457763672,537560.0,390388.4375,129.08901977539062,390021.0,390305.0,390402.0,390484.0,390821.0,537560.0,0.48985009995051126,0.24156517135515929,0.0,0.3076923076923077,0.5230769230769231,0.6777777777777777,1.0,537560.0,0.23728234008383084,0.4263299179176454,0.0,0.0,0.0,0.3247888173280484,4.1039379853036175,537560.0,48.98500999505111,24.156517135515934,0.0,30.76923076923077,52.307692307692314,67.77777777777777,100.0,537560.0,7479383.301968101,7.450587526932563e-09,7479383.301968109,7479383.301968109,7479383.301968109,7479383.301968109,7479383.301968109,537560.0,321567.4898678851,3.4924629032496393e-10,321567.4898678854,321567.4898678854,321567.4898678854,321567.4898678854,321567.4898678854,537560.0,500.85748291015625,0.0,500.85748291015625,500.85748291015625,500.85748291015625,500.85748291015625,500.85748291015625,537560.0,28.592518966666653,1.421086793314469e-14,28.592518966666667,28.592518966666667,28.592518966666667,28.592518966666667,28.592518966666667,537560.0,60.31612291666669,3.552716983286173e-14,60.31612291666666,60.31612291666666,60.31612291666666,60.31612291666666,60.31612291666666,537560.0,1559956.1214953659,6.984925806499279e-10,1559956.1214953652,1559956.1214953652,1559956.1214953652,1559956.1214953652,1559956.1214953652,537560.0,100.0,0.0,100.0,100.0,100.0,100.0,100.0,537560.0,3936.713596201604,76.32858549673811,3768.221683266037,3877.520540542013,3938.383694579672,3988.829482879978,4238.040873412005,537560.0,0.9907889741268506,3.330672171830787e-16,0.990788974126851,0.990788974126851,0.990788974126851,0.990788974126851,0.990788974126851,537560.0,0.9578012686955876,0.01659282364065238,0.91,0.96,0.96,0.97,0.97,537560.0,38.45763597267242,2.1446496366715753,34.43735916153787,36.89871993499656,38.3694214895026,39.47254294893037,47.485602740635215
cam1-000-000169-0.tif,Upland,Outside,1139010.0,37.47100067138672,1.5117088556289673,32.04998779296875,36.45001220703125,37.6099853515625,38.6099853515625,41.769989013671875,1139010.0,0.11122467368841171,0.3949267566204071,0.0,0.020999999716877937,0.035999998450279236,0.057999998331069946,4.763999938964844,1139010.0,389802.1875,216.73428344726562,389173.0,389632.0,389794.0,389981.0,390460.0,1139010.0,0.11056703959851502,0.17563303548685505,0.0,0.0,0.034482758620689655,0.14285714285714285,1.0,1139010.0,0.034945539098518816,0.20405796484250954,0.0,0.0,0.0,0.0,4.969813299576,1139010.0,11.056703959851507,17.563303548685504,0.0,0.0,3.4482758620689653,14.285714285714285,100.0,1139010.0,7479383.3019681,9.313229834455976e-09,7479383.301968109,7479383.301968109,7479383.301968109,7479383.301968109,7479383.301968109,1139010.0,321567.4898678858,3.4924611879209906e-10,321567.4898678854,321567.4898678854,321567.4898678854,321567.4898678854,321567.4898678854,1139010.0,500.85748291015625,0.0,500.85748291015625,500.85748291015625,500.85748291015625,500.85748291015625,500.85748291015625,1139010.0,28.592518966666734,6.750158952890912e-14,28.592518966666667,28.592518966666667,28.592518966666667,28.592518966666667,28.592518966666667,1139010.0,60.316122916666494,1.6342490096472736e-13,60.31612291666666,60.31612291666666,60.31612291666666,60.31612291666666,60.31612291666666,1139010.0,1559956.1214953659,6.984922375841981e-10,1559956.1214953652,1559956.1214953652,1559956.1214953652,1559956.1214953652,1559956.1214953652,1139010.0,100.0,0.0,100.0,100.0,100.0,100.0,100.0,1139010.0,4074.7970104413453,84.09292474733577,3778.847663465793,4017.5247887141973,4082.0043666010315,4138.113563601704,4318.597801367778,1139010.0,0.9907889741268534,2.442491726375001e-15,0.990788974126851,0.990788974126851,0.990788974126851,0.990788974126851,0.990788974126851,1139010.0,0.9264463876524349,0.023942740433443084,0.91,0.91,0.91,0.96,0.97,1139010.0,43.273904389745226,2.755065206988815,34.68133687042689,41.106902736811435,44.01304377887709,45.51905801666254,48.950304185114135
cam1-000-000179-0.tif,Upland,Inside,550520.0,35.128684997558594,1.310786485671997,32.25,34.089996337890625,35.04998779296875,35.970001220703125,40.529998779296875,550520.0,1.6528831720352173,2.092184066772461,0.0,0.11599999666213989,0.25999999046325684,3.114000082015991,11.008999824523926,550520.0,389890.0625,211.78079223632812,389375.0,389731.0,389906.0,390050.0,390506.0,550520.0,0.5288029694776404,0.22929538913494404,0.0,0.375,0.5649950332153723,0.6965036411784178,1.0,550520.0,0.4054159842797322,0.5360268802185832,0.0,0.0,0.035063121827888705,0.8091048989407751,6.059267650459343,550520.0,52.880296947764045,22.929538913494408,0.0,37.5,56.499503321537226,69.65036411784178,100.0,550520.0,7479402.50427748,4.656617102368987e-09,7479402.5042774845,7479402.5042774845,7479402.5042774845,7479402.5042774845,7479402.5042774845,550520.0,321731.4733843137,2.910385688980617e-10,321731.473384314,321731.473384314,321731.473384314,321731.473384314,321731.473384314,550520.0,501.46282958984375,0.0,501.46282958984375,501.46282958984375,501.46282958984375,501.46282958984375,501.46282958984375,550520.0,28.60804497222221,1.421086762197567e-14,28.608044972222224,28.608044972222224,28.608044972222224,28.608044972222224,28.608044972222224,550520.0,60.273658055555615,6.39489042988905e-14,60.27365805555555,60.27365805555555,60.27365805555555,60.27365805555555,60.27365805555555,550520.0,1560174.1498578354,2.3283085511844934e-09,1560174.1498578377,1560174.1498578377,1560174.1498578377,1560174.1498578377,1560174.1498578377,550520.0,100.0,0.0,100.0,100.0,100.0,100.0,100.0,550520.0,3945.2827046718203,71.86495744023661,3789.4945502564583,3888.344960625321,3940.5673299993796,3991.0325635032523,4247.199633723314,550520.0,0.9907893292017939,1.3322688395602188e-15,0.9907893292017925,0.9907893292017925,0.9907893292017925,0.9907893292017925,0.9907893292017925,550520.0,0.9605859914262882,0.015284912700567204,0.91,0.96,0.96,0.97,0.97,550520.0,38.42558143087372,2.0068039670262445,34.843940719557565,36.87729553597751,38.24679267487949,39.390741122249096,47.65286432357607
cam1-000-000179-0.tif,Upland,Outside,1119505.0,37.53374099731445,1.631655216217041,32.04998779296875,36.3699951171875,37.529998779296875,38.850006103515625,41.769989013671875,1119505.0,0.20046915113925934,0.6390676498413086,0.0,0.020999999716877937,0.03700000047683716,0.06599999964237213,5.868000030517578,1119505.0,389294.5,241.93368530273438,388724.0,389155.0,389325.0,389467.0,390204.0,1119505.0,0.13889523572048043,0.20940950000990055,0.0,0.0,0.04,0.18796992481203006,1.0,1119505.0,0.06930548912372081,0.28524680284682685,0.0,0.0,0.0,0.0,7.902487437162851,1119505.0,13.889523572048045,20.940950000990053,0.0,0.0,4.0,18.796992481203006,100.0,1119505.0,7479402.504277474,1.02445528962546e-08,7479402.5042774845,7479402.5042774845,7479402.5042774845,7479402.5042774845,7479402.5042774845,1119505.0,321731.4733843135,4.656614952843e-10,321731.473384314,321731.473384314,321731.473384314,321731.473384314,321731.473384314,1119505.0,501.46282958984375,0.0,501.46282958984375,501.46282958984375,501.46282958984375,501.46282958984375,501.46282958984375,1119505.0,28.608044972222185,3.90798679208931e-14,28.608044972222224,28.608044972222224,28.608044972222224,28.608044972222224,28.608044972222224,1119505.0,60.27365805555562,7.105430531071473e-14,60.27365805555555,60.27365805555555,60.27365805555555,60.27365805555555,60.27365805555555,1119505.0,1560174.14985784,2.3283074764215e-09,1560174.1498578377,1560174.1498578377,1560174.1498578377,1560174.1498578377,1560174.1498578377,1119505.0,100.0,0.0,100.0,100.0,100.0,100.0,100.0,1119505.0,4078.389613662841,90.9058645129569,3778.847663465793,4013.100843506271,4077.5372660510066,4151.652891871336,4318.597801367778,1119505.0,0.9907893292017913,1.2212458725279093e-15,0.9907893292017925,0.9907893292017925,0.9907893292017925,0.9907893292017925,0.9907893292017925,1119505.0,0.9284639639840827,0.02498357005003057,0.91,0.91,0.91,0.96,0.97,1119505.0,43.196177465093,2.9735387391798964,34.64060349542842,40.61649941081686,43.8037847876015,45.6862838045663,48.950178969785156
cam1-000-000191-0.tif,Upland,Inside,399515.0,35.16259765625,1.2211109399795532,31.69000244140625,34.3699951171875,35.329986572265625,36.010009765625,39.529998779296875,399515.0,1.3565053939819336,2.4121549129486084,0.0,0.10100000351667404,0.17000000178813934,1.3940000534057617,12.87399959564209,399515.0,389323.28125,172.5669708251953,388847.0,389211.0,389343.0,389442.0,390036.0,399515.0,0.5211342277277655,0.2288750770395973,0.0,0.35714285714285715,0.5416666666666666,0.693069306930693,1.0,399515.0,0.24294732177331207,0.4601209576847075,0.0,0.0,0.0,0.2581540845502847,3.462753897706613,399515.0,52.11342277277655,22.887507703959734,0.0,35.714285714285715,54.166666666666664,69.3069306930693,100.0,399515.0,7479423.576561767,9.313237401841343e-10,7479423.576561766,7479423.576561766,7479423.576561766,7479423.576561766,7479423.576561766,399515.0,321916.01893096085,1.7462320128452515e-10,321916.018930961,321916.018930961,321916.018930961,321916.018930961,321916.018930961,399515.0,500.7814025878906,0.0,500.7814025878906,500.7814025878906,500.7814025878906,500.7814025878906,500.7814025878906,399515.0,28.622707349999953,3.1974463125828584e-14,28.622707349999985,28.622707349999985,28.622707349999985,28.622707349999985,28.622707349999985,399515.0,60.2256485000001,4.2632617501104774e-14,60.225648500000055,60.225648500000055,60.225648500000055,60.225648500000055,60.225648500000055,399515.0,1560153.487330147,4.656618700920671e-10,1560153.4873301475,1560153.4873301475,1560153.4873301475,1560153.4873301475,1560153.4873301475,399515.0,100.0,0.0,100.0,100.0,100.0,100.0,100.0,399515.0,3947.082199373513,66.65433966453503,3759.7338088744755,3903.530594564489,3955.882745777395,3993.23641742775,4190.161869067513,399515.0,0.9907893567947758,7.771570898638892e-16,0.990789356794775,0.990789356794775,0.990789356794775,0.990789356794775,0.990789356794775,399515.0,0.959091773775703,0.014487404371455645,0.91,0.96,0.96,0.97,0.97,399515.0,38.55985016540637,1.8003969932553148,34.27463991337771,37.38888182483436,38.65533502868465,39.47247452737167,46.60677042251717
cam1-000-000191-0.tif,Upland,Outside,861765.0,36.793052673339844,1.494876503944397,31.769989013671875,35.850006103515625,36.6099853515625,37.80999755859375,41.57000732421875,861765.0,0.18016208708286285,0.5228791832923889,0.0,0.026000000536441803,0.04600000008940697,0.07500000298023224,5.611000061035156,861765.0,388721.5625,280.3273620605469,387876.0,388544.0,388739.0,388925.0,389550.0,861765.0,0.17268518215177014,0.215693929983229,0.0,0.0,0.08928571428571429,0.25,1.0,861765.0,0.07111093965049421,0.2874574187113883,0.0,0.0,0.0,0.0,5.129898714923075,861765.0,17.268518215177014,21.569392998322908,0.0,0.0,8.928571428571429,25.0,100.0,861765.0,7479423.576561776,1.0244554264709294e-08,7479423.576561766,7479423.576561766,7479423.576561766,7479423.576561766,7479423.576561766,861765.0,321916.0189309607,3.492461681150896e-10,321916.018930961,321916.018930961,321916.018930961,321916.018930961,321916.018930961,861765.0,500.7814025878906,0.0,500.7814025878906,500.7814025878906,500.7814025878906,500.7814025878906,500.7814025878906,861765.0,28.622707349999942,4.263258888123652e-14,28.622707349999985,28.622707349999985,28.622707349999985,28.622707349999985,28.622707349999985,861765.0,60.225648500000034,2.131629444061826e-14,60.225648500000055,60.225648500000055,60.225648500000055,60.225648500000055,60.225648500000055,861765.0,1560153.487330148,4.656615574867861e-10,1560153.4873301475,1560153.4873301475,1560153.4873301475,1560153.4873301475,1560153.4873301475,861765.0,100.0,0.0,100.0,100.0,100.0,100.0,100.0,861765.0,4037.065034230919,82.96533236044223,3763.975394095259,3984.427320467747,4026.3785803140368,4093.1882110090737,4307.032613902324,861765.0,0.9907893567947771,2.1094249706861817e-15,0.990789356794775,0.990789356794775,0.990789356794775,0.990789356794775,0.990789356794775,861765.0,0.9329720399412834,0.0257446056453241,0.91,0.91,0.91,0.96,0.97,861765.0,42.102448786018925,2.8360517622689003,34.355954552997105,39.63590692056749,42.59081086398419,44.26393014054139,48.7409473691622
cam1-000-000227-0.tif,Lowland,Inside,586515.0,34.6540412902832,2.454496145248413,30.6099853515625,32.529998779296875,33.970001220703125,36.769989013671875,41.529998779296875,586515.0,2.649482011795044,2.700143337249756,0.0,0.07699999958276749,2.1389999389648438,4.849999904632568,11.329000473022461,586515.0,387498.0,277.8067626953125,386668.0,387299.0,387490.0,387652.0,388522.0,586515.0,0.4863679758857296,0.29613165376746414,0.0,0.20833333333333334,0.5274122807017544,0.7380952380952381,1.0,586515.0,0.7154487537002976,0.7510994505926185,0.0,0.0,0.5443283582760068,1.3236416963761823,8.333452521641394,586515.0,48.63679758857297,29.613165376746412,0.0,20.833333333333336,52.74122807017544,73.80952380952381,100.0,586515.0,7479562.249780759,7.450586948500621e-09,7479562.249780752,7479562.249780752,7479562.249780752,7479562.249780752,7479562.249780752,586515.0,322120.6602171199,2.910385526758055e-10,322120.6602171196,322120.6602171196,322120.6602171196,322120.6602171196,322120.6602171196,586515.0,499.78094482421886,5.684346731949326e-14,499.7809448242188,499.7809448242188,499.7809448242188,499.7809448242188,499.7809448242188,586515.0,28.667952550000056,4.2632600489619947e-14,28.667952550000013,28.667952550000013,28.667952550000013,28.667952550000013,28.667952550000013,586515.0,60.0775005,2.842173365974663e-14,60.07750049999997,60.07750049999997,60.07750049999997,60.07750049999997,60.07750049999997,586515.0,1560089.7268533695,2.0954775792657993e-09,1560089.7268533674,1560089.7268533674,1560089.7268533674,1560089.7268533674,1560089.7268533674,586515.0,100.0,0.0,100.0,100.0,100.0,100.0,100.0,586515.0,3920.4286420084213,134.46224405871587,3702.763747941234,3804.431619675911,3881.848652097992,4035.2464311006775,4304.721193532294,586515.0,0.9907894311921279,9.992015739754674e-16,0.9907894311921289,0.9907894311921289,0.9907894311921289,0.9907894311921289,0.9907894311921289,586515.0,0.9583723348933957,0.02041299152723516,0.91,0.96,0.97,0.97,0.97,586515.0,38.10981302606832,3.4485258369993446,33.1767259836887,35.20992130380904,36.9395187095904,40.61650890124105,48.5735634159696
cam1-000-000227-0.tif,Lowland,Outside,965730.0,34.978946685791016,1.6021009683609009,31.010009765625,34.010009765625,34.69000244140625,35.730010986328125,41.089996337890625,965730.0,0.4720877408981323,0.8340898156166077,0.0,0.07500000298023224,0.17299999296665192,0.3970000147819519,13.248000144958496,965730.0,386846.96875,522.6251831054688,385560.0,386440.0,386676.0,387292.0,388383.0,965730.0,0.5300383946617779,0.30765219262829285,0.0,0.26,0.5675675675675675,0.8,1.0,965730.0,0.19072468249280933,0.48583032906182544,0.0,0.0,0.0,0.05970592629936232,5.579780735239946,965730.0,53.0038394661778,30.765219262829287,0.0,26.0,56.75675675675676,80.0,100.0,965730.0,7479562.249780765,1.3038522795223065e-08,7479562.249780752,7479562.249780752,7479562.249780752,7479562.249780752,7479562.249780752,965730.0,322120.66021712037,7.566999836513386e-10,322120.6602171196,322120.6602171196,322120.6602171196,322120.6602171196,322120.6602171196,965730.0,499.7809448242188,0.0,499.7809448242188,499.7809448242188,499.7809448242188,499.7809448242188,499.7809448242188,965730.0,28.667952549999985,2.842172414555809e-14,28.667952550000013,28.667952550000013,28.667952550000013,28.667952550000013,28.667952550000013,965730.0,60.077500499999836,1.3500318969140092e-13,60.07750049999997,60.07750049999997,60.07750049999997,60.07750049999997,60.07750049999997,965730.0,1560089.72685337,2.5611384062045304e-09,1560089.7268533674,1560089.7268533674,1560089.7268533674,1560089.7268533674,1560089.7268533674,965730.0,100.0,0.0,100.0,100.0,100.0,100.0,100.0,965730.0,3937.3073616334163,87.8981515351791,3723.7991960163204,3884.0138667078318,3920.9324229636813,3977.8290332446095,4279.351957133908,965730.0,0.9907894311921275,1.4432906792666218e-15,0.9907894311921289,0.9907894311921289,0.9907894311921289,0.9907894311921289,0.9907894311921289,965730.0,0.9550694811179107,0.018527597190421876,0.91,0.96,0.96,0.96,0.97,965730.0,38.66036169558966,2.5584913632996025,33.58337430456385,37.1846173849537,38.00168930188863,39.43161639654517,48.2387586818615
cam1-000-000236-0.tif,Lowland,Inside,177730.0,35.07359313964844,2.234844923019409,31.45001220703125,33.1300048828125,34.529998779296875,36.80999755859375,40.92999267578125,177730.0,2.5009894371032715,2.5954220294952393,0.0,0.052000001072883606,1.9169999957084656,4.8480000495910645,10.409000396728516,177730.0,387789.34375,254.56143188476562,387317.0,387577.0,387767.0,387956.0,388718.0,177730.0,0.35095693339994355,0.25778058975873064,0.0,0.09868421052631579,0.3487654320987655,0.571059431524548,0.9743589743589743,177730.0,0.5648886683134238,0.6163317548384163,0.0,0.0,0.31357069411105565,1.1089649747310422,2.9295391000511106,177730.0,35.095693339994355,25.778058975873062,0.0,9.868421052631579,34.87654320987655,57.1059431524548,97.43589743589743,177730.0,7479545.208856641,9.31325194675414e-10,7479545.20885664,7479545.20885664,7479545.20885664,7479545.20885664,7479545.20885664,177730.0,321976.82625292434,1.7462347400164016e-10,321976.8262529245,321976.8262529245,321976.8262529245,321976.8262529245,321976.8262529245,177730.0,499.1999816894531,0.0,499.1999816894531,499.1999816894531,499.1999816894531,499.1999816894531,499.1999816894531,177730.0,28.679263849999987,1.421089469414389e-14,28.67926385,28.67926385,28.67926385,28.67926385,28.67926385,177730.0,60.0404635,0.0,60.0404635,60.0404635,60.0404635,60.0404635,60.0404635,177730.0,1560073.7867341717,6.984938960065606e-10,1560073.7867341724,1560073.7867341724,1560073.7867341724,1560073.7867341724,1560073.7867341724,177730.0,100.0,0.0,100.0,100.0,100.0,100.0,100.0,177730.0,3943.0629730710643,122.77651401344559,3747.0259406710666,3836.567414288243,3912.225328852471,4037.4657501976676,4270.149846129937,177730.0,0.9907894472487997,1.1102261479799915e-16,0.9907894472487998,0.9907894472487998,0.9907894472487998,0.9907894472487998,0.9907894472487998,177730.0,0.9531578799302314,0.024651940178111016,0.91,0.96,0.97,0.97,0.97,177730.0,38.907892853552504,3.436952663015924,34.030673014464014,35.94192173240242,38.0567404751327,41.16890969152877,47.94582811714514
cam1-000-000236-0.tif,Lowland,Outside,141435.0,34.93506622314453,1.4933278560638428,31.45001220703125,34.04998779296875,34.889984130859375,35.889984130859375,39.3699951171875,141435.0,0.5528566837310791,1.128311276435852,0.0,0.06199999898672104,0.10000000149011612,0.20000000298023224,5.798999786376953,141435.0,387851.75,257.0535583496094,387196.0,387673.0,387845.0,388058.0,388600.0,141435.0,0.39223169025266685,0.25559599774096653,0.0,0.17829457364341086,0.37681159420289856,0.5918367346938775,1.0,141435.0,0.17991140743586473,0.4575811134250345,0.0,0.0,0.0,0.0,4.702750514326955,141435.0,39.22316902526669,25.559599774096657,0.0,17.829457364341085,37.68115942028986,59.183673469387756,100.0,141435.0,7479545.208856641,9.313258670378395e-10,7479545.20885664,7479545.20885664,7479545.20885664,7479545.20885664,7479545.20885664,141435.0,321976.82625292434,1.7462360006959492e-10,321976.8262529245,321976.8262529245,321976.8262529245,321976.8262529245,321976.8262529245,141435.0,499.1999816894531,0.0,499.1999816894531,499.1999816894531,499.1999816894531,499.1999816894531,499.1999816894531,141435.0,28.679263849999987,1.4210904953580314e-14,28.67926385,28.67926385,28.67926385,28.67926385,28.67926385,141435.0,60.040463499999994,7.105452476790157e-15,60.0404635,60.0404635,60.0404635,60.0404635,60.0404635,141435.0,1560073.7867341717,6.984944002783797e-10,1560073.7867341724,1560073.7867341724,1560073.7867341724,1560073.7867341724,1560073.7867341724,141435.0,100.0,0.0,100.0,100.0,100.0,100.0,100.0,141435.0,3934.8307242448955,81.52226354270238,3747.0259406710666,3886.178201435556,3931.832424477667,3986.6271755446624,4181.080508258321,141435.0,0.9907894472487994,4.440907797993848e-16,0.9907894472487998,0.9907894472487998,0.9907894472487998,0.9907894472487998,0.9907894472487998,141435.0,0.952911938346237,0.020090934404920643,0.91,0.96,0.96,0.96,0.97,141435.0,38.767763454503864,2.565684550047273,34.030673014464014,37.34803090748278,38.28766764816157,39.75848394372821,46.43943052618539
cam1-000-000236-0.tif,Upland,Inside,311705.0,34.86484146118164,1.422508716583252,31.290008544921875,33.92999267578125,35.010009765625,35.80999755859375,39.970001220703125,311705.0,1.3014432191848755,2.4066600799560547,0.0,0.08399999886751175,0.13600000739097595,0.6899999976158142,11.107000350952148,311705.0,389238.90625,162.45082092285156,388847.0,389128.0,389218.0,389351.0,390203.0,311705.0,0.47437658042733893,0.2509622086014878,0.0,0.2767857142857143,0.4819277108433735,0.6694915254237288,1.0,311705.0,0.2663269780876571,0.5551509159503635,0.0,0.0,0.0,0.1906203596086498,5.928222613825813,311705.0,47.4376580427339,25.096220860148783,0.0,27.67857142857143,48.19277108433735,66.94915254237289,100.0,311705.0,7479545.20885664,0.0,7479545.20885664,7479545.20885664,7479545.20885664,7479545.20885664,7479545.20885664,311705.0,321976.8262529243,2.328310171339291e-10,321976.8262529245,321976.8262529245,321976.8262529245,321976.8262529245,321976.8262529245,311705.0,499.1999816894531,0.0,499.1999816894531,499.1999816894531,499.1999816894531,499.1999816894531,499.1999816894531,311705.0,28.679263849999995,7.105438755307895e-15,28.67926385,28.67926385,28.67926385,28.67926385,28.67926385,311705.0,60.040463499999994,7.105438755307895e-15,60.0404635,60.0404635,60.0404635,60.0404635,60.0404635,311705.0,1560073.7867341714,9.313240685357164e-10,1560073.7867341724,1560073.7867341724,1560073.7867341724,1560073.7867341724,1560073.7867341724,311705.0,100.0,0.0,100.0,100.0,100.0,100.0,100.0,311705.0,3930.949454384119,77.5387778884846,3738.5689115878818,3879.684210048209,3938.383694579672,3982.226559078482,4215.199027568484,311705.0,0.9907894472488002,4.440899222067434e-16,0.9907894472487998,0.9907894472487998,0.9907894472487998,0.9907894472487998,0.9907894472487998,311705.0,0.9574097303540207,0.016621869003459647,0.91,0.96,0.96,0.97,0.97,311705.0,38.37583529115616,2.1419349962148337,33.868015534977985,36.99930495966447,38.3285306755086,39.30905324801506,47.067072600657184
cam1-000-000236-0.tif,Upland,Outside,26130.0,36.52111053466797,1.1358904838562012,32.850006103515625,35.850006103515625,36.529998779296875,37.3699951171875,38.769989013671875,26130.0,0.2008499801158905,0.6525378823280334,0.0,0.024000000208616257,0.04100000113248825,0.0689999982714653,4.706999778747559,26130.0,388887.65625,125.623046875,388559.0,388808.0,388885.0,388969.0,389334.0,26130.0,0.11708975222591696,0.16988821050779077,0.0,0.0,0.047619047619047616,0.15625,1.0,26130.0,0.04936039791751647,0.2167729193835255,0.0,0.0,0.0,0.0,1.918845649609322,26130.0,11.708975222591693,16.988821050779077,0.0,0.0,4.761904761904762,15.625,100.0,26130.0,7479545.208856641,9.31340396071791e-10,7479545.20885664,7479545.20885664,7479545.20885664,7479545.20885664,7479545.20885664,26130.0,321976.8262529244,1.1641754950897387e-10,321976.8262529245,321976.8262529245,321976.8262529245,321976.8262529245,321976.8262529245,26130.0,499.1999816894531,0.0,499.1999816894531,499.1999816894531,499.1999816894531,499.1999816894531,499.1999816894531,26130.0,28.67926384999999,1.0658344986783496e-14,28.67926385,28.67926385,28.67926385,28.67926385,28.67926385,26130.0,60.040463499999994,7.105563324522331e-15,60.0404635,60.0404635,60.0404635,60.0404635,60.0404635,26130.0,1560073.7867341724,0.0,1560073.7867341724,1560073.7867341724,1560073.7867341724,1560073.7867341724,1560073.7867341724,26130.0,100.0,0.0,100.0,100.0,100.0,100.0,100.0,26130.0,4021.770030781669,62.66322617170005,3821.5493189931467,3984.427320467747,4021.95013873339,4068.6106416161792,4147.13611294392,26130.0,0.9907894472487996,2.2204885389132284e-16,0.9907894472487998,0.9907894472487998,0.9907894472487998,0.9907894472487998,0.9907894472487998,26130.0,0.930252583237658,0.025257927723382482,0.91,0.91,0.91,0.96,0.97,26130.0,42.01358205393401,2.485992211157637,35.49458425061039,39.71761763844671,42.84177960103773,44.0966320914352,45.81182973311172
cam1-000-000247-0.tif,Upland,Inside,1535435.0,34.636051177978516,1.3651067018508911,31.089996337890625,33.769989013671875,34.69000244140625,35.45001220703125,40.69000244140625,1535435.0,1.2259875535964966,2.052582025527954,0.0,0.09700000286102295,0.16599999368190765,1.6109999418258667,12.843000411987305,1535435.0,389710.96875,239.68771362304688,389116.0,389535.0,389694.0,389886.0,392090.0,1535435.0,0.4983819875393118,0.23420344104803023,0.0,0.3269230769230769,0.5212765957446809,0.6767676767676768,1.0,1535435.0,0.24969603644759727,0.46452705749133855,0.0,0.0,0.0,0.3062276643628203,7.245349507538766,1535435.0,49.838198753931174,23.42034410480302,0.0,32.69230769230769,52.12765957446809,67.67676767676768,100.0,1535435.0,7479524.257154467,1.3038520290489176e-08,7479524.25715448,7479524.25715448,7479524.25715448,7479524.25715448,7479524.25715448,1535435.0,321797.2331802617,8.149075181555735e-10,321797.23318026087,321797.23318026087,321797.23318026087,321797.23318026087,321797.23318026087,1535435.0,500.0406188964844,0.0,500.0406188964844,500.0406188964844,500.0406188964844,500.0406188964844,500.0406188964844,1535435.0,28.693423377777716,5.684343737134302e-14,28.693423377777773,28.693423377777773,28.693423377777773,28.693423377777773,28.693423377777773,1535435.0,59.99410044444447,1.4210859342835756e-14,59.994100444444456,59.994100444444456,59.994100444444456,59.994100444444456,59.994100444444456,1535435.0,1560053.832833165,5.122275828406462e-09,1560053.83283316,1560053.83283316,1560053.83283316,1560053.83283316,1560053.83283316,1535435.0,100.0,0.0,100.0,100.0,100.0,100.0,100.0,1535435.0,3918.4456977143527,74.38873416737049,3728.0145707624683,3871.035815453463,3920.9324229636813,3962.4595203512627,4256.3707798060095,1535435.0,0.9907894659119424,4.5519158832520775e-15,0.9907894659119378,0.9907894659119378,0.9907894659119378,0.9907894659119378,0.9907894659119378,1535435.0,0.9586504150289659,0.015382817355647765,0.91,0.96,0.96,0.97,0.97,1535435.0,38.05478479260691,2.044863697004519,33.66468952553038,36.795979990617184,37.97538241575921,38.90050093586234,47.82029879188502
cam1-000-000247-0.tif,Upland,Outside,159350.0,36.98483657836914,1.3993034362792969,32.170013427734375,36.1300048828125,37.209991455078125,38.010009765625,40.010009765625,159350.0,0.1566164344549179,0.5044304132461548,0.0,0.02199999988079071,0.03500000014901161,0.057999998331069946,4.486999988555908,159350.0,389193.5,166.15130615234375,388793.0,389065.0,389163.0,389308.0,389717.0,159350.0,0.0967361873824683,0.16930027525355018,0.0,0.0,0.023255813953488372,0.1111111111111111,1.0,159350.0,0.05984434842246118,0.26521666573492675,0.0,0.0,0.0,0.0,2.609609800665755,159350.0,9.673618738246825,16.93002752535502,0.0,0.0,2.3255813953488373,11.11111111111111,100.0,159350.0,7479524.257154481,9.31325496883938e-10,7479524.25715448,7479524.25715448,7479524.25715448,7479524.25715448,7479524.25715448,159350.0,321797.2331802609,5.820784355524612e-11,321797.23318026087,321797.23318026087,321797.23318026087,321797.23318026087,321797.23318026087,159350.0,500.0406188964844,0.0,500.0406188964844,500.0406188964844,500.0406188964844,500.0406188964844,500.0406188964844,159350.0,28.69342337777777,3.552724826370003e-15,28.693423377777773,28.693423377777773,28.693423377777773,28.693423377777773,28.693423377777773,159350.0,59.99410044444447,1.421089930548001e-14,59.994100444444456,59.994100444444456,59.994100444444456,59.994100444444456,59.994100444444456,159350.0,1560053.83283316,0.0,1560053.83283316,1560053.83283316,1560053.83283316,1560053.83283316,1560053.83283316,159350.0,100.0,0.0,100.0,100.0,100.0,100.0,100.0,159350.0,4047.6466378329396,77.37628401792355,3785.2344558706664,3999.850936027931,4059.69639207132,4104.391395596838,4217.480251331919,159350.0,0.9907894659119378,0.0,0.9907894659119378,0.9907894659119378,0.9907894659119378,0.9907894659119378,0.9907894659119378,159350.0,0.9263401317853784,0.0241838411350474,0.91,0.91,0.91,0.96,0.97,159350.0,42.777685183269156,2.6972093249758875,34.76263336557179,40.708929090992285,43.678348168938726,44.89143527253992,47.108933016774415
cam1-000-000259-0.tif,Upland,Inside,1551625.0,34.769805908203125,1.3419010639190674,31.209991455078125,33.730010986328125,34.769989013671875,35.649993896484375,40.80999755859375,1551625.0,1.5021882057189941,2.1636314392089844,0.0,0.10999999940395355,0.20100000500679016,2.7269999980926514,11.489999771118164,1551625.0,390350.65625,267.2544860839844,389662.0,390168.0,390338.0,390518.0,391453.0,1551625.0,0.516541323321562,0.22738381121844742,0.0,0.35714285714285715,0.5465116279069767,0.6867469879518072,1.0,1551625.0,0.32170936573172426,0.4873263905853088,0.0,0.0,0.0,0.6286490960379878,5.637255706074648,1551625.0,51.65413233215623,22.738381121844743,0.0,35.714285714285715,54.65116279069767,68.67469879518072,100.0,1551625.0,7479503.164484522,2.980233199128406e-08,7479503.164484552,7479503.164484552,7479503.164484552,7479503.164484552,7479503.164484552,1551625.0,321613.73002465774,7.566998357161969e-10,321613.730024657,321613.730024657,321613.730024657,321613.730024657,321613.730024657,1551625.0,499.888671875,0.0,499.888671875,499.888671875,499.888671875,499.888671875,499.888671875,1551625.0,28.7080863833334,5.684343717819989e-14,28.70808638333334,28.70808638333334,28.70808638333334,28.70808638333334,28.70808638333334,1551625.0,59.94608883333356,2.486900376546245e-13,59.94608883333331,59.94608883333331,59.94608883333331,59.94608883333331,59.94608883333331,1551625.0,1560033.169420786,6.5192601230933885e-09,1560033.1694207925,1560033.1694207925,1560033.1694207925,1560033.1694207925,1560033.1694207925,1551625.0,100.0,0.0,100.0,100.0,100.0,100.0,100.0,1551625.0,3925.714522765715,73.23834581768402,3734.344217908738,3868.8768831118045,3925.2897737285466,3973.4329218991056,4263.256829723298,1551625.0,0.9907894835530417,3.885781838353508e-15,0.9907894835530379,0.9907894835530379,0.9907894835530379,0.9907894835530379,0.9907894835530379,1551625.0,0.9601130105534529,0.014633389275189422,0.91,0.96,0.96,0.97,0.97,1551625.0,38.08989417436487,1.9655402557994588,33.78667561665037,36.633303333719255,38.00169715244755,39.063930982787326,47.77845086351908
cam1-000-000259-0.tif,Upland,Outside,162125.0,37.052310943603516,1.2571653127670288,32.6099853515625,36.170013427734375,37.170013427734375,38.04998779296875,39.850006103515625,162125.0,0.1235784962773323,0.4254981577396393,0.0,0.02199999988079071,0.03700000047683716,0.06199999898672104,5.059000015258789,162125.0,389782.5625,235.89468383789062,389345.0,389568.0,389701.0,389997.0,390419.0,162125.0,0.10178402216799905,0.1657752819339567,0.0,0.0,0.027777777777777776,0.12962962962962962,1.0,162125.0,0.038573715208654526,0.21156874941256437,0.0,0.0,0.0,0.0,2.7905013462839228,162125.0,10.178402216799903,16.577528193395672,0.0,0.0,2.7777777777777777,12.962962962962962,100.0,162125.0,7479503.164484548,3.725301787459699e-09,7479503.164484552,7479503.164484552,7479503.164484552,7479503.164484552,7479503.164484552,162125.0,321613.73002465715,1.7462352128717343e-10,321613.730024657,321613.730024657,321613.730024657,321613.730024657,321613.730024657,162125.0,499.888671875,0.0,499.888671875,499.888671875,499.888671875,499.888671875,499.888671875,162125.0,28.708086383333345,3.55272463556261e-15,28.70808638333334,28.70808638333334,28.70808638333334,28.70808638333334,28.70808638333334,162125.0,59.94608883333331,0.0,59.94608883333331,59.94608883333331,59.94608883333331,59.94608883333331,59.94608883333331,162125.0,1560033.1694207932,6.984940851486937e-10,1560033.1694207925,1560033.1694207925,1560033.1694207925,1560033.1694207925,1560033.1694207925,162125.0,100.0,0.0,100.0,100.0,100.0,100.0,100.0,162125.0,4051.3056858510117,69.69971313852795,3808.705598712332,4002.057882698798,4057.4710370153216,4106.632984303578,4208.361740125665,162125.0,0.9907894835530374,4.440905794453262e-16,0.9907894835530379,0.9907894835530379,0.9907894835530379,0.9907894835530379,0.9907894835530379,162125.0,0.9277560524286816,0.024437953354274157,0.91,0.91,0.91,0.96,0.97,162125.0,42.744838901183044,2.6158900098202844,35.20992641732158,40.37137059325835,43.63651874553608,44.93328672803,46.94156295501881
cam1-000-000269-0.tif,Upland,Inside,1518650.0,34.25811004638672,1.4378817081451416,30.69000244140625,33.170013427734375,34.329986572265625,35.209991455078125,40.089996337890625,1518650.0,1.6115974187850952,2.778381824493408,0.0,0.09300000220537186,0.15800000727176666,2.0869998931884766,14.020000457763672,1518650.0,390760.5,245.86378479003906,390246.0,390561.0,390739.0,390970.0,391414.0,1518650.0,0.48458597228996203,0.23269155181604154,0.0,0.3076923076923077,0.5079365079365079,0.6666666666666666,1.0,1518650.0,0.2641171512975313,0.46009115878436496,0.0,0.0,0.0,0.4034546126412589,3.6963357285647525,1518650.0,48.4585972289962,23.269155181604155,0.0,30.76923076923077,50.79365079365079,66.66666666666666,100.0,1518650.0,7479483.264248225,2.142042626861371e-08,7479483.264248246,7479483.264248246,7479483.264248246,7479483.264248246,7479483.264248246,1518650.0,321449.10801514407,7.566998410108106e-10,321449.1080151448,321449.1080151448,321449.1080151448,321449.1080151448,321449.1080151448,1518650.0,499.8252868652344,0.0,499.8252868652344,499.8252868652344,499.8252868652344,499.8252868652344,499.8252868652344,1518650.0,28.72098972777777,1.776357424247884e-14,28.720989727777788,28.720989727777788,28.720989727777788,28.720989727777788,28.720989727777788,1518650.0,59.90383894444443,1.421085939398307e-14,59.903838944444416,59.903838944444416,59.903838944444416,59.903838944444416,59.903838944444416,1518650.0,1560014.9857594597,2.0954764827991675e-09,1560014.9857594576,1560014.9857594576,1560014.9857594576,1560014.9857594576,1560014.9857594576,1518650.0,100.0,0.0,100.0,100.0,100.0,100.0,100.0,1518650.0,3897.956900426553,78.07950403139971,3706.965312358381,3838.7164122151653,3901.3584279521133,3949.314598485665,4222.043280286078,1518650.0,0.9907894976565009,5.551116950774637e-16,0.9907894976565015,0.9907894976565015,0.9907894976565015,0.9907894976565015,0.9907894976565015,1518650.0,0.9587411846047473,0.01544491053238181,0.91,0.96,0.96,0.97,0.97,1518650.0,37.66288191109561,2.129672580902629,33.258074641631595,36.12253762299241,37.6340051378246,38.6553531347883,47.15076925969538
cam1-000-000269-0.tif,Upland,Outside,164305.0,37.10306930541992,1.4021580219268799,31.889984130859375,36.209991455078125,37.3699951171875,38.25,39.529998779296875,164305.0,0.12930482625961304,0.4539415240287781,0.0,0.01899999938905239,0.029999999329447746,0.05400000140070915,4.1519999504089355,164305.0,390152.53125,62.62984085083008,390016.0,390107.0,390144.0,390188.0,390460.0,164305.0,0.08305480284167023,0.15559260373150632,0.0,0.0,0.0,0.09375,1.0,164305.0,0.03705672110218513,0.19618564700171087,0.0,0.0,0.0,0.0,2.264841439891401,164305.0,8.305480284167022,15.559260373150632,0.0,0.0,0.0,9.375,100.0,164305.0,7479483.264248251,4.656627043778617e-09,7479483.264248246,7479483.264248246,7479483.264248246,7479483.264248246,7479483.264248246,164305.0,321449.1080151449,5.82078380472327e-11,321449.1080151448,321449.1080151448,321449.1080151448,321449.1080151448,321449.1080151448,164305.0,499.8252868652344,0.0,499.8252868652344,499.8252868652344,499.8252868652344,499.8252868652344,499.8252868652344,164305.0,28.7209897277778,1.065817347056263e-14,28.720989727777788,28.720989727777788,28.720989727777788,28.720989727777788,28.720989727777788,164305.0,59.903838944444395,2.131634694112526e-14,59.903838944444416,59.903838944444416,59.903838944444416,59.903838944444416,59.903838944444416,164305.0,1560014.9857594585,9.313254087557232e-10,1560014.9857594576,1560014.9857594576,1560014.9857594576,1560014.9857594576,1560014.9857594576,164305.0,100.0,0.0,100.0,100.0,100.0,100.0,100.0,164305.0,4054.2212703276955,77.60230302243764,3770.3443645761517,4004.2639184445493,4068.6106416161792,4117.859376425129,4190.161869067513,164305.0,0.9907894976565017,2.2204528063672143e-16,0.9907894976565015,0.9907894976565015,0.9907894976565015,0.9907894976565015,0.9907894976565015,164305.0,0.9241681628678373,0.023120762562703723,0.91,0.91,0.91,0.96,0.97,164305.0,43.05739363555319,2.7063084580059042,34.599974149163245,40.9434062051713,44.09665564791976,45.22613801726743,46.60682279196806
cam1-000-000287-0.tif,Upland,Inside,1329135.0,33.75300598144531,1.3916324377059937,30.529998779296875,32.730010986328125,33.769989013671875,34.649993896484375,39.649993896484375,1329135.0,1.9603407382965088,3.201906681060791,0.0,0.10100000351667404,0.18199999630451202,2.303999900817871,13.704999923706055,1329135.0,390138.375,562.59228515625,388488.0,389762.0,390240.0,390537.0,391188.0,1329135.0,0.5292309522647547,0.2403656060104705,0.0,0.3617886178861789,0.5666666666666667,0.7151515151515151,1.0,1329135.0,0.31557575665039145,0.49737373234276555,0.0,0.0,0.0,0.5741361359464328,5.1786482516300065,1329135.0,52.923095226475496,24.036560601047047,0.0,36.17886178861789,56.666666666666664,71.51515151515152,100.0,1329135.0,7479450.224692429,3.725291699859214e-09,7479450.224692433,7479450.224692433,7479450.224692433,7479450.224692433,7479450.224692433,1329135.0,321166.92311356275,9.895306077751038e-10,321166.92311356374,321166.92311356374,321166.92311356374,321166.92311356374,321166.92311356374,1329135.0,499.6019592285156,0.0,499.6019592285156,499.6019592285156,499.6019592285156,499.6019592285156,499.6019592285156,1329135.0,28.743277094444338,1.0302873544303627e-13,28.74327709444444,28.74327709444444,28.74327709444444,28.74327709444444,28.74327709444444,1329135.0,59.830862611111264,1.421086006110845e-13,59.83086261111112,59.83086261111112,59.83086261111112,59.83086261111112,59.83086261111112,1329135.0,1559983.577938854,1.6298151186884061e-09,1559983.5779388524,1559983.5779388524,1559983.5779388524,1559983.5779388524,1559983.5779388524,1329135.0,100.0,0.0,100.0,100.0,100.0,100.0,100.0,1329135.0,3870.5852958254545,75.29313019946677,3698.566867981442,3815.124802159746,3871.035815453463,3918.754075323871,4196.980582219928,1329135.0,0.9907895188794841,1.554312819183737e-15,0.9907895188794825,0.9907895188794825,0.9907895188794825,0.9907895188794825,0.9907895188794825,1329135.0,0.9596490574697075,0.015088559636384441,0.91,0.96,0.96,0.97,0.97,1329135.0,37.084476049317004,2.082809824844752,33.095426612939775,35.57594351940281,36.98039437970908,38.016069151600334,46.73235637489785
cam1-000-000287-0.tif,Upland,Outside,148520.0,37.46034240722656,1.1703213453292847,32.089996337890625,37.010009765625,37.80999755859375,38.209991455078125,40.170013427734375,148520.0,0.083631731569767,0.3559650182723999,0.0,0.01600000075995922,0.023000000044703484,0.03500000014901161,4.383999824523926,148520.0,389310.90625,460.3644104003906,388174.0,388989.0,389399.0,389733.0,390015.0,148520.0,0.04764316995445108,0.13442489888658138,0.0,0.0,0.0,0.020833333333333332,1.0,148520.0,0.023765975813361474,0.16587405250716256,0.0,0.0,0.0,0.0,3.3708102587905886,148520.0,4.764316995445109,13.442489888658137,0.0,0.0,0.0,2.083333333333333,100.0,148520.0,7479450.224692432,9.313257099752876e-10,7479450.224692433,7479450.224692433,7479450.224692433,7479450.224692433,7479450.224692433,148520.0,321166.9231135638,5.820785687345548e-11,321166.92311356374,321166.92311356374,321166.92311356374,321166.92311356374,321166.92311356374,148520.0,499.6019592285156,0.0,499.6019592285156,499.6019592285156,499.6019592285156,499.6019592285156,499.6019592285156,148520.0,28.74327709444446,1.7763628196244954e-14,28.74327709444444,28.74327709444444,28.74327709444444,28.74327709444444,28.74327709444444,148520.0,59.83086261111112,0.0,59.83086261111112,59.83086261111112,59.83086261111112,59.83086261111112,59.83086261111112,148520.0,1559983.577938852,4.656628549876438e-10,1559983.5779388524,1559983.5779388524,1559983.5779388524,1559983.5779388524,1559983.5779388524,148520.0,100.0,0.0,100.0,100.0,100.0,100.0,100.0,148520.0,4073.9806935848296,64.75458259558744,3780.9758225451023,4048.5722533069834,4093.1882110090737,4115.6122078464905,4226.61114693543,148520.0,0.9907895188794827,2.2204535245306197e-16,0.9907895188794825,0.9907895188794825,0.9907895188794825,0.9907895188794825,0.9907895188794825,148520.0,0.917509089684891,0.01832857696445653,0.91,0.91,0.91,0.91,0.97,148520.0,43.90524831667359,2.133534561168609,34.681293444467826,43.6365392510383,44.72415648081915,45.22615088829167,47.276341858127864
cam1-000-000352-0.tif,Upland,Inside,1578970.0,32.969764709472656,1.0194594860076904,30.170013427734375,32.209991455078125,32.92999267578125,33.649993896484375,38.6099853515625,1578970.0,0.9785387516021729,1.5049846172332764,0.0,0.15600000321865082,0.30399999022483826,1.3370000123977661,11.055000305175781,1578970.0,392928.03125,315.6575622558594,392253.0,392661.0,392917.0,393190.0,394244.0,1578970.0,0.6392130799079456,0.22267029311787567,0.0,0.49,0.6774193548387096,0.815068493150685,1.0,1578970.0,0.37867452862121503,0.5698608676621122,0.0,0.0,0.023392079526382597,0.6573544243094078,5.270988760955813,1578970.0,63.92130799079461,22.267029311787567,0.0,49.0,67.74193548387096,81.5068493150685,100.0,1578970.0,7479485.533382805,2.607704034684579e-08,7479485.533382779,7479485.533382779,7479485.533382779,7479485.533382779,7479485.533382779,1578970.0,320473.9359166528,1.2805689456040344e-09,320473.9359166515,320473.9359166515,320473.9359166515,320473.9359166515,320473.9359166515,1578970.0,501.2206115722656,0.0,501.2206115722656,501.2206115722656,501.2206115722656,501.2206115722656,501.2206115722656,1578970.0,28.82614187777776,3.5527148038109085e-14,28.826141877777797,28.826141877777797,28.826141877777797,28.826141877777797,28.826141877777797,1578970.0,59.559535444444414,2.131628882286545e-14,59.55953544444439,59.55953544444439,59.55953544444439,59.55953544444439,59.55953544444439,1578970.0,1559866.8031628795,5.355106499798689e-09,1559866.803162885,1559866.803162885,1559866.803162885,1559866.803162885,1559866.803162885,1578970.0,100.0,0.0,100.0,100.0,100.0,100.0,100.0,1578970.0,3828.2187835551413,54.760388696880675,3679.7166431995015,3787.3633047859576,3825.835643272638,3864.5580391234453,4138.113563601704,1578970.0,0.9907895628021585,3.108625453334545e-15,0.9907895628021616,0.9907895628021616,0.9907895628021616,0.9907895628021616,0.9907895628021616,1578970.0,0.9623534329341282,0.010797469309275904,0.91,0.96,0.96,0.97,0.97,1578970.0,36.093942915701106,1.434197654784875,32.72950411333835,35.060506177644925,36.04084821463505,36.89869577483404,45.60274628655702
cam1-000-000352-0.tif,Upland,Outside,132200.0,35.243247985839844,1.4728732109069824,31.45001220703125,34.04998779296875,35.010009765625,36.649993896484375,38.649993896484375,132200.0,0.16042859852313995,0.40292197465896606,0.0,0.035999998450279236,0.06199999898672104,0.10400000214576721,4.51800012588501,132200.0,393201.03125,298.046142578125,392559.0,392922.0,393260.0,393451.25,393973.0,132200.0,0.28333000257988006,0.2431943224790178,0.0,0.08,0.23076923076923078,0.43478260869565216,1.0,132200.0,0.05507620138466174,0.240487771823633,0.0,0.0,0.0,0.0,2.4784951594238858,132200.0,28.333000257987997,24.319432247901783,0.0,8.0,23.076923076923077,43.47826086956522,100.0,132200.0,7479485.533382774,4.6566304851775864e-09,7479485.533382779,7479485.533382779,7479485.533382779,7479485.533382779,7479485.533382779,132200.0,320473.9359166515,0.0,320473.9359166515,320473.9359166515,320473.9359166515,320473.9359166515,320473.9359166515,132200.0,501.2206115722656,0.0,501.2206115722656,501.2206115722656,501.2206115722656,501.2206115722656,501.2206115722656,132200.0,28.82614187777779,7.105454231533181e-15,28.826141877777797,28.826141877777797,28.826141877777797,28.826141877777797,28.826141877777797,132200.0,59.55953544444436,3.552727115766591e-14,59.55953544444439,59.55953544444439,59.55953544444439,59.55953544444439,59.55953544444439,132200.0,1559866.8031628842,6.98494572776638e-10,1559866.803162885,1559866.803162885,1559866.803162885,1559866.803162885,1559866.803162885,132200.0,100.0,0.0,100.0,100.0,100.0,100.0,100.0,132200.0,3951.6580355376045,80.62907485889701,3747.0259406710666,3886.178201435556,3938.383694579672,4028.594805860469,4140.3684703714225,132200.0,0.9907895628021616,0.0,0.9907895628021616,0.9907895628021616,0.9907895628021616,0.9907895628021616,0.9907895628021616,132200.0,0.9411032526475037,0.0249526348942255,0.91,0.91,0.96,0.96,0.97,132200.0,39.91809816803,2.643018291055446,34.193325241126956,37.5523395072164,39.88108577510985,41.87995469634342,45.686407209970184
cam1-000-000463-0.tif,Lowland,Inside,668210.0,31.459705352783203,1.2711350917816162,28.769989013671875,30.57000732421875,31.410003662109375,32.1300048828125,37.089996337890625,668210.0,1.7915340662002563,2.552402973175049,0.0,0.2070000022649765,0.4519999921321869,2.446000099182129,11.23799991607666,668210.0,387263.46875,175.9773712158203,386668.0,387135.0,387230.0,387351.0,388138.0,668210.0,0.7343232424213846,0.23048534509335622,0.0,0.627906976744186,0.8,0.9076923076923077,1.0,668210.0,0.5022559582629369,0.7261792556209151,0.0,0.0,0.07775778247833703,0.9191223615890872,7.863651265448648,668210.0,73.43232424213845,23.048534509335617,0.0,62.7906976744186,80.0,90.76923076923077,100.0,668210.0,7479690.595187613,6.519262900464423e-09,7479690.595187606,7479690.595187606,7479690.595187606,7479690.595187606,7479690.595187606,668210.0,322238.7684233887,1.7462311340529704e-10,322238.76842338854,322238.76842338854,322238.76842338854,322238.76842338854,322238.76842338854,668210.0,502.046142578125,0.0,502.046142578125,502.046142578125,502.046142578125,502.046142578125,502.046142578125,668210.0,28.965479666666663,0.0,28.965479666666663,28.965479666666663,28.965479666666663,28.965479666666663,28.965479666666663,668210.0,59.10329666666674,6.394889406932265e-14,59.10329666666668,59.10329666666668,59.10329666666668,59.10329666666668,59.10329666666668,668210.0,1559670.4454530487,1.3969849072423763e-09,1559670.44545305,1559670.44545305,1559670.44545305,1559670.44545305,1559670.44545305,668210.0,100.0,0.0,100.0,100.0,100.0,100.0,100.0,668210.0,3747.92822974692,67.50973534528386,3606.998997502037,3700.6657234178138,3744.9101233998613,3783.104753340235,4053.019249822599,668210.0,0.9907895113814884,0.0,0.9907895113814884,0.9907895113814884,0.9907895113814884,0.9907895113814884,0.9907895113814884,668210.0,0.9632132862423491,0.0103645844985531,0.91,0.96,0.96,0.97,0.97,668210.0,34.49703127317569,1.7152160042118252,31.30642460479538,33.258128717093314,34.40703081568347,35.30562403376808,44.0131361735709
cam1-000-000463-0.tif,Lowland,Outside,1116430.0,31.754796981811523,0.733620822429657,29.970001220703125,31.290008544921875,31.6099853515625,31.970001220703125,37.089996337890625,1116430.0,0.2701190710067749,0.1702478528022766,0.0,0.1459999978542328,0.25,0.3659999966621399,1.9490000009536743,1116430.0,386657.8125,258.2242431640625,385797.0,386486.0,386647.0,386833.0,387562.0,1116430.0,0.7588214537213953,0.2602824348168646,0.0,0.65,0.8421052631578947,0.9620253164556962,1.0,1116430.0,0.06910024340988681,0.26892885918196585,0.0,0.0,0.0,0.0,6.356107660695892,1116430.0,75.88214537213946,26.028243481686467,0.0,65.0,84.21052631578947,96.20253164556962,100.0,1116430.0,7479690.595187633,2.7008366759713734e-08,7479690.595187606,7479690.595187606,7479690.595187606,7479690.595187606,7479690.595187606,1116430.0,322238.76842338825,2.9103843491070835e-10,322238.76842338854,322238.76842338854,322238.76842338854,322238.76842338854,322238.76842338854,1116430.0,502.046142578125,0.0,502.046142578125,502.046142578125,502.046142578125,502.046142578125,502.046142578125,1116430.0,28.96547966666674,7.815973593793437e-14,28.965479666666663,28.965479666666663,28.965479666666663,28.965479666666663,28.965479666666663,1116430.0,59.10329666666689,2.1316291619436647e-13,59.10329666666668,59.10329666666668,59.10329666666668,59.10329666666668,59.10329666666668,1116430.0,1559670.4454530482,1.8626459834285336e-09,1559670.44545305,1559670.44545305,1559670.44545305,1559670.44545305,1559670.44545305,1116430.0,100.0,0.0,100.0,100.0,100.0,100.0,100.0,1116430.0,3763.299260612848,39.16126167698939,3669.2701964024263,3738.5689115878818,3755.4936908269096,3774.5952822148165,4053.019249822599,1116430.0,0.9907895113814896,1.2212458740302245e-15,0.9907895113814884,0.9907895113814884,0.9907895113814884,0.9907895113814884,0.9907895113814884,1116430.0,0.9574754350922134,0.013212816210383685,0.91,0.96,0.96,0.96,0.97,1116430.0,35.18369803456105,1.3416158964408682,32.60753035250326,34.48870789536767,34.81548230205601,35.30562403376808,44.0131361735709
cam1-001-000198-0.tif,Lowland,Inside,676465.0,31.759479522705078,1.4352235794067383,28.410003662109375,30.69000244140625,31.45001220703125,32.69000244140625,37.970001220703125,676465.0,2.163208484649658,2.9814438819885254,0.0,0.17100000381469727,0.42100000381469727,4.1539998054504395,13.187999725341797,676465.0,387844.90625,337.8063659667969,387289.0,387533.0,387752.0,388178.0,389189.0,676465.0,0.6635831127776937,0.24227646228835584,0.0,0.5254237288135594,0.7222222222222223,0.847457627118644,1.0,676465.0,0.43702259704509105,0.6269245514240942,0.0,0.0,0.0740825433606982,0.7725508274300463,8.348774539791282,676465.0,66.35831127776935,24.227646228835575,0.0,52.54237288135594,72.22222222222223,84.7457627118644,100.0,676465.0,7479927.050053002,1.0244555892898665e-08,7479927.050053013,7479927.050053013,7479927.050053013,7479927.050053013,7479927.050053013,676465.0,322298.8350698936,6.984924472430909e-10,322298.8350698929,322298.8350698929,322298.8350698929,322298.8350698929,322298.8350698929,676465.0,500.77685546875,0.0,500.77685546875,500.77685546875,500.77685546875,500.77685546875,500.77685546875,676465.0,29.618766566666643,3.1974446742695196e-14,29.618766566666675,29.618766566666675,29.618766566666675,29.618766566666675,29.618766566666675,676465.0,56.96421566666676,1.2079235436129297e-13,56.96421566666664,56.96421566666664,56.96421566666664,56.96421566666664,56.96421566666664,676465.0,1558749.8199675123,2.7939697889723635e-09,1558749.819967515,1558749.819967515,1558749.819967515,1558749.819967515,1558749.819967515,676465.0,100.0,0.0,100.0,100.0,100.0,100.0,100.0,676465.0,3763.9145648683216,76.47196062059938,3588.4536661701973,3706.965312358381,3747.0259406710666,3812.9842956824655,4102.148869352926,676465.0,0.9907871156511746,1.8873805368952026e-15,0.9907871156511765,0.9907871156511765,0.9907871156511765,0.9907871156511765,0.9907871156511765,676465.0,0.9628045057763521,0.011276968004355705,0.91,0.96,0.96,0.97,0.97,676465.0,34.832087179440144,1.9331253248198481,30.940836426503324,33.339757135911725,34.48907584713277,35.918718169437284,44.975903678892166
cam1-001-000198-0.tif,Lowland,Outside,1233925.0,32.06007385253906,1.0076522827148438,28.92999267578125,31.45001220703125,31.889984130859375,32.57000732421875,37.529998779296875,1233925.0,0.2756531238555908,0.4164946675300598,0.0,0.09600000083446503,0.17299999296665192,0.3019999861717224,6.479000091552734,1233925.0,387523.78125,347.23419189453125,386432.0,387276.0,387491.0,387804.0,389372.0,1233925.0,0.6357443654163053,0.2751923375712071,0.0,0.4473684210526316,0.6808510638297872,0.8636363636363636,1.0,1233925.0,0.10254435718169462,0.3933013538494232,0.0,0.0,0.0,0.0,7.110696122978827,1233925.0,63.57443654163052,27.519233757120706,0.0,44.73684210526316,68.08510638297872,86.36363636363636,100.0,1233925.0,7479927.050053007,5.587937711987234e-09,7479927.050053013,7479927.050053013,7479927.050053013,7479927.050053013,7479927.050053013,1233925.0,322298.83506989415,1.2223613744972075e-09,322298.8350698929,322298.8350698929,322298.8350698929,322298.8350698929,322298.8350698929,1233925.0,500.77685546875,0.0,500.77685546875,500.77685546875,500.77685546875,500.77685546875,500.77685546875,1233925.0,29.61876656666664,3.552715118400087e-14,29.618766566666675,29.618766566666675,29.618766566666675,29.618766566666675,29.618766566666675,1233925.0,56.964215666666796,1.5631946520960382e-13,56.96421566666664,56.96421566666664,56.96421566666664,56.96421566666664,56.96421566666664,1233925.0,1558749.8199675104,4.656614759989362e-09,1558749.819967515,1558749.819967515,1558749.819967515,1558749.819967515,1558749.819967515,1233925.0,100.0,0.0,100.0,100.0,100.0,100.0,100.0,1233925.0,3779.6285999073157,53.840552739315775,3615.261897942499,3747.0259406710666,3770.3443645761517,3806.569038849618,4077.5372660510066,1233925.0,0.9907871156511757,7.77156432150019e-16,0.9907871156511765,0.9907871156511765,0.9907871156511765,0.9907871156511765,0.9907871156511765,1233925.0,0.9559989464513647,0.015863731011873394,0.91,0.96,0.96,0.96,0.97,1233925.0,35.60059509105341,1.720000439712718,31.46938091048753,34.61160764954883,35.18345470167981,36.04125984830591,44.51573366432899
cam1-001-000333-0.tif,Upland,Inside,1449580.0,32.990238189697266,1.3421993255615234,29.769989013671875,31.970001220703125,33.010009765625,33.850006103515625,38.850006103515625,1449580.0,1.1191734075546265,1.8135207891464233,0.0,0.11100000143051147,0.2150000035762787,1.2890000343322754,9.732000350952148,1449580.0,394445.53125,251.7541961669922,393663.0,394284.0,394452.0,394622.0,395333.0,1449580.0,0.5400648242156549,0.23842362315749993,0.0,0.36065573770491804,0.5666666666666667,0.7295081967213115,1.0,1449580.0,0.28453583465717697,0.4824209018577293,0.0,0.0,0.0,0.4261097221653767,5.780743515792328,1449580.0,54.006482421565494,23.842362315749984,0.0,36.0655737704918,56.666666666666664,72.95081967213115,100.0,1449580.0,7479824.751511651,2.7939686875632258e-09,7479824.751511654,7479824.751511654,7479824.751511654,7479824.751511654,7479824.751511654,1449580.0,320452.00091749383,8.73115214863508e-10,320452.00091749296,320452.00091749296,320452.00091749296,320452.00091749296,320452.00091749296,1449580.0,499.539306640625,0.0,499.539306640625,499.539306640625,499.539306640625,499.539306640625,499.539306640625,1449580.0,29.78985923888893,2.486900432960838e-14,29.789859238888905,29.789859238888905,29.789859238888905,29.789859238888905,29.789859238888905,1449580.0,56.4040007222222,2.842171923383815e-14,56.40400072222217,56.40400072222217,56.40400072222217,56.40400072222217,56.40400072222217,1449580.0,1558508.7126156979,4.656614479272043e-10,1558508.7126156974,1558508.7126156974,1558508.7126156974,1558508.7126156974,1558508.7126156974,1449580.0,100.0,0.0,100.0,100.0,100.0,100.0,100.0,1449580.0,3829.5006903970016,72.12500276706552,3658.843008431041,3774.5952822148165,3830.126690784217,3875.3592930754767,4151.652891871336,1449580.0,0.9907858829289835,8.881787260574422e-16,0.9907858829289844,0.9907858829289844,0.9907858829289844,0.9907858829289844,0.9907858829289844,1449580.0,0.9600807475268702,0.013827547321605958,0.91,0.96,0.96,0.97,0.97,1449580.0,36.27337482282675,1.8837447993314302,32.32335202834685,34.897668676829085,36.20480028202252,37.22606480115235,45.89651522572984
cam1-001-000333-0.tif,Upland,Outside,150590.0,33.94621276855469,1.3559598922729492,30.410003662109375,33.1300048828125,34.04998779296875,34.80999755859375,37.329986572265625,150590.0,0.29314836859703064,0.6413719058036804,0.0,0.024000000208616257,0.050999999046325684,0.11699999868869781,4.945000171661377,150590.0,394775.46875,227.18719482421875,394240.0,394581.0,394837.0,394955.0,395236.0,150590.0,0.2725354647234472,0.2789672994925736,0.0,0.0,0.18181818181818182,0.4583333333333333,1.0,150590.0,0.1811578244460534,0.4543528994380648,0.0,0.0,0.0,0.0,5.780743515792328,150590.0,27.253546472344713,27.89672994925736,0.0,0.0,18.181818181818183,45.83333333333333,100.0,150590.0,7479824.75151165,3.725302667506512e-09,7479824.751511654,7479824.751511654,7479824.751511654,7479824.751511654,7479824.751511654,150590.0,320452.000917493,5.820785417978924e-11,320452.00091749296,320452.00091749296,320452.00091749296,320452.00091749296,320452.00091749296,150590.0,499.539306640625,0.0,499.539306640625,499.539306640625,499.539306640625,499.539306640625,499.539306640625,150590.0,29.789859238888887,1.7763627374203262e-14,29.789859238888905,29.789859238888905,29.789859238888905,29.789859238888905,29.789859238888905,150590.0,56.40400072222213,4.263270569808783e-14,56.40400072222217,56.40400072222217,56.40400072222217,56.40400072222217,56.40400072222217,150590.0,1558508.712615698,6.98494250157471e-10,1558508.7126156974,1558508.7126156974,1558508.7126156974,1558508.7126156974,1558508.7126156974,150590.0,100.0,0.0,100.0,100.0,100.0,100.0,100.0,150590.0,3881.005401006537,73.26458167629319,3692.2765259100584,3836.567414288243,3886.178201435556,3927.4704393604534,4066.3804939093375,150590.0,0.9907858829289842,2.2204534217754076e-16,0.9907858829289844,0.9907858829289844,0.9907858829289844,0.9907858829289844,0.9907858829289844,150590.0,0.9365910751045888,0.026764603712359007,0.91,0.91,0.96,0.96,0.97,150590.0,38.90429526275553,2.692500097602373,32.973941431060325,36.83712578983324,38.901080592514404,41.1699224509984,44.2231182922697
cam1-001-000468-0.tif,Lowland,Inside,741200.0,34.67034912109375,1.611248254776001,29.649993896484375,33.57000732421875,34.57000732421875,35.769989013671875,40.45001220703125,741200.0,0.5069178342819214,0.9589026570320129,0.0,0.14399999380111694,0.2280000001192093,0.5040000081062317,8.869000434875488,741200.0,388545.5,174.07728576660156,388028.0,388394.0,388565.0,388689.0,389362.0,741200.0,0.5593052954682122,0.23409806088617804,0.0,0.391304347826087,0.5730337078651685,0.7428571428571429,1.0,741200.0,0.10720087658875238,0.2835086458278017,0.0,0.0,0.0,0.06791689934497691,4.769646382462037,741200.0,55.93052954682121,23.409806088617803,0.0,39.130434782608695,57.30337078651685,74.28571428571429,100.0,741200.0,7480159.697430456,9.31323202869335e-10,7480159.697430455,7480159.697430455,7480159.697430455,7480159.697430455,7480159.697430455,741200.0,322330.4404169683,4.656616014346676e-10,322330.44041696785,322330.44041696785,322330.44041696785,322330.44041696785,322330.44041696785,741200.0,500.0325927734375,0.0,500.0325927734375,500.0325927734375,500.0325927734375,500.0325927734375,500.0325927734375,741200.0,29.960282072222213,7.10543215079754e-15,29.96028207222222,29.96028207222222,29.96028207222222,29.96028207222222,29.96028207222222,741200.0,55.84597905555557,7.10543215079754e-15,55.84597905555556,55.84597905555556,55.84597905555556,55.84597905555556,55.84597905555556,741200.0,1558268.5492147694,3.026800409325339e-09,1558268.5492147724,1558268.5492147724,1558268.5492147724,1558268.5492147724,1558268.5492147724,741200.0,100.0,0.0,100.0,100.0,100.0,100.0,100.0,741200.0,3920.4889848994017,87.77912994768306,3652.5965737722972,3860.2439302302278,3914.401358637855,3980.026570937012,4242.619578798736,741200.0,0.9907843971503121,1.2212461509183272e-15,0.9907843971503133,0.9907843971503133,0.9907843971503133,0.9907843971503133,0.9907843971503133,741200.0,0.9610948461953593,0.009748360271640095,0.91,0.96,0.96,0.97,0.97,741200.0,37.91503896331332,1.9625143362147655,32.20152050042435,36.65430993256126,37.77269024194334,39.06466581466924,47.57042923712021
cam1-001-000468-0.tif,Lowland,Outside,1149090.0,33.862831115722656,1.1984057426452637,30.1300048828125,33.1300048828125,33.80999755859375,34.57000732421875,39.529998779296875,1149090.0,0.3148481845855713,0.48679202795028687,0.0,0.0820000022649765,0.1459999978542328,0.2930000126361847,5.336999893188477,1149090.0,388569.3125,353.548828125,387370.0,388346.0,388521.0,388745.0,390085.0,1149090.0,0.5272796171574444,0.26569742256054574,0.0,0.32142857142857145,0.5365853658536586,0.7452830188679245,1.0,1149090.0,0.12072472938390875,0.39861125504180306,0.0,0.0,0.0,0.01762125936430984,6.519395638776911,1149090.0,52.72796171574446,26.56974225605457,0.0,32.142857142857146,53.65853658536586,74.52830188679245,100.0,1149090.0,7480159.697430468,1.3038521718029816e-08,7480159.697430455,7480159.697430455,7480159.697430455,7480159.697430455,7480159.697430455,1149090.0,322330.44041696866,8.149076073768635e-10,322330.44041696785,322330.44041696785,322330.44041696785,322330.44041696785,322330.44041696785,1149090.0,500.0325927734375,0.0,500.0325927734375,500.0325927734375,500.0325927734375,500.0325927734375,500.0325927734375,1149090.0,29.960282072222164,5.68434435949263e-14,29.96028207222222,29.96028207222222,29.96028207222222,29.96028207222222,29.96028207222222,1149090.0,55.845979055555475,8.526516539238944e-14,55.84597905555556,55.84597905555556,55.84597905555556,55.84597905555556,55.84597905555556,1149090.0,1558268.5492147733,9.313229798592725e-10,1558268.5492147724,1558268.5492147724,1558268.5492147724,1558268.5492147724,1558268.5492147724,1149090.0,100.0,0.0,100.0,100.0,100.0,100.0,100.0,1149090.0,3876.398551296946,64.87100722174173,3677.6254940390136,3836.567414288243,3873.197168017562,3914.401358637855,4190.161869067513,1149090.0,0.9907843971503112,2.109424664655468e-15,0.9907843971503133,0.9907843971503133,0.9907843971503133,0.9907843971503133,0.9907843971503133,1149090.0,0.9561520855633595,0.01655609096915925,0.91,0.96,0.96,0.96,0.97,1149090.0,37.43562452922942,1.833707768681732,32.6894579629369,36.36836036737873,37.18536243532395,38.20668343020998,46.6080111049809
cam1-001-000605-0.tif,Upland,Inside,1320035.0,33.14939880371094,1.3915233612060547,29.970001220703125,32.04998779296875,33.089996337890625,34.04998779296875,40.089996337890625,1320035.0,1.5876442193984985,2.100369930267334,0.0,0.11900000274181366,0.2619999945163727,2.9089999198913574,9.675999641418457,1320035.0,395202.46875,307.0263977050781,394451.0,394969.0,395216.0,395429.0,396115.0,1320035.0,0.5187337116479593,0.23148073598572666,0.0,0.35466666666666663,0.5489821882951655,0.6923076923076923,1.0,1320035.0,0.3666399393657208,0.5138034270813858,0.0,0.0,0.0,0.7450556680655529,3.891820298110626,1320035.0,51.87337116479595,23.148073598572662,0.0,35.46666666666666,54.89821882951655,69.23076923076923,100.0,1320035.0,7480054.63378167,9.31322927380028e-10,7480054.633781671,7480054.633781671,7480054.633781671,7480054.633781671,7480054.633781671,1320035.0,320459.50643607957,7.566998784962726e-10,320459.5064360788,320459.5064360788,320459.5064360788,320459.5064360788,320459.5064360788,1320035.0,499.1037902832031,0.0,499.1037902832031,499.1037902832031,499.1037902832031,499.1037902832031,499.1037902832031,1320035.0,30.132296322222224,0.0,30.132296322222224,30.132296322222224,30.132296322222224,30.132296322222224,30.132296322222224,1320035.0,55.28274655555553,1.421086009796185e-14,55.28274655555555,55.28274655555555,55.28274655555555,55.28274655555555,55.28274655555555,1320035.0,1558026.1431563813,3.725291709520112e-09,1558026.143156385,1558026.143156385,1558026.143156385,1558026.143156385,1558026.143156385,1320035.0,100.0,0.0,100.0,100.0,100.0,100.0,100.0,1320035.0,3838.0755367090565,74.98438657609883,3669.2701964024263,3778.847663465793,3834.419188562034,3886.178201435556,4222.043280286078,1320035.0,0.9907826321118416,7.771564116072888e-16,0.9907826321118424,0.9907826321118424,0.9907826321118424,0.9907826321118424,0.9907826321118424,1320035.0,0.9607861155196638,0.014306686526409904,0.91,0.96,0.96,0.97,0.97,1320035.0,36.389800856663925,1.9731598977354194,32.52697513782772,34.89800484820995,36.245995065052284,37.38981331303415,46.901151168644674
cam1-001-000605-0.tif,Upland,Outside,152605.0,34.42921829223633,1.5728133916854858,30.850006103515625,33.290008544921875,34.3699951171875,35.45001220703125,39.45001220703125,152605.0,0.6666315197944641,1.0557507276535034,0.0,0.041999999433755875,0.09000000357627869,1.0640000104904175,5.910999774932861,152605.0,395584.46875,207.30245971679688,395136.0,395406.0,395624.0,395747.0,396095.0,152605.0,0.37016570944190474,0.2599686906165204,0.0,0.14285714285714285,0.34782608695652173,0.5757575757575757,1.0,152605.0,0.29533281943076234,0.5017852290518119,0.0,0.0,0.0,0.4661558768338582,3.5835189384561104,152605.0,37.01657094419047,25.996869061652042,0.0,14.285714285714285,34.78260869565217,57.57575757575757,100.0,152605.0,7480054.63378167,9.313256260461386e-10,7480054.633781671,7480054.633781671,7480054.633781671,7480054.633781671,7480054.633781671,152605.0,320459.5064360788,0.0,320459.5064360788,320459.5064360788,320459.5064360788,320459.5064360788,320459.5064360788,152605.0,499.1037902832031,0.0,499.1037902832031,499.1037902832031,499.1037902832031,499.1037902832031,499.1037902832031,152605.0,30.132296322222206,1.7763626595423482e-14,30.132296322222224,30.132296322222224,30.132296322222224,30.132296322222224,30.132296322222224,152605.0,55.28274655555558,3.5527253190846964e-14,55.28274655555555,55.28274655555555,55.28274655555555,55.28274655555555,55.28274655555555,152605.0,1558026.1431563857,6.98494219534604e-10,1558026.143156385,1558026.143156385,1558026.143156385,1558026.143156385,1558026.143156385,152605.0,100.0,0.0,100.0,100.0,100.0,100.0,100.0,152605.0,3907.3445995490692,85.62879643771053,3715.376087907083,3845.166398110984,3903.530594564489,3962.4595203512627,4185.620506867152,152605.0,0.9907826321118429,5.551133311069838e-16,0.9907826321118424,0.9907826321118424,0.9907826321118424,0.9907826321118424,0.9907826321118424,152605.0,0.9476101700468533,0.02531503544808757,0.91,0.91,0.96,0.97,0.97,152605.0,38.62709547055338,2.6956657068563468,33.42153424707715,36.6341113009089,38.12516838447539,40.58496808912753,46.52458854423651
cam1-002-000302-0.tif,Lowland,Inside,1217415.0,32.60024642944336,1.050918698310852,29.290008544921875,31.92999267578125,32.489990234375,33.209991455078125,37.529998779296875,1217415.0,0.7788907289505005,1.3752280473709106,0.0,0.2029999941587448,0.40799999237060547,0.6980000138282776,10.371999740600586,1217415.0,389191.75,239.14930725097656,388492.0,389018.0,389185.0,389361.0,390448.0,1217415.0,0.6782856659153895,0.23087809227584535,0.0,0.5333333333333333,0.7291666666666666,0.8636363636363636,1.0,1217415.0,0.21781325861704898,0.41980717919824745,0.0,0.0,0.04166817380568405,0.21394423910433566,6.949899103800313,1217415.0,67.82856659153889,23.087809227584533,0.0,53.333333333333336,72.91666666666666,86.36363636363636,100.0,1217415.0,7480387.568794735,2.0489105056546612e-08,7480387.568794755,7480387.568794755,7480387.568794755,7480387.568794755,7480387.568794755,1217415.0,322328.48784550483,1.7462305445920408e-10,322328.487845505,322328.487845505,322328.487845505,322328.487845505,322328.487845505,1217415.0,502.3261413574219,0.0,502.3261413574219,502.3261413574219,502.3261413574219,502.3261413574219,502.3261413574219,1217415.0,30.863146799999992,1.065814541376978e-14,30.863146800000003,30.863146800000003,30.863146800000003,30.863146800000003,30.863146800000003,1217415.0,52.888855083333446,1.2789774496523735e-13,52.88885508333332,52.88885508333332,52.88885508333332,52.88885508333332,52.88885508333332,1217415.0,1556911.574810319,2.5611381320683265e-09,1556911.5748103166,1556911.5748103166,1556911.5748103166,1556911.5748103166,1556911.5748103166,1217415.0,100.0,0.0,100.0,100.0,100.0,100.0,100.0,1217415.0,3808.451393027162,56.29852581829796,3633.898847764774,3772.4694375768527,3802.2949724286004,3840.864542272111,4077.5372660510066,1217415.0,0.9907720159227184,3.885782182103566e-15,0.9907720159227222,0.9907720159227222,0.9907720159227222,0.9907720159227222,0.9907720159227222,1217415.0,0.9631619455978446,0.008743621031491927,0.91,0.96,0.96,0.97,0.97,1217415.0,35.662566972883184,1.388899091156526,31.83669317357453,34.805024363435905,35.51171891228415,36.36954180172961,44.30856132824607
cam1-002-000302-0.tif,Lowland,Outside,712640.0,32.14496994018555,1.0911145210266113,29.529998779296875,31.290008544921875,32.089996337890625,32.889984130859375,36.6099853515625,712640.0,0.5110524892807007,0.620360791683197,0.0,0.11100000143051147,0.20800000429153442,0.8289999961853027,5.229000091552734,712640.0,389759.78125,296.92572021484375,388602.0,389572.0,389783.0,389971.0,390916.0,712640.0,0.5993390676787863,0.2508231421789465,0.0,0.40540540540540543,0.6103896103896104,0.8168103448275862,1.0,712640.0,0.34432292926834496,0.628758377026202,0.0,0.0,0.0,0.40134139092430243,5.666426688112431,712640.0,59.93390676787862,25.082314217894655,0.0,40.54054054054054,61.038961038961034,81.68103448275862,100.0,712640.0,7480387.56879474,1.4901171648759588e-08,7480387.568794755,7480387.568794755,7480387.568794755,7480387.568794755,7480387.568794755,712640.0,322328.4878455054,4.0745391227076993e-10,322328.487845505,322328.487845505,322328.487845505,322328.487845505,322328.487845505,712640.0,502.3261413574219,0.0,502.3261413574219,502.3261413574219,502.3261413574219,502.3261413574219,502.3261413574219,712640.0,30.863146800000003,0.0,30.863146800000003,30.863146800000003,30.863146800000003,30.863146800000003,30.863146800000003,712640.0,52.888855083333404,8.526518811469795e-14,52.88885508333332,52.88885508333332,52.88885508333332,52.88885508333332,52.88885508333332,712640.0,1556911.5748103142,2.328308070118685e-09,1556911.5748103166,1556911.5748103166,1556911.5748103166,1556911.5748103166,1556911.5748103166,712640.0,100.0,0.0,100.0,100.0,100.0,100.0,100.0,712640.0,3784.188538051016,58.19093045855168,3646.357069202343,3738.5689115878818,3780.9758225451023,3823.691277692258,4026.3785803140368,712640.0,0.9907720159227206,1.6653357053651944e-15,0.9907720159227222,0.9907720159227222,0.9907720159227222,0.9907720159227222,0.9907720159227222,712640.0,0.9612389846205665,0.011270385508643618,0.91,0.96,0.96,0.97,0.97,712640.0,35.329691580271884,1.5272985101847412,32.080641389939274,34.20463565802214,35.266643190130594,36.16528113416564,43.555624002371815
cam1-002-000323-0.tif,Lowland,Inside,632035.0,32.07019805908203,1.5646262168884277,28.769989013671875,30.769989013671875,32.04998779296875,33.209991455078125,37.57000732421875,632035.0,1.400133728981018,2.255186080932617,0.0,0.11699999868869781,0.29100000858306885,1.1139999628067017,10.36400032043457,632035.0,389783.59375,255.2718505859375,389129.0,389606.0,389789.0,389969.0,390542.0,632035.0,0.5620100205490435,0.2681304066783492,0.0,0.35714285714285715,0.6136363636363636,0.7853535353535352,1.0,632035.0,0.36704163949284613,0.6201209159333304,0.0,0.0,0.025157564413720145,0.415278729556489,6.1520383033194035,632035.0,56.20100205490436,26.813040667834922,0.0,35.714285714285715,61.36363636363637,78.53535353535352,100.0,632035.0,7480506.399489643,1.8626466227627706e-09,7480506.399489645,7480506.399489645,7480506.399489645,7480506.399489645,7480506.399489645,632035.0,322365.1033419621,2.3283082784534633e-10,322365.10334196186,322365.10334196186,322365.10334196186,322365.10334196186,322365.10334196186,632035.0,500.9057922363281,0.0,500.9057922363281,500.9057922363281,500.9057922363281,500.9057922363281,500.9057922363281,632035.0,30.868663333333334,3.552716489339391e-15,30.86866333333333,30.86866333333333,30.86866333333333,30.86866333333333,30.86866333333333,632035.0,52.86931736111102,9.947606170150295e-14,52.86931736111112,52.86931736111112,52.86931736111112,52.86931736111112,52.86931736111112,632035.0,1556755.4240476373,1.8626466227627706e-09,1556755.4240476391,1556755.4240476391,1556755.4240476391,1556755.4240476391,1556755.4240476391,632035.0,100.0,0.0,100.0,100.0,100.0,100.0,100.0,632035.0,3780.512710704628,83.31918565713221,3606.998997502037,3711.168356553418,3778.847663465793,3840.864542272111,4079.7712819058947,632035.0,0.9907718516269328,1.9984030252534075e-15,0.9907718516269348,0.9907718516269348,0.9907718516269348,0.9907718516269348,0.9907718516269348,632035.0,0.9602794149058202,0.014793633935604412,0.91,0.96,0.96,0.97,0.97,632035.0,35.325393235540304,2.23010485620866,31.308144000944992,33.66647206916133,35.171066412132916,36.49213144490801,44.5596598404847
cam1-002-000323-0.tif,Lowland,Outside,1106000.0,32.989131927490234,1.4224103689193726,28.92999267578125,32.010009765625,33.1300048828125,34.010009765625,36.970001220703125,1106000.0,0.2965087294578552,0.6462982296943665,0.0,0.041999999433755875,0.0820000022649765,0.16500000655651093,7.142000198364258,1106000.0,390598.96875,335.3550109863281,389610.0,390391.0,390655.0,390822.0,391403.0,1106000.0,0.3706958908756303,0.2894483932806362,0.0,0.11764705882352941,0.3333333333333333,0.59375,1.0,1106000.0,0.1378085878341652,0.4061368443366878,0.0,0.0,0.0,0.0,8.908694592507013,1106000.0,37.06958908756304,28.944839328063615,0.0,11.76470588235294,33.33333333333333,59.375,100.0,1106000.0,7480506.399489642,2.793968986943008e-09,7480506.399489645,7480506.399489645,7480506.399489645,7480506.399489645,7480506.399489645,1106000.0,322365.1033419617,1.74623061683938e-10,322365.10334196186,322365.10334196186,322365.10334196186,322365.10334196186,322365.10334196186,1106000.0,500.9057922363281,0.0,500.9057922363281,500.9057922363281,500.9057922363281,500.9057922363281,500.9057922363281,1106000.0,30.86866333333328,4.9738013988751874e-14,30.86866333333333,30.86866333333333,30.86866333333333,30.86866333333333,30.86866333333333,1106000.0,52.86931736111099,1.3500318082661224e-13,52.86931736111112,52.86931736111112,52.86931736111112,52.86931736111112,52.86931736111112,1106000.0,1556755.4240476412,2.095476740207256e-09,1556755.4240476391,1556755.4240476391,1556755.4240476391,1556755.4240476391,1556755.4240476391,1106000.0,100.0,0.0,100.0,100.0,100.0,100.0,100.0,1106000.0,3829.495111628455,76.16619269960684,3615.261897942499,3776.72189850979,3836.567414288243,3884.0138667078318,4046.3490668561262,1106000.0,0.9907718516269322,2.664536463683136e-15,0.9907718516269348,0.9907718516269348,0.9907718516269348,0.9907718516269348,0.9907718516269348,1106000.0,0.9462970162748648,0.024159375392905733,0.91,0.91,0.96,0.96,0.97,1106000.0,37.23896344665961,2.6986448338178026,31.470782069274833,35.266688047593846,36.73725522439673,39.79194773835087,43.89034782977302
cam1-002-000442-0.tif,Upland,Inside,1510440.0,32.59565734863281,1.1333978176116943,29.6099853515625,31.730010986328125,32.6099853515625,33.329986572265625,38.45001220703125,1510440.0,1.247828722000122,1.6784318685531616,0.0,0.11699999868869781,0.24699999392032623,2.447999954223633,10.666000366210938,1510440.0,396202.3125,305.1983642578125,395427.0,395951.0,396191.0,396455.0,397065.0,1510440.0,0.5391736378894519,0.2304201434094194,0.0,0.38095238095238093,0.5645161290322581,0.7066666666666667,1.0,1510440.0,0.31998861234662407,0.4902441223634444,0.0,0.0,0.0,0.6214608411422611,4.82298287662636,1510440.0,53.91736378894515,23.042014340941954,0.0,38.095238095238095,56.451612903225815,70.66666666666667,100.0,1510440.0,7480284.752068373,1.955778054112587e-08,7480284.752068393,7480284.752068393,7480284.752068393,7480284.752068393,7480284.752068393,1510440.0,320472.14242648165,8.731152027288335e-10,320472.1424264808,320472.1424264808,320472.1424264808,320472.1424264808,320472.1424264808,1510440.0,500.5461730957031,0.0,500.5461730957031,500.5461730957031,500.5461730957031,500.5461730957031,500.5461730957031,1510440.0,30.900392666666534,1.3500316448443877e-13,30.90039266666667,30.90039266666667,30.90039266666667,30.90039266666667,30.90039266666667,1510440.0,52.756942638889036,1.492140239038534e-13,52.75694263888889,52.75694263888889,52.75694263888889,52.75694263888889,52.75694263888889,1510440.0,1555857.2948603628,1.6298150450938226e-09,1555857.2948603611,1555857.2948603611,1555857.2948603611,1555857.2948603611,1555857.2948603611,1510440.0,100.0,0.0,100.0,100.0,100.0,100.0,100.0,1510440.0,3808.2493120964823,60.69761145063701,3650.515439888487,3761.855025164324,3808.705598712332,3847.3168425735053,4129.10511147954,1510440.0,0.9907708999872662,2.5535138019260623e-15,0.9907708999872636,0.9907708999872636,0.9907708999872636,0.9907708999872636,0.9907708999872636,1510440.0,0.9601041087365271,0.014523411811014415,0.91,0.96,0.96,0.97,0.97,1510440.0,35.87122237461248,1.7381687105708867,32.16219692325012,34.60196467015351,35.79795778668165,36.69665246049311,45.06213014558739
cam1-002-000442-0.tif,Upland,Outside,88550.0,33.396217346191406,1.3720837831497192,30.410003662109375,32.45001220703125,33.290008544921875,34.25,37.010009765625,88550.0,0.44875389337539673,0.7898864150047302,-0.08100000023841858,0.02800000086426735,0.06400000303983688,0.3140000104904175,4.263999938964844,88550.0,396570.1875,278.213623046875,395950.0,396391.0,396617.0,396815.0,397104.0,88550.0,0.31802884453758334,0.3101925330863312,0.0,0.0,0.25,0.5454545454545454,1.0,88550.0,0.25307868157523256,0.5415570096783832,0.0,0.0,0.0,0.1081344425405514,5.278114659230519,88550.0,31.802884453758324,31.01925330863312,0.0,0.0,25.0,54.54545454545454,100.0,88550.0,7480284.752068399,6.519294833789092e-09,7480284.752068393,7480284.752068393,7480284.752068393,7480284.752068393,7480284.752068393,88550.0,320472.1424264806,1.7462396876220783e-10,320472.1424264808,320472.1424264808,320472.1424264808,320472.1424264808,320472.1424264808,88550.0,500.5461730957031,0.0,500.5461730957031,500.5461730957031,500.5461730957031,500.5461730957031,500.5461730957031,88550.0,30.900392666666672,3.552733739465491e-15,30.90039266666667,30.90039266666667,30.90039266666667,30.90039266666667,30.90039266666667,88550.0,52.756942638888866,2.1316402436792948e-14,52.75694263888889,52.75694263888889,52.75694263888889,52.75694263888889,52.75694263888889,88550.0,1555857.2948603614,2.3283195834961044e-10,1555857.2948603611,1555857.2948603611,1555857.2948603611,1555857.2948603611,1555857.2948603611,88550.0,100.0,0.0,100.0,100.0,100.0,100.0,100.0,88550.0,3851.3354094978695,73.97335311486242,3692.2765259100584,3800.1607259902353,3845.166398110984,3897.0180682317687,4048.5722533069834,88550.0,0.9907708999872631,5.55114646791483e-16,0.9907708999872636,0.9907708999872636,0.9907708999872636,0.9907708999872636,0.9907708999872636,88550.0,0.9409983060417846,0.026961393370842888,0.91,0.91,0.96,0.96,1.0,88550.0,38.03220078612519,2.772990962450514,32.97543191489518,35.78127815136037,37.51367015719978,40.41961903890848,43.974515883330696
cam1-003-000047-0.tif,Lowland,Inside,1050270.0,35.56354522705078,1.6633597612380981,30.769989013671875,34.529998779296875,35.45001220703125,36.730010986328125,40.69000244140625,1050270.0,0.8434925675392151,1.518028736114502,0.0,0.07599999755620956,0.18799999356269836,0.9860000014305115,11.682000160217285,1050270.0,390553.5625,220.05368041992188,389994.0,390375.0,390551.0,390694.0,391892.0,1050270.0,0.42168381252709186,0.2495300726813477,0.0,0.21084337349397592,0.43478260869565216,0.6214953271028038,1.0,1050270.0,0.19902723919162732,0.3663076086071838,0.0,0.0,0.03478348542373844,0.20950207653161435,4.813430979814447,1050270.0,42.16838125270914,24.95300726813476,0.0,21.084337349397593,43.47826086956522,62.149532710280376,100.0,1050270.0,7480739.8101361925,1.2107199233853428e-08,7480739.81013618,7480739.81013618,7480739.81013618,7480739.81013618,7480739.81013618,1050270.0,322368.27495774126,0.0,322368.27495774126,322368.27495774126,322368.27495774126,322368.27495774126,322368.27495774126,1050270.0,499.6625671386719,0.0,499.6625671386719,499.6625671386719,499.6625671386719,499.6625671386719,499.6625671386719,1050270.0,30.993943333333366,3.5527153701352126e-14,30.99394333333333,30.99394333333333,30.99394333333333,30.99394333333333,30.99394333333333,1050270.0,52.42561736111111,0.0,52.42561736111111,52.42561736111111,52.42561736111111,52.42561736111111,52.42561736111111,1050270.0,1553209.2535876357,3.2596305629605384e-09,1553209.253587639,1553209.253587639,1553209.253587639,1553209.253587639,1553209.253587639,1050270.0,100.0,0.0,100.0,100.0,100.0,100.0,100.0,1050270.0,3969.354663592952,91.23553749352868,3711.168356553418,3912.225328852471,3962.4595203512627,4033.0295775165227,4256.3707798060095,1050270.0,0.9907680277925826,1.8873800403843318e-15,0.9907680277925807,0.9907680277925807,0.9907680277925807,0.9907680277925807,0.9907680277925807,1050270.0,0.9572010530625467,0.019153562159793698,0.91,0.96,0.96,0.97,0.97,1050270.0,39.11545838431678,2.586818845323561,33.34200209663385,37.449290445848646,38.61749244427824,40.41517526572284,47.53212833637804
cam1-003-000047-0.tif,Lowland,Outside,608085.0,36.31372833251953,1.4333547353744507,31.3699951171875,35.57000732421875,36.57000732421875,37.290008544921875,40.329986572265625,608085.0,0.19572465121746063,0.4888688921928406,0.0,0.029999999329447746,0.052000001072883606,0.08799999952316284,5.473999977111816,608085.0,391344.0,332.0649108886719,390411.0,391109.0,391337.0,391575.0,392426.0,608085.0,0.2162100619577315,0.2371027964272405,0.0,0.021739130434782608,0.13636363636363635,0.32558139534883723,1.0,608085.0,0.10274510254752134,0.33718061134181176,0.0,0.0,0.0,0.0,5.143836053555259,608085.0,21.62100619577315,23.71027964272404,0.0,2.1739130434782608,13.636363636363635,32.55813953488372,100.0,608085.0,7480739.810136189,8.381910063596757e-09,7480739.81013618,7480739.81013618,7480739.81013618,7480739.81013618,7480739.81013618,608085.0,322368.2749577415,2.3283083509990993e-10,322368.27495774126,322368.27495774126,322368.27495774126,322368.27495774126,322368.27495774126,608085.0,499.6625671386719,0.0,499.6625671386719,499.6625671386719,499.6625671386719,499.6625671386719,499.6625671386719,608085.0,30.99394333333335,1.7763583000176232e-14,30.99394333333333,30.99394333333333,30.99394333333333,30.99394333333333,30.99394333333333,608085.0,52.42561736111111,0.0,52.42561736111111,52.42561736111111,52.42561736111111,52.42561736111111,52.42561736111111,608085.0,1553209.2535876373,1.6298158456993695e-09,1553209.253587639,1553209.253587639,1553209.253587639,1553209.253587639,1553209.253587639,608085.0,100.0,0.0,100.0,100.0,100.0,100.0,100.0,608085.0,4010.4883216812964,78.81659826518259,3742.795077503279,3969.0415781831034,4024.1648178724217,4064.152820136436,4235.7526822929785,608085.0,0.9907680277925818,1.1102239375110145e-15,0.9907680277925807,0.9907680277925807,0.9907680277925807,0.9907680277925807,0.9907680277925807,608085.0,0.9369518241693182,0.026101847709693995,0.91,0.91,0.96,0.96,0.97,608085.0,41.325352728056295,2.7641212946332208,33.95195001282366,39.31203085276752,41.31410045163216,43.80864747503978,47.44842064605069
cam1-003-000167-0.tif,Upland,Inside,1454960.0,38.8664665222168,2.5603744983673096,33.04998779296875,36.730010986328125,38.970001220703125,40.69000244140625,49.410003662109375,1454960.0,1.3391667604446411,1.7712962627410889,0.0,0.11599999666213989,0.2370000034570694,2.7990000247955322,9.154999732971191,1454960.0,397303.09375,261.53076171875,396643.0,397086.0,397309.0,397529.0,398051.0,1454960.0,0.5472908666352172,0.22516484848426513,0.0,0.3985507246376812,0.576086956521739,0.7085714285714285,1.0,1454960.0,0.337511936333599,0.5080618994861482,0.0,0.0,0.0,0.6806156223608063,4.33290583733893,1454960.0,54.72908666352174,22.51648484842652,0.0,39.855072463768124,57.60869565217391,70.85714285714285,100.0,1454960.0,7480514.578230161,1.3038520525331896e-08,7480514.578230174,7480514.578230174,7480514.578230174,7480514.578230174,7480514.578230174,1454960.0,320462.8633627462,6.402844900832628e-10,320462.86336274684,320462.86336274684,320462.86336274684,320462.86336274684,320462.86336274684,1454960.0,499.8637390136719,0.0,499.8637390136719,499.8637390136719,499.8637390136719,499.8637390136719,499.8637390136719,1454960.0,31.025868400000032,3.1974434097286516e-14,31.0258684,31.0258684,31.0258684,31.0258684,31.0258684,1454960.0,52.31254941666683,1.5631945558673408e-13,52.31254941666668,52.31254941666668,52.31254941666668,52.31254941666668,52.31254941666668,1454960.0,1552305.5839807768,6.519260262665948e-09,1552305.5839807834,1552305.5839807834,1552305.5839807834,1552305.5839807834,1552305.5839807834,1454960.0,100.0,0.0,100.0,100.0,100.0,100.0,100.0,1454960.0,4154.167989378189,144.8938337733236,3832.2717350187045,4033.0295775165227,4158.432140964529,4256.3707798060095,4774.923381991588,1454960.0,0.9907670248127805,2.9976031966206105e-15,0.9907670248127775,0.9907670248127775,0.9907670248127775,0.9907670248127775,0.9907670248127775,1454960.0,0.9600616855446203,0.014567314167622289,0.91,0.96,0.96,0.97,0.97,1454960.0,42.28363047703417,3.091263260802336,35.66008654337833,39.72713602894015,42.417654924102294,44.33831791361638,56.952406829907886
cam1-003-000167-0.tif,Upland,Outside,168860.0,41.11668395996094,2.5896518230438232,33.889984130859375,39.3699951171875,41.3699951171875,42.850006103515625,47.489990234375,168860.0,0.4823285639286041,0.885522186756134,0.0,0.026000000536441803,0.06199999898672104,0.23800000548362732,5.179999828338623,168860.0,397498.0625,222.6540069580078,396966.0,397330.0,397530.0,397692.0,398006.0,168860.0,0.31269620206711,0.28231462750912073,0.0,0.05,0.25,0.5185185185185185,1.0,168860.0,0.24802047084929235,0.5014453424510574,0.0,0.0,0.0,0.17402275397925962,3.9481620520440197,168860.0,31.269620206711007,28.231462750912073,0.0,5.0,25.0,51.85185185185185,100.0,168860.0,7480514.578230174,0.0,7480514.578230174,7480514.578230174,7480514.578230174,7480514.578230174,7480514.578230174,168860.0,320462.86336274695,1.164156665380532e-10,320462.86336274684,320462.86336274684,320462.86336274684,320462.86336274684,320462.86336274684,168860.0,499.8637390136719,0.0,499.8637390136719,499.8637390136719,499.8637390136719,499.8637390136719,499.8637390136719,168860.0,31.025868399999993,7.105448397097973e-15,31.0258684,31.0258684,31.0258684,31.0258684,31.0258684,168860.0,52.31254941666667,7.105448397097973e-15,52.31254941666668,52.31254941666668,52.31254941666668,52.31254941666668,52.31254941666668,168860.0,1552305.5839807836,2.328313330761064e-10,1552305.5839807834,1552305.5839807834,1552305.5839807834,1552305.5839807834,1552305.5839807834,168860.0,100.0,0.0,100.0,100.0,100.0,100.0,100.0,168860.0,4282.510583581078,148.7466267386039,3877.520540542013,4181.080508258321,4295.485017873048,4381.391009202184,4657.586621562289,168860.0,0.9907670248127772,2.2204526240931166e-16,0.9907670248127775,0.9907670248127775,0.9907670248127775,0.9907670248127775,0.9907670248127775,168860.0,0.9406807414426154,0.026986840711764902,0.91,0.91,0.96,0.96,0.97,168860.0,46.02198812732621,3.924883121482592,36.514098786913166,43.31664899252638,45.93226676630525,49.243159461633354,54.942052428174975
cam1-003-000303-0.tif,Lowland,Inside,399015.0,38.13418197631836,3.3445284366607666,32.25,34.970001220703125,38.3699951171875,40.970001220703125,45.170013427734375,399015.0,1.579758882522583,2.1639750003814697,0.0,0.04899999871850014,0.1080000028014183,3.0239999294281006,9.604000091552734,399015.0,391404.0625,397.25579833984375,390519.0,391070.0,391393.0,391722.0,392566.0,399015.0,0.32747610409076927,0.2636044389093814,0.0,0.07317073170731707,0.2872340425531915,0.5620567375886525,1.0,399015.0,0.37369155764474293,0.5265876251484356,0.0,0.0,0.0,0.7617889030821292,3.62232499275002,399015.0,32.74761040907692,26.36044389093815,0.0,7.317073170731707,28.723404255319153,56.205673758865245,100.0,399015.0,7480862.380374594,2.7939712249340832e-09,7480862.380374591,7480862.380374591,7480862.380374591,7480862.380374591,7480862.380374591,399015.0,322450.1296385532,3.492464031167604e-10,322450.12963855354,322450.12963855354,322450.12963855354,322450.12963855354,322450.12963855354,399015.0,500.4865417480469,0.0,500.4865417480469,500.4865417480469,500.4865417480469,500.4865417480469,500.4865417480469,399015.0,31.062669466666655,7.105436261327319e-15,31.062669466666662,31.062669466666662,31.062669466666662,31.062669466666662,31.062669466666662,399015.0,52.182212305555545,7.105436261327319e-15,52.18221230555555,52.18221230555555,52.18221230555555,52.18221230555555,52.18221230555555,399015.0,1551263.8945210942,2.328309354111736e-10,1551263.8945210944,1551263.8945210944,1551263.8945210944,1551263.8945210944,1551263.8945210944,399015.0,100.0,0.0,100.0,100.0,100.0,100.0,100.0,399015.0,4114.060046291785,187.79117010859213,3789.4945502564583,3936.199164933319,4124.603809767492,4272.449651245217,4518.1872142247275,399015.0,0.9907658541568996,6.661346494994362e-16,0.9907658541569002,0.9907658541569002,0.9907658541569002,0.9907658541569002,0.9907658541569002,399015.0,0.9508970840695213,0.024773196607912055,0.91,0.91,0.96,0.97,0.97,399015.0,42.21652970551926,4.570902392956636,34.84703055368925,38.005234689810834,42.050165956880505,45.605580546604415,52.514029763034785
cam1-003-000303-0.tif,Lowland,Outside,882955.0,39.354698181152344,1.7127172946929932,32.57000732421875,38.45001220703125,39.57000732421875,40.529998779296875,44.170013427734375,882955.0,0.13796435296535492,0.41176652908325195,0.0,0.013000000268220901,0.029999999329447746,0.05900000035762787,5.473999977111816,882955.0,392216.03125,364.2601318359375,391132.0,391976.0,392245.0,392488.0,393156.0,882955.0,0.13773699016071736,0.2288764777876365,0.0,0.0,0.0,0.1836734693877551,1.0,882955.0,0.08144727251503164,0.3138496260932432,0.0,0.0,0.0,0.0,4.605170185988092,882955.0,13.773699016071742,22.88764777876365,0.0,0.0,0.0,18.367346938775512,100.0,882955.0,7480862.3803745825,8.38190791804977e-09,7480862.380374591,7480862.380374591,7480862.380374591,7480862.380374591,7480862.380374591,882955.0,322450.12963855296,5.820769387534562e-10,322450.12963855354,322450.12963855354,322450.12963855354,322450.12963855354,322450.12963855354,882955.0,500.4865417480469,0.0,500.4865417480469,500.4865417480469,500.4865417480469,500.4865417480469,500.4865417480469,882955.0,31.06266946666665,1.0658147071901664e-14,31.062669466666662,31.062669466666662,31.062669466666662,31.062669466666662,31.062669466666662,882955.0,52.18221230555545,9.947603933774886e-14,52.18221230555555,52.18221230555555,52.18221230555555,52.18221230555555,52.18221230555555,882955.0,1551263.8945210904,3.958123183523502e-09,1551263.8945210944,1551263.8945210944,1551263.8945210944,1551263.8945210944,1551263.8945210944,882955.0,100.0,0.0,100.0,100.0,100.0,100.0,100.0,882955.0,4180.921993449999,96.58611629145419,3806.569038849618,4129.10511147954,4192.434577557837,4247.199633723314,4458.9040808833215,882955.0,0.9907658541569014,1.221246018655399e-15,0.9907658541569002,0.9907658541569002,0.9907658541569002,0.9907658541569002,0.9907658541569002,882955.0,0.9256184063740509,0.024087935829431088,0.91,0.91,0.91,0.96,0.97,882955.0,45.29669722685696,2.9452674737380686,35.17236056254768,43.357816896435224,46.19423803232195,47.491323237718575,51.46741717202099
cam1-003-000440-0.tif,Upland,Inside,1315320.0,35.272281646728516,1.9148035049438477,31.209991455078125,33.730010986328125,35.209991455078125,36.529998779296875,45.489990234375,1315320.0,1.3749264478683472,1.785102367401123,0.0,0.11100000143051147,0.2460000067949295,2.7790000438690186,11.62600040435791,1315320.0,398147.4375,230.1580810546875,397574.0,397957.0,398133.0,398349.0,398971.0,1315320.0,0.5495154572018558,0.23554082129509002,0.0,0.3877264388901628,0.5813862503184477,0.7239652226631393,1.0,1315320.0,0.37687210636560087,0.5429660983391876,0.0,0.0,0.0,0.7667081497125132,5.545177444479562,1315320.0,54.95154572018558,23.55408212950901,0.0,38.77264388901628,58.138625031844775,72.39652226631394,100.0,1315320.0,7480747.4723028885,1.95577815015361e-08,7480747.472302869,7480747.472302869,7480747.472302869,7480747.472302869,7480747.472302869,1315320.0,320482.0484122733,1.1641536608057204e-09,320482.04841227445,320482.04841227445,320482.04841227445,320482.04841227445,320482.04841227445,1315320.0,499.59112548828136,5.684344046902932e-14,499.5911254882813,499.5911254882813,499.5911254882813,499.5911254882813,499.5911254882813,1315320.0,31.099203466666662,7.105430058628665e-15,31.09920346666667,31.09920346666667,31.09920346666667,31.09920346666667,31.09920346666667,1315320.0,52.05282105555562,7.105430058628664e-14,52.05282105555555,52.05282105555555,52.05282105555555,52.05282105555555,52.05282105555555,1315320.0,1550229.7646393473,3.026799518094873e-09,1550229.7646393443,1550229.7646393443,1550229.7646393443,1550229.7646393443,1550229.7646393443,1315320.0,100.0,0.0,100.0,100.0,100.0,100.0,100.0,1315320.0,3953.609904079768,105.2429857620148,3734.344217908738,3868.8768831118045,3949.314598485665,4021.95013873339,4537.258653912706,1315320.0,0.9907646765913656,2.886580961317895e-15,0.9907646765913627,0.9907646765913627,0.9907646765913627,0.9907646765913627,0.9907646765913627,1315320.0,0.9599146595505276,0.015285704579401158,0.91,0.96,0.96,0.97,0.97,1315320.0,38.62330252672552,2.535153391414326,33.79000664880141,36.6366220905997,38.49579144511864,40.04648592979788,52.72388992119568
cam1-003-000440-0.tif,Upland,Outside,175005.0,37.17144775390625,1.8682230710983276,32.170013427734375,36.1300048828125,37.04998779296875,38.209991455078125,42.850006103515625,175005.0,0.2907843589782715,0.767012357711792,0.0,0.01899999938905239,0.041999999433755875,0.08500000089406967,5.736000061035156,175005.0,398263.25,215.2754669189453,397755.0,398082.0,398307.0,398454.0,398745.0,175005.0,0.2396409101875651,0.2708409356057336,0.0,0.0,0.15384615384615385,0.4,1.0,175005.0,0.12371112233959901,0.3990850744206858,0.0,0.0,0.0,0.0,3.9481620520440197,175005.0,23.964091018756513,27.08409356057336,0.0,0.0,15.384615384615385,40.0,100.0,175005.0,7480747.472302869,0.0,7480747.472302869,7480747.472302869,7480747.472302869,7480747.472302869,7480747.472302869,175005.0,320482.04841227457,1.1641565443406244e-10,320482.04841227445,320482.04841227445,320482.04841227445,320482.04841227445,320482.04841227445,175005.0,499.5911254882813,0.0,499.5911254882813,499.5911254882813,499.5911254882813,499.5911254882813,499.5911254882813,175005.0,31.09920346666668,1.065817148749351e-14,31.09920346666667,31.09920346666667,31.09920346666667,31.09920346666667,31.09920346666667,175005.0,52.05282105555556,1.4210895316658013e-14,52.05282105555555,52.05282105555555,52.05282105555555,52.05282105555555,52.05282105555555,175005.0,1550229.7646393443,0.0,1550229.7646393443,1550229.7646393443,1550229.7646393443,1550229.7646393443,1550229.7646393443,175005.0,100.0,0.0,100.0,100.0,100.0,100.0,100.0,175005.0,4058.3941463449587,104.09626494605087,3785.2344558706664,3999.850936027931,4050.794516702438,4115.6122078464905,4381.391009202184,175005.0,0.9907646765913626,1.1102261966139072e-16,0.9907646765913627,0.9907646765913627,0.9907646765913627,0.9907646765913627,0.9907646765913627,175005.0,0.932333933316191,0.026136944009541405,0.91,0.91,0.91,0.96,0.97,175005.0,42.54797482985507,3.1537131779230827,34.92859448772492,40.08830667026314,43.18288179839237,44.77237283178579,50.086608695672055
cam1-003-000465-0.tif,Upland,Inside,870960.0,35.970035552978516,2.016099691390991,31.489990234375,34.529998779296875,35.850006103515625,37.089996337890625,44.769989013671875,870960.0,0.8876085877418518,1.283652901649475,0.0,0.09700000286102295,0.1850000023841858,1.628000020980835,9.538999557495117,870960.0,398281.84375,126.57432556152344,397774.0,398195.0,398288.0,398373.0,398998.0,870960.0,0.48601229083791153,0.23915384640152676,0.0,0.3020833333333333,0.5064935064935064,0.6761006289308176,1.0,870960.0,0.3006319038075135,0.48852196403907955,0.0,0.0,0.0,0.5314063314660116,3.869056734898105,870960.0,48.60122908379113,23.91538464015267,0.0,30.208333333333332,50.649350649350644,67.61006289308176,100.0,870960.0,7480883.086099189,1.862646218537672e-08,7480883.086099207,7480883.086099207,7480883.086099207,7480883.086099207,7480883.086099207,870960.0,320659.18478774675,2.9103847164651125e-10,320659.18478774704,320659.18478774704,320659.18478774704,320659.18478774704,320659.18478774704,870960.0,500.1440734863281,0.0,500.1440734863281,500.1440734863281,500.1440734863281,500.1440734863281,500.1440734863281,870960.0,31.105859066666657,1.4210862873364808e-14,31.10585906666667,31.10585906666667,31.10585906666667,31.10585906666667,31.10585906666667,870960.0,52.029249138889014,1.3500319729696567e-13,52.02924913888888,52.02924913888888,52.02924913888888,52.02924913888888,52.02924913888888,870960.0,1550041.3715030581,2.7939693278065082e-09,1550041.371503061,1550041.371503061,1550041.371503061,1550041.371503061,1550041.371503061,870960.0,100.0,0.0,100.0,100.0,100.0,100.0,100.0,870960.0,3992.016830128482,111.72596460686779,3749.140914559414,3912.225328852471,3984.427320467747,4053.019249822599,4494.414432079628,870960.0,0.9907644604102483,1.8873802253687636e-15,0.9907644604102502,0.9907644604102502,0.9907644604102502,0.9907644604102502,0.9907644604102502,870960.0,0.9589043124827776,0.015827777783236227,0.91,0.96,0.96,0.97,0.97,870960.0,39.40774482839635,2.7005229991848476,34.07469320602678,37.51534548156849,39.14951204142733,40.62038769667623,52.09598951257328
cam1-003-000465-0.tif,Upland,Outside,349550.0,37.13010025024414,1.7936005592346191,32.3699951171875,35.92999267578125,37.3699951171875,38.3699951171875,43.209991455078125,349550.0,0.3928137421607971,0.6408888697624207,0.0,0.06300000101327896,0.10000000149011612,0.2750000059604645,6.27400016784668,349550.0,398709.6875,62.389583587646484,398301.0,398660.0,398701.0,398751.0,399022.0,349550.0,0.36793245908248956,0.2509292970621478,0.0,0.15873015873015872,0.32,0.5531914893617021,1.0,349550.0,0.19144363274838008,0.41099888215013236,0.0,0.0,0.0,0.07844142630656253,3.1858562069405756,349550.0,36.79324590824896,25.092929706214775,0.0,15.873015873015872,32.0,55.319148936170215,100.0,349550.0,7480883.086099207,0.0,7480883.086099207,7480883.086099207,7480883.086099207,7480883.086099207,7480883.086099207,349550.0,320659.1847877469,1.1641548834899404e-10,320659.18478774704,320659.18478774704,320659.18478774704,320659.18478774704,320659.18478774704,349550.0,500.1440734863281,0.0,500.1440734863281,500.1440734863281,500.1440734863281,500.1440734863281,500.1440734863281,349550.0,31.105859066666657,1.4210875042601812e-14,31.10585906666667,31.10585906666667,31.10585906666667,31.10585906666667,31.10585906666667,349550.0,52.02924913888889,1.4210875042601812e-14,52.02924913888888,52.02924913888888,52.02924913888888,52.02924913888888,52.02924913888888,349550.0,1550041.371503062,1.1641548834899405e-09,1550041.371503061,1550041.371503061,1550041.371503061,1550041.371503061,1550041.371503061,349550.0,100.0,0.0,100.0,100.0,100.0,100.0,100.0,349550.0,4056.027322310663,99.63062880222607,3795.8912897803903,3988.829482879978,4068.6106416161792,4124.603809767492,4402.446330042472,349550.0,0.9907644604102499,3.3306738381097997e-16,0.9907644604102502,0.9907644604102502,0.9907644604102502,0.9907644604102502,0.9907644604102502,349550.0,0.9543774853382921,0.019533002441345593,0.91,0.96,0.96,0.96,0.97,349550.0,40.91614575593577,2.6567194711265136,34.96931352151228,39.19037670957363,40.906403722930804,42.33655291090105,50.33783795673975
cam1-003-000473-0.tif,Upland,Inside,904985.0,35.712162017822266,1.831313967704773,31.3699951171875,34.290008544921875,35.769989013671875,36.92999267578125,43.3699951171875,904985.0,0.8403386473655701,1.212383508682251,0.0,0.08699999749660492,0.1589999943971634,1.4859999418258667,9.538999557495117,904985.0,398227.28125,129.33412170410156,397823.0,398131.0,398230.0,398323.0,398749.0,904985.0,0.44939217050373054,0.23039637406479985,0.0,0.26666666666666666,0.4645161290322581,0.6333333333333333,1.0,904985.0,0.3174726863378106,0.4838511703400175,0.0,0.0,0.0,0.5933120995288736,4.317239142784037,904985.0,44.93921705037309,23.03963740647998,0.0,26.666666666666668,46.45161290322581,63.33333333333333,100.0,904985.0,7480897.981451787,1.0244553980840216e-08,7480897.981451797,7480897.981451797,7480897.981451797,7480897.981451797,7480897.981451797,904985.0,320786.73404742294,5.23869237656602e-10,320786.7340474224,320786.7340474224,320786.7340474224,320786.7340474224,320786.7340474224,904985.0,500.71380615234375,0.0,500.71380615234375,500.71380615234375,500.71380615234375,500.71380615234375,500.71380615234375,904985.0,31.107994533333244,8.526517539983756e-14,31.10799453333333,31.10799453333333,31.10799453333333,31.10799453333333,31.10799453333333,904985.0,52.021686027777825,3.552715641659898e-14,52.02168602777779,52.02168602777779,52.02168602777779,52.02168602777779,52.02168602777779,904985.0,1549980.9250725717,6.984923168754693e-10,1549980.9250725724,1549980.9250725724,1549980.9250725724,1549980.9250725724,1549980.9250725724,904985.0,100.0,0.0,100.0,100.0,100.0,100.0,100.0,904985.0,3977.658626043518,100.87338815769516,3742.795077503279,3899.1886900388213,3980.026570937012,4044.126654017564,4411.824978671948,904985.0,0.9907643909395495,1.776357820829949e-15,0.9907643909395513,0.9907643909395513,0.9907643909395513,0.9907643909395513,0.9907643909395513,904985.0,0.9584663281711855,0.0170062214020627,0.91,0.96,0.96,0.97,0.97,904985.0,39.17559534853365,2.5433607650897994,33.952722666718955,37.246691176123704,39.076918523895586,40.49783262392043,50.33787016561007
cam1-003-000473-0.tif,Upland,Outside,338250.0,36.891441345214844,1.8323724269866943,32.010009765625,35.57000732421875,37.010009765625,38.170013427734375,42.69000244140625,338250.0,0.41142332553863525,0.604264497756958,0.0,0.05999999865889549,0.09799999743700027,0.734000027179718,5.50600004196167,338250.0,398675.21875,58.217071533203125,398525.0,398632.0,398670.0,398713.0,398958.0,338250.0,0.3539168760096931,0.25587008134127404,0.0,0.1388888888888889,0.3007518796992481,0.5454545454545454,1.0,338250.0,0.22654388301862174,0.42982623961827227,0.0,0.0,0.0,0.25230257065380013,3.313933182721447,338250.0,35.39168760096931,25.5870081341274,0.0,13.88888888888889,30.075187969924812,54.54545454545454,100.0,338250.0,7480897.981451804,6.5192676590747616e-09,7480897.981451797,7480897.981451797,7480897.981451797,7480897.981451797,7480897.981451797,338250.0,320786.73404742224,1.7462324086807396e-10,320786.7340474224,320786.7340474224,320786.7340474224,320786.7340474224,320786.7340474224,338250.0,500.71380615234375,0.0,500.71380615234375,500.71380615234375,500.71380615234375,500.71380615234375,500.71380615234375,338250.0,31.107994533333336,7.105437860842854e-15,31.10799453333333,31.10799453333333,31.10799453333333,31.10799453333333,31.10799453333333,338250.0,52.02168602777782,2.8421751443371415e-14,52.02168602777779,52.02168602777779,52.02168602777779,52.02168602777779,52.02168602777779,338250.0,1549980.925072573,4.656619756481973e-10,1549980.9250725724,1549980.9250725724,1549980.9250725724,1549980.9250725724,1549980.9250725724,338250.0,100.0,0.0,100.0,100.0,100.0,100.0,100.0,338250.0,4042.7968288502407,101.68222438208977,3776.72189850979,3969.0415781831034,4048.5722533069834,4113.367526413809,4372.052626740662,338250.0,0.990764390939551,2.220449331513392e-16,0.9907643909395513,0.9907643909395513,0.9907643909395513,0.9907643909395513,0.9907643909395513,338250.0,0.9537732446415377,0.020879313491681775,0.91,0.96,0.96,0.97,0.97,338250.0,40.71723695314741,2.7533520835565977,34.60335935726016,38.74098155121425,40.57953708815927,42.346560136840026,49.668197736882746
cam1-003-000483-0.tif,Upland,Inside,1041600.0,34.732513427734375,1.591217279434204,30.889984130859375,33.649993896484375,34.6099853515625,35.57000732421875,42.45001220703125,1041600.0,0.7758139371871948,1.1225398778915405,0.0,0.11599999666213989,0.2199999988079071,1.2450000047683716,8.267999649047852,1041600.0,398053.25,135.07156372070312,397608.0,397950.0,398053.0,398155.0,398654.0,1041600.0,0.5320940368704703,0.2392370081745201,0.0,0.35964912280701755,0.5660919540229884,0.7169811320754716,1.0,1041600.0,0.2657889064452375,0.4558919739749638,0.0,0.0,0.0,0.39015232635418384,5.695624286954737,1041600.0,53.20940368704704,23.92370081745202,0.0,35.96491228070175,56.60919540229884,71.69811320754717,100.0,1041600.0,7480916.632847336,1.2107199281830228e-08,7480916.632847348,7480916.632847348,7480916.632847348,7480916.632847348,7480916.632847348,1041600.0,320945.226632473,5.820768885495302e-11,320945.22663247294,320945.22663247294,320945.22663247294,320945.22663247294,320945.22663247294,1041600.0,500.7731018066406,0.0,500.7731018066406,500.7731018066406,500.7731018066406,500.7731018066406,500.7731018066406,1041600.0,31.110663733333272,5.684344614741505e-14,31.11066373333333,31.11066373333333,31.11066373333333,31.11066373333333,31.11066373333333,1041600.0,52.01223261111114,2.842172307370753e-14,52.01223261111111,52.01223261111111,52.01223261111111,52.01223261111111,52.01223261111111,1041600.0,1549905.3708085918,3.026799820457557e-09,1549905.3708085888,1549905.3708085888,1549905.3708085888,1549905.3708085888,1549905.3708085888,1041600.0,100.0,0.0,100.0,100.0,100.0,100.0,100.0,1041600.0,3923.8591708482613,87.09723800174226,3717.4795042364563,3864.5580391234453,3916.576500514082,3969.0415781831034,4358.06917198412,1041600.0,0.9907643040314157,5.551117787833501e-16,0.9907643040314162,0.9907643040314162,0.9907643040314162,0.9907643040314162,0.9907643040314162,1041600.0,0.9595917338709675,0.014359370586375255,0.91,0.96,0.96,0.97,0.97,1041600.0,38.09136348810497,2.173449856300683,33.46477655142871,36.65751523729426,37.883074137853896,39.026989096308114,49.66823815423595
cam1-003-000483-0.tif,Upland,Outside,263170.0,36.025814056396484,1.6040297746658325,31.80999755859375,34.970001220703125,36.1300048828125,37.1300048828125,42.089996337890625,263170.0,0.3101363778114319,0.46393099427223206,0.0,0.07000000029802322,0.11699999868869781,0.2460000067949295,4.953000068664551,263170.0,398501.0,74.5706558227539,398309.0,398445.0,398492.0,398547.0,398789.0,263170.0,0.4160968673424492,0.2554864030688624,0.0,0.2,0.391304347826087,0.6181818181818182,1.0,263170.0,0.15993548062427856,0.3961803874767136,0.0,0.0,0.0,0.0,2.9611276996229066,263170.0,41.60968673424492,25.548640306886238,0.0,20.0,39.130434782608695,61.81818181818181,100.0,263170.0,7480916.632847346,1.862648688104038e-09,7480916.632847348,7480916.632847348,7480916.632847348,7480916.632847348,7480916.632847348,263170.0,320945.2266324729,5.820777150325119e-11,320945.22663247294,320945.22663247294,320945.22663247294,320945.22663247294,320945.22663247294,263170.0,500.7731018066406,0.0,500.7731018066406,500.7731018066406,500.7731018066406,500.7731018066406,500.7731018066406,263170.0,31.11066373333335,2.1316322571991402e-14,31.11066373333333,31.11066373333333,31.11066373333333,31.11066373333333,31.11066373333333,263170.0,52.01223261111112,1.4210881714660935e-14,52.01223261111111,52.01223261111111,52.01223261111111,52.01223261111111,52.01223261111111,263170.0,1549905.3708085886,2.3283108601300476e-10,1549905.3708085888,1549905.3708085888,1549905.3708085888,1549905.3708085888,1549905.3708085888,263170.0,100.0,0.0,100.0,100.0,100.0,100.0,100.0,263170.0,3994.7286978506395,88.32020949776441,3766.0981528918223,3936.199164933319,3999.850936027931,4055.244756589744,4337.144479897112,263170.0,0.9907643040314157,5.551125669789428e-16,0.9907643040314162,0.9907643040314162,0.9907643040314162,0.9907643040314162,0.9907643040314162,263170.0,0.9555739635976747,0.017551606779693047,0.91,0.96,0.96,0.96,0.97,263170.0,39.69619104627731,2.319474191879601,34.40004366117853,38.25073966921394,39.59897428110406,40.86557410446022,49.29154234980831
cam1-003-000491-0.tif,Upland,Inside,1034255.0,35.05983352661133,1.7623622417449951,31.1300048828125,33.80999755859375,34.92999267578125,35.970001220703125,43.489990234375,1034255.0,1.0473992824554443,1.490156650543213,0.0,0.12099999934434891,0.25099998712539673,1.8450000286102295,10.35099983215332,1034255.0,397945.6875,149.5696563720703,397550.0,397836.0,397948.0,398058.0,398584.0,1034255.0,0.5279706314454362,0.2408136259354774,0.0,0.36,0.5654761904761905,0.7105263157894737,1.0,1034255.0,0.3276305519260192,0.4968886146856198,0.0,0.0,0.0,0.6377433474846734,4.625961594715453,1034255.0,52.79706314454358,24.081362593547748,0.0,36.0,56.547619047619044,71.05263157894737,100.0,1034255.0,7480931.892551786,1.490116839766683e-08,7480931.892551801,7480931.892551801,7480931.892551801,7480931.892551801,7480931.892551801,1034255.0,321072.60955289,4.074538233737024e-10,321072.6095528896,321072.6095528896,321072.6095528896,321072.6095528896,321072.6095528896,1034255.0,500.2278747558594,0.0,500.2278747558594,500.2278747558594,500.2278747558594,500.2278747558594,500.2278747558594,1034255.0,31.112799200000055,5.329073094487249e-14,31.1127992,31.1127992,31.1127992,31.1127992,31.1127992,1034255.0,52.00466950000007,7.105430792649665e-14,52.0046695,52.0046695,52.0046695,52.0046695,52.0046695,1034255.0,1549844.9243780978,2.328307562135442e-09,1549844.9243781,1549844.9243781,1549844.9243781,1549844.9243781,1549844.9243781,1034255.0,100.0,0.0,100.0,100.0,100.0,100.0,100.0,1034255.0,3941.8551920755494,96.87052524306006,3730.1242187958114,3873.197168017562,3934.015408237602,3991.0325635032523,4418.866648435211,1034255.0,0.9907642344421389,3.3306706840545306e-16,0.9907642344421386,0.9907642344421386,0.9907642344421386,0.9907642344421386,0.9907642344421386,1034255.0,0.9596364532924666,0.015308838007719951,0.91,0.96,0.96,0.97,0.97,1034255.0,38.425013045181096,2.390623082862949,33.70878740411081,36.73925081243573,38.16906349986829,39.476426374758944,50.75651577061268
cam1-003-000491-0.tif,Upland,Outside,224560.0,36.4391975402832,2.056922197341919,32.089996337890625,34.769989013671875,36.410003662109375,37.889984130859375,44.730010986328125,224560.0,0.4882524907588959,0.6440554857254028,0.0,0.05999999865889549,0.13699999451637268,0.9509999752044678,5.909999847412109,224560.0,398398.9375,58.3165168762207,398099.0,398354.0,398394.0,398439.0,398652.0,224560.0,0.38731110313118433,0.2784706158670665,0.0,0.13432835820895522,0.35443037974683544,0.6212121212121212,1.0,224560.0,0.2900978657867022,0.4855747591396024,0.0,0.0,0.0,0.4539209308396548,3.561804439435818,224560.0,38.73111031311843,27.84706158670665,0.0,13.432835820895523,35.44303797468354,62.121212121212125,100.0,224560.0,7480931.892551801,0.0,7480931.892551801,7480931.892551801,7480931.892551801,7480931.892551801,7480931.892551801,224560.0,321072.6095528898,1.7462337155311588e-10,321072.6095528896,321072.6095528896,321072.6095528896,321072.6095528896,321072.6095528896,224560.0,500.2278747558594,0.0,500.2278747558594,500.2278747558594,500.2278747558594,500.2278747558594,500.2278747558594,224560.0,31.11279920000001,7.105443178430822e-15,31.1127992,31.1127992,31.1127992,31.1127992,31.1127992,224560.0,52.00466950000002,2.1316329535292465e-14,52.0046695,52.0046695,52.0046695,52.0046695,52.0046695,224560.0,1549844.9243780996,4.656623241416424e-10,1549844.9243781,1549844.9243781,1549844.9243781,1549844.9243781,1549844.9243781,224560.0,100.0,0.0,100.0,100.0,100.0,100.0,100.0,224560.0,4017.949027341053,113.97084390323214,3780.9758225451023,3925.2897737285466,4015.3124293887645,4097.6661385079315,4492.042861660444,224560.0,0.9907642344421388,2.220450993259632e-16,0.9907642344421386,0.9907642344421386,0.9907642344421386,0.9907642344421386,0.9907642344421386,224560.0,0.9533766031350197,0.021940574604024814,0.91,0.96,0.96,0.97,0.97,224560.0,40.28700063276205,3.1014620637043016,34.68470752668367,37.883091713704005,39.9310979777639,42.13751680314675,49.91938801477556
cam1-003-000506-0.tif,Upland,Inside,1019405.0,34.700096130371094,1.9249342679977417,30.45001220703125,33.170013427734375,34.6099853515625,35.970001220703125,42.730010986328125,1019405.0,1.4790160655975342,1.9190092086791992,0.0,0.07699999958276749,0.18299999833106995,2.868000030517578,9.392999649047852,1019405.0,397424.625,283.673095703125,396734.0,397179.0,397423.0,397646.0,398461.0,1019405.0,0.42348877138433966,0.2404495384353739,0.0,0.22395833333333331,0.4354838709677418,0.6153846153846154,1.0,1019405.0,0.3886125430949675,0.5194022759468175,0.0,0.0,0.023392079526382597,0.7894528990646571,4.0782977909255145,1019405.0,42.348877138434,24.044953843537385,0.0,22.395833333333332,43.548387096774185,61.53846153846154,100.0,1019405.0,7480960.241355179,9.313230314129535e-09,7480960.24135517,7480960.24135517,7480960.24135517,7480960.24135517,7480960.24135517,1019405.0,321314.8132896125,1.7462306838992878e-10,321314.8132896123,321314.8132896123,321314.8132896123,321314.8132896123,321314.8132896123,1019405.0,500.2942810058594,0.0,500.2942810058594,500.2942810058594,500.2942810058594,500.2942810058594,500.2942810058594,1019405.0,31.11687440000005,4.618530047747953e-14,31.116874400000004,31.116874400000004,31.116874400000004,31.116874400000004,31.116874400000004,1019405.0,51.99023649999988,1.2079232432571571e-13,51.9902365,51.9902365,51.9902365,51.9902365,51.9902365,1019405.0,1549729.5719366975,2.5611383363856217e-09,1549729.5719367,1549729.5719367,1549729.5719367,1549729.5719367,1549729.5719367,1019405.0,100.0,0.0,100.0,100.0,100.0,100.0,100.0,1019405.0,3922.376992855109,105.26979468532336,3694.37306928764,3838.7164122151653,3916.576500514082,3991.0325635032523,4374.386505939192,1019405.0,0.9907641014957003,2.2204471383403622e-15,0.9907641014957025,0.9907641014957025,0.9907641014957025,0.9907641014957025,0.9907641014957025,1019405.0,0.9573294225553141,0.019521676064209646,0.91,0.96,0.96,0.97,0.97,1019405.0,38.22491961382106,2.754376866817019,33.01756717398172,36.08567671433144,37.89748861711274,39.68072530826322,49.96131385136454
cam1-003-000506-0.tif,Upland,Outside,186815.0,35.741092681884766,1.8783882856369019,31.45001220703125,34.209991455078125,35.69000244140625,37.010009765625,42.529998779296875,186815.0,0.5844932794570923,0.7216583490371704,0.0,0.05700000002980232,0.15000000596046448,1.1360000371932983,5.159999847412109,186815.0,398125.96875,95.43679809570312,397870.0,398052.0,398138.0,398203.0,398409.0,186815.0,0.3620558687492695,0.26951828844627834,0.0,0.11842105263157894,0.3244274809160305,0.5901639344262295,1.0,186815.0,0.32089228883285537,0.4816162966126515,0.0,0.0,0.0,0.5689743631105235,2.8924287482503717,186815.0,36.20558687492696,26.951828844627833,0.0,11.842105263157894,32.44274809160305,59.01639344262295,100.0,186815.0,7480960.2413551705,9.313250672587715e-10,7480960.24135517,7480960.24135517,7480960.24135517,7480960.24135517,7480960.24135517,186815.0,321314.8132896125,1.7462345011101966e-10,321314.8132896123,321314.8132896123,321314.8132896123,321314.8132896123,321314.8132896123,186815.0,500.2942810058594,0.0,500.2942810058594,500.2942810058594,500.2942810058594,500.2942810058594,500.2942810058594,186815.0,31.116874400000025,2.131633912488033e-14,31.116874400000004,31.116874400000004,31.116874400000004,31.116874400000004,31.116874400000004,186815.0,51.99023650000003,2.842178549984044e-14,51.9902365,51.9902365,51.9902365,51.9902365,51.9902365,186815.0,1549729.5719367,0.0,1549729.5719367,1549729.5719367,1549729.5719367,1549729.5719367,1549729.5719367,186815.0,100.0,0.0,100.0,100.0,100.0,100.0,100.0,186815.0,3979.2903661451646,103.54538716014264,3747.0259406710666,3894.8482190981945,3975.630590968327,4048.5722533069834,4362.726634041301,186815.0,0.9907641014957028,3.3306779882625515e-16,0.9907641014957025,0.9907641014957025,0.9907641014957025,0.9907641014957025,0.9907641014957025,186815.0,0.9530693466798705,0.02298829398486707,0.91,0.96,0.96,0.97,0.97,186815.0,39.594917070661715,2.9834063778200193,34.03412725563692,37.20610383106418,39.149602174793415,41.396830227764724,49.75202664910432
cam1-003-000514-0.tif,Upland,Inside,1219650.0,34.31662368774414,1.816691279411316,30.1300048828125,32.850006103515625,34.209991455078125,35.489990234375,42.80999755859375,1219650.0,1.44753098487854,1.905053734779358,0.0,0.0860000029206276,0.20399999618530273,2.822000026702881,9.97700023651123,1219650.0,397063.5,247.3902130126953,396506.0,396887.0,397042.0,397217.0,397842.0,1219650.0,0.4540442903397621,0.24113300388508918,0.0,0.25925925925925924,0.47368421052631576,0.6467391304347827,1.0,1219650.0,0.3945696795990612,0.532942013472366,0.0,0.0,0.011940333973007592,0.8044684330065772,4.519459328688857,1219650.0,45.40442903397621,24.11330038850893,0.0,25.925925925925924,47.368421052631575,64.67391304347827,100.0,1219650.0,7480974.323208699,1.1175875476977908e-08,7480974.32320871,7480974.32320871,7480974.32320871,7480974.32320871,7480974.32320871,1219650.0,321437.8101647292,5.820768477592661e-11,321437.81016472925,321437.81016472925,321437.81016472925,321437.81016472925,321437.81016472925,1219650.0,500.683349609375,0.0,500.683349609375,500.683349609375,500.683349609375,500.683349609375,500.683349609375,1219650.0,31.118938666666597,6.75015875697391e-14,31.118938666666665,31.118938666666665,31.118938666666665,31.118938666666665,31.118938666666665,1219650.0,51.98292555555575,1.8474118703297017e-13,51.98292555555557,51.98292555555557,51.98292555555557,51.98292555555557,51.98292555555557,1219650.0,1549671.1408904474,2.793968869244477e-09,1549671.1408904446,1549671.1408904446,1549671.1408904446,1549671.1408904446,1549671.1408904446,1219650.0,100.0,0.0,100.0,100.0,100.0,100.0,100.0,1219650.0,3901.4297941065706,99.03951146218202,3677.6254940390136,3821.5493189931467,3894.8482190981945,3964.651651094398,4379.054806609866,1219650.0,0.9907640340792435,1.6653352196481687e-15,0.9907640340792419,0.9907640340792419,0.9907640340792419,0.9907640340792419,0.9907640340792419,1219650.0,0.9582453572746281,0.018295322414422905,0.91,0.96,0.96,0.97,0.97,1219650.0,37.766690226933,2.570427588385583,32.69228502847352,35.78274025808804,37.474623710864876,39.11767353215021,50.045042073368904
cam1-003-000514-0.tif,Upland,Outside,101795.0,35.114017486572266,1.6120654344558716,31.25,33.889984130859375,35.25,36.25,40.170013427734375,101795.0,0.44868701696395874,0.6649492979049683,0.0,0.06499999761581421,0.12300000339746475,0.6340000033378601,4.263000011444092,101795.0,397790.84375,181.30210876464844,397341.0,397631.0,397835.0,397952.0,398204.0,101795.0,0.370219647311848,0.26545969173765877,0.0,0.13636363636363635,0.3333333333333333,0.5852713178294573,1.0,101795.0,0.23452569348865276,0.4573397538982479,0.0,0.0,0.0,0.21072103131565256,3.083635449518243,101795.0,37.0219647311848,26.54596917376588,0.0,13.636363636363635,33.33333333333333,58.52713178294573,100.0,101795.0,7480974.323208706,3.72530859659908e-09,7480974.32320871,7480974.32320871,7480974.32320871,7480974.32320871,7480974.32320871,101795.0,321437.81016472913,1.1641589364372126e-10,321437.81016472925,321437.81016472925,321437.81016472925,321437.81016472925,321437.81016472925,101795.0,500.683349609375,0.0,500.683349609375,500.683349609375,500.683349609375,500.683349609375,500.683349609375,101795.0,31.118938666666676,1.0658193387791864e-14,31.118938666666665,31.118938666666665,31.118938666666665,31.118938666666665,31.118938666666665,101795.0,51.98292555555555,1.4210924517055817e-14,51.98292555555557,51.98292555555557,51.98292555555557,51.98292555555557,51.98292555555557,101795.0,1549671.1408904453,6.984953618623276e-10,1549671.1408904446,1549671.1408904446,1549671.1408904446,1549671.1408904446,1549671.1408904446,101795.0,100.0,0.0,100.0,100.0,100.0,100.0,100.0,101795.0,3944.693876373085,88.08246460183163,3736.456179102538,3877.520540542013,3951.5037649648903,4006.4724112715558,4226.61114693543,101795.0,0.9907640340792414,4.440913911579943e-16,0.9907640340792419,0.9907640340792419,0.9907640340792419,0.9907640340792419,0.9907640340792419,101795.0,0.9542457881035415,0.020268200528553857,0.91,0.96,0.96,0.97,0.97,101795.0,38.8617023962836,2.5276029958060193,33.830813016685624,37.04343677544671,38.700207676265904,40.1301784363032,47.282984359625175
cam1-003-000558-0.tif,Lowland,Inside,978745.0,34.64857482910156,3.070719003677368,29.730010986328125,32.089996337890625,33.730010986328125,36.730010986328125,44.290008544921875,978745.0,1.8585901260375977,2.327298164367676,0.0,0.07400000095367432,0.36800000071525574,3.4030001163482666,10.465999603271484,978745.0,392097.25,431.7839050292969,391123.0,391726.0,392062.0,392454.0,393457.0,978745.0,0.49641741588601074,0.29559657755241825,0.0,0.23809523809523808,0.5427350427350428,0.7458333333333333,1.0,978745.0,0.5800761310057188,0.7282937296073089,0.0,0.0,0.1081344425405514,1.1525691881269846,9.844822121362835,978745.0,49.641741588601086,29.55965775524182,0.0,23.809523809523807,54.27350427350428,74.58333333333333,100.0,978745.0,7481056.394462074,1.2107199655066149e-08,7481056.394462062,7481056.394462062,7481056.394462062,7481056.394462062,7481056.394462062,978745.0,322137.20639197045,1.7462307194806947e-10,322137.2063919703,322137.2063919703,322137.2063919703,322137.2063919703,322137.2063919703,978745.0,501.12982177734375,0.0,501.12982177734375,501.12982177734375,501.12982177734375,501.12982177734375,501.12982177734375,978745.0,31.130665866666707,3.907987043108651e-14,31.130665866666668,31.130665866666668,31.130665866666668,31.130665866666668,31.130665866666668,978745.0,51.941391722222136,8.52651718496433e-14,51.94139172222222,51.94139172222222,51.94139172222222,51.94139172222222,51.94139172222222,978745.0,1549339.1912558763,1.1641538129871297e-09,1549339.1912558775,1549339.1912558775,1549339.1912558775,1549339.1912558775,1549339.1912558775,978745.0,100.0,0.0,100.0,100.0,100.0,100.0,100.0,978745.0,3920.9540471472433,169.13026627151442,3656.761152768354,3780.9758225451023,3868.8768831118045,4033.0295775165227,4465.992213027413,978745.0,0.9907636501471453,1.998402465226015e-15,0.9907636501471473,0.9907636501471473,0.9907636501471473,0.9907636501471473,0.9907636501471473,978745.0,0.9572353881756742,0.020502708845395193,0.91,0.96,0.96,0.97,0.97,978745.0,38.19229018942687,4.157028873467535,32.285767953183495,34.80681849179729,36.86194510735913,40.620589498806055,51.59401726583434
cam1-003-000558-0.tif,Lowland,Outside,347050.0,37.13328170776367,1.9203822612762451,31.410003662109375,36.04998779296875,37.25,38.25,44.010009765625,347050.0,0.18079794943332672,0.401989609003067,0.0,0.03999999910593033,0.05999999865889549,0.09300000220537186,5.710999965667725,347050.0,392714.78125,384.8269348144531,391914.0,392337.0,392750.0,393045.0,393774.0,347050.0,0.1936741339688816,0.2315202198141858,0.0,0.030303030303030304,0.10256410256410256,0.2647058823529412,1.0,347050.0,0.07581337834256387,0.2943770766363825,0.0,0.0,0.0,0.0,3.7244300485838377,347050.0,19.367413396888157,23.15202198141858,0.0,3.0303030303030303,10.256410256410255,26.47058823529412,100.0,347050.0,7481056.394462055,7.450591331107229e-09,7481056.394462062,7481056.394462062,7481056.394462062,7481056.394462062,7481056.394462062,347050.0,322137.20639197016,1.1641548954855046e-10,322137.2063919703,322137.2063919703,322137.2063919703,322137.2063919703,322137.2063919703,347050.0,501.12982177734375,0.0,501.12982177734375,501.12982177734375,501.12982177734375,501.12982177734375,501.12982177734375,347050.0,31.130665866666668,0.0,31.130665866666668,31.130665866666668,31.130665866666668,31.130665866666668,31.130665866666668,347050.0,51.94139172222226,3.5527187972580094e-14,51.94139172222222,51.94139172222222,51.94139172222222,51.94139172222222,51.94139172222222,347050.0,1549339.1912558766,9.313239163884036e-10,1549339.1912558775,1549339.1912558775,1549339.1912558775,1549339.1912558775,1549339.1912558775,347050.0,100.0,0.0,100.0,100.0,100.0,100.0,100.0,347050.0,4056.318319178287,106.84459793963423,3744.9101233998613,3995.4393627340974,4061.924219257689,4117.859376425129,4449.463478892923,347050.0,0.9907636501471471,2.220449248286256e-16,0.9907636501471473,0.9907636501471473,0.9907636501471473,0.9907636501471473,0.9907636501471473,347050.0,0.9418967007635792,0.025145284748305928,0.91,0.91,0.96,0.96,0.97,347050.0,41.820908141805674,3.250567539010176,33.99354946829476,39.55827220381599,41.23349499173776,44.521882435613634,51.30098549084937
cam1-003-000566-0.tif,Lowland,Inside,1188995.0,33.1492919921875,1.7312299013137817,29.529998779296875,31.80999755859375,32.970001220703125,34.089996337890625,42.850006103515625,1188995.0,2.2446227073669434,2.9183223247528076,0.0,0.2280000001192093,0.5479999780654907,4.3429999351501465,12.225000381469727,1188995.0,391492.0625,277.1092224121094,390673.0,391289.0,391469.0,391672.0,393039.0,1188995.0,0.7032188161356004,0.22785613972228064,0.0,0.5943396226415094,0.7604166666666666,0.8736559139784946,1.0,1188995.0,0.5800782647259508,0.7427788656414994,0.0,0.0,0.14605027002977977,1.1584540257227978,10.125271206894157,1188995.0,70.32188161356002,22.78561397222806,0.0,59.43396226415094,76.04166666666666,87.36559139784946,100.0,1188995.0,7481071.352416487,2.235175119020373e-08,7481071.352416465,7481071.352416465,7481071.352416465,7481071.352416465,7481071.352416465,1188995.0,322264.7749555834,2.328307415646222e-10,322264.77495558315,322264.77495558315,322264.77495558315,322264.77495558315,322264.77495558315,1188995.0,501.537841796875,0.0,501.537841796875,501.537841796875,501.537841796875,501.537841796875,501.537841796875,1188995.0,31.132801333333273,6.039615793760037e-14,31.132801333333333,31.132801333333333,31.132801333333333,31.132801333333333,31.132801333333333,1188995.0,51.93382861111126,1.492140372576009e-13,51.93382861111111,51.93382861111111,51.93382861111111,51.93382861111111,51.93382861111111,1188995.0,1549278.744825391,2.328307415646222e-09,1549278.7448253888,1549278.7448253888,1549278.7448253888,1549278.7448253888,1549278.7448253888,1188995.0,100.0,0.0,100.0,100.0,100.0,100.0,100.0,1188995.0,3838.327016859144,93.9310704798356,3646.357069202343,3766.0981528918223,3827.980780963926,3888.344960625321,4381.391009202184,1188995.0,0.9907635800635685,3.4416928236500208e-15,0.990763580063565,0.990763580063565,0.990763580063565,0.990763580063565,0.990763580063565,1188995.0,0.9638067864036434,0.010599074299946297,0.91,0.96,0.97,0.97,0.97,1188995.0,36.186057289510366,2.2302724204697406,32.082471285768634,34.492781422656094,35.945474563616585,37.27046697691793,50.08711643851956
cam1-003-000566-0.tif,Lowland,Outside,658395.0,36.37877655029297,1.757887601852417,29.970001220703125,35.329986572265625,36.489990234375,37.57000732421875,42.170013427734375,658395.0,0.23241224884986877,0.4670429825782776,0.0,0.05900000035762787,0.09399999678134918,0.17000000178813934,7.026000022888184,658395.0,391797.90625,399.8048400878906,390615.0,391632.0,391883.0,392069.0,392837.0,658395.0,0.34266529834448745,0.2686085571851616,0.0,0.11578947368421053,0.2830188679245283,0.5263157894736842,1.0,658395.0,0.06862424517145489,0.28736938532169365,0.0,0.0,0.0,0.0,4.299248362604754,658395.0,34.26652983444873,26.86085571851616,0.0,11.578947368421053,28.30188679245283,52.63157894736842,100.0,658395.0,7481071.352416465,0.0,7481071.352416465,7481071.352416465,7481071.352416465,7481071.352416465,7481071.352416465,658395.0,322264.77495558286,2.9103852558863584e-10,322264.77495558315,322264.77495558315,322264.77495558315,322264.77495558315,322264.77495558315,658395.0,501.537841796875,0.0,501.537841796875,501.537841796875,501.537841796875,501.537841796875,501.537841796875,658395.0,31.132801333333333,0.0,31.132801333333333,31.132801333333333,31.132801333333333,31.132801333333333,31.132801333333333,658395.0,51.93382861111108,2.842173101451522e-14,51.93382861111111,51.93382861111111,51.93382861111111,51.93382861111111,51.93382861111111,658395.0,1549278.7448253897,9.313232818836348e-10,1549278.7448253888,1549278.7448253888,1549278.7448253888,1549278.7448253888,1549278.7448253888,658395.0,100.0,0.0,100.0,100.0,100.0,100.0,100.0,658395.0,4014.331822348383,96.89723539617579,3669.2701964024263,3955.882745777395,4019.7362330746164,4079.7712819058947,4341.789778656563,658395.0,0.9907635800635659,8.881790942036007e-16,0.990763580063565,0.990763580063565,0.990763580063565,0.990763580063565,0.990763580063565,658395.0,0.9519066821588869,0.020080917944891596,0.91,0.96,0.96,0.96,0.97,658395.0,40.32120517335432,2.6944954153046354,32.529734094899425,38.65945801436118,39.966856103437294,41.64211733272549,49.250017344514504
cam1-003-000576-0.tif,Lowland,Inside,633460.0,34.60697937011719,2.5187673568725586,30.489990234375,32.410003662109375,34.1300048828125,36.57000732421875,41.1300048828125,633460.0,2.1988656520843506,2.6959445476531982,0.0,0.07999999821186066,0.3919999897480011,4.0960001945495605,11.022000312805176,633460.0,391891.5,440.8926086425781,391002.0,391537.0,391830.0,392248.0,393146.0,633460.0,0.46821329771029613,0.27290231575551627,0.0,0.23333333333333334,0.5045045045045045,0.6888379204892965,1.0,633460.0,0.4588658004275841,0.5767872257436096,0.0,0.0,0.09134007366637664,0.908963064332358,7.940583827104244,633460.0,46.82132977102961,27.29023157555162,0.0,23.333333333333332,50.45045045045045,68.88379204892965,100.0,633460.0,7481089.90307669,4.656616548619958e-09,7481089.903076685,7481089.903076685,7481089.903076685,7481089.903076685,7481089.903076685,633460.0,322429.1328022664,2.9103853428874735e-10,322429.1328022661,322429.1328022661,322429.1328022661,322429.1328022661,322429.1328022661,633460.0,501.4383544921875,0.0,501.4383544921875,501.4383544921875,501.4383544921875,501.4383544921875,501.4383544921875,633460.0,31.13554186666669,2.1316298898101614e-14,31.135541866666667,31.135541866666667,31.135541866666667,31.135541866666667,31.135541866666667,633460.0,51.92412255555561,6.394889669430484e-14,51.92412255555555,51.92412255555555,51.92412255555555,51.92412255555555,51.92412255555555,633460.0,1549201.1714030465,2.095477446878981e-09,1549201.1714030444,1549201.1714030444,1549201.1714030444,1549201.1714030444,1549201.1714030444,633460.0,100.0,0.0,100.0,100.0,100.0,100.0,100.0,633460.0,3917.944770830167,137.78708523531472,3696.468783449499,3798.0256219504304,3890.512492424135,4024.1648178724217,4281.654859575063,633460.0,0.9907634900449697,9.99201510848513e-16,0.9907634900449707,0.9907634900449707,0.9907634900449707,0.9907634900449707,0.9907634900449707,633460.0,0.9581118776244756,0.019470770385769474,0.91,0.96,0.96,0.97,0.97,633460.0,38.082147072860955,3.4857947211066245,33.05833439390244,35.1321804771909,37.24687697937043,40.33461811207104,48.28752661163003
cam1-003-000576-0.tif,Lowland,Outside,1171105.0,37.112754821777344,1.5442628860473633,31.209991455078125,36.25,37.25,38.1300048828125,41.45001220703125,1171105.0,0.15115606784820557,0.5110757946968079,0.0,0.027000000700354576,0.04800000041723251,0.07400000095367432,6.73199987411499,1171105.0,392810.375,496.3785705566406,391548.0,392396.0,392880.0,393219.0,393892.0,1171105.0,0.16551020625596438,0.21016302729836328,0.0,0.0,0.0851063829787234,0.24050632911392406,1.0,1171105.0,0.045473879212195756,0.22032590392942838,0.0,0.0,0.0,0.0,5.278114659230519,1171105.0,16.551020625596433,21.016302729836323,0.0,0.0,8.51063829787234,24.050632911392405,100.0,1171105.0,7481089.903076672,1.3038521611378174e-08,7481089.903076685,7481089.903076685,7481089.903076685,7481089.903076685,7481089.903076685,1171105.0,322429.1328022655,5.820768576508114e-10,322429.1328022661,322429.1328022661,322429.1328022661,322429.1328022661,322429.1328022661,1171105.0,501.4383544921875,0.0,501.4383544921875,501.4383544921875,501.4383544921875,501.4383544921875,501.4383544921875,1171105.0,31.135541866666664,3.552715195622628e-15,31.135541866666667,31.135541866666667,31.135541866666667,31.135541866666667,31.135541866666667,1171105.0,51.92412255555542,1.2789774704241461e-13,51.92412255555555,51.92412255555555,51.92412255555555,51.92412255555555,51.92412255555555,1171105.0,1549201.171403048,3.725291888965193e-09,1549201.1714030444,1549201.1714030444,1549201.1714030444,1549201.1714030444,1549201.1714030444,1171105.0,100.0,0.0,100.0,100.0,100.0,100.0,100.0,1171105.0,4054.8617188342864,85.5643163079765,3734.344217908738,4006.4724112715558,4061.924219257689,4111.121905122773,4300.102438036859,1171105.0,0.9907634900449694,1.2212458484952784e-15,0.9907634900449707,0.9907634900449707,0.9907634900449707,0.9907634900449707,0.9907634900449707,1171105.0,0.9341587218908637,0.02559376279267909,0.91,0.91,0.91,0.96,0.97,1171105.0,42.34861867234924,2.6266213413912447,33.790254979307974,40.50070010910065,42.62283600907659,44.43831051351441,48.538607037690156
cam1-003-000619-0.tif,Lowland,Inside,15615.0,34.81189727783203,1.9607791900634766,31.80999755859375,33.170013427734375,34.57000732421875,36.489990234375,39.649993896484375,15615.0,0.9635183811187744,1.2594960927963257,0.0,0.07199999690055847,0.1860000044107437,1.75,4.265999794006348,15615.0,392959.78125,100.81180572509766,392641.0,392909.0,392955.0,393005.0,393457.0,15615.0,0.4816064530033797,0.28307702850725763,0.0,0.23,0.5104895104895105,0.7151162790697675,1.0,15615.0,0.3368981718857297,0.5242072860670054,0.0,0.0,0.0,0.5817234507383212,2.5812326653877666,15615.0,48.16064530033797,28.30770285072576,0.0,23.0,51.048951048951054,71.51162790697676,100.0,15615.0,7481153.087254511,1.862704794911976e-09,7481153.087254513,7481153.087254513,7481153.087254513,7481153.087254513,7481153.087254513,15615.0,321995.4531473905,0.0,321995.4531473905,321995.4531473905,321995.4531473905,321995.4531473905,321995.4531473905,15615.0,500.0843505859375,0.0,500.0843505859375,500.0843505859375,500.0843505859375,500.0843505859375,500.0843505859375,15615.0,31.14693093333335,1.4211309775634584e-14,31.146930933333337,31.146930933333337,31.146930933333337,31.146930933333337,31.146930933333337,15615.0,51.883786277777745,2.842261955126917e-14,51.88378627777777,51.88378627777777,51.88378627777777,51.88378627777777,51.88378627777777,15615.0,1548878.7929565224,2.32838099363997e-10,1548878.7929565222,1548878.7929565222,1548878.7929565222,1548878.7929565222,1548878.7929565222,15615.0,100.0,0.0,100.0,100.0,100.0,100.0,100.0,15615.0,3928.502041644021,107.21996381618067,3766.0981528918223,3838.7164122151653,3914.401358637855,4019.7362330746164,4196.980582219928,15615.0,0.99076311501427,2.2205171524429037e-16,0.9907631150142702,0.9907631150142702,0.9907631150142702,0.9907631150142702,0.9907631150142702,15615.0,0.9558277297470382,0.020382339697699627,0.91,0.96,0.96,0.97,0.97,15615.0,38.44782122562859,2.987593717060893,34.40029123229425,36.067598041819224,37.694325860331844,40.25673320657347,46.73944554983865
cam1-003-000619-0.tif,Lowland,Outside,81220.0,36.02326583862305,0.8230991363525391,32.529998779296875,35.529998779296875,36.010009765625,36.529998779296875,39.410003662109375,81220.0,0.0773332267999649,0.1641697734594345,0.0,0.04500000178813934,0.05900000035762787,0.07699999958276749,3.0339999198913574,81220.0,393621.40625,283.49822998046875,392921.0,393375.75,393715.0,393859.0,394076.0,81220.0,0.1559038438849943,0.1442470576049049,0.0,0.05263157894736842,0.11827956989247312,0.21428571428571427,1.0,81220.0,0.00650541427818611,0.07762669785456154,0.0,0.0,0.0,0.0,1.8057771632307467,81220.0,15.59038438849943,14.42470576049049,0.0,5.263157894736842,11.827956989247312,21.428571428571427,100.0,81220.0,7481153.087254511,1.862656616002377e-09,7481153.087254513,7481153.087254513,7481153.087254513,7481153.087254513,7481153.087254513,81220.0,321995.45314739045,5.820801925007428e-11,321995.4531473905,321995.4531473905,321995.4531473905,321995.4531473905,321995.4531473905,81220.0,500.0843505859375,0.0,500.0843505859375,500.0843505859375,500.0843505859375,500.0843505859375,500.0843505859375,81220.0,31.146930933333348,1.0658206649793872e-14,31.146930933333337,31.146930933333337,31.146930933333337,31.146930933333337,31.146930933333337,81220.0,51.88378627777776,1.4210942199725165e-14,51.88378627777777,51.88378627777777,51.88378627777777,51.88378627777777,51.88378627777777,81220.0,1548878.7929565222,0.0,1548878.7929565222,1548878.7929565222,1548878.7929565222,1548878.7929565222,1548878.7929565222,81220.0,100.0,0.0,100.0,100.0,100.0,100.0,100.0,81220.0,3994.13033491916,45.346327260647676,3804.431619675911,3966.846228062821,3993.23641742775,4021.95013873339,4183.350120458526,81220.0,0.9907631150142697,4.440919437414114e-16,0.9907631150142702,0.9907631150142702,0.9907631150142702,0.9907631150142702,0.9907631150142702,81220.0,0.9430041861610444,0.02379076086631063,0.91,0.91,0.96,0.96,0.97,81220.0,40.586596490447555,2.064405392959331,35.213575541154796,38.986422326987054,39.76270294301196,42.72356343964532,46.44656430889529
cam1-003-000619-0.tif,Upland,Inside,69070.0,34.60594177246094,1.807186245918274,31.45001220703125,32.970001220703125,34.6099853515625,36.04998779296875,39.889984130859375,69070.0,1.5954821109771729,2.26408314704895,0.0,0.061000000685453415,0.13300000131130219,3.558000087738037,8.930000305175781,69070.0,394159.375,153.56918334960938,393833.0,394032.0,394152.0,394273.0,394655.0,69070.0,0.3574297085757593,0.24554547176695943,0.0,0.13513513513513514,0.3333333333333333,0.5649717514124293,0.958904109589041,69070.0,0.33404886532245454,0.508019051824185,0.0,0.0,0.0,0.6709734829961356,2.0940188713454853,69070.0,35.742970857575926,24.55454717669594,0.0,13.513513513513514,33.33333333333333,56.49717514124293,95.8904109589041,69070.0,7481153.08725451,2.7939879496902365e-09,7481153.087254513,7481153.087254513,7481153.087254513,7481153.087254513,7481153.087254513,69070.0,321995.45314739045,5.820808228521326e-11,321995.4531473905,321995.4531473905,321995.4531473905,321995.4531473905,321995.4531473905,69070.0,500.0843505859375,0.0,500.0843505859375,500.0843505859375,500.0843505859375,500.0843505859375,500.0843505859375,69070.0,31.14693093333335,1.4210957589163394e-14,31.146930933333337,31.146930933333337,31.146930933333337,31.146930933333337,31.146930933333337,69070.0,51.88378627777775,2.131643638374509e-14,51.88378627777777,51.88378627777777,51.88378627777777,51.88378627777777,51.88378627777777,69070.0,1548878.7929565222,0.0,1548878.7929565222,1548878.7929565222,1548878.7929565222,1548878.7929565222,1548878.7929565222,69070.0,100.0,0.0,100.0,100.0,100.0,100.0,100.0,69070.0,3917.1450354616773,98.49854815207092,3747.0259406710666,3827.980780963926,3916.576500514082,3995.4393627340974,4210.638902974006,69070.0,0.9907631150142697,4.440924246613561e-16,0.9907631150142702,0.9907631150142702,0.9907631150142702,0.9907631150142702,0.9907631150142702,69070.0,0.953797596641089,0.02198831371801624,0.91,0.96,0.96,0.97,0.97,69070.0,38.37696854573945,2.7623760742561,34.03433281294434,36.00424311055872,38.25103818181327,39.96697164020259,46.990484697428315
cam1-003-000619-0.tif,Upland,Outside,366450.0,36.14591979980469,1.1915805339813232,31.57000732421875,35.57000732421875,36.25,36.889984130859375,40.80999755859375,366450.0,0.1842288374900818,0.5089672803878784,0.0,0.050999999046325684,0.0689999982714653,0.10400000214576721,8.194000244140625,366450.0,394733.90625,203.761962890625,394200.0,394585.0,394730.0,394890.0,395345.0,366450.0,0.23059480165938517,0.2195003632407995,0.0,0.07142857142857142,0.1568627450980392,0.31521739130434784,1.0,366450.0,0.06180325711185061,0.23875702702684173,0.0,0.0,0.0,0.0,4.062864644986949,366450.0,23.05948016593851,21.95003632407995,0.0,7.142857142857142,15.686274509803921,31.521739130434785,100.0,366450.0,7481153.087254519,5.587943072125787e-09,7481153.087254513,7481153.087254513,7481153.087254513,7481153.087254513,7481153.087254513,366450.0,321995.45314739074,2.328309613385745e-10,321995.4531473905,321995.4531473905,321995.4531473905,321995.4531473905,321995.4531473905,366450.0,500.0843505859375,0.0,500.0843505859375,500.0843505859375,500.0843505859375,500.0843505859375,500.0843505859375,366450.0,31.146930933333344,7.105437052568801e-15,31.146930933333337,31.146930933333337,31.146930933333337,31.146930933333337,31.146930933333337,366450.0,51.88378627777776,1.4210874105137602e-14,51.88378627777777,51.88378627777777,51.88378627777777,51.88378627777777,51.88378627777777,366450.0,1548878.7929565234,1.1641548066928724e-09,1548878.7929565222,1548878.7929565222,1548878.7929565222,1548878.7929565222,1548878.7929565222,366450.0,100.0,0.0,100.0,100.0,100.0,100.0,100.0,366450.0,4001.071807210231,65.52723707312985,3753.3764049832207,3969.0415781831034,4006.4724112715558,4041.9050147796015,4263.256829723298,366450.0,0.9907631150142697,4.440898157855501e-16,0.9907631150142702,0.9907631150142702,0.9907631150142702,0.9907631150142702,0.9907631150142702,366450.0,0.9486350115977628,0.022089123532711426,0.91,0.96,0.96,0.96,0.97,366450.0,40.312787652700905,2.2164540755624493,34.15631824792911,38.986422326987054,39.88527011321355,41.560522790794835,47.95291626015319
cam1-003-000629-0.tif,Upland,Inside,223110.0,34.72417068481445,1.953263759613037,31.010009765625,33.010009765625,34.6099853515625,36.209991455078125,40.529998779296875,223110.0,1.2464885711669922,2.064729928970337,0.0,0.06300000101327896,0.12300000339746475,1.4880000352859497,8.880999565124512,223110.0,394745.28125,306.7506408691406,394140.0,394479.0,394720.0,394970.0,395497.0,223110.0,0.36841414592469074,0.25155305284871843,0.0,0.14285714285714285,0.34615384615384615,0.5769230769230769,1.0,223110.0,0.2659664126413004,0.47056048912089093,0.0,0.0,0.0,0.3646431135879092,2.4797141978609747,223110.0,36.841414592469064,25.155305284871844,0.0,14.285714285714285,34.61538461538461,57.692307692307686,100.0,223110.0,7481134.689064988,1.862649323520345e-09,7481134.68906499,7481134.68906499,7481134.68906499,7481134.68906499,7481134.68906499,223110.0,321836.82810869906,2.328311654400431e-10,321836.8281086993,321836.8281086993,321836.8281086993,321836.8281086993,321836.8281086993,223110.0,500.2297668457031,0.0,500.2297668457031,500.2297668457031,500.2297668457031,500.2297668457031,500.2297668457031,223110.0,31.149600266666656,7.105443281251316e-15,31.149600266666663,31.149600266666663,31.149600266666663,31.149600266666663,31.149600266666663,223110.0,51.874332388888895,7.105443281251316e-15,51.8743323888889,51.8743323888889,51.8743323888889,51.8743323888889,51.8743323888889,223110.0,1548803.234918411,2.328311654400431e-10,1548803.2349184111,1548803.2349184111,1548803.2349184111,1548803.2349184111,1548803.2349184111,223110.0,100.0,0.0,100.0,100.0,100.0,100.0,100.0,223110.0,3923.7147611855485,106.65409067206346,3723.7991960163204,3830.126690784217,3916.576500514082,4004.2639184445493,4247.199633723314,223110.0,0.9907630268981081,5.551127563477591e-16,0.9907630268981087,0.9907630268981087,0.9907630268981087,0.9907630268981087,0.9907630268981087,223110.0,0.953911075254359,0.02097513374072214,0.91,0.96,0.96,0.97,0.97,223110.0,38.488737282500395,2.868110430683716,33.74971084537157,36.10826114157754,38.16936659515659,40.21454669087359,47.241603500942574
cam1-003-000629-0.tif,Upland,Outside,1016710.0,36.1508903503418,1.2828009128570557,31.3699951171875,35.529998779296875,36.290008544921875,36.970001220703125,41.730010986328125,1016710.0,0.20047424733638763,0.415815144777298,0.0,0.050999999046325684,0.07100000232458115,0.11299999803304672,5.591000080108643,1016710.0,395438.53125,307.5887145996094,394653.0,395203.0,395443.0,395679.0,396147.0,1016710.0,0.24492850624727555,0.22524577641570173,0.0,0.08,0.17073170731707318,0.3333333333333333,1.0,1016710.0,0.08213384567695392,0.27762449925407795,0.0,0.0,0.0,0.0,3.3078484010756046,1016710.0,24.49285062472755,22.524577641570172,0.0,8.0,17.073170731707318,33.33333333333333,100.0,1016710.0,7481134.689064982,7.450584260990323e-09,7481134.68906499,7481134.68906499,7481134.68906499,7481134.68906499,7481134.68906499,1016710.0,321836.8281086987,5.82076895389869e-10,321836.8281086993,321836.8281086993,321836.8281086993,321836.8281086993,321836.8281086993,1016710.0,500.2297668457031,0.0,500.2297668457031,500.2297668457031,500.2297668457031,500.2297668457031,500.2297668457031,1016710.0,31.149600266666738,7.460702394523468e-14,31.149600266666663,31.149600266666663,31.149600266666663,31.149600266666663,31.149600266666663,1016710.0,51.87433238888906,1.5631947874239646e-13,51.8743323888889,51.8743323888889,51.8743323888889,51.8743323888889,51.8743323888889,1016710.0,1548803.2349184135,2.328307581559476e-09,1548803.2349184111,1548803.2349184111,1548803.2349184111,1548803.2349184111,1548803.2349184111,1016710.0,100.0,0.0,100.0,100.0,100.0,100.0,100.0,1016710.0,4001.400534966379,70.55037371432755,3742.795077503279,3966.846228062821,4008.6816774908507,4046.3490668561262,4316.284275150107,1016710.0,0.9907630268981081,5.551117853068056e-16,0.9907630268981087,0.9907630268981087,0.9907630268981087,0.9907630268981087,0.9907630268981087,1016710.0,0.9490733345791821,0.022130567294338602,0.91,0.96,0.96,0.96,0.97,1016710.0,40.28755688552896,2.290113853066029,33.953007196793294,38.945580138170385,39.8852919672438,41.47880445512078,48.91548629196444
cam1-003-000640-0.tif,Upland,Inside,230575.0,33.846126556396484,1.4819984436035156,31.209991455078125,32.57000732421875,33.649993896484375,34.970001220703125,39.3699951171875,230575.0,1.5932750701904297,2.2006633281707764,0.0,0.07500000298023224,0.17000000178813934,3.2790000438690186,8.336999893188477,230575.0,395789.0,351.277099609375,395139.0,395509.0,395713.0,396035.0,396690.0,230575.0,0.41677125385634545,0.2484103174271589,0.0,0.2,0.4246575342465753,0.625,1.0,230575.0,0.34809531606494554,0.5042089134584534,0.0,0.0,0.0,0.7237721294761303,2.410169066357253,230575.0,41.67712538563454,24.841031742715888,0.0,20.0,42.465753424657535,62.5,100.0,230575.0,7481114.543673169,3.725298376749708e-09,7481114.543673173,7481114.543673173,7481114.543673173,7481114.543673173,7481114.543673173,230575.0,321661.5482350848,1.1641557427342837e-10,321661.5482350847,321661.5482350847,321661.5482350847,321661.5482350847,321661.5482350847,230575.0,500.13665771484375,0.0,500.13665771484375,500.13665771484375,500.13665771484375,500.13665771484375,500.13665771484375,230575.0,31.152536533333322,7.10544276571218e-15,31.15253653333333,31.15253653333333,31.15253653333333,31.15253653333333,31.15253653333333,230575.0,51.86393311111116,3.5527213828560896e-14,51.86393311111112,51.86393311111112,51.86393311111112,51.86393311111112,51.86393311111112,230575.0,1548720.121076488,9.31324594187427e-10,1548720.1210764889,1548720.1210764889,1548720.1210764889,1548720.1210764889,1548720.1210764889,230575.0,100.0,0.0,100.0,100.0,100.0,100.0,100.0,230575.0,3875.6797871620197,80.35039532610364,3734.344217908738,3806.569038849618,3864.5580391234453,3936.199164933319,4181.080508258321,230575.0,0.9907629298748083,5.55112716071264e-16,0.9907629298748077,0.9907629298748077,0.9907629298748077,0.9907629298748077,0.9907629298748077,230575.0,0.956148975387618,0.020065639367538142,0.91,0.96,0.96,0.97,0.97,230575.0,37.43067050629235,2.2828078729365564,33.79037149272892,35.53894862085684,37.0436639584247,38.793067974749306,46.44665098957779
cam1-003-000640-0.tif,Upland,Outside,1015310.0,36.21636962890625,1.5846630334854126,31.170013427734375,35.3699951171875,36.410003662109375,37.25,41.3699951171875,1015310.0,0.28739994764328003,0.5162361264228821,0.0,0.04899999871850014,0.07400000095367432,0.1599999964237213,5.747000217437744,1015310.0,396458.34375,314.6606750488281,395703.0,396219.0,396441.0,396690.0,397338.0,1015310.0,0.26268552112619525,0.2478433138552004,0.0,0.07142857142857142,0.1729441528349175,0.3888888888888889,1.0,1015310.0,0.15255025690156862,0.37604580807370214,0.0,0.0,0.0,0.0,3.6402526731661484,1015310.0,26.26855211261953,24.78433138552004,0.0,7.142857142857142,17.294415283491748,38.88888888888889,100.0,1015310.0,7481114.5436731605,1.2107199432319337e-08,7481114.543673173,7481114.543673173,7481114.543673173,7481114.543673173,7481114.543673173,1015310.0,321661.5482350843,4.0745382704920845e-10,321661.5482350847,321661.5482350847,321661.5482350847,321661.5482350847,321661.5482350847,1015310.0,500.13665771484375,0.0,500.13665771484375,500.13665771484375,500.13665771484375,500.13665771484375,500.13665771484375,1015310.0,31.152536533333297,3.1974438855354317e-14,31.15253653333333,31.15253653333333,31.15253653333333,31.15253653333333,31.15253653333333,1015310.0,51.86393311111105,7.105430856745405e-14,51.86393311111112,51.86393311111112,51.86393311111112,51.86393311111112,51.86393311111112,1015310.0,1548720.121076492,3.0267998580798343e-09,1548720.1210764889,1548720.1210764889,1548720.1210764889,1548720.1210764889,1548720.1210764889,1015310.0,100.0,0.0,100.0,100.0,100.0,100.0,100.0,1015310.0,4005.222774903991,87.23057059356631,3732.2346380576914,3958.0742308683234,4015.3124293887645,4061.924219257689,4295.485017873048,1015310.0,0.9907629298748057,1.9984024284596448e-15,0.9907629298748077,0.9907629298748077,0.9907629298748077,0.9907629298748077,0.9907629298748077,1015310.0,0.9484222552717886,0.023478284290027816,0.91,0.91,0.96,0.96,0.97,1015310.0,40.40601555553054,2.670853990528212,33.74973099650168,38.78221106384575,40.089617254107225,42.221774649417,48.49700878791583
cam1-003-000649-0.tif,Upland,Inside,65950.0,33.23197555541992,1.2354636192321777,31.410003662109375,32.290008544921875,32.889984130859375,33.92999267578125,38.970001220703125,65950.0,2.74922776222229,2.734649181365967,0.0,0.08100000023841858,2.0875000953674316,5.324999809265137,8.336999893188477,65950.0,396653.6875,188.087158203125,396344.0,396499.0,396610.0,396793.0,397313.0,65950.0,0.42655558732603416,0.2403708733425315,0.0,0.21621621621621623,0.4634146341463415,0.625968992248062,0.9893048128342246,65950.0,0.5212305479500896,0.5441871690990254,0.0,0.0,0.31147347863779595,1.039483052990912,1.9872142416154777,65950.0,42.65555873260342,24.037087334253147,0.0,21.62162162162162,46.34146341463415,62.5968992248062,98.93048128342245,65950.0,7481098.125619634,9.313296355189355e-10,7481098.125619633,7481098.125619633,7481098.125619633,7481098.125619633,7481098.125619633,65950.0,321518.0526274074,0.0,321518.0526274074,321518.0526274074,321518.0526274074,321518.0526274074,321518.0526274074,65950.0,500.3462219238281,0.0,500.3462219238281,500.3462219238281,500.3462219238281,500.3462219238281,500.3462219238281,65950.0,31.15493893333332,1.4210962456038445e-14,31.154938933333334,31.154938933333334,31.154938933333334,31.154938933333334,31.154938933333334,65950.0,51.855424611111076,2.842192491207689e-14,51.855424611111104,51.855424611111104,51.855424611111104,51.855424611111104,51.855424611111104,65950.0,1548652.1188421885,2.328324088797339e-10,1548652.1188421887,1548652.1188421887,1548652.1188421887,1548652.1188421887,1548652.1188421887,65950.0,100.0,0.0,100.0,100.0,100.0,100.0,100.0,65950.0,3842.41427617692,66.81451093870713,3744.9101233998613,3791.626567520281,3823.691277692258,3879.684210048209,4158.432140964529,65950.0,0.9907628504176527,5.551157209390018e-16,0.9907628504176521,0.9907628504176521,0.9907628504176521,0.9907628504176521,0.9907628504176521,65950.0,0.957565579984837,0.021005467029520886,0.91,0.96,0.97,0.97,0.97,65950.0,36.7067643684974,2.0714223222070896,33.99371571900974,35.132312765617485,36.02697659792216,37.88343933098372,45.10791414351968
cam1-003-000649-0.tif,Upland,Outside,1126395.0,36.449913024902344,1.9437302350997925,31.010009765625,35.089996337890625,36.69000244140625,37.850006103515625,42.209991455078125,1126395.0,0.3607993721961975,0.5659326314926147,0.0,0.041999999433755875,0.0729999989271164,0.5879999995231628,6.209000110626221,1126395.0,397391.25,285.8183288574219,396661.0,397167.0,397427.0,397623.0,398077.0,1126395.0,0.25877534508159294,0.2619364831821189,0.0,0.046511627906976744,0.15384615384615385,0.4222222222222222,1.0,1126395.0,0.21805225474915968,0.4273130172734079,0.0,0.0,0.0,0.20392985331337604,3.8639776210734107,1126395.0,25.87753450815929,26.193648318211885,0.0,4.651162790697675,15.384615384615385,42.22222222222222,100.0,1126395.0,7481098.125619644,1.1175875856291257e-08,7481098.125619633,7481098.125619633,7481098.125619633,7481098.125619633,7481098.125619633,1126395.0,321518.0526274071,3.492461205091018e-10,321518.0526274074,321518.0526274074,321518.0526274074,321518.0526274074,321518.0526274074,1126395.0,500.3462219238281,0.0,500.3462219238281,500.3462219238281,500.3462219238281,500.3462219238281,500.3462219238281,1126395.0,31.154938933333252,8.171245088408754e-14,31.154938933333334,31.154938933333334,31.154938933333334,31.154938933333334,31.154938933333334,1126395.0,51.85542461111096,1.421086102331957e-13,51.855424611111104,51.855424611111104,51.855424611111104,51.855424611111104,51.855424611111104,1126395.0,1548652.1188421864,2.3283074700606786e-09,1548652.1188421887,1548652.1188421887,1548652.1188421887,1548652.1188421887,1548652.1188421887,1126395.0,100.0,0.0,100.0,100.0,100.0,100.0,100.0,1126395.0,4018.4320468893334,107.26665134271275,3723.7991960163204,3942.753405001696,4030.811804923922,4095.427642367049,4344.111817107354,1126395.0,0.9907628504176519,2.220447034893683e-16,0.9907628504176521,0.9907628504176521,0.9907628504176521,0.9907628504176521,0.9907628504176521,1126395.0,0.9460657229479893,0.025643935288480534,0.91,0.91,0.96,0.97,0.97,1126395.0,40.821315347093304,3.181999439388935,33.58709322930321,38.49624960406021,40.57991957855478,43.43470447018416,49.4177676230085
